15762 27302
980 2996
18457 18596
6461 26905
27381 27726
16633 23954
8685 12760
3231 18987
1609 26642
20789 25734
17055 21695
5057 16025
441 25875
1056 8251
18778 28141
8320 20069
18679 18692
23102 28168
660 4742
15643 25822
19315 26787
12514 26062
3669 12561
24216 27004
2067 11261
23555 26531
8236 15236
13222 27042
3184 8220
7375 18636
24928 27196
16901 17507
424 25468
2157 19236
12356 16188
15376 22427
10581 10951
17893 20788
22379 27458
12881 15432
15282 21978
838 13165
3944 16665
13328 21029
20671 22431
4340 7484
5233 24253
11221 14431
1755 22659
6749 8690
7669 26855
3019 12689
1148 11526
618 2325
17832 22962
15463 18631
1130 21761
4448 18219
4733 8887
24340 25799
581 8770
1126 19317
14907 27705
20011 24454
10574 19557
13294 23243
7397 8034
3848 6334
8094 24073
11025 16152
2022 22149
14777 22008
8318 15609
24799 26829
10747 22278
22187 25337
11233 17830
18775 27973
9492 23371
10273 17760
14776 17173
11471 18633
17169 27247
1621 22415
1639 11529
3521 13484
6267 21166
12589 21638
4611 19523
5893 15666
19767 24947
15069 24177
2379 7814
12080 12797
3896 10894
11327 14690
7400 18610
5274 8833
4717 14968
11859 21726
4256 11486
6260 27381
14335 20049
15548 16053
8005 24393
1852 2686
2685 21857
4584 17159
569 23303
14839 23653
7050 24379
1374 28214
1921 12927
8946 11759
4551 28046
16210 17070
2197 2288
5380 10169
9307 23390
15916 28162
4518 8544
21449 27004
10900 10935
6221 23143
1858 17022
3741 6548
5087 9327
7670 12576
16656 21499
18910 25664
4543 24610
21491 25437
7386 18945
4486 8440
5403 27274
14817 25957
3059 22511
12090 17067
1258 25209
828 15258
10598 24945
3096 15868
21983 22416
8508 15952
17580 25544
11444 19964
5004 19075
13088 15717
19817 22712
5691 6869
2505 8834
6939 15962
10535 16249
18515 18595
11785 14916
11905 18636
17507 27221
3731 20710
14523 27648
2429 14437
12127 27918
18780 26258
7523 21913
8140 17162
2942 19916
14811 25330
5094 25729
9937 24381
4665 22531
11905 28158
13831 17963
11700 14088
4435 22156
3019 3793
15615 17252
6972 25719
5082 27587
2967 19675
5089 15718
5369 19216
1717 12368
13923 17568
3535 5564
3575 26371
12045 26044
6610 25994
715 9251
1621 1851
5077 7209
10366 11810
838 5069
8730 28146
10800 14706
688 24193
88 20179
17245 22425
19811 22517
7350 10061
5406 22504
7852 9582
505 23606
14375 18862
17441 18697
8954 14955
478 19346
6658 20355
1178 9574
4705 12815
7804 20016
1144 24170
23686 25608
1505 6175
8935 23196
13291 24005
16969 22516
2977 17763
10607 21171
19510 22021
18103 21904
22429 24722
3039 12800
550 22948
3923 12614
3690 15221
13778 21996
20434 27368
10023 18698
12228 17067
3643 20625
4984 27849
2045 18811
25214 25468
660 5989
4837 7484
19212 23628
12276 16547
2885 11562
13266 27296
15470 17407
21343 26753
2767 5767
24723 24782
3903 6495
14683 23358
9878 24238
6503 26414
10177 25329
10559 10767
13643 22903
4871 21917
19502 26429
3969 21464
7433 11059
2701 22025
2299 7182
332 569
369 12726
14449 24749
3130 25198
972 27063
10411 26186
19217 19552
345 22507
21163 26243
5630 7416
13906 17284
15798 22321
11614 14255
16914 24569
14668 17214
2205 16372
18302 18552
9089 21910
86 19988
5374 22884
671 10489
10602 20363
6633 14010
9973 25646
10935 20205
24638 27570
20195 25560
11128 24379
6541 21850
3823 8260
4477 26601
8846 11709
11495 19409
15211 15749
16191 16885
5998 8959
3482 27317
1178 25277
4626 17280
2304 8469
2442 17718
184 14813
6250 28268
5335 8055
8977 17478
3363 14971
4829 7488
1105 26573
16261 17456
1762 19081
16682 21326
1266 7986
6296 10489
19188 22012
9339 15179
4302 15416
805 15128
582 14575
4401 5617
5210 18050
67 22149
7571 10386
1502 11395
2518 24611
17615 24061
494 15437
18735 25917
597 1777
22460 26357
9271 20494
7020 9285
11809 26126
16054 26212
16338 27617
8137 11014
13208 17165
1 12734
14875 19127
15401 20633
14920 18019
3944 17214
11039 21849
17819 20953
6058 27819
2001 10114
7568 21789
9783 21746
4532 7557
16478 21857
8917 22835
8022 12616
10284 24804
3141 28211
2527 23892
2664 19819
4627 23144
15644 27229
1768 27328
1193 6763
7584 25623
9754 9956
2995 24716
14923 17528
10747 25306
4302 22947
13096 26588
15792 19869
13595 23830
4946 13681
15995 21043
11005 26125
4097 20939
18004 24778
9208 18823
2912 17887
15376 18507
3287 16181
211 2388
108 11345
1819 22285
7341 27118
20031 25555
11994 12875
21510 22914
11989 26784
8676 21118
17173 18251
9543 11465
24065 27004
6301 25525
4728 18919
7124 17902
18366 22203
3858 22469
7703 11104
6926 20685
7120 19644
3435 25608
16497 27005
7610 13193
14970 19611
8799 14467
5989 21053
20958 21118
418 24916
4316 4849
5693 7571
1386 15182
8616 16218
24406 25534
5412 10150
7866 27555
18541 22547
1404 8737
3167 27190
6078 24717
5710 9949
21966 25472
12403 18237
12956 20355
4701 20884
11216 15327
7987 8317
2189 27185
21411 23655
6078 8973
2834 21447
1586 9234
1138 7354
8088 19678
10792 14973
4024 4448
4468 17146
9335 11552
1434 2527
8241 16131
6914 9793
15679 17714
4074 21165
8826 17788
11315 15712
4573 23970
8912 13516
8082 14994
16942 22744
4642 7632
1255 1358
25531 25838
4423 9170
19147 26751
5623 23830
6618 16567
10939 17420
12241 15030
7222 19244
8956 27769
10556 16006
6763 7246
21811 27080
13193 18565
4983 5597
3108 3734
1534 9920
16984 25309
17819 23521
25432 27129
6480 27508
2040 24817
15259 26161
7984 17538
10800 24543
7124 15201
2961 25451
12634 14639
1141 6174
22688 23686
1833 5373
15282 21829
6379 16309
3726 17803
12839 14052
16509 21079
18684 25468
17743 19169
14129 23995
3946 14969
2125 20866
8089 25838
1830 18793
11802 12902
20115 27660
19493 23146
1699 7896
97 16385
3886 23748
7741 18903
10837 21582
1621 16629
7953 11965
4324 21246
18409 22245
10148 19078
10152 25009
3287 22392
20931 27129
12864 15952
6295 19882
1240 10048
865 6355
17679 18533
20975 24379
10646 20132
18454 24543
9915 28044
8755 9732
4689 21667
18662 18953
10937 24241
8432 9428
2029 5562
1180 2344
2837 13961
13853 15868
11703 17999
3121 21139
6377 7097
3585 19253
21233 26955
8055 27550
15058 27967
3736 6065
15722 24589
3084 22297
1290 15245
711 9621
9572 20109
3383 20041
1970 16006
7042 22240
3362 16953
6931 9018
14200 23651
15425 15992
6809 8593
8067 15177
6164 10326
23085 24939
10951 12369
7169 19731
1347 22462
12097 14431
729 13331
22184 23997
7145 18955
1900 13115
10476 20770
7721 15253
6116 22328
6301 24629
25245 26877
8510 21862
2304 26159
11082 15866
10711 11821
1606 16972
7463 10496
23119 23935
17119 19748
15143 26924
8426 15959
14335 21789
9371 17356
5984 21638
6609 15457
11229 11718
6156 18870
15832 25507
220 17938
4439 15074
7755 20233
8931 23085
6208 24680
3253 3306
16500 26538
7523 24061
5418 22596
1674 18014
17370 25397
3523 16564
1181 25940
21850 24393
8801 13864
3884 17851
17010 23665
11311 22319
8719 21410
12590 24787
10837 14534
5636 27373
1655 12929
915 18294
14744 18560
22473 24681
14057 14568
11504 26588
5001 22384
843 22087
6103 14907
8151 15282
1477 13908
13789 15973
14523 27700
13161 27914
18430 25442
3 16049
7961 26410
1917 22492
2844 10167
5155 16368
3080 21944
18755 25762
7668 24659
8941 9776
10584 19313
1817 24752
2957 26197
2557 18658
16720 24561
6968 9080
6506 23408
15108 27715
9829 24660
12506 18304
24395 24643
5584 25285
7214 22785
1211 19662
10747 19957
6257 18704
16036 22184
12369 24776
476 11111
23836 26457
5316 16351
8905 13364
5262 26503
8122 22787
15883 21854
8560 21450
5651 7162
4039 16197
11080 21044
10019 27033
5609 10982
15928 26753
13500 16240
4454 7701
11216 16094
3323 11274
16209 24020
5988 16197
495 18679
4623 15705
5325 17963
67 13240
7149 26351
13832 14825
9710 19743
20671 24061
3259 8175
23989 27544
19221 22579
8383 23430
11985 17730
2474 14783
17407 23269
731 7390
7289 17060
9639 18082
9253 12792
10937 21768
5943 18760
2198 12363
1109 2412
4409 20522
3779 5621
14282 27954
2276 21904
20558 21470
9738 11854
763 20875
8384 18521
2227 7568
4439 25881
6126 18050
14314 17957
3521 23365
23619 27306
6983 15986
13780 14453
13414 20547
4211 27913
11366 12529
4142 4165
1074 22388
7358 19893
9356 23365
4444 11779
18131 21240
5484 9236
1494 20182
2677 4715
5946 26750
10205 13599
5452 15660
2812 8322
5295 23108
4630 15866
14325 17455
8139 22875
1499 2583
10641 12090
12529 13756
245 19612
2968 15802
7390 23274
1852 20719
17054 20795
17761 22905
18615 22848
86 1613
8622 19670
14862 14957
1574 3383
3553 12070
292 1431
17992 27240
9605 28055
22200 25519
2764 25559
3331 24601
12935 22894
18425 19200
10033 17846
7355 22493
19500 23997
9226 18823
22449 22784
4282 25276
11973 16915
4394 22227
1936 17020
6942 18202
10101 19091
259 20754
3156 6402
2667 9654
7301 22955
7016 25245
8223 18665
2172 20565
15088 25329
12246 14923
28083 28111
22278 23418
19393 26531
13992 28108
4190 22737
16194 23836
5989 21692
23372 25564
9574 13150
3022 25773
12762 18078
9252 13155
3910 27702
8215 14333
20953 23361
8411 27896
12900 25524
4581 25433
1621 24069
2863 23147
3821 4107
5769 6546
4004 12743
8893 20021
3848 17472
3125 20744
5585 24756
1093 26580
26774 27706
13620 27495
7354 20138
7370 21515
10446 21855
15003 21014
11059 17054
7110 8416
356 5930
10242 23713
11796 23773
18910 27328
14566 27963
359 568
7262 27375
2640 14803
18712 20340
9899 15957
1622 11552
16351 27660
3944 18891
1770 17515
17377 21328
1234 19730
21798 27337
23558 25726
8183 26021
18234 27273
10935 13810
11853 17941
12045 16174
2340 2598
4946 20553
5166 16584
7 9443
1776 5041
20771 26098
11012 24219
3997 19336
11369 23424
10602 18921
22515 27490
3283 21270
9794 25074
24152 26755
8402 11552
18235 18529
4633 25935
16338 25610
561 26689
4178 9569
15721 21766
6514 16425
17603 25262
9078 15354
10160 15672
5031 23015
11700 13820
165 5701
3631 16336
11041 18033
9510 12692
18133 26038
10219 16989
5115 12538
17541 25273
5301 26905
12711 25084
6709 26107
10859 18761
320 473
24 22558
20564 27218
12737 17333
25140 26503
4534 9160
3414 27684
4886 16351
8850 18211
9302 20696
4006 22160
474 4476
19033 20171
9560 18265
2093 7015
20775 22981
8781 17823
8705 26592
347 23020
3772 11456
71 22287
183 23060
17909 21881
3762 9550
10350 22212
1551 4349
8054 11296
5751 8209
3110 18056
4582 10343
8679 10826
12451 26127
12868 20282
10399 25617
26968 27469
7139 13185
22168 22714
12399 23345
10216 14665
4237 25810
9736 18924
9413 11180
23748 25081
2965 19565
17593 20813
1762 18414
1852 3622
16455 19443
17150 18874
8667 27502
8733 18938
234 19827
5984 9215
7802 10254
1269 3805
5008 23929
11535 18768
1978 2197
6497 26753
6228 15729
2067 6009
1589 4720
1590 14519
3625 4256
8098 23727
12954 24061
16582 21925
9082 18169
9632 25660
383 1925
16939 19968
3125 8420
3901 14390
8520 17073
8469 10370
10942 17770
7023 9033
12440 24049
9638 15792
14167 22714
13093 19167
9250 27625
18920 28014
15250 18718
6517 16232
14757 19124
12327 23366
22264 23640
13091 20402
1213 14538
7490 14922
721 18354
5528 12994
2270 2518
9148 27567
8245 26908
554 23633
1888 12792
12296 22735
18717 24216
21077 23822
23619 27841
6722 15593
1251 1424
4956 26544
4724 15549
957 7522
14051 16152
21962 24379
18041 26725
1 11558
3634 24042
5876 11746
11266 28255
10693 15939
18939 20024
11755 24952
19294 25176
6004 14713
10643 24876
18904 24168
1867 15298
4361 25032
14577 16667
23265 23626
8067 17629
904 17046
6868 21891
9689 22416
4086 25265
9524 22365
19177 24521
16401 20258
2956 8857
6615 14427
8624 10691
5620 14024
14941 24419
1435 12049
19398 25156
18724 25397
2453 26340
5150 20627
2718 5298
30 19375
18738 23586
1178 1745
18931 22285
674 9462
6453 20021
11144 11229
14546 18001
1411 4227
4142 4519
4298 23298
12218 15446
867 1389
685 17292
11154 21855
3421 24791
4701 17568
8458 23479
3994 5733
16386 20339
16233 17657
3175 9864
3020 7963
12754 27279
4158 22653
7927 15376
5386 20307
21773 22393
17501 17543
6738 18502
17111 27495
7555 21805
4080 7678
9136 27208
6868 10900
5918 7977
11692 17965
4671 9835
19717 24211
16083 17576
16142 21497
22323 22454
1154 4218
9478 17567
3033 9710
12429 15247
3488 20424
7600 15676
1013 11292
11066 17803
10243 24105
7538 17198
7438 12076
4287 17773
24637 25090
5583 27594
1110 10091
5434 26737
18988 23683
15201 19086
5169 9833
3225 26698
3236 5712
4110 27451
1392 19948
8434 16874
12792 18920
1106 11315
731 17611
3336 15357
5493 11113
13936 24373
12906 23549
4295 18371
997 4029
9701 22136
13419 14155
1597 28034
2015 20205
5540 8058
15851 22655
17152 17767
1015 26554
14010 17220
18785 19496
11282 13080
12052 19670
7342 22426
259 2387
24570 24844
6669 16136
3915 17479
3572 10637
15048 25411
2418 14033
10393 19705
9696 18985
6220 12043
17095 19716
14915 28027
17071 24412
16666 23234
457 4834
9406 25701
8515 9260
9933 15317
5587 27677
6914 18437
7634 26404
13232 19068
2381 13253
16046 16193
11859 24028
23241 25338
7058 21704
5396 18190
9004 19706
5648 19546
8481 9294
15779 18070
1465 5100
13686 14464
3435 17647
4093 20950
7136 27205
23577 24720
7995 15874
1365 28060
4690 22399
8070 8825
6050 26011
12331 24319
942 26265
2170 15985
17604 17916
16984 23831
13516 26003
4218 26167
6671 9586
2087 9194
3490 15442
8209 17094
16588 25761
1878 15687
13778 14997
7668 24216
24428 25262
1948 18909
835 22877
7420 22256
13362 27617
25944 26265
13890 20857
18891 26559
10953 27451
3378 14555
13219 15791
446 5977
15723 24322
12284 23767
9850 12606
10255 16594
17108 27886
20087 24905
5502 25805
10541 14063
15091 18784
6868 25067
1748 16963
6158 20760
19068 27785
78 10564
11049 19320
5689 18533
9047 22508
14057 15030
15467 21527
3709 15503
6929 12968
11652 26739
1672 26147
11069 14781
8810 17938
8140 10426
6677 16092
11647 18921
3727 11472
14247 23847
606 18885
2186 4211
1196 13271
2758 14267
8650 22598
10741 16989
1680 8377
2938 9043
17465 17977
7567 16686
380 944
12122 24646
8555 10653
16915 26845
6454 6625
2989 6597
23260 26899
3885 6657
10951 27835
14249 17723
2410 4819
8924 20712
11576 22549
16276 21275
3493 9282
1448 17483
3734 4132
983 18113
4535 12489
18927 20162
2776 9803
8508 8893
15068 19480
20568 25314
24610 27387
11094 22649
16833 26517
7404 16535
11694 22279
1050 21408
4314 22063
26469 27157
7975 16905
10808 14014
24640 25986
10881 18274
17287 22581
728 12183
4655 23952
8287 15867
15537 18565
12679 22025
15662 26367
10281 14886
2782 7597
10593 14427
1770 26880
2628 22186
13564 27300
4540 8963
11107 20890
4581 27150
18600 25259
17501 20875
6576 9424
18577 24823
955 12602
20076 22867
6925 8899
11298 24418
681 5665
10848 12068
1727 11368
2124 11494
3488 5196
15897 16061
1356 5618
14726 16511
3146 20873
6557 10187
1948 25146
14359 24659
10974 23983
3240 13978
15682 21038
15983 23066
7108 8627
7205 25699
15708 21380
11781 12274
2764 16603
8924 10333
26053 26173
9399 11282
6220 9761
11282 21315
3465 5352
23639 24943
7758 10205
11513 19909
7881 13173
2872 6972
15911 16674
3767 4542
2617 17782
5280 9614
3359 10549
7219 12073
2333 26680
6966 11261
11751 22112
2724 7002
2424 14309
8856 12566
226 3807
14193 26546
1755 14731
939 17108
9803 17259
14317 22790
2605 3874
20633 26727
4269 17173
18831 22426
18308 24061
23082 24222
17180 17703
16313 23644
20480 20558
12249 17734
13363 13373
23963 27034
5016 26608
4189 14813
18819 19183
359 18521
18262 19273
5041 12116
10282 17507
8906 25644
6077 7909
660 5309
3635 27301
5688 8750
16850 17575
14513 23069
19293 24552
14392 27401
1767 5010
15964 17422
7194 22954
14873 23995
14955 21505
7926 12602
5984 22234
16054 20495
3484 12551
1185 13697
1510 7987
3805 4144
13247 14519
5433 13233
13866 19690
14308 17322
327 25962
391 864
3532 5493
828 27917
2262 22046
14944 21746
5791 8251
457 16686
11128 27835
3643 16964
2617 17739
9214 10455
11748 25159
11539 15214
2462 5178
18541 26077
4092 24287
9798 23934
9729 27843
11967 15529
2986 19771
6637 26207
1614 13534
10621 21620
7987 15996
727 2596
3383 18745
18406 26327
850 1659
3644 11261
20831 23767
10483 21621
10801 21516
3636 16259
46 25638
14137 23733
9216 18947
15561 24100
1808 22517
18371 19197
19115 21886
3631 11230
3069 8667
11344 21915
867 19203
22591 28134
2954 18738
4695 23640
17220 28044
11467 13817
5371 11212
132 25597
15727 24280
6446 23445
6785 26481
160 4862
21675 25849
9550 12214
2263 18004
1978 3589
9019 10115
3707 18658
11731 18046
2832 15829
21056 26074
11228 13429
3160 10447
11431 22404
11610 16901
19489 28112
769 14817
6029 14913
9635 17748
3421 12043
1777 9416
1882 2268
4581 14311
19139 20460
5246 9452
14402 15275
2646 4223
10844 14261
9730 17408
13175 25876
10508 23698
9482 24537
5862 6278
10767 14239
18384 19481
6550 14604
11112 25923
7081 13697
14146 25263
4329 5507
1961 16364
6495 17232
9575 17632
9915 26554
21242 23535
7205 14657
4269 20953
9095 11815
8410 19291
14400 14443
3612 9688
8463 16362
20298 22430
1710 13231
1878 28049
10894 15549
20365 23341
1399 14753
11989 12957
6993 23854
3296 11148
3247 4408
2358 14954
867 14364
7410 11809
3206 19857
3793 10723
4295 11491
10335 16808
1 1370
3469 22498
8898 12769
4672 4767
16979 22621
160 11484
1878 19813
1379 3878
11295 22606
7820 14445
12066 13160
15345 24674
10800 22785
7592 11814
5749 28013
8753 18367
5078 11255
5485 13234
745 24931
967 23665
2427 11490
8870 15853
1787 8581
3380 7828
8528 27659
7114 22449
14794 15282
8500 15302
11006 22311
7942 12881
3593 14437
11036 17048
12523 19646
3165 17615
2339 21857
1086 14971
15416 15978
751 14084
5435 21631
3287 9568
1374 3349
1197 24729
5207 18037
406 6626
25425 27259
20836 28194
7979 8112
7830 9222
14767 21962
963 20328
6408 22012
1662 16457
867 3141
22941 26053
18154 21309
6301 19501
89 28238
3262 20008
12942 16695
569 10653
43 11484
7695 21257
2382 12006
1993 3706
3818 8074
26896 27853
4901 7033
25172 26366
972 6362
220 7360
10930 13023
5222 5359
6574 16403
9182 10832
577 19140
1112 20695
1211 12576
7586 22884
14576 20310
3576 6616
11953 12214
352 5284
3892 23600
14798 18999
18160 27228
7085 12965
1607 12239
1622 16628
4415 27559
14104 25343
917 14471
12093 14520
1609 27821
6446 14843
24811 25358
7383 21125
4556 22869
1686 2627
6166 23730
6363 11307
22804 23932
1343 14445
12977 25629
8302 24747
22440 25666
18369 21980
7111 8654
2621 15611
19177 20402
17735 23978
12819 15610
364 2427
13343 19982
11450 27905
13456 17906
2983 6722
609 25301
6377 13527
18670 19672
11777 27807
20636 23023
1979 5436
5587 20891
4316 6349
10929 18173
7138 18154
14555 26269
11747 13505
421 14358
8470 16509
15792 15856
421 17601
5978 26879
14857 20222
3885 20302
5372 19576
3873 12956
6812 15388
9294 24062
16687 27662
3790 24047
15634 21631
25112 27111
20387 21149
11158 20422
180 18216
10287 14957
12257 27569
2635 26503
7773 8063
10326 27882
11158 28002
7071 13356
650 20562
4242 24164
22278 24586
3299 12320
3712 10156
6177 26593
14104 22857
8811 14160
5249 9354
21635 21656
478 14657
20258 20554
8785 27969
16772 19852
250 9677
10075 18573
3539 11092
7956 16489
4091 26186
8073 27016
6231 7846
17264 22018
10085 14167
4925 10731
4646 22527
3090 12114
3337 21893
7987 18669
12794 25432
4422 19740
3401 9851
15756 23424
14203 15928
7523 22379
10225 24127
10737 22253
3126 12417
8001 24952
11052 11573
5288 11486
1893 8108
2721 21248
8102 20543
1308 22563
18497 21410
1629 11581
18461 26406
4974 28055
5413 10419
7668 14104
14954 23372
1 26277
20628 25797
3338 10320
97 8407
18259 18454
17910 21923
11106 22855
6994 18645
7767 24232
8514 24559
5433 12316
24983 27516
8467 17250
245 16582
19352 21000
17787 19723
11537 15844
17923 24041
16181 17649
16527 20577
5455 21391
605 23472
2470 21987
10088 17437
13142 21893
11296 11535
9207 10302
2961 6770
7396 9391
19482 20053
2520 6842
9708 20144
2373 5271
1698 24145
12759 15233
5655 15112
17075 17368
4216 8583
7003 27795
2065 17615
20639 20891
788 21692
9990 26635
7306 15738
2124 7202
7420 16985
14604 19668
19299 19641
16767 27470
14772 21503
10137 11900
14140 16560
3420 22038
10646 22630
14398 22060
9980 21991
1116 17248
11013 18247
691 15687
16972 26079
8471 19458
8103 19546
1 28238
853 21982
4946 15429
7945 14042
5486 16641
303 21438
8964 17509
6215 12949
10800 27013
898 10496
10199 27458
1944 24309
406 4519
9698 26864
19447 28163
13055 25454
19424 24904
8469 15357
11484 19607
1445 25129
22183 25437
10346 14490
2212 26400
3210 21623
1361 22352
22646 26270
16112 16624
21149 26405
1025 5241
19325 23081
3648 22026
18481 19140
23254 23679
935 4494
4728 8082
14655 16046
148 20634
11023 13294
2556 25260
17347 20737
25815 26162
16959 23452
13796 14887
9696 14378
2018 17662
5415 21610
6227 10243
10407 23525
2530 22777
14242 28217
4244 6973
4968 5201
15496 26695
2925 10068
182 25152
12945 17383
5617 7354
6268 19287
6902 17539
10559 26167
13426 16154
15610 18808
7401 11590
788 7610
933 2632
1301 4021
2874 4563
5550 10450
5620 20119
15442 21438
18020 25341
13679 16288
7398 19219
340 22216
10714 20887
7783 26189
7608 26665
16286 17739
12076 26087
6924 18398
20116 27464
20579 23921
11162 25181
15252 24836
3666 5416
22309 24279
1878 24068
820 23338
25879 25991
3961 24080
23579 25399
11997 25146
861 12763
9695 22084
10618 24546
12479 24288
17222 20179
9115 22259
14731 26244
10036 19368
10432 22230
2113 17203
19616 27982
7725 9358
6728 22835
4367 13847
137 25927
406 26053
3734 26189
7183 17637
10016 16490
12952 13367
29 10740
2037 15210
11773 27223
4505 9885
17671 23237
8821 12294
2452 18738
14534 26518
6848 12049
7067 8829
6094 19033
4065 16923
14555 28242
2259 13343
5786 18287
16430 23438
860 21973
12852 22319
18867 28056
1140 2406
10015 16656
14912 21766
5204 5827
11207 11597
8081 19584
21984 25475
5134 27393
10601 27560
5710 17320
12658 16965
10632 11943
3071 18259
12665 23800
15402 27190
1124 12121
15983 17211
18593 20625
5540 16386
9166 10137
18249 26091
3438 21296
12551 13267
36 251
25155 26522
8159 12252
14429 22239
6517 17146
6221 20480
2694 10188
4669 16328
4763 24171
8655 11791
4024 15616
6734 10881
6045 16456
7403 8217
5145 14553
9408 18741
4471 25970
9337 17818
25402 28147
2606 4732
10726 12424
281 15754
14947 24771
10874 25397
15964 22785
5579 22340
3437 7711
16600 19533
806 9236
3650 6818
5336 7975
15755 23390
14815 19133
7277 19324
8523 24876
7410 12218
18277 25556
14411 25241
19322 25108
5979 26663
5023 23310
4037 26373
16142 22612
4570 19611
2396 8391
6426 10800
8972 22750
11290 20008
20758 21473
8479 17846
17481 18823
17593 18304
9252 15083
5288 21473
12910 20164
1052 9536
24105 25294
23060 23707
4719 27279
16149 23467
5731 8992
9747 19169
10712 17291
3449 21139
4164 7650
4216 13188
8828 13568
19437 26916
5107 16806
10309 21766
7647 10350
3609 9830
331 19367
10275 14648
17449 24103
21815 27867
15573 17977
3805 17302
23143 26031
7328 25362
5042 16681
4580 10393
16689 24783
12579 26731
9496 22981
13810 20195
12244 17219
18818 24854
20984 25552
15597 27300
16972 21163
4937 10646
14145 16369
6717 24221
11080 22824
2189 16529
5797 16106
10321 16524
3872 17214
9396 11849
2602 17047
3436 23474
495 26311
17054 19745
3871 10531
1414 3639
799 6105
17220 19370
14160 26888
9804 12784
7965 13780
18318 20586
1489 10415
425 16402
17358 22568
9262 26769
11614 23197
19858 20470
10704 12945
16114 26409
5130 17437
13093 20200
4282 23892
15141 25901
4680 20220
4245 20634
10215 27557
1050 25499
7590 11262
1775 13343
12155 16276
18255 26721
1541 13186
3401 16016
11047 13520
24575 26643
10792 19787
2986 12726
18265 18947
881 24589
12260 22080
7397 11513
23628 27274
24241 25810
2721 5941
19348 24104
5296 14618
14824 22866
11516 19123
17087 27034
3927 10996
2176 24299
622 12356
23619 26471
14633 24576
4886 5496
15530 16821
15985 24395
4295 7625
15263 22512
24908 27912
8455 25163
1651 10874
4162 7127
15363 27761
16760 22811
21353 23749
1878 26946
1580 7935
9098 27761
14727 19251
3287 23964
1106 23623
5472 24855
7005 25409
18965 20026
5984 8493
12388 20606
8138 18214
3665 7153
15348 16002
13032 24062
8833 13585
6155 25590
15298 21359
16488 21480
24577 27827
2026 9542
1178 19442
17657 17696
2985 27967
1155 5485
23 26961
12920 27143
1589 15336
16686 25229
10047 14987
26087 26973
14748 16905
7758 17727
6682 11168
21383 24848
20288 21815
22046 24422
972 13717
6798 27418
393 9025
7582 16702
12663 26173
16301 21920
9358 20282
10831 15534
14041 17981
13114 27712
12062 16793
8285 20104
27160 27328
705 5166
1574 22115
16092 25715
3609 14309
3201 10763
7488 15913
15749 21229
7416 26601
19785 25330
2664 10119
25711 27795
26836 27659
10574 18644
8703 20758
7760 13527
3729 25285
3483 27483
1435 6309
10189 18411
1229 7214
10618 17252
5055 21269
13091 16582
4598 5751
20373 23628
2872 23736
4618 12892
5327 5595
8982 22445
5122 13173
11076 23829
257 17304
7289 23372
9150 23318
26372 28263
8502 14577
23016 27016
12363 19326
14825 14958
7923 17998
19195 25270
9484 11688
5263 9152
8666 9835
11044 15428
7120 25412
1306 25810
4434 21285
8913 26691
16220 18760
811 22810
6832 10128
6672 22471
8368 17027
22564 23034
4096 19119
2782 4689
7916 22517
10900 24425
9532 15711
4531 4532
9352 11764
25160 26721
1672 20900
9944 23097
25006 28267
2759 27616
1379 27634
10242 10952
10086 26643
23365 24415
2883 26168
11902 23967
1840 15687
11100 25090
18122 25329
2518 3892
16062 25544
5716 12945
3393 12309
7384 27908
3867 22285
2434 7266
14464 25229
7877 24040
1502 25120
10082 17173
2110 9093
11130 18310
1423 27810
11994 24451
4949 10106
7053 12363
788 27841
3593 14064
11416 20092
10 3818
4066 22721
799 27355
7888 24814
10607 27905
2470 26503
7296 20368
14591 18588
708 18220
2429 13360
6595 11989
6832 16560
7624 12234
24780 25950
1391 23279
10287 14055
4113 17710
22565 23392
8730 13001
3733 10197
15772 18435
27758 27966
11409 17423
814 15743
12090 14835
6738 23016
8178 18595
21000 24905
15298 15597
8327 23194
11636 24166
10254 23178
10179 10794
13142 17941
2270 10015
3852 13699
10701 20723
4600 27810
7974 14227
15854 26150
4314 8343
19169 24294
12618 17383
19797 21633
437 20204
15344 25415
12028 13983
17852 22323
13981 23279
10011 20814
3463 9907
16152 19588
8081 18027
16695 22006
5557 18592
3457 24707
5961 20640
8394 22091
46 26019
18211 24148
3441 10961
5 28065
8298 11907
20657 21446
6609 23978
15493 28223
5030 9164
6746 22973
1794 20201
6190 25059
3874 22200
19093 23857
1687 6769
23626 23722
4519 19457
17245 25953
13600 18592
1373 8416
10646 22615
11059 16695
4440 21025
15985 19704
23628 28211
13158 16818
7019 7437
7935 26689
5205 15419
2727 10269
3700 16706
3146 10233
1133 5767
10495 14553
10441 22340
17353 22421
3169 12886
5065 10833
40 10535
2593 16150
2210 22180
1530 6789
3788 18776
764 23499
15854 20843
3654 21405
11296 12451
1727 11988
12244 28211
20573 24618
18721 22688
46 18949
7313 27569
10849 18634
8799 19345
11200 16487
1953 2213
19269 21240
11859 23983
1103 17089
8891 16276
52 9263
9858 10846
7031 26827
5485 17963
15280 27154
1031 27298
7111 24910
9250 20010
4515 10484
10211 11260
10127 17782
2 10082
12693 25666
7413 19477
18041 18575
2786 8400
22230 22421
22071 25813
2027 4365
8924 14867
5496 20314
8511 14879
8914 15036
56 25008
17273 27841
17 450
9751 21653
8654 11798
359 9239
27825 28211
3346 6377
6633 17787
14023 19712
3597 17513
8605 13247
27702 27969
3564 14494
4282 22319
10160 17100
6789 21462
7147 23788
20627 25822
2641 16333
10438 24127
25623 26787
2778 19351
18092 26331
18514 26947
20162 23392
18941 20947
12411 15577
3598 8746
12491 16300
25053 27445
194 7381
8588 10407
974 15435
4563 14795
7374 11946
8757 18777
515 9403
10710 25687
4919 16430
11095 24886
17037 22901
2518 24127
12228 19982
14257 25127
3789 4408
3872 17239
4181 9756
11093 17322
9676 15623
430 4840
24308 24882
3967 23696
481 9490
19176 23292
13078 19835
14777 18573
1055 24053
620 24676
17020 22847
21443 27598
9632 22230
16038 24955
9597 10027
5197 22857
17056 18369
482 6633
1230 7820
8507 9696
3634 26094
3593 26943
2664 8416
7623 12111
10971 22265
6842 21960
8835 16189
9567 25329
5691 27458
19233 25849
14413 17399
7390 20196
18306 24299
5832 16389
15752 19975
10735 13889
4246 25384
1293 25342
1438 12799
3545 22849
205 7277
1143 28044
20726 25278
2985 18160
7011 26554
1232 1689
967 4209
12135 17963
12257 14072
2506 18369
4853 15926
6801 13468
14233 24886
17237 27772
14033 14772
8323 25329
3598 10935
9189 24746
2293 16848
6026 14689
1470 5768
13383 15928
5956 18720
2719 9689
494 824
7228 25712
14145 25564
3242 13421
19138 24297
19409 19981
3533 7893
5558 8056
12506 22528
8264 18308
17318 27206
9231 27898
19892 24069
673 10981
84 24954
9256 22316
605 13434
21875 28003
7755 12388
11696 18736
8005 27353
1140 8263
7390 22387
22987 26044
1852 15410
14426 15452
1067 11953
1155 14971
18051 18196
10715 27467
22425 28166
8069 28172
2246 7330
9523 10992
6205 21438
393 3944
8167 15429
23113 27019
8096 24444
25894 26404
6493 10559
20469 22320
11610 15343
13091 17965
3582 24551
21436 26803
5004 10170
395 11484
15052 22317
7925 17105
5394 13770
25006 26358
2708 22995
16035 24023
7481 9720
1365 24806
7373 12081
7723 16525
10585 25482
103 16228
3983 16901
5669 8299
21768 23273
17980 21636
2518 10286
616 16946
4853 14604
3472 27614
8982 26101
17817 20321
12606 25343
2701 9572
957 14464
271 26736
14140 24698
15437 24389
18457 18703
24139 27949
16284 16334
14046 19960
606 12286
7410 12956
521 15561
2719 3539
17258 23297
5691 26167
7802 18743
12244 17559
16748 17025
11436 17527
12207 18578
1878 12594
3634 10916
107 5004
12424 27263
17209 25092
7609 23185
24282 27543
1247 7888
16888 21938
812 25663
21107 23590
14170 23783
12433 23200
23932 27569
3179 7737
13454 24058
16544 20340
9541 14638
16906 24659
9316 26167
7641 11731
11193 24861
11383 12369
6552 20195
10298 27382
15978 18697
23759 25401
3851 10240
7915 18531
15091 24697
11235 16398
4872 23464
10603 27977
13991 25735
11795 27703
396 13984
10652 22871
9210 20359
3233 12155
6936 9153
8388 16887
15578 20666
15637 25900
4695 17687
17482 23143
8463 25557
4326 9487
11335 27720
19347 27497
948 7031
16910 22954
8041 16638
11361 16947
1049 18945
11473 22292
3052 17507
17455 22259
4643 16666
12939 13628
688 28127
814 4831
11916 26974
8944 15189
1439 19630
10388 22186
3609 17930
750 20259
10650 16276
17112 25966
1999 13899
16722 17846
11754 28194
2933 24069
13656 19884
5781 6333
12850 17861
18704 20476
1713 18920
17727 18211
8654 18145
5584 20233
406 23365
23236 27759
20494 25343
12361 14604
1888 9253
5065 6517
9942 14484
4507 12655
1707 2291
8081 9521
911 22464
21000 23278
705 14658
10378 16377
9851 20950
11045 27190
12064 22373
6282 14555
14327 23759
11395 18618
259 7977
7343 22960
24246 26409
5438 16887
3580 10197
898 11847
25214 25711
1850 16071
5859 18369
20985 23399
1593 21291
2406 7484
3666 9408
9747 21115
3320 4557
18850 27664
2670 27923
3878 9604
18651 27458
23566 25729
3992 18018
941 21173
324 8818
9708 13769
4646 22980
9584 14352
5531 13661
4646 8125
17956 25097
4824 8565
4326 11994
16291 19398
5699 25735
10727 15467
4512 27607
8057 10034
19073 22945
1103 6609
4365 7623
10971 26077
12320 18630
10046 24450
2141 15778
4450 20498
11545 19188
15094 23939
16949 26005
16389 24332
8756 26737
5850 13945
1392 25090
15248 22841
12459 23420
7926 23807
11809 19548
11080 25283
6437 11952
3329 14497
15452 23117
12383 16094
1622 22226
2865 24160
9617 27627
10173 22635
13373 16671
7610 22255
4871 24299
21248 21696
4275 7513
16058 17076
118 26618
14827 25584
7575 19110
600 23609
2304 7789
20417 27520
15765 24538
7564 11681
15918 25504
4253 27490
6072 22153
7234 18549
21882 26707
15102 26745
4061 25855
16263 21147
7673 23798
25349 26727
2185 24105
1936 11078
16194 19898
809 23469
406 2841
11571 13789
11325 21438
4699 13437
8974 9795
11098 21327
17541 25453
2936 15404
18584 22399
15766 25094
6177 7793
24427 24488
2880 19130
2289 17441
20354 21215
5528 24611
5989 18437
2533 22947
19468 20114
10050 13682
15977 17304
75 23722
7600 15561
6144 15453
840 5070
24082 26770
19445 26194
18154 18525
10563 18400
178 25112
15549 20749
6779 8396
243 3041
3106 12163
14564 17676
9412 18474
1900 25262
13391 25242
2637 19222
10311 24023
6148 24081
10701 20824
10393 22046
6879 13513
8770 11953
12318 15894
4268 17276
17350 22650
300 3366
4551 18211
15130 25160
15549 25735
25902 27820
13794 19140
4830 12016
3724 18568
11350 25270
9878 9893
11009 12460
1748 3002
4591 7798
17550 24104
8787 27173
23657 25173
11230 22679
2767 22322
10132 28049
7849 11365
8550 14155
11982 21094
625 3650
10041 18784
17593 22222
4026 23670
5485 26090
7075 10868
7297 21079
8886 18764
9533 25740
15792 21707
16814 27562
14645 25920
1234 9327
8566 19941
11484 27021
15924 21372
5635 21436
11746 19969
7185 19982
4238 18046
3762 11406
6902 12879
8040 18554
12244 26737
13939 19761
7403 9885
11884 14240
4352 26740
11595 18045
1622 9067
1832 19359
13211 18412
18406 19068
1080 16904
10662 13649
3554 5978
6263 13187
11300 22751
23373 27659
24950 28166
10209 12801
9 2542
16603 23029
7458 16547
17070 21053
4162 26904
18927 23864
891 24884
6023 14389
4586 23087
3938 23473
272 8899
25468 27458
1665 27490
5007 21026
13625 23075
10 19601
18497 28168
8963 14748
867 14076
9231 9639
8964 24939
13484 14999
2187 5296
15298 18251
13364 22565
12929 19548
9077 11479
2841 10156
10603 14247
17565 26584
11056 13278
3590 27728
16157 16644
882 7042
1942 10971
16851 23573
278 14611
5637 19091
2363 7492
2722 15195
2046 21831
19615 24924
7386 24279
2801 27086
1 22616
7793 8846
18253 18457
21536 25483
9543 16905
7375 17214
15620 18541
1864 13193
705 15291
8824 10112
6775 21423
24444 26197
14471 21410
1613 24603
5867 18962
15443 22182
7478 12356
1814 3000
13036 16900
17398 26013
12331 12542
8294 19909
18392 24218
4782 17898
14532 23399
12804 15642
7131 19712
1086 22977
12357 25293
2686 25214
1340 10625
13277 16001
22565 23149
9253 13756
7478 27810
6879 26043
12444 21727
8478 17742
5042 27117
6098 24539
10061 23115
10506 25433
1104 17604
16578 25868
1058 7524
12468 25876
17246 20409
7987 20886
634 11541
1590 12731
26763 28264
1050 3894
406 2610
9569 24637
10301 19216
1942 26564
1572 13174
3354 24659
7365 7429
13152 17742
8437 14133
1535 18908
1411 4574
2740 9487
1153 7674
5659 12860
11262 13038
5481 17857
11700 14487
16884 24674
16766 19493
20782 21952
7256 27696
3421 17181
27705 27895
545 1279
4823 17599
1181 9397
2947 3741
4355 6419
20210 23963
3762 3788
12965 23672
9915 20667
19018 19560
18416 20289
16855 27087
17303 28147
4933 23930
5069 8376
19717 24157
9996 10230
5053 16957
18557 27545
10919 11380
1715 13328
12193 28200
23497 24222
7105 8605
6180 27221
4504 23754
8715 12291
21654 23106
7033 18152
365 25435
10512 17644
3997 8806
4047 9422
10800 25468
14096 24027
4175 12271
17032 22284
1871 2087
8291 22901
14561 17726
1755 24752
10841 21036
10075 20625
12397 20908
17198 26946
828 5389
5890 28272
13286 13428
11604 19216
7721 12298
4126 16713
4742 22634
7982 16679
10647 21849
1588 27685
3987 9116
4323 14010
992 16739
21083 22469
3059 18717
7923 18168
3634 19137
1852 15271
9575 26677
22340 22954
3819 11406
22102 23654
7645 11677
15834 22892
9125 18622
22311 25743
19941 21260
4009 9720
397 16238
245 2274
4442 27951
1779 16984
2954 13032
14604 27352
111 19653
7550 27886
334 9959
6680 17058
1951 4101
16228 18784
3265 13756
8846 14010
22624 28257
3039 23315
4438 12207
20292 26753
3024 9951
23510 23687
985 24520
3994 16253
15991 22241
3683 27105
14991 27495
8150 19089
322 7096
1410 26330
4831 26793
9999 24572
3695 26358
2667 27513
20026 21671
3295 3808
11817 15575
13313 17460
7158 18432
7260 7626
5989 19570
1744 18811
3701 12529
4828 13227
1732 2243
15404 21396
17129 27611
867 12576
9751 21491
2496 21374
14172 22770
2320 10701
3665 14504
11207 22448
3358 6578
2250 24129
19701 21225
2664 16626
7328 12999
5277 16602
9583 22296
8953 25707
3592 17455
3121 4626
7388 17832
1392 26003
8754 18361
23672 27725
5659 18255
601 13215
18696 19760
5296 27769
5313 10169
12706 13109
19180 26879
20455 22140
13378 19414
406 21887
9801 9841
10328 14555
1625 23927
1181 21161
19190 19222
9105 14514
16806 27867
7834 11484
15157 15873
1688 24557
967 28263
3617 27194
7228 16129
4175 8707
5128 11115
7086 24897
19518 20169
11674 18133
2542 25459
22036 26635
2580 18752
4433 21364
15037 18560
4414 26153
9993 15696
8474 12159
9896 26544
15660 16235
6689 12203
7110 17845
3357 13111
7676 12964
15813 18502
8646 13203
12556 19853
23143 23437
11425 18458
8956 25810
8959 22561
6355 12356
1097 22897
3282 24136
2395 8669
2098 17860
910 1301
10562 18433
3587 5932
11806 16022
1263 2925
1985 17477
4849 19469
7975 27932
3125 11182
1840 24006
14771 23372
15446 17550
812 26676
25754 27853
626 5387
14987 23104
25225 26580
2396 15880
16922 22777
3337 23467
5115 26313
10660 22779
13175 19019
17504 24715
7407 12246
22454 26327
22192 27821
2435 15117
20248 22821
4797 21753
2118 2456
6478 15558
2247 6346
4573 7457
4803 15541
6326 15922
1779 17757
3183 15900
17938 21416
12601 25982
2739 21302
22592 27002
16210 21053
7086 22464
12960 24589
24019 27844
13308 28083
3143 9054
865 19565
7508 9591
8796 17144
2818 7910
396 2610
22333 26014
3714 11348
15543 20367
11946 17805
4328 20367
4778 13327
1141 19300
3126 25050
17378 25273
9367 17963
14486 27175
3091 15857
852 5354
23267 26378
11997 24831
3543 19604
8959 16780
18880 28092
12426 14703
4061 27612
18641 22517
23059 25108
3133 28021
10456 27969
15499 24074
6699 21952
5489 7861
24148 25309
21638 24104
6996 14069
7227 21438
20813 22042
5291 27729
2818 17747
9671 25250
7078 22909
16739 26715
9963 23031
7020 27839
12222 14158
4315 10468
15817 17700
13010 23356
8881 24311
11812 21928
1200 8108
8880 18521
1508 6510
3121 12448
21717 25706
20625 22008
9862 18369
1509 3056
15756 19702
4657 11757
1622 12565
15682 21139
1511 8971
11148 16198
17114 19666
5354 24313
677 11951
5943 8801
12349 14989
7477 9077
11696 27016
15753 15963
5725 20657
13789 22403
1870 6242
7496 21921
3695 14955
13896 16559
2314 10488
1142 4448
13257 27179
187 12424
4471 5499
16867 20491
1026 6511
4983 25707
8525 21603
6147 17574
3907 11396
1342 4108
24659 27841
15038 21663
2349 7813
9271 25161
2161 18403
5793 7677
16138 20385
7947 12612
2094 7952
2030 17963
6800 24387
16939 26674
17974 27630
3668 17845
4506 13914
15676 19817
731 19484
788 13193
18431 22821
15584 20990
14228 27914
18413 25805
24731 28238
5564 15428
15235 19982
3779 21236
12280 15076
5440 27598
2671 2754
8481 24062
3951 6591
6667 28179
3643 13625
5434 7805
13564 23066
14532 27277
6262 8138
7596 21228
11804 12565
10674 19857
11946 19977
12596 20714
6979 14404
27706 28039
3253 7341
1770 24195
10444 24568
2987 7963
7987 16957
711 24062
17530 27795
1972 8342
11747 20159
817 15292
5300 15905
15883 23147
3810 10690
10626 24930
2665 9582
4778 7245
15483 17745
17792 22993
12715 14223
3273 24576
8588 12737
583 23247
15565 16108
4623 8883
3126 23840
3465 23369
2181 25399
23376 25097
100 25306
13249 14136
2443 10464
13168 13289
11623 26419
17927 24872
15477 27821
5405 9717
7731 11792
4229 26240
10569 25487
1827 11269
22203 27112
3709 7088
18665 26495
604 25614
3617 13118
763 26381
22712 25031
13984 14962
1575 18354
16684 22824
15931 18328
1254 13408
10350 25062
16762 21654
2988 13295
2292 18515
11076 17159
5310 24053
10273 18522
6633 15201
1 26065
9214 16262
19480 27646
5949 17637
13619 26561
12798 18598
16373 23087
17484 19448
14110 15443
22502 26640
6281 21867
23759 25708
1343 19169
14133 18775
9683 15457
2961 17984
5815 18909
15443 27686
3740 28229
9168 25853
13771 15543
867 4524
4210 26439
3858 21113
7323 11804
1867 21126
18823 23816
7485 13203
7829 22500
1512 17075
16354 26025
4185 21374
5731 13534
710 19516
10462 17485
3819 8465
111 19420
3741 13411
7713 8723
8909 21623
20475 21762
14558 27970
2719 7413
3187 25138
867 22425
9123 11735
11552 17429
14835 24922
5277 27288
9542 17963
10002 27015
8376 10701
569 16117
1750 8707
15191 23366
6812 26244
5472 10945
9553 10090
29 1750
17057 19793
5822 26902
18414 28104
8855 18003
2093 14555
2541 7420
13294 19050
8182 13970
3940 19657
1361 1579
7855 12498
1440 25003
5079 8435
292 441
16300 20097
18712 27365
16960 27488
17285 21366
915 19269
8080 27179
3600 17471
2189 14145
3762 7199
6972 22961
4339 19601
16656 20935
10218 11463
14138 26137
7407 21374
5383 11193
2696 9717
16687 27053
13847 27914
9255 27318
5292 5505
2498 27726
106 911
26340 27152
9803 20813
334 6260
8528 24580
1023 7497
16453 23218
5710 18255
3653 20015
7313 7502
9683 18502
17250 23032
8235 9759
838 23719
3455 15988
989 23383
1979 3206
4218 25182
11809 13328
6086 14400
4749 26977
3789 9195
9343 21523
7031 19371
5071 15233
920 20515
13210 17370
7483 9206
8122 19249
10014 12473
13093 26931
10065 14537
5325 17263
9285 18867
15331 24364
9747 20876
8270 18873
20181 23295
3323 22141
2776 19419
25410 26993
1180 25299
18133 23970
3975 26516
4031 16766
6805 20380
6232 18319
12077 22605
18099 25174
27373 27926
4505 17091
10845 24127
21054 26958
18326 26834
10156 19510
20876 27821
5719 23345
14555 23802
4173 12924
7498 17963
5769 14683
14155 15392
25341 26103
9364 25838
2491 9077
19800 22470
16313 23576
10504 12834
1593 25165
12244 16772
20925 27330
7398 27924
10540 16784
22684 23869
13300 24861
765 9255
971 7351
12685 21716
245 27980
7048 24671
7027 25247
15911 25525
1604 7227
9461 11323
1364 7832
9631 11945
6490 22497
19594 23849
20817 21166
12783 26574
11641 15080
9542 18669
7027 14180
4476 6446
8685 18861
22017 26878
3624 13591
12083 19857
14954 24939
12802 23034
16991 23885
705 16584
23563 25317
570 13647
6264 7964
8363 9264
3201 28049
800 24800
1311 4584
15087 28176
13828 19443
5181 20170
16276 23379
4162 5758
1317 23619
16640 21962
7695 20504
9704 17804
10023 18857
7603 10937
9226 15286
1308 10993
715 18108
9080 12895
86 3570
12219 21913
22340 24509
19627 21484
926 2022
14351 20690
5033 19451
7677 21548
13484 25265
11011 19304
7987 9194
1112 25610
7 22775
21026 25986
16232 16521
3885 11580
9528 11717
15666 18521
10935 20427
11436 17901
3933 17033
15791 20236
148 16194
9899 24155
1658 21603
10393 13328
9441 18521
454 2915
7555 10531
26177 27681
1788 25845
25669 28120
2191 20554
23459 23825
1606 16559
21843 26044
2989 28078
9890 25909
1389 7768
11601 21237
15224 26313
7768 14604
13621 15242
15808 18947
15325 23846
2341 2496
14513 26025
2925 15241
9053 15650
3098 8376
9870 16087
4192 18132
11430 23631
8663 9329
11207 20831
7289 20950
4515 11571
5617 18263
11987 15251
3002 6338
13912 24589
8730 23789
1468 11315
11649 24274
9368 14433
19089 21237
8096 23254
3341 14452
23553 25759
4543 9524
13411 23270
2667 9752
12689 19728
1138 12082
12161 15967
505 22216
11599 13343
12606 22441
1900 7935
3585 10261
269 26942
15561 26754
11467 21682
2096 15376
2247 18674
660 27218
19623 20586
17443 25956
16691 22066
4095 24823
7881 20061
5079 23615
851 2132
6893 9420
1633 18457
12495 18909
6086 9223
1077 15927
3734 21589
13338 18287
14196 27514
12994 17077
770 20363
1795 11811
3718 21438
22105 22218
16090 19856
2750 27634
4806 5422
2002 16311
1223 27795
6722 20709
3947 26559
49 8898
8250 25525
14567 25772
1679 19928
916 3634
2514 25511
1967 5325
1555 20765
10270 10302
11167 17957
17679 22460
15074 19371
3810 24274
5178 19203
16986 23361
3963 16194
6490 26670
5598 19091
3864 25336
1429 14288
7070 25517
1112 2303
2284 25255
4828 4954
4979 19567
2446 28231
10022 23276
5579 25130
2118 6511
3734 18880
7014 7344
6669 19415
23272 24351
14881 20186
12024 15112
10937 12857
1817 5018
1540 16243
2520 15498
866 1055
15164 19408
21676 25559
2225 5839
16193 26838
7212 12662
9503 11444
1008 5918
21419 21660
6972 8384
8003 24129
5571 12077
14407 26001
9404 13216
828 13846
8363 19567
6960 9919
14464 18696
787 14033
15369 27722
731 8368
18072 22678
6716 9523
18919 19461
5116 22215
25831 27010
2849 20958
7523 25272
15808 18265
21682 26986
2519 14191
2368 10264
1714 1908
9144 21327
16955 23932
12868 25559
17763 26588
16545 20503
8385 23336
681 16386
13875 24882
10188 23343
9180 16459
15749 28055
1879 4312
14304 25327
19647 25200
2646 22012
5267 18669
7161 25956
9323 17657
5719 9367
9380 14260
6707 25382
19956 24351
5913 22338
20123 24294
5827 7225
7835 20657
5780 21671
2334 9350
24848 27101
22907 24415
8393 12099
15087 21857
3667 26848
776 23292
8142 17283
14093 16626
6492 11840
7041 25306
4214 14040
13222 21653
4626 9253
17013 23522
11030 25453
16865 26265
555 20841
3300 24954
5383 12506
23024 25345
8931 22012
14530 19045
21147 27360
12979 13682
13362 14582
3234 24923
6517 27872
1652 19033
11963 22430
1556 11424
17120 18942
3152 13081
8689 16094
1708 15660
11877 14710
3102 21637
6832 9371
18219 26400
2006 2128
26518 28263
7249 24108
21436 28185
5398 6155
5777 24931
1525 22702
1622 23361
8924 17458
7106 22547
10242 26869
13367 17641
11305 21215
6616 7587
7020 7626
3063 5288
1302 20054
8293 8299
709 2396
2646 13058
7668 16219
4024 13366
20339 24435
3653 24965
1825 20899
3663 6972
9033 21891
499 6195
16218 18205
16752 21716
234 20313
8637 12720
505 6058
3147 18011
16092 17862
2255 11545
1870 27212
19817 22192
4378 26499
2845 26862
23225 23539
5330 14129
16230 20175
19677 22227
8530 19309
4130 8659
2245 13888
13232 16922
17684 18947
1434 10093
15352 24369
1551 12762
173 14893
4357 23521
12094 25451
3389 24330
10539 13848
19031 20909
22469 22502
19131 25865
12614 27527
11671 21849
1308 4894
8095 20018
19481 25321
17480 21261
8106 8871
18334 27837
17460 27719
12440 24819
2022 26986
9884 25251
13436 21688
4037 10767
11046 14907
4712 22799
3186 10020
4060 20224
6513 10085
17232 20572
7277 23566
4439 8416
18945 22787
1477 16740
6239 7820
5117 26880
3831 20334
1877 1950
9327 14062
2386 16351
5609 18626
16858 20962
256 11443
15598 20088
20953 21798
653 15016
7737 12794
8705 15955
9865 14033
5177 19979
9496 12725
7275 20748
9638 24521
3583 19071
3947 7073
14326 22052
4152 17228
15543 26541
7386 24690
12405 25893
810 14555
17177 17524
23225 24326
9933 16867
18521 23838
10947 23459
616 7813
1389 20395
2943 19266
14672 27211
11006 13914
23388 24008
8384 15644
1482 7638
3231 6795
6729 14885
4891 18800
787 2213
7624 14489
13459 15936
637 21718
4577 24674
6846 17406
3715 14807
5827 23911
4433 20155
19192 26359
1884 14694
11026 11262
15052 27495
24608 25443
5832 12500
843 18996
4607 22015
2732 21564
12097 16138
11603 28171
15941 26463
5305 28103
11857 19054
1680 21336
16856 25167
3940 8985
13970 15271
5710 11875
7987 20306
6454 9651
473 3649
2626 7491
8161 21893
13517 19539
6994 20313
1603 10050
1787 22289
6079 9047
514 24095
24615 27613
18923 19153
14662 18845
2993 7075
7196 15245
8677 15512
917 19244
2539 27926
7975 18891
2216 7176
1440 28141
19289 19988
19130 19627
7136 22465
5178 8588
4775 17902
1748 3674
20244 24850
21481 27042
9012 21770
5747 13839
9673 11740
4110 22020
23 1840
13258 15708
12152 22596
14886 17803
11464 16439
13663 16936
4018 23215
14971 24345
11557 18457
1432 24928
17864 19880
3598 14463
8471 16378
16088 16901
2677 17072
10757 25066
21000 24565
1925 13836
3388 25039
8959 14756
4328 13999
2527 26727
9465 15169
18280 20162
10042 17717
14445 23932
12570 20936
8157 18567
2301 3522
439 24809
13838 24362
21310 23607
9314 13607
14724 22149
2759 13407
273 27508
623 23919
8926 27882
420 19182
8423 10981
6230 11785
7783 16460
4218 8718
3227 15900
17955 28214
6864 9402
6489 27271
1349 13162
6785 6837
9438 13130
5485 9367
5946 23876
4072 12349
18458 21305
12415 15749
1349 21696
9881 13111
6410 8921
2497 24627
8804 10393
693 1302
14149 26774
7966 22981
4247 17010
2202 11647
11261 16562
18583 27417
341 14770
1593 26173
9528 26147
11702 23574
11006 19189
13373 19952
6930 8400
8983 9179
16251 24666
15520 22449
14182 27702
11965 12234
13447 16948
2643 28125
5005 18181
9234 16879
12620 23424
140 9716
11789 22830
3900 27129
8297 18939
5020 27905
755 6364
7881 15695
6972 12193
1925 21830
11712 21073
17407 19140
10931 13328
20504 22213
9981 11747
1126 19857
10086 15511
8730 24389
11192 14388
3638 14179
1836 12124
17530 23886
1713 21139
18694 24650
2093 18107
1306 1695
512 14534
17071 22049
1348 9268
10650 23733
1398 7652
3592 27944
765 7365
3734 13968
8715 22187
21126 24764
3231 7877
21210 22416
15971 23087
554 27676
11668 25831
12919 26170
973 18636
21849 22012
7827 26737
6348 15093
22240 27913
20969 26574
7523 15410
6086 28040
17119 17198
14499 23158
8498 26589
7183 18374
11789 22900
4076 13663
161 4954
7036 10277
12305 22460
1411 16840
9150 17348
25838 27349
7407 27857
3146 8968
3244 13564
16954 18412
3112 8706
24586 27215
7523 27108
5626 22295
15375 25341
10452 19053
26147 26559
916 18291
3698 10896
15433 22966
11073 18798
8959 16123
9563 14010
7687 25152
1725 6370
101 18429
3381 10175
14109 17610
10805 11436
21857 27541
24616 26266
8939 28124
13680 17803
8926 21042
9315 26160
17304 18689
1747 4089
1878 5411
4097 10842
1228 4956
7447 11042
7896 25341
1816 2602
1782 2466
5227 16504
9072 12062
25794 26459
4199 8076
2087 23008
3354 27841
18718 25176
9059 13240
2786 24882
11729 24832
7550 27792
5857 18557
7826 18099
477 2461
5906 8249
13233 17332
2508 5095
2105 25616
5989 23459
3452 25896
13405 22254
3147 15294
13415 21353
1397 14224
6873 24286
3904 6674
11193 13343
3665 22865
345 8457
928 12386
670 8775
12141 19974
7950 15561
3197 23074
13892 24061
7398 20081
1672 6042
867 1004
2882 19102
16119 23044
21566 21592
51 424
12727 26608
5344 16718
16112 27867
1 16211
24404 25643
313 18475
1819 8018
6660 12847
5984 7820
3279 5040
15835 21353
2682 27051
15764 18631
5876 17700
6552 20953
4574 14131
9416 24104
2754 9252
10953 19537
194 23798
181 26435
1979 3139
439 1700
3472 17861
617 8106
943 8438
21158 23264
9758 27967
12374 19744
2729 10154
8413 15798
10745 27222
3718 10798
18336 24504
4225 17054
5042 27879
2041 24486
8135 16769
10668 23233
5205 9621
5354 18717
657 7497
1462 20786
3781 25318
391 5468
9624 17484
488 9091
763 4699
16791 27418
25562 26544
11049 24794
1238 19448
9231 25852
15074 19348
6450 14482
1180 2436
48 5448
15851 18024
18533 27821
17923 20894
19893 20384
11495 14910
5475 10201
11106 12547
14895 20086
14171 17193
7350 16304
4379 20556
4282 9264
7693 12796
2320 23719
5253 10308
3819 9956
7556 17237
11631 26286
2689 8304
18252 19300
4355 14115
2823 19503
3841 10577
97 22908
3333 3587
3395 9654
9465 21915
9408 14493
14993 25409
9543 14228
67 14431
3987 12512
6870 10884
4469 16181
4807 7311
6453 12137
20001 24681
7354 21761
15372 22469
5593 9614
9334 26949
523 6349
13927 25057
17028 18061
2860 19033
2802 3422
10887 20264
16984 25460
10054 14364
4720 11817
6290 14865
19793 24634
1900 17273
11295 26698
24335 26169
4954 8889
2245 18607
8711 23793
8287 13616
11039 14630
4262 24156
8740 15723
929 18565
7584 23769
15300 23918
10280 10672
21351 22456
5181 26721
15110 21685
640 14699
14407 19139
353 11047
21423 23897
7739 24727
443 13757
19848 22160
6601 16150
3024 22182
11682 21952
6665 21341
17780 25652
8558 26124
18726 20678
6676 13926
21598 23918
4504 21687
26536 26766
5337 5832
8281 11623
126 22001
10269 14855
26147 27087
2613 11351
9959 21304
3162 18070
7921 25497
22581 26503
5668 8693
12209 27722
2460 22289
10781 28027
21050 23456
4990 6138
5389 12194
8200 10487
2995 4789
19746 27725
3265 9252
19705 27596
14571 16313
11460 21414
17684 24950
3804 21266
4758 10473
10937 18921
20643 27523
1713 20786
14849 26925
9553 15543
6595 25140
14469 15815
15037 27482
21041 24325
2366 16237
17087 22323
11494 25163
11786 18252
15064 25318
12931 19827
2842 23736
2925 7283
8797 13888
7832 21523
6876 27102
2128 13087
2254 3595
5185 23769
2518 9354
19855 24557
13943 27587
6177 8856
1352 9690
17262 18082
1193 4562
8156 9524
9305 23278
9795 12869
1441 16422
3025 20689
9404 23265
13384 20067
2249 21675
1416 23973
867 21245
2659 4004
1525 22797
16308 23987
5721 8958
2647 25708
14577 24127
16081 17337
11457 19082
763 1284
10838 23446
2954 16814
7491 17085
9410 26748
8463 17967
7760 16732
23694 27083
2797 6301
7736 9441
6618 20195
11330 26865
8779 13090
16900 22716
6865 6893
12810 26448
298 9864
10920 20053
21431 24384
7290 20579
5354 14672
2710 26462
8952 22791
11953 14228
4962 7783
12040 12096
6306 22255
9316 17763
6244 20733
13405 28156
14728 17145
11552 28240
3169 10956
835 15335
12228 13235
11747 13585
494 21147
3154 7002
14817 24924
19539 22933
1919 10039
4671 11416
1487 28157
13744 28175
11657 25321
19181 21832
17683 23277
19940 22656
17175 20407
19033 25306
5943 20586
18843 21154
17304 21981
6010 24326
2518 22481
1065 18770
2542 26147
7412 10444
23060 25737
10748 15212
11261 15184
683 19517
2541 6227
2389 3162
8226 10633
12576 19662
1177 3231
8990 25771
26414 28147
21987 22464
27245 27821
8177 23372
13776 21377
1489 27375
4386 19863
5570 17782
5082 5711
8507 23149
5725 18708
3072 13914
4310 10870
9840 13358
3283 19229
16016 17235
5714 23675
1978 19061
12536 18670
47 2094
11171 12838
15563 17374
8443 14359
1813 8946
25547 27087
7482 16999
2913 7609
6309 11575
16468 23039
3669 6871
4178 15391
24729 24957
18418 18867
5345 14098
13272 23963
3697 21992
17842 19123
20893 23236
1429 15104
14771 21798
3349 12991
9744 14750
65 11134
11814 18534
11094 16184
14846 19443
15376 25732
4967 7982
4033 4990
1656 21831
23955 25280
13090 20706
2685 25977
3745 22269
18262 18874
1852 16901
20818 22066
22923 23361
14954 19871
5832 22609
2774 6148
1370 27871
782 6268
4081 6196
26547 28049
2722 17035
5315 27924
15741 20288
11268 13649
10039 25622
17782 27984
10863 25584
6705 25848
194 10209
6437 15312
4769 14424
6622 8469
10074 18325
9901 24939
4627 11998
742 18709
12979 22024
6058 18280
13444 23566
24803 27337
16152 27521
19348 23047
12131 27402
19008 25290
8830 26457
11087 14437
18050 19140
6198 25164
4198 19699
9294 21003
10122 18953
3658 17653
7930 10859
1815 14344
5111 22004
2769 27997
10910 11998
6042 11295
11181 12259
21172 25270
4287 25636
12242 19750
24358 28027
17010 24451
3728 19139
189 6891
2346 24904
10214 27603
1773 10876
2647 2657
16402 23300
8779 14599
10244 25381
9563 19712
6572 17630
1232 23610
3321 20765
11092 13874
16539 19006
22060 25177
12538 27087
9078 17562
21345 24457
6876 7009
16867 23143
18381 26525
7375 26010
10490 27938
3902 25508
1155 5364
5267 20911
2882 10727
16739 26325
997 7592
1689 22664
15840 18553
13810 18418
1657 23365
12525 18133
6612 11258
2667 15806
18228 18723
24811 25882
14828 20598
10050 17757
10005 22679
1790 23738
4332 14106
1321 25813
3631 24593
13699 17457
261 14002
20023 24944
26005 26870
2611 11997
5412 14209
26975 27254
14876 15595
13018 16094
1590 8605
7982 26764
4304 24652
16055 23798
4962 24127
2611 27821
22998 25947
9012 16906
9532 26589
5635 15833
11816 14574
6209 20278
10907 17114
6675 19711
15346 23597
334 13038
3417 26703
5350 24628
15391 22091
13149 25050
353 27535
5461 23188
1148 14687
2997 9959
14989 23896
5802 11880
19891 21268
6594 8852
21323 23353
5763 6705
12632 16286
8472 20291
5661 15056
4149 15446
8434 15878
4068 23393
1510 23697
20833 27179
4321 10068
1761 11880
7679 26217
4113 6436
1360 10990
25444 27685
1562 13203
6760 27353
16964 25626
20201 23198
16341 22897
3317 5079
10241 16766
21010 24855
9816 22522
3203 25930
3141 21296
5170 20893
6634 10155
17562 17803
14866 24854
8016 22193
19602 21671
814 14627
5495 21911
4329 5767
3700 27807
22547 28205
5551 8304
10048 20272
10289 26395
11847 21067
11138 26546
5004 7360
6981 15221
11484 11872
300 334
9582 13506
292 19534
2996 25306
5734 17906
3625 21665
13868 19293
2342 12564
13303 23823
1087 7937
10971 25453
558 6507
2414 5145
1954 8962
21929 23506
10085 19545
12922 19890
4581 16584
4971 17548
8860 22032
3059 12168
10709 26633
7360 8841
22581 25011
3589 17530
1403 21831
22693 27867
3882 17782
14080 19169
18669 18964
9426 11953
1477 23049
84 1058
24445 25612
1338 23149
1900 21849
3122 14153
8039 8753
749 12997
7986 25475
5613 9626
3103 17019
1421 20479
7443 27789
7410 21372
10679 21353
22479 27611
23467 23921
7783 16435
5003 26055
2569 8864
22425 25732
1767 16582
9654 27867
20089 25433
406 16446
1772 11743
4778 22947
9027 15823
229 16155
11695 25219
5117 19091
13287 21315
17902 27084
8677 23400
9144 20299
4256 26665
280 22025
377 21491
824 16342
3154 10391
2079 5913
21761 24888
4360 17153
15768 28222
7922 23495
4573 6860
829 16720
23282 27639
17329 22055
8872 27499
2648 23467
10937 16113
4101 10512
5042 23392
4774 25786
3584 23434
13472 14665
16095 18988
15988 24706
840 19842
2803 4440
21070 28134
4627 16922
2474 25593
19319 22897
12452 19181
1308 15803
14092 19408
21313 25856
16901 22885
15018 25975
15907 16418
11282 11801
6629 15689
14605 18787
11248 26935
1593 20751
12993 18128
10391 25981
12525 21091
1772 15064
14345 15775
5869 23918
5057 12979
12888 25034
7800 11987
14243 22206
11490 19801
5004 11953
10845 26183
811 25393
13816 14519
881 4102
204 6898
2981 8744
4581 8129
8833 12386
20324 28210
13093 27161
21923 25729
15950 22010
19355 21757
22449 23365
10800 18206
8498 23822
14995 24373
4361 23143
12631 21300
1624 12921
8254 12119
18905 27719
155 18101
18272 21733
8806 11486
1878 22716
2521 3357
1023 25748
18386 21053
5680 18115
6539 26273
1574 8924
3831 16304
2713 4807
8100 11584
25080 27843
27428 28275
4633 5694
406 7954
20553 27500
3632 21407
1316 21766
9920 28166
8959 22350
2686 21079
8182 14798
651 25224
8338 13831
10160 22273
8209 15798
20679 27016
23830 23921
5002 9421
1903 9362
6703 18036
19489 23179
9920 17304
252 26750
1508 11030
248 13195
5112 26400
4099 21910
3872 11281
16189 19043
2503 23631
14092 19112
8374 17176
11113 26580
21475 21746
438 10778
887 6001
19180 20758
17166 20146
2170 24395
9429 24393
2518 5989
18359 27567
12056 20953
23686 27246
4256 9356
10407 23593
1112 16470
21712 22319
8242 21929
1113 2803
9127 16809
11261 13574
550 2938
23743 26095
16245 27042
4708 21327
22610 25398
6760 19704
4287 24005
11244 15668
6248 25628
797 22992
13810 14017
10298 17586
3345 22182
7297 24405
2393 18016
7268 16879
16552 27178
3928 15466
16304 24122
11192 27867
4210 15391
10573 22588
14155 24309
11476 23898
5831 14579
674 25270
13431 21712
175 1609
15672 21377
9442 11693
22186 23767
11592 25831
2807 12264
7191 19717
12868 25350
809 25732
11183 25791
1800 5390
8066 9881
17686 20749
289 15047
12434 14033
7854 28202
6894 13302
23143 26665
6826 18630
18918 24867
425 8116
2067 10428
12134 20635
19150 21172
7595 18533
1066 2847
378 8806
2589 18870
2245 15216
3666 17961
25163 26270
14304 25617
10707 22346
18679 19494
4072 19419
3432 6718
8730 27138
16495 26773
3754 10160
22031 24403
20813 21230
6915 8550
8388 15283
4737 9569
7400 19502
3203 16582
10434 24819
1574 10628
4676 13370
21386 24997
4803 22127
18883 19598
3235 4786
4675 25017
19312 20804
12399 24280
23189 24687
8773 17114
11501 11997
12008 13374
21222 23143
6040 24349
14469 24500
24806 26968
1695 15837
16623 18845
19189 20424
4603 11034
838 25095
5584 19939
10813 16535
3607 15393
10701 26549
1429 4853
5587 15305
5941 12195
11322 27013
20658 24836
8467 16433
17446 28215
3156 5205
10146 22012
10814 22561
3362 26375
8802 11465
3354 22236
2308 26770
13737 16785
4163 23251
4252 9557
16957 25254
2894 24904
13407 14012
5327 5815
11079 11988
488 5953
294 23345
1796 14460
5626 26975
5574 23175
6668 27569
22446 23408
10405 11164
4218 27499
904 15645
8958 19205
7348 15554
18920 26151
1438 12230
4189 13054
419 21794
4581 4706
9416 20667
2069 14289
8880 10023
4636 15623
18027 26495
7374 18836
4970 22925
3607 14264
22975 23186
9682 19767
13057 26689
865 25735
11975 26374
9927 22080
21102 27578
8721 15415
16617 24484
9016 25474
1181 21240
4003 5916
2586 24219
7550 17108
3167 20462
13989 20477
669 19924
5054 27833
3463 15241
23892 24294
9314 28140
3265 25894
2456 7420
609 15773
15808 19042
7890 25240
6078 9584
1878 5842
17693 26099
2141 21062
17532 24731
4623 7698
1798 9797
12220 16184
23845 26464
17510 26491
2782 10512
757 19097
3544 9774
11452 23365
8795 26668
1767 11735
16095 17477
1991 27415
13503 26810
22300 27956
4422 10767
10309 18318
17409 22581
16770 24566
14217 20832
2619 19065
3237 6524
18285 23619
9524 15543
18965 21671
159 12264
6668 19712
1795 16582
14042 18478
17198 23415
3345 25225
10281 12214
7511 25039
3753 23708
9416 22457
17930 22507
24410 27559
18360 24191
12068 24180
154 21919
7342 18266
14384 26753
21355 23285
19770 26295
2268 2297
21172 24539
9003 24848
3592 10623
5279 25505
8150 12120
2441 19509
2728 5430
20573 26173
22768 23518
7274 17657
4701 23585
21737 21853
4118 19692
11033 25677
14599 16205
19385 22549
15547 24071
2161 22200
1782 10352
3051 23278
14033 24465
12495 19853
86 4383
1942 14327
21266 23249
21550 23186
9439 21904
19106 20675
5123 27358
2679 17212
5414 26882
7175 16463
21409 26764
22008 22016
9961 13789
2336 10205
2413 22238
12921 22300
21296 27867
3357 7471
1762 14251
13810 25435
1335 4646
6241 11175
4321 7375
6255 12564
8082 21471
10828 25788
2771 14033
1293 26520
8253 21831
9603 19138
18955 27123
3893 22042
15435 27844
9096 14677
5204 12573
3882 18888
752 19008
10308 27744
2767 27678
5357 27867
7290 24774
22416 28090
14215 17735
7626 27617
19016 20340
505 22925
1234 11460
15528 25377
13512 15782
3310 14409
10137 15587
13460 17017
13343 18304
2129 16608
16163 19852
1273 13105
10279 24904
828 4442
5569 11098
8022 12674
7312 18627
1361 2523
11729 25102
10990 14771
12391 14777
7103 27687
10321 18913
18547 24616
22173 28203
25309 27867
2462 19834
12368 14791
12761 24947
2375 20576
11430 16228
3386 5162
3761 19442
9957 20689
17729 25887
9774 23340
11463 12410
12957 16326
4329 13396
4532 7220
9693 10825
15296 20059
17912 21688
7103 20558
20765 26578
5976 11006
18489 18586
3127 21646
3265 9324
2230 27657
24289 25712
23340 24681
1018 27175
10093 10675
4286 8754
2170 14273
7668 8852
4818 21628
1112 25121
302 13289
9180 10598
3003 21883
4201 17020
5687 20826
2324 8395
237 5822
8488 12945
8491 22700
20173 23799
18603 27671
15074 22567
1335 25822
4328 18669
12515 27791
9992 10821
2342 8599
293 4197
3050 7900
8706 18415
9159 20615
10208 12097
7084 8145
1018 3904
8767 19856
1275 21963
7772 15565
12453 24811
11059 18284
2874 2888
6680 14513
5994 15639
3080 27819
6343 23430
1767 6763
2667 20170
6602 26691
7948 17933
9617 10567
23361 27514
245 8720
4198 21623
13347 22832
16201 22001
6903 9509
6167 8487
9847 17999
9130 26053
12083 17955
2499 13593
15853 19540
16693 21983
3007 19147
2004 24848
2874 28166
14369 15377
17091 25846
17742 27013
4719 8290
18934 20123
6269 12606
7147 24516
9296 18797
15137 23181
539 2858
20759 26409
7821 20666
396 6490
15634 25329
1688 7348
10833 14933
17996 23104
3944 7725
7827 24367
1965 24423
7373 7549
3700 17880
1675 23932
4724 4971
1759 17718
12449 20950
8642 23920
18597 18885
4731 12207
6261 10935
20818 27337
9730 11587
15947 23555
1934 23359
3882 13381
11079 15036
6824 21633
1800 2671
2075 12039
2832 13780
12264 23757
15011 15840
8606 9761
8159 19990
6973 14667
18219 20230
23691 24693
20857 26495
12849 23605
810 22833
4159 11192
8812 15399
15700 16476
13134 21438
7581 27501
8352 10971
15758 23632
4745 13516
19086 24886
2855 4849
2527 17892
8315 19329
3758 17556
14240 17027
7496 12110
20070 22966
8774 21727
3680 11383
6462 19566
7741 24177
22663 26702
9660 27562
7419 24242
14828 16734
12359 21895
19007 22043
7323 12056
166 1714
15907 26948
10821 20054
1477 9934
18116 24590
10893 27207
396 4620
9294 24379
13393 13744
1223 13970
3816 20310
8364 13032
292 17045
13090 20054
9730 11444
7471 12769
21369 27966
9349 26421
1920 27617
14396 20081
10407 12709
5107 10594
505 11755
9123 19118
13528 17963
13754 20173
6911 23227
5579 24676
8669 19358
2491 6516
8852 22857
11696 22160
16328 16796
22605 27702
1695 14027
12134 24095
22060 27460
19420 20570
2169 6924
19145 22230
19750 24521
6379 17027
19409 21726
10894 25283
9895 20747
15977 20875
20130 23518
7135 26256
4328 19723
5001 23361
9553 17263
21881 25406
11140 25530
10144 20170
3265 4061
7468 9390
6832 19068
3439 25796
2831 19278
3585 27311
12210 27541
1843 18366
7435 25323
9126 9556
1672 13375
6426 15144
5292 22676
20162 22379
10444 11080
1294 10309
19170 27068
18999 20758
14894 24061
19769 22347
10462 26193
3995 12037
10277 16998
9553 19169
15540 24218
11633 15942
2185 25468
7209 27109
7907 11192
20595 25433
4408 24062
2321 5052
1111 22245
18952 25027
4365 6990
11714 17232
1593 2486
23978 26931
3712 22984
16160 18986
19771 25081
3859 17446
21831 27515
12031 21717
2457 19916
14816 16114
3004 6348
14604 19374
1951 11026
15529 18552
4583 23954
4524 7768
15891 16557
21699 22507
20806 27226
15751 27901
4360 18189
15640 25971
3957 25626
16435 22423
15488 16118
1216 16149
5180 26871
7950 14712
16745 24323
999 3742
2325 18469
3472 7412
1623 13099
6862 10952
6711 18889
1197 7507
6802 18451
5196 13585
21752 23778
19849 23455
2927 4708
615 21826
3790 26879
5500 25616
401 3944
13586 20618
6355 9367
2202 26989
4 14995
6495 13038
1851 12879
7866 15251
327 25998
19086 23932
7772 19340
949 24405
1 951
11571 12709
5371 26643
2710 27998
321 12988
15037 19496
10652 15672
10815 17991
1657 4933
13282 25453
11004 20014
16296 20550
10223 10362
15682 25894
10901 18507
334 13527
6807 20348
1417 12171
20446 28235
7170 10357
898 20292
1279 13190
10589 14768
14876 17898
3357 3720
9038 26907
14944 22168
5734 22112
23733 27652
10137 18147
15376 24205
12874 18659
11364 24326
86 7414
2051 24864
5 9798
13767 15370
836 13787
12039 24284
23803 24379
8352 23721
18353 24648
1208 7086
8251 14063
669 22511
3858 7635
16288 23760
2566 6065
4799 19468
11244 16582
14517 22319
3853 27698
8781 13464
5576 8137
25325 25564
5623 20315
983 20714
3206 16694
814 4295
1014 3389
24764 27224
22431 23165
1049 24690
8669 11463
17398 19348
16975 27767
6110 19361
5270 24472
4029 9845
14242 17592
17837 23910
2351 14905
7750 25276
867 21359
4603 20775
4253 12468
18517 27719
113 11365
20038 25969
16544 27365
7031 16584
363 14084
9569 24979
2721 14635
14065 22390
10215 14844
2943 18729
10230 23255
4092 18225
9574 14283
1144 7362
5363 23640
9897 14193
6294 27202
22778 25509
3488 6639
7007 13574
9666 12879
14731 25494
2247 22389
3296 11484
319 14835
19728 27500
15968 22425
10871 12027
16183 27611
6775 13205
14288 23194
12551 18265
788 8348
6177 11050
181 723
3872 15531
4321 13721
5177 25490
5315 17981
18630 27262
13697 24947
7469 22017
14828 18704
1023 8710
2708 22575
1672 17273
1597 23026
14530 27136
5288 8035
12827 20977
19562 23597
5979 23086
2724 3402
6194 23932
151 17695
15064 24062
7017 22923
8251 12121
5435 19459
21760 23420
485 14024
12217 21693
14728 16083
166 1908
1699 14332
12583 17439
10637 17459
9859 13407
3537 10701
3635 18984
6914 15428
16759 23102
4010 14878
18471 18713
5837 18752
5104 18414
8363 25276
19567 25276
15860 24341
21886 24104
18931 19008
1239 27835
3951 9682
3027 25513
12804 15073
3461 10523
6589 9427
2985 7469
11870 24576
1186 18105
9053 15893
21650 25680
10062 11255
11854 23225
19021 22476
18018 21438
5052 21686
9014 23619
1553 1812
3827 22831
3057 12285
3638 14340
23273 24241
23967 24997
8750 15524
3741 27808
7478 11080
11757 22148
14043 23074
5832 16548
7627 27578
17145 19140
7068 11151
1609 7505
11193 23372
2334 15122
2537 19822
1908 24513
4515 23521
22808 25614
20066 21552
12437 18267
2236 22353
715 23143
12708 14445
7194 13915
14242 23606
4054 27030
25254 25306
14777 24951
781 2665
18276 21130
287 19995
11311 19819
15869 24665
1178 24406
4205 15015
6584 27541
14504 27821
25699 27664
7592 15825
20355 23763
22870 25439
3583 16437
10042 17076
10638 11239
15857 25327
6512 12591
942 11263
21919 23216
3059 10293
25833 26447
5503 13947
2369 3050
3433 24406
22998 27163
22430 27293
5471 10767
14748 21804
24005 25636
3420 21423
14155 22103
5377 8177
1297 18414
19947 25771
5852 7387
7726 15003
7973 26596
14195 16616
7304 22651
8057 11028
6885 11696
7150 11674
8096 10209
7194 8685
7793 27821
605 17422
16121 24105
12790 22871
6350 9194
4450 4916
1795 10668
7188 18206
25781 27293
5448 17269
1676 14961
16324 16953
9572 14174
3620 25268
11495 17383
1719 12252
24457 26087
14912 27715
2232 10288
7031 7412
5769 23358
20282 21462
9315 23342
2022 14657
10845 12934
4075 19354
3477 14348
9783 22122
11999 22325
22847 24120
13 19193
19894 25221
3873 23560
11599 16255
24330 25543
54 11599
2458 7525
7381 26409
295 16503
5608 8588
16357 28196
250 8356
7394 18384
8589 15529
10687 23698
4302 14933
18651 20904
9370 10308
1391 4640
11880 26554
9268 18594
19337 22508
15297 21545
24182 24606
618 20302
1574 21253
9617 26083
14513 27514
3790 13721
19287 25408
18820 19061
14703 24241
14937 17999
9809 13969
4076 19893
116 2212
7142 12759
1956 27229
4310 16588
15900 22357
7255 20946
13049 22865
17060 17779
15370 15441
14986 18752
7995 20418
6507 15575
600 17259
7559 23747
8217 24024
11066 20427
4954 24061
5246 12517
12607 14938
8325 15758
6351 24804
9441 20291
16173 19177
14981 26691
6222 25699
369 27788
18400 23074
12076 22092
10937 13810
13711 19706
8271 24904
15141 16986
4075 17413
24556 26527
15808 23553
17487 25903
3882 15178
5950 22901
3734 13495
2305 13055
3522 12684
6265 23092
17115 27304
17880 23608
22468 24829
3890 19203
4044 25712
14010 17787
7478 20518
5818 7625
11010 23024
1101 2905
4159 6770
598 4099
529 17427
381 27462
9466 17649
9923 21550
7213 10954
10103 16170
2386 11104
19675 26277
6931 13282
7411 17495
1381 13535
20675 23730
4180 11240
657 16488
5398 26514
17754 25329
617 5768
2714 15037
15960 17563
3885 23557
23615 26127
9590 24127
7523 25294
17880 19669
7566 7783
7289 26848
16799 18255
3482 6788
7644 23892
5146 26130
7896 16961
1347 14025
35 8781
17973 18452
140 2007
7802 25414
2040 24393
2290 22868
3169 20956
7585 17273
1589 5351
5602 22173
102 14053
7877 11916
5989 16108
6996 22343
4009 6552
4522 5747
11665 18753
22550 24636
14016 19041
2017 18400
2022 11727
11953 27129
20437 27632
5235 7500
7495 19337
18775 26265
1456 8764
11349 22187
7864 12332
9250 25272
12390 26150
14548 18795
2480 5498
3054 26001
1573 23767
13373 23143
497 17785
11748 21330
3987 19857
15429 16333
13343 22130
14445 19348
2758 19079
14335 26819
187 20116
14101 19411
3989 9583
1178 2139
13364 16307
2093 24968
4211 21412
941 4778
430 21048
12388 19655
26005 26643
18994 27175
3870 12776
24872 25923
1350 2123
7814 24524
6462 12291
17666 22413
13591 23423
9769 26869
21945 28111
1609 12257
12363 17257
7199 21446
4689 23254
1840 10225
3183 3294
6656 9226
22404 23857
12434 24022
867 22911
7737 16323
2709 15517
18136 25329
7855 22199
2596 20789
7021 10284
7176 24127
1545 19287
18099 21248
13002 21048
21919 25397
3686 22007
21188 26830
12157 14299
6188 15540
19750 25602
8596 21060
11022 25062
13864 25336
8806 28211
1827 19827
7101 18413
7320 16913
23469 28190
1878 25303
13236 22386
3873 21791
11397 26270
11940 26212
8003 14709
7468 9090
10258 13456
8754 9206
12137 17730
19128 27339
13900 19666
16968 21942
13399 24069
7031 28063
23453 24295
6798 11928
17094 27350
3863 22226
8715 24336
8001 24439
7930 22904
1253 10209
9614 28260
16193 16597
4802 24615
7979 27795
17996 24557
10532 22873
10357 18784
10438 23955
24069 24616
10566 26147
17149 23267
5390 10530
21149 22696
175 13132
9503 22464
21079 23915
5319 14430
1505 6721
14120 14364
7596 20108
6134 7175
96 705
4366 14856
7847 14466
14697 18048
7840 13907
4009 18356
7048 19285
7846 12948
10436 22984
6624 7273
16116 25781
4146 14342
16335 20726
109 8381
20760 23593
3337 18419
13185 13649
17684 18154
17961 19249
9067 18251
18959 26056
9157 14499
9251 26184
4701 10463
2928 14970
3864 12214
10181 12442
14699 16812
3314 13040
22536 26477
5665 20749
10825 13910
6560 18133
878 27771
9770 27400
2336 22326
8511 14511
8145 15149
25608 26304
7365 20998
11727 14657
11595 26057
24923 26507
21790 27906
9119 20227
5943 11562
3337 8039
6608 9339
3233 9923
4971 7031
4717 4751
18641 24146
712 21180
15702 15734
8230 21667
12402 21113
17165 25067
2530 19768
12400 26546
396 20373
1213 13816
9408 13282
2389 9850
7613 8361
10691 23762
3587 18225
9869 22539
23961 24952
6026 17713
3393 20349
15956 23443
16901 22425
7758 24374
5053 9260
8924 23851
6891 25080
4336 26492
7414 20477
21333 25156
5212 27374
4159 27374
13363 16671
5978 27795
4329 18645
1487 19001
11528 20661
14141 21024
5911 9688
6405 27970
1568 8941
1713 9919
4866 23415
9226 27819
4022 19556
12374 19940
3609 27811
510 17094
5325 16955
14683 26379
16351 25588
9306 25308
1366 17657
17988 27787
5510 23454
13840 23136
9951 23576
23927 27991
4442 5372
16228 17571
12736 17189
9349 15105
1223 7488
1962 21577
6725 10727
7699 16947
9436 26640
25034 26230
18517 28055
16253 18241
5630 21113
25109 26669
4439 14010
12207 17917
7744 21010
2605 4110
8322 20789
6528 13789
20722 26507
604 2105
19772 21816
5706 5826
16951 17358
1320 12678
4626 25908
1593 11746
3851 14857
18001 21633
5485 21612
22646 24147
14539 25882
7210 22425
13664 15094
2336 4737
22012 23016
5466 27597
2104 16955
4656 6499
5771 21671
26761 27798
23806 25414
3733 17938
2200 26571
9472 17401
16584 23295
5989 16338
15736 25626
11388 13338
8972 16193
5415 20596
4255 7623
8819 9614
11535 25830
20586 22322
14650 26157
6473 19933
5468 8100
8003 19323
23857 25699
18651 21010
20583 21673
7981 24069
14203 27148
8784 24240
11023 22340
478 13459
23868 25850
9330 22326
10221 16467
13405 21895
13512 21653
12754 22712
3779 10579
7162 26660
13032 27759
16482 16605
1779 19145
14912 23942
5978 20437
7950 13158
8066 11722
16748 18144
7733 23722
11718 24082
9670 28195
17177 23811
5989 24127
173 26273
19071 21929
12069 21646
7157 26098
1270 19991
10670 18281
2667 10231
22045 25017
3124 18909
2666 18949
1432 15308
17768 27818
18369 27050
2815 5744
9808 16954
14088 19835
5716 19115
14758 25482
1092 24241
9558 28210
11439 12291
8620 25432
2412 12165
8470 11998
5200 17988
4388 25422
5110 18314
19723 28044
6886 25135
3987 10674
6297 18758
3932 21573
3257 26186
2375 22829
9962 28058
1097 24888
17176 27380
749 1138
1713 11952
609 12080
13480 20509
11318 14886
7234 27643
850 21944
10324 26478
7849 27505
10523 24497
19117 27168
3985 25005
720 8104
2923 18319
6653 18146
5669 11095
1878 15051
5589 14137
7725 9940
9626 11128
12985 20916
24906 27932
16424 22424
12617 16087
10 18366
9067 10425
17481 25278
8223 9521
7758 9356
7835 23015
2556 10756
6649 14835
10177 12363
8340 28004
10888 24405
3580 14922
26543 26963
18723 24659
25121 26996
3731 9559
18782 19779
1369 17923
867 21402
12460 27718
7861 22344
2843 17337
19091 23074
12995 17814
12982 14461
1777 5201
804 11479
26177 26896
4201 22729
20586 20657
3159 15670
1593 6531
2885 23102
18113 25962
16369 27161
3110 20167
6932 15106
1848 6385
14388 22989
7390 18592
10963 17194
25359 27314
4626 16246
850 20170
7081 19598
8003 11406
8695 15734
12927 25309
2432 21207
5630 25110
5725 16383
3101 11023
7033 16477
14659 23965
2244 5978
977 16174
12244 14835
24104 26554
1686 3878
20757 23096
2474 10727
341 17375
18156 23430
18083 28085
13937 20211
15366 19892
11450 12762
2517 13024
1893 10749
4409 20734
8799 11843
2607 12105
1056 18560
1603 24749
592 6566
3689 3857
16413 16682
11470 28014
18704 22426
19712 24122
27359 27761
2882 10833
12124 16944
11432 26391
3735 12832
3002 6955
20639 27788
13973 26469
974 21849
15711 21207
16180 16724
16091 21710
25351 26834
65 10830
18938 25052
2831 4612
2324 26355
14813 15322
6221 16336
22477 24232
2530 13741
2986 20857
11353 26087
4218 18136
12266 19652
19199 26232
4037 10800
10652 24127
10937 18454
545 24872
25166 26843
13041 13341
15179 18294
681 3366
3633 20674
8148 20212
2247 24626
1727 15271
14083 22154
3287 10764
3727 21752
12879 24861
14513 24771
9236 21491
17422 25641
11030 25759
6591 7826
4591 23392
16992 21668
8454 18061
9663 18663
8488 24610
14456 21227
6676 16040
17600 26643
4532 12489
15967 20578
15597 19095
7915 20930
3624 10054
22250 23951
2482 12379
6426 10982
9999 22517
2785 14039
3859 23628
19615 26525
5233 23177
2111 5440
12480 17435
180 10337
15892 27500
22787 25894
4613 15716
6854 26494
4006 20550
10346 20160
7736 21835
21883 24681
1574 9417
11226 13763
2764 27123
2302 15420
5071 23726
8117 8959
16955 27696
9738 11376
3059 7169
23146 26757
7421 9873
10532 21797
890 9260
20475 24636
4420 25773
6603 20471
8151 16184
198 24654
3748 25603
10115 15875
5727 6301
18827 20996
1275 24608
1349 24292
12792 15791
14276 28157
10124 24229
13906 22761
18405 22227
11684 23575
11296 14716
7523 12287
17454 25299
15531 17067
2596 13967
5855 22651
11878 26327
16006 26162
840 23246
24939 25825
8592 15251
160 11814
369 495
11880 24280
13878 16053
2635 4154
11092 27308
3566 9846
23060 26856
5832 24180
2984 26153
7686 18362
17146 25108
8399 19064
16767 18489
1105 20661
22157 22476
4563 13313
15922 22627
197 27179
728 16346
7976 16316
18107 25410
5084 15620
15549 25283
760 23633
19091 21244
21257 26753
9022 13313
19301 19485
5089 26372
17963 20109
3482 18992
11985 26366
2130 8368
17867 25475
26690 28014
7746 26629
2040 9696
6019 14291
27482 28170
10205 21057
9575 10215
7385 23265
12356 17545
14240 18751
4089 27796
5505 15370
5978 11327
5069 13253
13137 25364
20583 21835
18635 26001
11610 18663
1622 23911
19075 23372
20328 21251
1921 9124
2949 9945
4287 22548
16741 23707
518 16866
21079 24502
3996 16663
22502 26085
13272 27938
12428 16823
3583 11452
2951 15804
18216 23143
9179 23026
2986 24280
8024 10837
9107 24475
15470 23608
17341 26429
19445 23549
1351 21544
5042 23012
5472 11518
2535 12819
8057 27927
14244 27775
9115 16281
13227 26438
8785 13270
15221 19917
11842 26292
7308 25119
738 20841
14901 21126
15610 28117
16549 18154
10807 17504
13185 13440
21294 23721
9086 24434
293 26994
7576 25449
8285 27932
20587 20749
7707 27490
18293 23354
4424 16016
17241 21232
13425 21084
8781 16051
7746 17198
12341 19857
867 1315
8946 22885
3793 17637
9708 19596
5204 21072
23932 27152
21409 27811
3900 6760
3793 13051
9670 20173
5651 11916
9919 13902
573 11118
16249 23816
5189 13294
6459 12030
6263 15954
2120 24866
9454 18577
4775 13195
24920 26099
21273 23149
1196 26439
7824 16724
4866 11846
10594 23810
22159 23595
20741 21850
14817 23534
7194 25012
287 4119
15036 27497
2040 3700
894 6253
4009 25653
20078 22053
3000 23365
2527 25446
505 21481
836 10887
11273 25550
10493 22687
4180 7349
1622 10114
20558 23628
4557 9850
5128 21213
2833 20355
2619 17695
10121 16759
5882 25219
9316 25357
13505 21919
15725 22993
8500 21162
8717 23721
4355 24671
16117 23521
9238 12126
1725 23194
2760 4717
4056 21287
14767 27927
15182 18308
5543 21435
22970 24933
2130 9786
18797 20884
2396 17557
2691 19877
8439 24748
2927 21589
7350 16230
25833 28128
10216 11539
3641 20308
10061 16865
10971 13018
16772 25257
16953 21527
14545 24095
6587 16338
8291 18994
8921 13152
17353 19145
5175 5832
1992 27922
4533 16785
10197 14477
5864 15467
12676 24279
12023 22168
3780 16470
6696 21530
15190 21003
7985 12855
7758 9590
4871 16835
9536 19484
13282 14633
211 27790
6026 27926
13527 24823
11348 21426
8348 12285
7802 7896
9795 10457
2942 17308
7029 14276
5386 27687
3228 25272
15282 27508
22436 26753
17442 21270
19068 24896
18280 22871
3472 8154
7710 17412
19484 22042
18192 25276
13017 18329
21131 24297
15711 18073
24300 24935
14016 19487
2958 13900
2648 21761
6351 21990
3980 12910
5339 19541
15652 23516
5832 17642
10901 21687
7982 17060
16351 20831
640 18791
5057 25337
3753 16865
17017 23790
6402 16987
10768 19255
5588 21885
25451 26273
7009 12468
18964 24467
20235 20409
99 17963
18095 18635
7601 20120
8950 10408
11416 22254
5716 26753
11431 23608
8392 11785
4639 9939
9424 19601
6188 28099
54 20427
867 9123
6006 8720
3357 17762
1158 21727
6200 6707
10063 16323
3619 7166
22043 22178
3855 16617
3439 11305
6625 17923
13519 24076
14830 23942
1516 26745
2813 18281
8037 20045
16750 20671
11039 24095
22675 23325
6222 25452
4780 6714
12611 15386
4110 12437
6127 16210
4146 12462
11825 12055
4076 11205
1530 13557
11902 21697
6572 16386
17686 25657
5984 17383
6722 24508
3401 7937
11128 19863
1866 24083
5445 19891
1273 8349
4566 27484
5441 7987
783 6533
5690 11347
1349 11462
12686 23260
5116 12709
13819 25043
283 7119
17585 18643
5904 18572
13492 19347
1762 12945
5051 14080
9141 16201
5453 26125
8952 18708
9461 20286
11210 18828
9725 22884
7915 17073
10569 22897
8157 12128
9518 10242
14040 24245
10085 12923
6918 18993
4217 12110
12606 25927
6270 10200
11011 23982
8685 15854
4205 11710
10159 11417
4101 10039
4806 20081
600 22120
12244 25805
8903 25456
3757 27514
20069 25110
2396 7677
22236 22256
240 545
6367 21653
17443 18287
17796 17797
21746 21809
11245 15462
22973 27762
5822 18984
16081 27327
5994 26382
3922 21572
14003 26115
492 6998
18265 25107
5597 8011
2730 17789
3279 17115
14257 15402
5485 10296
15202 23557
19858 21049
13146 24138
18533 20171
8891 23590
1748 22497
18636 21797
17769 18358
18630 20465
18842 23939
7835 12230
13384 21915
2000 25507
1052 3634
23199 25914
812 11890
7152 23096
8650 13125
4175 26811
23510 25329
650 22651
4763 22149
6931 25759
4018 13255
341 20724
1713 4048
4751 12092
10970 15262
14113 19335
15470 18541
8349 21028
43 27779
664 22049
1085 2556
21804 27155
3759 22119
20066 23510
3526 15843
7613 11596
17760 20308
21497 21598
6737 9214
7643 15085
11141 24098
12900 20931
5618 27795
5722 12956
7645 24554
19135 19425
7603 25445
4252 20554
1181 20703
13215 25468
3037 15659
23233 24069
6037 7999
230 25167
13972 27643
3966 21823
1249 13313
3843 9569
7758 21929
4421 23469
5466 15200
6350 12356
2030 7688
3790 24096
3788 13598
8770 10767
18218 22454
1240 14332
4718 24208
12094 26659
2719 6532
944 24736
3872 20868
12882 28271
4096 23885
5007 5288
6158 26670
5436 17657
20956 22546
3381 22981
8246 27087
3738 25713
245 7162
3358 24357
5402 7000
13756 25607
17482 23754
804 21773
19544 22168
11712 13435
11804 14564
12498 23721
401 8402
10595 23927
1694 2816
19972 26204
9967 10382
435 15436
10287 12403
4516 27088
4959 6453
926 5989
11399 15319
5339 28211
14242 18823
621 991
3066 4802
3928 13126
771 19895
22255 27746
6108 27898
5226 22832
11884 23111
18578 24540
8882 10612
14228 17543
7205 19570
13619 18507
2378 19824
19817 24823
86 7289
10019 16028
3197 9569
14467 17503
10118 21383
3005 14058
14827 15443
15046 16943
4142 12639
15875 23437
7809 18259
22294 22857
5978 24040
8942 15196
19897 25943
11551 11925
25833 27221
2351 13015
2948 3465
19512 22862
17473 27011
6994 17530
6103 22640
6065 9696
1216 8024
9425 22240
12066 19314
24049 24823
12956 13328
3233 4946
14853 28182
3484 10740
2112 11627
3472 14809
11383 16413
7275 8155
17657 24280
22441 23775
19049 26207
12769 19293
2302 21555
2792 12682
13008 23722
1181 25887
9035 26978
16092 16613
4744 10708
2081 26928
9740 22507
3075 11088
940 24997
2379 18758
11637 19753
11248 13325
6931 23929
813 9527
11729 26946
345 16493
16276 16977
3090 10420
1075 3089
11143 20239
3734 14672
1351 4424
12672 26819
8990 15056
11218 25944
9065 21333
9737 24255
175 13565
8022 18787
5616 27040
6127 17429
7461 17146
1695 10824
19008 21959
15857 21480
8059 25237
9219 12361
2413 21237
2518 5617
4949 20850
11667 19977
7419 7770
10114 18721
6051 27579
8451 20639
13970 26405
14778 18906
3059 5585
5952 20655
6179 22369
24572 25617
1538 18287
1126 19115
1281 26120
7956 9154
14153 27517
8935 25329
1850 26150
4999 13687
5396 25421
25437 27536
867 3152
21077 24904
19368 24466
5970 8291
1823 12307
4562 15027
6032 12123
8419 18262
7701 22895
6605 11867
10368 11194
7935 7997
4217 7000
10594 27867
18824 27497
12711 20950
8896 23608
2381 8064
17916 24797
18704 25602
3728 10937
2646 23574
17975 20346
17472 22056
2740 4477
11444 17550
17913 24326
1543 11805
19994 25729
17465 24217
2604 18665
2411 4257
11200 24752
5273 13542
3166 15597
5600 27454
8133 15220
20826 25329
439 4752
3336 13927
7015 22625
11535 13876
8256 11540
7850 27640
16957 26399
13728 27988
4448 23919
9523 10964
7856 20440
10263 24244
3665 21945
14167 26554
12214 19337
1645 24856
6426 10925
20201 25886
7786 21875
10441 11023
9631 18034
3968 5663
1198 9281
11634 14893
7897 16428
3828 3833
8221 22780
22 25689
14499 20481
13527 19183
14991 15829
20931 26010
8996 20861
15637 23246
2927 22687
6555 19865
6720 21641
1538 17080
492 8966
2986 3366
20657 22322
1015 16289
4712 24554
21846 27220
7929 21377
18759 26744
8590 17105
6936 7849
27913 28035
1710 12949
24281 28181
812 2088
10326 19632
12941 28094
19150 25270
2283 18265
5906 15251
364 9082
1428 22910
10050 22689
9009 18523
8030 8087
3588 12403
13295 26566
7930 18566
3733 20577
8949 26060
1014 25162
660 14228
14632 28091
3871 18958
9295 12021
18167 26695
12356 21647
16587 21473
2467 12235
8291 12361
7205 14418
11809 15019
3102 20325
4015 16511
7945 27517
4038 19868
10242 12708
6635 17206
15757 26654
5584 16909
20480 20608
7567 27085
21397 21968
19306 26466
556 8831
1741 11907
10830 20758
11151 26232
706 22494
1368 3553
20715 24565
1 13802
3828 25559
26036 28044
9951 18658
15282 20036
2351 25287
2163 27952
4563 25757
11836 21696
2833 20749
1571 7795
2206 6454
2392 5071
424 28158
18572 20647
8649 17423
14979 17524
23111 26071
25655 26220
5047 5252
3587 12526
10497 18042
2899 10110
6161 27558
10430 14659
8250 27968
8438 25397
4778 18833
12908 17927
7076 26131
5161 23987
9702 27453
5485 26503
3608 27205
7740 13203
12403 16794
16772 25309
12356 27313
7176 7878
15548 24344
7652 22999
8835 16727
17235 17956
20401 27949
11504 24065
8814 24855
19736 21564
2976 10312
2935 23615
13496 27852
70 21473
3892 4142
13754 19247
4587 11798
14563 20568
4316 18195
3118 23122
7611 19108
2150 18830
9136 15727
13225 25992
1933 17356
14552 14906
10971 18142
8049 9356
16368 26457
1368 7671
3275 9915
1596 1666
10132 25750
745 18603
6009 13208
15376 22913
10617 22389
1960 11567
9699 19848
3058 18491
22186 28159
12634 26534
9942 15125
220 3154
2707 16192
12924 17782
14767 22184
3687 18910
4221 10920
5457 5936
8717 8787
22458 23426
8822 16307
10770 19508
4006 21798
2279 25139
10063 11171
7368 23332
4532 4702
11847 27398
13396 22731
18533 27569
8156 12346
5521 6794
905 17128
8056 9895
5919 27162
12549 19200
11463 28049
887 22910
237 19701
9881 18155
4652 26774
782 13512
13721 25893
6001 16909
6355 14136
2393 4229
7106 12740
948 10393
2132 14696
1399 15190
3622 9851
4101 19712
5089 13520
10643 18550
6580 18704
19227 19817
18659 24379
18808 21409
12483 25432
22787 25068
3059 5989
6298 10887
4407 25174
24461 25959
2182 27504
11253 17527
7493 12536
18061 18870
20119 23693
3728 17214
24795 27821
9429 23193
9774 19482
26476 26774
5062 17742
7475 26452
3683 9099
9461 27175
7980 18725
6679 23012
7301 21163
35 16983
1765 24053
10408 19184
1676 24773
15397 19249
4648 12423
7731 18547
3878 21955
27221 27806
13591 17393
11179 18255
2648 23683
18729 27684
5943 9662
3354 7725
17773 21139
8036 23269
8698 15853
4367 10062
11426 25328
11609 27189
4535 23655
9670 19495
5021 26970
11949 24836
2293 22269
11993 24068
11491 12895
11603 19592
11422 15090
19498 23467
2815 3256
15623 24728
15840 20245
10714 22892
5725 6518
12895 15556
1176 4626
12606 16901
3104 10300
1235 3296
5766 6562
11953 14998
9416 23345
17543 18874
15637 19842
6219 14971
332 14469
15470 25286
6518 20657
11080 27449
140 3761
2144 20813
8188 14774
4172 26578
14123 26721
4581 7503
14848 18457
3200 4641
6926 10734
12875 23843
4586 18384
24181 27579
2518 24846
14995 27279
15174 16002
2106 18274
15684 28058
1171 4660
10714 22064
15391 25626
5377 13289
4828 18521
6826 16122
14227 23883
15878 18735
3354 22378
9527 17728
8754 10415
873 22724
18300 27627
9383 20478
5917 23882
9838 10660
10794 18276
15741 18280
18294 19269
984 20675
3432 9088
14219 21000
4315 20298
4295 4831
1852 7375
10298 19020
18000 26658
9590 23161
15487 26194
4650 23916
5876 18529
9095 20563
2344 3052
5846 8230
3756 18589
3634 12709
11997 25400
18861 24717
10326 22381
8157 8396
4927 23348
3532 27976
24569 27352
9662 11369
3812 8518
8195 8648
2648 15565
10350 15676
20645 24708
8067 14755
7396 8868
10560 14657
18411 19537
369 11080
253 14494
98 9010
9649 18384
8939 16138
13485 17883
4178 15736
1343 20008
6215 22592
6865 9420
5219 19629
2671 27807
21941 27272
5852 24238
21498 24943
1429 21122
16794 24457
217 5734
12257 24122
757 6365
25 10553
7813 16946
9438 21234
2606 25993
25330 27284
22271 27746
15147 21101
3630 15825
7033 8631
8034 26115
16183 22369
3743 5821
17075 25854
1469 18984
21304 21407
20162 24069
10270 10559
5505 10161
2026 10000
20809 22461
5896 25828
6898 13002
10584 24904
1528 18209
4078 18967
22575 26187
12900 22338
10385 10702
7101 24903
9465 16901
10309 17779
1719 14534
1271 23762
1014 18324
6695 15659
1996 11524
17017 28050
13243 26612
10935 21577
17331 25962
7080 10015
13706 24726
4146 17805
6136 21592
5087 5288
3399 4340
9086 17481
6207 24765
7216 24659
3719 27101
16152 23756
11653 25956
13252 16257
2937 17036
835 10062
18449 20424
1613 3845
3068 21628
13822 25599
8595 16766
15803 24420
15642 26931
1740 3904
456 11026
16865 27314
12957 21029
10345 24243
3354 16276
65 20480
14997 18788
3624 13264
10714 17779
1058 26661
804 12541
11880 20667
6591 17310
16855 19601
3024 8039
1942 10306
8368 11698
4304 7998
5832 23828
9236 16823
3810 19579
711 4081
13005 27211
10998 22109
3889 14672
3093 8669
14386 20328
9893 24874
10422 25612
3086 19423
3890 5731
15694 15788
2339 15283
5366 10312
5539 9038
11539 21048
4439 25583
813 20918
18628 20242
9524 20504
9020 27608
359 17615
22094 24639
7068 7318
20370 22599
6612 24410
1505 18444
12040 18054
7828 9110
14418 23857
7031 21278
5531 19566
17005 18606
929 18867
18141 19662
3159 20061
6790 23584
1412 15600
4650 7414
5395 26819
3929 26717
8329 18313
2137 14970
24069 26073
4216 7633
14959 18411
12754 20429
2946 8167
10080 21545
16799 22832
9525 17604
5794 12260
9662 24062
13106 22799
6771 23348
10818 23264
1777 21904
8956 26061
13460 24306
16928 27932
396 9799
22581 23975
8924 11785
8777 9821
14215 17020
1026 26880
11091 20179
8373 27188
12754 14129
6106 7930
7796 14609
10569 16404
18267 26063
15171 22223
19289 27702
9121 13091
881 17219
8506 12602
3409 27832
5584 17774
4220 11938
4314 8972
1125 3674
6913 16234
4029 24582
711 7555
538 6017
7944 24500
6768 17461
581 17938
18011 21252
6770 14953
7136 16030
337 9404
1138 3871
19326 21368
6290 18219
5629 25444
8937 15904
23767 24295
11390 17022
4051 24219
2279 28202
6875 15284
21003 21380
2933 10929
5004 11696
19006 20322
5031 24095
7229 22923
18349 19546
14053 17070
5792 6793
13139 15894
17597 21499
7626 15600
7948 11023
15861 16785
22323 27816
1142 14479
14534 23096
12648 26419
9022 16515
2067 9821
2207 15672
18469 20406
1737 15841
1371 9190
4919 24772
10444 28150
7892 12003
650 19531
4624 20386
23719 24322
5989 21325
11667 27684
19753 24279
21123 24167
5418 15343
1108 8085
7091 12983
1554 11417
11028 24862
14130 16653
14589 14997
12294 27292
2952 18277
16581 23628
9543 20046
4518 28263
8864 18334
14707 20021
359 11626
3059 24830
19189 26061
16374 25638
7145 19267
8285 9528
20413 28092
13982 26220
19780 26991
4761 10749
10270 15814
3599 12994
12696 20162
4325 7386
9231 20046
3566 22379
17108 24492
18824 22895
1197 1549
13305 20817
5979 17073
25419 25557
16609 24897
22546 23585
1126 3206
2939 26200
17022 23907
19604 24571
6198 25658
18224 25580
14794 15811
925 18160
24057 25853
13343 21997
4827 7482
1526 21911
24122 27295
19133 25101
10923 20019
12228 12506
6309 23571
874 5137
8817 22802
15493 23690
2587 25157
5716 16150
183 4473
495 14243
3940 17930
12411 16443
8592 12272
5205 5270
7881 9671
6350 26784
17016 26830
814 19197
6490 6626
7487 26598
16979 22827
9385 18852
3683 26185
4640 14763
1319 7472
4445 6996
17013 22987
11483 14104
20469 24182
18206 23755
4165 19826
18538 28124
4361 11011
7568 11115
17943 26862
7923 27749
8612 18412
7813 8113
4693 24610
23396 25120
3667 18115
7281 11926
143 21306
17414 19916
2227 13589
20775 25494
10496 26753
20931 24934
5522 26559
22338 25121
1361 1797
7846 11064
3864 20657
1117 4498
15311 23275
1617 4072
12194 24104
22819 23655
6402 8150
9491 18144
10937 21881
495 12726
17499 24412
3532 8622
15540 19068
17522 20259
7350 21963
2274 6058
12410 23609
14104 27760
11712 25720
2703 4581
2470 3753
10446 11588
16677 22371
21716 22119
4492 5191
13649 23647
8587 17971
10622 20363
11281 21057
24136 25443
4649 7783
4718 22167
5701 5705
10954 21532
3303 4216
9746 17446
1349 21435
2522 11056
22143 25034
1273 7328
14942 21925
18860 28041
10432 14027
4309 22294
5386 25491
22857 26670
6363 9834
14592 18952
7419 25054
10698 26558
1958 5623
11991 16512
1107 20532
13972 18651
17020 24543
1405 14398
16406 20179
5977 14641
10986 23099
7417 10023
10800 27042
3197 10959
5344 13625
12938 25552
19736 19817
539 12278
6000 15063
5522 18717
16428 21315
876 3209
4759 21184
17399 21128
8364 28166
9591 26031
2841 6227
4300 23932
13411 23261
19409 26265
14599 22126
1067 1504
3617 13885
3762 9140
17483 18990
5383 22496
8528 14607
4293 14463
4849 19558
3472 16745
11473 23444
22269 26503
8388 13440
18679 26823
3366 8157
16117 28217
1042 4787
17847 18533
4181 25504
7461 18419
7985 24019
13270 14016
16496 27156
2250 9956
4010 23767
9590 16314
11438 24224
3936 15477
7419 20831
10532 25960
5497 14675
10405 25977
17487 24451
2066 2505
12349 28176
3296 23142
7759 14704
12340 14557
20162 21416
2634 18046
11825 19047
3059 13232
15558 25114
3126 4053
2324 11136
13681 18507
2709 14369
9421 9884
840 5961
5925 9250
10060 25986
9274 24738
15109 22227
5326 17966
4675 13881
1951 7403
21693 25673
652 16984
2711 27605
6495 7614
23315 25123
3354 5691
2984 12105
731 1105
7579 12768
2894 15003
6779 8391
19028 25306
19972 20752
3745 22359
22365 25652
5097 19502
3305 14901
4601 21011
7635 23663
22688 23361
15346 22143
2752 6634
12489 22819
4878 18454
4101 25140
19249 27811
4489 15730
10364 16598
7852 24147
1097 8641
10309 18449
6661 16348
5149 15036
7126 11558
16423 27121
22078 26775
2547 22817
6239 10974
1878 4050
5163 23726
3558 23159
1138 2214
9843 15985
4453 6087
1224 15749
12239 22983
16888 24040
13373 16812
18718 20901
2518 22729
11988 16367
15731 18950
6250 14627
12246 15955
1178 11562
14828 15430
6573 17547
11106 11627
15857 16608
8523 25214
22847 23721
9074 15905
14938 21938
7255 20310
16000 20361
11987 27390
10790 17555
1830 26075
11966 20605
7921 20031
1391 5308
5731 19713
22135 26974
3069 25272
14083 14097
19094 27120
16462 17481
1948 26930
6432 16268
14362 14428
3565 7121
396 23365
11286 18351
3285 14543
10152 23892
13064 21667
10231 21811
262 14183
3121 22814
7426 25080
14140 17798
660 18304
13481 18786
11805 22112
9368 14644
6668 26413
9531 26190
19675 21983
16065 18994
1254 18084
421 18384
9724 10956
5453 8895
18005 22416
8108 17684
11261 23178
706 2901
1924 17615
18113 19116
8151 8923
2841 24415
10324 11729
4284 14552
1773 10958
3593 7984
16314 25402
9811 15691
3625 4361
8096 25786
215 1047
3422 23692
629 10928
17137 24599
18208 24279
8880 14555
8776 20718
8797 20733
23822 24681
20627 22734
19633 21733
9393 13682
14563 23749
5775 7869
10242 16014
24937 25091
13373 19892
3741 7347
11792 17018
11094 27015
1421 12244
20323 21130
7804 16195
3793 15346
20524 22205
16594 21126
22893 25108
3066 22454
808 18368
17263 24104
7596 14165
11963 25666
5004 9784
8078 19672
23711 27533
4802 5352
2582 25848
5210 25564
7529 10630
1041 16909
1279 14772
2735 15582
7568 14409
8878 12684
17173 24351
2386 25054
25414 27223
1780 5342
9950 24750
4904 15047
9544 27782
1167 7488
523 16823
7314 12549
14895 16016
11216 21692
15939 22157
3703 14230
7218 11082
8405 24749
4388 6151
212 18660
3217 25638
7459 26104
3566 4967
26972 27326
22127 25468
18344 20974
25163 26498
10039 19216
19396 25019
1150 11722
1349 4650
14141 19879
21003 26740
11337 12166
7600 23298
25299 27932
11763 16282
18870 25557
16141 27393
3452 7084
18182 18558
10845 15705
3586 20991
14696 20661
10943 14402
21323 22476
19233 28255
1257 5010
4256 14694
1925 19718
9723 18120
21829 26027
13893 18277
19973 23399
4159 22448
12576 21981
11260 25439
3006 14145
2170 16941
753 5465
8075 15409
18910 26231
14576 27514
1541 22149
1176 5167
22215 24632
6730 15673
5864 11657
3277 13614
4611 14702
14789 25738
22093 24398
5849 17719
15448 22116
3794 5527
8251 17926
15412 16374
3488 4142
3393 18911
3599 23677
16976 23950
16318 19000
10090 13831
8734 13712
27417 27573
7360 16941
2748 10042
4190 10269
23809 24451
17713 19542
5946 23952
9260 11925
12271 22060
16193 25185
11798 15676
273 5158
16449 19337
19801 21992
7624 17046
1236 15874
16900 25730
5691 16299
11491 25522
16077 17950
9683 9699
12444 16289
2610 14713
15442 17526
6227 18769
25214 25963
18809 21557
3708 10244
25712 26654
369 27821
14156 22253
11121 16866
13618 15621
7079 8935
635 13909
1926 26841
12956 24104
12277 14996
3420 6711
13585 14378
6198 25270
7798 25904
19953 23254
14965 21636
24095 27198
17892 21904
9008 9746
3700 19851
15330 23408
582 1750
19425 20286
6227 12709
13772 27352
6426 18626
26113 28049
6865 17756
16482 26054
7763 25555
11436 14315
14645 18464
10857 24120
12580 21577
1301 22294
9762 23686
17636 19982
4081 21682
14228 19075
3987 19874
3779 4191
16120 25544
17751 23455
1067 7579
6750 27757
18398 22209
11989 17398
10839 18628
2894 9569
19496 22845
14546 14835
7100 13422
8730 12919
15837 20170
1505 10110
11527 25902
5569 9144
11627 18564
7907 25409
14839 23702
3249 25793
16535 20335
4860 26500
169 17561
898 15245
16403 21937
23144 24127
6876 26929
5791 14743
796 5526
8753 12649
3146 22922
823 10949
23180 25564
23425 24727
7323 12565
7869 28147
23833 27301
16688 21927
7686 8730
18065 24739
10920 18541
5327 27569
11963 17819
24032 27955
894 6166
7757 17257
3909 25025
13234 17953
22781 26505
16736 17725
10509 24054
14386 25117
1412 15056
12449 15128
16641 26588
5982 25992
13279 24717
5620 23785
5601 21763
6061 8985
6841 18300
26143 27279
3204 8135
2332 8730
4043 8097
4891 17926
13681 26405
5150 9572
20424 26189
17787 27484
6007 22255
3884 13389
13800 19727
10146 11830
5518 22151
1178 7496
16180 17898
8055 20207
12646 20744
4287 7836
7296 18017
2596 4035
24055 27500
1050 5547
14355 24184
1083 24890
20639 25443
13271 24061
23863 24425
8561 22300
20399 23608
1424 15650
13557 14288
15906 18046
22446 26261
4507 13579
4209 6656
1116 24023
3571 13115
962 2351
9174 22311
5249 21991
521 27312
5609 20758
24451 25699
3162 11315
3482 12590
18366 22010
23863 26061
24053 24506
9377 24069
5850 22910
1323 17963
4244 10841
4594 15823
9745 14603
14596 26573
11012 16742
3633 12746
4649 19251
16071 16324
21436 27006
21237 28070
7091 17651
9268 16564
16599 18203
1999 21552
4507 28076
3856 12214
23417 27698
9959 14257
15284 22591
1067 2135
5628 26730
19115 21822
10473 11473
2363 15978
23437 26665
2024 9466
3872 11727
8160 18850
2396 4931
5053 5719
8087 14087
8155 12540
8864 26880
24831 26413
9810 17060
4438 7243
6142 8997
1694 14480
11073 18950
7945 26981
21653 26429
11641 18654
22193 23793
485 17742
2500 6375
16301 23598
11809 25919
6221 20726
15874 21717
19843 22707
11692 20228
16261 16311
4818 23644
11806 16711
1047 27909
7297 19140
10580 26162
8026 26161
9091 22129
1604 18679
17880 18984
13802 20633
25340 25727
23979 24307
782 20712
18073 20166
2624 4329
1 25638
4244 19192
2489 14431
1936 17742
1529 6705
19900 22392
2104 10444
498 3361
7647 21945
6255 13847
13051 24072
2447 26324
2247 23829
5262 7527
17054 18758
10935 27795
13151 13450
4142 20860
12679 16927
18185 23736
20340 21251
12958 15691
8959 13098
6349 21780
19566 20554
14838 17687
17423 21431
14746 19576
798 27619
9522 13275
18312 18667
1878 25791
9281 24884
3622 14822
1979 27299
1246 27924
912 25280
1925 11448
8705 17588
22497 23547
13847 16845
9140 9956
4837 9974
15017 21447
10393 25140
6925 23395
910 7275
7703 10717
11369 25596
10339 20675
140 20947
5493 17250
27514 27987
3773 4367
16499 27534
689 19948
6871 26505
13956 28228
18938 20871
11132 13416
3997 16953
19134 21470
13894 22340
9174 17233
14437 22063
11300 27770
801 16019
5296 27247
5480 12829
21369 21479
20823 25571
14932 24053
1925 5285
19791 24338
1395 1411
11889 18469
16046 18521
7412 18669
10479 13695
7390 24426
1579 16437
12433 23222
1916 24244
3442 4029
2435 15232
23375 24078
6608 16727
22012 24274
16901 25699
8591 27016
786 14930
18800 19660
5886 10270
21919 24570
6633 19086
1358 11755
23328 27107
3940 26549
5802 14251
8437 15426
7824 24195
890 11925
5597 16883
1015 19576
18959 23811
14886 16893
12866 20080
22020 24127
1138 8817
8705 12246
14753 23938
3522 4382
13044 15991
18280 18591
1579 19154
3401 23372
17484 18574
7703 15697
2344 27702
19783 24157
5898 15041
7213 11295
5942 17438
17803 17938
9759 16636
441 18033
14771 19219
763 17543
16963 19140
12979 16979
3014 27243
14958 19942
23300 26413
14085 23119
12282 15736
1195 12379
1284 4424
18591 21950
1508 16718
10477 25130
7430 8730
18957 27991
14092 22531
22425 24127
7028 27776
14065 28082
4029 16890
1142 25977
3734 21970
18573 23683
7410 20876
4372 4700
9798 13117
4747 18267
1511 16922
3206 15928
2368 9968
5007 13970
25831 26717
1342 21719
6206 19829
4274 12565
5183 11281
19115 27966
7478 24424
23664 25775
1142 14228
4245 24379
12207 26988
12801 22015
12392 18346
2547 9617
11281 20162
410 17051
11989 18377
6609 9874
2995 28255
18706 21254
7647 9905
5055 20789
23011 26517
7606 12244
2339 20459
3762 14771
838 24857
7831 19955
14961 26670
18415 21859
1 8884
14157 16188
15079 25046
19548 22168
4524 27795
18333 18641
20060 21134
16356 25755
11300 26205
7274 25254
1498 9583
11013 21233
7676 19538
5359 15952
7623 25658
7600 22206
9998 27179
14136 16151
7621 24395
11145 12009
15711 22409
19479 25083
8064 25208
11115 20500
8150 16987
12063 26724
2240 22441
143 16571
8471 10217
10705 11773
5581 27991
23742 25059
4967 18521
3169 13246
12228 17560
3231 11916
4942 20121
15505 17259
3944 7839
13517 18113
820 14648
7002 26299
8246 20258
3936 5653
1908 10821
7603 25193
850 13924
11292 23244
1204 24847
21377 23665
27039 28087
11157 13086
22399 26586
9195 17869
17310 24723
10723 26752
25049 28063
10618 16263
2529 5572
8742 12878
11811 15443
9465 15376
11165 18605
1049 19753
9305 11507
20724 22907
1417 11592
6350 8580
12418 21673
3321 14568
2351 17057
580 11261
3803 23520
22946 24595
14340 18895
3110 6569
20621 21778
3624 13468
14136 15821
7915 11918
6404 12963
3702 23034
15660 23812
23721 26745
514 10124
9030 22417
3300 8536
315 3676
16660 19387
7675 25271
867 1559
3041 7094
2673 23332
13465 13476
1103 26322
18167 18249
2937 24325
3712 14736
25121 26989
9033 22246
12959 18823
2845 13227
2156 14131
4328 27596
13301 26324
13104 22549
1244 11789
2325 16151
24068 28258
474 15190
8735 21813
22449 22476
9776 17563
17315 21671
220 20046
24290 26567
9542 20032
10800 23469
60 22430
17335 22687
4778 4816
4611 26318
3797 27412
14390 15108
15399 27831
5219 27867
683 17049
904 22074
4263 12725
10146 11953
220 11315
259 20586
21227 22880
10175 21393
19068 26327
10260 10385
7350 24136
341 10767
6222 28008
16614 27574
18138 20742
21790 21993
15731 21409
4514 20160
3970 16584
27545 28006
6973 8714
3391 26796
23857 27018
3874 27085
11989 22457
13579 27685
11535 27783
7224 21748
20324 24674
16984 19242
21491 28115
16323 22842
18636 22240
10951 12479
1555 3321
1884 5522
641 24422
5183 9968
13952 24539
68 17027
18027 18559
2353 6754
12307 16356
7695 9524
3203 9737
187 2050
3720 7845
15825 23722
5611 16350
99 425
16865 25683
3314 7549
2470 6657
14767 20387
3373 23216
14971 20745
3089 25349
12794 26568
6268 10619
1942 8711
424 6131
23932 26503
2240 19140
2111 19553
1878 7087
2635 24028
11416 12826
11649 23061
6555 26663
3970 15996
9594 11788
24772 25175
19843 23458
392 4296
3994 20307
4263 6960
9184 11022
14763 18291
588 9465
26572 28007
9813 24928
15231 26059
9481 27083
874 17585
21407 21831
5403 13173
8669 20179
1398 7744
23430 23479
17043 22540
6528 17760
3442 16766
319 1293
10419 14968
3286 20791
7323 16941
11682 27770
2104 13116
7205 17530
11776 18019
7392 12959
24608 27314
5217 24495
2363 5010
1816 18811
23598 26003
3030 16154
14971 20948
3065 5194
2005 4414
18817 27611
16751 24513
24611 27175
173 17052
12581 14160
711 1138
525 17914
7490 27665
2072 25552
5149 12646
4640 10755
9489 21564
6692 22799
11335 19348
7663 10890
14445 23254
16446 24861
5263 16582
3338 14330
2826 9986
4044 19604
4450 7237
10881 14971
18700 27197
2823 17713
5153 7596
22765 27117
3498 27680
21194 24309
23880 25563
2869 20417
1050 13075
11281 19171
12009 23868
3644 18319
3784 22990
17836 20087
21296 25309
10795 20914
8923 9243
7894 14995
14641 24242
8775 13343
10612 24028
2172 25834
12737 16870
10945 18575
13158 25306
17017 20414
3965 25584
8080 22763
705 24283
4837 24069
7231 8520
10502 11817
21520 22553
4921 23935
4035 20639
834 2723
4732 17592
10127 16653
381 15015
11561 25525
2971 14555
2377 10626
584 9065
24653 25397
17141 28099
15529 19788
5371 16850
6755 10898
6459 22333
14998 20436
101 1641
20065 25632
13240 22254
1176 8544
21300 21958
2671 6169
1052 23525
10669 17333
19865 23409
3186 14234
4791 16855
5284 12444
14483 24041
11983 23034
4811 21905
23026 28034
396 18924
16940 21791
2692 6865
8931 16679
7005 12033
9368 15200
21366 23036
10388 19189
535 3842
9704 16159
7471 24005
7747 27152
10804 18059
13468 20990
788 28056
1491 14976
2425 18602
15015 20321
731 5520
13681 23762
4693 16402
25299 26559
3762 24865
3886 13379
2656 18310
3310 9986
2721 20421
823 6719
439 21264
5588 21033
15643 17019
4000 23803
6188 19960
1008 7977
15588 20273
11784 14322
8182 21149
10595 25559
10086 12260
2174 7942
9432 19369
4029 16766
2491 15672
8598 14016
2225 22329
3921 11621
3819 22322
13590 24406
5371 6055
10800 19243
438 3915
19874 20504
3101 9617
10807 22163
9702 12562
5371 20552
7516 9690
12066 19144
7698 20550
18628 21391
22045 24846
3690 9320
7314 26525
7475 12086
197 7550
5587 6657
19326 22814
10935 17530
5201 25919
5314 27337
9737 18211
11501 19494
1925 19343
22726 25329
10611 15762
808 23046
277 26615
5794 27923
5352 16183
6453 26725
469 19696
16474 23146
14474 26366
4004 23066
24206 25902
13527 23332
19212 24830
7269 22196
9915 19169
3050 13033
1613 11283
16157 20661
21409 21990
7523 15286
2210 24774
4217 17047
11846 27155
2614 11601
396 13494
7916 15689
7083 27923
6232 9281
10449 11787
8154 24700
2508 16803
15694 27702
1782 12494
4772 5701
6737 9165
3800 25519
446 27175
8654 12034
2270 9549
4815 4942
3287 18474
5456 16223
24510 26554
3318 13992
6869 17823
583 7987
9021 26573
3595 22647
13582 22956
3289 6155
8036 25871
8567 16572
6172 7996
7956 15964
652 17869
17782 26881
6896 14468
10921 19362
554 22905
15406 24593
5708 9368
2289 18781
2386 25167
17146 19356
18758 27095
3275 11495
944 8925
15633 27589
396 15809
12214 19139
9236 17779
896 10587
12508 16422
8435 23291
3144 17975
896 3068
5787 27025
15666 16006
12598 27821
21079 23175
7227 14010
349 6794
474 14350
4833 16974
14955 18738
5522 20752
1593 9616
7713 12516
13214 24248
5626 25437
3807 3989
4623 22254
8209 27997
8552 11344
15377 20608
2503 6426
19531 20230
1214 10407
901 9523
6222 24453
3530 19213
11124 24643
8007 8734
19801 24082
6875 21790
24083 26106
3061 8884
13665 14911
1505 21468
5782 20797
1878 23392
4751 24410
2810 5686
12296 12566
15896 19298
5716 12341
5651 7231
8190 24955
8183 21710
5410 17017
15550 20906
1325 25902
5913 18641
9834 22245
18265 23929
11078 23315
7814 15458
1097 13795
4603 25755
11696 12660
506 9717
10464 14033
15996 21617
7701 13819
4268 19368
2991 23275
8202 20336
14428 23619
2978 15064
10676 24125
12444 19857
18930 27150
14731 19750
9094 15519
22886 25986
4456 15777
14619 21281
416 2170
3634 6227
2816 17027
12102 24437
4226 6367
307 856
26074 26684
7935 10885
5691 18155
14572 22479
21057 22925
1972 16904
7289 17509
10892 13654
8412 24042
2962 22850
7855 12988
3231 26908
4252 25716
8168 24280
2505 25883
1990 22780
2255 19140
10545 21883
94 25178
24467 25713
6697 12411
4211 19670
5716 25652
6736 14552
14759 26422
6267 24773
17819 27085
2863 13844
14022 28068
4982 24042
17138 18376
1614 22001
2467 3715
1842 27042
9281 12397
14129 18354
13446 26946
5923 26413
13602 23703
18665 25461
1228 8179
11910 21387
16022 28274
18133 27373
22634 23799
11240 22199
15234 23366
12498 21159
21972 23086
11288 26688
25273 26807
12689 16597
16258 20046
1833 23730
443 19775
3026 21012
27579 27676
4218 18046
24864 25168
1807 7017
6139 22550
8880 26702
5984 23708
14799 22581
21491 26229
7259 10692
9969 22425
3816 7020
11457 18090
8434 26773
505 9086
7373 9616
2071 2760
838 19344
14033 14402
2882 22216
4671 11030
19123 23274
25666 27129
10517 15697
13329 23241
12002 23074
1726 15744
3472 24163
3849 13977
13405 17793
9616 21291
396 7988
8806 18115
21461 27052
6085 24219
13760 22457
4672 18641
4325 15217
19452 22966
3054 27482
2686 6832
9165 10693
3201 11463
7443 18056
9356 22378
13480 21516
10416 19019
3667 22104
16021 20661
7988 18351
15470 18947
13127 25951
1683 3808
17956 27751
17738 20137
13291 22787
10326 13897
9260 21269
3196 17183
593 24538
309 16455
21268 23390
12729 18107
10732 22416
1331 7411
5206 22311
3638 12427
10619 15823
4548 6633
1568 17137
6177 20876
1419 20995
8980 20564
12678 22295
17422 21881
1534 5548
2586 22802
4221 18265
6775 7434
70 12253
9591 26851
14511 16984
11926 17623
17857 18641
1306 3733
14672 19868
22153 23254
18121 27992
8801 21446
10956 11993
6130 13252
15862 26825
10935 14464
9632 13081
1713 25865
10593 16991
9196 22900
19275 27788
17214 24274
13117 20230
4933 8751
9851 23372
8070 14876
7611 20572
23396 24921
6103 22985
17254 28227
439 20924
14393 28044
21205 21938
495 7075
20668 28142
1878 18626
2148 20633
7950 19033
3240 5089
9927 25459
20007 25185
8220 19750
16197 22857
10714 15128
10935 18216
3695 8954
4812 22416
9896 27796
13349 20384
18413 24784
1153 8734
3099 24616
17902 18533
1942 11103
5716 7509
7325 24148
11183 14697
10393 12956
3619 15426
13470 24056
9528 21849
9465 16581
8418 25729
16919 24660
5751 14297
14287 25008
101 23254
18657 23461
8730 22780
15971 17768
20490 27393
13847 22310
13574 22156
4340 10559
8233 11941
12252 25329
23 26061
17823 18823
2435 19536
13859 27526
11641 12404
13328 19756
20046 27129
5224 14426
3762 7976
22702 23683
10309 17165
14657 23469
13559 13910
302 4194
2441 18510
344 27545
14488 23265
3827 28238
16943 22883
10119 19817
6198 11402
1593 25329
11692 16293
13127 20046
1854 2211
8070 13987
7037 16666
3648 12792
9211 14851
2816 13309
7839 25626
8733 27579
3360 19594
11274 15736
13262 16171
10971 14771
24444 27292
9067 11804
24571 26874
5066 20749
23275 28096
2062 21495
18514 26053
16979 16984
5204 24904
3820 13086
8311 25439
9169 24849
2168 23559
7858 28249
9281 15985
11019 26340
9942 19918
19488 24865
844 15401
5204 6404
2648 7847
9404 22031
4136 13705
11059 15724
3319 14379
5540 23522
9055 11812
11399 25636
10407 23274
17630 21407
9999 18358
10822 17199
1686 18001
8775 24589
3873 5716
806 1770
3415 23251
3788 25336
1713 6437
5359 23655
20131 21506
20795 23071
8122 15184
13575 19154
1009 25655
1787 21515
1934 14077
1925 25456
6928 17649
14246 22784
6589 16852
8329 26043
956 3028
4395 9270
19181 27087
1959 15611
2320 12087
11486 12606
4061 18920
22036 23318
18346 23932
6009 8717
11234 24547
6587 20127
10036 21806
16027 16974
7880 25803
2533 4123
8586 14836
7139 11692
8003 26786
23582 23722
14619 26788
1463 14022
14039 18029
3712 22112
6914 12367
11525 22309
15210 21841
8361 22678
21886 26753
12166 27505
9503 23812
12064 24602
14264 24862
7325 27222
7045 7323
10923 18281
732 14234
7031 11080
5913 22515
22624 24653
20162 27117
10973 19081
8263 8717
15470 23929
1568 9066
12495 21438
4765 17763
18979 26845
11408 18938
7512 26565
13246 14082
3228 5123
8281 17941
18403 19237
1162 21242
786 17586
6298 7930
4155 20209
14273 27300
5667 24576
7416 10951
4336 18264
13091 18626
16961 20579
20724 20758
7699 26812
4108 22026
20643 25019
396 24069
2527 25683
20046 21685
9393 18892
3005 4646
14008 24589
6972 13193
8085 17495
11825 23248
1727 17652
17407 21079
17032 18919
11556 11821
24411 25250
14240 18823
1956 19598
84 25265
14264 19556
8977 23855
8376 27643
5295 27606
19424 28046
12565 16136
16431 21915
9683 16540
3366 11045
15974 18386
4414 11207
14938 24018
14233 26541
4717 10660
5824 12769
15347 25190
545 22814
283 9978
7360 25960
25529 27011
10765 14311
2189 10067
10242 14093
2503 27013
5540 27290
12052 12647
24251 24947
5943 18160
14217 27817
3147 21029
2598 8889
19552 22042
11474 11484
18280 19134
10018 14158
12199 14151
11347 27289
4511 15538
8785 12538
4522 27423
9865 24772
21094 24104
8879 27644
11009 19877
9937 25679
7112 15853
11133 18458
7159 15843
11143 28028
3934 23926
8808 18277
25299 27247
4708 22203
26341 28059
10228 21462
4689 11997
8715 16976
514 24158
12402 14767
4472 19318
7765 25577
16858 23214
13718 19739
5890 14104
1144 6936
34 20689
1779 26615
3997 27867
21105 25174
14541 22857
8470 18497
6042 26785
8925 11644
7213 19312
21798 23905
6835 11499
5409 18905
4381 14802
2526 8363
15501 23963
837 6555
17322 19620
10473 16308
10600 24218
4721 26147
4992 17479
8016 9065
22771 22863
10630 16439
15561 24161
14129 20633
7583 15377
3265 21851
2001 12138
4469 27805
8523 24820
19147 27776
1036 9663
4007 14867
3975 27548
5295 13483
12724 15939
811 20537
15916 16184
11390 20409
17635 18726
8246 28211
13937 14288
5932 21412
21327 27607
355 5832
5056 8551
711 25452
21373 21633
769 7392
10935 26313
2941 7328
9897 21753
22616 26277
3542 24905
6698 14106
5371 26005
12161 26807
10645 27428
24855 27905
17710 25490
10652 20205
12591 17936
10450 15691
8046 17902
7481 13864
15657 22561
9536 24659
9038 14909
1609 24221
19254 22334
12551 18713
17952 24616
569 26989
12128 25049
11711 28055
26413 27150
3386 9767
4321 22696
865 18609
11493 18630
6965 14680
17828 21982
24195 26812
14857 27020
8012 13373
11722 27283
16224 21866
4244 25064
5920 17385
6655 18069
1825 24049
580 18879
14926 22860
19092 21246
13784 22321
23496 24503
828 5150
9239 22240
2270 14748
7894 27861
17232 19772
10954 14534
8343 9104
7216 16210
1564 9148
9313 18348
1527 9524
1795 17214
6272 18847
17952 26379
3080 22157
4938 8290
4921 23312
8789 9182
10146 16905
7698 16296
7543 25063
9228 27444
25687 26017
20008 23679
15211 23736
8957 17651
5774 19627
2105 5725
7798 8845
4367 19760
2981 4490
1404 13810
5149 7172
7531 22553
7007 22575
4157 24502
2288 3947
916 18250
898 21886
13875 24308
16622 20704
21470 25847
4270 23412
17501 21883
9592 22373
22163 22565
86 15354
16769 23182
17425 27942
10962 28146
4607 15402
9393 14489
3307 22896
6667 15090
21476 23288
4484 5266
1090 21831
13003 17922
16325 19444
670 5331
4168 18522
11484 11700
5389 9136
12169 18262
2710 4795
22688 27016
361 24240
2259 12565
7205 17906
24017 24586
3765 25229
9776 25886
11544 14238
11494 22496
9989 19885
15422 21666
9063 12030
15376 22271
4914 16367
3163 3816
7827 25997
20051 26691
2232 12219
14719 18084
10408 12759
12956 17963
17857 19539
7194 17129
11648 13953
26232 27352
8297 28276
1259 7224
21652 27020
14136 14306
8957 12321
5950 13360
7544 18728
14783 27969
2521 13756
7464 21112
13926 14520
15286 23608
834 23965
1163 12357
7758 22696
8090 24715
3146 21838
1314 11674
11599 15189
20086 20211
10315 26424
681 828
7698 12282
14911 20200
1741 8298
4737 23978
13890 27194
3781 19893
14065 21929
3689 23530
5609 7796
11164 11504
20732 23781
26546 26927
2006 12834
1878 10464
2655 9316
11535 13756
5895 10228
5546 27161
24928 28158
16959 25163
19561 24164
581 4237
2458 23955
12438 20901
199 4120
4849 17152
13462 27788
9860 27358
8689 25927
11542 24448
18298 27690
418 20957
9632 12490
3705 11170
248 19536
16823 24820
12082 14355
7348 14671
2420 18525
25902 27668
406 21481
1801 10015
1770 24266
19033 23129
471 19688
8048 9190
5845 25978
14556 17128
3897 14930
10487 14559
1725 4452
920 17842
16644 17501
21881 25281
12657 14997
482 19712
13684 24729
22331 28267
425 7350
5899 22517
2635 25822
1294 14410
17999 25326
9038 11987
3737 5938
20437 22191
7879 19762
10645 25957
7559 23939
853 1961
16766 27803
867 9298
18643 20096
3780 20424
8278 19262
19409 25137
5846 18910
4623 6084
5767 18521
9847 20572
2494 13679
7635 14033
21075 25182
9767 17022
7944 28275
14946 21713
9408 11030
4960 15247
1878 20758
15117 19536
3521 24659
11627 19771
11964 22584
396 2682
6935 22080
5075 18944
13590 13745
5458 15216
13275 14776
21369 24035
808 10741
12939 18138
1986 19319
5725 7481
7915 20532
9063 24069
6092 26353
3483 13395
17963 22046
1622 11804
584 20390
9610 22515
118 9026
9579 10959
10494 13597
602 18718
11214 21970
7063 13183
4325 7707
11169 14383
910 20748
5918 11369
933 19447
10872 17851
390 4966
8459 12049
13886 27374
1108 11295
4447 13523
1360 1585
21995 25109
15064 26069
17887 18529
3110 3239
5774 23942
4422 13542
9826 18241
1509 6196
3726 20427
7487 13091
25525 25689
3750 24676
4548 7595
14547 24416
14704 14820
2277 16991
2344 4627
7439 18419
2986 4757
4070 11636
22156 24324
3900 27841
11247 15833
12524 24553
14901 15211
21867 23622
20583 22409
15727 24104
7658 24502
9323 20627
10393 26565
7830 9005
1511 24681
18450 23560
13906 22644
11416 22161
7900 23939
16429 28033
16759 28109
1874 11358
3807 27013
5989 23628
1600 20389
14100 16961
2245 24491
5081 6601
7443 11118
20838 21098
13802 26930
16121 23754
9524 17812
7488 11854
505 8182
13291 15682
12365 25906
3910 11492
13457 22984
5768 13937
23104 26232
22581 23943
1583 11059
14257 26408
9869 25937
6829 14954
17584 21195
19701 21771
13227 22476
1162 13926
2460 22326
8676 18172
13104 17904
6588 9197
10695 23134
9009 12943
5950 17239
812 15511
8212 22564
23358 24025
23305 23898
8965 14136
1126 12346
1771 13325
13951 19132
8191 23147
6879 26299
2353 21511
22233 24862
5262 5984
10674 12341
12773 15509
722 25658
9215 22234
18163 23340
8985 18594
833 19190
4245 16517
1392 25823
4581 10876
4181 20550
6349 7202
2494 19948
18971 22785
7323 17819
14411 25397
9574 25275
1858 3207
2093 11439
7318 15901
8414 27942
22321 25992
23915 25107
2133 21881
11518 17747
2869 17917
7900 11479
9292 25847
2112 7695
6896 11080
23996 24836
7413 15567
23781 25563
6789 21081
23177 24253
6707 21859
16814 19827
14998 15047
3872 23075
7271 24904
7252 26320
12438 18718
8148 16513
2257 26194
14706 18454
9113 24830
8750 23614
5660 7009
8605 11569
4065 21328
3903 7478
3361 8868
10808 15410
15345 27815
3488 26372
17787 24886
2959 6115
1304 21353
2189 4955
681 15619
17404 20395
9973 11786
2272 23708
12709 13447
3317 12276
18265 21526
1310 9278
26753 27758
17902 20171
3098 8905
6913 17568
429 9532
9073 15561
8803 21523
14304 17141
10002 19514
15418 24693
22764 27731
9367 15220
10942 12768
3188 27591
23143 25783
1023 16597
18895 23736
11696 25219
9011 16975
2351 5409
12674 17067
10990 26100
13759 16652
1091 14276
13937 16367
588 27621
8003 8465
14455 15734
9927 10475
5358 25405
1801 7205
1477 6822
4849 8891
299 24069
5273 23229
11193 24263
18785 19264
10899 11034
1178 22139
1142 22884
10018 22430
14363 24261
24062 26153
20903 21306
2681 10934
4582 15386
17399 18621
12839 16939
13456 15603
2067 2518
1597 2485
129 5528
10629 23970
490 14033
5166 25080
23121 23399
8069 10181
8905 12124
4237 6009
25193 27681
4060 16504
18591 27296
926 18401
15108 22810
5297 8558
11891 12792
5398 6560
509 5196
3021 26507
5071 13274
2871 11059
9924 13222
1181 19029
13245 16094
9536 11992
48 2671
1134 21798
9961 18927
23070 27867
7360 7945
1757 12887
1556 14489
1043 1209
12921 23409
4339 19181
11571 20081
12010 17559
15983 16802
5517 24008
12203 27105
478 22739
4240 26079
7610 27841
9321 25074
2560 28041
24776 27382
396 13525
12708 15133
21450 23437
14910 26409
1412 8797
11535 21688
4555 13307
16917 20112
7205 16901
17472 23929
4373 27886
7450 12875
19516 27049
8044 9177
8271 17348
9415 24521
12184 17598
10454 25305
15464 22798
5728 24884
16726 19496
20622 22734
6497 21479
20005 23891
4295 18468
7514 13191
6449 20387
1877 27960
2542 27016
13827 18883
161 25273
19927 22020
6975 13697
1379 4265
1058 1469
10282 13343
825 16226
19242 23415
765 4747
1986 23619
9214 19372
4079 10892
15672 25732
17433 23931
3039 5023
3606 11630
15857 17141
14814 25865
16900 17883
16976 18107
21566 22892
12950 24323
19594 19610
13683 27706
2245 28031
22892 25116
19071 22390
14082 17541
1197 23028
8820 19088
22651 27514
6657 10242
8465 9574
18039 19909
14358 15734
98 17226
14781 27263
4197 11950
9429 12924
1902 27129
10498 13054
26223 28137
2003 7618
19374 23866
18745 22387
3138 21964
17165 22425
6940 24945
9065 21319
7300 23102
15981 28180
14830 23674
5583 27423
27192 28217
17067 18837
10626 20394
24087 27468
20705 27980
19683 23518
490 12997
14285 24828
16986 20953
12678 25065
14397 15251
16581 16582
1302 17106
5488 27313
4606 24936
3853 17322
15744 21813
21037 23546
9747 11187
1020 14338
24389 27455
9717 25882
8902 19329
21787 26929
12959 23619
11020 18891
21618 25781
867 5180
11444 22920
3219 13732
25280 27706
3068 4782
9402 16659
7166 7750
9710 17065
5972 26946
19053 22002
17521 23715
4217 24384
3036 10773
874 1722
115 2536
4600 19712
5369 19046
9179 27990
4442 19964
3863 16656
13091 15508
13946 15672
8817 25997
5346 23546
7349 9699
13543 25786
4433 24081
26137 26831
12730 15368
128 5835
5326 24251
24169 25658
867 19143
24820 24876
418 27438
6253 14592
4166 7947
14017 28275
22028 24122
24618 26848
15432 22634
939 18260
1978 3788
2325 9915
19910 26672
9590 26665
1228 19500
2470 5587
8411 9158
11306 28148
9550 22791
9773 22983
2882 9095
19023 20448
15128 17115
23119 25904
2129 12067
175 16957
7050 19005
5368 20544
12125 17029
20279 27317
341 8781
10826 24155
2767 4329
8081 8223
4755 16983
638 18938
3093 24275
2209 2344
1237 16446
12034 17765
4405 5275
13972 15015
14473 25406
21798 25976
3286 18715
5994 16337
6395 21831
6326 8990
7181 18843
12271 16879
22664 25297
15920 21633
1978 5522
1852 9821
2764 24451
3176 4004
9029 19156
4395 22581
8579 19140
14825 19942
2470 4298
2414 24613
17022 28082
3872 13405
13212 23395
1499 9578
1069 2087
5063 11952
10830 24952
11206 22814
6309 21438
8352 19247
3213 8639
850 6669
9432 11783
3907 5691
9532 21207
3947 27864
3382 21389
1162 21293
18901 27514
3488 28211
7695 21886
4328 10119
12754 14133
838 14744
7984 15666
5135 6457
1200 3070
3102 5889
6972 9724
237 17379
8478 18419
7223 12525
9558 10214
6672 14241
1795 4142
6247 9365
4286 26447
10523 20246
6381 11284
7265 18326
3267 4993
19775 27557
2617 17804
10917 11987
2778 25263
11785 12954
8184 8807
27361 27479
5731 11904
15084 26600
4110 26063
9141 12918
16999 22080
6934 18399
7325 27273
10344 12452
7044 23375
5967 7928
18569 26691
18115 25468
13704 14654
3090 20005
11252 11797
5978 22871
84 4802
825 11340
7276 12565
4166 16360
1295 16369
14783 26156
10624 11720
5681 6983
5676 15725
10253 12350
14970 23846
12578 18167
7950 10092
18369 19014
1180 6994
12030 18985
711 3253
5710 6299
1660 17963
8483 24576
7810 15015
2191 3622
9748 17963
19817 26503
22479 24409
15190 24208
9590 23696
4693 17630
16414 25689
8083 11198
19705 23897
2081 2331
14464 18403
17056 22341
922 13141
8990 19315
15673 20736
6668 22028
3885 23265
17198 17757
12709 16021
22897 23342
5695 9518
19967 21122
1933 2227
8488 11338
849 24056
3566 3663
12323 15666
14254 16584
16724 19335
16091 17073
8075 11022
15360 23244
11753 12470
10824 13720
2447 22793
5724 7176
425 21823
11977 16291
482 1948
2247 15725
7222 19451
6062 7469
11481 18529
20639 26554
401 10756
6608 16662
18182 24589
25174 26902
7768 19813
8560 23738
11003 20528
24886 26413
11919 21436
3376 22407
7756 11531
17925 24091
11438 23587
15162 21438
10741 18727
20286 22078
9296 21267
17812 20504
15477 26312
10588 20020
16246 21291
1107 3086
15428 24474
1688 7807
2412 7594
20 12596
14301 21480
9179 17443
831 21670
16276 18924
3877 8643
6929 24543
8665 13024
5989 10128
13113 27520
23836 27796
1066 11997
7941 22983
1878 24303
11766 16173
5308 19955
22119 24377
13595 16276
14933 25953
8889 26102
2269 20390
17080 25732
3872 25991
7900 24274
12194 14241
6295 6454
973 6004
7485 14016
1182 18308
4979 9264
14228 14342
950 22025
3276 8352
1126 26235
7813 18601
15804 26214
14887 22698
5197 9968
14053 21053
1125 2132
9631 18920
9747 15401
4831 8592
17331 25323
18942 24061
18533 19712
1201 10344
2436 27101
16924 26749
14697 21254
588 23365
1468 3900
6390 17310
15341 18247
1349 14392
4633 10397
1879 10054
19348 21407
4498 24960
232 9324
23068 25286
2088 8337
4004 8924
11870 17286
3859 6847
5115 19566
18629 21140
13804 25270
5 8775
9590 17214
16479 22046
9559 16152
10354 21497
635 11993
597 26019
12069 20108
3942 8620
7933 28177
8437 17202
5661 21737
8076 11473
17480 23236
8101 19967
3633 13239
14421 18428
3827 17821
9346 14028
3041 6217
22392 25329
4226 8707
6173 14065
20427 20541
5449 17645
9927 24575
4218 24738
3893 23593
569 811
8956 21730
12426 23273
9744 25545
4073 4718
5190 12889
10598 23535
2020 26074
14228 21577
19788 24874
16268 21881
13800 21171
7985 12244
848 2636
18878 25757
20119 22086
4216 18812
13756 27382
9369 20103
12391 19025
18007 27471
5607 6775
16992 21861
21072 23390
9651 18999
1772 16640
11847 12346
30 20172
13373 21925
14846 21387
4931 9745
3914 19043
3021 13669
6239 22153
962 17443
68 1284
11804 15047
3484 16016
21026 24232
6972 12188
8770 16823
12096 25632
8039 14196
21732 25855
8282 20305
22457 24510
16249 27634
21436 24827
955 3163
634 3555
3950 12184
4991 9607
16888 17577
24326 26969
10442 11559
10357 27203
18781 26062
7320 11047
11727 22149
5794 8438
18495 20914
13141 15098
8896 24540
8750 18772
7188 10800
3154 11368
16587 25230
19187 21831
2288 21377
7497 20904
283 22716
19541 20551
9228 27778
1785 20802
9811 13152
11931 23099
6528 27900
8923 11916
12029 16322
1755 19941
1116 8597
9144 22493
6642 16946
1826 20969
2740 11479
11450 22310
5458 23282
23521 26181
1993 10276
10508 25713
15072 23798
477 25929
10062 27418
18775 27314
13032 21138
4097 17649
4508 17155
2547 10285
7226 22076
2961 13127
9214 18704
1045 19287
4506 11169
1440 25525
2430 21041
9395 21958
9706 10100
2213 14033
17464 25282
19464 26267
18626 25468
9216 23525
5419 26430
22227 27040
5325 6054
7750 21763
15996 19286
14703 23273
3539 27121
6615 9552
2518 12855
3446 9360
13293 19616
9632 14919
5585 13373
475 17967
17906 22020
3781 9406
8930 18837
737 24904
16653 21715
6494 7160
930 8957
11880 27019
2456 22641
573 1685
6633 17902
3890 10464
7994 25648
18516 27052
10917 16756
2141 12766
12031 22481
21254 26728
20131 20310
3186 24001
18298 24611
11410 16093
1499 16907
2518 22035
1142 4247
3564 24965
12319 24809
3109 3534
1138 16809
15742 21791
9518 9553
6299 20493
14990 17383
10090 18044
15286 23365
18749 26368
8753 16850
14481 20265
15193 22769
3872 4623
400 3269
1406 27801
3113 24104
10287 27523
22217 24864
2807 10393
495 27596
18088 22290
7889 13211
7480 18057
3592 26872
3511 5349
3959 23653
4519 27746
3446 3819
7867 20940
1863 3704
5991 8733
9792 21163
3484 23696
2491 9923
6288 12047
6759 20356
1037 14590
7120 23829
341 22551
13581 20204
13541 20822
18679 23766
3139 27966
17450 27386
9701 19833
2527 10707
10731 14791
11508 18280
18792 21824
5262 23708
12865 22420
16124 23929
15882 23799
18471 26083
5087 16806
10873 20773
4896 27433
2880 3733
4103 7323
1986 18471
7128 12356
2679 13306
16212 24653
20332 26638
11241 27242
4100 20291
7577 8940
3419 18208
13077 14186
4802 17577
2936 13152
16264 18994
1142 23310
632 7152
6130 16846
3950 11351
1609 10296
15251 25348
1779 28028
1293 13182
2024 4541
387 25402
7981 16671
14106 20417
10460 14044
3810 9022
6495 14010
148 19683
815 2246
51 7956
3528 3667
10408 23726
1767 20554
2635 19169
11535 21139
22894 25110
17278 27024
860 26525
16924 18630
4833 14043
18527 21231
3484 18784
7523 11010
16091 22652
3598 7273
5655 22227
1005 23141
2922 25567
8864 27837
8891 18876
1259 23744
3496 11022
14660 20225
4623 12282
9060 11632
3272 18078
1322 9873
9915 11880
7051 15437
24782 27494
2193 5287
12440 26682
1713 4287
18262 20038
10833 11248
10254 24974
9027 26031
8237 10366
7502 16277
3995 9903
523 17779
11992 16058
6832 25083
2052 19443
9237 25057
18082 23978
17779 20319
3944 8717
4179 12114
7381 13195
7820 10242
7289 23600
21003 27684
723 23322
5660 9626
3068 15573
9448 22675
2329 27980
7632 11256
2739 3651
1727 15308
2521 13111
18679 24825
17126 17561
11916 26799
10828 22734
13114 16456
9882 26729
2143 25956
6117 19843
717 5839
4424 19110
21730 26728
10094 20278
13422 25228
4795 16394
15225 27844
635 18823
20861 23825
25638 26065
10747 14622
8801 25426
9683 26334
12614 23033
4072 7962
14280 21080
11982 24819
19031 23867
483 734
19494 24825
861 14834
12333 22848
20116 22419
11375 12131
12974 26574
1590 6284
6383 8730
13193 18308
6363 22201
2668 8296
3681 9691
2270 21450
88 25848
15133 24608
12100 22650
3457 8405
13809 14464
17952 25344
21222 27538
9344 24122
7987 11575
5387 27567
6718 26922
2591 27599
1767 4893
1177 12088
6131 6977
11457 25655
23876 26750
8180 13689
16404 23038
5971 11430
24862 26536
15050 18173
6513 14857
2466 25302
14564 17393
20206 21964
3192 3882
9019 22368
15155 25157
4711 27652
1529 17909
1483 5348
7023 12110
4379 12348
11654 19068
3915 13683
10743 14084
3164 13279
1186 16203
1266 6285
6182 15853
19171 27129
6426 16786
9038 23460
3069 9239
23572 24234
18187 28117
6284 24463
9504 25350
23159 25508
8596 13081
8398 10830
6972 16261
2412 11341
4748 11026
9906 13468
21210 28238
2430 10839
17513 24823
690 23566
4218 4319
2905 27594
1677 16829
19819 24104
3011 26147
6385 10152
15001 15436
5829 5983
11030 17407
6216 12792
4210 15729
12709 17492
4607 8157
3069 9737
20645 25414
11223 25448
3364 3996
5309 17543
21904 23892
7884 10753
10495 19942
8370 16193
629 17362
2000 7283
6562 28074
12437 19468
5832 14152
2348 27100
425 20008
14324 18464
3947 25810
12335 22238
12472 16982
9428 23657
24355 27129
19250 23926
15437 21061
5910 14463
176 27606
5547 13469
5960 7974
6516 25580
5249 22255
12137 14862
11323 16184
4024 9869
8560 8751
18865 22784
20747 25027
14631 14997
7571 16738
7021 8384
17161 19948
15052 27142
3421 12034
13387 16738
18429 22977
20633 25029
8899 10723
9072 18236
15052 21442
659 10933
10292 20310
24257 27929
24425 25067
3375 5669
20827 22114
20054 21244
220 24904
8871 17404
6608 12444
660 5004
15146 25435
3390 21798
10326 14425
8705 16559
10039 22503
16260 24721
5048 16475
6830 22651
10916 13549
4883 7804
11668 26038
5767 13396
9788 17587
1056 20053
6525 12355
4606 24349
387 2542
6417 16033
3652 7350
4305 15745
449 11020
19710 26774
7753 12564
3753 14704
1154 12026
25464 27459
11266 19971
8024 17569
14429 22956
15825 16890
12428 22640
17461 17969
9627 25065
6156 14380
6535 20816
6268 23998
14066 23754
6361 21997
1302 24764
9846 10023
632 8112
13091 24721
13863 18160
8456 14794
6940 8242
15109 26598
17597 21559
3059 18823
3953 7896
11094 14260
3258 5832
1039 14145
21517 24323
9114 22960
6891 26516
13910 27534
7768 24068
1015 24280
341 15695
9252 25891
15351 21735
5093 14369
17322 17565
6896 12925
15119 19062
11327 22296
23970 24410
5222 22338
4649 10726
14513 23630
867 22154
14017 14120
11575 23265
230 1624
18651 23102
19567 23892
9368 11082
9842 18823
1858 15148
11818 15929
5776 7224
7529 17222
418 19497
12773 22200
1254 6623
9306 14769
6334 14862
25781 26993
12333 26016
9572 12297
4802 7521
18852 21859
18136 23510
3762 9956
3073 27741
15048 20574
3674 24395
14591 23842
15201 24221
1117 9055
11273 20406
8689 23721
443 8898
1887 24689
10454 14958
1767 20162
4837 16183
1256 15334
7944 15882
4336 27752
4211 22112
14061 15561
7741 25602
16452 27488
9908 21489
11273 18725
7437 20504
1797 6053
5599 19368
12487 24131
3243 10961
5930 26489
9466 20939
12311 19566
4455 23143
7654 27459
1605 23871
3265 25636
13114 19130
9848 16131
9847 21403
2484 19985
18446 28080
9907 15084
5548 12858
3874 11368
3456 20976
6466 13922
1138 27222
24073 25055
19827 20313
14182 18591
2893 15139
481 19347
23563 28142
18442 25810
2942 6912
3449 21688
21601 24212
735 9543
15076 17907
4386 5641
12899 28273
140 26846
4447 14879
2061 19721
2474 8269
20732 24623
513 25286
19085 19885
8706 12868
20513 22040
17087 21172
15622 26310
3835 6631
8886 14995
6260 14626
8806 20558
4029 4600
17060 26147
18904 20240
893 23494
3709 25515
15723 20751
1979 27758
12732 23152
3713 17963
7772 17956
10008 27865
2170 2565
5917 17651
22798 28032
9894 25068
2872 27117
477 15733
3113 23115
656 1996
3922 8967
18822 25288
2595 7115
1532 8057
17013 24107
17832 19637
14995 16554
967 2162
10805 14315
220 5339
3987 12341
3444 7955
9008 10245
10160 13455
1097 2475
26204 28269
1925 26689
11746 26774
1603 2395
1425 11043
3904 5752
24611 24646
15906 25626
18968 20408
13421 26432
1170 27266
4707 24695
1609 22040
12726 19712
1688 23655
10937 12426
1181 18294
3039 23310
106 3410
17798 20754
3944 21766
2250 19139
1116 10084
12412 18520
12472 26344
11809 24280
13222 24059
27285 28028
1777 25919
13173 18308
9059 25175
15056 24798
5999 8767
2518 7652
3511 16640
9535 11295
1259 18919
22426 26299
7359 24864
11092 18825
2388 7214
17966 25580
16979 25910
6555 25740
15749 26396
17763 26717
14487 26257
11017 20478
14193 21826
9791 11851
12328 23333
23719 23954
13316 18854
5262 8846
6767 27573
760 7643
21014 27454
1936 8229
23410 26908
6198 9001
17214 23454
7532 18622
8349 24351
829 20231
5456 23143
5798 9038
910 24282
12128 12614
14456 26107
9462 14409
3679 5125
1696 8296
1921 17770
20507 22392
9225 27012
16642 21237
8494 9842
14626 16938
11630 26958
601 20227
20881 21968
8806 18651
11327 11634
5485 24122
7948 12363
21501 24143
25395 27147
8075 25877
1067 6105
2699 17429
3753 21945
9316 10557
15426 19771
3808 11765
2664 13383
5414 28166
1988 3235
15991 18177
10063 26908
2944 21688
748 24436
19304 19952
8352 17938
7508 17454
373 7237
7881 12119
568 17351
18201 21147
20956 21110
8120 10197
13437 18352
11124 12607
781 15905
1466 10845
17294 21689
14694 23225
1609 19816
14227 24616
9722 10871
4166 5913
8640 21126
108 1016
8702 27050
26134 26288
11740 16008
19948 26003
16781 20187
16480 19575
3940 23535
8802 9543
17249 26690
20377 24171
11695 16598
5780 21096
652 22627
1240 9191
4332 18619
17541 26781
22466 23591
4326 8924
7047 10164
8223 23344
1138 10531
1802 6780
2537 16551
1039 14339
11033 26254
18027 25788
13823 13856
7073 27932
13880 19546
8550 21194
15423 26062
2163 27680
9441 28055
158 11462
10330 27013
488 3805
13802 22865
20078 22019
4086 4166
14465 15123
5719 14035
5327 15477
21152 26466
5449 13726
5330 22475
17756 19638
12244 22996
16022 17625
1349 23070
17608 24720
898 9524
15151 20232
5448 21207
15985 24006
3698 19537
606 17875
20603 25867
25344 26379
7975 13208
4205 4321
5150 17787
17017 20652
9597 17597
22046 24403
7913 27257
2984 28060
13153 24953
365 2157
3856 25847
1324 19048
15676 17970
9881 24069
7598 12793
12440 15236
20946 28217
10637 24265
20222 26683
188 17364
2786 10644
14946 23886
7103 11967
13751 26098
10263 12492
9147 22676
16261 19566
1706 9502
8731 17242
9222 17562
8844 21831
18030 21881
23365 23437
6238 12236
16640 26069
23459 26053
1 20208
3987 5716
7401 23111
2744 17387
1382 27823
1925 26633
1755 27706
2213 4573
10693 23734
7400 25646
4381 27578
7437 7695
10865 24461
4386 21374
12253 26462
19374 24600
4967 24952
435 15001
18462 22877
1858 10678
10048 11948
18409 26544
12848 18035
17211 19008
11082 15610
13557 21266
1823 3537
3179 3694
14821 17832
21000 23945
1879 13468
2521 25894
17906 19927
13018 15470
3979 23904
253 16433
6514 22763
1670 19953
1878 27850
7229 23403
7324 12067
4833 19692
8075 27033
5030 5500
16142 26077
5932 18760
7581 16192
3940 6576
1308 20193
15693 22948
11436 22771
18119 19987
8349 16108
7297 18985
22651 27814
18019 25329
448 19947
4701 24980
11490 24082
7354 20527
22393 25228
2985 17735
21481 22446
9367 11080
75 27740
13097 23653
10885 18366
3622 17407
4029 24897
4646 9367
1185 23175
825 7828
13257 16891
12676 25580
13111 13291
2226 9066
4328 23944
18556 24013
6458 25993
15983 25260
9623 19116
5084 24500
22627 23194
5758 7225
12110 22390
21446 22322
5989 10330
1186 1937
2260 13465
21050 27849
6410 22874
1952 12888
3467 6737
10080 26341
5680 22425
13785 22542
17597 24105
867 3624
9905 12444
877 3424
8705 18931
8806 22216
27423 27594
2888 7779
3872 22588
3778 5219
24886 27569
17355 24246
814 18371
22581 22630
14303 17074
19064 25963
6590 14312
14911 22498
17487 27795
1331 25710
7665 21147
6973 9286
620 5579
7934 27719
452 17818
7461 15939
336 26100
15119 23207
759 20692
22511 24689
1878 21097
8858 12465
5150 9093
20953 25901
10018 14082
9873 23162
10747 16957
12621 13950
12231 26232
957 1797
1814 13106
10018 26775
9552 11659
12230 25716
8679 24451
15108 16296
4546 11196
2348 22693
22931 26418
20586 21828
20726 22568
580 23705
18348 24811
1477 27410
8437 12754
14240 17507
10825 23722
18491 21908
19909 27175
20122 25445
10152 27548
877 8806
777 3128
25525 25823
21692 25559
11111 20988
5210 21499
17742 24131
3734 8899
2081 2519
10652 28170
9377 22449
3995 23182
9059 14941
2254 5400
19442 22327
7205 23608
10821 25750
17903 27037
2780 27814
2004 4851
11311 20849
18141 20336
912 6042
14569 21886
7945 25901
11336 12754
16783 21801
11839 13661
6589 22684
4076 25110
2003 13353
4458 14465
1919 26265
11795 14181
15480 17245
6848 7987
18520 21316
1286 4682
2122 14538
4612 6473
5832 27351
22382 24879
10523 11915
2618 17017
3687 28197
3380 20661
6577 25848
14840 15201
19919 21121
21250 21569
10234 24709
15926 20055
827 25796
582 3881
19744 24224
10419 13187
14829 20910
10348 27674
16276 26659
24332 27399
3499 19394
1613 3779
5978 8685
13504 26003
3872 19482
12912 27299
2324 3454
10684 11558
17992 20480
10146 26559
1392 10662
8049 16354
32 10456
10462 15038
13970 16629
7833 24096
11948 13030
24112 26358
15712 28097
6790 22555
13419 16862
20199 25849
8562 11712
19482 27913
14129 23771
7176 22423
14339 20554
6387 12417
4265 24741
1961 17828
2423 2518
9821 26505
7420 10407
19670 24082
10309 18553
20376 24904
17556 23634
14901 24406
23426 27870
10075 16276
9294 27594
7737 21297
17755 26539
13385 20170
8876 9295
1025 17569
11113 24453
22042 25519
11325 14233
16444 19546
3538 19711
13309 23738
18 13222
54 26364
25257 27171
4489 27273
12090 13169
10008 19047
18154 25893
8497 10549
12956 19525
11085 20560
10061 25813
16205 19788
396 5087
1609 17534
5290 19023
12059 16276
11618 24551
8836 13970
20134 25214
18665 23113
16963 20053
6879 28272
3779 9228
12346 21886
5288 22679
11729 20608
14520 27423
11115 25658
580 6107
3406 15030
1273 8917
4623 24395
5712 5836
16362 23974
8818 12555
17419 22678
7976 14748
5734 14418
9121 18521
970 12068
23730 25523
12780 21431
8021 21661
1719 14689
5126 15995
21353 26806
4415 24410
7315 16455
3273 26163
1604 12598
17194 25935
21139 25607
6069 11207
8300 24189
10871 24062
3661 23036
14153 17022
17215 24467
13354 25200
14167 19169
2132 15705
14648 23338
19001 20998
17383 20109
2470 27788
13344 22319
8905 19016
1027 3072
7432 25306
5201 16386
20144 26058
19494 23254
11614 16900
7031 14257
439 10427
12086 18761
135 25108
127 3147
6707 18852
1635 12214
14816 18533
1119 19983
8924 11286
19244 26643
7976 25309
14297 16623
7969 26204
8479 21248
2647 9103
909 15482
6103 16852
1349 27886
9616 19230
20824 27887
22521 23311
6096 22758
1440 15508
21918 24721
9020 27222
1299 9939
5290 21771
2161 19237
4604 8397
1574 9226
2259 25106
10242 13415
12110 14065
8629 23400
17097 22595
2770 7987
1718 27152
18232 19672
5672 23265
5613 10154
172 11634
9304 24885
4827 16033
1668 4061
8158 15211
11649 14732
5497 25564
5510 26497
1925 13062
19939 22477
3789 4335
3609 21111
17873 27413
8604 28109
13998 16905
989 22750
1833 12639
22135 27168
23243 24669
5197 24624
3947 7975
2635 23298
6842 8679
1794 5213
10747 17056
18411 24576
2169 8512
20599 25117
5445 23390
14865 17791
2918 27862
22829 25294
10538 13553
11467 19575
6057 7695
7375 18400
4436 7950
8544 26613
835 3661
18927 23233
10529 19106
19002 25793
18679 23277
9398 27223
3872 21590
16152 24770
2028 19111
12228 17304
1878 13085
17779 20352
16152 18582
12483 17070
10908 26553
15064 18319
8370 26838
6861 22189
10416 11261
7832 28048
7715 26555
7318 25163
4004 4517
15792 18903
15660 22843
24317 26365
19481 19789
10981 22409
3114 6681
1689 1959
5901 12757
22107 24450
24965 28099
14017 23559
5104 16861
4581 15477
6827 25694
1748 15182
8054 27698
6244 14604
3878 22311
10692 17187
14275 18489
12090 27611
13345 25746
6975 27482
1948 5327
9120 14772
2474 14879
13779 26559
4325 25034
8293 26710
17851 27331
7228 26780
15426 27197
11477 15251
16124 25012
2369 8155
9043 23162
10054 26169
19058 25803
10708 25784
6495 21537
1112 17146
8057 14767
15383 18593
6260 20895
25273 27369
2414 15772
1659 10824
25817 27342
17852 20833
13535 24028
5371 9226
3872 7205
4831 15251
8940 22254
11102 18414
7036 22764
15670 28013
748 4465
1141 23737
1151 5710
4896 24721
569 14771
13905 23915
4577 27316
4652 26243
9803 14273
23433 25716
12768 16720
14912 22226
426 11884
6848 17550
550 11954
12709 22418
949 3185
16047 21798
18225 25503
5354 5651
7335 19765
8601 16702
15182 22081
3666 14633
4155 17381
11953 21766
8460 27288
5641 14520
14667 16604
835 27418
12209 18411
1270 5821
4148 24872
23553 26077
502 4567
22306 24217
6656 9992
8152 19565
2724 9289
19021 22517
20733 25597
11783 28070
5383 7362
763 20550
8292 27015
8818 23762
5219 16276
5289 17429
5204 12428
6578 14103
87 15786
789 22479
24032 25956
3729 18435
7227 9563
18313 20685
3931 22645
3859 24415
7878 27712
2547 14377
6295 10462
7948 24177
1727 12800
7201 14600
17503 23425
220 25397
4581 19715
5504 21209
8410 24555
7923 13965
18118 27070
25091 26476
1339 19669
991 7743
5041 23278
22196 24664
4498 25083
12033 16036
8213 20583
7773 26654
43 11538
4646 19033
24364 27798
1425 6215
692 8478
15179 21240
782 7536
9538 21391
25580 25904
568 17641
11307 19775
2339 6883
16532 20853
1609 3269
4192 24675
23356 24252
9011 11322
22093 25793
8309 10385
401 16770
24478 25135
257 16053
4802 27613
1005 23864
1680 27125
9915 27208
3624 9170
4551 23437
9053 15009
8441 11250
8479 19122
1246 5322
8237 20120
8251 8746
2704 8011
4791 20092
5651 24934
4198 14514
4522 24242
7737 13598
9837 25610
19972 24378
2544 22200
20665 21207
7031 17963
12101 17031
4564 11539
3927 25920
17530 24374
9488 13810
4606 8858
13222 14817
14435 25725
17253 18400
2320 26584
7545 15604
16764 22118
14534 18255
22179 26373
1510 2087
16208 21447
21535 24665
3059 7956
7911 10298
5481 10800
193 26143
3522 27371
4278 26339
24374 25402
762 3200
16297 16689
14911 22141
3738 6891
9421 25215
9939 22901
7938 8407
4534 8958
8522 19428
2648 11816
22117 27560
1525 27867
22399 25329
24090 28218
17023 25930
14884 16574
24513 28006
3465 25725
16243 25044
1534 8924
4708 10715
904 3863
3531 21990
2667 5300
3038 18921
13111 27420
10505 23619
14988 17264
4326 15721
3619 18369
5873 17176
18619 21275
2336 16435
24098 24112
3592 27625
19217 28275
7940 15106
7828 25504
8657 21849
13285 24999
569 2202
2785 23579
15297 26728
7233 14391
3999 26841
11034 28117
539 27096
8841 21798
5102 10531
2291 2349
3544 9940
23187 25443
11553 14486
3381 24211
2247 8492
23857 24477
7816 14511
13822 18563
1505 22102
13328 17844
17296 25838
689 15621
1712 14253
9727 18649
18404 23625
7441 22810
14937 15072
3946 8679
3146 15937
7329 23597
1013 24485
8356 26497
3592 25951
21891 25251
9213 9659
2252 9465
3622 25823
11540 14563
3892 12855
2001 17742
4951 9335
1602 12296
1138 23106
5208 23766
11728 24036
640 27247
8267 28194
4968 12852
2872 16261
18641 19021
11452 22130
11250 14782
8511 16958
5636 18241
909 14671
10494 11682
20031 22202
2215 7172
27152 27569
22841 26958
2470 23557
7043 24398
2664 24831
18362 21622
5401 23430
11609 20563
4622 25208
10607 27451
14207 21925
18894 19953
3900 27078
4597 26151
33 18679
1349 13764
12798 26840
7166 27788
14275 22208
2232 15862
1260 24904
6455 17847
2539 5413
10390 11674
2556 19342
10102 19441
1927 5941
14559 16986
6711 14133
11343 21950
5479 21708
20126 22150
1103 9923
7950 17787
1734 8528
13681 21826
16744 17337
787 18133
6289 19566
6411 22492
4826 14823
3491 13764
2150 14439
18520 20711
923 5002
7054 10428
5371 17768
18042 26449
8370 11093
7746 14392
4761 7002
4340 25245
11415 22183
15344 27013
16012 21098
5988 15346
6169 20748
5417 16222
11133 26706
812 1589
9333 16888
6127 23495
3318 3928
1089 20695
3601 17815
10907 27221
13078 24199
9067 23361
9382 23876
2058 22230
23177 27988
12396 16328
26024 27719
3444 20557
161 12196
872 12812
17867 21406
11786 18137
9173 24334
1878 5609
6849 8830
670 18795
14091 19434
514 22010
5694 13227
6026 14594
7329 18015
1878 22415
9226 25272
4671 24551
2431 23678
5949 26333
21456 27279
7835 25220
14555 23776
4963 13478
1529 27013
6418 21687
12830 16284
6136 9535
20 18732
6510 27702
7213 22308
7721 18742
11311 23897
3797 24848
849 4422
11093 11657
8438 15575
6086 12451
7158 10476
3475 20400
6402 12997
5378 5708
3388 24200
8080 27375
2303 23365
6905 22448
6110 9087
18824 25291
7976 8348
13725 21438
13610 14294
3877 8290
527 12847
16509 20931
10849 11078
9524 14203
2326 14479
175 24444
12612 22322
9903 27969
11153 11464
4251 20115
7401 20715
1075 28027
19400 23329
850 21228
15660 21507
21356 22345
4038 9422
6158 21196
11109 25950
15419 25676
2031 5737
16576 18259
2826 14893
12537 22740
8536 11344
1068 21380
4199 16396
3070 26333
13466 22913
2412 9678
6426 18206
17262 24950
2378 13532
2288 10146
22226 23085
1860 8954
8524 23698
1075 2793
13663 21003
17302 27198
1587 20544
15439 15717
8134 26545
3829 4780
2521 21038
8434 21812
3236 24265
473 19038
5079 27597
13038 15542
4175 25962
4097 16283
5359 20537
22581 24562
3257 17367
1851 14264
3845 9685
14451 21788
20329 26053
11409 22885
12521 16979
4857 16289
22255 24474
7025 20552
10545 12833
21455 22986
15236 19081
2940 3759
16088 21991
10762 23103
6342 8939
609 618
4237 22985
8448 16055
20538 20846
18310 21630
5691 22151
8959 12292
1925 3181
6042 9211
711 22892
11397 19085
4373 24492
5734 7945
2329 12225
1085 8151
16367 16493
9092 10477
15685 17490
2435 25081
2542 18366
5196 22440
10488 17725
18427 26676
8675 25548
4501 17603
10219 17941
12270 27805
2035 21279
11712 16808
7915 14145
4447 9263
1686 22012
4061 13291
2172 11445
8757 13515
17509 23372
16489 22716
19219 22769
9246 15844
5759 17069
4857 16940
17218 20960
3147 4724
13329 20285
12647 27085
12139 21610
4181 23147
15847 19562
12038 12918
16373 27823
7676 16794
3666 10971
8151 17938
17141 27790
24723 25540
1240 5206
2035 10607
1613 22104
4751 27559
8725 16170
5371 20250
3359 14464
21456 26143
20230 22787
7318 8377
292 10264
22533 23265
828 4857
6765 16644
22469 24739
406 17489
17550 20000
8731 25263
3670 4732
6962 9010
14564 18795
1324 27374
15941 26249
16769 27517
7758 21545
10934 13824
13555 26787
360 21446
13214 15282
19692 25658
6280 7420
7397 11830
24610 27205
13190 23278
6539 12397
21149 22679
642 25698
12076 23243
7987 18020
25107 27646
9881 27830
8511 13278
15047 22276
12083 25718
5326 26808
18619 26003
3173 5232
3287 18195
7320 11657
19238 22870
5956 25280
18909 19817
15814 27502
8242 24509
1887 5694
3500 7041
15660 20526
16976 27963
341 23455
451 10533
1959 12356
9356 22425
2086 6079
7529 16110
13484 22384
8766 18353
891 16301
12740 20654
8392 9077
12781 16901
5949 11024
21768 24217
17013 26776
458 4480
5728 21784
4971 10894
8001 10344
1440 9220
1727 14753
8996 23825
4732 23286
8690 27834
15136 15213
13015 22446
10218 26113
7878 16850
6001 24326
3940 26404
9424 27718
11337 13239
16989 26073
230 15301
17487 26851
841 12581
9720 21450
4671 15808
3128 7849
22630 25011
9447 13157
15222 25550
2245 11020
2245 15739
6876 12514
11348 22892
5989 25278
387 3641
3741 7946
1392 8974
7002 20797
6567 17936
5635 26537
17378 17541
18118 28044
691 13980
2423 12980
19252 22430
5203 15260
25760 27482
16731 23816
13154 19877
3376 16171
1468 16286
11678 14044
23617 25743
15721 21577
5284 24104
1105 11725
15812 22712
396 20301
14520 24062
16201 19892
19892 20554
5579 6940
4477 22511
2573 23197
14234 17702
19817 27279
5502 15196
435 10408
3394 13604
4273 26955
13384 23143
12194 17527
1425 12614
8641 9898
17422 24069
10487 11804
15298 24659
9250 11626
3554 6967
581 14228
4198 7352
12512 22213
64 12632
4029 13249
16083 19972
8966 13209
14393 19545
3598 24979
8750 19023
6517 6876
17766 25658
8403 25975
8434 9952
7772 15796
313 18938
6882 12082
491 28074
21504 24450
16708 20161
356 5989
12213 21671
6261 15196
10720 21991
6861 13197
16279 17440
8924 9600
22331 23454
19933 28208
1466 18481
17427 17848
20722 24923
12011 23738
8424 18317
12708 17630
9305 13663
8977 23191
1688 23104
13584 25606
13599 20940
8140 11394
4496 23573
5691 23615
8884 25638
26781 27618
11950 25730
4672 25617
22469 24082
416 5274
10587 14604
14677 17080
11417 12375
7576 20565
17115 22688
8086 20862
24575 27502
56 13839
12505 24610
572 7368
3810 11134
4269 18846
1153 19445
17129 23929
6566 25987
4159 19005
7721 8827
6105 15772
16105 24081
10805 17527
2040 7971
5528 26622
3534 17754
6316 16077
17718 26832
14348 17616
12341 16694
5821 16329
9491 16949
4261 22227
21762 26005
7205 22925
3046 20238
8002 14709
9730 16467
13892 18740
852 13914
2547 19446
22897 26531
4029 19493
10752 15762
18999 23433
3851 26866
11134 20480
3953 19848
1208 10825
5978 22640
12740 20257
22079 26429
1613 3528
16955 18199
1070 18233
8972 19728
21761 24904
16640 22511
5798 12778
24069 24644
3013 17418
12861 13027
3761 21118
5943 24406
1661 14489
10127 15178
11033 13041
11492 13287
19788 26617
514 24229
20083 22362
2111 9175
11746 18575
17521 23667
4209 9683
1018 1254
5061 10490
15560 26122
15670 19273
808 23861
8281 13240
9127 26956
2247 20994
1672 24367
1052 10846
8471 15476
1505 10049
1272 13800
828 20667
711 6222
3244 4162
4736 7814
17693 17698
20136 21423
2651 18753
21946 22287
5852 21027
1819 24899
12679 20849
676 8209
11017 13081
1103 3128
5747 25008
9460 12708
3738 24747
10419 21359
2132 12010
15224 18521
6069 11192
7971 9696
1188 12341
11035 19355
25712 26874
15268 23814
1978 18771
7205 27300
8462 26663
5502 15480
15024 20652
2317 26741
6879 11168
651 2150
5768 12105
6385 27548
5599 12262
19878 21730
16600 23619
5838 20867
5196 24057
7149 22738
10391 15687
7525 17837
15825 27642
4445 21024
10462 19486
867 27922
13382 16356
1545 7247
688 22787
19200 24419
3573 9919
13168 22448
25265 26661
20842 24131
13091 18400
24011 26436
10200 22285
12726 14840
331 14962
8145 20477
15338 19272
18849 26100
52 8068
8835 27554
18 19419
4216 23258
2967 13802
23 2210
12884 22433
5921 15549
3003 23613
4393 16170
10164 21505
4106 9043
6337 21458
2740 22768
16545 19857
13422 23330
4671 13282
6258 17982
9490 19347
8349 9625
22117 26510
16071 16953
25108 27017
16565 17296
5545 10026
20778 25017
1491 13937
1014 21359
16679 21766
3014 19337
17241 19876
11634 22321
15284 16090
9103 9217
10787 12964
319 21424
23705 27932
1610 15360
4729 18626
13806 26945
14359 21770
5488 12290
22664 23265
15224 23474
8861 10286
6629 14964
7984 24477
11143 17319
175 8143
22469 26770
13968 14039
16955 22664
3143 19219
10156 25575
8925 9416
881 15874
11193 24557
17443 21400
17963 21341
12356 14345
3287 13363
14567 27424
2660 18649
14758 17422
10312 11092
12346 20701
8610 12832
15023 21404
3878 10525
3057 18308
11034 21673
13246 20956
4626 28014
811 11807
3802 15768
9175 18343
10788 19309
23456 27890
14473 25886
7521 18218
6825 24407
19042 20337
15020 17143
3882 22315
23254 27821
8497 17700
6608 13547
11124 23461
2647 9272
17931 28150
22025 24104
7647 21423
5462 7390
1579 5328
24069 28275
10799 13137
21088 23909
12124 27467
11879 28239
9468 27438
15056 23085
3446 10210
544 4099
17902 27569
14032 19565
19710 27185
9111 27112
15467 23400
3326 17757
6935 23661
19174 19843
396 12640
9638 17394
11347 16767
2718 9647
6255 15610
11009 19347
17953 21092
1259 14897
14623 20235
14504 18679
17115 26186
17713 23990
14124 15874
4581 14816
1371 9093
5941 11667
7774 17782
10039 11732
4309 27294
1543 18598
7162 18211
387 6166
22954 24676
16191 27091
3472 8597
8638 9333
9528 25878
27104 27725
14771 27702
7498 13328
3410 5738
14879 18959
19105 23698
10838 24023
11763 12879
10612 21638
7855 24543
3296 25754
17914 26743
152 7929
8767 17166
1135 21853
7420 27797
811 21326
2807 16930
683 5984
10045 13119
13256 24463
347 18442
2931 14140
18941 22679
6833 9012
14352 19193
19853 24122
9205 13101
6226 9243
584 22688
12040 25632
16184 23186
51 7162
4645 22438
4597 22806
1440 14606
16437 23433
7734 27605
3011 21853
25428 25813
10646 26018
14713 18732
3518 11001
1353 3940
16629 21149
1456 1925
12656 28158
4471 7993
2129 9167
3900 5004
14519 18037
5522 16905
2677 5614
10230 14891
7689 8824
19086 26413
10680 18619
4806 24576
5957 9064
8802 22481
16999 22242
1795 20258
9663 15216
24193 26027
23566 24074
12862 23892
7017 11787
8785 23730
8039 27608
12971 21412
597 7132
9418 15964
21057 25107
3358 15437
18436 25977
13799 23932
22457 26554
4581 15717
21098 21848
5072 12496
3643 18732
11331 20363
11080 25306
7375 24366
6517 17838
7885 13999
16329 22278
2883 18787
2571 11192
1544 9119
207 21279
19965 25261
193 8363
17481 26736
3564 27326
2716 8265
25848 27391
14997 15832
1768 17434
7467 28177
7047 18647
7205 9086
15866 18919
8872 23286
595 25311
313 2943
6629 14304
23926 25623
19971 24693
20417 25059
1261 23210
3378 13091
11133 18972
12598 14951
26709 28195
7915 11090
5318 10661
1597 27178
2849 20564
237 20230
2637 19744
2351 17496
10230 22184
1434 1759
7987 12257
7387 25260
4677 18630
4507 4542
867 1947
5014 8423
11273 23818
3368 25944
341 20442
7508 15224
20257 28205
2965 7412
14067 17782
19675 24435
10061 20355
867 1040
11682 17749
11005 11128
830 1162
6256 20913
2847 28044
2688 28250
3625 3895
13405 17543
4185 8106
8717 20046
4597 20178
17196 22832
9260 18535
6882 13609
9406 27835
6414 13831
8352 24047
15511 26676
4076 11387
15986 16489
1770 27837
16160 16510
309 15064
7493 8987
13980 19287
3882 23780
8781 10620
9460 27279
7902 23024
265 4646
13209 14629
897 18361
3414 11415
16954 18762
17757 21849
14452 23143
4263 22548
24026 24053
12495 23679
2189 9250
5839 24175
12154 17340
17128 24309
18110 21595
5010 16953
9656 16403
10056 19446
20775 27822
14245 16984
5852 21173
16453 19559
3310 25658
1306 7354
3753 6348
2495 27087
19480 25107
10169 22183
14010 18369
19706 20541
25800 26098
22322 23015
3164 28147
11648 28061
9374 9882
15696 21887
62 27686
13915 15926
4433 15888
3185 17486
6801 7768
3609 9933
9005 26000
4009 18400
9915 24104
7 17761
406 26601
5864 21635
7038 24244
16367 17814
3655 19136
9518 25443
22824 26593
7035 26963
3554 18378
609 2328
184 13225
4717 26798
7793 17787
19372 28115
15491 18474
6987 22166
12828 22885
10801 16162
16862 25165
21610 26876
12274 15887
12740 17169
5477 13383
10419 11443
10099 19386
2789 21596
2205 17265
2596 19409
11077 21449
3970 17944
1529 27684
1761 3665
12709 13810
3846 19748
9690 22562
7791 16694
1036 13809
1452 27129
11590 26181
717 3700
9610 13027
18743 18772
24539 27034
1349 24040
6703 7611
17278 25369
10844 21615
12383 23733
14955 22012
3401 18046
485 2067
9332 18004
19140 25879
13668 18483
10778 24090
512 8038
17279 24237
3506 5751
11932 12062
4646 18130
5082 22835
1948 9563
14384 21343
6541 19774
2490 13806
14793 27569
20914 28109
8075 16477
1663 8085
1180 2894
2170 5359
3484 26578
5878 25875
13689 16555
292 14452
21067 22896
12879 24412
8624 25200
12715 24354
1270 16694
3210 14514
640 1254
6773 6796
1925 5591
16900 23525
1814 4316
4780 4858
4248 8305
9563 26413
3868 13805
418 26011
23615 26404
7725 16180
7323 12423
9915 12444
9997 19584
11943 15263
18319 19262
3194 11970
12506 24453
19578 23339
862 12664
867 9865
6037 7315
2508 6277
7073 18449
8799 14693
3527 23719
13945 24326
4111 11718
8924 22293
1306 17938
6168 17542
14332 27130
12194 19643
13097 22885
5989 14807
4156 22591
9444 22329
811 19549
5026 10590
13228 19241
3816 4373
3201 16264
11080 18134
5916 26457
6062 11893
21463 24829
7266 25729
2222 16225
18050 25083
2619 17735
7568 14697
3609 6819
7929 27812
8499 26497
4782 23576
22984 28081
7696 8140
8384 18003
2496 19500
4509 26621
12056 21798
20703 21240
12324 18572
11540 24706
13600 13798
9295 12421
14791 17456
20799 23083
745 15321
20705 24207
3873 12399
10086 19254
3633 23412
8718 25030
812 15659
11916 14418
13492 22130
2779 17053
15341 27837
3840 7565
8657 22956
974 17198
5923 6633
8048 9416
15343 22156
3344 4995
6061 14760
1200 15723
25315 27696
5100 25096
5609 24465
2326 21680
2050 12097
1925 21976
16961 24557
11809 21058
10449 20477
15642 17747
18321 22650
1399 15064
20695 24028
8188 17635
9553 11335
6220 23334
2087 7950
3753 7820
2341 24772
15088 17446
15536 19741
15678 23163
8637 9989
1614 4837
6427 14420
13230 19474
16210 20162
21011 22780
27084 27569
22576 23430
4482 22652
21066 27596
1755 8309
13862 25433
1140 13987
21554 25095
7548 23239
2547 10284
14228 16679
7387 17067
15325 18718
11565 21351
16855 18591
560 17397
18669 27875
14989 17742
2929 11521
10362 16511
25612 27158
5989 12483
16760 25254
7459 7789
1910 13422
9323 18126
13686 24847
3161 15793
2342 10360
2376 5516
20922 25766
3167 26480
6100 24485
867 5678
12112 17692
5815 22040
10846 20459
2348 3645
9573 20282
19990 28139
14242 23762
10225 13741
6370 24303
10348 18087
15355 22559
21766 24274
3566 10023
2291 26499
6848 26340
16547 25329
3674 24884
1555 6573
22184 22186
6342 13261
25602 26333
18720 25986
16905 23705
9002 26735
7375 10935
12632 21915
972 19628
4666 18334
4384 10831
4571 19180
2714 18947
25444 26364
4646 13707
14400 23615
6773 19195
10286 22605
7597 13487
10086 26676
8251 14817
17140 18929
8958 18328
12185 18174
11124 27092
6198 17338
23292 25711
5993 23898
11980 23691
8924 25287
4447 18946
14989 15308
20242 26545
9356 26509
14642 21323
16421 17351
2003 9689
10242 24122
5716 12956
1305 14564
16694 20503
3562 16349
3872 14975
6848 12598
10815 25432
13802 17639
14618 18529
22667 24904
3019 13555
3423 27896
7015 7440
14849 14912
7695 16545
13543 17886
10522 15111
15722 18959
18 3197
10309 18736
8535 20088
19510 19598
15361 18341
5505 9923
13178 18703
5117 24934
8483 11571
19801 22755
3790 6972
2883 9874
4256 23437
3769 17443
8493 10922
265 12853
4038 5184
14770 16276
12762 27428
6800 20390
4231 11780
73 5832
18826 24598
23214 23663
3821 5313
6471 23782
16020 21811
1614 18477
4280 25072
4775 11676
15798 22389
9215 24745
19208 22998
1900 23282
5978 28211
18369 19426
949 8357
17955 24104
131 872
9201 16894
1067 24577
2067 13208
867 8990
3544 3944
13062 25902
3572 10795
3098 16794
16770 27173
7113 27024
1034 22501
12436 20623
1184 12661
14057 21770
8159 21798
485 8852
7141 22771
8690 27594
11218 25919
11399 27195
24823 26706
16801 18796
1745 2447
867 26127
9380 19710
5595 9563
13306 20979
2521 4626
973 7387
6147 18572
16991 28078
768 16901
8185 24029
1469 25265
22056 26625
4846 25522
4102 10042
11256 21944
7766 17203
9557 15736
12346 16694
15182 22254
8925 24823
954 11653
7743 14937
9993 20475
9820 22215
16850 22547
5236 15226
10570 17186
20945 26551
9550 11369
4295 5561
22464 23285
5665 19086
1511 25470
5907 16430
24301 27201
2880 21484
5228 25301
9648 13225
9747 17263
9423 17419
3299 8485
9241 14651
21390 23062
1434 20633
21717 23063
14044 14480
6680 7020
18136 27499
2581 3420
15766 18362
4567 8445
5348 25736
11225 22506
12304 21744
1614 13208
12443 26340
1736 7106
5722 16386
10868 24854
10279 17367
13134 27194
10487 15141
1925 27668
1975 7154
4675 26061
9288 14555
8746 26141
7341 10748
11082 16107
4693 16386
3762 4388
7791 25206
2130 12051
9082 26902
8265 10044
10638 16923
8957 12145
2246 15780
3661 27418
1689 27313
11030 26591
21109 28139
7023 27899
14738 17443
21990 27811
106 17383
16333 18651
1828 28232
5609 21473
5988 11805
5293 18496
1165 2832
11682 14838
11131 18850
3923 18118
11047 11657
2301 19116
2104 10948
1071 17543
8963 18430
1387 10712
611 25651
12792 25271
581 16679
4361 9086
12941 21291
2796 3801
894 11552
12361 21958
20323 22992
1936 22847
5 2518
2512 4672
5734 10294
11735 15497
1925 25688
2518 6363
3126 4843
1997 2696
178 352
9356 15684
12601 14947
17507 21699
16094 18704
18593 27912
3872 14791
4150 8807
3147 17999
23266 24645
9988 21223
14631 27010
27448 28044
9846 10171
1925 18380
6019 26086
16475 25106
16683 22180
11082 19750
16374 27726
669 14685
22690 26262
10784 17725
16504 20224
3667 8415
3126 12180
4552 10578
8057 28231
3963 23836
22225 22446
6346 17627
14771 23225
7703 24855
5988 10844
6298 24687
8261 23824
15316 17214
2162 16420
21157 21659
10284 18827
8411 22154
9252 16704
2547 18521
7287 10032
7064 25761
1630 20874
23705 26559
14360 17584
2096 7205
10128 14633
23469 24545
7167 23885
21025 21552
6793 20740
12388 22012
10480 22795
1823 22323
3065 16143
2635 5540
20876 21904
581 20427
22147 25693
9438 20029
14409 16974
789 3779
10839 24756
5915 16478
1343 17263
17872 23178
2526 19275
9206 25032
5607 10961
17238 21801
6539 10959
11011 21165
15751 17438
3761 8676
18529 26909
3793 11082
7641 19468
3269 22052
4127 14368
21637 24145
18097 26081
3052 22546
8351 22048
2031 27869
8168 8565
18304 24095
8621 15946
16305 22445
17933 23633
24203 24287
11366 25096
3331 10061
21929 23176
1852 1902
3892 5989
3270 3419
867 2418
19576 25428
152 24954
13412 23082
19756 20848
9019 22591
10170 17842
7374 11674
5907 11322
369 14129
22425 23863
19296 21919
8478 20918
9710 25912
3643 9543
4367 5743
1174 18521
3125 27606
12056 16986
1434 14361
8284 24259
7290 14280
6962 16328
23324 23619
8705 25876
3099 4821
1904 5019
11295 25537
12361 18435
62 10457
2412 21611
4282 20123
10444 15561
12228 25971
20417 25366
1142 3900
8240 8807
20590 25975
2162 20382
439 6413
1416 2477
2655 11789
1015 20222
1 26238
20258 27087
2872 12994
25838 26654
2045 5691
7927 9465
23892 27197
12643 19033
18114 20227
11944 17035
1720 19991
12124 12835
5925 17047
15038 20608
1505 23852
13155 25817
1909 3364
7939 27286
19242 25337
7911 9704
17412 20219
2423 22306
12715 25226
5174 12578
13973 17922
3114 5544
4732 19978
25302 25463
12210 23829
8501 24645
8665 22989
1246 7471
5358 15672
8515 18535
19288 27165
3354 8770
8937 12110
8454 25057
9543 17851
12792 20415
115 8405
5097 26429
3286 13282
10618 12582
12494 15321
10624 20169
2647 9662
15027 26027
2667 24803
16979 18095
2097 24535
1116 24122
13291 18034
10764 27497
6499 8034
9179 17726
3609 25271
17880 19140
18088 26830
8027 10368
8500 18172
306 26405
18414 25582
2524 22510
16787 22942
6888 19565
12057 28250
11711 21471
561 17742
18985 25402
9294 19377
825 4789
10033 11181
1635 20586
7911 23106
4618 14996
1733 27362
5767 8801
22104 25732
9263 24906
17782 23316
18485 26676
1898 14828
3002 24804
9907 19931
20635 28088
962 26131
6215 21029
1755 21635
11916 17027
25046 26150
4061 26151
16094 24963
3531 8964
9552 16339
1412 19061
5850 24326
4870 21067
593 22312
22309 26613
4632 17530
884 13328
23455 25777
16806 21424
8254 22074
4594 25793
8248 13756
8935 19109
5208 25140
16961 17238
12346 20687
5609 19827
5453 26787
11348 20950
18738 21010
14459 26161
889 3609
8478 14976
15727 16754
9141 27739
14724 19122
428 14130
6209 19192
5691 14443
11408 12954
990 14330
19759 22711
1380 2048
12726 27314
9226 21925
4199 10936
8924 16429
9631 12792
15057 22616
17511 22237
25518 26017
8502 14974
126 13483
1035 9574
14334 19286
11727 15670
4287 15723
11183 18106
1962 21869
11677 24218
7144 9901
11712 25621
1687 21627
1402 19680
193 17847
11409 18521
21250 22312
11193 12368
8657 18787
9256 10019
3757 16794
2714 10920
8004 25620
5971 24254
5724 17996
19909 26766
18554 24025
8085 18055
9529 19796
19325 24548
10935 24148
5095 19411
1074 19644
898 19857
2709 11315
12479 17717
3885 14129
17562 23469
6931 18541
24281 24457
6618 20551
15837 23104
13342 14247
11027 17697
24904 26199
11113 20837
16534 24061
2284 20053
18603 23356
5540 21908
11052 19380
7647 15426
8039 15730
2940 5609
3561 25638
7285 18605
319 18001
24453 26567
4782 14571
3428 10840
3708 4302
15825 28277
6636 9908
13274 18428
10393 19169
4972 5485
4881 13106
2288 27932
6666 23152
1512 3326
7038 26200
6523 22984
2939 10262
5295 17733
23187 27861
9896 24295
7314 11078
571 27513
2087 6619
9153 17574
5756 21149
10972 11991
4952 23932
7001 7631
2906 16744
7524 25265
6999 17742
3733 21849
1713 11535
12467 13740
12896 16328
3729 24526
10225 21326
17941 24032
8454 26770
9899 21716
18110 25807
2230 5984
3038 3256
1860 22012
14088 15402
19242 26644
17525 23767
9535 17519
7707 24589
8733 18820
569 11199
7441 24557
1467 25494
9948 16950
2087 10747
11484 11538
2617 3428
14092 18218
21015 23202
9035 14844
20238 21891
14184 23619
3379 15335
21355 23892
6713 9847
4525 23589
8988 28085
15441 27306
12537 16465
3302 17521
6350 21951
16454 27770
10887 26329
12864 17593
867 15429
13763 24286
5004 17907
8556 8658
3700 9285
15376 20373
3927 10904
5816 7935
3249 22093
7932 20512
24660 25816
5275 26620
3169 8806
15985 25949
1617 7162
2019 8959
9933 21518
3187 5949
22830 22900
1707 7813
4282 13718
1126 7695
834 14518
3503 13527
14433 26867
6255 6705
1767 17523
9214 25468
25294 26620
5861 13515
9491 15431
23379 24659
13121 24539
11651 18663
13864 21828
19167 20550
11317 25283
9687 20196
5067 23764
2189 8715
14072 19004
10493 25019
957 3800
10134 22992
17696 18458
22161 23525
13789 24771
2708 21260
16328 24667
15970 18700
19047 26456
15467 21635
6497 21257
11653 18900
12228 22481
21857 22246
6895 8337
23997 25771
7222 23105
6882 22570
14423 25505
14393 19544
5758 10495
4645 20179
21438 24582
3192 7774
1064 16802
8750 17274
4299 14586
544 3882
3778 9526
11462 24951
9101 22885
6419 19797
2721 18874
10622 25174
1801 22308
6702 18646
3712 8191
5978 17717
6214 16906
8074 12403
12413 19351
21643 23461
10351 21716
16131 26982
4352 18178
11674 12651
18817 26929
1635 25220
25270 26458
21335 24720
19004 20144
10876 18369
9446 26753
2894 16702
1294 27044
1294 6760
8785 12452
4347 25356
9038 11563
16569 21018
3019 18986
14681 18669
1181 24437
7858 15565
5112 8715
956 1421
22373 23243
24005 27128
1705 12392
7877 10420
13203 17880
6888 20799
16991 20378
20665 24371
396 9616
790 12661
3997 15429
2882 20258
23461 24181
19675 21695
9095 9226
7248 20544
17636 22642
12090 21528
10166 24876
24754 24831
6897 7783
11444 25842
13535 20695
9901 14399
8140 17621
6700 23139
17076 17842
13272 25270
3910 13287
15133 24601
9843 25794
3598 16964
4496 9557
8148 18350
6239 22168
11668 28155
14208 26540
463 24042
10990 25689
8681 18348
10879 14837
17479 21512
6474 16112
5406 14231
4037 20613
1018 22240
13704 22707
12677 14564
12423 14559
24935 25781
19370 21438
289 25219
9631 21123
1015 26608
13892 22415
10413 10699
15133 25331
2575 3221
5083 14889
4600 17902
22150 26595
6832 13447
6719 8579
9090 17795
3677 6722
13710 19303
7490 20813
16094 19469
13297 14835
1672 4990
1021 2180
9991 15891
8581 22183
7482 20741
6857 13172
7002 13585
1755 2708
12660 26590
3059 3073
1999 21268
21746 28044
18376 21856
128 3779
12356 14444
9367 19417
15333 17930
1324 10307
6377 23758
8462 10714
6196 16713
18209 23225
9730 16550
7822 21179
403 11047
22149 25090
11194 20739
3052 6994
1856 5317
21240 25887
13489 14244
5181 6973
8564 23578
7600 26413
9553 12956
17407 18541
10072 13607
7114 20424
25361 25437
2113 22010
8357 27514
8116 13647
4109 11785
2336 7375
7086 23298
8398 20273
7702 22947
22467 23264
16622 26772
767 22858
2362 17319
23550 24129
1948 17013
16526 23203
4782 23644
11023 17125
6594 16155
9992 23162
6437 14854
5288 20758
12388 14029
16937 22338
2832 4581
15634 19131
523 6954
5991 10935
8889 20889
10604 24736
495 12598
21616 23377
18738 25414
7836 14920
10419 26998
4902 21067
13088 27455
10662 22729
10496 20292
12078 25283
6288 25689
5897 16271
18861 23686
1729 26503
10076 11144
14344 25626
7571 10971
20504 27966
8751 21665
1027 19350
16689 21915
3848 4930
9055 23102
14771 20046
3846 15370
49 7042
6225 9525
10942 17962
21293 25110
21739 26074
11866 13059
15205 23303
15064 16814
2653 14538
2886 23695
21438 23277
12496 24278
2732 19169
4642 7247
15822 26363
7947 27824
2460 6946
4964 15257
10974 17263
11797 21226
7782 11243
18911 24321
12331 18810
18003 21991
19190 26580
396 6626
3528 11283
3210 3311
2547 16615
6518 18318
7449 11442
3724 13611
1309 21886
15177 26336
15442 21679
345 7998
20409 21481
13343 15085
8836 22151
14276 21077
17847 19086
7702 15064
9465 20758
9180 16109
13092 13339
2996 27903
358 11644
17003 20319
2556 15214
20982 27946
2724 26107
2967 20689
4954 22959
19900 23390
7854 21447
2433 4209
4761 11397
25494 28232
10974 25283
1264 15759
580 5522
835 1264
10473 19961
8700 15063
8270 25035
439 10694
21228 22531
16219 18203
464 21767
11221 12979
19290 26236
3344 25683
13823 18988
13550 22448
25308 28134
17076 23274
16874 18735
4116 22266
17560 25991
4609 18491
8925 9847
18950 21351
16253 17713
17747 17938
562 16427
14577 16543
10701 23719
2894 3300
6238 17232
12943 13183
20378 23808
15376 27621
2064 2960
3049 23178
824 24927
8937 24861
5413 8309
3080 9939
8858 15857
4358 14630
1172 7987
16324 18593
6837 27854
3910 21360
6177 19409
5052 16563
664 14724
369 1435
18522 22238
1672 17524
9842 25114
25445 25810
17905 27274
12426 15094
10884 18296
1140 2557
4956 19500
5481 25327
3540 25758
10711 17200
2311 16976
2245 5989
11439 24980
874 25595
15082 24493
524 20367
9308 21642
4577 16884
11104 16351
25590 25927
9678 12068
19704 21852
6667 17977
13104 23520
6811 24809
7267 19546
4956 14288
7585 10155
2512 13677
518 15149
6239 20071
8044 17896
6633 8846
12556 17963
10701 25755
867 18524
6792 13203
9291 23853
9234 9903
17909 21099
5466 9098
13583 14379
7603 26542
7058 12854
19714 25120
12427 19289
5201 13328
6531 10598
952 14544
8578 10436
1242 18257
14513 27393
21091 25381
19156 24061
1354 19004
11431 14798
11248 28155
2828 16597
4365 19195
5398 11079
4581 14637
4761 19189
6648 24325
19454 28106
7009 11674
11626 15758
16582 20554
10325 25564
2696 3986
1368 20969
26626 28077
15532 17696
23585 24061
6142 15910
16457 24045
19004 23346
11637 14743
9436 9598
2280 21010
21491 27259
2685 25655
19712 27569
16753 25986
1064 8220
3644 22947
1672 22892
21407 23983
16885 27091
4073 4813
7073 7975
25138 25414
14579 18462
1613 19289
2892 11798
21326 23052
15576 17215
15942 20861
12462 17911
396 26053
18054 21943
12647 13110
1795 2438
13187 26153
1461 13328
7290 14452
3088 6896
1281 22388
4287 10460
2285 11944
1920 16452
16704 22124
2413 8721
5493 23457
3872 15672
7849 18673
25059 25133
4674 22449
2460 5531
1369 24041
862 16753
2696 15763
11399 16539
2635 22416
3448 9297
381 8751
2757 6350
25262 26261
8300 27893
13331 20267
6239 8597
10836 13241
4600 7793
3447 21605
22469 26640
22498 27520
17263 26554
11696 11953
13443 15474
1775 11073
555 16055
4353 7816
3417 4691
7793 9563
9699 22919
13564 14912
2603 22581
4524 19668
12655 13475
10998 22813
7987 12356
2326 7379
10618 26346
7763 22117
6350 8430
4085 14863
5010 13456
7746 16439
25664 26965
6842 22387
7985 26775
339 18870
19448 24136
19300 23110
2550 10541
10579 22479
2255 13266
17457 23237
1097 5505
3563 25112
565 8807
10283 14914
1993 17100
15301 27423
13325 22976
25059 25653
10052 26447
448 7813
16338 20332
21525 22320
10258 16968
20749 21746
2250 8465
10794 21610
19410 26554
1511 13804
24138 28072
4782 16313
4846 20983
21909 27324
16278 24828
4464 23919
22580 26929
7828 20661
12770 16052
10293 23550
14140 23721
635 20726
18115 27795
19895 22644
6674 14705
20032 24138
8970 14266
3024 18415
10410 12970
14968 19037
7708 18649
6767 24955
7015 22663
5651 12523
3336 17028
12798 18820
3353 25094
8456 19175
9405 27633
12956 19576
8646 16388
7744 15973
4319 28014
6032 13893
8122 17961
9248 14407
4062 27484
16362 18619
12156 18208
13578 20586
7604 27234
2635 10178
8767 15284
22666 27685
2387 13745
1023 4209
1349 21205
1900 16552
14604 21861
20876 22040
3718 26598
3622 11629
4595 17605
20245 22543
11368 19982
2759 14911
115 21315
13347 20170
23608 24232
3848 16124
7871 24224
8054 15312
8430 12836
19505 21619
11997 14035
9895 13583
11079 17274
3377 22962
15366 22255
12860 25160
8599 16118
1899 11199
2945 9193
6533 26753
460 22516
5089 7566
793 14029
4087 6868
14907 17647
2022 2530
21688 24167
14119 23254
2894 10830
10973 14218
5446 23435
8717 21849
7358 24062
2396 26413
2491 20205
11618 22393
2305 18009
14317 14451
1970 26984
902 6552
8751 18823
8653 14783
2888 19001
24485 24953
7358 22186
341 17823
23349 28018
10348 25559
4162 12558
9932 22763
5008 9056
5802 9905
10170 13522
17819 21798
539 19301
18870 24551
9047 21126
3080 25725
9138 26509
4233 4720
763 8765
11416 18988
17847 21438
6454 22943
19567 20633
5716 23944
10355 27786
8586 9642
9791 17753
11710 23143
15338 15424
18362 23913
10454 26729
8291 14506
9746 18050
7350 8739
9549 25484
14136 27310
5665 10894
24199 27381
6618 26497
604 25042
4363 5180
5072 14604
130 22729
5198 20144
14389 23297
17894 28142
4093 14708
202 26397
3575 4134
22323 24606
12388 28209
3374 23496
7804 21904
8251 28108
16743 26135
23271 26932
3383 27867
8753 8775
13651 25552
9607 17827
2015 3622
10662 18625
16515 18272
2764 3589
919 10393
2031 4112
11459 18784
7816 9429
193 12257
12399 24610
10709 22281
11487 17420
7840 25727
7406 17338
23376 25174
16781 26807
3482 13690
7229 10587
828 16386
21505 23497
681 13383
18583 25161
2880 19627
13029 23780
5760 9174
3108 19943
8750 28245
15804 27121
8011 25134
9324 11001
2367 5832
8869 17586
8478 15184
8728 17983
9438 18006
6911 22877
3963 9237
4041 10657
108 27254
12945 14585
15616 23799
13672 25453
25472 26994
1528 4340
23499 23793
9226 16311
9358 24589
347 24879
2477 26358
15401 21963
21038 25830
21325 22339
3688 11290
4086 26996
6466 8887
9314 27566
9834 20017
7121 26483
4221 17684
1515 2677
11920 25468
4269 26283
10844 17011
11007 23818
7202 24820
4177 23400
17785 20958
2748 3944
9136 19576
5728 12282
2272 13216
7295 26284
1329 20553
15874 24277
865 1773
381 1507
3718 13021
12953 16803
896 27514
25445 25746
11368 25432
10559 11746
20998 26181
1253 13038
17457 22255
9730 10222
2738 20486
4720 27923
9521 18027
14050 20348
4065 17233
9901 16620
2093 7675
5578 9739
3209 20763
5632 18753
12902 22987
13649 24068
544 27988
15302 27222
3933 11661
8222 16162
727 15619
21769 25959
19723 27810
10342 24872
9408 15808
15391 26453
11526 15124
12674 23721
18251 25504
1314 7150
13515 19717
12837 27675
19121 21639
5150 14499
5619 17500
3695 12551
16727 18294
26187 27373
448 8113
5587 15477
5731 17304
9528 17438
783 9157
4629 13373
17636 26892
16922 24904
15954 24120
8249 18468
14190 25295
6994 17735
3526 27506
1358 26131
1613 14309
25453 27016
6903 20616
2881 15202
19263 26981
10701 15200
24 1544
538 23225
19964 26084
13522 19091
1296 3927
7296 10883
4098 24438
1613 3667
505 5434
13853 22973
396 7159
1920 12565
1051 22616
16138 21919
14556 24047
13447 16376
6359 12010
20222 27182
2657 9662
5655 18000
5774 7607
9524 11847
2435 12754
6327 18713
3137 10262
5496 6911
8972 28202
6914 16340
3856 8952
12015 26534
11633 12028
5504 27831
10600 17993
22183 28169
152 916
1074 28024
11469 14724
7902 9511
11825 25639
1088 27586
631 10174
16656 25564
18854 24806
23897 27449
1103 27224
4316 27621
11424 27844
14676 16509
16467 17685
15571 27929
19717 27123
1727 12405
17636 18033
16092 19220
25468 27013
18475 27221
8651 18713
17595 28256
7820 12472
3781 27227
27164 27886
20366 21562
7462 25068
12011 23172
7320 7522
11069 21927
16609 19444
1138 22140
16136 21682
15426 24104
10360 25945
10900 22425
5659 24716
13786 21194
13970 16656
1576 8692
15749 22663
12761 19601
19711 24705
7297 15282
11094 15916
609 7950
6015 7659
1925 24912
8520 16529
6832 9390
5792 11175
6898 22376
10496 27758
7543 13798
4085 19522
6937 18323
6962 25751
14600 17378
1319 24997
14654 19564
7074 24053
4650 27042
13195 27194
2600 26304
5943 9720
3364 4374
4116 16594
1322 15149
4622 9002
21561 25771
7720 19952
4454 21673
811 25180
3647 12843
7354 26978
5249 9963
47 24934
5522 25299
8905 20328
257 3443
8150 13744
322 23474
2484 16117
14867 25339
459 23048
7897 17067
3 5150
5102 9263
7009 26766
4178 22634
3118 16092
16 8113
6745 16795
1140 7867
929 13531
2707 22858
5656 18138
2596 20536
21963 22865
323 7015
15358 17054
12773 23577
3937 16080
13812 25552
16767 18649
846 21489
829 22069
7225 13785
20685 26027
24127 25083
2832 7361
3580 5505
17889 27373
6889 26693
9020 9263
4216 26783
12194 17513
9662 22894
3167 4607
17696 27050
12474 25265
1136 4302
2648 23369
13894 18845
7210 23422
9214 22674
22381 27882
5008 26497
8047 19272
8466 16942
2327 8224
15883 17304
5565 8252
12495 24677
5417 8750
4581 22375
4029 13195
5542 6639
5093 14778
8938 12976
2172 3413
10048 15155
18424 21564
2447 14671
4769 27960
22991 27898
16789 24341
314 8148
22775 24955
12600 19546
9483 18541
2245 5328
5505 9305
17106 20310
14288 19500
2658 10564
3059 7213
4461 19926
3741 10417
4386 12479
7568 17356
10354 17033
325 9512
13658 15612
18348 27116
7981 9650
8818 10391
4316 8956
5153 27841
755 13855
1715 10661
16402 21831
2393 12994
2250 25539
8688 9338
7791 8156
8080 22470
11830 27651
5082 18441
3873 24104
10114 21798
211 24965
1851 7428
1840 23372
1852 6946
5419 26553
11746 12886
2530 11571
15504 23750
9336 23063
6393 14802
13154 25850
5609 27565
17423 24384
25382 27994
1516 19781
6959 8730
6148 25790
11184 20615
5904 12805
4548 14035
21913 27108
5492 15518
18295 20758
3128 10263
7195 22453
5330 6348
1719 13451
18935 21853
6562 6923
20272 26888
5071 21498
3406 12490
8338 25433
13152 22605
11058 18116
15795 19686
16951 25376
2297 22320
5055 26686
609 17963
24280 26784
12868 16197
8251 22159
683 10612
8284 15774
23601 23799
13291 27612
8841 27447
7956 26107
2904 4378
18520 19900
5926 6626
7975 18315
13724 21277
16334 21387
8633 22179
978 15863
21111 22787
439 9456
20760 21225
3400 13455
10969 21790
238 23768
2764 8025
9336 15900
8021 18758
1469 27976
3141 26737
6614 21315
9289 14456
265 28044
2003 6187
1573 4414
4535 7441
23385 27094
7111 14995
8001 18560
24062 26069
17176 19462
4280 7470
11295 26137
353 24718
22179 23373
9724 13699
4014 7209
5901 16065
18859 24872
9795 22047
15894 16770
3140 22323
705 13038
15770 23013
22518 25253
867 27756
5118 18669
10707 23967
7447 18373
2820 22226
13193 22226
8770 11480
5123 27508
4685 14933
19039 24908
9874 18160
1343 24104
3958 10748
1975 14588
3196 19079
13985 26812
9784 18674
3708 5931
3286 17978
1533 8694
5796 25009
13236 22581
14361 15516
539 18759
17279 24653
2998 27192
914 9963
5699 14136
17473 27015
21079 24928
6305 15117
220 9089
24068 25106
7524 18984
20218 23600
3463 17456
3411 5738
14 19287
680 17647
10023 18521
2061 17593
1232 21226
6748 22469
5627 11963
18984 25816
7560 14173
5247 12647
346 27745
4742 10680
1505 26508
9808 21445
15014 28232
3482 26744
18471 27578
15085 27974
17735 25342
7984 21398
9226 20258
1840 15308
3 12034
15152 26377
1979 27398
11709 17963
12689 27034
59 18580
18832 24603
659 3777
2018 16473
6705 20081
340 25274
8220 16259
14407 20586
10935 16901
7060 12959
1958 14696
577 6972
4101 14050
1111 16641
4755 17154
3197 17593
13988 26273
2037 7200
1284 20813
6693 22418
7911 9895
21673 25107
17856 18144
1640 20744
1541 2022
10170 13374
3866 24078
10230 20226
24216 27652
16853 27387
20723 26902
8511 10660
1358 6531
23060 26324
271 9897
7413 11758
12783 21587
1078 7058
4574 25617
17474 26052
3789 4073
11273 20302
25774 27680
5670 13249
7753 24248
21960 24195
3718 15556
9421 12124
17077 28272
4680 10851
8835 19029
12959 21077
5444 10582
1259 12661
8352 21950
24745 26754
211 28099
14477 27451
17294 23121
19972 20370
5339 9502
4428 26429
14055 23422
16396 18921
3760 27523
781 20210
3997 14207
4504 23176
7349 11119
17534 19712
16112 24290
6127 7025
5413 28061
17163 19033
3065 16866
5705 7976
23842 26640
7278 22067
15930 18982
256 11248
11248 27017
9084 27361
22010 22857
8536 24939
2227 15633
11182 17682
19658 25630
2483 22670
2274 9243
8424 13917
2386 7635
13294 22095
12121 17795
11255 13847
12632 27908
10215 18522
4321 26662
20112 20841
10680 23647
812 13035
865 6350
9339 25887
2518 25158
7809 26415
711 2413
2336 5989
11267 27780
18962 25291
8685 11969
20789 22927
25306 27903
15911 22957
15392 26513
5716 21886
7734 24917
9396 19128
5451 23060
401 4456
1767 19972
6143 11035
13383 19819
1609 13482
10006 17075
6490 22340
19900 22895
9074 20170
1795 15286
13754 22973
3346 14487
3647 3872
4754 15304
5547 10743
7468 15523
1013 6591
2030 4634
15419 21122
18465 23629
1393 2084
1867 2232
4107 13595
6962 17226
5930 22902
3619 23897
5978 16038
11295 16483
17832 17963
11964 15182
6972 7508
1767 19827
18665 21821
5825 28061
2092 15015
3742 25559
1321 27381
21735 23367
22149 22283
1052 16187
10116 17630
13058 17354
21131 25329
7627 20748
9552 12106
5 19171
813 15672
8256 14563
8075 15202
15690 16591
11727 16722
15916 17938
2617 7135
9788 24218
7523 9403
702 1056
8798 15606
7647 26503
15376 17823
16958 25876
11998 23784
1468 5336
2966 25833
18610 19502
12795 18131
18419 23066
8746 24979
22871 24127
19242 20233
353 17020
585 27312
7975 16340
17779 18736
7976 17488
11039 17692
2635 26687
19494 20171
11659 24737
1117 21205
2132 2369
9255 16026
14187 14787
5989 18411
6257 6629
3532 12474
1335 6008
7783 22423
10296 15053
3728 22322
23441 26256
14606 19748
892 17261
13744 27087
2596 21155
5506 22137
766 20088
7550 10576
22379 23914
1834 18325
11709 19086
4729 25114
13912 19068
4256 9590
319 21811
23060 23284
8324 18219
3953 14053
4142 27458
664 17071
487 1672
4142 16121
1285 25945
20422 27350
21377 25875
3684 9771
8564 13123
10 10619
8220 8704
16225 25452
697 10583
1395 16840
15335 20100
4422 17421
16167 23661
7707 17067
4579 12645
1600 18583
21113 27423
2186 22205
12119 16197
12899 17526
3802 21149
16766 19256
8944 14701
14909 24125
966 7929
1707 26499
4938 12708
7915 9499
5151 23082
727 23288
9543 24752
2386 8690
9724 28158
6161 26753
9250 18730
11664 12493
11916 15211
2894 26663
909 10525
20292 27197
18247 25386
6304 25614
24890 28250
18448 22992
10961 24897
2027 18208
18630 27408
22516 25978
10082 24181
5691 18471
2929 4721
9724 21431
2526 24294
3167 3796
8733 20417
1755 10419
18963 23740
1970 24371
7375 16593
87 17670
1225 7737
11491 19080
10054 20990
6594 17747
334 3167
18790 23333
9089 24693
6728 19154
13101 28262
2635 9553
409 8042
8960 15251
21440 23867
171 18904
13973 14728
799 6081
2170 15736
127 16955
2539 6517
8913 11291
16504 17841
4851 24848
2170 15705
24159 25602
1284 24861
5930 18413
9524 20701
18159 24645
2177 17696
21423 21987
2654 22031
17098 20728
2677 14336
8001 24502
2878 14033
8091 24224
11518 13784
22340 25130
18516 24177
23265 27495
3760 24675
9320 23590
5629 11294
12757 15107
967 1112
20477 23628
13204 23369
6177 20630
3762 3864
6722 8978
14633 22210
3700 10033
19392 22997
23392 24374
4072 21000
1794 9066
24255 25410
20222 21638
8020 13233
3147 21164
17529 19914
18211 23143
1574 10990
15450 16547
7930 20765
14344 15661
173 3674
5866 18328
15878 16874
4142 10935
10264 14437
2150 13644
10541 15868
9138 25614
16433 18861
9038 12040
3890 25490
3679 9660
9561 24571
7523 9250
7497 21673
9572 17657
17422 18688
24069 28217
9465 13970
14809 23254
16194 23214
2410 22544
7560 15265
2471 7196
10152 15676
86 22271
2646 22440
3877 18303
2588 26825
1851 14555
10876 17963
7191 23770
4990 26288
7080 8183
15341 21577
1767 26217
10576 18190
15836 15911
21315 27804
17094 22799
11982 21882
4693 21269
5609 7087
909 3435
693 14901
955 26147
15184 16094
6355 12205
687 18712
1950 16887
16986 22805
3434 13054
11279 12581
14907 22810
425 6177
14223 22644
5989 20081
7220 20189
10039 15476
12217 15678
18824 25494
16768 22998
6478 20661
14792 15116
5466 9368
17024 19343
6049 19947
6586 15383
18959 28128
15391 19764
13749 23107
14443 23615
5895 23608
6036 21622
9141 25977
4899 6857
4408 14021
28100 28128
6659 14560
5722 13969
3156 25162
4475 25664
9747 18665
2092 12228
11629 12538
957 26160
3070 23703
1605 26907
2796 24836
2339 2491
2170 19579
12779 27698
38 12436
19799 22184
635 24830
23713 27495
12836 14345
9502 25512
16953 19627
5040 12829
3111 10630
6261 8806
13412 18114
6832 17570
8057 20387
6103 12161
18285 23361
18823 24069
7374 12684
8036 11030
7029 10824
13597 14803
257 15557
13216 24422
423 1101
9804 16934
8209 19710
7908 21712
1331 25962
13637 19430
11240 13139
6573 10740
5629 16948
1529 27175
9127 19351
2986 25202
4681 21881
4429 14758
10576 17108
1892 3140
1181 5741
8386 14733
2381 23620
6324 11484
4422 7001
19133 19520
11599 13550
26338 28229
6743 19267
17779 26559
19826 22900
11397 26573
15196 19566
1575 13718
8614 22893
650 2927
21149 22378
11486 24830
8558 16271
4519 18409
16957 25613
5904 27300
334 705
17645 18649
22152 24326
6300 11108
9275 16235
12606 16664
1197 13122
2627 5728
5691 27068
5375 17445
8401 22846
8420 10300
7439 24855
11287 15099
188 15130
21915 26559
18418 28257
11274 27462
25614 28233
6957 16683
6896 14376
15729 21559
8345 19281
5128 13557
3757 26946
1753 8935
2245 9725
7780 16957
8268 25785
15560 23746
11801 14534
10320 19753
5604 7964
967 10080
1197 7853
15455 26264
7213 13349
20545 20948
656 28272
11334 13650
9816 17830
6834 24145
19503 19542
10800 15868
3575 25575
899 24908
9051 15909
23210 24048
10033 18778
16642 18958
1258 2547
7333 27497
15292 15345
6205 7592
21387 26641
847 6724
13811 16842
10848 17002
2895 25468
2475 27181
5564 12838
2202 13566
13132 23599
11822 24053
15796 18315
4256 17509
131 7816
214 19670
2325 11043
18040 18613
4175 17076
15330 26397
1039 16276
3364 21295
13340 16665
9785 23271
10937 27681
3967 14105
770 7494
14862 21762
588 7021
8361 11881
2821 9371
8970 21473
7437 12341
13087 25750
582 20332
2929 5102
11138 12400
13106 23408
5580 6965
4231 25623
19186 24412
16682 24611
717 7443
1126 26753
2212 9226
6526 21794
10512 23679
11579 24444
4668 19395
21094 23952
4004 21755
6453 6946
6069 13129
5984 22046
21126 27074
3010 6085
24841 25693
3970 21407
15572 16965
4729 19289
7576 16939
4340 25478
7890 26550
1676 13578
3202 20061
6824 15565
4807 22092
8114 16026
14120 20053
10121 20166
2948 19948
3962 26443
689 6390
22216 22551
20480 26665
2893 18755
13111 27501
1314 12468
17930 19869
4408 10088
7877 16369
19020 26752
5309 10913
3499 28182
2596 18058
7283 25991
22184 23455
9717 9948
17754 24904
19145 22421
10007 11165
355 27882
4634 23265
12787 21348
25015 27638
5629 10146
20156 23764
2313 3348
10882 18074
10175 22728
554 12361
6604 22120
2227 13260
3002 23547
14491 17260
16272 22833
19633 20393
17779 21766
11014 26137
3040 9553
1025 4142
10512 15676
7928 12101
7763 16781
4567 23657
5413 18547
19257 22493
787 1965
18367 18748
4043 14823
11463 19132
16929 23342
14175 15443
8470 10543
8267 20390
12814 22616
7195 22985
13078 25813
15303 21304
14242 15376
1508 24947
13564 19140
10145 13476
5790 19073
16193 26904
10115 25608
9851 24939
6549 27775
2206 16516
20140 28049
11687 20625
6127 11395
5957 23997
3760 14862
9341 10489
608 4581
9130 13745
6707 18781
5751 23369
1023 24538
20123 25276
7543 21505
17266 20966
16668 23094
9850 14104
13736 24407
5943 25277
20139 26099
8295 22393
19641 23619
2754 20315
1248 21264
7944 26891
20860 24374
1630 12374
19898 23836
3925 25414
215 16501
23779 26698
5217 13452
3644 19322
13394 19813
2445 25995
18269 21852
16187 24158
12202 20189
5019 5332
240 7632
10390 18133
7637 25839
3167 18491
9012 11701
12689 14137
2208 2305
13844 24723
660 22366
17052 22156
5721 22185
7744 24756
19882 24929
19061 24744
840 3267
3141 3997
2894 27021
1558 21016
14605 17826
2388 12459
175 27630
8857 25232
13220 24577
5385 19271
14920 25830
1686 18386
17307 22607
9988 18375
13978 25321
1126 12945
990 2587
2991 17856
3509 8985
19329 19331
10923 12158
787 3280
13456 22379
3463 10619
271 8816
13772 19552
25867 26922
21802 22400
11417 22852
4077 23678
5458 17080
15384 25945
1239 20069
3900 6170
15910 26737
3729 26151
881 24509
6229 23116
218 9832
9521 20667
3398 14264
12945 16150
17526 24280
881 24229
4081 8816
17199 23963
3613 7530
2532 23180
3993 22617
7136 7554
17733 20183
396 7114
18736 27221
16194 27767
15108 21798
2107 21667
17424 17734
6842 24861
12598 12726
2339 23330
18679 19853
2470 13216
2320 8376
8376 24606
6301 24861
7015 10023
113 17511
22012 22956
7601 17870
9989 25160
8733 8985
6481 8982
14662 18777
14590 21792
3167 16584
6091 8385
21571 27689
13649 17712
13473 24069
24842 28211
12142 25433
8243 23619
5637 20500
6083 17214
5797 24147
9087 10729
3791 22699
3401 8964
15729 27760
6715 12516
12122 16183
16626 20789
8845 25475
27013 27042
4584 14724
11479 12558
4468 11539
1036 3933
9294 11340
9417 16272
10669 18919
7751 15520
2273 20005
1947 5864
1768 16151
1878 9199
14763 18250
14822 27221
12881 15695
3842 18369
2424 10670
7587 19499
15442 22084
1817 10733
20500 28156
7695 12346
5891 11697
9229 18033
4332 5344
3374 27373
9195 15032
331 25033
18920 27612
23206 26182
2361 26429
13140 19008
3039 4248
10022 10740
1618 9989
18963 19339
6367 15512
21826 24384
15074 21372
498 872
9693 22700
4943 24659
21151 21438
3801 24949
8526 17763
9159 11821
14033 22716
12368 23389
20264 22550
1251 15090
3884 27331
13656 24862
449 14794
3080 26397
17665 26166
23931 24836
21968 22000
2816 6953
24465 27300
8182 16629
12279 17526
10838 24556
6804 26327
11193 12506
13431 18192
10093 16195
5756 27945
27586 27710
18107 18927
15410 26341
8586 19351
10061 20876
154 23574
7783 23978
806 22640
45 17599
4450 19455
12924 22768
19801 20069
9802 12871
670 5827
7493 14454
7273 12931
23955 25468
1349 3821
4263 4307
10971 24503
2650 19492
6931 9408
6477 11960
4892 5336
6177 27798
15817 21616
11330 24765
229 23395
8356 13673
17407 21864
1860 9358
16767 21892
9306 20583
8406 9260
9038 13351
8421 10465
4221 21677
5768 7881
8990 17530
4439 19210
2951 17202
4307 6843
15363 27976
1023 21294
1883 20663
877 16201
3747 11080
6673 20363
8356 21685
24659 27574
20798 22035
10951 20069
7541 23372
3381 21074
13320 22479
1213 2082
27059 27949
808 14791
579 4252
18472 23970
2470 24403
16131 16370
1477 21835
11580 25966
1505 6479
7258 25781
12344 16328
1980 4803
15987 18250
3482 20279
18627 21006
1688 3643
2566 11119
7477 10652
6863 13263
7489 7523
6539 24549
18732 26926
16770 18736
8056 25209
15452 23719
18084 22540
23686 25949
1762 11880
11496 26699
9354 22540
21247 24149
1178 3279
10462 14001
10115 15832
5048 26735
429 15711
6673 19539
9662 15082
867 6203
13209 26785
5522 13892
1349 9842
7002 28272
24444 26593
9699 10560
355 10326
1263 14092
10050 16979
4248 15808
19033 25582
13597 18024
23619 25606
16079 20079
11654 27706
5519 12388
15967 22272
19021 21853
4519 27986
9767 18406
14195 26306
8835 24815
5879 6616
3734 5309
19241 25191
15297 25925
12703 17280
16194 18793
18963 27434
4178 11251
3951 15679
3779 11283
14657 14807
8091 21473
22017 26173
13710 19529
12479 24379
7280 18164
8675 14505
4718 4813
10907 13564
18920 19886
18606 25445
19402 22630
12479 26740
1451 25338
7050 16517
3902 24663
6296 14993
4828 15721
17524 23811
12684 22598
7135 20646
21671 22314
5458 23887
808 16269
13515 19154
4378 25371
12573 20447
4285 11791
6967 27823
583 23932
3491 11738
5071 14421
3972 17071
4508 19651
10916 20259
12745 21892
12501 23517
522 8216
8344 19827
11365 13810
18944 20406
6188 27271
1571 27143
8910 9238
15973 19008
4581 25306
14302 25137
21794 26546
2379 14519
11942 17584
756 8471
9120 27212
16131 23493
10190 25918
3273 10493
599 18270
2604 14632
7320 16664
5685 6171
4746 22492
6894 17562
18160 26764
7596 17851
20302 23818
8151 14055
867 12594
2269 17429
6042 14066
19926 21235
5709 27046
1519 27042
7997 17966
8733 18791
12244 15974
3435 17429
12660 15666
22454 27976
1091 27844
1827 23441
14221 19216
17041 26373
21438 24886
1335 15257
16867 27500
7768 13679
21003 21293
9963 22549
10519 24884
16471 21058
13490 25414
1870 21914
3832 21279
8781 13271
4802 18218
16582 24721
9095 10285
13437 27541
5353 5643
18541 25174
341 20648
8092 22581
7752 28238
406 23492
16447 20337
3096 15513
418 1436
8954 16250
1001 18164
7956 15986
2767 9720
3586 7533
1979 14203
3528 10371
11311 20876
3174 24836
2 9835
1432 2240
21788 24860
12888 13419
10913 14228
11028 26097
7154 24968
1819 13945
15076 22805
18911 24804
10061 12145
2803 7741
904 6785
27383 27446
4198 26699
13683 26133
21479 25206
324 1460
15672 24442
7438 19714
862 10200
10557 21883
10512 19736
52 22140
7911 10967
11773 13776
4068 16926
16664 18449
3337 13564
2583 7519
48 22001
245 8923
11880 25890
26634 26995
3055 4891
11773 20579
2205 22992
8825 14462
21506 27719
8063 25838
1587 6218
12403 26082
7893 10321
653 13966
12597 13173
10357 11404
9252 18015
16901 25879
19867 20384
19566 20860
13038 19183
2058 20448
3741 27840
18704 27584
21646 23272
6238 15566
11261 22376
14610 18098
1417 11368
4603 25329
14994 21471
19590 25749
20744 27611
15928 21369
2852 14552
2604 17691
8717 18001
7943 15616
18704 19479
14038 25646
3239 16590
7741 24158
4301 21052
814 9080
60 11867
1382 19742
1767 12215
3882 21568
12954 18769
2104 16402
4745 22544
16434 25163
9699 11618
11161 22382
14043 20084
3163 10033
18192 21423
15074 20355
13191 17760
7813 25399
8533 20502
10185 18038
26505 27655
4573 11161
5141 25940
609 5287
1851 15749
10524 21192
12228 17938
3002 5368
1573 26075
2031 19321
19222 23914
229 8852
5984 26503
21188 23470
3466 12024
3793 4776
19652 25329
12569 27745
4442 24280
8756 18876
24195 24507
3121 24177
6876 27872
3666 23553
2596 19101
2602 15110
2490 6182
4891 17795
6603 13355
19111 20822
7750 21712
289 4180
17391 18097
25915 27529
3006 9250
396 19254
3625 9185
19277 24412
14301 22785
9253 24005
5915 24040
10504 18526
10995 14513
2611 27788
2295 7370
10072 18536
8155 12483
7534 10612
6129 14260
3337 28056
1487 7206
12671 25622
495 7820
1918 27686
10900 15289
1007 8734
7617 26848
8436 8959
12452 18280
8390 12632
18522 28061
4866 8770
9893 14599
2487 13698
9403 10985
2414 14958
22560 23188
19712 20171
23279 27119
6008 15257
10838 17292
13827 14661
261 5506
1379 13032
21231 23516
1178 2250
5699 6677
16268 21656
9487 11408
5049 23007
3063 24374
3625 23608
1154 10842
2518 20235
3279 21835
898 3987
10462 16299
4175 26201
3485 10326
332 14125
254 15762
719 11113
13793 14153
10924 16838
19124 22662
4414 21201
15660 19838
1153 8573
11076 15798
18498 24280
636 9823
8469 27259
9733 27059
5926 27513
2972 4068
13038 14626
1278 24482
1836 24575
3329 11133
16040 17717
10359 12155
4085 16996
14728 20558
2110 25713
8715 10023
15225 19145
2245 5458
1878 16563
16896 24053
1072 8983
300 3970
4725 20497
3828 18790
20044 24952
13492 28272
1510 24145
6349 8441
3337 21384
13673 25088
16299 19577
9681 10234
7552 9156
3960 11520
15386 23385
10086 24570
2188 12966
14753 23225
1234 13354
2042 21831
3738 21252
11295 11701
9590 9857
20724 21473
10638 21673
8724 24053
7121 25163
4439 12949
9123 27179
8246 21473
5062 11165
341 7079
2882 22271
19443 22322
2187 25474
2379 27298
10618 17583
7444 22230
1628 19228
4614 22875
12403 24746
9367 25254
7623 23733
12554 23157
11205 15981
702 12153
13106 25412
7772 14092
9496 27822
3066 18218
15883 19123
16173 21552
1282 14634
727 22031
16255 16829
8271 18368
13076 14340
3109 4422
6765 17253
425 7885
13225 22230
1067 14439
7798 14466
10357 24069
2467 16634
21811 23963
5665 20367
4677 6826
5930 19876
2547 21141
22462 27763
11440 27722
22193 26278
3121 14920
12175 12634
3287 9234
1864 24955
14633 20309
9008 13440
14153 21672
3736 21719
17126 19430
1141 18137
5465 14530
13553 27211
4967 24384
7997 13714
495 23277
2354 19774
11451 24443
12652 21051
2145 10522
19501 23121
10027 20552
8104 14460
9334 10626
691 27517
5614 11654
5978 15701
2210 23534
10818 14895
10292 27514
7783 27509
18137 19025
16749 26915
3121 4287
18682 18862
16326 28238
8985 17285
6177 24444
1338 28274
12726 16970
5859 13415
6578 17252
16840 27662
16293 24412
9093 25921
6586 18350
16077 26336
9991 10232
2104 15561
7950 19155
8824 14971
705 12128
3331 19817
5702 21057
1964 2058
24916 27734
25524 27702
1416 13029
4878 28121
11277 22420
18708 22989
5640 14301
11047 21213
2686 7461
26737 28211
18018 19169
8057 23075
3337 9682
2030 22664
1910 5331
6812 11082
25439 28157
12183 22536
19712 23766
11682 14627
1619 8669
1050 6938
9331 22613
18059 28186
4789 24244
10967 18962
1372 16769
13772 21719
9999 14124
2635 11859
25011 26280
2665 23141
874 3594
6097 8053
14672 18050
7299 8990
1945 18308
10848 16954
4444 5106
5743 16791
9842 10449
2597 23488
5105 15385
12635 20814
13543 27278
13993 18163
21761 25273
16106 24803
9167 27896
3411 6048
638 12228
9323 11273
9260 12865
8772 14208
3541 3711
19988 27004
8261 17443
705 28063
21363 24997
19428 21346
12204 24392
10980 23340
14010 17963
5416 20591
6390 6591
8601 19568
7307 16694
20564 22151
731 20434
13736 17286
18934 19996
12469 21244
15249 15845
7155 20141
8014 17579
16720 26463
10023 17115
1330 18181
2816 7943
14429 17082
218 25902
23354 25996
13819 17649
10018 27146
15089 18151
9685 11552
18679 26413
17781 20018
8220 17373
21123 25271
4325 17280
21835 22255
15869 22902
17374 24139
1609 18369
2368 23098
2284 2930
14153 19285
14296 26599
11059 23205
1879 20990
14500 16138
10670 18870
18160 26372
7411 19116
14403 16130
17555 19100
847 1249
5355 15443
3059 5408
1025 19569
8469 11718
8739 22457
9356 14464
16201 23499
5587 5984
582 1658
4321 15298
11219 13195
19704 23521
11857 23301
10280 13677
17955 22714
17559 27867
7830 15531
2031 5211
8603 25287
8753 27608
17306 21118
6363 7354
8478 14710
3541 9587
16428 22989
3126 12217
21761 25404
14380 24069
5681 15921
19696 22581
4087 10981
4298 11080
16243 24998
13038 26710
396 15376
1438 16383
14826 23893
4428 7392
2385 18131
8356 26756
2674 13006
17408 20749
10476 25965
7559 19984
24451 26957
20789 25550
3733 18947
23670 27158
4102 12164
19992 24785
8385 28013
20397 22331
11177 25197
20661 23525
11504 21402
90 11922
84 14092
7397 27702
1670 11311
3002 4221
10393 12618
6151 11292
16545 19206
786 7406
8948 24965
7579 28115
5710 10144
10318 20000
14830 24298
11207 26745
651 27916
7910 27913
11653 14715
16901 19140
17987 27381
4323 17902
11442 21735
15220 27313
2527 7804
1284 12210
1980 8534
16955 18669
13415 22780
7243 10507
14465 23197
11203 19546
4063 12151
11192 27374
15449 27259
3337 8478
7621 22331
9129 19045
17133 25956
2332 24221
2708 18046
2430 23738
8391 11019
2452 6780
5275 21173
3354 13970
14916 21773
8948 17692
17097 25231
8269 10419
10090 19348
1018 19909
14189 22020
3468 23934
6886 8024
1588 8750
6975 28170
7731 11755
8718 20855
4688 17452
22349 23476
580 2197
11432 24059
13448 25644
9214 17179
4607 13339
19329 22331
11759 15768
15184 19019
6137 15130
7716 19172
18682 25410
4849 19266
7804 19991
6385 26516
4009 15248
9001 19195
7443 24175
8807 22012
4996 5043
14970 17795
9190 19536
6382 20235
8039 20542
25084 25299
2787 8772
9226 11975
6215 14133
149 24828
20565 27659
18259 22933
5859 17787
17457 27274
12556 18679
6069 15082
8798 10212
12318 26417
14729 14927
12542 26017
12137 14957
2372 5832
371 25163
13831 20355
6616 19647
1858 22716
14141 15642
19714 22564
22191 23253
10216 21545
6313 24412
9679 26498
4086 13978
5989 13018
867 12762
8990 27478
3037 6507
438 24789
11192 27927
4963 15284
11351 11722
25240 26550
13227 19322
12706 20398
10309 11180
9716 24252
12345 25302
8990 10516
3091 6489
5279 5916
6498 19411
14635 16683
1689 16835
8075 26140
9528 15900
4287 13756
25956 27955
8974 27743
8614 25849
7881 11483
15162 16054
1871 7950
18755 27495
3337 23830
7963 16241
10298 13291
6936 21835
15749 26347
9465 22271
139 18603
27224 27969
513 7179
441 14419
11059 19769
1650 7783
8891 16839
5275 16668
6059 23610
9482 21556
7789 25651
19576 22025
7867 10967
20701 21807
2596 4617
14140 27074
14664 17731
8026 11796
7830 25710
1658 20119
14998 21188
4325 20751
77 102
6777 9388
16276 20081
1036 8969
3045 8817
12160 12910
2474 4717
8730 10526
2518 7354
250 1440
2929 16791
1088 27996
7358 16351
1721 3932
6448 15188
11692 27841
1767 7956
554 24032
16581 28211
10800 17857
1604 18018
11350 11657
11295 14534
20013 27780
17754 21074
4216 11016
3925 21010
6981 18249
6446 16702
3528 16632
11119 17429
10508 10941
17545 19576
652 28186
6990 7320
20300 27228
4315 15590
12428 14694
16886 22725
1806 22610
3825 9260
13245 17460
14809 27421
976 5329
7677 21341
6773 7568
669 9866
8860 10953
6131 25108
6489 27428
10729 10800
14626 16584
20827 22667
1077 5751
1614 16036
19309 19796
9370 16163
15072 20799
13884 25302
9774 23929
15004 18799
1068 2146
14853 25272
5412 9730
15056 22884
3317 25329
17017 24306
3129 6810
3051 19968
12475 18343
7128 23030
12402 22511
1722 21490
10053 10508
12479 25110
3167 21407
15875 19081
14898 15804
3734 23128
4623 15391
4962 25342
4218 16802
1399 27927
1092 16610
12780 19496
15996 17944
2368 17262
4142 9226
611 10082
656 16696
13038 18491
605 799
10006 21529
2438 6994
9720 21446
1651 20893
3694 6620
12346 27758
18131 18294
5794 15957
14672 23165
3779 20744
2991 10787
1322 22404
1795 3859
16784 26863
9260 24897
21135 26604
10844 28100
6298 10740
13349 14388
8188 23372
15501 19513
8057 23189
1604 15477
11498 24860
12244 13699
23316 26081
8767 18259
2915 14947
6665 9260
14160 20272
9746 14178
360 20657
11905 28035
873 14749
192 25638
10019 27313
2530 21613
3188 27633
24069 26156
25308 25927
18946 22779
9747 20622
341 23338
4129 6099
7785 11104
1 10646
10961 17520
218 1925
1961 21982
5864 10260
766 12185
6789 19132
27100 28088
8212 23608
7597 8391
1196 18753
16781 19827
8414 24589
14493 15620
8372 11475
7478 17056
13613 18986
25813 27050
880 17179
11465 22841
6244 10050
10982 27042
835 24170
4711 12901
8339 23265
17477 22545
12402 24208
12512 28087
19804 27495
12869 13625
325 17034
15676 21151
7069 24643
9285 12383
2133 10688
6953 22273
9473 14969
14838 17749
8025 27026
12561 23846
214 22062
1209 27467
14555 18521
4902 5894
1368 23131
12523 22636
1103 20758
11847 20727
7289 8964
718 22031
8315 9286
21716 24219
7195 17819
9336 11340
14750 24425
3947 17335
3314 23729
8787 15893
2140 12970
6495 11213
17073 18297
12969 13242
22404 26875
961 19169
11465 22866
15739 21710
14392 24348
8075 22936
10029 21207
12454 26927
1762 5104
1795 16311
13352 16961
16931 18057
964 26227
600 2776
16582 24415
25070 25433
22031 24886
193 23083
3821 11255
3806 24061
15229 22787
67 22283
7136 17342
24280 25550
5895 22216
737 10822
10982 18787
14392 19526
1196 21998
5767 9590
881 22340
6639 6798
10086 18427
3068 17498
9717 22733
12484 16949
10824 12793
11456 12102
223 24618
4859 11786
8589 24874
3719 19189
19552 23525
16055 20857
9975 16511
10674 21886
9465 26053
7731 22183
23026 23832
7346 16446
1694 20130
10321 25040
27374 27867
2330 11026
1116 24064
4693 22903
584 14389
13535 15072
16309 21206
6569 7443
3378 14648
20159 22431
1979 25206
9215 17387
245 10826
7707 12228
765 2518
18668 21619
16504 22099
4700 21117
1349 7429
4906 17740
3700 13179
3501 23799
11128 21003
12778 25670
612 10450
12965 13261
4153 25219
813 3901
3296 8659
152 6268
11383 22721
12979 17198
7390 8291
24874 26133
1779 18787
9192 22178
11988 27751
15723 18435
3006 7861
1394 22224
14033 20833
14969 18675
9108 11028
8825 16373
7867 18516
15670 17763
24662 27082
4118 25036
3944 22409
21079 24862
21036 27079
6811 18371
1158 15442
14528 23930
714 15461
925 16748
19140 21682
1056 16224
619 15152
1116 19413
14355 15712
13186 24779
896 10189
10391 11479
15619 19959
5584 12913
23910 26745
1387 21093
7783 22984
9250 25493
21450 25435
6037 19748
5010 5864
4422 23229
15251 21935
1782 2635
7413 20749
193 17232
13251 22479
2215 11828
2170 25626
24053 27866
1497 9871
764 3894
4742 20752
8688 25628
860 10128
5089 9874
18587 27224
15727 17065
15357 26673
13374 16941
13425 20392
6876 8511
12430 26741
8875 16844
5174 26041
14178 24098
10517 16359
2325 8396
17823 18924
3788 23994
5651 22091
7759 24880
4325 14344
8684 22194
7404 19268
2387 25220
15899 28061
15611 26146
3872 16470
4299 5433
4651 13154
18177 22241
21521 25576
21058 23657
11154 22258
19261 25754
17445 28277
18458 18972
23086 25102
5845 17136
9957 25368
18830 26085
7878 10128
8891 24311
16457 20174
10421 24457
13168 19424
12927 13810
22663 26993
4689 25448
15727 23658
12836 18930
4730 20137
16879 26034
20 22656
14380 23278
1068 14591
7758 11652
8966 23178
15971 21859
10008 16451
3638 15547
18852 22325
14691 20986
16435 25665
14862 26005
24686 24827
15562 27596
13364 14481
2624 6126
3863 26041
1784 3753
6958 9759
7635 10042
4063 21991
3437 9833
2602 16340
1672 3383
14976 24069
15906 22309
2447 21659
6239 23983
640 25299
1749 8137
3920 15657
3514 8908
5850 23514
1860 14895
5600 7353
17695 28263
16749 23457
14782 26698
12237 24856
13208 21766
9086 22379
13347 13385
9367 10876
6182 13629
3512 25886
11510 18631
10240 24185
2387 27582
16951 19720
11977 15151
15622 15844
13480 25186
17117 18036
22818 24368
18886 27451
13823 20621
5645 8223
948 16729
452 4720
2454 20391
2128 16026
9865 18009
10630 25568
21668 22862
4833 19195
16667 27931
13221 24755
6659 19184
11295 22340
7820 14393
15955 20314
19576 25081
10303 19610
2583 4597
341 13212
21688 26151
29 1658
9388 21437
16051 24665
11395 21053
6317 8470
2619 17165
3987 9828
15085 17333
5296 23389
810 12626
4699 9733
3954 7624
15661 18471
11987 21071
24753 28044
11867 15188
20162 22004
9668 27693
19601 20823
9 27562
1198 4169
6808 27719
861 19885
3456 8704
176 7982
531 8040
25329 25865
27017 27559
11154 25329
6987 16582
14344 17692
9454 25248
17568 22948
8174 27522
17239 27931
8846 18679
10298 18962
12492 27525
3741 14687
351 24885
7248 8802
4541 17035
1056 10726
129 4666
461 6911
12754 15272
113 7956
5665 14944
17022 23506
5866 12910
6848 23932
18088 20243
8132 22756
10567 15084
9909 17878
6956 14070
12900 18636
7215 9797
17369 17912
4629 18136
11128 26125
15286 15376
4006 19058
1543 3712
10650 25096
12162 23600
2719 15646
4924 22900
10212 18155
4492 25471
5691 14359
919 19816
4892 14255
341 11107
11147 17295
11836 23251
10308 13619
9528 22763
9001 10760
16756 25424
1795 22379
13444 27507
2087 20144
11028 19670
20427 21864
15236 16607
22107 24908
16570 25239
2764 10348
29 13787
9632 11450
22449 23788
12155 26322
4051 16762
14383 18884
14825 18400
5579 9983
10471 13121
12531 13272
3441 4078
12959 17883
1755 8269
19739 21423
10449 24659
9751 25875
19849 25525
21511 22917
3634 11957
14638 14913
1361 17097
16753 20233
9751 12683
3412 12548
2026 7630
2160 19827
21692 23822
1275 18764
16932 24772
11412 19309
9583 24575
4730 10648
14264 15547
9842 16582
4021 6752
19127 26760
3406 27837
5112 11060
9339 13480
23914 26919
21123 25855
17166 21790
179 22120
21491 23534
14541 14830
17788 22403
14247 27977
20769 26049
8959 11691
12877 19184
14731 15847
3482 26571
1181 22051
8665 24708
8295 14794
11596 21366
10313 11390
3714 8624
4031 8133
20566 27815
13810 14974
12291 21409
17930 18149
10828 23113
14281 27868
2518 18478
6318 13099
7835 22322
2162 15572
7497 8775
16352 27768
179 7290
136 15410
15236 17555
9252 21123
22334 26676
2364 7429
4440 25610
26604 26656
41 21886
1541 17501
21801 22810
333 13618
2259 5795
2577 25130
4242 24467
13528 21438
1394 5782
2530 18690
256 8410
6244 11612
1878 2878
2339 19061
19760 20235
17651 25080
5328 19039
2198 18187
9438 26250
21577 24326
13810 23619
18667 27784
12244 27825
8825 27900
2110 27252
9025 21462
4414 9294
5054 7080
13961 17922
16509 17906
5864 8567
1226 15543
16228 18873
11450 21801
4656 9219
1319 20109
17224 23102
2586 12097
1713 25636
18128 25699
1177 18507
20387 27795
3559 15765
1767 24904
12145 24608
1620 19180
8956 17406
5149 23178
716 27381
11207 23997
5850 18931
18529 23745
786 24539
8381 24706
9454 25009
3251 24516
8975 15144
4414 21113
8773 24703
9253 25908
3007 24994
5448 19878
902 8028
14555 25989
2639 4220
575 22581
1129 1704
9179 9371
509 5996
13302 19652
6576 12968
3765 18029
22430 23309
862 13819
6930 26769
9404 14181
13528 22040
11603 27242
8159 13852
11878 27710
12785 13718
6550 8498
5155 14789
23598 24869
22787 28014
5270 27725
24758 26097
12967 17260
2303 2646
13762 17526
3908 12686
8246 8785
3925 21764
12257 17865
17173 25490
5325 20848
14851 16906
7162 21649
8891 11084
584 25608
12311 24236
9049 12193
108 3123
18784 25972
10584 17754
27052 27811
909 26063
6450 22998
8011 16883
2341 22639
4974 11828
8167 20046
7905 26791
14297 26775
15310 23653
4102 26391
19169 19348
8872 15695
7000 21733
4259 16842
8191 10156
387 25459
2373 7039
1936 5574
18800 24032
9528 12012
1556 26644
3615 17343
4878 20449
16437 16534
8054 17997
8291 21513
10232 11480
13784 28266
10207 14517
12867 24593
590 18059
5415 16017
4509 23001
18259 24276
810 27625
2277 23797
8381 12172
16860 18225
1772 12369
7091 22278
1355 14042
6440 21794
7878 14347
16025 19148
10871 27690
3860 9422
1475 6127
4142 16219
1075 3105
16640 24062
8824 14468
7624 27405
6215 12853
6262 22045
5812 19378
6849 15796
1508 8280
8158 13553
1141 16775
14074 19273
18190 27792
6160 17519
6590 17434
544 12012
2696 13858
14731 24552
7492 11295
8043 27367
2518 22847
1993 13764
8734 15538
7518 13415
396 3622
1056 5082
9465 10900
13735 16955
15749 19198
6695 9888
4868 19277
12974 19958
6340 27648
515 2189
6239 9553
14464 27719
5943 13864
16317 23628
11422 18411
3810 5989
12537 22835
13899 25908
1181 21069
20515 23192
15357 22511
1058 15363
22186 24062
9599 16847
9168 16041
24412 24862
8140 21367
7255 20131
6192 23932
3139 15928
3280 12684
8476 22985
10520 18373
17354 17455
25392 27376
6566 23743
6054 9553
4201 9774
17476 18220
5 7029
13677 16878
7031 7177
19446 25676
2701 11627
5289 27409
3150 17003
15009 20477
3648 10441
13343 24453
1604 7615
3666 6931
17508 25829
4766 11880
4645 21610
20409 27868
2233 14989
5448 27627
6403 23225
4689 8471
10393 19525
3734 19503
2400 19107
14803 26976
5042 5197
22235 24705
18132 24181
5500 25285
24537 27835
11989 25919
381 24589
4952 21341
9562 10170
20096 27276
17489 24900
7205 11629
13392 18950
5366 14209
18945 25034
5403 11692
7614 22168
20157 26891
8413 27867
5691 24068
2967 7750
2192 24163
15910 23738
3392 21662
9814 25875
25341 26265
2217 8925
8055 13879
4476 14767
9268 18808
21671 25609
15225 18867
5639 26418
19869 19886
21493 25454
14245 18861
11274 14380
22142 26004
1694 24888
11350 21855
4532 27855
7420 23593
1361 14456
3829 20365
16206 26258
14736 18462
8552 26507
11531 12082
711 8753
7389 9536
9638 13861
1 6133
2031 14931
5288 15731
22031 26869
17760 26087
411 16748
15896 16750
9895 23312
867 20389
12724 17728
14677 21459
1948 15477
3058 15402
1878 5549
711 27087
1073 21798
12656 21364
2080 11172
6587 21806
1181 16727
7727 23271
13468 21359
4373 27514
263 15762
1918 16961
17903 21573
3791 13401
3231 7762
14181 27703
13608 24096
25296 25669
7401 7779
1820 10251
11082 25602
8959 14819
11875 21811
4515 15429
12423 15141
3152 16900
13055 17169
115 8472
18148 22919
758 2929
3762 8801
12437 15952
20387 22216
22630 26691
7610 24861
6179 22322
11113 18217
1 14220
9765 23938
20370 25987
7810 14998
6237 14229
19601 27087
2190 24330
21881 24659
17640 23225
18473 22293
3113 13623
2657 5641
11671 13750
6319 10040
20195 26457
16772 21296
1126 15928
1928 4439
481 18394
13736 14828
8990 15550
14541 27117
22760 23426
2521 7471
22103 26946
18679 24795
6107 10360
10205 10898
14995 27197
6336 7289
21149 26341
23633 25945
13697 20310
10842 17158
24444 25029
18368 25833
23271 23789
6832 15480
15599 18659
8597 10431
5332 24419
24177 27811
2895 17598
18755 28064
2359 11047
21380 27956
4660 13396
11931 12586
6188 21687
15068 22254
15226 17087
899 9350
9488 23619
14965 18225
14421 15001
2592 11831
7889 12723
7310 11784
3410 11080
25414 28109
16147 23267
6860 20049
830 25344
17670 20702
19068 24589
3134 10751
14770 18798
3053 3598
7233 10256
4334 16628
19293 19761
6069 22184
9252 27259
24069 24415
8143 14971
495 5984
13168 18319
1884 6221
2017 22834
3067 8491
7426 21353
1828 12067
3892 10286
5486 11122
12410 20544
3509 5824
6491 27792
17469 23510
11661 21644
583 16195
22756 24552
1931 26344
3851 19567
4638 15349
13129 22186
4581 7669
22282 22657
978 9260
2240 26160
836 25357
3901 11009
5800 19014
2925 21323
9346 11735
9251 12526
4201 7477
13985 16052
7394 18538
7689 17527
8190 23526
1438 25716
2887 16853
26617 27051
9130 9325
6560 22100
396 28179
7011 7820
568 19940
21313 27632
13447 14291
8751 19382
2161 24241
7672 26531
7111 8957
4650 15617
4642 25039
3411 7719
5259 14408
11123 22733
4422 17721
9462 17558
5854 20448
9713 14632
11261 26798
7987 11532
25404 25766
3987 12346
6956 8342
1151 20859
4607 19183
1322 19662
1 2003
2888 17148
26717 27872
11382 11462
5609 12790
21727 24610
17836 18823
16210 24656
16255 21156
9239 27508
2326 9174
18769 25194
648 17089
13240 22283
2283 25453
2535 15610
10832 20430
2376 22507
15954 20527
1950 18035
4453 7828
16420 23280
1027 9214
129 6894
4090 12228
4723 23168
6506 25904
19169 24104
7612 15931
19965 24457
5691 24266
588 16435
13410 18371
7647 13462
928 20525
2957 7600
4890 5440
4599 6785
886 23381
10937 27853
1508 12241
17170 21200
12956 20503
6832 20541
8817 12555
11326 26046
1043 21857
7031 17244
9063 22415
4745 5331
1925 16242
15410 23365
4233 26676
6434 11688
3113 12440
12536 15242
12169 22335
19143 26968
13853 18876
8165 23749
13739 25338
6426 7802
3784 10805
13162 23024
137 25059
137 25533
4469 4844
12444 20667
4965 11289
867 27042
494 6578
4649 7297
1236 27710
1762 26682
5023 17906
4595 16656
15676 17630
12546 18136
21598 25967
17735 18160
2934 17335
3568 18789
5042 21941
22778 25329
4649 15248
9762 12389
18454 22185
327 2759
4627 27565
12402 14520
512 7423
70 4021
9563 12495
11463 26955
14575 23284
1858 7119
7387 16257
19326 23459
1745 11235
7599 10701
2339 22160
9524 10312
23713 27788
9348 13031
10935 14807
9717 20805
7604 13398
1822 25703
17115 23911
7245 28218
11748 22888
16829 23591
24219 24653
3727 15714
2870 9831
13293 21135
393 27391
717 3239
3729 11746
3617 5843
326 4216
10052 12696
441 22605
13725 14445
16969 18428
12468 16958
976 26620
1613 17492
10114 16941
6552 14763
6023 7179
1026 12139
23298 27197
19198 21229
16546 20702
15875 25903
5319 9351
15074 24688
4361 19068
5430 23974
8318 14558
4599 19644
4988 7622
14984 15024
14309 17773
2066 24197
3781 16858
5738 12181
11969 15309
23336 27126
4504 6531
14557 16525
3229 13600
3915 10630
6286 19712
13225 13580
6177 7804
9463 21436
17834 26788
1776 16225
2563 21522
7950 23932
2880 27433
3951 21696
4003 4076
7155 27328
8408 20331
9923 14477
8437 17542
20891 26143
14771 16108
10286 15281
11150 15907
7400 21251
15107 16003
3765 17833
1851 24474
9257 16152
22775 23653
9323 12444
5496 14534
495 19817
1026 1356
52 9020
12030 25402
9563 22040
6235 28121
10824 20054
14631 20199
4422 20113
1448 7002
10185 25727
10652 20424
14569 26707
10531 27087
2710 10257
25642 27538
12947 14374
8895 21351
4552 14431
20258 24374
23953 25571
8893 15964
3565 5709
23553 25174
12403 20041
2008 21317
9452 26953
8676 8817
8076 20758
1302 15734
8119 9422
1852 2925
7581 26740
22387 25839
14612 17073
2667 18255
8721 21874
7205 21864
20996 21296
16152 16767
6848 12218
840 4004
10674 11847
26911 27697
18796 23983
4325 5378
356 27500
958 22254
12963 20162
4169 15533
8730 25480
19679 23182
13616 18734
5466 24843
14359 22968
17527 24680
4976 17060
554 25945
11814 18917
15661 21086
11439 23609
2093 3378
12278 22983
1317 13059
16167 21337
9408 23929
6848 12956
1737 20545
17601 21944
2856 5226
5721 8872
2210 19829
5728 15964
4949 10232
19783 26313
6914 9266
4954 21761
1858 27996
11673 21873
7921 15293
10080 13091
8438 27923
2946 15378
4595 20366
8724 22669
12957 20222
11983 20155
2112 23675
8973 27433
8734 22701
467 8000
305 22039
5620 8438
4599 21774
973 16435
5583 27690
20786 24521
10845 15939
14843 17188
5047 10838
14999 23734
1630 16876
14301 22517
1236 26547
8707 21835
22007 25668
7079 12433
9804 16048
6222 14997
3110 22011
5334 23885
13915 24904
16284 23911
6928 24340
4039 21761
15458 16084
13221 24589
9379 23182
4047 13724
396 16875
13161 14795
12660 25699
8478 13564
18061 27423
18625 27433
26945 27970
11393 23146
5832 9448
19169 19409
13428 27885
5832 5911
15803 16111
4860 23768
17527 23914
22959 23880
25229 25904
7409 27547
26908 28263
15562 26326
5522 17562
1075 20799
2150 12774
1878 9865
18409 25332
1338 21178
1767 18406
183 23390
686 2386
6560 7099
15837 21944
2040 9314
16013 24781
1852 23665
7420 17473
12967 26674
1727 7236
23976 27411
12391 23829
2508 16692
22871 23977
25259 28252
3741 15982
7881 23392
13344 27309
23237 23736
13718 25276
16893 25017
18145 22812
1876 8606
11535 21123
22436 27758
17941 25685
4648 16293
23619 26131
925 20711
5930 17770
12711 21409
12886 20162
6103 7140
2338 7399
611 3846
8810 17803
14609 25160
8588 11816
13192 16576
9667 22987
20416 23007
7453 27365
18491 27190
888 8767
2539 12270
13046 23454
808 11867
11818 21753
1893 11471
4618 22273
7695 17542
13484 15628
17961 25494
24904 27326
12536 16300
3036 15258
10033 19979
16941 19398
5978 12077
9635 16979
21011 24196
15067 24255
3710 7983
16781 24557
9920 15883
8114 11812
6658 25055
2111 18784
17373 23502
6894 21598
1848 3975
3420 19166
16507 17176
14174 25062
7953 10450
1084 23921
209 25721
17916 24595
12437 13513
5184 25875
5915 18951
9441 17597
24422 25683
747 1089
2193 9367
11013 14097
7075 27421
20355 21537
12121 21228
1306 7975
5680 10733
14437 25934
25067 27942
8594 8675
9712 13327
9033 14629
14672 21633
11030 13282
11880 23890
2048 25893
13905 14291
7461 24577
2474 12514
3185 17283
2721 24157
505 10594
23457 24904
8835 19269
4506 8212
11634 14463
8833 25455
13585 24918
438 1966
976 27508
10971 12584
5368 23648
10498 16929
6931 18265
5217 21471
7428 25108
7935 22409
5680 26418
1181 10266
6196 24061
15884 26563
16794 17799
24297 24659
13996 25056
2729 13673
15179 25186
26116 26358
10815 27123
10320 20951
2624 7975
9041 27522
25452 27043
16984 22827
8182 10594
3059 17397
2709 8327
4989 26315
1050 27366
4328 24601
11288 18372
14971 26111
4828 6972
16905 22012
8469 26026
222 24194
1223 5989
11763 22743
11172 27963
1755 9791
4789 24040
5715 18528
6106 9799
10729 27013
8447 10170
14489 16984
1503 10646
1556 25482
10326 21478
1621 22255
8289 23794
396 10863
22355 22557
1516 8175
7798 18258
8312 27562
2320 24606
15877 23515
14240 24723
6426 12016
14586 21499
5893 25523
11170 24335
21226 23265
1243 9368
5461 19749
243 9962
9511 18321
15748 17511
12577 12895
9776 16208
8351 19691
2087 11986
18603 24363
15680 16094
9666 27635
406 5288
13373 17364
20643 27162
8752 27002
16407 24577
7560 21431
1263 15922
7878 11518
2383 24319
3313 27885
20573 21215
12410 27157
21026 22910
272 15293
6256 27096
22814 24177
12282 15705
7680 8924
13984 16311
2274 3169
7772 26635
245 11073
23726 25978
3109 12129
13688 17931
22460 22681
1 23544
7894 19409
4180 21481
137 25699
8075 13676
13603 24811
5081 25657
7985 22605
5665 21278
14254 25347
13028 19271
1638 6431
16587 25275
11128 27227
7014 24939
5738 21987
1056 17423
17113 17904
6824 7772
372 18142
3957 17214
14916 23193
20498 20504
8772 25998
3162 24783
19539 20878
1724 25246
15673 22545
8959 21813
16899 17737
2022 25090
6377 11262
15037 26077
5297 23731
18454 24120
12422 15388
17782 22125
17507 21864
7318 11171
5347 17888
3277 12994
3164 12343
16700 21973
1779 22827
8170 13274
12040 23511
8669 25421
9047 10551
8148 22455
14665 27993
13407 20550
11311 20891
10340 12729
2915 11327
1015 2701
22769 23372
22670 26283
6255 24569
6097 22801
2646 25666
3182 4992
21506 21944
130 24062
8157 11026
18046 27494
2210 16964
10320 16599
14515 21162
21849 22956
4201 11079
1948 12604
16758 28044
1940 7852
19169 24586
133 24069
19153 22534
10815 23623
3428 26815
3019 7108
5979 16369
1940 16604
16588 18763
6824 19340
15376 16261
1082 15464
183 22392
10079 25753
7990 26690
11569 14519
4361 21889
16690 19343
7419 24062
825 20084
1239 13168
5820 23797
9399 18959
15706 22511
5798 26907
2512 24883
4091 27686
7589 25262
2672 22255
13515 13575
1432 2015
1955 6110
3472 7075
1351 4484
24971 26497
23904 27928
15284 20758
1 11329
3354 26931
3820 25102
3893 6584
14830 14965
18361 19082
10218 28049
2148 25349
3828 13276
4737 18249
2767 20333
7948 25602
7283 27514
15531 24453
1741 18035
8905 20936
16314 16901
2814 27168
8397 25019
2245 7627
16351 26417
2776 4072
5014 24684
5451 18820
2418 2964
19086 27821
4312 7768
6094 7412
11838 24616
7836 11535
44 15561
49 17836
9591 13091
8003 9574
11810 17237
4549 13328
23530 27745
262 9682
16472 16718
9881 10792
6442 20409
5437 7549
14033 24379
31 18244
8361 9200
15512 25759
890 28277
3202 8296
1578 8734
1158 26195
12511 23984
4248 22265
2487 16068
9150 15410
939 12067
2460 16726
14648 27756
11368 17838
9536 20862
10174 18739
426 1852
7926 21405
963 10571
3507 25299
8801 20657
7836 25607
9265 12945
3311 15368
12930 27093
3794 4717
10029 19960
13899 24134
19334 27555
6257 14301
13709 14057
461 23227
7275 23926
5150 27314
1485 11080
3625 23793
18011 23345
5930 13343
23552 25017
1181 8835
7524 18218
13853 27562
2665 20836
1374 3064
10874 25570
20171 21058
13358 15536
3296 25914
3434 13807
11189 11473
9539 14503
725 11183
9086 20205
1134 18015
15047 25901
24069 24329
16017 18265
1383 11417
21673 25494
19155 25283
23296 24265
9805 25238
4291 11042
4273 19061
1435 5587
681 27121
8634 13081
18163 20151
24703 27254
9416 25029
13221 21072
2059 19080
4556 12576
6745 14153
16961 27119
7494 8500
4244 6209
6027 10646
3932 23170
14759 26361
10715 23893
4369 5500
22869 23130
17634 27258
5413 8511
12160 14964
5543 24623
25120 27113
10428 11545
1140 21835
1324 17171
2578 22460
556 2568
4289 14555
8816 9320
1968 2832
12689 13051
3609 24552
11200 19055
1365 1779
2227 9150
14242 22415
9696 23396
10956 25272
788 10126
4573 10778
13515 14696
22646 26721
15080 23142
4340 14511
2013 8467
9161 17404
13472 25272
6392 18963
618 27773
25564 26799
7467 21515
3450 15716
16117 17543
22844 24518
4360 11331
11457 20537
16562 17419
5989 25420
9363 19196
17259 19826
4211 7831
11080 11705
16619 22245
5156 23557
14233 17847
21056 27192
3337 27300
6573 18761
16901 25169
9314 26640
1940 12860
15950 24908
3807 17465
22452 22972
3700 5944
15304 26472
7279 19591
836 9421
13114 18625
2636 13811
481 16071
1095 1456
5245 18166
1879 19813
2995 4005
14355 16679
10935 17906
18128 28152
17750 28150
2518 20041
13697 14232
5160 20347
8215 11534
1148 22846
7324 22683
1160 11795
1643 27799
4457 17671
17115 23085
6753 21855
98 16328
1185 5592
21000 22531
4218 19717
1449 11149
867 8871
5412 20905
1398 15156
11365 24576
14783 26314
6702 14131
4725 18454
7774 27005
18408 24226
790 27172
23106 27405
18787 25413
4221 16340
619 10293
25674 26099
3265 9631
23198 26262
3484 22441
6898 9838
10871 20190
2833 18678
12401 27117
11199 17543
16094 18658
7236 15271
11229 15130
7031 15996
4469 28211
16124 25780
7784 8515
7078 11360
12342 14778
6677 16504
10822 15605
22095 22363
1598 16785
1198 16047
14894 25903
15493 26338
2272 2470
3835 7107
289 3356
13689 17014
505 20258
8212 21889
18146 20355
18678 26246
5022 22500
6971 18996
15293 16439
12405 14912
18824 23845
20836 21462
17686 23657
22340 24874
12304 16442
6342 17404
17784 26790
17678 20789
3814 16068
4825 16369
2832 15052
17941 19425
3622 10480
1050 24541
11430 20308
5122 16051
19546 26844
8336 20956
16616 25851
1 22658
828 24104
3092 25107
28 21771
6680 16102
55 17061
10935 22446
2891 15077
2748 4024
21351 23108
1900 27224
5568 10341
8397 19868
1767 15027
6182 22484
2650 11375
12512 20503
3612 11784
11552 24687
10945 20313
6239 21407
16993 24120
13450 27198
7497 12506
6144 7774
2049 4636
22131 25410
12489 23655
14228 14710
21053 25893
11040 19835
15425 15757
8087 25218
23590 26659
2045 22634
5864 8309
2214 7325
4949 14260
5281 8132
8659 21332
2927 23693
1966 9535
14359 28077
15482 23795
5087 19952
16581 21104
1713 12792
21671 24190
595 13328
19086 19853
8817 13296
9663 27447
14541 28128
4295 26688
9358 26690
3287 16600
21329 25571
7523 19289
17795 23899
9987 23853
19655 25214
1657 26343
15722 17366
11953 24577
621 8565
9872 11484
16170 21265
16340 17167
16051 17446
14541 24232
13317 18855
3892 14104
5543 9932
2303 3810
9528 11471
11483 24160
4562 13032
495 4101
3741 20053
13029 27027
18005 24435
10541 11951
15717 20683
3609 21123
11275 13308
15731 20424
4505 10852
2746 18181
12990 23430
5109 7362
6560 7982
12965 14666
8939 13507
2518 2894
5313 9336
9646 25587
11443 25108
12341 21369
1292 8349
4548 22416
12825 23465
15616 25525
581 17803
13676 27313
19674 27455
26311 26503
6560 10874
25008 26026
473 14180
1324 3863
5150 9915
5695 25341
23174 27861
10767 17535
1657 4557
24617 25166
1361 24918
11725 14546
602 12631
1426 19899
635 10449
18377 27386
7616 24904
3066 27974
8290 20849
10311 21269
2440 3496
19657 26549
13854 20639
4807 5440
12074 21671
18260 20654
14592 27113
14911 20417
21341 26311
3790 4217
2339 22246
19817 22269
13498 15139
9268 9368
3146 27846
22791 26641
3728 28272
337 5150
3975 10350
16627 19236
108 27743
14818 19350
13405 15512
7869 18784
26945 27495
8438 17914
21864 27867
3383 26060
7737 26501
790 26735
11754 23846
6154 17938
17782 23166
6514 12016
17259 23056
4877 27579
13038 16584
1719 9610
889 16862
3708 10629
6966 27626
896 19325
10825 22737
11080 19576
1696 16928
20633 24294
14233 18600
15665 20045
2335 12943
3172 21446
11034 27243
4363 20431
782 6841
9049 18308
7205 12927
12936 15391
9524 22813
12351 20733
18991 20777
207 356
154 12711
4031 15825
5117 6931
11133 21466
3513 4719
10287 27402
9879 25139
11047 15605
615 6970
1239 16194
9263 10531
12551 14228
5861 16947
14764 16956
2412 2736
6217 9962
21159 28140
833 7411
4726 13175
16351 25167
17273 20336
2458 17755
9356 10056
582 4489
10224 26740
5671 28006
16905 25299
12538 13091
753 6876
3828 25343
13864 20754
7933 12220
9253 11535
245 27513
9920 15951
3788 3856
17632 27565
11421 17098
1628 7487
5553 7209
7881 14369
5472 21742
13564 23830
1315 14033
9804 10434
14998 22226
214 18411
17462 20334
10822 19998
6490 21413
1851 3436
6640 18606
4881 10280
1950 24247
12917 20511
5111 15808
4626 11535
1672 9869
22339 23310
7687 8100
7867 22814
13054 26497
17491 22012
6114 10646
5716 6161
7508 13832
9006 11633
4475 16915
9109 26755
3285 11515
5104 19964
6547 10618
508 23410
5597 26897
8269 12651
18384 18557
8299 8977
5529 21671
16463 25684
6009 6155
3024 9621
8035 19558
3634 11260
7387 27129
11708 25027
11932 26089
3565 11177
17446 18185
2002 2748
3500 10423
6661 27632
10310 10599
9210 24673
11207 22184
1978 16905
16276 23326
23020 27665
11777 16598
14711 19168
134 2710
12861 15529
10157 19228
3186 25227
5368 11152
1920 15620
9198 14576
1043 14782
4922 26907
9214 18471
12139 19948
2270 23180
18520 20935
4192 11450
1000 7561
14402 22139
899 25893
10 23165
12480 19877
2332 24510
7746 18787
18108 22035
2605 21547
18469 21709
1795 23143
22180 24127
11842 21761
6415 8096
23623 26670
3832 22897
10288 16191
14753 15064
293 13255
1862 8340
9080 26688
1178 22035
1264 11141
8145 9306
1174 27913
21256 22079
14409 15892
8784 23525
4507 19670
18541 19482
2065 4321
3383 21916
18021 24232
13402 23590
7241 17233
6269 15837
4870 22896
1138 27042
7927 15910
7918 21438
1516 16718
4307 18136
22227 24793
5033 23670
18738 26260
2780 9384
2702 25551
234 20395
10090 20695
4399 16509
1986 4352
16472 20500
17657 24104
824 8527
2460 4209
17073 17568
1127 7528
4719 10393
10665 22227
19998 24055
7254 7978
11157 12228
7120 24396
9629 17028
4301 25972
10161 23278
13618 15788
1284 22387
12983 16609
3055 24774
3623 24102
11157 18031
569 2646
18464 23566
16282 18529
18434 25187
20324 20764
15622 27452
3608 13072
2945 26237
4453 17973
8830 22799
3469 4090
7075 23478
15037 17216
5183 19061
14364 23423
2991 11576
3610 9415
3264 13154
9699 22481
11880 21945
6156 20856
11306 18146
15981 19178
13885 15409
732 3169
7089 13448
1925 25902
8203 11381
9193 9789
1360 6646
1613 14546
8864 23915
10974 14809
5015 16374
16941 23046
7019 19874
717 18056
8344 16781
947 27229
4205 9590
2646 10552
2031 23572
11576 13294
9368 9616
7975 13202
17590 22416
5605 18558
237 27974
10916 23851
17263 19348
7982 27141
23225 27942
24723 26476
4416 8750
18218 22453
10517 22232
12982 18529
10248 14806
947 24069
9873 25343
16955 25306
1331 8113
13193 23085
21974 22884
24474 25408
6046 24168
11444 20749
17404 27389
11286 12924
8750 19800
25652 28214
22203 24755
6485 24743
8034 26989
12399 26503
11444 12399
6280 16038
4062 4566
12829 21430
5092 24411
808 8770
8770 18727
26148 28026
577 22965
8841 23361
9438 13395
23846 26391
11143 24101
6506 22861
6129 23775
904 14021
5377 24224
5854 14590
1465 10048
4608 17602
5449 16767
740 13200
6857 23201
7509 16318
9281 24360
12468 14689
8356 22137
5551 16224
23363 28070
20188 22002
7188 12818
24244 25106
12729 15729
12043 16049
6044 21729
13597 14838
2105 10027
18788 19601
3301 23501
19857 25652
14605 27258
4993 25910
12611 19672
2845 9721
17356 18214
17902 23120
8692 12649
1618 7206
9884 12124
2107 6182
12569 26436
18461 21583
13024 21665
972 20350
3682 4581
8218 18615
15677 22987
5445 18522
19566 25102
7386 15906
715 1846
2363 24090
1561 10745
3275 12956
21438 23766
5536 19445
15970 20789
3 5607
5735 6416
2348 3264
2882 13373
722 12111
2278 9552
14080 21945
12829 21473
8958 22185
4240 25280
3762 8003
16263 16342
17973 25095
12967 27005
7162 10953
1944 13141
13362 24477
523 13115
3303 12708
15335 17178
21209 21296
18845 23745
13362 25560
4577 9558
12939 13480
2748 17938
47 18846
10884 17997
21991 25559
5569 19257
11171 12954
2368 25949
21409 22814
4200 21790
4878 17166
485 20611
12399 17630
8295 8931
7361 16853
10971 25971
351 6253
2604 18679
6961 23128
18696 21333
2518 12492
13355 23983
9631 25908
7571 22337
3638 19758
17842 20544
1510 21637
2022 16722
4172 6573
4067 23392
7867 19657
8515 24504
18332 19512
4629 4879
7213 28255
13977 22688
6736 22516
15083 18015
8977 17639
19034 23150
8606 12034
24172 25121
15559 15561
8531 10982
25440 28020
580 18702
19733 21889
4189 10498
4287 21111
4997 13091
1979 12346
1770 9543
106 11080
2759 20417
23085 25956
19161 19190
14703 15031
683 12399
2986 9323
23382 27270
8478 13152
8246 20480
9049 14958
9219 24974
1138 4823
4097 22667
13681 20162
7307 12341
5519 15423
22056 25012
21831 28104
16679 27016
1893 10813
2412 4459
1048 20378
9526 17923
150 583
16939 21320
4965 5129
9292 25329
8015 21443
19286 20841
3842 27779
5328 6846
2427 7099
11630 20021
10230 27417
9408 25759
4331 19957
9631 24005
644 14016
1568 19968
861 1067
17393 21391
67 23922
13796 23607
19469 21754
10993 24074
22310 26584
4250 13901
14389 18736
11712 16302
14479 18603
23482 24240
3794 5413
12826 22542
14163 15857
494 6477
10701 15397
2012 14833
23830 28243
605 24918
8181 8887
15001 25978
8155 17214
3975 6891
454 22793
728 24324
14096 27800
9524 20498
10321 21950
925 16470
4534 7170
4325 11039
23476 25193
12948 27179
1936 27221
2547 10559
16096 20144
16984 27086
12511 20438
11289 28210
4456 25432
22966 28038
20768 21671
3359 14997
17166 19856
13076 16615
56 14287
18770 24989
7390 18452
5528 11286
6103 27802
10222 22278
17146 17653
6268 18480
21213 28195
3141 7827
12725 21576
5485 23798
2956 8435
2566 15267
16042 16756
906 25344
26515 27966
6835 11667
14082 19972
7463 27758
7021 27867
14654 19843
23305 24649
7342 16404
15893 23676
9989 24671
15892 24353
18281 21898
11880 19576
11945 24005
3240 8869
14016 16794
18747 18981
24158 28094
18090 23279
2061 16910
8830 20611
13828 18708
2523 2801
14959 17145
2785 17916
2275 17431
3734 24127
11141 26882
14247 23870
4967 8398
15300 21497
23932 25306
5667 17222
3673 17838
24389 28146
3037 5794
2110 2986
11550 15762
18148 25287
13742 24828
13294 23392
2796 21120
20705 24029
6738 24783
12424 14564
11280 24586
12521 18321
1750 20250
2689 20647
17 3343
18823 23492
2003 2149
1483 12065
10491 26698
8935 13954
23983 24028
4181 9536
12264 19817
11495 15288
14344 25034
10733 10972
961 3652
11465 17173
8062 25287
23408 24490
1895 25514
14609 23130
4605 19442
18544 27145
5149 27497
10449 24069
6930 17390
7755 18021
6432 23400
567 17731
723 5457
16890 23265
24904 27795
18787 21084
8543 13535
20758 25732
13876 22787
867 2185
18059 24436
23430 25495
5579 24239
7018 23692
7065 17341
1999 27612
14451 16209
3447 23712
1944 28082
19708 25464
336 10990
16619 18286
1147 27133
22464 23909
8417 9418
7289 18639
15853 27105
19574 22594
13332 24738
7708 25619
17932 18119
15426 27788
2247 15621
5353 23365
2392 7683
4715 11014
10284 17115
17712 19727
19189 21053
600 16700
9563 21438
14603 20570
850 20391
17499 25685
3932 23431
7763 12931
14975 22988
659 23057
12495 18533
10283 20503
13817 26141
5301 17823
2447 23111
495 7600
1158 5055
8723 10052
1489 4433
4482 19068
4315 22430
24416 26077
14215 25409
6381 19783
20355 22416
16910 27044
5763 24589
9095 9465
19348 21372
8775 24971
48 7832
12709 27841
750 5731
12612 21828
1015 22734
1023 1970
3859 4151
867 6426
18647 22897
849 20480
7456 10619
4156 28134
4199 20226
18046 21366
13669 26507
6385 17426
7002 23825
12994 22539
1559 19813
8850 16369
9670 27500
14145 16322
18319 22340
5273 18644
950 20624
17530 20424
15141 17819
8405 28155
1659 26580
2651 21153
8025 21102
21421 25042
1925 6202
4847 26834
3348 11573
5152 7368
4192 23094
8753 14378
16919 20467
169 4624
23594 23719
341 27986
8373 22054
4645 21327
6085 23829
23352 24636
10541 23409
1538 27296
4247 14291
4507 13475
2517 24720
9662 22184
429 3773
3902 10127
18962 25894
6853 12797
24005 27382
7196 17513
22236 25821
9647 18848
8589 15857
2254 19545
11484 14088
5361 17928
14851 21211
14817 20998
10208 16639
3482 11008
8108 8160
1322 25161
16210 22095
6595 11444
4626 14920
4006 4625
11214 23942
16825 23007
890 4029
15840 26546
5048 24298
375 19032
4511 6648
8081 19348
18259 19856
14537 21610
7498 19506
1358 17507
16243 25953
11809 15074
12121 22601
13810 24904
21505 27643
6220 18145
2250 14407
7352 24290
4328 27279
368 2182
1651 13752
5888 16512
8785 23608
4797 24384
17955 24530
4797 16071
327 12474
17611 18918
7188 10263
10646 27006
586 2236
1937 23574
12785 22031
22329 27643
1459 2392
12432 21438
12562 21616
17504 22904
4216 10614
27415 27770
4639 26397
11292 11322
11336 11579
26282 27882
21742 23342
5430 8112
18442 24671
880 16582
14136 18336
3661 16527
5582 19133
18265 23269
439 11987
1672 9654
4086 15478
24032 25945
11241 17546
16488 19018
747 17232
24062 26457
1474 4221
12095 15458
14456 20346
11712 24596
4321 11428
10447 14514
1724 16435
15829 18755
1852 8855
247 17063
11184 22114
17649 20939
15348 27984
1244 4268
18813 19613
3167 12128
7626 18704
1505 11222
10313 12607
2596 22772
384 14407
1211 14534
18351 22719
7985 25956
6555 12385
6039 18843
3469 15644
14886 17965
3427 22184
2462 3848
5203 27522
21577 24500
11651 24746
902 24507
10519 19062
17735 24095
8705 9012
6533 24104
26055 26376
2071 21014
2373 19060
1946 13038
9086 18950
16276 17907
10068 21797
10954 11701
14970 21910
12194 14257
15027 27108
4527 7923
11264 15676
21506 22446
3674 26061
16467 26556
14959 16900
6541 12054
4887 20555
814 7332
5200 14388
10905 25433
8846 22040
11763 13313
12282 16964
11599 20477
7397 18876
13428 14342
8167 20956
4724 25005
3940 11279
13564 17310
13091 15027
478 7049
6848 20171
11542 21191
20067 26974
3569 20215
3326 22288
13051 16107
3051 9398
5620 24844
18564 20667
11319 28195
15182 16723
11366 27500
1163 7290
2470 21423
3698 21776
12798 16117
15056 23372
9653 14709
5208 20171
987 22820
5196 7002
8471 19388
23496 27373
5887 6394
9154 13329
7176 16276
5589 5805
7917 23783
5509 23430
24288 26069
5130 7358
4133 21166
5193 15173
15576 20302
4360 14304
13168 15064
10654 14010
8750 19097
3867 6620
17501 20931
9007 20328
22350 26142
8112 15875
6492 14834
8106 14534
7213 19262
7375 21057
8400 19172
13245 13313
8200 14998
3321 7170
22919 24127
1124 11954
20909 23573
14393 17040
793 25753
1076 18369
3440 5025
5080 13468
135 10833
15749 18338
16404 22240
20320 25625
6612 21014
2133 11269
4509 21645
4415 11318
6280 16439
11444 17398
14233 17902
8789 14131
337 23531
2425 15292
16713 18441
14769 17837
5530 11238
4974 12463
6408 14156
3825 8515
10824 14196
5728 14635
1430 8054
4119 7732
13293 27990
8064 22976
8014 9630
5476 28061
7966 16589
14171 22004
3430 9317
8144 21516
5375 16477
14771 25525
14805 15708
10335 13435
18936 24092
7626 14433
1060 6525
13624 28109
7705 24275
4693 5716
1900 14771
11355 19546
4418 19704
3708 6211
21063 25093
2284 11930
22526 25973
16700 17259
2213 6326
909 14695
2079 25409
4579 8781
7645 17119
7647 20016
4125 25174
11438 28084
865 9194
1482 18255
15817 21497
425 11558
478 15650
9239 19289
18449 18983
2022 7429
16446 25871
18034 21038
3186 21079
21735 25239
1181 8144
1255 10987
16976 19013
2556 25956
17949 20705
20424 21149
20582 23722
16509 28156
243 3437
2077 15251
6550 10033
9794 19412
12428 21246
15749 24804
898 21257
7036 24459
15749 22538
1011 24589
1929 11599
10941 23698
7458 23510
4455 26968
16037 22040
14534 18319
2358 3709
21798 25960
6562 17836
3689 6212
14572 26779
2894 10583
16374 22616
374 14801
10692 18139
1177 14586
6848 17383
3284 21873
5623 17803
19913 24554
13244 20008
867 26649
3967 19759
6618 24999
5430 23499
6268 18305
7140 20081
812 22334
24836 24982
24167 27382
14612 22135
5028 15302
2894 19189
5100 14564
11111 22329
5989 11629
5189 23954
5159 15480
3724 7737
5100 14781
5403 21331
4924 20998
3296 16490
22046 23298
4971 21697
17789 26202
3359 7283
10350 17426
24539 25270
4386 11507
3823 5173
16964 24360
7243 11599
14194 24504
5281 9324
2835 18700
24216 24954
13772 19829
3876 16590
3565 13609
11589 23578
9638 12705
5150 14129
22265 23094
3562 8423
18941 26846
18359 22514
2945 22307
13822 21701
823 24442
20166 27905
6707 26594
8566 10833
8350 21878
7412 21831
15661 26015
7397 16164
22087 24610
12067 26379
15751 17637
4718 13926
13041 22845
8238 21678
5691 12908
2535 13555
3528 4329
3289 6846
11936 25459
1469 26661
5030 8145
12089 19450
9059 16929
6738 17770
23963 25270
1418 13651
10346 26779
6177 14445
6707 8706
7963 14921
2413 22140
4581 22464
13245 18779
8708 23679
3321 19966
9873 26986
4340 4984
12300 16048
2818 22956
2225 6569
16835 23265
26405 27746
202 1440
13383 21479
10320 23799
7139 18265
7176 11791
24299 26348
1193 22379
21861 24040
17137 24494
14543 15892
6219 8041
11094 18276
3254 28045
16377 21700
473 21766
6478 25888
7798 17356
1147 23029
1823 22650
3227 19670
25444 27071
7177 14944
7382 18522
18230 28136
11599 23225
115 17057
8075 15829
2491 12554
10619 14794
7477 22425
9835 19731
17090 23426
14697 23608
25397 27923
13415 21269
7410 7885
1331 17495
2378 19674
15776 24094
26010 26061
4169 16686
12903 22579
6350 10876
581 27016
2421 14648
17175 24065
8893 26958
5481 28131
2518 15883
9234 14033
3186 14977
5485 14840
11133 14942
4606 19018
12583 27431
5326 17993
9084 24241
5267 15591
8219 11700
7106 8825
9067 26283
3742 5903
4363 14608
7555 23377
15150 25232
9216 17150
6562 6960
4693 17232
10790 12984
14957 15973
15022 21633
8797 19460
16062 22583
4367 9436
101 1689
2518 24131
7873 9683
12333 18554
1643 23763
9443 24127
1045 15734
14012 22607
14942 26706
3399 7016
6738 20635
5164 10961
1991 27770
12481 21448
6132 6182
20382 20472
10523 18340
14675 22165
9408 17407
3820 24521
18280 27795
2405 25629
2648 18929
11411 25960
925 25034
780 1626
660 21761
20472 22323
15954 24095
14411 23216
18015 21650
3499 27944
3564 13037
15666 24451
16337 24442
1 11706
17601 20459
19819 22416
18390 24306
16138 24219
3253 22953
5787 12357
1659 8817
19731 20813
5218 18142
12236 24662
8948 11039
7807 24557
6728 27447
24888 28074
15825 23265
1449 15590
4665 17992
14511 21296
14017 14424
1600 10054
22347 24900
9981 19960
11250 26709
15680 22060
3186 21395
11954 22955
1635 4210
2984 21902
6517 25831
9547 11484
5958 16955
16251 23711
7348 24006
18938 22768
16805 21569
3201 6589
9215 11859
18520 25722
7708 11347
17973 21554
24788 25597
6331 7350
7998 14020
7382 9053
3163 5004
7575 11931
17762 25607
9061 9545
927 28142
18682 24209
7888 8291
7360 13425
19127 20810
3467 25710
3782 17593
3273 26016
7803 17058
6319 8377
698 20045
15599 22826
19354 19939
1645 19951
5832 14054
3900 15983
14474 14501
12229 27560
5989 19034
10121 21861
9625 21314
4827 10461
14767 24295
9539 10543
11260 26260
5161 6531
1434 23892
2695 7335
656 14123
8705 12851
7230 26049
8437 15401
3506 22074
10660 17967
10846 22481
9762 18651
4061 9252
19409 20136
710 9563
242 25699
3700 23868
3731 16152
7944 8128
42 8799
18002 25329
17490 18637
11974 21537
12427 24061
17133 20635
271 5874
343 2570
22349 26871
8730 21467
9278 13387
15013 25552
22227 22602
8675 18885
11562 21387
6848 9416
8096 24122
21111 24005
2413 21654
14588 25562
18370 24247
12244 23762
2589 10464
16086 18938
7368 9463
18436 18990
10234 21678
1711 7737
10914 23143
4424 21279
7711 13249
1434 21904
3587 15899
19255 28206
7896 8751
5042 5728
23606 25871
21215 22532
867 17997
4705 13752
751 1050
10701 12307
137 11552
215 10115
1632 13847
8324 19847
20469 22143
2435 3991
21456 27314
4809 23277
15715 23034
4241 15543
3419 18704
1447 17357
5710 25160
19552 24950
8350 23052
14197 15622
6458 8064
45 25992
8247 10372
2667 24904
2724 6879
16754 20275
1937 4043
18790 23162
295 13078
13804 27336
8969 25474
14814 24211
8334 25930
9404 18700
10416 13175
1350 24436
396 5960
1322 26546
17046 26657
7894 10303
7988 25724
7350 13623
168 26268
13171 27044
20162 27458
6378 13468
4439 27449
6163 18934
12945 22190
5715 16184
18658 22685
22558 24589
8030 26388
27430 27983
2294 5230
7963 18174
16784 24836
16347 22925
14989 15244
16452 24598
15600 22205
18567 25800
13754 24042
1223 14418
9536 17201
25197 26587
595 20535
3121 21123
7869 16906
11962 27452
23298 27205
11240 22910
3522 18833
9851 18046
19400 19409
3342 7348
6594 8770
4954 25273
7300 21653
7524 22157
4758 11295
3 3585
2623 24062
12172 16738
13094 20545
8676 11698
12502 13017
1210 14632
2139 10847
12674 23253
13700 22174
15997 26364
12036 15529
14132 21949
8182 9762
4287 10298
893 17150
2216 16465
5850 16909
5406 27792
10002 20421
19400 20536
91 15928
7854 18387
17951 19913
15610 26333
3052 13343
1920 17906
22449 26341
5296 25163
3326 27032
8155 16298
781 4203
7241 14996
10701 12521
5204 22634
11264 18894
21080 24565
20288 26546
2333 5207
1306 8352
4949 25299
5466 14716
10704 16048
2320 7734
7987 23932
9264 13802
25433 26651
10393 12218
21262 24069
19539 22185
220 23469
9375 27324
17 11267
54 2958
10737 24676
8300 23641
7382 16543
15047 18280
144 24516
2882 22048
15425 25838
14590 26824
7494 24056
714 21420
7354 22446
8855 17207
2285 13580
25620 27137
22379 24929
3627 20270
6927 26858
16414 16948
6303 24005
9918 23026
6314 25083
6357 24904
5481 24543
2208 2709
5058 24913
6106 6549
15586 23090
10972 21345
5065 10096
10767 16083
4233 27923
19410 21423
9905 17513
1936 26908
2958 12826
2905 22167
1575 10434
3956 17316
26284 26915
6784 19008
10462 19577
7382 13090
23489 27416
9574 20057
7423 18772
4316 17695
9543 16180
24843 25494
5102 27222
3968 4509
689 12391
12603 24665
12193 25863
13124 17997
4646 16792
7386 25626
5738 7464
3700 10324
478 1970
16138 27923
16576 19856
5580 20229
4642 24764
13281 23576
17011 28100
10490 19789
7031 27190
63 8044
2843 16081
1858 8596
11800 16613
2504 19158
4719 12218
4117 15204
17115 18911
7512 11859
14851 14863
5201 26309
12945 27758
16311 26598
2769 13766
18217 27646
12089 18236
2648 12216
8349 14578
18221 28087
627 2769
4001 8987
8040 18823
23490 26757
14411 21919
8100 11237
12587 16835
2189 13193
253 12262
2245 13980
11019 15549
2270 18751
10080 10449
4081 7205
15493 23103
8132 18034
2980 9087
6342 20407
16608 22062
4456 17165
17398 28214
13514 18089
3475 10200
2126 24846
12562 16446
22251 24325
14723 28119
12545 26289
369 641
3979 15157
23445 24839
9839 26893
3989 19035
6083 21057
17057 20162
1688 21563
5210 13396
21026 22477
7185 22127
5406 27886
1308 5174
3167 27515
17370 24219
3589 14037
3201 26113
11007 27143
24052 27908
6848 11273
1199 27934
12927 24148
214 11087
1516 20601
12996 15782
6794 14095
9621 13976
4592 19386
15273 22641
11571 26115
3900 23856
1748 14635
15829 17445
8734 15065
4725 4861
5609 24226
6435 8329
13597 16251
4395 6145
3400 5691
9242 10639
681 1015
9662 26417
16015 24384
1154 19601
16939 16956
4770 13407
799 7027
1607 24248
8405 13759
14246 27701
2617 17880
5611 7935
13422 27958
154 16999
12565 23361
14712 19004
4194 24640
6198 12657
14245 22496
11612 13764
4828 21797
1878 24689
2386 25008
26584 27605
5008 11812
1740 27189
4300 8461
19142 25065
4080 12428
4 10838
8823 25867
6055 24904
13259 22897
21687 23809
13246 28217
8982 12455
8666 22272
5651 19665
6449 7568
8247 25294
5223 16908
1622 10487
13003 18870
1613 28085
11931 12773
14758 17880
13623 21269
20195 25396
2728 9998
11807 19950
4096 16991
14180 21313
10407 17211
21486 26712
18225 19439
11184 23579
5808 24914
22016 24352
15618 26982
270 26547
2598 17530
3598 15672
20367 25822
5010 7492
8170 22516
2051 13622
7437 22610
20894 25109
2154 27887
4121 26465
18302 25935
4288 22992
3294 15900
2325 19169
1421 27939
13534 28170
15472 21800
197 7796
11867 17941
3472 5017
13444 18733
14463 28249
6594 11424
6356 14820
3915 10778
13240 14380
12169 25116
14997 22200
21451 26189
5701 26094
722 9001
2157 3627
9428 18036
570 20280
7456 16212
13293 18905
9080 21952
9416 12956
8846 27569
23090 25331
16328 18124
9842 11993
17560 19123
6820 24790
3296 8368
7660 16980
4247 24051
17908 26055
10230 24062
3254 27042
1339 8227
12056 25901
6869 12451
10175 12208
6091 24638
14672 16965
26429 27588
2906 21404
6916 22694
1568 16208
21511 24216
11727 16509
9810 27967
6197 14939
8846 12495
2184 21641
4170 21377
3169 9465
4347 14800
16328 17226
1860 20904
7147 7523
9737 10921
7205 18950
4886 12274
9210 17363
8148 23082
6723 21668
398 2236
4918 19496
4798 27007
760 17075
2713 21299
4749 21732
9012 10837
6656 14842
14766 14768
3733 11368
22223 26303
4141 5583
2908 27308
9536 16059
14504 21438
8220 17159
836 20250
12114 13486
10083 18581
12108 16549
1767 18418
4275 24936
16341 19580
8197 10308
1080 3585
349 9779
14446 25550
6296 18084
14257 26827
4367 15335
12778 13690
8669 13471
17504 18724
4172 7475
1604 18533
9059 26704
515 6999
4489 8753
19287 19337
14993 16488
5005 15732
8096 19712
13830 27183
3944 21462
14306 21727
5087 27221
4448 25397
16949 25702
258 6955
1613 3488
11007 14971
1878 2418
10906 13381
1200 23703
5327 26312
3712 16362
1482 5659
4685 9398
18343 23281
12341 24823
5308 24255
4414 13168
2243 11646
3063 6058
2696 13310
11040 11484
8669 25265
3449 16109
4197 14082
17967 19354
7435 22545
4217 23964
6611 8147
4210 16177
383 21830
2664 10747
405 1528
17767 22237
897 22874
147 18464
7691 8380
6773 11115
7982 18481
1529 25414
9772 16003
18454 24603
16296 24293
2210 6372
1858 14153
15097 17904
3084 19329
15162 15561
8368 14450
16955 20191
16656 17446
17526 24104
18138 24709
15847 20824
3808 9033
12689 17393
6576 26549
3126 24070
14954 15128
19657 27811
3365 9067
4515 23799
3944 20836
310 18963
2767 21828
7389 22570
5565 20098
5604 18305
17193 23431
23658 25302
13271 13984
20047 23289
17630 21564
8467 14997
620 22340
12979 15164
22630 28238
10652 24131
3622 23608
3789 26384
15225 24019
11009 25232
16373 20836
6078 16850
13740 26624
958 6981
11830 26552
3527 21018
5239 14463
4701 12545
824 6578
17238 23489
4263 28140
4031 15409
16533 18267
3021 8552
9552 19376
9320 20909
19566 20245
20948 25013
8225 8558
9754 15545
9367 19004
2542 10041
2 808
3006 19764
4095 5209
1991 8592
23006 23236
11094 14380
14471 20272
7965 25258
1449 15033
3982 4803
8824 25306
10767 13994
2085 25056
6182 16980
17097 18249
4282 17953
14507 19190
7809 9512
9137 14037
16425 20773
22437 27923
828 11133
4784 16742
4159 25099
3002 20922
11011 23884
14416 27106
1212 11905
19237 27087
14631 16668
12604 17955
3396 19127
1160 6468
8851 11529
4017 10869
3970 17244
5027 27275
11456 18597
1529 7596
9884 11350
12709 19273
11233 16319
20876 23897
1506 10319
8817 21118
2522 6687
9454 13353
22056 23929
13344 26565
3609 19657
1319 13195
14989 15346
13743 22046
3400 21914
22182 24490
9782 11876
7297 23912
4782 9951
15659 22334
7033 16703
18346 21269
396 18538
19017 27271
1173 27864
300 11045
4294 17075
19150 23459
15967 21798
396 9327
8478 8852
2293 12754
6972 13832
20251 26254
14014 20288
825 3380
14783 22947
3838 11949
1121 21909
5321 26497
1613 14794
9260 10825
6558 18369
1180 16974
5315 23369
5864 14440
2664 14622
6927 21336
571 11228
23941 25740
9811 17035
6848 22420
19326 27868
25377 28138
6390 17941
14183 20746
2719 21809
8669 23097
12423 18846
18298 21275
8385 24846
8346 24864
26107 28065
9526 18342
10917 22229
22356 26008
1349 22032
10787 16216
4807 23578
9835 10101
1529 28116
12444 12956
12679 28044
2232 27854
7410 20667
1771 2882
13887 18678
8050 20825
8912 15171
15701 17194
20601 24979
3432 13262
4269 13275
20162 20480
1543 24390
19294 19589
10318 23657
9999 10399
8640 15756
2954 21505
16786 25219
6972 25272
1459 2064
13709 27136
23217 26691
7834 16518
15736 15985
16923 25329
9442 14840
3466 4568
17737 19548
976 15749
5196 27126
16534 21988
2798 3585
16911 26998
6555 9086
351 26796
828 17263
12577 19334
24393 26379
45 5751
5308 11964
10687 20899
15327 22885
19153 26387
4886 25836
7361 15829
3691 20579
6812 9631
1075 9847
4727 14250
7869 17575
8923 11905
22135 26225
8854 25221
17795 23140
9215 23944
428 7151
7940 24851
21719 21929
3901 12483
2265 27419
8707 21435
16686 24598
11565 21315
1071 7577
9607 25559
6913 9141
2635 20355
742 11133
6008 18036
22130 27974
3140 12212
9702 18166
7552 8982
10882 25205
14941 26077
18001 26189
3667 22931
10971 14941
938 7915
20092 26975
20737 27313
24978 26387
217 27795
425 25137
9903 17742
354 24076
10875 15224
19109 20939
17526 17657
24570 27035
7304 22889
6773 11634
13820 27381
18190 20946
1772 19717
1232 13134
14604 26030
14082 21542
9387 10763
9589 19998
15693 20347
5716 21369
1208 14194
20689 26930
11009 15508
12703 20711
17429 23912
13892 16322
5 13491
833 983
10464 21359
9385 15730
25498 26509
5940 22675
18629 22419
9986 25185
20966 24802
7612 18328
2035 10489
22058 24842
22100 25138
3748 8039
13969 22365
16919 21138
23459 27969
961 4528
21300 21449
18559 19712
3810 21985
660 21891
5107 21481
8251 23866
5599 7328
1893 9528
9486 25622
7909 18344
8734 9451
13563 19546
2435 21371
19494 23679
650 9311
438 27847
11059 12170
1920 11727
13299 26016
9859 15784
1804 22712
7373 17429
2709 24367
3300 4595
18837 27514
10464 20990
14534 23825
2353 25154
867 28030
4120 5720
6590 23536
22085 25842
9330 25999
16884 20764
13591 14596
6657 24444
11501 27788
23399 24412
6317 26273
7123 27764
7205 25083
12209 12958
1720 2104
19576 27197
18128 21761
19313 22640
4110 7684
2598 2894
7407 19358
4942 12435
5042 8187
6750 12511
2254 3367
18704 18955
5725 7835
568 17905
2243 8057
9871 24576
1785 24600
152 12597
14291 17341
505 2518
7878 22605
4109 22814
6980 11775
355 16389
9710 18354
7275 14697
4560 20651
12711 24177
15349 17081
25587 26277
10350 25009
6172 21564
7497 15722
10601 11746
2882 23274
9683 20491
1033 15376
19199 21070
6876 7165
10077 27105
22416 26280
4471 19528
7502 26111
17420 21210
12811 27795
7228 18395
12214 21446
13091 17468
573 3766
8665 20480
819 6861
9408 18265
3944 7935
7900 15721
963 18343
10924 14922
25903 27795
831 1925
9089 19189
1911 10421
12164 24650
2986 17657
2817 12871
5204 27358
17318 26372
4143 21432
683 18665
5583 5641
16328 25681
16898 17662
10799 12997
18897 20083
10786 10876
7007 10420
10022 22904
14763 25545
1421 19961
6094 13831
1455 24379
1658 6298
7835 9720
22954 24509
4080 19266
1140 1171
23952 26495
3024 25364
3892 22857
17938 27129
5279 26457
7923 26889
12192 15464
2597 11334
14783 15037
16283 21673
6499 24746
7975 23422
1110 13373
1746 22061
19775 24006
4548 23932
3098 20328
5501 17664
2689 18982
1945 21672
5651 14894
12155 16587
7211 21032
1053 25220
3560 7160
16905 17273
15251 19661
20537 26444
19161 26171
10493 25738
10763 27560
1933 19047
5716 8156
14971 19371
22210 25453
10134 17211
3726 17941
19372 21315
1402 11122
4358 6234
16623 17173
12051 25992
3609 7471
3705 26814
14795 26176
2550 3712
6144 17782
23619 23822
23310 24065
592 16094
14514 19699
8043 18784
2662 22565
9093 18700
4784 8920
9286 25109
16555 19544
1010 18369
24774 28081
1516 9465
10529 11327
0 14145
4531 27702
2254 26868
2539 19037
1426 6798
13564 16963
8441 23055
7630 25433
18195 18639
14326 20658
185 23185
14424 21192
5301 7079
11239 16589
18796 24028
15102 23721
9559 14888
711 10148
9335 17788
3428 7135
14557 27719
2447 11483
17344 18603
5371 17416
5398 22859
3874 24354
12308 17485
14203 20504
8294 8814
21875 26692
8411 18332
6989 19169
17491 27358
8241 27436
10747 22397
11050 26265
24171 25748
25287 25405
1033 20758
15286 24812
1541 20500
2024 14920
23159 24663
2937 7543
2141 2922
6017 21149
11331 14964
15108 17819
10164 11636
11422 24390
985 17322
20891 24444
10071 22676
8251 21880
2363 16851
6182 10934
3311 19140
781 9074
12451 23615
8140 14417
7883 27418
12922 23053
181 27007
16809 20809
7277 13661
2849 17785
6879 12794
12346 20503
8659 8717
13530 14336
1869 24110
14481 23392
27092 27579
3147 11444
12029 16369
10056 19746
1103 23459
3587 3819
19037 19284
8304 18820
3821 28082
21547 25385
5071 25978
5990 7240
15120 20775
11710 17597
539 8265
18620 25081
16759 17224
401 28100
24298 25023
5128 12164
9252 21038
1770 10821
9693 17121
8067 23566
12067 25586
9569 12282
6591 27912
4971 21746
10767 23338
3944 23721
12114 13086
1192 6692
10935 23193
6589 18249
1163 1738
11080 25049
9252 21393
2667 18916
16669 23772
7320 9874
20054 21642
1067 8496
5082 14830
15479 20448
11720 18954
8516 21798
1228 4404
660 3598
6426 19827
867 7140
2948 23326
12250 12426
18669 19069
24057 26908
9465 27092
24720 27222
2195 20481
17967 27090
8931 13193
19546 24547
16059 17081
14050 15220
7721 17542
23465 24350
773 12945
12945 12956
11193 19482
13091 26068
16044 26698
22425 25067
3970 14257
17838 19342
9991 17219
12612 21036
5797 25770
2246 6637
21261 24714
4807 18784
23574 26931
11337 20118
20956 22422
11932 16793
1223 4918
8467 16435
4592 11810
1821 11671
9478 26194
21018 28154
9029 26479
1329 25512
1920 7205
476 22329
5326 23799
5996 14355
24287 25843
7510 20408
10515 27886
3122 13349
8835 12939
15727 23890
2088 20730
14358 21330
9077 24774
8262 19004
18379 21682
5733 7150
9429 23415
8718 13267
3592 13635
8188 21640
273 24061
8766 11489
3997 22835
7264 22495
16025 24240
8471 21353
1858 21719
5620 17755
16404 23422
16094 20958
11551 25062
2995 12677
4434 8511
2767 12214
18114 24904
4606 4725
6809 11724
1042 14690
12128 23152
8886 15562
20345 21874
12 26124
1138 15899
22871 23608
6215 20406
4595 5768
10476 18603
7945 11345
9512 24231
1767 5839
5622 6495
1593 8405
14445 17963
6865 20846
10965 14654
24836 24880
1878 13878
23663 25110
17691 27642
10102 20980
6715 7367
6148 14106
660 17805
4799 19122
14520 21293
849 18543
14594 25833
24608 26710
10961 14243
18673 23412
10166 14781
24171 27463
8169 9228
3412 8011
19817 20849
9060 14464
18211 19566
1198 23469
4930 9408
5256 14825
11809 15543
11484 24199
11657 27499
3194 3592
495 15611
18033 23312
9012 14534
17194 27373
9579 16436
4675 11142
12677 14781
18878 26927
6898 10416
11692 16905
14396 26958
8414 26078
14675 15286
16173 26404
17728 18505
312 4823
5867 17773
5703 18132
14959 19140
6669 19419
5593 6756
23553 23929
3728 11369
9382 13576
14887 21849
19878 25498
4260 21252
327 11463
1944 17131
600 14273
9025 26622
1573 23214
14807 20931
23788 24103
2890 18963
13596 20835
6355 22653
25699 25976
15295 25433
7815 23149
3976 15179
3140 8893
31 23549
3229 5574
3019 25957
9989 13385
15066 19990
6505 13733
20162 22415
1085 4557
14636 15141
833 13517
6244 21754
22232 25709
8353 16970
4498 21010
17337 27327
5228 16658
11363 24752
9513 13328
926 6738
4352 7581
4143 7817
11252 25276
874 18792
17571 23839
1745 25935
1605 18025
3306 15377
5442 23549
12534 14480
14227 17991
25827 25848
17838 21405
7518 23294
16539 21688
9239 15666
22596 26580
11256 24428
8186 25006
2945 27649
19127 24957
2583 4263
3864 23015
28194 28246
4533 18667
9904 23159
13707 26868
16018 16672
27247 28205
8478 25068
10981 18386
4647 15048
10390 11096
9788 13285
16338 19055
9784 24487
331 25006
22479 25344
4162 26061
6852 18955
3892 24131
7692 8987
16453 18012
14666 23661
17726 18214
12452 27087
2642 21326
6473 21681
17 10051
4646 10352
20477 28158
2001 9179
10130 23854
2671 18554
14712 24294
2162 27787
7707 8775
19059 26739
12837 20770
14117 14427
12145 16865
12721 14971
5895 20336
3940 5378
5844 9537
8090 22550
4535 11030
3728 21633
8970 26677
5361 10913
1061 18704
8841 17423
18281 27501
6458 10128
5437 9951
6796 13978
7255 18190
10230 14871
609 20406
18497 25154
9019 12773
213 11960
5986 13203
193 10739
8975 14723
1605 13351
23251 24157
13098 15657
25504 26176
14242 24929
15470 20577
2916 14619
9252 15682
20122 22915
9683 17852
829 2447
10042 24776
11948 24929
11117 17803
396 19952
8833 14106
234 8912
15723 23703
3539 16558
8275 24388
20909 23590
22593 26975
14576 22182
580 9078
18573 25437
19615 24637
808 16989
3248 8959
7375 10205
5953 25969
11216 25610
3157 25606
1848 27548
25772 27424
7166 23708
1910 16016
2928 25992
16923 27693
673 7627
20397 25771
15811 20664
21735 24992
11367 24864
11092 13401
14541 16901
3778 4556
3734 13343
24280 25713
9319 24610
9660 10146
4689 19169
16209 22483
8182 13619
10368 12813
3811 9710
6416 7390
16163 25109
4123 11455
2807 19817
4531 11773
5191 13150
11657 15427
4347 19287
14755 27760
17880 19524
10279 23877
11218 25788
2832 6848
4708 24755
12363 18002
5708 14433
12392 21724
5996 10333
6448 9425
16523 22049
1239 4476
15426 27279
16983 26547
126 18603
581 21766
21038 25855
7948 8924
5978 11322
21849 25566
4591 8187
9647 19840
1 3290
3741 24852
5614 6232
3564 12459
14606 26397
2189 11916
5359 14531
6296 9228
9590 25903
1008 12695
19503 25952
11073 16676
10879 13960
15325 27898
4807 22573
14114 19320
1249 2336
1107 1851
3038 23814
9553 11444
654 18904
185 5846
10864 25914
17243 17689
1508 26899
22857 27666
13222 26429
2880 26840
7600 27024
8764 13836
6076 28124
3730 12459
14971 25301
23145 25488
14095 25598
2028 18577
295 13820
1385 21776
3618 4438
24543 27171
6916 18774
12506 27173
12995 23365
6008 21029
22047 22901
14317 21788
5338 17330
5474 13945
17057 22759
10714 14845
8852 9903
2535 16283
5051 24794
3324 19286
19289 19787
7200 15693
7947 24081
10334 21280
7809 21272
5466 23597
341 5301
2615 23733
6086 23615
4930 14258
12538 16878
4486 27048
13091 13373
1851 9734
13344 18192
2959 10495
2667 19192
1782 4724
8056 26697
9109 21934
10024 26087
12324 27146
731 24094
10830 17530
8533 26193
7354 17601
18743 19623
4012 22650
14944 28044
1851 23382
4006 15043
10511 22966
2613 11722
7555 16849
16237 27732
7015 26872
6305 10646
12663 17312
5513 26902
7783 21770
3708 8494
3121 14309
11183 22568
10046 27247
16314 22932
21470 24929
14198 21623
5387 9127
5748 27289
11134 26405
7907 15302
2106 24564
10203 20027
19425 20647
1335 8416
5996 16472
17695 24131
14668 25563
1761 7149
14103 17901
2399 18435
9371 28034
3244 24884
10581 26615
9962 23002
15493 17160
12602 19233
3339 22116
17823 19566
13059 27356
10598 17146
2874 7225
3911 21321
7689 12617
4512 5605
4924 18249
17263 23983
5082 7497
7813 28216
3932 18192
5219 8703
11255 21293
8447 26766
2227 4518
15543 19862
3622 9226
1055 22669
6794 14740
2596 22177
14344 22143
4581 6896
1900 9821
9917 25616
8200 11812
583 2148
9029 11993
10534 27197
23703 26244
3741 26865
22253 26358
9018 24148
1165 3886
25292 27265
12066 13146
1803 10123
16456 27089
7731 9008
7687 27328
10298 20747
12833 16353
1396 23442
9250 25781
374 13810
4424 23213
10466 25983
25330 27073
3359 4089
10242 10509
10127 21715
11292 15360
3296 24645
4444 21306
3622 14541
11080 13743
2024 12451
5117 18947
2951 12654
9469 17509
16026 22711
21823 27421
588 27221
21992 22755
6690 17481
7108 19440
11111 16198
8856 18018
1878 6489
1240 11401
22171 28246
3476 4034
3079 15061
1259 2381
6746 9792
7139 11946
5941 11696
4607 14626
4009 20092
1097 15330
18604 23417
20815 27142
18798 27529
4216 21802
11042 25270
2667 5874
6935 21919
20125 20189
6552 14588
6994 9119
5353 6972
4090 17304
1878 5961
12927 14954
9847 26271
14595 25417
1768 20141
3908 12724
5284 19857
9536 27635
5751 14941
9433 17782
17787 27642
1999 9638
8402 26193
23752 24872
1223 25083
3545 7099
3488 24904
3234 25414
19723 23657
2016 26916
25454 26260
10391 23438
1133 17214
179 8479
16713 25174
14632 23722
1142 18713
14309 25908
1745 6026
2596 8322
7199 7835
4807 23062
11124 13652
23094 25684
17750 17784
7404 15840
11170 14825
7937 12711
10876 17381
3720 21938
505 9590
6608 27252
2805 21044
2189 6972
16173 20940
1445 9811
22537 25037
2137 25194
51 7423
9228 24904
867 16038
13081 20563
13598 21297
10899 25329
7380 8594
19978 23286
12072 21304
8644 21041
21296 25345
8758 19533
5042 9150
794 22638
17017 23735
10326 18863
2189 19369
7952 14916
283 1921
3697 22755
8343 28123
13181 24681
11872 26934
1178 14407
11199 22226
18225 28022
1762 13070
7950 17718
3856 25336
11549 15355
8075 23906
5540 27527
5832 18460
7106 12221
1790 2315
6426 20313
18084 19731
10384 12805
3536 22581
9305 17319
18027 20857
3667 8478
13329 19156
2310 9717
21690 22531
24723 24904
16047 17295
6698 17288
15494 22273
8801 9720
13833 20056
5598 27743
15749 17744
12125 13282
9953 22400
2954 6940
16657 23905
22322 26641
4249 11422
1206 2754
3121 7741
22905 23929
90 24127
2387 5943
21878 25586
3712 12221
5288 27819
7741 26752
7568 27531
9528 14912
2118 3236
7284 19219
12542 25124
1213 9595
9006 21855
866 24053
6244 26660
1577 3554
8318 24791
545 4927
8813 27522
1169 10009
1672 21006
11260 22481
10042 20975
7681 13117
18859 21455
9006 12835
19843 20538
16794 19521
21473 28055
9574 24129
1050 4187
5473 7866
16588 19059
17935 24042
3204 27787
4737 22425
1181 12795
14555 26702
14471 16219
8065 11712
5796 12066
2842 13177
9417 16429
128 1142
9816 27966
10054 22973
1611 25746
11218 20627
9250 25410
3167 9959
15094 24241
25748 27221
326 18812
20639 20876
782 9251
18993 20554
6155 24629
12633 16515
12556 22471
1001 24811
12426 12980
2845 23010
6088 15561
9051 18590
745 11239
7214 19018
2986 24104
13235 19315
4660 5767
967 18651
9089 13232
1944 24676
9524 20292
3288 6183
1640 22814
13937 19909
17865 23486
7114 22425
3900 17543
3648 24457
24131 27013
13780 20667
17150 18988
2295 18591
10773 14393
10935 19140
15182 19482
18427 22334
21697 24997
580 1672
6776 12874
2245 14672
3169 27528
8696 19518
21281 26788
14301 16891
17727 23941
1953 16438
3425 22502
8483 25039
7331 13102
1015 5716
14898 19857
14699 26902
20417 24081
5079 16065
6273 25498
14939 16335
5895 12886
20570 27309
17285 23414
3354 20039
18775 22052
1750 2460
15853 16151
186 9621
7606 22216
15731 18833
18086 26663
1573 2818
11612 12762
86 16618
9730 12957
15543 18669
6301 23399
14016 25197
17968 24069
14753 27927
20109 27821
21806 24520
15108 15141
21044 21831
24131 27664
20826 23984
12664 16312
21312 21506
18308 24862
2883 19242
20233 24170
5284 21638
1925 17268
6868 18667
12369 27374
5992 13789
5579 20118
10587 18872
5004 22160
27495 28277
14368 23414
5089 9933
8637 25109
4534 24069
2798 21353
9732 25661
3575 23861
15553 23433
3899 22738
19547 22603
10243 16121
9569 15705
10535 17273
2518 4557
3638 11010
257 10929
4648 14958
16074 25828
18892 19879
3828 7468
1082 11592
16094 19171
2991 14513
2427 11718
1267 18703
1850 17114
797 26986
3025 20847
10488 21198
17568 25564
10956 18204
4408 26153
9842 10956
18175 19241
19601 27822
896 4924
5197 22642
17280 25894
12921 21380
4162 13164
21537 22664
12696 26447
8356 19123
7948 27052
6087 23198
11996 24836
1353 25271
7768 14804
18170 19309
11124 15597
638 10916
6251 24689
3229 11893
10230 15075
11741 22959
2011 9093
2475 17598
745 19201
10039 17743
20831 27834
5327 19712
4468 10756
24053 27225
1138 16642
293 21522
14017 20332
6609 11657
11580 20682
3709 16866
5815 6848
19367 25006
11614 19358
2967 9264
21883 26758
7759 19754
14012 24937
11080 12354
10328 19121
8141 16504
7354 18908
2308 25039
11727 25991
942 11859
7584 26173
5775 6994
21001 27170
7900 16157
229 5961
3406 24240
8657 19242
8850 10480
18176 20448
8300 26316
1112 17487
6887 20291
4918 27746
2802 10639
16437 26911
6991 16467
1779 23831
10393 15619
15633 27865
3073 18430
1349 2484
11576 12822
3587 25577
565 6232
5923 28044
9805 15217
5786 14713
6568 24450
12678 24031
8384 16308
207 16480
7757 22895
26810 27648
1713 21619
7874 24122
1140 22549
14168 19857
231 3808
5609 26438
19546 22794
5274 16619
2925 25699
23143 23793
478 14475
19616 21172
4999 18267
16589 18019
8414 10844
5913 25962
9367 10747
15727 19169
8096 20296
20964 26419
10522 18657
8985 21366
4980 13157
18458 26271
245 13699
6268 25059
3067 25388
396 1252
16856 18061
348 25330
5854 21954
3488 4091
3760 18282
11535 25894
12056 16941
525 7328
6668 24886
12084 18667
4123 4244
6426 7678
19189 22696
473 21849
12508 15090
16310 26834
1314 7009
1 190
867 16823
2849 24746
5702 10179
10488 13410
15645 19710
7324 11819
10434 19275
4699 22020
188 8101
568 2980
20331 27710
15199 16955
3764 25920
1570 19136
6914 19947
5342 23060
8001 16543
3727 28023
6262 27508
14012 17922
10794 28108
16963 17407
20375 24501
1181 2385
7241 8716
21735 23865
1617 6470
8304 10048
6917 7987
6062 24863
21996 26580
10704 19584
6346 25101
10391 24681
10982 13366
6350 28072
21929 22390
6214 19170
19982 21006
2008 25525
16121 21470
2518 23600
1614 13016
1374 26409
8558 21407
5250 17599
10008 22761
4290 27810
356 23318
2054 8035
13027 25876
11547 23329
1950 14213
3321 22821
9569 22149
8364 22112
1900 15950
17603 28267
16658 24731
1412 5183
626 11650
9429 12954
10337 11111
17485 27918
11456 24437
598 17161
6473 8313
7600 24444
6749 24242
10976 12740
8770 23799
1474 18090
14678 24801
5095 11814
1188 24280
3233 24589
3049 14697
22735 22789
4950 14566
2464 3741
22492 26581
9553 14302
670 11816
7783 18626
21160 25550
8806 10935
4166 20332
19542 23990
17022 20046
725 23286
13507 23899
6760 25353
7915 26974
13252 16846
3463 4091
10346 10896
21523 22456
3240 5009
15619 20222
19604 25838
12864 27751
25628 26761
115 20558
15707 26017
4102 18728
3214 6051
1959 11080
872 23691
2776 23609
1657 3780
18428 19184
12023 21372
1740 18016
21390 24951
7281 19338
8798 14002
8756 15910
1358 10830
17138 23932
12108 20041
3374 24659
5852 22425
2239 15589
7624 24069
13405 17660
17754 25494
18553 26908
7804 17892
3140 11154
1419 17556
2926 16504
18411 26273
9683 25321
554 12554
1925 7764
15440 21929
17865 21612
1795 12287
8904 25828
396 15603
6229 17791
5604 15834
15360 24954
15184 22607
5716 22365
23686 26923
15470 27766
3402 16961
3609 14920
6931 16963
1658 23520
8889 22996
2028 10992
8081 19981
9059 16567
5267 8102
24154 25262
7819 16152
13741 16276
6488 22857
4509 22604
13645 25095
9052 26466
5949 11952
66 3585
14242 15429
20131 20946
4321 9473
1162 24379
12220 21505
1814 25986
20671 26097
3793 16629
17892 22977
486 2075
259 21446
5386 26137
11954 13984
7775 20868
17842 20200
8242 23907
3296 14839
5183 26299
1085 23781
11677 18051
11688 21089
16670 25338
24502 25879
24914 28195
5588 19041
514 18945
953 2600
24397 25822
23197 25759
770 17141
10115 13423
3904 9835
2628 17717
5393 14679
6372 11866
5387 18958
11340 15900
17204 25329
11211 27468
23553 27766
4926 8516
1035 2518
5580 12379
20278 21811
11898 19375
8466 9524
18308 23060
20502 24325
7362 26061
11138 18639
9788 25509
4188 15199
5734 11877
5107 27506
3828 16751
18191 20732
498 22425
4828 19071
11816 24955
3204 23721
595 2003
968 1970
3806 22204
24690 26398
3559 19132
15151 16291
9863 18526
4217 19847
1 24836
11771 21493
108 20666
10871 26601
2061 17341
7547 8514
4758 7693
4979 18192
3267 4523
1294 23188
12134 24824
13695 17169
20805 23201
14839 15126
6182 11398
18287 25847
6994 19623
19223 21646
9378 15431
9119 13755
16276 27702
8441 27923
3759 24219
10337 21307
14038 28166
8259 8979
25314 25773
603 1696
3895 4551
12488 18644
4742 17767
12346 20498
8841 15228
8075 24401
3463 13472
664 12397
2565 22968
3357 24005
21321 24765
5484 14442
13195 21438
4924 18573
7835 21446
2496 17222
19584 23983
3944 17779
3608 7412
13047 25702
20292 20504
86 20608
25249 25269
25492 26087
6178 20195
5252 14221
22870 27586
12927 22476
23283 24177
3399 26297
1438 25564
18921 19261
14513 20103
11415 17161
17090 27870
9944 25853
1410 19612
18823 19134
12708 20848
1197 27771
7950 25735
13032 27218
8978 14050
9150 23392
4009 14555
24764 27074
12758 18947
3740 27572
1367 5867
4493 28262
9878 20804
20715 27942
14033 17422
2672 6556
6517 7477
1553 2031
293 12308
15133 24823
9077 17599
4776 24531
8391 8571
6530 18556
22630 24828
15239 19067
3437 16166
18255 19612
17329 26840
10835 26846
6517 13175
14445 21304
9018 24451
8223 17937
745 16923
4945 10348
15956 22120
8349 21366
14873 15804
6493 12657
6838 22101
1025 16961
140 8855
8623 25191
10659 23754
8360 26580
5528 9871
20003 24674
1073 18652
13454 13803
12612 20586
8705 19990
262 28156
6301 7610
1172 19086
13479 16766
4650 10638
13091 27119
5626 24947
17918 18457
1324 20092
7407 17569
4516 4616
13291 15723
9524 26265
5033 15823
5797 27469
19169 20899
13656 18628
14554 23168
2755 26098
8075 17884
1757 11854
15372 17305
19869 23459
16759 24723
6629 27790
16739 22198
6251 6898
25443 26265
21325 21623
12067 16095
1216 14564
6146 25628
8575 22947
424 10792
7584 7982
14258 17951
3897 17153
9043 24832
16431 23976
6848 24122
18725 23818
5189 7025
8480 24306
2111 4807
1637 3745
15676 18018
2635 4549
11100 25519
4717 14988
5150 26554
220 26358
19373 25329
6877 20745
17404 21898
11385 28267
21418 26679
6463 10042
9738 18226
17191 18799
14728 15548
8438 14666
15644 20162
14991 20737
3810 11592
22127 23738
1978 7073
18412 26367
671 14993
14609 26451
11696 21766
7576 16956
3585 23527
660 19685
2347 9535
9352 15259
8661 9307
14976 27117
180 5711
18528 23778
21766 26324
24062 25008
1550 8305
6633 24122
9611 23267
3228 24336
302 27263
19189 25893
1498 1863
13483 16201
2811 2938
13646 26476
10707 11902
6970 9226
4802 16332
7802 27565
6930 22960
1582 7185
15327 28239
3910 7765
1438 1477
4216 22790
4588 10137
8921 11457
2128 12037
14687 15124
11937 14445
1920 6587
435 15304
4937 19105
8656 22787
12341 17526
8011 8563
7002 20151
8961 12409
971 5969
20849 27252
9574 23040
15669 27700
14707 16258
381 15693
9860 18107
17498 17898
8299 12741
1112 11343
17594 19715
17797 18616
9601 23476
5777 7757
5699 15561
4498 14228
5711 6213
671 22499
14380 20162
2303 17214
7647 12708
4568 15489
9141 9526
14558 24831
1105 27352
2399 17911
19400 26681
309 16141
9717 21238
14473 23889
4274 10114
3187 17637
1709 13980
4421 16514
10692 22581
5204 10280
1940 23141
9851 12971
4596 17364
2984 10581
8349 16391
20403 26093
15422 22486
20233 25986
16340 27571
2105 5358
23214 23803
251 15178
4312 9906
10175 26817
13968 18029
11985 19403
4354 16662
14409 23459
564 17760
10646 25011
14643 21853
15008 22416
5978 24281
19238 24031
4986 10462
7322 26976
7740 12886
9574 11562
11715 16314
13036 20855
7639 24330
19874 22436
15619 22865
1925 21772
8180 9572
5691 21902
1614 5630
16632 23809
8921 18361
21616 28061
350 1925
10490 23993
2662 4645
592 26186
19717 25507
1181 15179
12139 15701
1874 9622
2206 9525
14355 17578
341 12220
15366 19447
13609 23463
3922 10958
19502 24563
17422 26713
11226 13712
19641 22223
14789 20610
2521 13545
2132 4087
13487 17557
245 2592
11778 26218
9438 18993
14499 14942
620 22954
5984 15676
259 1635
8437 24823
5923 7677
2324 21071
9576 11484
3002 19849
14127 17338
13291 21291
4557 15900
9406 12402
6009 24752
15426 19705
25623 27220
16017 26840
5169 9962
4961 8916
15869 23919
12840 24853
12032 13119
15650 22739
1074 24862
424 5160
10170 17515
20367 22714
129 319
8925 26784
10756 17115
2961 17492
14987 20974
813 25991
15468 23655
17465 25859
19704 25451
3856 20657
277 2818
7400 9236
12075 12807
16979 23415
7471 9252
9113 15387
3903 17056
16992 19512
1499 14412
18442 27080
18717 22379
7137 12010
6268 18714
670 4787
24367 27867
6965 12379
21332 28056
13190 14772
12291 12493
441 12235
4109 8924
1249 4742
5722 22038
8782 11784
2607 19135
14454 22377
580 26147
5196 6604
1329 15015
6363 17169
5659 25064
523 8572
10012 18876
4012 22273
374 3159
7401 17037
1142 8155
7561 20634
14123 24903
6205 15829
18704 20817
27654 28251
8157 10431
7092 27536
10957 14920
17041 27573
11884 19337
6505 11784
15048 23568
1318 15911
393 9940
2064 2852
5117 18265
14052 22934
3846 11744
11352 22091
9847 14613
4603 12725
11846 24500
6153 23007
1990 8221
21902 23044
7746 7921
23086 24225
7694 11692
7377 10895
18657 20661
14860 19883
3101 10440
8145 17422
12189 14819
21798 24290
4051 25397
10567 21091
14492 23732
359 13472
9404 25248
14197 15844
5904 16262
11546 15660
2928 13240
1538 13058
1112 12235
289 22871
6158 22688
27352 27949
2030 11885
4581 19387
9563 24122
8715 19758
1573 19893
14588 19419
20162 20758
18302 21178
17422 24659
19326 21990
7451 23719
7855 22666
8948 23073
19140 20092
5498 11813
17938 23586
2709 3900
23189 28015
5060 14335
11416 17225
5502 21804
12521 14792
12108 12151
10283 21369
7848 11657
841 17196
11155 11712
16849 17804
5042 9615
7351 12390
957 6290
18633 21192
9614 24012
25732 27702
1444 2586
9507 17654
14701 20664
1864 27464
5316 9427
20398 27366
3856 11562
11131 19247
23368 24905
2882 7861
4237 18449
1727 15834
1579 11193
6716 26219
7103 15942
1980 7758
3624 4524
12133 14176
11893 21798
5832 17282
7368 17412
406 8806
14520 27690
3674 13992
1538 27795
6321 8675
3710 7529
16102 23867
9114 19172
15442 23522
12792 21688
2198 7990
828 1015
17587 19425
2679 23372
11469 15182
9981 24371
18369 25433
23534 26131
11539 19686
991 21067
19845 25221
4990 25578
17462 24122
9416 13180
3063 12881
9627 19219
12991 14181
14895 18906
15154 17851
9356 10282
13193 25564
13440 16998
4424 5941
8506 11319
10050 14076
2997 15542
1781 7153
9350 24908
21673 27412
3296 7756
17 17777
2592 11905
7297 7453
18314 18455
21682 25699
7177 17548
24251 27751
933 20935
2596 25713
11716 25917
14572 17952
6994 14976
3147 6572
816 19309
5658 25664
8396 21746
5393 17794
8889 24061
8577 19580
1163 19534
21944 27719
11690 17142
3674 9281
6623 18658
7797 27612
10296 25306
9250 10956
16743 24866
22201 26074
14661 16027
5779 23430
5466 25185
13003 26139
6489 25555
3141 10691
1253 7590
11471 21789
13926 18522
10511 28038
2702 2777
18464 26164
1477 25222
1851 7861
5327 11997
12402 27835
15721 28046
7111 10061
15536 22192
3620 26114
9847 22647
9205 19943
12506 13182
18861 27725
770 5661
926 4205
4481 14714
9491 10017
12111 24539
4033 27559
15766 23913
13462 23713
7078 8939
3701 4291
3974 20376
22492 24285
9988 23225
3164 22095
10225 20632
8043 15631
11962 26952
2373 3421
820 5221
20008 25443
2708 12092
11126 26558
24122 26413
1126 5716
6294 8034
10846 12492
1052 5484
4853 11082
5736 17911
3638 25987
16456 19451
5089 21215
3024 23576
9590 25986
7152 16094
14418 20424
2227 10409
8926 10326
9840 22040
7497 15039
6257 20550
2368 7290
8690 10871
21398 25991
479 25673
6516 11785
2227 3117
16794 26459
15920 17742
17513 26706
23663 24295
2012 8005
15368 20164
1936 7783
3733 10913
1526 19731
20816 25174
1878 10199
16865 20594
1178 13314
18876 26908
11599 20841
15694 24696
3337 16077
5041 13668
10967 22143
2246 13773
18034 20007
6008 6703
1993 21839
25711 26737
1141 11786
3753 4972
1609 8886
12556 18533
782 9526
1755 3708
7272 28132
3727 20381
5003 23629
7966 9496
12551 14710
6643 24004
4554 8863
10623 23309
18823 21470
632 19190
10919 13128
14076 23415
688 25589
15561 27631
4221 17088
17871 25105
14694 28143
22 7659
2313 27957
13272 15605
396 27980
3997 26764
12657 21010
10990 16272
3156 12649
5204 5786
21058 22087
9495 21543
4256 20860
22265 23304
2838 16279
2093 10792
4338 18059
4514 23607
9587 20695
6030 6220
580 18379
8048 19576
7745 25315
7805 9569
12855 16493
18505 20142
9591 14694
13234 21438
16766 28021
2132 12388
23551 23806
7285 13171
14666 17728
5336 23807
26358 27643
6172 25352
6239 9847
8062 9741
15559 22212
24883 25327
9607 20904
10335 11067
6008 12236
1335 19371
86 6821
7231 15366
1663 7883
5485 7615
8692 14017
1719 27371
4021 21307
16603 22519
2133 24559
2039 14472
22144 24392
3378 11993
10836 18672
1181 26966
505 21459
12346 26753
21417 24836
11627 24104
2601 16733
1293 15606
22382 24438
5413 5461
16695 19755
1686 27655
5081 10697
18192 19567
3146 6520
4039 17281
3188 14681
3169 3424
7987 10747
21057 25653
21688 22787
885 1779
2302 19249
710 11984
1013 16718
3354 17507
9465 15271
165 2895
7128 17664
7152 18225
5042 10889
21341 27152
17194 20437
8478 26303
11579 19817
4933 8462
16194 23767
2900 14592
3636 11518
13004 15493
12598 26315
15666 18791
3522 7374
19585 20893
5731 12452
1440 5358
1609 15201
9356 27426
14959 20313
7443 22011
1199 5667
12335 27126
1007 22435
11637 15906
10196 23738
18051 23212
2710 27989
9901 13208
6262 21187
13810 24774
2807 26503
6166 14481
11218 13317
14832 21010
3735 27403
11856 21946
21148 27021
19836 23807
14215 17331
4636 16429
19536 21094
16961 19727
8855 9504
1760 24262
11877 22180
19410 24608
8512 11783
8469 22502
15712 17494
19140 24148
6904 20966
2383 8359
23377 24453
3389 3748
16402 19409
17263 24280
9940 15900
10041 25459
2206 2496
2063 8049
3346 14088
11244 25564
7216 17422
9859 17518
1623 2191
19941 26998
3539 12654
7784 25315
9111 11098
17489 22425
2440 27121
3947 22273
10222 26340
1621 17507
400 20136
23267 23511
2329 24326
10075 14642
4248 12271
3163 11161
8730 12347
7859 13350
4218 17483
1321 11120
15619 25788
7959 19714
20064 21235
273 23736
5794 22334
2526 9264
12886 19154
24453 26668
10391 25626
22550 23645
3872 10935
5743 21113
359 14533
5857 19289
6914 15464
24747 24902
14110 19434
12554 25945
12939 15179
11756 18649
369 3753
6568 25848
1773 20945
7635 24208
7900 9137
1398 24576
9523 14855
6221 15823
6980 13597
17870 24580
2345 16141
4051 16639
17692 22010
16993 18259
13943 20254
8785 24971
16194 19956
2340 9283
11392 25547
561 2280
11799 17429
799 4429
20876 24444
14610 17741
18105 24575
3753 17426
3014 21673
3985 8391
825 1105
5204 12686
3914 10649
11080 27788
3062 16836
12146 15549
7290 27013
2665 27080
15890 18755
3881 12927
2330 11850
14254 25283
3469 12065
425 19548
2525 4162
6446 18588
18633 24824
6416 15883
5593 16162
7033 25585
12424 16772
10815 13018
17076 23358
4575 11742
7885 15543
12488 26587
15543 28113
6311 19119
18823 20258
1412 11193
401 25634
8972 11084
4046 28058
17366 25590
7649 15942
10937 16610
19731 24576
14843 22894
600 19826
2664 12679
7019 9524
10532 21491
11727 14807
7889 25427
16979 17501
14337 28182
6065 6707
478 19171
1289 8490
16591 25865
918 15789
12803 21637
5570 14314
505 15196
17202 24608
11987 17614
6100 18854
23797 26628
17599 25691
5816 23073
5630 27835
640 28205
2339 6765
976 26665
7286 12139
10767 11072
8494 19425
17251 23428
16330 16504
21291 24627
24217 27557
13428 21402
10391 23186
6448 13259
16727 18131
5521 26535
10855 17392
19566 26665
23 10070
8405 18033
3663 9842
18692 26143
21232 24820
2210 5505
24976 25428
3712 20856
9354 18618
9165 16973
14719 20130
867 27660
3626 19721
3392 28014
1622 24752
24904 26589
4465 25729
13091 17057
4101 24138
888 1697
13978 23825
7452 13357
705 22190
27651 27876
3051 28060
4361 8212
19699 27032
20019 23629
22334 27464
1878 27922
1213 5683
15077 16594
2099 23004
5519 14170
584 22565
6629 28099
2830 8388
8478 22787
11781 20242
11982 16239
21566 22989
15157 26032
4278 14587
4097 4454
1935 26695
5091 5262
16168 16863
898 8156
10698 26150
17917 27508
24645 28222
15450 21074
17456 25272
9541 14317
4820 7365
9993 18784
20597 26674
24693 27514
3703 6097
2369 4049
2665 23963
14650 15695
2757 24976
1463 28068
5387 8753
5032 8554
21113 22184
1075 15072
2414 18169
10230 24693
935 13280
10105 20752
15251 18371
17486 23455
9105 27032
11987 23267
3591 9185
1866 25329
15673 23816
9070 10662
11113 17354
15505 19067
10330 24127
16095 23368
5123 8151
17169 23562
1779 23415
21891 23283
3637 8730
7963 19588
23845 25329
9610 10189
5749 13827
2677 10727
23897 27314
17442 19780
4949 7138
12411 22559
25173 28018
3082 10230
6965 9095
3993 24717
14335 16299
969 26503
12504 19034
3705 7637
25115 26232
7031 9959
13212 22551
9959 23658
10403 13391
18848 19840
13748 17251
23361 27016
11292 15572
12170 27654
4048 15229
4769 10263
9339 19269
10951 20962
1412 25397
8140 14858
15477 19712
21374 27389
19443 21387
2241 22581
634 8608
22304 25504
10485 11258
4942 5289
15474 20604
16750 18618
18472 23046
4581 11914
23152 27166
33 8096
4891 25525
6604 26735
22639 22923
16276 26073
7407 23130
7440 14555
6003 14136
3491 9978
7209 26987
19525 25301
1815 6243
9784 27206
2353 15267
10714 25377
11286 19832
2065 21989
10969 23154
15931 19554
9040 24645
15457 23963
17826 28100
4076 14604
429 9525
4609 24976
8824 21756
21156 24271
4065 11270
19183 25283
4634 7820
20948 22653
2383 18810
16687 22096
406 6055
1902 2767
606 20682
18783 20413
1529 14635
16232 19941
23359 25918
12737 13564
7845 14046
7419 17208
17366 28100
918 27174
9416 18669
4531 7290
18994 28224
5111 20157
9081 12890
17775 21131
13784 20719
17196 25064
23952 26554
898 5657
866 8724
13015 19287
18321 26584
12056 14559
19971 28255
18 4999
6422 19191
11777 25382
5292 12798
25754 26177
12218 19739
14681 16712
475 17480
9710 10716
10170 20233
10030 18950
3169 25247
9950 26991
10892 18037
18843 21904
6555 15840
10279 24085
2083 6097
1927 10170
25219 27646
17578 18021
16228 25316
10821 13491
12169 17374
9535 17634
7002 20904
5042 6484
380 19584
18369 21353
1590 22645
16457 19147
7310 28265
2903 10100
13679 25174
3678 13596
9617 22968
6780 23063
207 417
10076 26085
17973 28013
4414 21003
9978 15090
4421 12646
2233 4737
22998 25686
23310 25991
11657 11825
9860 19330
6188 6489
19778 20376
6007 9635
9084 26709
10024 27365
1389 3624
10254 16358
14881 17868
1605 8625
8306 8730
787 6301
7317 19504
1717 13266
3596 16934
23300 26331
3585 24273
5082 22885
3371 3594
3734 20413
20412 24102
17234 26053
17562 25260
6876 27746
7732 18673
14055 17167
7025 18686
17593 27091
14390 18846
8145 23225
16116 22151
825 17304
9252 17773
1672 24402
16642 22882
9699 23454
5150 24823
391 3377
23321 25758
21275 23584
4300 6877
1183 10595
13755 15534
15346 17637
15703 24977
12424 22012
7210 8997
9524 12341
183 25385
9252 27382
1254 16404
12346 12512
24811 27268
4050 27202
9436 26417
9736 20610
9479 21744
5197 21431
2232 9028
9038 16385
3356 21079
24289 26654
10512 17630
5729 11930
18198 22553
14342 14783
18789 25713
3057 6361
5465 7335
5691 14364
14344 17281
24787 25670
2324 5444
20243 24491
21375 25533
11987 25464
3969 15315
8852 17613
3881 5189
3265 24005
2539 12261
1181 9339
1688 22593
7534 18669
16036 22045
3474 22445
3634 9536
1031 8605
3665 10350
11826 26057
7923 28250
2635 23983
19092 22989
8920 15659
8609 23220
8833 25525
14771 25956
6828 17193
8772 23408
19817 23418
8751 26347
7820 9134
1020 1095
5773 21262
6081 13222
15442 25368
12630 25966
11937 23298
15837 20391
6013 15857
7272 18267
13002 22947
2353 22461
26670 27296
2917 5786
22179 23403
2682 4556
5042 5797
21650 26264
7523 23760
22634 27746
4456 10284
3374 26281
6070 18667
20909 22543
4637 9788
8357 9952
1950 28028
2667 9949
4926 7203
5528 15815
13679 27329
237 18976
8242 22390
2882 8785
3659 14070
19139 20657
6176 13954
4444 13586
13410 13597
17278 17628
13735 16609
6118 19516
18708 26641
19878 22001
7139 27016
12185 23505
9963 20024
2180 10717
4896 5572
8773 15573
9194 12078
9103 16337
11279 21060
10639 22180
15628 22331
683 9521
18555 20475
17630 26265
5646 8148
604 24618
15939 19264
7328 7370
3258 6744
10271 12512
10409 12955
4219 7571
4952 18679
660 8389
9180 12888
22714 26806
4237 17803
2938 23200
11382 20626
11746 15635
3872 26525
6589 10959
9616 19869
4568 11775
12712 24905
6590 20870
17517 18051
4918 18216
10451 13690
9253 11788
12868 18511
7910 20031
3564 17331
23764 25794
18211 19304
19548 20008
9432 11884
4142 23437
12877 23726
1795 9095
11067 11712
12075 18724
2048 17067
6220 17181
6869 14443
8081 20857
17660 24201
3530 16966
400 4207
2984 4477
26405 26846
8344 13776
10729 27117
1848 3753
8064 24061
2206 20674
4 24122
16404 22897
11544 18250
10419 19019
97 15206
1677 11539
1561 7213
9185 9724
17756 20538
13597 27770
20677 25158
495 4634
12257 15477
3901 5989
2518 12228
17956 25214
17198 25032
4329 12389
1127 13911
8673 19303
6350 11080
8983 22402
3482 26723
12965 16138
3156 25647
17963 18540
16032 20008
8168 9136
1050 8518
8113 25697
7771 14839
13731 23346
10195 18082
14136 21724
10018 24507
3609 24167
11495 19935
9081 12725
6507 11400
9252 11788
4929 7213
2547 6245
13413 24113
3788 3864
21113 21380
10442 14815
19594 27871
14153 21719
17907 21915
396 8057
9779 16366
18471 22829
245 7861
6573 19538
13632 21875
872 13894
10393 22471
20582 24828
2325 19819
1853 9874
6989 24510
9632 25992
15364 24872
13890 21438
18636 25121
3098 16602
2195 15863
17675 24586
12689 23193
1902 16016
3326 13672
8352 26061
5743 7643
3089 11436
14927 19573
18902 20605
7002 12794
8794 9809
580 2787
3063 13091
17749 19070
1550 16759
2561 22897
5327 7595
5252 20334
1507 14851
18617 25625
1281 27011
8806 20576
873 5283
23925 28245
19219 19482
2021 27087
23214 27487
16262 27993
46 18197
4302 8410
14156 21505
13203 23338
7297 10410
3652 14809
12299 16272
14232 19748
17035 19505
4515 12959
13376 22724
13131 22965
9574 21387
13185 25208
8982 13031
8892 11567
3958 13428
396 4519
17167 20611
17692 18945
21436 25430
2655 13046
11334 11564
9614 17787
1477 9128
637 20789
7166 7820
3711 24824
16850 24575
17923 27174
9884 23934
9084 19728
15852 18883
8526 27941
7922 16805
8161 21384
15660 17271
2667 7852
25966 27703
4778 8964
22352 22485
17194 18241
4581 22772
1392 9398
20331 24172
13038 23295
2024 8740
2759 17900
8742 18057
7944 9406
8924 22814
13591 20115
1614 13235
18237 20227
1106 25732
17599 18217
17958 25695
6811 27234
10297 13328
22421 25164
415 26174
9055 25468
15895 17948
3892 14783
6954 7185
13203 17260
6700 24740
19409 22168
17941 26419
7166 8437
13810 24576
12046 21296
11678 17079
16766 26748
6903 9853
16584 23548
9066 14607
21029 27843
3401 9923
16184 24503
9497 24504
711 14938
21438 22040
18963 21427
23600 25760
14796 22907
4721 23377
985 10615
9601 19170
808 7802
369 24444
5716 25657
15920 27960
3944 26559
6304 10993
11443 25454
2308 25505
14340 27478
14767 23997
15068 21077
11444 24280
19092 22833
14274 23529
3539 27740
4552 27939
13407 23973
1270 27920
6605 10464
13042 25422
5418 25603
7075 10119
10053 19105
7176 17161
3605 27042
1322 21512
2205 22783
26505 27536
1785 22453
10490 11115
13414 24610
1650 11467
10830 21761
7089 19675
4942 8894
11891 18735
4181 15597
3803 17443
14849 16978
9556 22997
13307 25443
4323 17787
5416 25130
11333 26022
16527 22489
18050 18120
1163 7116
7823 21407
19885 25064
17656 26946
1853 8533
2667 21036
9016 24512
9360 23534
4886 26601
2971 4226
2288 15464
10826 19181
7179 9786
1601 23113
16404 17684
837 16764
18553 26546
8264 21710
5984 22221
18919 19354
15296 20165
867 13573
14873 26344
6745 16434
6939 17306
21503 28203
8263 25228
7950 24323
7206 12720
7949 18621
474 669
4135 8088
12341 21257
10532 19670
7020 14513
3565 11211
594 26525
9962 26860
7047 12324
12935 16894
6103 14477
16025 16984
2862 16824
10764 20684
11235 15652
563 27520
21413 25540
2481 11420
8057 12091
8730 24808
4102 14907
2263 9332
18497 23142
2586 24377
2709 27867
11775 25522
6940 20118
12356 21185
9123 9998
15742 20789
4442 12727
396 4579
220 867
9591 16322
3336 25057
257 24344
1176 3528
7891 13342
9214 22406
7449 16570
8655 22553
4336 26858
17890 22885
7354 27719
1440 19950
24886 26312
722 7623
8075 27495
3585 15651
1609 17015
12646 25344
9523 13263
13985 21811
18779 22919
5117 25174
8757 23119
4336 14415
839 6501
7832 19960
10054 25490
14867 16335
16641 27248
11923 26503
2967 19275
6862 17484
9504 18790
11710 25278
5041 28060
11375 19827
8214 12382
1092 10294
6531 6641
14930 23954
7830 15377
4039 22546
85 16709
1744 9196
11888 17224
7236 9487
5241 21006
8750 25961
9922 25705
348 26597
899 1061
8057 22634
3805 8924
13807 16929
17530 22355
12169 19273
17120 22068
14463 18704
5917 19548
2962 21328
13801 15698
11552 26906
1301 1693
7194 8323
1640 6702
2985 23978
7577 22421
16268 17274
14625 22340
9772 12658
3167 14658
12084 13737
6601 8168
8912 17653
6983 15823
4671 18526
10910 18132
10187 15429
11816 19137
4221 18689
2354 6085
22425 26061
1162 18746
850 1695
7022 18160
3734 11980
3515 25151
9205 17186
6700 7853
9888 17250
924 8090
7885 18669
18798 18950
8236 20899
4159 18902
569 24634
1138 5102
7588 26753
6891 13638
8237 26572
4607 6260
8500 24134
4342 13071
2037 6465
11050 22031
18963 20602
7506 17220
327 9944
6773 21213
22817 27217
15416 22947
13104 22820
1030 4065
8402 27933
3098 20308
5949 18015
20849 26356
4489 23377
26677 27651
8430 9194
4829 20878
4140 11593
1876 7434
11638 20748
22987 24023
14433 15723
538 26187
4591 16953
2104 25155
2247 12391
13108 25260
20570 21564
2001 10330
826 15251
17593 27751
3741 14078
23874 27599
19671 19857
6213 18441
3985 18044
10828 21367
7484 25197
23690 25042
1884 21968
3967 23399
8134 12834
1669 8360
1279 16525
7411 20956
11328 27502
6535 11439
228 22876
1451 15790
20276 26184
7753 12689
8603 12796
12321 21456
24721 27433
9043 18790
1744 15307
675 22194
2061 7698
1702 17864
4873 8718
8124 19395
8320 14187
17649 17933
3238 5738
2469 24937
11456 24709
23467 27388
2303 14244
7741 26613
8213 13827
23970 26168
2712 21074
7442 16919
19831 23332
1138 2929
6163 14942
5726 11081
18304 18361
10323 21589
7830 27504
2317 5731
13446 16117
3119 12847
7375 23193
3052 9968
10719 28157
245 14794
3385 14684
8163 17484
10713 14371
18494 24721
5331 6692
4267 11902
8163 18574
341 22907
11868 22080
16311 18211
22098 27111
6296 22499
2240 16905
8781 20724
2724 16764
10203 23783
10456 14079
1814 3507
17700 22200
811 1529
11128 22024
14421 25978
14352 21345
23932 25433
5876 25445
12926 14354
16770 18639
5244 20611
11011 19036
5289 18116
21111 27612
4629 14814
15470 20053
9487 12052
12677 19053
8779 8939
19766 21890
15530 25956
12708 19817
15135 18911
1565 22184
1693 25850
7981 13373
5893 22835
3851 14525
3160 19326
3472 14468
9804 26468
15660 15994
2681 14096
1767 24756
22344 27678
1266 6448
16438 27823
2110 23626
14295 19092
2375 4304
7218 8122
18219 23935
26053 26947
644 3257
7248 11416
485 24131
3712 21841
17329 20500
15543 21788
16511 23957
26148 28093
825 1487
8462 10450
11661 26846
4397 4399
8230 18038
12409 26535
19316 26435
13836 17582
5728 28095
1327 14563
19068 27565
13646 24526
24299 27105
7532 22505
7471 13756
8100 22054
18178 26740
8817 13397
1009 18761
5405 24808
11893 25175
9992 27490
13110 22277
13937 18207
14473 27058
1337 20224
23041 25217
13788 15325
3184 5691
509 6879
6030 23334
947 15500
1405 18117
13696 17357
15032 15535
4189 21402
10242 27788
12073 28207
9549 10372
5518 10900
2577 22340
1767 10449
3296 18839
3638 14264
12217 12417
22503 26603
27314 27861
5275 13027
8746 11789
5263 19764
446 12153
495 9215
14969 24148
8536 16689
2491 10935
7917 14170
10643 24783
4861 17536
4076 4767
20737 27084
2686 16965
25995 27093
3137 7543
11113 15163
4827 25329
15883 18745
1828 17637
4581 19111
9397 10433
10896 13251
20332 26840
5079 10160
13225 27013
7051 26609
5856 11006
3206 21343
12256 18911
6441 16053
8967 15744
3921 23470
6581 8217
1944 16184
22467 26661
1630 8815
5107 19483
9253 15682
1465 26168
15772 27899
2929 16642
13992 23052
8806 27458
544 12376
7677 12257
6849 18315
16363 17597
7273 10601
5213 16939
768 7984
3218 12968
20491 27500
6260 6377
1877 11609
1481 12846
22974 24836
18786 23695
7355 20405
3059 6763
1672 9290
7089 10393
19183 21617
6190 21260
14686 23722
12805 23251
16328 24807
1864 3296
1573 21962
17689 25105
18920 21123
3739 27464
10323 14033
18217 24950
670 24594
18827 22308
1652 8928
14911 19552
23274 24094
882 21730
9215 17630
1422 24209
1159 24575
5403 10808
18522 26672
2000 3359
13085 26125
23273 25193
8659 28016
5984 6348
26429 27586
826 4691
12506 13042
8151 23730
4328 25996
4018 22246
1164 3039
1001 21436
4519 7484
4563 27715
11261 15416
14794 17672
7937 8341
13565 21823
14916 20459
11363 24514
16502 22474
4892 18807
4679 18963
3307 14779
1727 6353
5943 19139
15141 18721
9095 20005
6431 15432
12546 17249
12388 26596
23116 24952
9709 11804
18046 21207
10128 11250
27189 27451
12222 26389
20064 22241
16113 18921
1860 17281
8814 20611
23932 28018
2520 7626
1684 5341
14728 16438
24521 25425
13282 17029
4216 6159
11562 20657
8488 23345
6647 8437
1996 9132
12236 20572
10484 23098
7984 14694
11168 15512
11290 19610
21887 23729
6238 6703
5151 19071
7472 26111
1597 15404
12800 16509
4098 14588
1761 17383
11922 28100
7616 20424
17860 23253
657 24265
23086 23719
460 13062
16304 24023
9553 23679
7294 24561
4295 7535
13195 17112
6636 19548
842 27078
11113 27222
6396 24828
5082 12204
7004 26087
5490 26058
1998 4797
14109 20867
21491 24127
11952 19846
4890 23062
19675 24213
3523 9813
510 5079
353 25042
4333 22164
13425 25490
1975 2602
202 4639
2326 17089
6087 21230
2836 11981
7083 24377
11302 16034
8338 9542
2148 17347
7654 9080
17269 20261
20313 21359
14480 24118
7760 16085
406 12645
3329 28194
17263 27208
943 8142
6349 20797
7538 22621
9755 17929
6110 10829
4758 17710
4670 15452
3442 20815
7547 14219
14559 23361
5893 16959
2530 22553
21818 22129
4367 17140
7847 24904
2329 4954
8349 16838
8896 13203
17161 22531
12506 13343
2520 22764
14692 24389
5543 7384
5540 10090
9425 25487
13002 25935
3350 23619
18034 22923
4924 14777
428 25449
12377 19061
5393 27737
9229 24659
11104 28077
12581 26888
2270 25740
17714 24137
8959 17876
22794 23569
5156 21539
813 13186
10773 24823
8392 20754
3550 17768
6367 16023
14242 20758
2191 19031
17580 28068
14129 21115
9846 17877
9492 13926
2853 11806
16986 26283
14438 14998
11747 18155
565 14029
714 746
26 11409
20162 24374
3872 15308
1475 10887
20655 26865
6495 24223
9920 20434
10990 27192
2870 5114
258 20550
929 23646
12041 14885
2955 11553
3510 9383
10581 25110
25617 27271
14390 19670
2132 4623
11289 27316
10708 28160
2547 14555
7789 14280
867 17599
13091 25229
1939 25454
1687 7018
6117 14654
1911 16910
423 11746
6614 17416
4180 20889
2412 5146
2602 13952
230 15190
8708 11809
24349 27790
12229 16599
2714 10971
3257 13556
9923 10197
6894 16641
15303 21980
19490 21393
13522 17515
2915 10767
4245 19863
1182 9141
10997 25292
23228 24023
14895 15551
21079 23978
20038 21506
6948 27207
7469 26509
15642 24187
23843 24313
3674 11479
6686 15048
3206 7463
15910 27867
12221 23087
11417 26782
16331 25254
4021 8057
2326 25384
17174 23571
7472 13134
12484 17044
6609 8792
21679 24108
13461 16595
2015 2191
3373 18631
17511 19133
17417 21831
19588 24435
2324 27904
9359 21737
21438 23932
12847 19489
7075 19736
8394 24059
173 20370
579 15891
19326 25602
6534 23146
7565 11522
3161 8822
2709 12655
19731 21910
8248 26838
16584 21407
11774 20062
689 5864
8893 25091
16349 17856
2764 4102
5520 18026
15298 26391
20340 25215
14409 16594
3663 4868
20959 26925
3037 12965
23804 24904
5864 9791
5262 11833
2948 21690
8730 27413
4245 19040
385 972
12954 22290
1067 19946
2344 17443
867 8105
352 2881
17456 26598
18938 23193
8110 15754
5950 15708
3639 10876
789 25344
22318 24864
22746 23710
18385 25920
3714 21426
7390 21230
4159 13349
2528 22541
1327 18402
7026 10611
9923 12155
7832 18046
812 10086
9804 13234
8997 9268
9788 12762
22954 25012
9490 18394
19218 22227
12110 17022
3786 11548
17511 25969
8185 27729
5213 9776
12565 17819
4186 20936
5532 13736
6737 20227
17335 22818
1371 20627
591 26135
137 23809
8306 21190
12982 13200
3359 4489
4827 5855
4675 7210
1871 23239
6239 10090
2811 7318
7725 16373
1921 7139
12456 21438
2883 4026
13281 18415
473 10146
3765 17920
10054 27899
3885 24422
10935 19639
6722 11733
4457 11010
15160 21016
9525 22536
22882 24806
4595 23738
1510 23294
86 13681
9651 19428
13756 25855
2373 6220
9913 16109
9357 24417
12798 23521
1689 4952
4764 18252
13622 24864
2241 16384
4142 8751
327 21244
626 21962
705 25283
3997 18010
4447 22140
14424 15297
17482 23955
15712 25546
5437 26931
18381 27014
1690 21362
7783 24127
4365 9589
9327 20479
12560 14438
12009 16874
12447 17059
7557 27702
10728 19366
13733 22694
16424 23950
3794 16562
5331 17604
3024 14711
1178 17089
11450 26829
5170 17853
6239 17743
14162 24543
8959 12189
1358 8001
19579 25343
10389 21641
2539 3549
3634 24002
24838 25966
4603 15120
10805 22771
2691 22006
5702 26774
22320 24171
4067 19244
7469 27203
180 23857
327 18084
6334 10189
1058 14999
605 26182
9408 23915
8208 22066
931 21688
4115 18277
20417 24390
3428 23608
11216 27075
4551 23365
10230 10936
985 27811
11630 22120
1349 13296
22616 25734
21194 26148
67 13405
21263 26832
2344 27101
1906 13093
4075 4088
8352 18541
825 23525
5657 18567
10080 16855
634 17878
26045 26571
826 16817
7011 15426
16629 17823
1863 25570
1071 26284
3640 9569
11580 18057
799 26457
19219 25194
2329 7984
9730 27527
16 10711
13054 22827
19348 23983
5475 26478
17586 20472
588 11409
21948 22871
12573 22311
448 23128
1700 7856
8734 12871
15292 23728
1771 19467
2701 3738
1529 11747
1544 20022
11963 21738
11867 19425
12773 23392
12854 23177
10972 22203
15385 20280
3728 21057
18669 21407
23648 25107
32 24950
10937 25754
15635 19710
4009 24804
7017 24989
600 4072
20205 27106
11569 19745
22976 24224
2669 26603
14033 18626
14853 14958
25016 25433
319 465
16265 22655
7000 11244
6036 7594
12962 16152
3090 12966
862 28249
3727 15521
5393 15122
6728 6738
20366 23392
10309 23754
11232 25399
12462 26497
15022 21053
15301 25110
2944 17369
10182 18051
21240 27554
15221 17549
6005 7659
3395 12196
18016 27189
22416 23708
622 18540
25193 27046
4645 7681
650 18689
2631 16656
21794 25435
2489 10086
2226 24580
9496 25385
16722 21000
505 25732
11633 18128
5538 10624
20316 25822
5028 11471
140 25287
19002 24477
12341 14168
3648 17757
1908 16282
3574 21525
18454 28121
558 10467
6618 23207
10542 23823
4442 17263
2679 17831
2698 28095
22690 23193
5663 19504
17760 18784
5150 7647
11940 14136
7411 8085
12114 24726
12306 21763
2413 9602
3794 25381
8848 18457
3730 5040
22947 28155
15583 21777
508 15790
3169 12790
3089 23083
13694 23549
17900 20332
9282 21716
737 10584
13222 15156
13786 23395
15477 23932
4916 7237
7927 19852
6730 18606
23935 23937
17757 21182
2530 18083
4693 26344
9487 10927
13947 18257
13025 14242
10388 11292
10646 14081
11032 11237
19086 26503
3163 12002
6927 26158
11114 12344
6587 7375
6291 12947
17599 22634
9293 21374
2180 16398
9778 26041
3475 25986
7877 22415
3428 23414
1382 5443
6972 17877
12423 21798
12506 13235
16142 18461
5350 18154
25810 26896
2667 6102
4732 5680
13978 23459
2787 9645
1710 2635
9226 15271
15634 25865
6989 22780
8730 14692
890 16018
11430 21744
10511 19630
5074 24127
17161 21228
6261 15376
10974 20144
4198 8909
1925 17797
13847 14033
5070 24681
1349 19537
19567 22319
5691 16422
14591 14641
11788 14602
485 10330
130 10042
6801 10054
2117 21982
8990 19784
15022 25402
1027 12065
273 17457
6015 16919
11286 22719
5284 23560
1 24342
26584 27195
4067 5775
19945 23880
336 14484
634 6940
13888 16905
583 20016
20775 25385
11444 17901
17497 23026
4072 24395
8785 10982
2003 22447
3647 22485
6301 24307
991 8565
1272 7444
2520 21960
6473 22512
9717 11053
440 4743
25743 27193
727 9840
8137 27508
14671 15865
877 6261
19712 22471
13415 15426
18850 24495
514 17692
15229 21619
3851 24294
23764 27615
10157 25504
917 6253
10344 17482
20410 20858
7218 13819
134 22991
10367 16843
1272 14003
10420 14933
3990 5474
10497 24271
14060 21673
14006 26890
11149 16888
12902 18881
264 17789
12090 12651
5550 16582
5716 20504
1259 28139
4541 15319
14180 18808
11171 17443
7285 25997
24472 25263
12444 17657
9103 12868
402 15996
8856 13180
17433 25143
3598 12397
2684 18177
18322 20251
396 5503
12226 24255
4549 10090
23365 26071
24584 25254
10957 11413
3163 14055
7380 13929
9523 26219
12859 25059
1900 18820
5689 18909
19030 26400
1050 10383
11866 16984
12177 18115
1736 1953
14228 23830
569 25104
6972 10023
16103 18797
4888 25099
319 25185
11534 27855
16511 25682
1171 10767
19605 25850
9998 24007
8086 17097
10618 14482
10532 22688
4606 22785
1970 22885
12800 22339
1643 2596
1534 12858
1577 25129
15163 25263
13512 18938
14620 21885
18661 24233
22790 23347
10760 25270
10517 27418
5982 10504
3059 20162
2503 23565
3233 4806
1888 7471
11875 27080
18522 21514
9122 16665
638 17938
7602 11830
5336 10462
114 7308
1555 19966
17120 20705
5454 19638
20053 22210
8012 14677
13140 22888
808 9103
2986 21638
15175 21359
4646 23932
2929 10799
9280 15992
7702 8817
14306 24017
17574 20205
13140 20387
2764 13246
5105 25283
1643 27527
113 17422
242 4666
11944 25104
5556 25270
15284 20497
4580 5587
8717 15123
4675 12227
8293 15426
6426 12790
2186 18050
1560 6044
6075 22569
7355 8243
12915 26340
8368 23269
17793 24492
7139 8718
11555 21050
3357 23044
15453 19126
820 11901
19445 26294
8948 18945
2153 16228
5160 15558
1923 24284
8970 15376
22579 23829
12811 16603
19089 20649
1952 9638
63 9646
11515 15710
5967 25658
20314 28039
115 11599
8953 19648
3059 19331
7020 16354
5982 15798
13960 27061
2120 10190
4325 18945
23400 23508
501 16610
7814 24142
1933 7798
7325 23470
10962 23789
8243 21077
1438 5263
2880 22875
1181 9515
3927 4969
7793 26503
19217 23551
9296 28015
2545 10780
8478 14228
10497 11363
2615 12868
5691 13065
15105 25584
20472 22650
7147 21156
17030 22439
2832 8339
15009 28181
10076 20069
15672 17453
348 3955
9066 12839
2708 12711
9576 19572
4768 14060
14390 14559
17615 23736
7312 8005
4061 9180
7081 26765
21459 26267
854 17963
12865 14991
22977 25763
3098 28147
9151 22219
15437 17841
20254 21687
17993 23467
2894 17695
9550 11562
1240 12787
16457 16813
2623 17808
23722 27084
13553 27129
21703 23868
14631 23602
14510 23267
794 15996
17683 18679
6498 14457
396 3699
3141 13424
8491 14734
2396 27152
3411 27475
16609 19705
12650 17472
11287 27102
16 2156
13242 15874
6091 26951
17752 27725
6753 7626
424 23736
10934 12366
5767 26993
6668 6877
423 5549
396 18280
4823 24279
4704 7306
15924 26353
16304 20631
22687 26104
5004 20721
26528 28163
7730 14612
12672 24691
1646 26339
16415 18004
19839 28032
10837 25701
5687 7316
821 13078
10838 24122
22845 27374
24991 26442
6042 16906
17782 21736
14971 19004
937 2197
2199 22275
18313 24069
867 23338
8785 19601
2816 5451
16209 23750
7283 23348
15019 20367
7778 16651
2437 6766
13977 24803
12012 12164
21730 22001
5128 13804
11486 13970
22131 28242
3464 4766
11290 25861
16851 19662
2575 7454
4775 25283
9252 25817
17487 17530
10484 11047
6896 21004
1635 13745
4439 4646
4719 19817
6881 9333
11311 14995
12397 21682
313 10927
1014 2169
15006 23186
11786 12698
6707 8720
17245 22851
11980 14872
6182 9637
4535 23553
1878 19993
11712 26206
8785 10181
4209 10279
2250 8003
24095 27486
6801 14959
2754 23194
1023 12228
7369 25985
8397 27655
16349 23119
9569 24884
8800 25329
5076 24411
173 9258
864 28058
5960 16344
18463 24965
1 4069
5000 25873
2668 2977
836 27462
4232 24943
3759 25397
2090 5006
11551 14010
23143 23788
4132 18436
8054 8248
13756 14920
11672 15195
14829 15375
12792 17762
6960 7566
9524 19317
561 12927
13721 14894
15015 23333
6072 22903
1869 9399
17106 18384
8770 16276
1875 25192
18667 18737
6707 14771
14024 17759
545 13190
11927 20144
7644 21229
135 8511
8224 20008
1925 19700
21409 24177
10881 11273
2373 23334
13282 18265
17340 25667
16907 19869
12032 12590
4908 7613
5612 10326
4774 8096
20634 23836
15731 20553
1489 14832
23415 25415
7205 26670
5882 7268
6242 10160
20370 25102
20204 24841
9884 19469
2151 10650
3186 17702
9242 19917
3728 6106
24022 28049
7166 24422
3705 21079
4408 22511
17170 19347
1668 24005
868 18095
4954 7881
6078 27433
7323 11003
1468 24343
23352 25538
19496 21149
533 27279
22241 25028
12342 18696
1232 15240
4409 6151
12922 24872
911 8391
7798 9179
23497 26358
5024 19686
12136 23128
22607 27343
16490 23455
19068 21888
6883 23455
18833 24423
14539 23287
13937 27175
3778 12359
175 23254
9260 17787
406 12433
14574 25976
175 4860
4469 22768
12759 24010
12994 14082
11411 20265
23318 26186
11716 21703
9710 18819
5946 8429
10068 26498
12710 26744
14771 17022
544 2057
2336 4563
16951 23647
11467 28205
15124 26368
876 20763
21536 23351
6065 20145
14420 26023
11161 14662
8064 16086
8578 24629
2435 21353
8314 23935
23628 27229
8087 24535
2150 14303
16275 18752
11674 17791
4732 11183
11633 21109
10559 21138
3634 10626
10299 20915
4221 12447
1730 9361
25712 27349
15451 22409
1193 22415
12773 17700
3762 8264
13155 27128
3578 11059
4090 22625
2452 12090
20991 25704
2894 16470
16394 22470
808 25956
11847 12341
15766 25282
8846 22416
6072 8009
11395 24457
21990 24363
6462 23437
8290 18192
1884 7982
11460 17779
11954 12121
417 18196
8840 14857
8696 16178
13303 24037
7656 24872
5413 7007
4469 15155
245 15572
24053 26191
6994 19972
929 16726
2927 20024
1713 4749
24274 26261
6776 16640
4974 13022
1504 5300
9710 13986
10687 28044
10570 11778
9821 16338
24637 24789
225 23879
8430 10296
15668 17457
3915 9012
1509 19068
1218 17866
16581 17446
3428 4037
4422 24322
22112 25653
17530 27883
382 19566
23430 28066
1767 27117
10523 11681
7841 11710
11784 26369
4599 21361
2521 22100
868 7423
21102 21730
11030 26077
14353 26865
14490 17194
1213 24142
7487 19289
10242 10269
12094 16127
7282 8861
4328 17892
2061 22481
15323 15865
4944 25774
22401 26753
13484 26661
10918 11237
10359 20331
1596 2727
6707 9951
15205 27640
25828 27001
24665 25471
2129 2878
10541 20820
8730 26609
12532 25470
14999 21032
852 13888
22422 28158
14466 19581
6495 24748
24281 24904
15648 26605
23584 25354
8424 27719
23316 26119
7420 11816
4149 21058
14331 16812
10742 24405
20633 25683
2120 28053
4643 14168
15434 19594
1657 16437
9964 22328
4097 7458
7802 7956
17774 27042
3103 10290
10794 11825
1573 13129
2938 15644
11044 17318
19368 19459
7206 12763
5833 17029
1370 19675
10792 18813
1292 5528
8795 23510
15280 22748
6760 25451
4563 8364
21359 27579
25746 26347
14971 27995
3479 16162
11488 26226
2190 13953
16878 28055
5461 19641
5511 27294
19100 26788
2950 25994
1650 4904
21153 26591
2764 19753
22581 26569
11094 14474
344 9285
6848 10222
15920 17341
3110 15669
20314 22890
11100 20500
4671 18099
12804 25404
1591 26868
20130 27375
11150 22865
12236 18036
406 13363
15175 17601
18223 23703
15967 22352
6277 11185
3892 6914
1281 1958
6940 22340
828 15236
9507 18976
14304 15418
4956 18409
6523 7290
3026 19386
1030 22392
8536 18366
14048 18014
3395 7900
10844 11922
17302 20162
8985 9268
20575 26133
19758 26437
19907 26862
12010 19362
5047 15626
1154 2813
2905 18659
6868 22425
4849 10987
21003 26457
11307 13055
3851 3932
4718 26601
7929 17640
10767 17763
344 3306
23146 25486
4649 27296
13203 25834
17172 21958
17445 25301
899 25857
396 27737
7033 18153
14023 17902
16434 20617
3198 24317
8798 15837
229 18392
20109 27441
7021 11064
9690 11911
3540 7772
21910 25525
5695 26930
2832 18679
2121 9321
10638 12890
4136 26896
20503 20504
12472 22824
13038 27190
18944 21823
13480 25887
18932 21577
1500 26257
1223 24904
5699 27152
4717 18423
9941 23390
10309 14193
11465 14297
580 7085
342 7580
8538 17718
3421 5607
9211 18583
14930 22666
12700 13733
3651 18622
10122 26521
2423 26177
3400 26127
12260 14926
4218 12026
26976 27415
418 21100
3469 21209
17370 21919
13049 15676
24491 25360
2465 14990
5458 26787
5033 25808
14662 25229
6738 11629
233 16781
9053 10493
16749 22617
1475 19982
19294 21687
7793 21438
14546 18255
1008 18708
19369 25564
18846 20953
19858 22399
6348 19739
9662 25899
1489 11214
9065 23372
6229 11701
2667 22553
874 26465
1271 16764
535 12862
8895 27974
6762 25383
24061 25775
12793 21122
4546 25245
15011 15213
581 11696
13312 21378
22716 27042
21837 27815
17822 19508
2968 12992
2126 11221
21123 21688
9398 22382
17114 24947
8895 12564
19382 25435
11113 13906
8817 20923
2036 24109
8008 12281
10920 15620
2664 26869
2391 9438
8437 26503
4244 10066
15429 21110
3622 18211
4493 12164
1421 16772
4626 9252
1357 24781
14035 23254
4983 8953
10839 14003
10929 15548
5855 27908
7358 10088
3635 20232
8229 12151
2386 20831
17782 18097
7701 20826
6546 21323
11985 23422
11336 20639
25876 25998
61 22474
6154 16501
5034 17885
17940 22413
11368 24589
14559 22688
21061 21622
2210 22984
15293 16671
5191 21511
20715 26948
862 24516
2383 12331
2832 12495
8706 12484
11035 12858
9720 20586
3665 12020
19222 27676
3072 12908
11909 27575
6726 10570
9654 13972
5056 10511
10899 21673
14390 16986
3712 15728
9963 14571
3609 9252
10479 16665
9698 19219
309 3808
13089 26201
3810 27080
16156 17990
1014 6222
1 5789
8718 23966
4962 15840
2333 9414
15736 21000
1438 26981
237 27976
3111 17889
18368 25956
16478 20434
2085 4646
7495 9901
5350 27587
9638 9653
340 24953
19853 26413
12376 20601
17966 22078
9806 13091
6454 7205
478 12412
7038 19203
4233 8438
11207 12369
8215 22833
4031 23265
17094 25639
10435 27793
711 11242
25570 27382
2255 10563
15536 21438
1068 14033
2031 21836
6165 27744
5352 17945
894 23396
16334 20586
4646 9581
12722 23143
19730 24171
18775 23295
8867 27833
19271 22482
15031 27681
3669 15120
8391 22353
6183 9753
2303 4361
8974 13772
12956 27527
1447 7597
8770 16905
341 4265
24290 25229
7120 26169
14009 26907
1373 5305
15922 19999
14735 25717
2288 26559
7490 26289
10957 27342
2810 23420
102 836
20339 25713
1348 24630
5031 15962
13312 21735
990 25157
20639 24373
19154 26144
13422 22814
14755 16322
18373 22646
1487 26200
14513 25525
6554 19216
11924 23013
15251 23949
17193 25004
3197 9835
20092 22112
4646 7987
22814 27052
14609 16563
17013 26044
9874 14104
4849 14264
7015 26702
9236 10232
5485 17220
9859 26531
13963 26823
11609 17193
812 4856
13252 14895
19019 19941
13277 22240
867 7205
1851 16046
21315 26350
17473 20862
3653 17501
8523 17770
22425 27221
6523 14989
5865 18086
2636 11009
12536 18232
867 4946
3566 14402
1022 15895
16685 18273
24005 24521
1600 14648
7956 10792
4144 12510
11593 17561
10370 15357
2832 21438
15157 18057
7343 12180
4626 25607
4353 22720
7994 8639
20046 22271
16547 20939
11295 18302
3590 23111
5371 7297
6585 16153
10861 14691
4029 20737
7756 27405
8575 25278
9903 14783
23430 24805
1878 5605
2324 13039
3086 23327
2005 21577
16214 16299
15730 19089
16960 18249
4476 6622
3446 19139
18225 27795
6429 12817
7772 16108
20045 23018
1113 22191
2702 3955
11817 14926
7987 25368
9643 16423
6402 21616
19355 26545
11192 14767
7357 28085
13209 15151
9438 11838
256 13574
17662 27029
8636 22761
11396 13437
5649 9735
17481 19896
11696 14355
10699 14870
13764 24548
309 19948
11076 22389
9939 19744
12424 23976
1234 21511
133 9842
11747 27514
17530 20282
634 9909
2466 14393
14179 17457
16602 21553
13363 22216
9536 19137
8785 8990
14014 24665
11003 14040
12204 20379
13597 19934
14545 26314
3109 13542
23278 25267
2759 8833
297 17637
10318 21090
1428 13289
22514 27782
19424 19744
9782 10114
3609 12792
15985 26061
9479 10170
14240 19762
10533 19121
8702 12679
24141 28150
3488 9251
7176 8921
4448 16997
1645 9111
7741 12711
2797 16222
21380 22186
7292 16095
11340 12209
3204 17988
8527 10483
7981 13363
18521 25863
1056 19895
5651 13357
12671 18443
4286 10052
849 15629
12402 21293
8925 11419
7346 25068
12028 17479
10595 26855
7320 13779
10189 12462
3539 23170
16833 24149
4142 18313
9356 13091
13227 23970
7915 16369
11133 26916
5738 11580
14019 26392
424 4033
21636 27171
16203 25850
2412 20268
1806 13401
18331 18424
11954 22292
24904 28181
6522 7703
6645 11484
12839 17870
199 22325
1365 2818
8128 17329
17673 27924
137 14883
22321 27993
9197 22374
1110 20721
11610 16149
15549 24458
11450 21861
6177 26687
8793 21552
11295 17003
1728 18945
8896 9585
32 14828
10833 18547
11248 11668
7982 21840
13679 19917
14809 16955
8846 16037
17620 23520
3197 7442
4196 16369
6042 14359
14240 16656
1769 18286
6832 13018
6099 18832
2509 19651
11891 16874
6209 9949
15920 18247
22309 25626
10152 11798
12303 15920
12144 18457
3185 19965
922 16513
7309 22604
9082 14959
1429 13985
4966 19512
7378 16092
5342 11216
13059 16984
787 11674
6767 10286
9012 11295
11362 23898
8977 24854
538 1769
1308 21926
10408 14560
11090 18531
8515 16935
6363 9061
9611 15417
187 4051
18171 23376
17165 19573
7314 21033
2505 10793
16435 26665
596 12689
5667 5687
9791 27514
11497 12753
4211 26119
3850 20384
1050 26800
5904 12493
8024 22875
3227 4125
25610 26189
522 18319
9785 21746
4218 26061
12262 24965
24996 26098
4275 11701
13681 22829
9120 23417
589 1593
6044 26964
14486 26808
2690 4849
16775 20746
536 3078
5202 12919
9931 17837
4656 27145
15450 25329
9967 25632
4336 11178
22925 23176
1251 22728
6022 24731
17249 17754
19203 19484
18474 24430
23538 24637
11580 18540
20535 22581
12119 16187
5481 18641
1178 7893
7031 25049
22882 23978
1184 19319
11292 21950
12086 17416
5327 12598
12426 25754
3337 23066
495 11923
13129 27227
6990 14127
926 5082
16922 20642
8971 21462
902 11963
20202 28238
10529 10757
14650 20037
14627 24574
23934 25226
13320 16514
3683 26050
15254 21895
9772 21818
15068 18760
21438 28253
13108 15327
14564 26086
1278 17177
891 7444
6771 15695
21505 22253
17586 23438
12957 21407
17901 27507
15996 28273
19802 26409
5943 16284
7852 9286
10911 15201
12693 23140
3797 8533
3975 6385
4149 24444
13241 20204
43 9030
13910 23265
6188 23864
22167 24101
2488 21463
1213 7814
715 27762
2261 17714
5651 15919
3974 19566
10344 18817
1823 2320
2365 22227
15052 17946
876 18270
835 21201
12119 16112
21915 26147
1322 12576
17139 23430
11243 23469
7149 21516
17169 27768
6127 17416
580 22892
7584 23971
22104 25123
381 7497
7804 27450
4394 8569
7610 23399
782 17509
17678 24150
7019 7463
17683 25140
3846 25453
356 16493
2380 18614
5433 15749
12151 13509
1078 12854
13062 19343
5311 9193
18627 25653
4866 22184
21114 21945
12092 14689
3231 17564
957 11790
11181 23082
22275 23338
11569 23071
21835 27864
24715 25538
4442 21094
8864 18392
7944 27743
7698 11846
6678 8413
13978 24848
3152 21199
9267 18595
27572 28229
12402 14478
865 7327
12476 15457
5274 19145
3860 8895
4556 22449
14546 27876
24298 26275
25185 27887
1657 16534
16261 17423
1405 7229
20299 26935
19333 26193
5768 14957
13772 17145
2370 9731
3165 8715
15814 24254
18472 21524
14600 18357
624 19061
281 4675
1618 14531
3818 4270
8143 25735
12754 22780
7195 7626
15568 26718
10069 20032
15928 19874
1802 25708
9055 25280
7398 12051
9120 13602
3520 9842
23343 25221
13386 15547
2297 19846
19040 26740
2438 13373
14549 20859
8586 16987
19554 21790
1864 23696
5213 9066
18379 27184
237 2589
2748 6728
9459 16580
335 20679
2526 18503
4103 22481
4510 26851
790 26935
1772 10026
11417 21625
1979 15245
15669 20167
847 17757
6444 6793
3819 21828
2483 12963
1275 11640
12346 16545
4974 20734
3818 16047
6021 16374
7927 25345
14023 22471
7377 12132
12405 17341
2189 8158
6727 26089
4218 7975
999 25432
2208 12765
8818 24752
4438 26988
6501 20799
17331 19560
629 1375
5725 7107
14182 19289
15457 17199
9621 10531
4375 14041
11766 25017
448 11184
10325 15275
8396 9416
10075 22352
16959 20950
11340 12434
2107 14857
6728 17524
20831 27423
4596 25930
10428 22634
9590 13392
2527 20016
11562 27898
1226 11809
5863 22616
505 16983
9730 12443
14719 17281
19379 22418
4595 14672
3023 15456
9572 25550
12971 16679
10265 14423
3147 20749
4080 14586
19601 27499
1105 11992
867 3701
9447 26664
3341 13721
1258 17246
6388 7227
3987 12675
21032 22121
11599 25287
948 11188
3053 13073
6489 7273
24081 25790
25021 26156
2667 25109
2784 22892
13025 20722
6404 8806
865 25789
1434 15401
10845 26061
1697 13101
17239 24095
4498 27362
15545 19294
13534 28169
7736 16656
19004 21429
14325 24120
9518 16402
1851 10023
21370 21538
12959 23822
5084 15505
1866 4827
6172 9761
10549 25519
3310 8248
12677 27263
21798 22066
17226 23337
4174 9442
187 16167
327 2012
4574 19116
17468 25972
1249 11164
7290 15308
7666 14729
14912 25500
1942 10415
3000 26991
4936 21480
18160 20773
1304 4188
15173 15315
13 25684
4221 23269
20906 24971
14086 15036
5680 20823
1094 8073
9714 18793
6067 23236
7745 9762
8385 8424
21130 22949
5269 19459
2111 26192
7791 15928
7733 22664
6861 21668
9173 9390
15430 23427
14534 21532
5437 7004
9883 22399
291 1043
872 13013
615 1724
18738 25063
974 1198
1590 10886
1399 22184
7310 8877
8627 25043
12069 26829
7497 25494
2628 26075
7350 9416
25302 26720
11259 25978
17256 21262
1878 28192
18373 26024
1449 23760
2022 11281
5691 18136
7195 26016
10710 26017
1964 23619
46 20450
24682 25350
15388 25570
2708 8511
6635 27599
19138 21041
16463 20632
25927 26957
11444 18669
15843 27355
3102 25973
12749 16253
9399 25163
8070 26795
3059 13954
19965 25117
1920 25090
3789 17437
5747 20831
4952 19086
896 24616
12144 22076
4360 24543
4216 15543
7957 26234
17874 24415
2320 25755
10082 19372
8459 21952
2567 16559
1508 24956
11059 19745
7861 17481
2917 15770
17140 18425
7461 24847
23721 27247
4701 12427
4695 17614
2791 17278
6656 24374
5327 24122
1349 22665
9552 11225
9851 24062
7881 28163
15042 17918
21374 24417
5989 21079
5984 7011
8579 26986
15367 15829
2922 9688
11610 21733
21532 22424
9119 24095
17220 17787
14363 20586
13085 21275
6573 26452
1278 18578
464 5595
8363 12416
143 930
11558 25203
1096 8730
2556 9864
7011 21638
9490 21200
3306 19153
108 20625
20378 26628
18034 27259
499 3439
18192 22319
4833 7406
9479 9993
21653 22079
253 17607
1349 18137
8642 21713
25894 26476
3730 21366
4711 17354
1482 26721
5435 25329
9744 18591
4742 18437
9165 26374
14364 15639
12136 18029
23379 27042
1865 3121
187 3128
825 22042
20990 21359
19247 20743
1936 23600
22392 27497
2182 20715
20479 27125
12350 20355
1243 6576
1621 21753
1226 3842
9094 16593
18948 27867
21409 27052
11354 15377
14560 16828
12790 25879
896 18522
12426 25445
9869 22851
711 14464
19567 26493
10464 24292
10723 18824
11935 12805
5625 12374
14534 20409
2168 13618
1985 19068
11893 15592
10443 23061
16744 20204
8451 14540
7879 21431
6872 9482
16989 18628
6001 22285
3169 23914
14062 26899
11705 19155
11326 25483
10071 24749
13737 18312
1686 2748
8841 10389
16386 23332
3598 5263
15540 17632
8558 16955
11528 12528
9460 20876
900 1050
7754 12953
19820 22415
5374 14813
574 18547
6517 10096
9560 10493
935 27999
8637 17196
16664 22845
10039 10301
3915 12183
17 1654
6876 27867
17079 25950
17445 23167
8212 18211
3728 10292
15592 20392
4595 26663
4671 18541
8320 10951
7111 15133
8868 20179
15432 20605
3044 19403
12479 27835
1993 21093
1887 7115
1033 16901
7205 19639
1318 17198
26110 27751
19853 26312
17259 20601
4659 24958
861 19085
5905 11746
17823 22216
21798 23799
8588 12709
6158 21955
3483 18993
7463 16318
3882 21669
11865 16216
2130 24195
21654 27464
19898 23453
21438 26999
3867 7703
5630 7635
24904 26322
11614 17922
9214 27874
8384 22835
3638 25294
4581 4713
10447 16333
12637 16622
8793 12790
7982 17509
2491 17763
3090 8750
2129 22310
5494 19732
4288 5971
7283 7979
12204 20427
3080 22021
7740 26478
6879 10348
16149 18302
21852 23389
4438 20688
1575 18192
10388 20967
6085 10464
173 15226
4143 5908
6390 11076
1267 8981
1140 14752
4732 10800
7624 24923
11877 14178
7907 20384
4477 27927
18850 24131
3326 20579
17945 18078
18636 22183
2017 15350
1777 6759
20728 20842
24866 26135
6313 17499
7933 9939
10154 11836
4287 18920
4081 10528
2710 19331
4218 24211
1804 6862
4967 18884
15676 17787
15633 25956
6665 25301
7236 23799
15913 20017
8802 15798
25008 25588
7959 21033
2163 9728
9189 9663
3152 5609
4118 25658
1710 6072
2763 22593
1604 19712
37 2454
4742 5551
5284 24164
6365 22667
12593 12698
8733 12656
3296 10174
11626 26396
12735 23518
3307 21247
5585 9250
22446 22829
2526 12852
14564 23984
889 4440
62 867
4273 13888
22607 26908
1979 26753
11157 22666
11562 27601
599 13687
8506 20694
5143 7156
105 1056
4223 13323
5708 12769
3025 24894
19484 19552
12689 14893
2747 24019
6817 6894
4234 14571
8875 18712
196 14055
10309 15092
7827 9654
1211 13080
6177 10754
8670 18187
9361 22296
16437 19071
13771 27527
3265 27382
16352 20879
2283 14486
840 5978
26701 27579
1628 17120
1884 17761
12495 26413
12393 26897
9338 12264
9084 11529
8155 19678
7439 12551
26232 26756
8473 9454
7921 15325
5543 24576
9788 18281
11416 27013
1761 9518
8098 16582
8797 26395
14136 22628
13597 23835
11795 12991
16447 25454
6620 7703
25403 25617
9455 26194
1676 17372
17782 18942
4189 26148
10749 19092
8352 26077
7297 9696
9422 25896
10886 20669
2575 13273
20599 24717
1864 5151
1644 3211
8291 13111
5205 5418
1 19675
2242 9776
10494 16454
2497 25597
10587 17435
3203 7861
1349 27949
1028 11192
21721 22647
17164 19180
1360 23413
2170 17819
1600 4524
23266 27185
13548 26337
341 23730
1579 23200
24841 26428
24104 26753
8806 26740
609 25966
1072 10189
24894 26178
2087 9367
4791 18557
8720 23016
1009 8820
9343 13208
5354 17893
1043 17776
4181 8611
1604 12495
17304 19884
23609 25586
20007 27128
6094 7296
21955 23415
4138 14914
1023 20929
6331 13207
6875 19539
7889 24180
1720 13241
19978 24069
23453 27864
6920 10546
187 20322
16955 27055
3993 19419
137 12323
2422 22741
4611 9843
24132 27204
13033 27684
12428 15705
19419 26092
161 21138
15449 22468
554 27763
1629 19117
867 3457
4435 14933
16246 21674
3793 20711
8852 15392
24228 24977
6999 14418
3279 15899
7108 21688
2667 15540
2995 10538
1725 4573
7950 17270
13813 18798
5749 7626
13115 13609
12398 16212
11040 13078
12616 24238
1885 2740
1005 27080
2762 10773
4397 9035
12260 17353
4388 8855
18154 24720
10444 18533
5587 9769
3234 25107
2163 18939
208 2118
17125 21505
8521 19048
10242 24294
505 13882
13127 19734
6633 7595
25004 27332
2375 18895
1605 16099
1597 14561
7568 7584
9904 10127
1197 23139
2518 9739
23143 24517
21569 26725
3798 22670
19876 24690
3456 25779
12642 16526
13819 15610
13438 27800
479 21693
14297 22897
5191 12994
1469 8622
4009 8028
12479 20069
18219 22902
16120 17580
21633 26150
21934 26755
7562 17229
797 18712
18128 23437
10170 10497
9319 22025
25063 26260
6860 16107
1171 15196
11307 17169
5307 24061
19595 21673
2018 27029
10012 27570
20016 23892
7590 27727
14891 22311
10937 26177
5290 22384
86 8810
8441 12965
9850 11431
1466 2179
13763 27327
11591 15609
5978 24867
9398 14987
4369 22606
3436 24269
21123 25607
1240 23321
17527 19111
6235 14749
101 14010
5387 24453
19736 23254
25067 27394
11111 27643
19705 20204
1317 11246
7687 14136
3636 5003
5636 8184
8753 12496
12205 19004
22470 22763
7236 23518
14941 15592
14410 17080
7118 14588
20302 20406
75 22997
13387 15571
1349 9733
4482 27785
10920 14907
16981 28055
7195 25981
20292 22084
2635 10393
8990 22379
1465 15155
2259 15531
12447 23340
4274 14763
4531 24425
14389 24554
8884 19675
953 8138
2816 9113
10467 21156
1068 8469
6868 16340
1748 4623
16679 18736
16457 22196
2556 25833
2665 9074
23271 28146
5890 25884
2001 15046
2834 16357
13 22973
18784 26305
27313 27495
24121 25063
12479 24062
12952 18430
3667 13165
12120 15163
8508 15712
2021 4470
6637 9952
23267 27580
108 23050
281 17933
15315 21464
4336 24488
12638 26114
638 2240
7009 23178
5217 18919
2038 8140
20142 26421
9737 26665
9771 22113
766 13201
2132 19704
2190 11648
1466 3122
3874 22120
4949 9065
8690 11430
2773 7557
2291 25399
8382 14176
12452 14997
7154 12410
11316 14683
5792 18300
406 7484
7420 22160
5315 19361
6207 11330
4132 16515
8329 21156
2236 11833
2438 11651
12612 22791
3902 24760
3758 3761
867 14767
8924 14771
15700 25552
14942 23575
8772 14085
5369 10301
13115 27247
7086 18579
10420 11851
11687 16301
5213 8941
8108 11030
1975 25174
4734 21790
15610 22895
7877 26974
20118 25758
806 12428
5096 15697
26349 27087
2282 8925
22787 28263
1590 20669
8110 20767
9761 10961
13032 21157
16094 27837
2058 14513
9569 14941
3270 21130
19477 22963
17737 23750
2701 9915
843 3238
23022 25169
3154 22263
8567 21012
12437 18690
7087 8790
23870 27977
19261 21790
11588 19763
4101 17787
12377 20319
14657 25991
8081 10518
19420 20365
548 26196
7952 13687
9460 9572
12531 13851
10830 24904
11263 23295
10117 10595
12149 18862
6166 16210
4802 15887
1432 6011
14991 25762
5283 5430
2102 2303
12539 19032
8810 11953
16259 20232
9086 9834
5020 16998
68 12060
651 14747
3932 14174
18051 25247
8852 14104
5721 13257
6957 25937
1958 9795
22227 23640
14481 17281
2518 17742
7223 13175
20081 26053
9592 20575
23915 26403
14136 27328
4404 14604
3593 23526
2744 18036
10668 21473
1604 19853
2888 11356
15536 25786
2587 13175
12726 19819
14556 23857
19136 23694
6212 9613
3420 9260
7478 17664
3712 19598
6876 21501
12151 24374
2545 25416
17712 21849
8096 20171
4201 10126
6957 27168
581 22696
10740 13724
5317 14227
5393 18784
11465 25653
4968 23657
8249 9080
3689 12569
15293 23099
4171 23418
14264 25272
21369 25206
12023 20367
21643 25091
2872 4790
19827 24935
2803 22965
12199 21109
3205 17963
2255 12737
5236 18960
14541 26189
5802 25582
17087 19150
3872 7775
7509 20503
8899 13495
3275 19964
7094 8100
3944 24450
14390 15141
2606 3667
15920 18366
17239 27101
4522 7635
2664 20667
19075 25033
14894 28269
3892 10330
21623 27032
2297 27305
7202 14389
11916 18738
11746 18927
14419 18033
23143 26405
11009 23310
14556 22202
1429 14777
6489 22446
4201 7497
691 16509
5950 18626
12708 19475
12266 14671
23866 25115
8151 13841
8807 24550
6374 17623
7023 23998
8924 17789
9907 11409
10507 27988
6796 17586
26176 28060
4178 5359
20930 25809
4150 13386
3041 11237
9860 15749
10061 15401
14319 27490
5660 23369
158 27382
3337 18557
20842 24360
3849 7387
10815 16337
967 28211
9162 24432
5441 6122
3925 4498
1020 4087
439 16265
7508 13367
10432 17960
1477 15864
12397 14724
121 19591
893 17543
4474 11499
4476 26601
20108 25414
4488 16230
8491 9428
5848 14598
19515 27117
8469 19863
8409 27677
9185 28158
5583 10871
15971 17835
2657 25110
2572 19691
5857 24451
9528 27336
14569 26753
13756 16119
17889 25157
2298 6899
7346 12228
7836 11945
9326 20992
19775 25454
2341 3452
8800 15009
155 24326
3723 3841
4599 18368
19895 26736
4274 13869
7396 22651
16855 22010
23920 24022
8809 25433
6557 17922
8539 8757
17665 25625
12495 17902
18004 19810
3489 8924
686 7419
4402 21235
2413 24192
11199 26087
2119 5563
20938 24657
13939 15791
6811 13597
12711 18516
9416 22071
4611 6571
812 5609
14242 20480
2602 15184
6705 19585
424 16715
5309 15672
2270 4557
3793 11039
4973 25796
11322 19035
8369 20189
18461 21419
15141 22688
14499 20612
6350 9381
7231 20792
8669 26955
806 4324
1695 22973
1068 20312
4133 8585
4659 18784
12128 23381
23949 25632
4936 8958
211 12262
6951 7434
8145 9895
11872 27031
11198 20238
8396 20749
17482 27876
3239 17986
16197 26901
6968 15251
17592 18823
14489 19425
6667 20859
3746 4159
5978 27586
4221 8352
3125 27611
4470 9912
14431 15575
3206 18567
1615 20144
11744 11771
16098 16803
9776 20565
1950 3267
1744 15920
6797 10767
16766 26188
6821 10012
9264 24294
4173 8056
2798 15117
13 14835
8407 13112
747 6238
13941 21792
15104 21122
4439 27208
11948 15169
763 25504
22288 23150
18411 20195
6646 16429
8105 9972
1809 5731
7015 25410
9683 23963
2701 19819
6871 27655
9591 11431
5390 21787
4367 20100
5275 24892
10642 26016
13151 24047
18554 25403
16078 18427
1921 5177
3547 7185
9696 23893
14473 26815
6771 7152
1925 4028
8168 21638
5522 7073
5371 26421
4159 14037
7999 19867
2015 7301
2373 28062
20355 24073
5626 13515
5055 7892
9895 14748
11322 22399
8761 25743
17560 22481
22904 23189
13933 26647
4072 13264
16401 25176
11331 14372
22416 27314
4648 17819
3580 4455
5226 21675
13024 25906
13437 21205
1405 18872
569 21513
638 5048
10487 12056
9358 12868
16446 24147
9478 20897
8018 22300
26963 27869
11963 25262
20758 27655
8402 19531
5340 21833
2314 13597
20517 22982
12346 20504
6680 6925
3858 27690
4582 6322
1690 25877
406 6760
10407 11893
2664 14099
6917 27152
13032 14402
6540 23732
12078 18369
16055 24610
14989 19864
24158 25894
9265 11880
24040 24507
1925 12061
8313 25150
6473 28208
10662 13648
6298 26087
9460 25443
12483 14145
8909 9395
17348 27876
1364 21984
1421 27825
16112 16435
7413 23657
3297 15823
3970 13038
13150 19053
13701 27374
11034 22981
5932 10330
1085 22404
21106 23465
4844 25337
10279 22776
11218 15727
4645 22493
6780 21412
5329 9702
16337 21041
10847 18629
7964 20001
1878 22310
10714 26559
1264 23036
7974 20423
2880 13114
6493 22200
2150 22352
1397 23830
10071 21623
3329 10827
18219 22787
1720 7804
3634 22481
1167 12383
18133 19375
8368 18947
8579 25699
4388 27300
12978 14470
14158 28167
2107 5846
15173 21464
4836 17695
22894 24000
11167 14314
23342 25487
1 7618
12121 17926
23719 24132
20421 26882
6227 22178
2061 20500
8797 13058
5047 10301
1505 23654
11808 16396
6178 22042
12546 19601
2592 28158
1963 3622
288 11295
4141 25110
14352 22112
566 26546
13808 18643
10959 25642
157 8188
3336 26457
5647 7820
2664 6172
11465 16870
1562 22198
23857 25732
4197 23469
17574 20053
1605 7129
14407 25596
3856 6518
20 2964
7702 20384
759 5530
2301 17569
7283 14464
3069 27508
8000 15377
2635 9518
10488 16111
25174 25834
22334 22860
4178 12282
24722 27669
3424 3946
2157 25272
19933 21936
19960 26824
1889 7901
4003 10871
9621 11113
1287 13301
14591 22469
4102 14342
2233 22425
7699 15967
14620 23225
588 16823
15882 24061
11077 14423
10795 24265
3649 14817
12699 18726
22535 24490
1811 25838
4291 18873
8340 16097
3488 24928
5475 7740
6372 25097
3130 25644
5734 20265
20370 21416
14358 23935
7414 9226
15141 20110
20162 24127
16364 25383
9616 20099
12551 17310
8825 27247
10208 17370
4360 6673
770 24883
15916 17483
11859 24104
8459 22966
9948 23542
7290 15748
2247 10522
6486 8096
14782 26104
5694 14879
8410 22376
15744 25427
1460 27044
19339 24304
7469 15713
11132 19118
11295 15064
598 13672
17507 23162
10531 27405
10158 11059
1425 16584
21948 28217
13104 19088
11751 22973
5611 11154
1223 23503
1475 3098
13424 15387
15528 28081
16334 27582
7340 8289
10042 27129
3862 4859
16685 18115
742 11280
19227 22855
6221 14069
13329 17228
22422 24193
5598 13238
2124 22784
4849 27172
867 11462
4063 12549
9762 13533
12690 21925
11916 15986
22101 23972
16955 20355
9238 18000
1825 8236
8014 8422
1112 4967
9432 22553
2598 9590
10093 17892
1395 5982
17196 23141
7205 19140
24360 27702
6528 16442
571 27334
1878 24465
7357 27913
0 25564
1679 7923
11812 27539
5815 7595
16954 22998
31 26194
10487 27016
302 21296
16091 24482
1550 25733
9590 19140
21182 23038
24003 25105
3227 3294
10249 21822
18718 20046
1171 24158
6209 25064
10874 28194
10952 27809
8952 21387
3090 11851
23241 25418
4224 27123
19275 19567
1638 15432
11725 23863
9986 12689
21473 25468
21905 27935
3257 21784
10057 11569
9454 17534
17599 25957
10935 21057
7952 8392
1138 9020
6737 14064
3454 5730
11281 21798
15731 27687
2396 11254
18425 23600
10316 24074
8349 8718
12748 21616
15562 22780
10951 26052
9621 17377
16957 20306
8157 27624
10170 13238
4587 23560
8950 16468
1032 11848
3753 7166
2301 18128
14033 18379
1859 4254
3861 14707
19973 25497
21535 26899
3059 7802
11555 27849
11411 16806
481 22688
15147 16025
17696 22109
141 7091
3661 4367
22960 24308
6240 24827
8930 25976
16457 23386
1878 3624
17869 22761
11773 12056
4119 14471
9236 27172
22452 25986
16944 25492
4216 27122
5911 9832
4577 4965
4073 8690
10999 23909
6624 18052
4408 14767
22553 26389
558 2050
5757 22581
8646 14607
19140 20286
315 26920
1006 18045
381 5082
12982 18517
2740 19102
7707 21409
11783 14456
14055 14474
17761 24752
5117 11076
12737 27300
17604 23738
15167 22770
5609 18631
1863 22818
1870 6910
15031 25754
12294 13403
15001 28228
15216 15950
8246 21149
4858 7908
6262 14125
10619 11831
17592 18471
3746 24548
19863 25054
12356 22664
4758 17519
2288 5522
811 18361
13970 14798
8891 17733
10227 22404
8290 25996
18624 19574
14783 22605
12577 24125
4413 21573
11124 19095
1972 14070
9265 28104
19562 24134
9715 23752
13203 13250
7954 25857
12959 24069
1041 6403
8935 17249
19201 20479
7981 20258
9215 19723
22998 23988
7830 17604
10393 20876
19598 20505
1630 23327
4134 22992
1645 19257
12342 17842
10450 25953
2492 18601
10242 12020
21566 27374
13810 21326
14468 18533
15426 22084
18720 26954
4388 12493
19463 27056
6669 12864
23860 25012
9524 19115
15281 26539
22847 27358
7803 27884
3734 24131
2172 25850
5513 27605
8772 13517
10068 17507
1840 7290
13905 15920
16175 24351
13472 15547
15666 25608
854 4436
10425 28026
3638 10328
3397 20409
302 25986
985 25817
7603 25754
6344 23229
3753 23892
9183 27192
13154 14363
10160 13315
19918 27013
2121 8673
7491 26900
1937 26935
1852 11483
4287 5167
3780 4551
136 4385
17709 20227
20502 22338
9422 12655
11520 16957
5429 16512
14387 16595
2670 24309
16695 17054
3484 13980
862 19660
6248 22780
420 22848
12462 16824
16261 26598
1430 21291
14145 14270
3311 12560
15888 21798
18425 21633
22369 27685
20734 21315
2120 25918
10800 27254
17905 26598
27821 27973
5691 19285
8995 10784
8633 10587
6924 26927
9185 13316
10008 12229
1944 3848
12356 20274
503 3126
1284 20550
9388 24792
6739 21831
4485 8875
17649 18824
13096 23110
2435 7166
2708 19019
12423 16229
5989 8940
7114 20258
23147 25803
5217 15066
14971 18469
8112 8825
4442 10209
113 24069
15991 25028
3269 7313
6601 15072
11229 26085
976 27274
20794 23941
6099 24419
11444 22700
4253 17863
9473 16437
9816 24610
9920 17842
1223 9356
13101 28099
3967 11846
4218 5883
4776 21268
3946 15182
3447 18354
15508 23521
545 25904
1043 25570
20116 26220
8679 19847
6846 23433
1001 18348
11746 22871
10424 20392
3296 17975
25903 27884
10111 24643
798 3316
9532 10547
3577 24854
4231 18603
11282 14372
15426 21456
21730 24629
6894 10354
19819 26869
367 15842
4965 27363
14242 21470
10692 17402
3900 10913
7804 20633
180 21079
4302 10244
8402 10972
22570 25321
20427 22446
1878 26673
8348 14853
23034 25847
4823 11637
7196 19576
2602 15664
17310 18400
2810 10717
3191 26457
106 14019
4131 12163
1453 2679
3666 11030
609 3671
11466 25448
15549 27951
3484 26452
1012 23168
21467 26302
1663 18886
14783 17020
1718 9247
546 6026
6808 25568
11436 16555
3753 27788
10232 24118
5500 25986
1350 10706
13215 22792
13392 23365
24351 28157
14876 20257
4037 27042
10219 21994
16113 22390
1324 18521
10441 25563
6668 17902
24148 27117
19705 24444
8715 26437
16768 25686
22244 22750
839 6713
13981 27221
867 5059
974 15392
7577 11295
14498 15452
2115 10200
5267 8143
23312 28215
9321 13710
5451 27787
4778 22598
5979 7137
1600 14959
23516 27573
3421 6220
15829 20737
3325 3705
5089 6773
12026 12546
2838 23648
1878 2588
7881 18688
2009 20720
4906 22479
5304 23902
13425 16451
9907 19401
11337 15843
10425 16001
278 22968
8753 11521
4724 7743
17083 17546
19173 26932
3441 5675
13937 21948
9238 14790
7335 19117
9169 23930
441 27655
13270 18249
21341 23932
396 5937
12709 24042
9093 22581
1878 28172
14104 23911
14572 27778
8615 13252
10042 22448
11992 19123
21335 21497
459 11642
22770 26210
8533 13362
8441 15511
13741 17843
10725 25708
7341 19765
15508 27085
2321 26200
1066 2526
12959 13033
3922 28183
4240 15066
14589 19746
5511 14989
22750 23400
1551 13930
2786 26560
621 5198
6129 16367
10942 27686
3341 24478
7741 21409
15682 24231
5850 19939
22042 23593
17863 23249
14106 22570
19927 27085
17383 18667
5192 8836
15173 26967
4939 22416
6013 27514
8040 20974
2650 19231
7141 11253
15123 23518
5794 22080
1713 15229
13623 23557
2820 26283
9234 14398
3289 13182
14901 27074
2989 9445
22511 27660
9454 13180
2679 5282
13282 24006
11008 27406
12495 24122
22399 24728
19244 25402
23480 26848
8412 15647
7948 24872
24904 25577
348 1270
1036 17200
1107 24757
600 4999
971 7942
22338 26913
1181 17729
17194 26281
15429 16214
9524 19857
258 25504
1878 12767
7921 24806
11927 26928
3882 20597
9846 12193
7443 16590
1116 22987
15031 27853
2806 14398
3795 24736
2395 11415
6301 11692
1240 20460
9914 23296
2385 5198
9736 10767
13366 17992
2344 5775
12228 15951
4223 12901
5283 6676
3810 12282
836 13972
15375 17232
21226 26846
19169 25368
2991 3164
16940 22771
10748 14974
220 13036
2668 27168
5419 10908
23459 25453
2189 9671
4248 14676
10454 14082
23932 24825
1335 4581
9702 25309
26476 27146
13564 15123
3422 23590
11460 21118
20666 22719
21407 22153
14437 24600
5344 23392
14644 24521
20401 22912
7824 25680
2648 8281
18653 23934
609 19004
4627 21650
4180 8051
11592 18959
10312 27577
1 15057
18000 24067
7221 9710
1559 17231
7411 20615
1141 27151
10127 24663
1887 24448
17076 25116
12860 23963
39 22714
1265 4358
2533 26721
580 25299
5890 7002
1851 9441
3742 8288
18359 21616
582 18761
7334 9873
16910 22504
17996 20127
12451 13542
7093 20597
13425 17211
7043 22093
20639 27314
3804 8807
2528 11064
4962 22423
9339 20703
8739 18369
353 14778
2076 14050
9260 13284
2035 14380
2326 7427
15064 15082
2645 3841
17219 18001
426 25555
14911 15639
24011 27745
373 19455
4537 18829
14255 26497
3753 7647
9546 22329
14634 15449
13227 24224
19639 28211
4802 13110
1878 6832
3676 26920
16736 24420
3919 13228
15293 20031
17649 25494
12476 27605
6037 22950
24636 25538
3808 19258
13238 20616
4199 15610
705 17944
5651 21499
13343 17742
13626 15023
14912 25893
16289 16386
2905 21003
4221 22205
6179 23762
11677 21255
25036 27101
18832 23830
8493 23897
6876 15184
1462 13878
9410 17347
175 8873
15146 18956
17444 20861
9271 24603
1959 27661
15244 26061
2960 25978
2929 2962
25724 27705
7975 22996
10001 18238
5988 11552
10767 26167
10242 28111
18351 19615
22607 24390
5777 10638
17027 21406
2163 16995
9420 20538
6495 10747
3856 19139
10612 12956
20313 27085
17364 20131
8846 27821
2329 15910
1047 4132
3480 11417
2293 16865
11439 16976
16965 18632
6426 14076
11286 12954
10146 23764
400 22052
3920 14552
24241 27853
3475 20233
12246 13443
6857 16717
991 3089
7984 21377
19281 26169
2336 3052
12538 12603
12090 18001
9923 12428
3352 24575
3825 13195
257 12228
8722 11059
1142 16509
3178 26734
1234 24061
2787 18702
10495 24412
3609 25830
16314 22425
14304 28099
7124 7136
7260 12947
2270 9850
5989 14024
17180 21641
1335 8606
4037 26507
17893 21229
3843 15620
10322 24499
1806 11092
8872 27503
14280 17046
15286 18924
3593 13768
6446 7484
13550 14091
10825 27810
1327 27929
3333 22564
8328 17103
3306 26193
21079 23310
3326 13776
13406 25975
8500 21737
21380 26153
3687 13477
6695 24799
2150 9356
341 16878
9123 17404
2311 7896
6233 18026
7497 15015
21621 25173
881 22026
12284 17627
20860 22425
19692 24169
18133 28032
11134 16094
3084 21205
11866 16979
4140 20956
9201 12935
15976 22321
6773 12011
3111 15184
15344 26951
8824 17527
11188 26866
1730 4519
5195 21644
4468 20138
6045 12124
24463 27385
6059 24828
12754 24122
7835 18318
2708 11281
1211 20218
7236 27074
9270 14942
7471 11535
4328 12679
11164 18251
16757 19028
1589 12295
13970 17367
21102 21748
9222 23590
2227 3758
2003 18028
5498 22229
1622 22946
5598 23074
6350 6888
7413 21058
651 13469
23941 25278
16340 16964
13215 20479
15592 25175
21919 26014
3710 7145
15493 17351
4044 16129
4802 27816
4076 13927
23313 25219
1141 5324
9056 15085
15228 20956
2718 18848
7198 13603
6865 10965
8204 21536
8974 18610
4648 7323
3972 15308
13472 13551
20026 24191
10971 22205
14840 23298
1340 23816
1380 23173
4110 24098
11567 27437
26148 26989
14566 19365
4101 4580
6081 24450
9710 15656
5719 22269
10618 18433
5461 8940
9038 22374
5235 19502
7577 14941
11187 27197
7266 14045
475 27015
11049 12335
24591 27976
7297 23893
1438 13271
15310 21880
1548 27841
967 17672
6077 20634
16194 24062
17787 23345
20607 21831
16039 19783
16201 27702
2576 4602
4986 13255
21558 24122
10054 20115
12965 14719
8202 11748
9325 18514
4902 23235
3400 27698
5347 26688
7847 10584
7919 16629
14555 19013
21267 23106
15367 27313
4874 27682
13236 25713
24904 25740
7919 19109
4216 23405
6172 16318
5850 21026
11941 19117
16742 24219
7362 15508
10581 26153
10935 13564
14591 26640
19410 24104
7127 21080
26817 26949
2915 24410
401 9245
18008 23599
5607 12034
16276 19326
3978 14216
19343 24206
4902 5722
12518 26396
4234 19895
14231 27792
3582 3862
11408 20964
2389 6764
3279 26728
11112 12922
588 20288
1574 13105
22736 24828
8462 14818
8560 16449
19769 19810
406 19952
11263 27280
3810 3828
8850 23608
6342 9144
8988 10602
1414 6054
2484 26442
7360 17115
7138 25794
3531 7101
18704 24371
4513 15996
17634 23453
20097 27928
488 23519
18386 28200
21702 22925
26945 28277
14559 21798
8973 16850
14454 22872
26 24468
25428 27050
2542 18784
23733 27361
1677 10849
7522 19383
12877 21502
16181 23845
4632 17020
16203 22060
1271 2015
4067 14481
6686 17664
5742 16640
1139 28162
3875 19655
23978 27296
4192 5528
9869 12994
5485 12495
15330 22225
5899 18641
16047 19287
11156 18883
17535 25310
23979 24681
14433 20099
15509 18698
10813 16268
4827 24623
8862 9396
86 26908
4700 25999
22025 26869
7600 26503
11880 26686
6262 23552
5047 12143
2658 24661
15642 27025
1878 26997
1217 19266
16986 25901
14594 16149
128 5398
7731 28211
11340 13337
2247 10617
11240 24640
19735 27790
920 22481
129 1497
15897 17286
3169 7740
9624 10290
1222 10930
1837 20929
6708 18024
1468 8263
183 17438
4927 7182
4035 9073
6972 18521
8156 25206
15599 18178
1672 10487
5725 5932
1937 7002
3154 12228
15301 21113
22160 24846
4036 5154
7399 17983
6245 13608
7013 10858
14969 23176
6807 9521
6807 7464
11169 16569
19817 21423
9294 21293
17141 21480
3598 18704
16985 25106
8935 22981
1428 24232
9471 24232
17423 17905
1529 21000
7382 24225
3543 25838
6772 12654
16704 23196
18696 25067
15561 26037
9536 17304
5056 13112
3729 10160
19189 27536
2022 18304
5839 6569
5752 23688
3041 21448
12771 19069
13937 17003
7015 14555
1308 8055
16992 21349
22338 28272
2667 10144
2508 18838
5691 20054
4426 4646
3585 22589
2031 10176
10416 24224
14961 26324
1133 17241
18488 25552
6514 24374
1023 7320
7489 25329
9962 11055
10547 19315
4086 10943
8550 23395
9746 11327
6116 18316
5416 10421
12956 21638
670 1864
8909 21300
4274 7323
6299 22832
9178 18540
6972 21766
505 15376
11965 13937
6342 20448
21253 24713
12078 28150
7423 22938
13564 18419
1920 25580
14443 22954
8041 21982
7362 19285
25651 26898
5177 23272
5089 25089
3993 12970
17742 24057
2651 24507
3932 4282
11428 24900
728 27271
11712 18546
12196 17465
406 5343
717 20167
2379 3686
13777 23034
27710 27711
990 10538
8852 15920
4830 17178
3146 9673
4672 24883
4708 9932
21055 24381
1777 9719
340 6604
812 3373
505 4519
18876 27570
5029 22519
14957 27523
7348 27119
20274 26488
5512 17742
10509 13639
6447 27271
25491 27277
1953 2555
2740 12562
9418 26476
12646 21523
6454 8816
4631 19008
6489 14907
18958 27222
2686 22956
2362 27523
7869 14592
11009 14633
14784 20487
12093 26731
2848 16303
16528 17580
2010 12661
4009 22283
4010 8481
1706 10839
12010 24392
3727 21556
17428 25559
22042 27541
14898 27121
1605 7476
22734 24104
25095 25956
10687 24104
11224 20978
14190 18998
13784 17958
19061 20583
5325 26392
11128 24062
18841 21968
4039 17318
19377 28060
15823 15910
10391 16806
13815 18870
620 2569
11803 23711
485 22425
7987 21438
13976 18522
9208 25410
13472 24255
7493 18489
681 2701
3390 15047
16515 26380
3647 14725
7815 9117
495 4693
5229 24681
3249 24398
16369 24326
14556 20031
2677 15942
25716 26663
12556 15201
15286 27795
12068 20224
4468 22741
3422 10691
4218 12225
788 10875
18920 21688
17167 24425
1958 14104
72 2517
15301 24062
3805 8189
11356 12107
5655 7332
311 7277
3625 11244
9823 27216
8754 10580
811 10428
20447 27801
6760 11893
2830 24275
23196 28014
7407 27557
18027 20355
186 26901
1226 13999
14592 18784
11857 27062
8970 20258
196 3296
9272 21515
14912 19865
11836 22870
13412 26716
8544 21707
2048 25956
8875 10945
18276 20421
7601 23441
17158 24211
18250 22144
14782 21939
3526 6269
9776 17870
9680 20267
8814 23862
5433 17535
23295 25447
3987 20687
12682 23295
19002 27570
10497 27988
7896 21229
4581 6593
6426 9214
12356 25085
1499 9631
6177 18045
15376 27986
5671 22230
7471 25908
8461 23265
12573 16080
23252 24555
21663 25059
2157 25294
22830 25253
7225 24139
2635 28044
8290 8437
23006 26273
9226 12639
11192 22448
7861 14176
11450 26366
17093 23304
1614 9969
9710 20516
24405 24457
9095 9250
9074 20210
7493 18232
3083 21433
6885 26438
12028 27831
24450 24887
15951 17076
15297 21798
3863 14586
10330 17742
9683 17338
5917 23933
4273 20931
11364 25737
19028 20144
10189 12805
16098 19583
13677 26958
2288 22798
7073 12924
344 11009
12754 18382
17255 22983
799 25156
7320 9528
22384 26812
11500 18735
2721 19514
17091 23561
19068 24114
278 2522
6198 13121
19900 27492
6814 25650
3915 8705
14916 18224
12606 23912
7034 15355
2120 16743
5080 9427
10643 25708
10118 18485
4399 7247
1319 10318
799 15964
10737 22340
5396 27792
23491 27041
17531 20237
10553 16947
985 3609
3233 15432
1231 11417
4407 20816
13301 16560
15110 25018
10531 15302
481 25960
8924 23197
5654 25704
7398 19514
4096 15638
10438 17981
9525 14771
11897 24781
21831 23958
2320 23987
8990 22118
8413 9231
6911 23388
13029 26262
28 1431
1977 23712
20745 26970
130 23214
10407 11992
9065 25608
9408 10920
7209 19248
20710 21872
2604 18336
2933 22545
2482 21592
7768 20395
5288 26053
14424 21545
13152 26303
21633 27013
14771 22892
20109 22416
16587 23555
4145 17736
5071 18580
8306 12723
867 18206
1744 10560
512 4551
1320 3495
3684 26684
5978 12313
3267 11248
5817 25011
2834 28202
11940 15825
14227 25699
8472 10954
18083 26638
5569 22203
7236 21665
4325 23608
9550 13474
11438 24724
867 2878
5587 14129
21984 27541
12067 16749
17220 23932
13097 19792
6280 13253
1223 17446
13937 22183
7936 25080
11599 26518
10669 19686
13700 16890
1311 6902
396 15695
25525 26689
9939 25725
7982 23953
13111 19023
4054 28137
21864 25927
3141 15910
2764 10447
15564 25394
1767 20480
8182 22996
6750 21293
13713 18430
920 18745
1349 3606
1103 9173
6198 23963
12312 27633
13927 25505
4972 14995
12851 26079
11286 25334
7576 17563
3679 17171
12369 23803
10027 24602
12405 25977
4148 24430
8850 15049
7787 14828
5042 22058
14104 27221
22548 23417
656 13025
13970 19326
21555 22472
4017 9420
3568 13145
17608 20431
1321 11484
2119 3237
13772 27743
609 1766
14416 19627
7072 11128
1685 14396
3101 8899
2494 27157
24423 24638
9959 16584
14727 17615
24945 27376
3240 9874
10321 15912
17366 25953
19189 28190
190 25465
16112 22784
5115 18823
5734 15670
1532 19482
1795 20205
16205 26617
6370 24576
3743 13581
14473 28136
681 2986
14086 27497
12228 26172
4126 20677
15576 18181
8010 18020
10209 23859
11262 14257
5879 17344
9627 27538
5925 17494
3439 19647
6914 22546
8841 14559
258 17919
3204 20382
22416 25311
1263 9788
18808 23845
17733 19938
11711 22245
18669 22863
15661 15695
3210 21300
25204 28136
18280 19827
10598 26851
16464 19611
2541 12359
18342 21918
3065 8067
25699 26638
22017 27557
26157 27204
7413 17408
17543 24557
6106 27288
1755 27499
6037 14048
3419 3990
19813 26169
11449 12160
7983 10364
4549 20695
11571 23619
4626 9631
12368 17456
7375 17080
16631 16714
10444 26245
7950 26413
4606 14304
12228 21680
22333 23216
5063 5949
7807 17996
7296 17719
1689 25297
11258 27559
9973 15900
15894 27842
21079 25453
17792 24121
1657 18950
9999 20343
10917 16161
1460 8836
6296 27722
6269 17742
3586 18496
18043 26858
15376 22845
9575 25781
1590 27298
16702 19760
16608 25063
9951 14827
13875 26560
16328 23985
15868 15893
180 14794
5439 27689
1871 23294
25008 27594
5543 24616
8063 9280
4273 24551
3285 18206
1557 27622
1005 5659
8725 27614
495 10739
4234 6725
5587 6848
5458 19039
1893 18599
16170 27614
1464 7937
18843 20429
14927 18556
15330 16439
6198 24539
17114 25875
867 22901
4571 23880
17662 21881
8123 25332
21479 22436
11826 13529
12437 21690
9474 25336
12260 22550
21060 25116
11552 16197
7552 18022
1604 27821
12724 14352
2121 25074
1477 18891
7924 9502
858 14136
8588 24042
5084 24779
12796 25287
1854 17360
6059 20396
9762 9873
15304 22614
396 25197
3708 8511
3907 16121
7956 11993
18510 21842
20608 25445
4087 9995
18191 23781
8160 18114
22833 27114
25547 26901
4174 22475
21484 28140
346 20938
877 20553
77 21497
4570 20973
2172 26478
26 20664
6988 10598
8393 19153
592 2317
4456 21766
4019 25897
1137 22017
7747 16957
3882 15453
15968 20162
9536 27368
8840 20406
2474 18423
16887 26489
8185 25177
16973 17016
6459 9895
18344 25915
22912 23990
596 18516
201 13623
7790 8933
1375 20937
292 20579
5849 23560
340 10075
9072 16793
896 23637
1134 27669
15550 27578
20265 21887
3885 10948
5843 10019
8394 9706
1417 22947
15945 22261
14814 25329
5371 19401
7166 23298
10042 27927
1878 13026
8163 12708
3586 11283
421 13980
705 21617
19026 22113
1412 25432
14679 21337
6402 17899
8156 21369
15369 20387
4951 17768
17320 21703
9496 15791
7880 27015
10708 21607
3893 7390
14971 16938
12742 13422
8393 23231
1438 2767
3805 6646
3059 18927
18985 22565
17586 22986
9610 21082
3682 24976
1060 12822
18541 19219
7944 25848
15047 23361
8057 26659
5920 10382
4329 18521
14105 16245
14989 24774
8841 14537
13106 15645
434 11671
4376 19772
11134 24904
7975 8560
2437 20230
23252 26281
5440 18784
23 8818
914 18436
1385 25232
10952 23174
5082 16006
10638 27497
2864 23060
2413 15415
569 16961
1160 11580
4187 12329
5337 16655
230 1830
3052 13362
2000 8304
3053 16964
11997 26298
1900 19039
22471 27055
17963 21831
10435 25433
5725 23015
8520 25564
5252 24064
20523 22334
14923 17479
13152 20491
24378 24950
11289 27815
6905 17028
20162 22871
828 12956
9114 26560
7556 27659
8982 22353
808 25927
8067 11605
2632 22568
1830 12479
4135 27899
7698 8251
7307 8317
15910 22965
13362 25610
211 12459
16307 21887
12994 21577
23765 24403
6218 25436
9590 22425
8075 16807
5456 19832
1605 6963
660 19363
9683 10490
8017 12371
4108 5229
3059 6555
867 13186
9465 25197
14672 25414
12674 18959
12056 23361
17606 22342
6346 11076
20490 22989
3494 12324
1400 17408
19861 25422
1609 25368
22446 23935
704 2105
1830 25774
583 25349
2023 15349
18372 22227
2390 13372
6932 18524
2086 23918
4712 24598
9923 18729
2022 22254
6860 18808
2274 11993
955 14037
22650 25755
12941 18835
2708 25397
16720 20916
18985 23872
1738 2368
7820 17787
2916 20898
16835 20109
18283 24369
6879 7002
7162 22889
20084 27352
6848 8273
2247 22074
21390 25035
21605 24791
22423 24127
1496 13270
10709 13062
1143 1425
3587 12214
1900 2245
18615 27924
15291 17999
2221 20224
24122 24677
6309 13700
1878 19978
4237 4550
23194 28186
15383 27841
20985 25091
11973 25727
18189 18601
3279 16462
13605 16967
10784 15251
10923 22156
6221 21079
17536 26880
5614 5667
18015 26264
7596 21954
2869 9179
4162 20715
1299 10111
464 15280
18084 21194
30 20523
864 3041
11574 23930
6591 11469
14671 25444
3428 26119
3188 22416
13999 23431
9525 10484
16914 27536
1686 22308
12409 22279
14814 20113
3505 9988
1589 14666
15747 27400
7406 19195
21864 26737
17676 24309
14877 16055
12614 21030
9254 25110
7630 8488
6907 13059
3634 7420
9074 17196
868 21562
8893 25088
5691 18496
302 16984
17421 18903
13681 15271
20266 21356
7043 25793
3348 17963
4639 15330
2191 18878
4767 22785
8112 17228
3257 16587
9471 24640
867 16165
16616 22697
2343 22445
5672 27150
1713 18974
22617 24457
12508 23619
437 25696
10952 27798
16094 25343
22498 25366
2104 23858
6363 19775
22265 24741
2213 11674
9788 14604
7899 22043
16194 23663
3354 5288
9252 13756
19396 27300
11060 24478
14178 14606
11696 21849
8290 24608
5590 22897
18945 24279
10953 14835
2642 22775
17422 24417
61 13707
7854 17613
24029 28088
1925 17582
3488 22633
3805 4457
24858 25502
4811 16953
9290 26122
3636 7521
5846 10077
11188 24122
6539 8692
1944 9767
10428 14672
22202 25012
14342 15972
3239 20167
36 22491
5359 24201
14445 21823
10767 16446
17420 22416
14226 16939
19409 20008
13697 18832
15694 23211
14696 25653
18077 20966
16330 16709
9061 14985
825 19552
2667 4244
8846 14023
9575 28084
1860 7839
7217 20630
13121 25270
8707 19088
21849 22892
6832 16501
3210 9105
14764 17137
2764 14037
2744 15401
6196 19896
3160 9638
5977 24288
5371 23730
1950 25101
1353 28263
683 13830
4352 19457
539 9038
4260 20624
473 22255
9524 15928
2243 20959
4477 11207
7827 18155
5916 19005
3942 8841
2302 12451
193 495
7446 21744
8491 23794
7820 23983
11251 25626
10714 13741
1635 2387
26743 27490
13367 25863
18692 23732
1442 5914
4951 6488
18430 27741
3555 11612
2943 6587
9483 21248
14898 27758
20204 27843
2203 9193
9358 17022
10660 21656
16842 27702
5755 24676
4764 27384
5087 25823
3305 7637
11576 23243
8905 12076
12148 15480
4715 18720
1881 15122
18659 20975
2883 22202
24329 27611
8828 25107
1500 9959
18276 20323
15441 19132
11080 15996
10844 25953
22811 25254
17304 25106
1555 21634
10361 16152
13649 17048
2324 5730
9268 15058
16562 28051
19086 22028
3197 19537
10800 24603
12652 27996
1770 8864
13046 22768
20258 20860
17601 27719
2526 7750
21084 22230
7224 19753
4373 17108
8251 14633
14132 15797
10813 17211
9772 22129
526 23500
313 21057
20373 27229
23172 27944
463 17164
1604 12264
2818 21849
12971 17115
5390 15015
1689 23030
10246 12945
16311 25361
15843 22605
17976 25307
11866 18581
23094 23863
15582 23684
1904 9933
4332 5728
17121 21078
16350 20431
15758 18866
3746 11738
9148 26200
18521 23016
4199 4758
198 18000
1000 22639
8291 14423
7592 9260
3674 12397
15185 17003
8437 8493
1112 16881
14705 18001
3947 21641
10080 23628
11327 14232
11392 24453
22040 26340
15011 27536
15429 27746
12565 25901
341 25986
12356 18540
14299 26153
6860 27938
3866 7044
4636 19264
16564 18594
12137 24061
6004 23942
7877 10254
6248 19964
9495 18736
4979 25276
6182 26231
3560 16955
18718 24613
24415 25197
13603 24176
19138 24393
300 19183
1951 3103
5702 16624
11751 12452
4216 17737
3121 13756
24108 27311
288 10251
1928 27563
1776 18370
10383 24994
23451 24158
287 5609
18755 27033
5600 21014
24061 25249
2769 16382
6177 18018
6713 21403
4954 11268
21545 24893
3510 14276
23807 27353
363 27870
21741 25438
8659 13442
660 3647
2015 2370
22528 25695
7484 7881
15931 21790
212 5349
1364 4006
18678 27527
20577 25454
11364 22890
18300 21025
804 3201
10614 22686
3136 4540
4373 8849
7899 26913
1979 20504
1399 24870
10490 20637
10951 14843
11047 17942
10495 23696
11375 16781
22761 25162
187 3759
18224 23330
22057 25514
13973 17037
10771 26098
5404 22581
16709 18362
5134 17453
14443 25012
3881 17330
1440 12274
2413 24151
23372 24939
22707 28280
2146 26457
18593 24915
7497 9616
3901 22112
8787 21839
7481 21351
2750 5772
13564 18937
5520 17307
19762 25885
3763 18600
4468 10682
11844 22203
18701 23146
1925 5973
11268 25350
22901 27157
17251 18076
18353 19348
11465 22649
660 11698
9956 11562
12715 14162
7956 25472
23890 24280
897 21157
2283 19531
9907 15428
4191 12646
5662 16131
5390 16569
15110 27179
1240 3762
5089 24914
139 14479
22446 26244
15090 16422
10428 13108
6786 27382
35 18626
8040 22479
3437 9962
12469 25630
1181 23135
3185 18985
19217 22191
14531 23038
6972 19919
6178 19641
10444 18669
16642 23978
14778 20390
1133 21915
1879 20115
1512 27044
4646 23120
17373 24171
10320 16451
248 17696
17559 25805
11534 14781
4165 22379
13806 21442
173 12490
12091 21623
18472 23994
8500 19021
2144 14776
14092 15195
6248 8688
10778 12313
3398 10725
14050 23932
5665 7413
3738 22025
6448 12718
7903 7951
6818 25781
9782 26253
5522 27883
3383 24485
12264 24444
18230 24454
10990 24076
12537 15140
6608 21240
1900 15734
7783 27702
7931 23280
11868 20527
4528 22416
1596 12269
11791 24298
10230 16036
1556 18095
13414 14499
3399 9372
20335 27021
1843 14033
18911 23525
2349 24572
1814 7320
1343 9542
1116 11257
1384 18297
16551 17964
609 12078
2003 16710
9563 24221
1736 27247
16154 25909
14767 24288
3440 17103
3557 5203
9654 20436
842 4026
11093 26838
2623 12479
1023 3154
2489 15511
24581 25250
1103 13970
10896 24961
4402 18177
1289 24044
7153 15475
4080 19623
8961 25598
867 25468
13910 20582
14389 19407
19006 21688
5877 17098
8789 11192
3059 20645
5857 17568
581 15665
4784 24219
6317 12094
1948 26340
4006 27918
21258 27865
18931 25913
14592 22312
12244 16112
1425 25049
2420 9461
3828 7341
14857 26683
12446 22223
393 16197
19442 23526
8128 25875
3698 26779
5065 25405
4528 16037
9699 13564
9064 21181
11307 25454
3826 9136
9237 13927
9006 26867
3401 17235
12538 15910
8067 13949
18159 27687
13178 17918
8515 11254
17079 27463
4668 25693
5071 20678
5749 11789
12343 23189
712 2912
4581 6350
18926 27049
316 10326
5614 18568
428 28174
5984 9416
22374 26744
12561 15325
4402 25028
4720 25397
3856 23015
7900 16487
5558 10484
9724 10023
10369 11480
16955 17963
8785 15376
2592 25272
7407 17482
17657 27758
9053 13709
20235 24634
7065 19068
16974 21323
2128 27221
17572 18277
706 10703
5372 23560
295 8219
14257 16584
4581 6536
1047 20229
2118 18704
10023 15749
857 21145
2192 14317
3019 8847
17098 24851
6848 22040
10113 18627
21470 28158
18791 27530
14577 22654
9226 25108
839 15072
2423 14608
14748 18867
17757 18176
21919 24219
406 13091
9893 19788
15188 22897
7523 21450
7492 11851
16201 22017
18891 25999
10515 27792
12820 23369
1794 15274
10042 16036
2336 10726
9518 24601
1888 14920
12760 25417
8985 26229
68 9903
20423 27908
26340 27084
9655 15367
6832 20288
12593 27887
12351 15036
13344 25276
1884 26851
7020 26025
13344 13802
12428 15047
19580 20362
11138 18195
18765 22983
5611 20431
9465 22091
2518 27868
1054 10500
1497 6604
554 19225
5978 23629
902 10454
7611 18036
5107 25468
11131 12161
5100 27805
16635 17214
22193 27864
1421 13392
11034 18824
1185 3990
12404 16349
10039 26603
4445 18226
17504 28203
495 18533
11295 12403
18257 26483
5466 19249
12052 14916
1920 8649
561 19982
3845 5398
1630 19437
2092 24047
1725 24127
5415 14788
5267 24053
3381 18824
8757 11161
485 5989
9555 15123
13512 26150
2373 20165
5724 22020
6151 20194
1740 18465
15508 18619
15271 18999
11150 16719
12424 16431
13091 22833
18608 26716
5707 24398
16301 21569
15957 19189
4718 21113
1417 19291
11273 15576
21113 24062
7741 12363
10226 11436
11216 13970
369 24422
21733 27043
10393 11495
7154 20001
5501 16672
26335 26832
13502 26866
15009 17365
12696 26670
3872 8364
18354 23431
14771 20053
4974 19347
4672 15418
21748 22017
15146 17273
24229 24509
19853 21066
8734 23343
374 27918
15346 23125
15105 19336
14697 22480
21945 25683
6680 9306
9598 15011
3406 19783
23971 27405
16475 17573
1227 16434
10986 22570
3428 27643
13157 17326
5682 14524
12793 20616
8332 9583
990 5096
17319 20031
1417 12261
24267 25998
19171 25666
7168 9791
15117 23560
24681 27913
11692 17407
1819 3867
18019 24211
4029 11254
4260 20630
4866 6594
12570 17760
7357 8057
699 26169
14102 23675
7115 21191
23086 24061
6257 14304
9061 24682
3442 11940
18050 25977
13850 27328
11729 27257
3315 17169
4096 23343
10356 15681
7194 25505
16953 22688
27867 28211
7580 17046
10849 27304
8388 12967
2518 24057
5861 12428
22470 24470
14783 18603
602 26397
3567 27811
11667 23455
23420 25952
3810 17530
8169 11829
18107 19682
2521 21688
8471 21287
4302 27926
4717 27559
9368 25602
25795 26695
16914 28108
2919 26289
11370 18042
14208 17067
2093 19156
1514 10326
3802 6007
15271 19180
3406 14057
22404 22747
12257 22040
21436 24446
2737 7400
9530 10165
722 9683
2191 9226
17399 18447
13316 20162
1432 9907
13700 27084
16210 17416
664 11006
10160 14443
9422 17856
92 12397
1607 22775
23963 23993
1993 10712
10760 22524
13373 18787
15142 21697
6462 24061
18497 25139
18541 23915
805 11292
2293 23892
3383 8924
19432 27374
11925 25301
7417 7726
21987 27191
1568 14607
21438 22416
5485 27821
23180 26974
4819 14198
15271 25083
21565 21688
693 14431
3624 20115
12602 21048
22202 24247
7974 22627
7838 12567
12384 23062
12411 23947
4326 25977
22871 24756
23023 27329
12270 13706
19068 25083
11059 23924
7382 27136
4066 22822
4827 10493
24305 24815
11079 16893
3052 3300
17898 23644
12614 19693
8918 12847
2503 18342
12839 22934
7132 16609
18540 23465
12092 12109
3195 24267
11898 12651
22403 27433
10530 25831
1676 14193
2954 23730
3206 19115
9438 23696
3114 19954
1233 4942
6882 25321
10766 15251
15201 26312
6190 10244
8210 12126
11646 25685
18801 24935
2858 13112
1790 23315
11692 21804
439 5340
3019 21545
4381 26728
202 16439
5991 23193
6316 22068
1858 21051
1507 5217
25421 27164
3265 4287
6590 12481
4181 12804
5587 26503
4634 18336
13006 23197
7185 18787
10953 19273
5117 18541
1505 24116
12600 26924
18239 20078
2087 12356
6482 7341
18084 27375
5397 21067
3207 18732
16201 20554
7793 23897
8925 12614
4064 6152
3354 15328
13282 26591
11306 24712
4589 8727
6591 18400
9129 15212
2566 10787
1697 25488
8801 11562
1193 23886
19004 25306
9117 24405
1336 12563
7048 22763
2030 7395
19045 21209
11598 21881
8261 25184
7131 22420
21423 23298
20162 25740
11011 21889
18681 27014
589 25993
801 1181
19061 20719
1697 19261
1840 19758
56 24242
6058 7114
6680 27987
10535 15100
8937 9704
15129 17438
16525 21503
15509 25967
4825 11166
14411 16999
20286 28108
6855 11625
6108 14980
665 3126
16117 24184
2602 3599
774 6586
10846 26546
16695 17631
14264 18911
16014 19736
5000 6707
19822 24841
5734 16509
2076 18533
13180 18669
19061 27617
8939 27923
3763 7987
7592 22420
24415 26053
1542 25650
1500 23295
4077 8411
691 14907
8185 11295
17500 24826
14826 15397
11358 25906
11659 22506
664 5344
11064 23365
5609 10954
6705 9350
20515 27059
988 21894
18422 23907
8835 20703
12954 15283
6680 10056
11610 24451
2991 3098
16311 23365
7524 18683
9341 14993
13564 17407
6710 21994
2180 2797
2396 27194
9285 27545
7300 16614
14563 24257
21054 26055
5854 21323
24542 27530
569 22226
1004 15721
4743 8959
9252 21707
5196 8939
8246 18507
11792 17535
18420 22457
3669 20832
22835 24783
16766 22677
2861 19149
9129 9704
11562 24406
21587 24109
14970 16464
13759 24031
3440 25521
11100 11152
10535 18480
18146 23879
15856 26773
12346 21343
9105 21017
7877 9185
406 3859
4993 24101
7677 21438
2008 17980
6824 25981
20309 22834
15188 16887
3988 9913
24616 27420
10496 12346
20502 22144
1387 3491
4289 7150
14672 18425
23300 27821
6928 16547
15847 18339
10760 21847
18037 20838
5787 7290
23372 25299
21903 26503
11416 21449
7538 17319
14411 16742
4568 4695
5670 14136
13807 18850
19868 20159
18228 25327
13715 16113
3752 16765
3734 21633
3015 6841
661 24928
8491 27527
11080 25190
677 17374
7635 14767
19546 23569
3287 26267
3806 6363
5852 10900
19536 21963
2009 23222
12531 24486
111 20365
4904 20288
7929 14743
6102 18411
3570 4980
201 20899
5984 26126
14683 17952
8297 14318
14294 26837
812 21460
9194 11080
7908 10207
3069 9027
12218 20667
19827 23338
7608 11486
11148 11704
8322 25713
15321 22895
7926 12017
3476 5809
13847 21201
413 24306
6182 6823
11831 20664
8361 11295
3614 16170
25075 27706
16125 22977
5995 25135
2387 20657
9511 24182
14141 23094
12608 21929
9074 23963
1421 14612
2700 5117
16937 23143
2874 6868
2250 3762
2961 11480
17907 22328
1242 22082
920 4789
7056 12145
3816 10292
14118 19061
9518 26806
7458 20939
7453 20562
17767 24042
15633 17801
21438 22031
5180 8793
1365 21084
9905 24608
14712 16957
12054 19774
17907 25477
1349 20951
10540 22974
22151 22965
14954 20430
5886 16984
154 19579
2314 17725
1761 9454
7595 22040
7158 12507
9521 21612
7700 23729
4600 14558
4101 5327
14555 19626
26132 27265
1727 23140
489 11202
8749 15426
11522 27419
602 4103
21192 21545
9427 17975
2807 7075
11581 19641
1510 18439
8162 25046
8551 9038
3873 15676
14317 22483
10767 21649
7416 15301
11784 13012
10389 17115
1405 12271
15386 18232
10775 24997
5618 22965
13036 19398
3916 11700
9310 14317
10967 26244
9537 27882
1199 10200
24043 25011
3666 15808
3882 13503
16363 23180
10054 24068
1755 26998
14791 28156
185 4475
11141 20517
11917 13682
14433 26959
8972 15512
2027 26056
12112 24095
8220 19595
7623 17338
5741 26966
1361 17319
6374 24397
14153 24758
6997 23325
7429 16026
3795 21750
2635 25341
9111 9144
3955 16744
18678 24753
5506 23197
10357 24798
1028 20384
16369 17073
2000 14997
3956 25576
4548 14050
24948 27648
15682 17762
23811 27913
10741 21391
5430 7152
1949 12431
13246 14728
24674 27316
898 10674
16905 25732
5832 26485
213 6477
8156 20503
12606 14104
19148 22421
428 6643
21123 27382
609 22142
18697 22385
2005 23916
4563 9281
12443 14809
27 6282
19081 26392
6972 21986
3463 24856
16205 23225
3912 8938
11133 21375
22110 22469
11479 16276
9923 12881
6870 23597
12947 24970
8063 15757
16184 25653
4009 19240
4498 21294
810 9250
10816 26929
5186 20398
1788 8874
9730 10393
3317 12242
10018 16965
529 17744
2628 4414
20852 22901
11705 17963
27285 27844
11880 25081
16065 23324
22637 23288
9011 21616
8734 15025
4531 16842
13383 25137
12204 21766
8795 21867
8830 18659
4218 15364
2330 2832
2697 12357
8108 26077
2677 9826
1769 10575
4039 20282
1772 6905
529 25564
13018 22210
17304 19123
10900 17507
13214 22104
9165 9835
11560 26129
1936 3719
6289 18211
3265 12792
12288 16038
15055 21944
7007 12109
4414 12369
9192 23016
9295 12191
13276 24624
2206 22489
8924 9417
3638 17457
11997 24825
6957 25559
13414 23033
22278 22804
5917 20367
1579 22404
4129 18319
788 12134
1959 9367
16673 20308
4740 11201
12040 24767
12632 18788
15962 24468
16963 25107
7665 11960
3147 11989
8148 25684
10119 27279
6426 11787
16229 20953
9294 12369
24571 25838
5665 28206
4650 10800
9610 9826
2482 19839
9349 13105
758 5205
9382 13174
4561 21038
13839 20831
11784 22694
3263 17880
19300 27151
17510 25838
2946 18406
21766 21849
999 24274
14677 18627
7811 9717
12683 21195
8310 14364
16152 25656
7529 24611
10668 23816
382 18180
4285 10003
3804 17889
341 10956
5950 17681
4002 21875
8048 26686
8388 8924
7368 28101
15958 27320
16584 27190
2826 7183
4255 6560
7572 16588
18056 26964
19953 25341
5546 14546
3296 18753
11827 18630
19895 23524
17902 27810
6969 14078
8345 27908
5614 26596
7279 22945
10107 10810
745 1030
20448 24576
51 25472
7358 19867
1343 7534
3590 25997
9723 18267
22184 24062
7769 21117
4236 25922
4475 6182
19075 26148
1727 3039
24127 25732
56 16351
13523 20118
6189 22028
7329 28127
5176 22040
4980 19778
13871 15757
3622 4256
5808 11657
9324 24531
10889 23467
18416 26986
22207 26628
8430 23722
10675 25683
9152 12188
7956 15919
4719 26503
3401 11772
5087 7758
15619 25842
9633 14386
18947 27766
99 10304
11407 18704
3931 20669
9454 17014
18265 20885
18610 23955
22956 24474
22948 23664
5398 10293
23 3667
18259 20449
11567 14395
18927 21000
14607 25886
1745 21618
22530 23105
1899 17760
11746 28115
12851 13595
15835 23952
6576 14941
2529 17007
270 18281
18708 20586
6669 7300
16576 19539
9767 21929
17037 21080
21637 24323
180 8931
1516 23920
7002 19240
19848 24148
2386 7419
10188 26628
3892 19200
1 22581
9782 27085
8481 26153
14892 25081
3794 19839
17787 26413
24279 27112
23897 26593
2150 14961
11615 21671
6513 27020
7323 16136
3141 23070
8433 21459
10119 24608
2810 8899
5592 12403
262 11836
877 14183
9432 13977
14742 14942
6929 16576
10306 20954
3275 17383
5416 15396
25188 25197
23006 25010
3860 22678
5602 14580
7205 16635
220 14710
2369 8805
7987 23136
6773 22143
2906 19991
12388 20400
7030 16604
245 13472
15104 15419
19449 23427
5288 17795
4489 11113
6565 9717
4974 17170
9310 14451
213 10618
346 24011
9237 9896
16939 17563
13024 13301
21581 23159
4047 22312
10990 25557
1787 21692
11896 12255
10157 22304
10432 27560
15870 23143
14541 27795
13564 22112
9617 10839
12426 25759
12424 24148
2605 21915
1878 18206
1240 9115
12516 21890
6475 7403
4097 19109
6707 8434
14104 19140
8762 17953
5436 19391
6439 25306
4580 13216
17076 22905
5113 5238
10173 13515
5864 26766
18507 21149
20282 23494
14158 15749
3878 18001
5217 8427
9358 9573
3864 20754
1028 2647
13354 18648
2410 25525
10042 20384
9253 20236
8734 16297
17472 19979
14380 22141
20893 21850
23645 26073
11039 20743
15428 15900
15609 26409
445 15088
1802 24906
4295 5906
7976 22077
8211 16725
1015 17630
670 6767
8424 27969
5641 18746
13813 15726
9884 14433
15367 27495
7533 19883
9859 12309
4187 16860
12805 24351
4500 16599
16426 22135
7839 23721
11133 27917
9354 20041
17505 23437
4325 22010
897 1178
14167 20355
9998 24042
13516 22120
6328 7358
3763 14233
14706 24543
11422 22137
12135 23557
3137 12487
13328 20848
14648 20115
24679 25138
1465 27805
12805 14791
7150 26929
175 17787
14430 25145
11785 12037
9858 10990
18920 25830
416 25991
10920 17647
12957 26126
9979 10855
8098 27621
2522 18396
9271 19856
18562 22930
2798 21573
3249 7043
6482 17453
5997 11534
1884 7975
1426 11255
757 23614
15401 25683
10577 18348
9826 10120
20198 26304
11619 14474
14438 25490
14029 20400
12965 26676
1368 23372
406 22216
1852 7205
3197 3648
13221 23055
9803 23609
10174 12528
9327 19952
19857 20503
1023 12151
10312 14896
341 2954
11657 28054
2547 5550
1006 1066
12260 14008
14997 17592
705 12205
4600 6668
16657 18452
12023 20008
4085 21582
9954 20956
20321 21840
13282 20966
20956 24127
12573 22296
1 20689
10012 10369
7930 12086
19371 27208
2375 26284
17630 25550
270 25651
3186 25375
20612 23560
4627 15870
18009 21374
15493 20715
18423 19291
16117 22634
6072 25080
1541 6128
5906 11682
7425 16178
22227 26759
1681 18645
9727 12267
26069 27956
11261 25831
14635 18883
9347 26384
16353 27715
1605 14316
11789 13422
3266 7919
11725 25732
21291 25602
340 12881
27964 28258
8230 9396
14156 26358
1900 20743
669 4141
20953 24934
9085 10966
4672 23145
9284 10247
14978 23375
175 27152
12727 16662
14647 16345
4689 10393
10071 17129
4600 15162
884 6163
14037 18496
611 22230
20740 24540
1271 7640
3357 13155
7325 12428
4833 8279
10917 12590
2104 9215
4091 24624
4623 16964
12228 17842
10511 16496
18132 25454
11931 17241
7977 10484
1593 8054
23053 23061
11878 19977
21725 25903
2288 8413
1043 27467
1645 5143
5042 5502
3759 22623
11814 17398
1545 21126
891 25829
6269 22820
7073 10146
2031 19757
14560 22444
5151 18808
14065 23082
577 23342
6777 22219
17027 25779
1967 3539
9797 14005
20633 21423
4147 23390
6351 27690
2655 25357
9675 10077
14911 19228
3979 18563
4470 25054
18115 27503
11553 26808
17727 23365
22546 22696
8730 24357
12678 16968
22687 24575
106 27703
20503 26235
778 4646
485 13292
327 11030
8441 22080
4087 26717
7350 19448
13192 19539
1284 14795
16121 23914
3161 19538
10799 13744
4043 22566
754 22696
1761 16386
7608 8228
17823 20205
6428 20540
1270 2906
5722 11809
21890 23209
4339 21862
3501 16922
19723 20355
14264 23590
2446 7815
8059 18040
7903 27311
600 15077
19169 24373
8708 12523
2450 21695
12257 19086
11893 18265
7483 11899
10326 13986
23703 24322
1116 7122
3399 9564
9122 14462
1074 24352
8930 11496
2324 3646
4720 15511
20909 24681
2150 10735
19678 23775
7737 10873
12810 15315
13171 18674
8990 10727
3411 26360
12228 24784
334 11045
9211 10477
8499 23472
21856 24150
3230 15174
8623 11484
20130 23463
8634 20563
10925 18421
1187 8455
1221 3169
1173 4504
9029 15325
7459 28029
17407 23929
12668 19127
5102 24453
9936 14597
3409 12947
6497 22436
13343 17277
5728 10981
9479 12304
2880 18625
2743 18599
4573 18009
15575 27130
2186 8667
5907 20632
1055 25692
21671 27267
21228 22180
7374 17264
3864 7835
3430 13721
10051 27780
2135 27827
1985 2093
10826 18003
11369 23550
8621 15268
1122 3065
11260 16900
813 26444
323 14555
18001 25684
4700 9322
406 20281
8133 23722
2433 9992
10023 15410
2088 9899
1116 3387
2173 4391
18064 22630
4914 16968
3617 3716
20390 24616
3432 8823
4444 16571
15835 27197
12123 13913
674 24055
8290 24601
5706 21614
23321 26434
10942 11884
14064 23915
8770 12927
9440 12542
20007 27259
4408 27529
2487 13045
7297 7753
396 12881
14439 20370
3132 15442
14804 16192
2303 13970
12652 21199
19484 23525
15312 17836
19371 28044
22162 22888
19971 27170
6178 13093
7111 15426
13943 18462
12650 23929
4534 21799
4 1116
9285 13844
1017 2576
13664 14175
9067 16175
3661 21201
2311 5497
18305 19061
12218 19169
1337 19113
1658 1750
10410 20599
17832 27696
5827 28071
18520 22553
24299 25087
3598 16353
12681 18995
17717 18793
12593 13168
16983 19944
1741 23038
17851 23251
18449 24783
11553 22739
2467 15691
6340 7443
9265 18414
2966 14594
28 840
3114 23523
2740 18479
3160 12705
4454 22981
1882 3265
11331 13495
304 7059
14748 25287
9441 10284
14001 17222
3121 24005
5725 14996
15470 25174
3323 7975
8758 9767
12071 25942
3748 20002
4763 25090
7977 9720
12682 12733
4920 19117
13810 26053
1948 12472
11151 18039
5004 17562
3238 19014
14228 14672
8242 23082
15620 20053
18520 19447
9215 19991
6868 8000
24122 27309
20337 22254
12592 25025
12426 26896
21740 24180
17200 18646
2 3354
14227 24062
7205 15429
867 20313
15948 22380
2407 9487
689 15322
17634 27670
14378 24368
14536 23517
1804 10207
7768 20515
4409 26347
6378 7768
6368 14513
3825 25763
9214 19068
2348 25748
7543 10432
20054 27136
13148 17724
2436 27220
4285 6004
16683 27702
12832 26167
7091 13146
14589 16184
2031 26543
5229 10737
1944 24595
2039 2967
3354 24069
15384 17483
18303 23245
1948 21354
3102 18369
3930 6958
23080 27977
9129 24624
9465 27746
7063 26098
14055 24503
14912 21057
13276 21991
279 11026
8611 9250
17692 22746
7915 20894
3400 14433
21542 27274
13488 16216
4143 20053
9195 10274
22210 27954
6432 22923
3925 12657
6618 14255
16280 25315
9337 13221
787 8878
20188 22214
7289 20608
4606 18832
22632 23366
4379 12918
4288 21250
9155 9164
4096 8734
11122 24537
5485 7630
11444 20667
10178 22364
12610 23083
5614 10079
20201 26836
6103 9923
11791 13060
10559 13032
5375 7820
10217 23295
1253 8157
7832 24371
11416 27964
16608 25327
8558 27049
11626 25564
16177 22216
9214 12401
7975 20743
5153 14807
16457 23627
3545 22469
8023 22416
8034 23518
14566 16715
11937 26687
9835 25088
7979 21079
1775 23653
6908 15355
9907 19558
341 7726
16452 18826
11488 25199
10487 14437
6068 7448
711 17310
24720 27405
16961 23279
4870 22365
2598 12722
7648 25997
4954 19784
15676 17963
2619 25491
3667 24752
1508 21491
611 840
23410 25338
7568 23971
1095 6715
70 867
21956 22998
4116 15756
4367 26052
7626 9285
16038 16439
10294 26177
11011 25634
17146 25849
425 17861
793 16428
10740 16794
19056 24939
1361 19425
9519 11090
10369 21988
4289 19052
251 21474
8852 23600
16731 20235
8990 16905
23134 26777
12843 14961
13077 25472
15059 27669
1014 27782
2132 3944
7420 14696
26990 27669
11484 27779
12260 22334
480 24904
5609 8990
6116 21829
3875 5930
396 10650
1317 5592
10215 20448
1905 14016
18641 24008
16797 24617
11295 24055
25838 26874
3167 23548
3063 14807
2967 5025
4178 26061
13036 18132
1487 13036
5213 19270
9080 18468
4087 7935
14153 16823
1994 18622
1254 10173
15672 16276
17015 23218
16040 24062
1027 19068
4603 21074
11201 26943
240 21503
5461 22140
12860 17196
4810 25036
18787 22012
1686 18956
6172 27758
1729 27810
12169 14832
4827 12212
13875 14550
1467 3381
3733 3872
97 10131
23916 27300
7252 12968
8552 13669
12581 20272
19096 27821
3605 23915
18906 28115
16205 16827
1864 11585
6182 13835
12218 26554
8159 15066
10805 16659
6036 25433
17782 26081
7350 23254
5832 22675
21095 23785
1177 16656
7002 10839
20726 24934
6370 20081
4627 16083
4568 6980
11436 19397
2518 25454
5965 19530
14617 18963
16210 18823
2396 16890
6508 7975
23275 27923
19639 20258
8108 27766
13564 14228
4306 21279
113 1263
10660 28029
9304 20340
6215 9785
7162 21499
17057 24756
21616 24597
5878 14907
900 27776
19275 25349
14963 16314
17001 24617
693 21506
3740 26338
8443 21366
15642 21798
1026 4625
22246 23619
1882 16629
13780 20222
22011 22298
25482 27420
5368 17919
3790 8924
8316 12411
3224 23800
11562 16334
12459 17331
981 25451
8529 9593
5275 12270
3871 14464
8285 18616
4073 6749
11051 22092
3906 11625
367 5611
2596 11444
9575 12773
4894 18371
18371 23949
9215 18692
1613 4954
21612 25306
7005 20577
4275 7871
6222 23377
15692 25225
17527 19610
8817 11400
16897 23972
9295 20779
1604 19817
23635 25986
17760 17788
14865 26661
16276 17161
14854 26320
3565 21105
1197 9431
13103 23773
1345 12634
15 1197
8169 10489
18679 27563
13753 18662
5002 24687
86 3845
10624 27190
12594 12767
8020 24847
6559 23040
7173 11911
7154 13992
13112 24641
15605 15709
16148 21315
6198 10760
3204 20596
7227 27821
7265 10289
8746 16964
3765 27719
19853 23932
14544 23447
1695 15592
3391 21634
13059 18095
7456 17507
4770 14012
891 6015
5236 16512
9065 12038
11541 24200
9222 14817
4321 25228
10900 14240
9337 9932
21284 21671
498 2557
10701 18615
1095 21976
14974 22897
4081 5618
3049 18603
14330 26317
10357 15007
5852 14215
1567 10807
13970 14207
6857 10469
14606 15330
23101 25732
1394 19623
132 9819
7725 20836
4827 27586
8345 25660
7656 20183
160 12023
6876 12114
2651 19319
15442 17299
7308 11174
16941 17819
12414 19821
9710 25202
12250 25439
19655 21692
6606 15613
12974 20969
4192 16623
5984 24104
1050 19147
6177 18894
8806 20479
14221 21154
3333 12728
14976 21183
2887 20109
6074 24636
15795 16668
14160 26925
4685 28212
899 15216
17616 24256
51 2093
4325 10041
2922 24180
684 27832
21577 27841
23292 27795
8384 16506
396 13212
12371 18791
3741 24765
719 19660
16452 17442
15561 25696
10496 27398
13343 24848
2436 24848
5965 24884
2729 12051
1209 11250
4685 20859
4583 17486
9377 24415
1499 1713
8971 22857
9420 19843
25980 26452
3793 25034
25960 26068
539 5114
7015 10340
20387 28231
7323 25901
18333 28212
812 27923
12810 15653
10879 24836
9614 14010
865 18815
11444 15446
1787 12403
1226 20008
15235 17146
2997 21614
23243 23392
7927 16112
2526 19567
808 6594
345 22382
10227 22747
13152 13970
15575 27180
7154 27294
16074 26296
20786 24005
4599 7241
5850 23875
8138 25017
16006 18627
17153 20363
5374 18516
8368 11030
1936 8990
5558 17646
15098 22455
3399 11196
14530 20054
2379 18037
10641 21192
8410 26281
8891 23539
11746 14228
825 14033
10951 16814
12708 13307
2029 12785
8795 20398
11571 20959
16656 27944
7937 26830
9424 12460
4671 23553
866 4575
12693 24455
4158 25789
5791 24419
2205 8464
13946 21377
21127 28140
12983 27208
536 7033
4422 18282
18454 22258
1904 8857
1425 13322
17865 27441
11696 17165
11749 27575
6757 22350
16901 24690
12684 17264
473 18736
16284 21387
1864 23269
2677 16559
842 18154
12800 22254
8886 16289
3728 16728
8391 20189
4101 24136
7896 21331
15163 16642
1902 27478
14429 22587
1368 11063
18678 22234
22021 23094
6072 16659
21716 25397
3852 27664
183 6654
3186 25986
7913 26476
21987 26503
7469 7956
8933 27366
6629 17141
2694 20834
2010 16656
3961 18736
1037 27218
19445 19845
1505 10237
1450 8706
823 5751
14033 21201
6691 20967
2022 22210
22199 23433
9838 25381
15452 17168
11971 27800
8011 8013
13243 26207
10114 10487
7205 8806
7701 21707
10868 24023
683 20348
8127 25881
7178 15561
6896 10548
7207 28170
7410 9518
376 15452
14339 19566
23762 26737
3307 4870
3953 17070
3810 7205
8022 8377
2897 18595
14649 26044
11809 21372
17657 20667
5856 7560
15179 15612
9329 25740
4868 24412
7426 19141
18920 25636
18466 18854
25046 25163
17292 20280
13579 27961
8849 27514
3845 11283
2118 4356
6372 22984
704 18841
6868 25397
4199 25412
4965 20003
983 25962
8856 23960
2087 25085
14355 23183
538 13373
1249 4563
23890 26554
6503 26591
4423 13405
22091 25354
13852 27857
15343 21874
8289 12987
7649 9982
547 8781
10875 15749
445 18051
3099 26766
5540 20355
15292 26801
11148 18109
3051 14939
8899 15560
18958 22761
2518 2925
11609 20005
15182 24952
2497 22799
1429 26469
12546 25865
23342 23919
11050 11187
5691 13203
6956 21679
9524 23114
10999 17622
15315 26448
2142 6747
7601 17137
1068 22110
5919 9189
275 14668
19710 23677
20424 22157
10876 27975
19522 24288
3137 18870
6857 14089
1371 11218
3890 24519
4209 6914
14 13556
132 21586
1253 11045
10397 22156
8536 23721
15286 27739
15925 25911
14250 15678
1609 7595
2635 7350
23144 27565
4326 22682
1060 6045
16965 25956
11106 25550
3970 10876
7891 23080
4072 11416
16 2349
7868 13708
11098 24856
16001 25121
6836 7727
18626 22415
20292 20503
2121 8741
3835 26074
4076 25057
15652 21618
1866 21131
19423 25634
5041 16439
9192 11746
22134 24259
8014 27755
21327 22203
5166 7843
1101 2710
2130 17842
2755 10771
12718 25487
974 16979
1275 27314
3762 11562
1400 9730
6495 26029
1290 20696
7350 13999
3366 16289
13185 18001
10002 24438
11971 25727
2379 4736
6408 21505
11465 14922
14215 18425
7473 16686
12324 25279
18027 21821
2631 14586
495 24610
9067 10114
18649 25619
2141 4538
5296 26363
21981 23016
5797 18690
4468 17097
17060 20243
12075 23754
974 25910
15642 17145
15875 23143
106 26386
5041 28196
9211 25161
11279 17592
13185 22441
8990 26787
6637 13864
7303 25283
1888 24005
7885 23522
867 22415
14763 28156
13057 21687
5505 24266
8506 12204
6555 18823
10464 26573
16149 26137
12872 27795
4355 8687
17615 23805
5240 20083
25269 25452
3256 11232
7015 9208
3889 14216
7514 9491
3441 18519
15696 25035
5832 20025
17686 21809
588 7846
1771 11443
13436 17836
1402 20661
6631 23402
3125 13286
10279 12457
13926 24242
10698 10971
1567 27365
12415 17723
1364 11718
15638 17203
21212 25564
4758 13017
2767 21387
10325 15901
5540 9997
6134 25575
4736 14519
15442 21727
4841 16351
745 1813
9798 27059
7331 19100
11540 13387
1759 7820
6301 11356
8000 26061
3842 26331
3260 27076
7068 11171
18564 26686
7104 8134
14816 20171
18387 26786
16840 23198
7802 19192
3689 7515
9620 25932
5454 13704
6385 25009
16905 27224
4375 16840
14771 18521
8437 15133
3047 23173
9215 10393
3489 20285
18219 20918
727 19705
12116 21000
6948 27897
297 27901
17585 27276
7869 17640
3797 21215
7083 23785
9841 12200
22871 26663
6848 11797
5057 22621
27792 27886
3856 16284
2589 24519
770 25327
327 26807
487 22892
7750 18192
17371 23267
3947 21846
4329 8801
3741 27609
2189 16369
2250 25426
7975 17097
19900 26267
25245 26297
17303 22763
2671 11316
9380 18634
14464 27405
1603 17393
868 25220
1142 2627
14710 22160
14807 21057
20745 25877
7508 12193
3947 28105
20630 21252
24274 28056
18114 22255
406 24406
14701 27536
6806 19276
14971 15549
1559 1878
6692 11623
5989 6914
21810 26464
20504 20687
5261 17176
3122 11192
12779 14644
5854 9981
2530 15377
1878 19601
5082 13058
6788 12032
22334 27180
13687 22729
13202 23562
3727 24327
9084 27500
12155 26591
13937 23013
1213 2379
7975 25810
15579 21616
9946 21788
1870 5124
343 21843
1800 24991
9356 9874
10618 27360
15907 19847
9791 14534
5042 7881
16077 21915
19237 20010
11866 25910
16153 19445
22012 27247
8522 18434
1228 25562
13787 18761
4271 14350
4581 10350
1851 9731
1543 9300
443 9281
6085 21919
424 5308
1087 9043
13032 22779
13483 18603
7950 16957
5691 21296
16989 17941
10839 17173
2832 16371
5114 7535
251 11167
9566 23704
7581 22296
18567 19169
6707 15443
2503 10767
20931 27751
396 7469
3581 10313
9286 20170
14657 15377
9234 24954
17028 25678
6999 24057
7010 7590
9356 14713
11124 14938
4217 15547
17108 26025
21832 24415
6968 13052
14473 23159
14753 17984
12841 20849
4595 18651
17169 19775
2105 18520
17607 26865
711 24453
4388 20258
222 5940
2003 13356
9557 11023
124 3852
10399 18971
3734 28092
3267 8657
12056 12565
5708 7741
10489 11132
15551 19061
401 13208
1141 12014
7659 8773
27002 28146
5064 13472
6968 25818
16600 20544
2221 10349
8060 22228
17637 17692
6931 23553
8132 13899
23187 23254
2087 27661
14181 28062
2435 19771
2976 22679
3501 9358
930 13369
2700 21134
6773 9670
187 14411
9399 16110
1830 23673
6175 8444
5395 24899
788 22696
21441 21945
3168 23433
5194 8676
13041 14100
13491 17887
21742 24187
16806 23762
4240 18720
11612 18882
6914 16576
8880 15749
6380 8586
6601 21067
21335 28031
3321 20800
9006 9421
5518 23324
3927 12458
6633 26503
5327 23254
343 11809
5102 10354
12511 23803
19710 26253
5710 10094
14281 15744
6896 7884
16152 27166
22038 25645
9826 13253
973 16026
14024 24057
6862 14517
12836 25283
12625 14291
17486 25154
1209 21834
1767 24313
2954 26476
17321 21844
2667 17320
5585 18547
11314 17319
6809 22786
6261 17507
4441 18726
7980 24897
763 1495
7892 18815
2712 27499
2833 20627
12900 22141
14074 20196
4625 28239
2087 25283
15904 17048
7913 20251
3323 4904
20162 24929
5096 23540
10971 18265
5488 7361
5333 25168
5629 18368
6923 21674
17329 26469
7929 17267
14672 18689
3831 24064
1012 25066
15957 27923
12954 20712
8647 19784
1034 23937
4101 6177
5042 19515
3229 18132
7400 10260
5596 12981
22650 24917
13384 26974
183 3287
15739 21641
9949 9989
13581 19991
808 17140
3762 22784
11637 14344
24603 25488
1970 14104
11969 16460
12645 28217
11027 17112
442 19298
5283 13376
17326 25110
5270 11392
9424 25232
9284 20144
5565 24073
25960 26095
13984 18999
16107 27124
16423 26554
11858 16036
12556 19086
14924 20650
6223 9438
12155 22640
17561 19944
8322 22700
17364 26901
77 3068
2040 22473
1397 14206
11997 19494
14758 27124
8518 21408
9582 16597
5583 13168
9123 15832
4417 6517
17260 23680
10608 18013
7205 26498
1852 11975
1434 2148
1475 14057
15725 17792
21393 24005
15689 21737
12260 22651
17929 25368
4732 25454
2518 22992
9786 20875
9395 14514
180 5461
16641 18093
3715 6931
11658 18816
25267 26182
4167 20732
9795 14228
4819 9333
4915 17983
13931 15251
9406 16157
3885 7166
17007 19524
3101 10501
6107 22462
18137 19300
10369 21577
21804 25953
11473 26892
10643 20035
13772 23916
14539 17412
1387 17100
1657 13681
1952 27901
2004 5564
16678 26360
14611 17194
17405 24332
1975 22382
12128 15402
20657 20831
16460 26568
7626 14743
2505 9842
8806 20258
13407 15883
3872 16108
7930 27900
1377 23152
3075 26800
8846 24122
9563 27821
2244 28181
3264 25219
6876 10096
5497 23941
6377 26337
8249 16111
4360 20363
7284 15113
3278 21831
13193 23524
18708 21387
16553 22357
16190 17722
12612 19337
13370 17097
7743 22262
3531 24177
5252 16174
12761 18034
5008 15166
9563 18118
10222 12726
17297 22835
11246 12253
441 5289
20067 20643
3738 13383
10097 19135
15201 17787
404 3169
8426 13189
327 20578
14464 25364
11418 24342
6444 23608
2549 7091
9968 20871
1497 24241
18948 20028
8338 16154
11733 25618
8680 23963
21895 25265
4749 20178
17695 18166
10662 21275
21673 27243
5160 21998
15173 26448
5832 8832
20224 21813
7881 16197
18714 23623
10560 19061
10222 19819
1640 27778
25588 26601
16640 22448
8437 20876
3872 12800
7175 14911
396 20845
8285 15378
8096 27084
15548 23284
13287 14795
7756 14961
9636 19160
1609 7040
15031 23273
14666 20893
13143 24290
2512 25327
4253 22834
4470 28040
1197 20408
15705 19704
9842 21237
8368 11667
8579 14997
15271 17164
1023 8177
10054 13591
23187 24136
13844 23140
8075 12547
5832 13730
7828 26816
2505 11060
24999 26001
8924 24042
1308 5541
2832 27821
14367 21114
1502 17636
18494 22164
3850 12959
8924 23653
4806 12155
3379 14604
2752 9051
8880 25387
15867 19139
18159 20804
17817 23162
4409 22271
9888 22793
3169 4822
11914 12018
19225 26935
8388 13553
15731 19326
6433 21735
13355 20742
3186 5120
5536 14385
3002 17160
9523 11982
246 18474
3129 14469
21614 26480
425 7894
18755 19770
9289 25566
4378 14575
23970 24820
6106 9479
17612 21191
604 9844
4648 17329
11952 20402
3802 19617
3940 5867
8352 17407
25607 27382
476 18356
2929 7555
4795 7728
21886 22213
6082 17940
11430 25215
759 20553
7538 13059
21436 25882
12095 26494
16560 20817
6869 10160
2201 19205
12726 27633
5165 23023
7804 20204
9605 22939
2967 19996
9571 11334
5100 22941
5914 8899
13081 15185
5241 18319
582 5123
17106 18901
6545 26329
5371 27087
6646 10990
16493 21665
24521 27924
7777 25286
1966 16314
2665 24147
19068 20162
12512 20701
16562 19839
3805 17349
7898 12927
5510 16039
1442 9875
1375 25217
16429 25655
3507 27229
9360 20423
13741 21182
7089 8906
23267 25905
4429 9800
1052 9600
439 17978
3753 12754
1767 7216
13407 25366
1711 26102
10837 15064
3902 22871
13521 23947
8167 17779
3900 11953
4012 25590
19264 20499
7909 23836
3287 20721
10569 23272
17393 26169
2279 24281
4967 9591
13784 26275
24451 24846
18178 19898
5353 12780
23954 25434
8624 19647
1851 18521
19896 25903
48 882
926 5711
18823 20373
6839 11471
12658 20927
1 23019
3900 11164
5100 27263
14082 20235
23157 23633
12083 26235
5984 9748
22040 26312
8403 10654
5562 8432
6702 15170
15985 26949
11917 18483
5497 8780
11059 18037
19771 26554
5389 26495
9837 25489
19448 23718
2575 20192
2352 5166
1720 23858
3591 17763
1613 27969
2227 23705
9285 10132
1618 11875
5007 10200
8555 22289
86 22461
9055 26802
6586 14553
3622 20837
2874 24869
4583 17186
7797 16484
2912 9588
19857 22213
11199 16432
20332 22889
12612 23015
5797 7579
3746 13060
9470 20305
7166 21423
11989 17232
9502 23705
9077 26807
9717 28122
16879 22294
1050 14084
7725 13343
17019 21856
4519 15751
16984 21296
16150 21886
4758 8617
935 27477
1430 22548
7810 20436
4581 21357
1590 22971
10825 16890
13208 17779
2604 19758
19927 20337
16588 18492
14471 15460
11243 20312
1858 14773
7169 23502
4693 12642
6177 10512
14696 18874
16466 17013
5551 9709
15736 24395
11657 16867
2260 13845
5180 24611
828 17696
21537 21791
3609 20786
4672 13101
5197 7881
16253 24855
10431 17963
15665 19848
455 19327
1860 4218
2671 14086
5008 18947
7536 11286
867 22871
6163 25638
5657 25206
6994 24929
19973 22570
1737 11080
18027 18665
492 6612
3828 5493
4272 14820
26596 26969
14911 27616
21438 26123
17070 28147
3598 11251
1902 18050
2208 14288
6350 19565
14607 16208
19254 22080
3214 14672
985 9368
9905 19536
4827 4944
3947 16905
25919 26126
2708 6852
10263 25156
1497 3261
7084 10937
2400 14471
15997 23873
2112 16055
14534 16668
5681 6107
6544 16639
25956 26358
12436 27221
5190 16047
10248 15561
213 16263
12444 12899
1767 18717
18521 21079
10680 16038
10826 25174
16955 21259
11445 18416
12720 24671
3420 14133
12302 27179
17487 17917
4301 16805
3805 25949
2954 11087
7364 21491
13127 25451
12921 13592
10137 19445
20115 20990
2144 20234
8846 26413
8876 10032
18824 21552
24042 25651
16713 19787
275 11009
9466 15388
4765 23664
10741 17941
2189 12427
481 25232
6738 7152
1275 15133
7096 17859
14853 23472
1941 21000
14380 17922
3437 6217
12274 17676
10324 28232
12816 19309
15064 22511
13214 16489
6032 13913
588 1795
5827 28100
21656 24974
6511 11593
3933 13232
9558 24674
15494 25402
14277 24061
3128 17823
22295 27353
682 2752
24543 28167
3819 24129
15561 26632
16056 22713
761 23619
10848 25427
1504 19192
396 14266
2227 25956
13787 14575
2823 17920
1772 10951
4110 7401
15251 21071
227 7018
4090 16105
2803 20099
11751 20719
17241 24820
9144 27112
19415 22830
6299 10066
106 27688
6074 12425
12737 19140
2274 22004
436 22998
8151 27508
4237 20909
17637 22010
9082 26085
10885 13202
3800 17443
8265 10984
3997 15376
5142 27418
4548 24399
2529 21049
7084 21881
3585 19357
15996 25657
25351 27162
24532 27908
2905 4718
2520 24195
6372 20108
10330 22996
7429 19001
7637 11170
19962 22460
3287 5777
4646 12972
3291 22043
8588 10846
689 12139
1171 3019
3827 15355
3204 15572
650 27236
10488 12024
4391 7229
5229 5579
15199 27696
8441 22325
21067 25652
303 20171
2986 27398
2635 17630
19031 19298
7928 9931
9233 21455
1772 13168
2518 3734
7832 14046
20130 22035
14055 20309
23560 23748
20758 21815
5727 20563
355 7517
3769 5879
1013 9682
14697 20099
8397 12077
1451 20591
5824 13117
1201 12452
10836 12517
7818 19389
15897 25504
22679 27581
18192 26493
15446 24104
12028 18128
12237 16781
1497 22558
17599 26077
3606 12386
16584 19957
2451 10649
640 8864
7461 27827
1858 17415
15660 20932
1900 22541
5579 10441
13264 20115
8830 12874
1389 14648
7471 14920
8080 16849
4120 27982
10756 11491
18491 21407
7721 16498
1308 6811
5171 14133
7735 23809
6659 14552
3904 26829
5622 26554
11880 16289
25185 26838
7695 19115
23799 25653
1391 13373
10772 20355
6994 23994
9132 23816
2435 21094
15294 20853
439 12319
1596 10961
9162 12947
545 16279
3147 26778
10318 22122
6276 15749
439 15851
17619 27752
2150 9153
1724 15323
15565 19132
683 12233
3296 14998
14275 16152
13513 24063
4165 11361
722 15457
11822 27894
10393 14445
14499 15863
22340 24200
2986 18498
8228 24069
8770 22441
7722 23871
2470 23708
14055 27899
5326 7036
1144 21125
16957 21362
13607 21700
7778 24424
18945 25626
558 16762
2709 23064
1851 3592
15384 21748
5585 21832
10593 21202
917 9175
8213 19562
20053 23696
17240 17731
5100 17980
18112 27224
1834 16069
5734 28013
10825 24910
4717 13175
20503 22436
10102 15815
3961 21020
12927 16905
21076 25324
9292 11746
1562 14016
17842 18545
6495 24567
8811 24716
10861 16432
8478 24057
6936 21641
9905 21115
2874 22112
14043 17322
8463 15670
16660 21407
948 14306
12040 23774
10638 24931
15297 18633
9253 20007
9252 18034
1772 22448
26245 27312
9007 19742
13708 15359
4009 10018
15330 24267
895 18520
19819 20789
13436 22472
3287 23845
12653 21759
374 18051
2469 13407
4216 23160
5642 25343
1460 15613
8770 16965
2128 16561
2003 27889
6420 24076
150 14136
9465 18070
19780 25986
120 24864
715 4563
13926 25167
19249 21552
14992 22321
2096 10935
7370 20517
16316 22077
6839 7568
1091 27227
17776 20159
18682 27867
8210 27406
5359 25574
1027 27229
12253 18520
1298 5355
16634 26364
1036 21852
396 1814
9390 17627
7582 12437
17033 22164
1761 25081
406 24415
6832 18384
16170 25576
7760 8157
11657 23581
10944 13350
2904 13057
3141 21346
13725 18679
7401 8974
6257 19735
18417 19130
3041 7687
3667 10733
23423 26838
8467 18861
12762 17954
3059 10224
13224 25059
22416 24586
6656 18481
9225 21933
9717 17941
805 10981
206 22135
8218 12406
291 8737
16384 22581
10273 20340
6591 11836
21006 24659
3080 23552
742 12810
5348 21551
15282 25272
3805 17008
19941 22352
6446 26770
899 22107
7835 11369
20354 24169
3296 22329
6996 24439
15267 23705
20221 23292
4719 11798
1860 12683
7919 16470
9528 16596
229 22225
12451 22954
8788 26627
9211 16763
16588 23932
6226 10023
6372 12988
14989 15350
17423 27078
4693 17550
9292 11729
313 7375
18811 23260
2230 7132
16855 23608
9042 22607
13756 26307
10483 14103
3347 11796
7721 22380
1111 24030
7184 22541
16334 22322
3420 8600
6293 9206
19566 23628
12204 19200
16608 22834
11778 19135
14889 18341
656 14464
4026 6489
7852 9949
13931 26688
1142 4614
9774 25204
7804 17347
4724 23909
24739 26085
15383 24412
5021 5540
23422 26476
10160 13494
418 2251
4332 26061
20109 20737
9584 24575
5989 23365
825 20196
10555 16765
4183 20579
3356 5082
18669 26441
19025 23973
26311 27642
5616 22227
985 24005
6560 26614
12512 14168
22491 26081
26476 26905
15357 18746
17259 22041
13180 27596
15543 17963
2264 16574
598 22288
438 18472
12228 19133
609 17664
23033 25400
1910 9699
13349 25435
19278 21681
1122 24324
5904 22544
3306 19333
25009 26197
8887 25407
18907 24904
13289 28039
8188 21785
14996 15837
18752 22921
11049 17785
1435 11797
22230 25160
3102 11639
12598 16676
17177 27872
11131 24681
3019 16494
2562 9708
12708 21557
9562 13522
19244 21262
2283 4671
2798 10261
2894 27404
15166 22276
15475 17220
11710 24087
11677 26829
10899 18824
6727 26893
7497 11368
22637 27127
11010 25294
11657 14671
3128 14475
7429 26986
1842 22021
5139 8162
20184 21987
8939 18538
19025 25730
6140 21247
6409 11233
3414 16184
1349 19143
3467 7169
24169 27669
3990 11634
828 20032
2894 7910
13093 20661
6156 12798
1936 6269
13174 22648
22042 23525
3063 7954
11716 18735
22026 24509
10584 22544
4029 25301
7840 20702
15460 15739
4607 7760
3749 24332
563 17951
4149 10393
3767 14288
20258 27117
8277 25578
2344 16720
1878 7768
18533 18679
15470 22205
21732 25607
3403 12632
4495 4695
4216 16319
8730 18362
4307 27497
5725 8936
19247 22012
14228 22326
2901 10703
867 25573
13999 26530
9979 17724
1858 2351
9832 25243
4290 11758
9526 12628
2883 22230
27300 27306
9583 26825
23265 24504
11636 27032
6890 24069
24061 27829
825 13475
9933 23815
6127 7379
11696 20046
5583 14520
12729 14555
628 12111
20737 25683
9575 16533
13468 22716
5481 25617
11812 12155
18694 19331
6015 8773
9572 23265
21829 23736
13002 17838
15906 16493
10318 27265
14121 16987
16276 21950
327 15470
11692 19140
16856 20831
6323 10764
10767 14646
3446 23108
660 3900
10007 27787
2869 14911
1226 23254
867 5414
11095 26263
16536 18565
1951 24122
5373 23194
11054 21901
26795 28181
1748 22254
3779 3845
7590 15402
3328 24888
16679 25219
2321 16222
12769 15298
18951 22607
11597 17437
11368 13235
11307 27247
710 27563
1878 11382
3903 8048
8785 8806
9432 20041
19837 20936
4672 25403
4248 10033
1421 3293
24221 24510
13813 16814
3886 27312
2053 7627
656 10794
14519 17054
10920 22210
15386 15747
9115 12108
9038 27904
13682 27501
5618 14541
12711 18046
2003 21090
1181 19269
10280 15852
7224 13253
20159 23165
4010 25812
11080 17355
4622 10943
3206 26235
18302 26187
15282 17097
5618 23573
19964 27527
4632 27883
10050 19425
5522 14657
13882 23111
9301 14280
18910 20982
6227 13144
13582 23390
1575 19275
4949 23022
14974 26798
597 1608
13138 22098
854 15426
21473 24830
3974 9842
7492 7528
3861 18729
129 9557
2101 11784
6226 15027
4085 22203
7915 13313
2232 24922
3741 26708
13170 16504
23373 25449
6065 22723
9508 16588
23077 23253
18554 23358
4995 23892
12994 20319
8488 21925
3496 22997
11023 17129
1636 23295
16855 23538
7174 7577
18019 28127
15248 25866
1445 5811
18065 22469
9398 19829
1731 28150
17161 27751
1682 6797
12139 28077
867 13878
660 5296
24636 27420
806 8875
4295 21935
347 23379
2856 21675
18421 18608
6876 16958
4072 17071
12496 22761
11368 22248
4600 18679
11830 12838
12947 27832
2782 2807
2232 26308
9589 14127
1505 11478
11970 19201
1804 19448
1693 25530
4519 22425
11450 21146
8268 13430
2155 10917
16565 25838
2750 14215
3804 10837
360 18318
9614 12240
1421 10146
21191 22156
19721 19871
644 18578
22998 25427
9654 11812
5730 19646
23899 28115
1649 9038
215 7152
7546 28161
1432 22476
2375 9395
2518 8852
1530 1607
5805 11115
1719 27532
17763 25114
14727 19356
25933 27704
22296 26958
9330 24867
11529 26057
5832 26849
588 24290
3734 3892
4967 24783
23809 26919
7429 22161
11128 26544
6825 24611
1 24213
16808 25720
13564 19189
11465 27146
8816 16713
9260 23610
9858 27782
1184 5249
1565 21003
5681 18052
4617 10592
2130 26812
21580 27804
15621 24551
3334 18875
3417 17209
25403 27790
10462 23997
24453 27222
8826 25972
8633 24573
10621 19019
1477 2708
15216 18120
6095 18609
16984 17757
6710 27835
8511 14689
809 16276
8872 16685
8100 20456
13203 24566
3618 14473
21231 22910
10672 21373
18208 18945
14276 20423
15192 17795
18573 20081
14563 15571
2637 22560
3994 8916
5147 23995
1659 16567
4355 14817
15372 16368
11009 23340
7915 9785
21942 23369
14215 15302
12734 20689
8878 11674
7635 23803
3323 27664
13970 23886
13820 19650
21299 23062
3423 9871
16805 21250
16276 23006
2379 6369
10957 14412
11830 26677
19368 24549
10953 15037
6789 9573
12603 22900
17999 28044
23295 25207
22031 25142
2807 14050
14611 15819
8939 24900
19824 21813
4332 18304
4774 14759
12508 22079
24019 24384
10668 24415
1047 3734
10490 26083
1693 2348
13737 18667
5669 18775
5332 21053
17660 27888
6131 7361
7535 10055
22264 23267
5749 6753
5330 15133
18784 24069
16640 25899
11505 17677
10321 28042
12124 20159
1797 25435
3689 23980
566 20288
12913 17293
7741 19326
5194 10357
3511 26629
11875 18442
418 19889
17787 18369
1188 17657
8239 14150
10749 16953
17596 18736
13078 27381
8291 24539
23237 24029
6972 10284
3411 24258
25603 27782
2473 10462
17027 22791
13619 16083
21671 23124
11442 25239
9487 13905
17289 20421
8437 15272
12040 17797
12955 27130
20431 23273
3101 20363
10833 23252
629 17402
2850 20400
6126 7975
731 13264
2803 18594
10061 10116
14024 15920
5894 22896
11430 16805
1140 25209
17592 18626
17214 20205
6970 15271
11766 17421
5799 16955
8684 23230
16435 27296
16152 20710
2024 9268
8246 27795
828 7820
710 6717
5978 17446
19712 24677
130 26417
4293 14758
5126 14398
4807 21390
343 24150
17657 22664
125 19805
8679 22829
18137 18252
18785 20194
12982 14974
10654 27152
1008 12214
11296 11952
17975 23869
6065 14826
9603 27021
4489 23106
16150 21067
9076 23159
8408 9683
17801 21258
7559 18415
1685 21941
14050 19853
4076 5916
13887 23983
2362 13754
14299 25075
873 14471
18343 22092
1700 20440
3727 27144
2369 2530
4039 23520
13219 26959
8271 27876
9438 21487
15749 18521
3856 5918
7530 25611
3380 19203
2539 10682
9572 18589
3788 8801
11559 13093
2934 7972
11295 13706
10570 17327
16939 24599
9229 16674
8974 19948
16946 22644
16679 24274
11754 13343
4081 21398
498 21589
345 2919
8669 12649
4287 18824
1609 25433
7975 11261
7555 7907
560 17747
494 10618
22607 24057
6776 14091
4440 27497
712 14513
2888 18718
7561 13337
2368 18455
11322 27989
5445 12147
1659 27914
7101 9582
5963 14463
17541 23538
3633 13592
3793 8054
19467 27559
11531 27725
17407 25453
2698 20470
5562 8491
2195 14499
22712 27279
19991 22234
361 7626
7130 12145
20976 23365
18713 24131
8502 8757
4468 20129
5048 23402
7497 10282
1840 14989
9842 23255
19068 22652
2870 15998
18034 25425
9752 19078
12493 15410
17259 23609
6820 26828
5314 27702
1682 1736
11370 24090
6147 20205
3244 11361
25748 27885
1881 4962
2494 5724
10584 19331
5878 8254
9141 23754
11368 11751
1508 23455
18735 23868
2830 22805
16131 20360
1628 17164
7533 27786
722 10822
495 23298
4434 16232
3605 25759
3268 8188
13662 20242
15341 27710
7323 10389
8673 9321
13653 24708
6792 7318
175 13895
9162 24970
268 21909
2505 18960
16798 22758
10971 21541
13909 20162
13851 16596
7950 19833
1417 12270
11523 15756
7171 7410
22203 24659
16276 22984
1531 24061
6065 21135
16273 23267
24298 26303
3907 8330
23130 27857
10462 14728
22570 26981
15836 24576
799 25329
5167 8898
5587 17112
1435 20304
5042 21864
14228 19972
3585 24108
5659 21002
234 4251
23483 26635
15604 19004
5363 26190
2104 26265
1208 3745
13329 18993
11804 12056
9506 22449
1311 7880
14980 27898
19459 25003
1734 14473
580 8990
9805 16107
17952 22479
20833 24324
1687 12947
7000 24384
20671 27885
11975 15376
12560 23482
6059 25877
2710 21307
14165 22295
11076 14633
5691 14402
468 25630
17527 19253
609 5738
4886 5283
22269 23210
3486 8087
1034 9528
14236 23565
8508 20021
4305 27105
9388 23879
5327 14050
3277 10197
5217 17479
7831 26097
9238 22227
4593 11825
15190 22300
2627 25977
5162 18035
14557 21759
8785 20258
6426 14781
23082 28082
9946 17051
4845 24950
4941 22968
47 20953
9105 23633
2093 24461
22020 22047
12218 12444
1142 11416
3415 13841
6416 22237
4497 25838
22866 26812
9330 11020
860 14053
8886 10751
7895 20778
10483 24357
8669 14183
16238 23488
12076 12260
8679 17443
6683 9396
837 5195
3045 21105
8510 9268
16439 22956
808 22224
2995 14781
9905 15727
2076 4190
12678 16367
9460 19409
1423 14233
867 15672
3280 12633
13197 21668
7365 8114
17469 21038
4919 23161
15286 23437
6067 23082
3570 15092
5832 10136
12651 22156
9465 12927
5978 25267
10795 13783
6977 24831
9800 14705
7508 18521
16333 25906
1779 19242
396 10542
16307 22992
3645 9234
5434 8182
1302 8695
2380 27038
18099 23553
2672 22178
2227 28278
18166 24095
7523 9226
7 24884
18713 27827
8941 19270
4598 20048
11351 27287
4597 4749
20388 26400
1686 12388
6177 23892
24172 24634
7392 7621
1732 4192
5389 16289
3979 23254
8845 21984
15996 19818
9526 18993
3287 15895
14033 18366
1692 23094
7584 27627
717 19800
21163 24085
10926 11790
13134 26111
16428 17397
23283 24921
11617 17017
11847 20292
3125 9228
22440 23574
426 25560
11281 27841
1134 16041
2986 11444
3053 12397
4627 6326
8098 8971
10282 23524
24062 25110
3361 16142
6940 21929
4253 6876
15464 24868
9857 20205
3881 13294
11585 14106
4734 19539
16582 24434
9851 13370
16770 20646
7390 8588
1541 22283
3425 19863
4178 23942
4846 15251
8441 16288
6842 25666
1851 9086
4388 10982
12769 26266
10093 20016
11742 24053
7297 23396
11241 18707
13994 18870
1628 13998
5147 14445
8872 18663
4285 26580
17763 18267
15195 17035
4534 18784
23331 26889
18199 22843
9843 14452
16488 18454
4646 5959
1727 21079
3522 13327
396 18069
5327 18533
21473 21562
6427 19647
1817 18599
14635 25366
12244 14546
3882 21629
8045 20661
6177 19448
12944 21968
5989 13564
11692 16311
11304 18540
16772 28211
2715 8291
23923 27173
1068 26640
4756 22382
3987 14080
19835 25813
3482 12032
7360 11030
2412 13696
2619 24638
9033 11166
23183 26270
17550 20622
3709 13889
14215 17857
7768 20115
3532 18218
6073 14480
2274 25294
15540 15964
7439 18938
868 23964
8288 22274
20519 21867
11709 18679
4414 16040
4667 17017
3859 19001
8746 17259
24904 27879
9380 11951
20601 23598
12515 24132
16125 24161
5520 9059
8855 21991
2459 12185
10920 19219
1163 14588
569 24557
1466 21954
3997 18999
18249 21079
8441 25444
4391 15995
21642 26128
10029 21086
5082 5890
11080 13963
16097 23290
9403 19787
2407 5572
11774 25024
2584 24290
26975 28266
6158 24611
14633 15470
2282 25800
1049 24279
18823 21925
17319 27285
113 16480
18331 20848
2117 26500
569 17543
8860 24989
25309 26670
23408 23937
10008 11825
5767 23015
17433 24836
7386 23284
448 1016
4135 18466
2228 16238
1672 9243
17851 27824
12300 18679
3483 11993
647 21919
2373 7377
1672 26122
14617 19339
7836 24005
14462 16220
7853 24740
25957 26077
20941 27026
20789 26084
10378 25329
25445 26884
15722 26343
8781 9226
11078 24009
5 23684
14607 18416
2505 20971
6517 8511
5550 8642
19351 25647
7321 17745
10579 25251
10647 24812
1983 16154
10081 12983
2759 5614
2635 13831
2058 2129
12472 16684
3513 18577
12654 23995
6765 22331
1744 17341
8077 19033
17159 22949
17651 22714
17754 24324
3881 23143
19744 26717
2296 5114
16798 24750
16326 22581
2556 5522
2339 4156
12452 17250
5330 14080
14194 16766
4385 26820
11718 19801
7091 14674
19853 27569
18336 23722
245 7523
5639 12657
2016 5267
12654 27121
9226 11428
1116 10838
23788 27867
3970 9959
881 15015
3530 23566
19546 27315
6533 18320
17523 26884
17364 18266
21594 24836
1676 27321
450 20689
5008 16963
12069 13515
3446 18950
3149 21806
1878 14076
9319 12073
5989 11988
5651 16322
12256 20758
10617 17094
4178 24036
3738 26869
8323 20055
12606 19781
16890 23722
2156 2349
5516 21864
13832 15741
9923 22634
24831 25877
24023 24064
8277 18074
4952 17847
14631 14959
4624 21189
7135 13503
9509 27429
1142 2505
16170 22638
6043 11252
1159 18436
13588 19216
185 27105
10205 17336
5984 23560
12613 22460
9408 9560
11186 22226
11417 16902
8114 21205
14888 16152
1871 18369
8261 26670
19817 27788
22568 23492
5289 23696
4115 6032
7798 17703
17127 28228
13 23372
4214 15390
327 20615
20087 25392
6741 26892
11320 22433
6072 15543
2936 21192
4216 14638
14407 28221
6765 20459
5265 15238
11533 13603
4725 14598
5396 10576
2276 12135
21522 25039
7144 18315
1415 19999
922 1944
2848 16230
1280 13832
2124 24121
923 26329
11011 20494
15258 24049
3161 5508
799 848
17306 19800
3160 17692
3881 11552
7595 17624
4884 7710
4090 10358
2769 27965
5978 14667
8397 19898
18169 18396
8160 22539
13054 16929
24061 24255
7307 9524
1331 1697
9999 11232
15823 17735
17924 20227
10848 20224
12801 15532
23165 28194
9616 24005
2984 16979
6868 7210
8191 22611
14096 26231
19440 28014
20434 25529
20687 24530
14167 18764
2880 18820
12182 20087
10292 18384
8972 18374
14010 20808
4265 12532
3287 25329
3337 4791
17967 28013
16814 27509
6278 14153
2188 19924
701 23340
3997 21149
110 27367
5108 18416
18702 24032
27167 27181
6633 18909
1876 17865
13883 25571
13504 16919
16900 22764
2957 22192
3778 15710
12576 12664
7997 9683
8825 13299
13333 20508
11242 14954
14433 25817
1894 10236
23273 25445
49 14636
5353 22338
209 3684
11481 14461
18678 27341
5500 20757
705 8486
17795 21954
12212 18281
1867 16191
13468 19281
14657 24127
17713 17920
8578 18136
6154 20366
17145 17214
23829 24551
1624 27834
7121 19157
11486 27513
8046 14393
9944 21233
13392 16261
9410 23152
7956 24069
10250 25634
14033 27418
6105 20432
21577 22973
344 19333
6297 21661
3019 25034
7963 8884
4422 10270
23324 24600
9218 21503
7015 22131
9949 24147
6495 22977
20503 20687
8811 26888
15689 24603
2262 14971
7095 9710
5386 5574
5850 10375
11023 17933
3425 7050
7951 24108
7007 9791
19286 27050
12648 12677
1979 21886
14076 24179
11391 22769
1297 21831
19061 19171
4701 15033
1222 13023
9450 11652
3883 17851
2250 3819
14290 21972
18641 19560
16909 23451
580 27932
129 16434
24122 25845
1748 22958
4391 8633
1651 4705
1802 3933
12659 20691
14233 23841
19584 20749
18872 25530
2357 5694
15642 22866
18606 25754
2592 9185
6857 10609
5196 6879
18767 25181
957 10956
4196 10015
10467 25434
426 17214
1015 19857
16276 22180
27664 28194
7332 12024
14607 26674
10600 18035
609 1689
7375 15951
727 17083
9098 24322
3599 14970
13681 16941
7869 12724
10114 26283
2048 13290
4414 27927
19383 22939
7976 26021
5815 26413
2709 25397
2048 15151
7512 10952
18784 21484
16261 25564
8416 11444
5989 7929
10479 10844
15611 19959
18816 19303
10363 24742
14124 27906
8823 13262
17709 21906
1693 14398
4758 10671
3872 22485
20157 24964
6298 9335
6965 12206
484 11692
14363 14548
4404 8291
4849 26663
1410 14423
1202 20144
420 2482
13686 17284
1400 18996
23904 28103
7282 28039
17364 27503
2173 14398
20078 26636
2349 23579
5082 15271
4070 11447
2624 6780
1249 18251
1000 14288
13204 26043
23063 23082
11440 26896
4018 4986
8649 18211
428 17237
667 14965
13179 28232
722 12223
10282 22784
16269 22352
5496 16851
1962 26993
16815 20650
309 5731
240 14772
881 1142
9343 19878
10185 27461
12561 14486
2859 5255
416 11727
4590 26862
17757 20647
16044 25612
6672 18533
17526 20876
26976 27770
2740 23392
473 581
5987 16152
13472 15693
8956 19219
12423 24934
10160 21552
3446 4865
18428 28228
17677 24617
10857 16090
2646 19346
8202 26594
7320 17980
9888 17062
19279 26098
16289 17513
8361 14609
11163 13565
8670 19373
4327 19113
978 10825
1878 17853
6891 13831
4218 16905
15652 27831
15462 24617
1889 18467
21227 23086
7577 10443
21953 25329
928 5584
3848 25012
25484 26102
16207 27861
4724 14937
12341 27966
6131 25294
13984 16629
3255 24659
26737 27867
19601 19717
19794 20846
7627 25397
1894 13306
3121 25164
7509 19857
15895 22969
7852 9074
1361 15868
12351 18808
15008 19105
2329 11599
4918 7919
12346 17542
3694 3810
12171 26929
15476 19409
21207 27494
272 344
2304 8972
1457 26025
25629 26209
7021 16849
9884 23825
7645 13475
17114 26003
10523 25631
5084 15985
8132 27612
7902 27744
12836 26237
5062 16404
4612 17189
18796 26529
3880 5965
11868 14679
11281 19482
6310 13821
12659 18275
5832 20404
221 20087
1727 24451
13598 20205
2018 19669
20113 20826
3730 16404
3952 9736
19539 21790
2003 20805
2197 7584
6793 10893
13373 28211
970 24864
4680 4996
7031 22190
8364 13419
12765 25977
5943 10358
8688 18775
15551 17767
3275 24164
17963 20570
4593 20995
2986 20707
12936 15607
1288 6606
2721 11836
6823 27105
4414 8481
8323 17194
10715 24575
5229 24200
6334 7194
9351 11550
3734 4026
22283 25666
16960 24598
16928 20629
2406 23693
17543 22283
25849 26104
10287 15916
3239 19800
4321 23133
15030 20286
24921 28198
18796 21350
14662 16734
3419 21852
12487 15597
14728 21110
4059 10646
8481 27927
6469 11484
22506 23797
8001 26476
2494 14469
1449 13516
23898 26538
12082 21105
8096 11997
16263 21622
21949 25692
26115 26975
9786 19644
15694 24984
8565 15072
4444 14296
12762 17945
9070 24477
14771 25559
2096 27085
20627 24397
4885 15308
14817 22210
18614 20863
22983 25522
22415 27458
3872 24742
4942 25149
2366 5305
11558 22673
5766 17836
20041 22875
495 22269
10634 23256
2414 18120
14767 19522
7709 8110
13021 21438
5292 7961
20657 21415
14827 25226
16901 24374
3593 14911
7820 23897
4256 6196
8435 19891
13091 13143
6972 9086
4699 14074
4096 18476
7732 26576
4216 16209
2999 17603
8156 10674
14609 20990
11814 23718
13431 26048
11569 12170
9294 17326
18406 19189
2651 21911
1010 15824
18993 24069
8177 14389
14668 27530
16659 17527
11993 18823
6589 6981
2712 4629
11218 26683
15723 25817
3741 11602
9425 24855
2743 7948
19964 20222
4258 5567
9923 23193
4076 18659
1044 3683
10146 25810
749 14121
1761 11273
10187 19201
4101 4328
17963 18669
15189 16245
21934 24152
12669 27721
6267 12780
9829 26838
8280 17745
3383 4144
5509 28066
1719 16668
8757 14828
10829 19042
17355 27688
19123 22481
478 27587
15388 21674
566 27867
17891 20431
3733 4102
16588 26579
6695 18102
17865 27152
4581 16170
11254 18909
3287 5082
2163 13529
23657 28264
22473 26880
8501 13113
2410 23556
10440 15973
7820 20639
20016 25349
21763 25550
22295 25106
14519 16695
9557 12568
22993 26704
12234 21610
22699 25236
4226 17803
15184 22575
12889 21249
14175 14534
4221 17747
789 12646
17747 26507
5978 17530
7273 11988
4263 11082
19445 25221
4142 6227
1188 15727
303 4155
21725 21988
2769 3559
14955 20904
9055 21898
1651 20197
5867 8985
1950 12478
10185 11971
13368 21066
550 10921
214 13096
22901 24879
15629 24217
8185 19487
964 21955
5190 21249
7567 22805
671 10218
1239 8481
15962 24528
2151 23459
18658 19117
3810 25287
22947 26717
22035 24999
2672 15011
14866 24373
8411 11396
3521 4142
1254 1470
1253 3167
5466 25494
822 10393
4414 13013
15687 21275
2015 22871
15316 26439
5894 25652
16365 25323
755 4412
3448 28193
1132 15173
9851 24371
19246 27949
6066 18119
5 8596
10729 21481
3598 16094
9878 13443
6814 19004
888 25488
9408 18541
6462 16116
11292 14695
2373 24791
448 26499
13821 24864
3634 10757
11808 15418
5760 23022
1748 15308
10971 21079
8841 16094
24665 26363
1773 24464
1836 20621
9212 13186
3666 22205
10189 15130
14599 27857
15011 26538
17437 24904
15387 16083
512 20235
10865 27044
10454 14633
17730 26476
3777 11608
8899 16001
27209 27375
21942 27924
9730 11608
16197 26193
1314 26929
17530 18717
12964 16216
5301 10668
20527 22292
11657 15130
9207 11079
12129 23518
7478 24356
8717 9901
10089 13451
7842 14025
11416 15839
9124 13522
4606 21737
550 16031
11878 22902
7036 12489
2302 2880
7635 21293
5420 14044
21881 25559
1106 5358
481 26438
11708 18952
3788 8929
25108 25849
15986 23805
14766 25523
2373 6884
6301 24412
14672 21196
11281 27129
22827 23068
6531 21804
4692 27800
10888 18985
2007 19259
16515 21929
8318 21963
11943 12736
21387 23762
16340 22847
11253 27379
10619 15811
1440 2954
14075 25254
4878 9205
16135 26353
7959 16656
4436 10825
17041 24454
22421 27506
5288 20081
4799 18267
13227 25831
660 11953
7390 27271
16135 24403
8655 25695
11743 26153
14093 20109
7595 19862
9877 27556
1148 3741
4718 26026
688 7329
3734 25952
8542 12706
5167 22548
12970 22617
8096 27821
1628 25610
3624 27660
23267 25637
22230 23811
8468 11697
2071 27559
12442 21968
2320 13382
5950 25847
8297 26698
4551 10653
3428 22179
4711 8025
18295 25409
16951 20522
21739 21825
16684 21456
4198 27032
441 19629
6239 8081
15928 20503
19662 21981
12516 22458
4103 17906
10334 23431
9459 10229
969 2807
1083 27007
15130 18329
2281 17718
2447 3257
4645 27607
1645 2334
2436 14650
7975 22570
2615 20282
18508 25354
12160 17857
3547 20916
3106 17407
3241 7314
1596 12665
6931 11076
1920 2022
12266 25938
25336 25885
4121 20096
396 18950
8337 21716
6355 13284
4085 8948
22206 25254
6888 17644
7193 15981
8219 27381
20304 25842
18037 21098
7518 21980
16656 17134
2381 10274
5288 21149
3569 9051
15853 18038
9763 15852
23866 27976
14016 22068
3729 8751
11746 21416
7332 25151
5618 17481
4727 24959
19857 21886
12437 12864
11484 24619
12444 22734
9699 23330
12506 15531
10636 27510
10160 11747
3071 12890
1396 24311
16979 20031
10675 16195
15128 17416
11119 17416
3667 15856
1666 2727
1921 22441
11080 20759
1417 6790
12097 16762
818 7963
9012 18319
8445 23763
6054 14357
8361 25986
14813 18237
22427 25577
161 14280
3734 17742
193 1609
22050 27290
5989 10830
4450 16545
6104 10288
11997 27279
4665 14082
3730 20792
2807 9553
6129 13412
9234 16203
521 10444
13506 25453
8019 25046
1562 16299
2748 17076
2395 3532
13458 17288
3970 19477
14995 24608
11580 12356
538 15750
2157 26620
3059 17632
2732 10064
19536 25921
10545 23552
4370 9166
14084 23885
2376 17113
3121 21111
7291 9552
8801 10309
958 26931
7996 12444
867 24616
189 14243
8246 13681
9239 13472
2401 4799
15634 20880
5296 6638
5327 22471
2880 18300
13059 16025
11857 21758
1361 18594
92 10755
16256 21073
21544 22441
17562 21766
21682 22857
5287 7472
3380 7038
20589 21647
3420 8273
3953 13888
13277 26989
1978 6611
7987 14558
11039 21988
14181 26392
18816 19529
8087 26388
18929 27536
20559 22604
19244 25980
5906 14803
14393 26868
8471 18299
3468 15097
7320 16597
10800 12262
15746 16962
5454 19843
8155 18906
18265 19832
430 6268
6590 11055
7009 7150
1239 25110
12055 12229
3902 18230
787 14988
5832 9688
17586 21043
8817 25454
11295 13937
11059 23650
18784 21906
4745 25068
5880 20896
18463 19430
4123 14834
16470 17487
1851 12626
9378 22312
3933 24906
2527 17111
14563 18402
16983 24321
8356 12602
10282 20758
11166 26476
1338 14629
8406 23610
24326 27934
11804 15108
1926 17602
21778 24575
23552 27586
4064 19504
20329 25986
1647 7031
1013 3951
18799 21300
6994 20480
1100 8730
16180 21462
21182 26946
10934 14096
4548 19741
4623 14253
3129 5250
2830 4650
919 8493
7773 26780
1468 18689
874 20096
261 9055
16262 25003
3014 8704
505 16582
2402 10691
2928 21491
16949 18784
10857 18921
9978 15135
10490 21888
11571 23598
6064 26162
5181 24147
15130 28049
4489 28008
2379 17516
18867 23399
21913 24105
5096 25157
20554 25716
5787 10839
13668 16025
853 27457
10390 12684
15505 27155
4723 10757
5327 23932
12779 24521
7982 26614
7737 27108
3892 21770
9654 15854
18118 18909
3127 19956
19387 22960
8501 25420
6837 16148
16475 22481
3895 17905
2760 19467
1616 16766
9563 18533
3518 9324
1223 19134
221 5458
2679 9299
10830 26260
2655 26758
1852 24451
8533 10129
7954 12881
9569 12869
358 16202
7419 27423
16136 20953
16600 19226
8924 18310
5140 12135
3638 26027
8730 18762
1858 13793
5882 13154
15857 26134
2838 23525
998 14268
1105 28009
10559 12657
14971 18669
16330 20870
11059 26490
18049 24244
160 20008
13780 15442
7429 25432
5583 23803
1462 13985
13437 21984
12040 23267
8708 19253
3241 11492
6497 7791
6940 12506
20127 23104
1116 3309
15231 19604
1228 21293
10102 18799
12845 21566
11568 14942
967 21692
15308 26659
3080 13772
4340 16726
1429 2939
8802 14989
22984 25097
851 10845
19827 27458
11030 18265
20158 27704
8151 8720
10170 18042
5989 24148
652 9211
7320 26662
7502 13134
13783 17459
3729 5691
1365 15392
6994 18911
3287 14771
14104 17186
2029 23671
2123 3126
7375 19140
4598 5628
7484 22845
3101 23746
11080 19033
6563 25852
7213 18062
8488 12399
2728 23974
6879 21079
12916 24159
14606 24554
16656 26015
18085 24645
13196 25274
12577 25140
11937 27421
7793 11997
6607 14728
10128 13736
6156 7081
7166 16672
8732 24846
1904 27651
21242 26740
9631 15682
18177 25306
15300 21598
8016 9141
2330 5426
10368 12481
5196 5787
6355 9797
7785 12593
799 2988
15810 25838
10799 15899
8738 18623
10617 12139
7003 9047
3023 21868
10493 18982
18015 26308
18631 26858
11925 18996
1796 5554
1133 22892
18051 19403
11870 23586
9127 19089
10013 14317
27316 27815
2744 8437
341 5756
15857 20343
4286 27883
2368 7964
3823 7031
22715 24977
10837 16814
5899 15857
1353 14962
7927 26737
9308 15097
20943 23653
17135 22283
3038 19429
9036 10051
7443 19684
963 10273
3778 13186
4456 11368
17486 17768
4295 11682
668 9581
17319 18370
7205 8182
8792 8875
2324 17910
17938 18520
1155 24323
4646 25433
5580 17222
7514 12484
8753 21063
13970 23111
86 26851
3819 26641
2390 25086
11444 21058
1822 12952
12495 24444
11924 25823
15056 24617
5978 17194
6072 7894
12832 20577
8441 24659
505 16629
5140 8675
864 9962
1579 18521
5198 12236
583 19004
19340 22702
942 7171
1 24435
23345 27821
7158 18603
1017 4559
4519 15695
14124 19811
14814 15321
13405 21806
2438 12828
10056 18663
18670 22872
3296 9024
396 23823
4640 24395
23679 24122
9534 22289
1181 21516
7200 19223
9854 23771
14156 25730
3667 7984
11594 16224
814 8249
4245 21293
21962 24242
9250 10023
16823 24018
1238 21712
22606 26239
3136 23584
13598 20676
3165 6196
25374 26842
9271 21770
13059 18401
67 24779
22163 26915
5691 26127
7933 22875
19712 24795
3997 12314
764 14584
11712 17448
4321 20500
19706 20427
1831 25059
3746 27520
4878 25754
1056 18265
12414 23107
293 8074
10442 28009
6555 23143
8830 14288
24187 26531
19159 22884
3092 22159
3319 14781
19414 23454
20758 25299
9991 24461
2667 5978
5194 18172
4010 6749
20640 22060
10879 23996
10541 22676
13382 22323
21358 23711
17749 26688
2194 11857
21304 23254
2202 13405
22832 24069
864 3999
7195 13408
5869 21598
12377 25732
18280 24127
4838 17985
4967 17487
5839 21729
17718 20290
2022 17501
4097 23510
4009 7348
18400 27300
7289 7937
16394 24470
3076 18157
16036 23767
3366 11720
2849 25708
11692 19482
3101 18421
392 14560
8872 15429
2602 24131
16588 20185
13206 27250
5775 27198
1767 17422
312 27705
8326 11310
7814 14519
20797 25704
2186 8988
12934 21725
4573 9462
3556 24648
2198 7757
10454 14795
10971 16542
6221 7185
9491 22363
3192 17782
9408 21077
5104 5802
10365 20677
9408 12959
4782 22182
1036 5919
21398 21737
1885 26043
10175 11470
11411 27715
15660 21807
11922 25732
384 3446
5071 17127
902 14438
23428 26126
9226 23816
15011 15782
10254 26766
11479 20715
10971 17407
2373 16049
2005 20998
1266 14438
15731 17656
8291 21172
10488 13597
2984 11128
9416 25550
10282 18663
10065 24085
711 11113
21707 27259
418 9468
15906 24279
10033 12087
10618 17959
10333 20862
20558 27458
6771 17979
12656 25391
7919 24095
12722 17277
825 24068
4180 24326
4121 25595
18065 26085
1358 3762
9569 15985
14793 21788
12904 18894
6832 8368
8267 18270
737 28181
933 11746
389 18164
7544 8349
14997 17656
7216 24069
9473 18999
19273 20661
15119 23752
3841 20219
14782 15862
15728 25366
9424 21200
1451 2759
728 21781
5989 24419
444 17659
6113 23267
9368 25138
20975 23848
25973 26295
2165 4077
5272 21972
5691 20831
179 1163
16036 22729
12983 26928
3638 13472
1871 8255
8187 17703
8930 21506
7031 27159
9951 22182
681 24910
4245 7635
9399 20476
1072 22224
3599 13222
7930 15369
2764 13343
21670 27962
16245 26497
2908 22699
11816 12709
9614 27378
18669 20796
3351 3643
5247 17919
107 8707
16954 20729
294 17787
2076 6633
1555 20800
13291 17369
6975 20173
17247 18662
2373 17934
5278 22558
19019 22659
7923 8099
3835 23282
2455 9897
13227 24820
1672 23764
15667 20101
20728 21087
456 17254
449 6728
1833 26071
9402 14408
7971 26623
8798 13412
14681 26265
10820 11844
10956 21928
86 22005
2067 4468
16025 16979
72 28211
17823 26405
20931 25991
2447 25770
25123 26834
1430 26244
7810 12506
15149 18548
2880 19039
8565 27936
1882 15840
5691 23379
7601 9066
11430 19016
12323 22835
4180 5232
3891 23347
8041 23854
3419 7911
12620 15756
27263 27805
1411 23314
21879 27906
19150 22692
414 19411
10462 12308
7796 14033
21439 26053
967 10484
8182 24069
16847 25781
10208 16999
14833 27618
676 12489
2443 16119
16246 17961
24068 25799
1975 9398
5339 25219
7350 25029
5503 9106
1379 5976
6601 19857
3644 17479
10920 13018
7950 12205
3275 5665
3121 15682
8349 20608
20336 28082
3072 18958
22242 23216
14155 17613
11407 22743
3114 7306
17256 23105
11831 22543
2708 14954
16418 23662
153 21836
6426 17394
581 9426
16942 18890
20410 21131
4336 14116
26713 28181
3591 5782
13654 16935
17518 27731
694 25981
9423 16562
2585 22043
15441 27223
6715 21976
14728 16299
14529 24326
2303 3052
10219 10741
16955 18885
9698 17646
9944 26531
14557 15734
9895 12030
13282 20053
4446 18669
9378 10027
16453 27153
10313 18357
1694 8787
3871 16628
3098 11212
14309 15119
10846 11636
6914 14964
1212 14500
21646 27571
12726 16676
16296 25262
8566 27626
2620 4326
943 7533
1197 11215
18065 24771
23034 25988
4201 17742
10056 21440
4352 24417
2440 21066
3267 21035
576 23140
11809 16402
12074 18953
19598 25366
1429 9356
13761 18402
19326 27811
14604 24082
1672 23935
2880 12270
18178 27710
2990 6380
15257 18036
23674 23974
1993 5360
609 25013
896 19877
1015 23890
9999 27906
6832 18265
11383 23400
11255 15335
3289 10371
7674 27099
1767 21470
13706 20861
5018 23020
3667 3953
9428 26126
16487 18115
7185 22956
11668 22976
3789 23848
9747 24104
14705 23108
6334 20869
1688 8368
1707 14850
2139 22448
11035 18745
1141 8498
4235 16739
5214 17364
11840 23825
24208 27834
14037 21680
6374 11688
3314 21887
8730 17151
3406 11760
5569 13221
12556 27107
2439 14688
5117 15808
11804 16941
17177 26717
10952 12066
8742 25517
18772 21998
17186 24433
9950 15843
7984 22476
8481 17717
1200 22222
8536 13208
1228 13181
17922 21801
418 16306
4027 7311
1630 9520
5191 14846
10791 16766
749 3156
20525 22890
12771 22927
9575 21618
2163 6832
15615 22571
18057 19033
14093 14526
4131 13533
11163 26340
13372 17193
10855 18146
3598 7626
8872 23193
790 23994
17114 24869
8479 23929
2880 17509
12924 12954
17118 17883
3059 13909
4627 22438
5965 27014
18850 27051
3472 26784
18753 21153
9488 17394
8285 20840
7732 15759
5989 19068
9615 18049
6010 20890
22390 24509
7060 14941
22112 26717
12988 19829
17542 24280
4422 25329
1181 19043
4367 21201
13471 22236
3932 22977
6069 19893
6176 21074
4454 7900
2566 18989
9398 11140
199 22182
20296 27563
4276 24148
10846 20196
7668 13017
3229 14325
5609 20162
12792 20786
12427 12639
18662 19908
2730 26380
2930 14970
922 22455
485 20802
936 26002
22334 24570
7455 24886
5815 21438
6722 24471
7798 25956
18087 25100
2929 22761
582 25459
7337 9479
2340 25177
758 25603
1676 9954
11094 26476
7523 17965
18070 23365
26439 28031
9000 16400
19430 19944
26053 27566
15942 17479
7171 25440
13595 27769
5978 26795
21481 21919
11614 26756
26090 26916
1878 15389
14688 24706
5905 11845
3882 16497
1116 18642
10082 19219
8999 20008
3121 18516
2433 25343
6227 24105
4386 13663
11104 14520
11442 16570
1833 9132
4724 14393
22014 28025
11659 19791
7428 8091
961 11454
6417 13214
2212 14706
1181 5938
9273 10156
26133 27211
6753 8596
17695 26670
108 5978
5298 7963
13820 14487
2547 27165
7896 24153
106 11591
8145 22191
5954 25181
12197 16855
20046 22399
5588 7959
16748 17637
14971 21165
2088 20675
13810 17634
6215 18320
14541 19633
4504 28215
16267 27204
24629 28056
16770 20740
1864 2283
6139 7447
12692 27279
4409 17079
15688 16047
19178 28159
5191 15964
3197 23688
19627 24589
6063 18617
396 8806
5832 6035
16823 17779
488 4636
17164 20480
1664 20895
10998 20841
12696 19899
6909 10230
22319 25644
9587 17308
12056 16175
1196 9154
10432 12511
14763 28176
4603 11239
825 16900
8544 22309
4645 13777
2200 9038
12084 16785
25703 26858
7364 22462
4770 11559
8938 18483
11952 25034
3151 5352
3080 13711
7541 13933
13091 20258
6914 10286
11816 24298
2022 2061
6491 18190
735 10323
2673 21593
14393 19416
12161 24681
1780 4142
7934 15285
3970 5166
16851 26991
15376 19952
1936 23738
20849 24823
14635 24502
3941 7950
8933 18502
10090 21029
1843 25759
21796 22321
13422 17961
2455 17351
2605 21650
5630 18793
9339 16189
6196 25197
2518 27790
15900 18449
5554 6185
4476 11128
2329 20605
7533 10874
13856 19883
9324 10812
8223 20348
7166 23897
843 16955
3993 25680
8331 12324
5389 20339
20083 27694
3985 25735
6570 8114
1223 7114
4067 12428
2518 14771
660 20774
8344 19775
1292 23094
8781 13373
2000 10493
17140 17326
6246 22392
220 27300
1974 15287
18348 27268
11631 21804
12423 12565
14104 21864
8336 22308
140 15741
742 23387
8478 21798
22532 26217
6868 7328
5680 8057
2894 17827
7073 16905
2031 2319
23728 28252
2830 4702
1379 14040
25275 26641
1535 10652
4337 22997
507 15276
4914 8508
18553 25564
16619 17923
8972 26838
3203 11677
1781 7506
6809 11899
3780 11599
874 4121
16859 21700
12257 26340
3296 12827
1548 24412
10443 16634
757 22667
11757 19073
21127 21484
5708 9616
9823 25389
12040 20569
8895 10412
2255 4134
12098 23816
1158 15236
16791 22232
337 7368
12072 18909
9477 16134
13233 27102
3746 27439
7144 27883
17518 23973
9256 27132
6489 23157
2396 15829
341 14796
2170 12397
21438 26340
8765 20724
18787 22956
9698 24820
1234 11908
17400 23198
15447 17390
7205 20258
271 17641
9206 14661
15364 19717
9240 25433
6103 24888
11198 11836
3634 15868
17831 25137
9968 17214
15352 19165
1358 25532
22581 23366
2708 17509
3126 18504
7595 26413
9252 21688
22256 26511
6895 21390
10472 23077
9631 21688
7247 11256
17422 18107
14050 23254
19952 24069
268 22875
2638 10385
9738 10146
6093 23711
2423 15629
3014 10177
1914 5082
10672 26131
3759 6695
12145 14129
15179 20509
11051 26005
5978 28181
9252 24167
18607 28254
1205 22688
13910 17787
1754 4065
15732 19227
9080 10427
9737 19362
6230 14916
369 23708
19185 20670
14604 21914
15439 27455
3900 24465
10560 15037
7350 14445
25482 28028
6487 16727
11200 11283
4508 15238
13351 22229
2667 10841
23574 26379
7288 27655
25137 27278
6647 18678
4747 7119
16582 27621
906 14033
5950 7523
1529 24616
4581 23972
2024 18034
18959 24589
2213 18833
18128 20163
9814 27879
1056 15479
13918 14703
10523 27282
8054 25636
7239 14994
787 24904
10358 25336
22438 28061
4587 5984
7206 13571
8479 9483
6916 13733
11248 24726
9776 19968
10470 15113
6500 11416
3007 12516
11254 14194
193 4693
4720 6272
1617 26163
2643 4439
11107 23036
21665 27044
848 13484
6521 14421
797 25699
22475 24223
1951 20008
3700 16182
10959 21000
13432 18369
369 22040
13841 23760
6348 8318
10825 25301
6661 27259
3575 21577
505 20205
19664 20575
18717 18827
15749 22255
7758 20837
599 12033
12479 26601
16796 19905
9638 15723
828 24823
97 9038
9944 24600
18371 18468
9910 24665
3780 24634
16258 17406
1392 11100
12643 13328
24765 26865
19982 23189
1779 2883
7536 23538
16788 22416
13472 25294
18792 25595
9524 21479
16311 23143
16781 27865
11071 13421
11805 12162
6954 11592
9194 12356
910 11011
65 17048
4850 17621
2172 28232
115 18471
1644 14011
7602 12888
6085 28030
6939 8979
7005 8958
5493 13285
4484 16016
16861 26722
5609 22080
11193 26489
7595 18679
7346 24861
8357 12164
14911 24937
546 21266
606 18699
11722 20479
27078 28190
3746 18704
9138 24922
19971 23691
9004 25586
2120 26135
10009 25266
21587 23888
27423 27835
1546 20979
877 11483
11513 23463
660 15672
6758 26052
4186 9479
1609 4581
509 27705
8930 26958
17766 25036
13282 17407
17423 19479
10242 21945
14771 25397
989 7770
22344 22570
8733 25391
5235 21177
6996 18279
584 21999
1139 1483
107 3163
14392 28180
396 15286
13343 25593
14687 15421
926 13447
24030 26457
14240 23333
1297 10692
21943 27406
8442 21765
18909 24122
8423 19686
15056 24939
356 5332
19712 24886
783 21727
3643 11076
9223 10160
17259 24395
6832 27078
12321 25359
7247 15913
24869 27025
3744 12818
3648 22340
9838 17177
175 10512
10114 20953
13515 17851
2525 21080
7698 18304
1921 25626
40 9095
2216 19056
11310 21266
446 17145
1767 20258
8657 23415
14514 21958
14862 25261
8285 15267
9304 11360
134 24904
19895 21459
10050 18370
21997 22256
11080 13213
5284 27205
1818 15048
16822 24593
7196 20222
9873 21388
21753 28158
3421 16331
9252 28140
4925 18959
1309 23262
19249 25494
12881 20977
22160 23193
976 2872
19864 24643
4424 9429
717 3110
4548 23254
17640 18530
5241 6620
635 24374
2525 20715
478 2646
25257 27263
5691 17836
3689 20938
1462 6609
2522 5371
9153 19080
10687 12297
3967 11635
10393 18369
16181 17933
25184 27531
18985 24575
6215 26869
10656 25181
9085 17782
308 2494
1086 10876
19610 20008
3708 11295
7881 16867
3801 24836
18267 19122
6543 17471
1036 4175
18249 21773
1757 20379
11784 18774
10629 27926
21431 21794
546 25935
21534 26832
2010 7079
421 19383
8730 18498
5485 9394
2848 13936
4600 7012
13937 28116
11132 22499
2831 17189
22457 27758
12897 14033
13815 27908
5781 18409
19712 19741
3808 14017
973 20489
5409 26047
15426 19536
4173 5516
2694 4096
14731 23417
670 8036
175 11210
1417 10972
19552 20661
3206 27758
4563 10897
10496 14203
4902 24320
2187 4550
25330 26953
6296 24576
10200 16253
16114 26392
15530 16308
10319 11625
13173 23060
2430 13584
5248 20445
7205 20162
10425 14390
1640 22479
9323 24104
6965 23506
17604 25871
10971 25552
5832 7517
7343 19172
813 3872
6103 13054
764 5194
2326 24363
19686 26786
5503 18257
65 8312
10937 27557
23066 24855
3544 8251
916 11544
758 28061
802 9015
3471 15684
3239 7443
2536 12389
4794 8959
7613 24103
1685 7881
13186 22784
4029 4031
2227 14330
3156 27782
15048 18231
22553 23600
15558 25294
3441 27335
5082 15015
15320 25062
24053 26883
14920 21123
9214 10279
925 10885
18626 27042
13373 25564
2929 15624
14016 27010
9185 14901
19043 24815
15082 28159
1343 22301
16964 24395
9895 10989
2776 7069
319 24314
3815 9161
20205 27221
1197 6700
9214 19940
12836 17688
1658 8507
22190 26827
10640 14633
21767 27152
7354 13055
1162 26740
17300 18128
3489 8172
12552 19180
20527 21944
6983 25422
15918 26139
6077 26544
13681 17823
22005 26739
17795 22775
8802 13516
135 12651
5978 17926
11583 20083
808 16623
20563 27189
5086 23987
406 6490
5787 21909
3997 14798
7990 15120
20309 20605
6239 26806
2279 14635
13972 25299
1056 4930
588 15271
7030 8811
3592 6282
4867 17901
15842 22309
4766 19516
11347 11756
13542 14308
23 21377
3831 24023
9427 19955
10913 11953
22298 27133
11131 14886
16045 19089
21987 23771
4507 25896
357 17984
15505 15620
7473 16624
24586 25467
11101 21735
5326 10639
11440 22094
16545 20292
14728 20956
4268 23761
2303 4711
10517 16527
605 25267
825 22387
20909 25106
25634 26927
8169 22499
2816 21222
14335 19205
5575 15063
209 6949
6629 15857
3733 13564
9774 20053
7075 8856
10432 11746
9626 13572
1672 13227
21064 24121
2124 2619
11281 21079
8964 15894
11295 25200
15619 24753
4738 18313
2665 9989
3147 3275
6843 20826
7320 19694
2334 3293
7139 13650
16475 18541
1970 17318
1830 18659
8098 16426
12736 21936
6355 9284
11862 27407
4246 8641
9884 10475
9356 13142
7123 27136
14411 16639
2518 18425
10046 21955
4379 5576
25546 28097
6913 22948
6573 20765
22277 23896
10403 18062
6930 27656
14080 14129
23585 23736
22977 27197
12369 23663
20442 21118
18997 26672
9536 26200
17246 23816
19446 27326
2283 12892
15734 20054
15141 27016
8318 26503
19240 25839
19091 27247
7538 24309
11503 16184
4468 13227
2928 27655
9006 18128
580 15267
10038 18595
8605 14519
6197 11229
16761 17045
854 26738
175 12257
18795 22421
22199 27508
22112 28166
23197 24964
22520 25151
3272 11677
3860 14769
13022 19952
24293 28198
825 23863
18057 21979
498 12564
11937 19723
18001 25083
15676 23000
1093 10003
2232 13282
21919 22119
16722 16888
4646 10133
3390 11877
874 16586
8057 27913
8939 21716
15897 22917
8272 11080
1457 16354
19753 25626
5799 21263
6177 14809
13580 22421
1308 12622
16323 19877
180 11727
12194 19964
12731 20669
25247 25390
13114 19451
23 2602
6555 25278
10444 26344
13716 23932
25172 25646
11750 18556
193 24136
4694 22292
15516 25683
1398 11150
11481 13261
2542 22010
10008 27560
7011 24104
15682 21688
2447 15323
17695 26189
3597 9518
4782 18415
1361 4993
9632 17512
18187 24069
10511 22878
11133 23250
17249 27822
2431 11149
6944 17209
7568 16338
7031 10624
15819 17889
4521 20668
3826 14942
23991 24525
6914 23891
396 1795
10287 24675
14689 25381
8318 20891
21692 22284
8846 23932
13355 19584
3634 10541
4802 14092
11973 19540
957 22441
1871 7478
2727 23858
12228 13093
19089 25543
22712 26331
25564 28276
1072 20081
16994 25614
911 17902
3876 7443
24836 26863
15208 23007
2074 27104
10800 24965
17137 24207
6590 22657
2619 25067
6876 16314
9135 11692
15666 25863
9418 16184
10839 14728
16117 20643
7223 26798
18626 21473
2764 22325
20657 25220
7802 9113
2163 15886
8810 11696
2189 3961
12088 16656
1622 14559
8675 16188
5378 26244
13889 23699
4180 22214
4312 19813
7728 9022
11314 11917
7950 21269
8426 13445
19664 25999
2226 21320
10124 21279
18506 25263
4389 18677
15610 17933
62 12869
4897 19624
13282 14771
1920 11100
10585 26193
5453 9422
5145 24613
1178 7560
19758 19987
11807 19480
1948 10222
4827 7489
11744 16985
4614 6957
6065 23396
1005 21811
3321 11315
12768 19133
1188 24104
7965 11720
5128 11042
6255 14027
6555 12647
5890 13058
4556 18950
3310 16193
15565 19340
13970 16276
7235 18904
2022 17593
21321 26941
7375 17530
1361 18370
4329 17562
21719 27759
15641 25614
10678 25412
882 25498
9137 22060
21438 27441
3642 22416
337 16241
5861 18718
9050 11724
510 5684
18521 23696
11157 14930
1635 13864
11495 21648
7199 8801
314 1944
4802 19374
13443 20395
15334 22522
2363 10778
17842 18745
11416 19068
20587 21746
16983 20649
17733 20715
10460 14950
7879 25534
3854 28052
2183 15712
883 21114
14468 26361
9465 20860
18673 22469
6246 16181
1440 13534
3852 18850
17078 27745
18533 19853
6008 6238
6598 25559
19966 26578
14820 23561
4103 11504
17770 23312
8173 12668
6996 21424
22323 23459
18750 23697
26439 27168
7746 9300
10990 14340
12979 17757
8172 19686
19016 27910
22001 24782
18753 25174
11121 24056
7820 25625
11252 13891
14044 14950
6773 12026
22596 25225
13282 21079
2480 9038
13943 22877
1223 10279
22858 23320
10853 21822
6560 12316
9053 28109
3406 19393
18463 25334
3845 16652
887 11364
864 9833
23033 25081
15800 23076
758 10449
218 21137
6848 20627
17372 18648
4377 13789
8364 24884
4596 26927
1505 26216
5029 18631
2214 11521
3871 9020
1550 20046
10692 19519
5876 14703
3149 22719
8655 18865
20106 22096
10532 13564
8611 15883
7325 10197
23705 25794
22734 26554
10489 22499
9847 16555
13342 23870
10497 24899
5983 10935
18281 19118
24101 24208
2636 10693
9891 24637
17857 19243
8642 24022
11207 26601
7890 22510
15211 24061
1240 27054
4377 5229
4732 22932
4688 15585
19614 23560
1850 23857
10090 13535
569 9333
8437 24608
1275 24823
11134 20947
9006 24240
2031 19422
3420 18248
6685 10745
4642 26589
3895 17364
1151 17404
1565 5069
10282 15376
14589 22702
5535 16276
14809 21823
2252 18050
3125 24908
2185 24971
4120 18529
18272 23225
10646 19141
1870 20723
16184 16513
6832 19871
216 3865
11789 24872
2118 6561
2191 16234
6637 9192
5832 13641
6214 9224
9589 24371
21201 25242
422 6913
9907 19021
15660 24710
20643 21084
6549 12334
14330 16599
11799 18618
17054 24705
18281 24208
9389 19893
13762 16574
13091 25748
2699 17600
3121 25830
13289 16635
2 14276
12105 25414
17408 25306
15015 23284
3720 21010
8841 22925
24061 24250
9987 10747
23115 27121
2837 15893
2969 20496
18249 27488
4724 18104
11722 12184
6523 23052
8434 20091
3638 21829
19308 21052
10733 22931
11857 24391
11251 21326
300 14257
8963 10829
11193 14791
992 8593
9316 24671
14684 26212
13288 27070
4626 24005
14108 16366
5211 5534
8209 14276
10896 14490
22726 25865
8751 17893
17652 27766
2348 21218
1381 10697
10321 14879
21606 23619
12531 28040
8767 22785
14383 18627
5691 17100
3414 11191
23009 23246
25525 26580
280 7820
805 5602
24435 25874
5826 22443
12812 13242
2293 6934
5177 16838
240 26024
13173 17456
16755 17189
10616 19990
2291 17200
15228 24395
5014 16535
25278 27221
6618 11646
7804 27631
9617 27578
6957 16141
22068 27648
27594 27835
12596 27959
4885 18304
731 26573
397 27657
11340 12402
14998 18791
1228 14288
8939 11012
1142 7073
14070 16904
909 6453
2714 26077
4102 21402
7270 16152
3718 20782
339 11248
14468 18134
5150 22664
11746 16430
5371 22557
1999 23703
7005 27757
7355 22026
17922 18100
21766 25878
17860 18272
25814 27689
14287 16856
7394 9359
25137 25198
14085 15734
17762 19185
12811 23706
3541 17443
16684 26648
6489 8441
7390 9536
7152 15823
7491 24256
7451 14291
7610 18305
1417 17838
16263 19280
16388 18639
8441 10729
993 14428
10344 24274
1306 20197
5716 11847
7213 10837
9704 19721
4094 11417
18185 21747
3080 14260
6017 22449
17 34
3306 4823
858 26711
16045 18958
4415 11258
26758 27685
14922 17191
10767 27013
19180 26498
8964 12711
9265 16861
3667 21079
8063 16129
8085 24966
2386 12402
10 26716
14830 24589
9367 25735
25993 27611
15968 28211
23719 25703
4566 15536
7497 16181
1852 24127
20722 22750
2513 9797
20312 21992
8575 19941
5124 24430
2588 17258
264 13973
12565 15141
2003 13328
6737 17309
18059 21495
3041 4013
2715 28202
13195 13700
13329 23588
13507 16138
259 9843
4073 24062
17242 26117
21748 25626
14706 24965
3970 6759
4328 20008
8906 11241
9805 28116
13250 27989
20363 28099
2270 16656
1434 25683
14767 19601
7826 14438
10547 19681
7611 14460
1516 12358
5485 16955
5288 18950
8090 16307
9148 24278
7938 23267
23721 26810
9523 10890
22882 23213
16411 20747
2387 12287
260 1574
10160 12451
1505 13630
12411 20076
11059 21595
5973 8764
880 15920
20816 27579
4858 10952
11055 13850
3987 21257
9988 17026
18473 22529
21010 23102
7176 10935
8816 14325
9717 23794
13087 22063
15201 18533
898 12341
17990 27049
4954 19154
2532 25468
3768 4582
27099 27496
7282 16716
3165 23736
18894 24444
406 9881
18909 26331
17082 21794
703 6753
17763 22696
2744 23897
1096 25480
3904 8251
3241 23242
7456 25199
3925 6669
512 20409
14215 25732
21466 22028
13024 26552
22279 26535
21026 26764
5368 6649
23434 24617
1 17
3861 22897
4279 7266
5913 14706
3250 25254
11444 25881
20637 27500
1516 11975
851 15985
21999 27126
8364 22149
14076 16351
1275 10061
920 11992
20841 21821
5815 18533
8669 11197
21919 24653
21475 28173
16923 23390
15056 25299
7976 23111
13846 20222
5286 27662
4253 8497
19552 26232
15869 16959
2560 24904
17828 20249
3059 14672
2966 7214
6222 27608
18011 21029
21382 23188
8073 13624
2818 16439
21849 23415
5557 9782
6119 25109
6490 23310
10839 16989
14223 16337
25167 27835
486 3530
4423 22731
3718 13134
20503 27398
5751 22074
5758 13164
21697 22346
22583 25692
8554 10638
6220 19937
20712 23263
5711 5989
1609 11937
14895 21999
3925 9055
12010 23459
1610 11064
22479 24025
19857 21791
9378 21250
3700 17610
16641 23415
9210 20181
18428 22267
8567 11657
6006 13240
10645 25992
5906 13597
671 11132
2028 19771
13820 26319
5 18753
7541 23221
2250 9574
10114 15141
1672 7827
1710 15442
413 13460
15158 19171
5122 8781
9730 21058
5537 6053
11484 27645
9480 19183
5135 8011
3997 23143
17194 17842
7987 17902
1604 15675
5084 10369
5579 22026
4207 10654
12236 15257
8653 22048
10149 12591
16296 22340
2499 21480
14787 17199
3420 14448
22974 23931
25564 27799
19443 26635
18561 22203
3156 18870
3456 4684
21796 24908
10503 10961
6360 17881
8426 22581
14067 23166
5972 14564
4391 17076
19062 27352
8533 24477
16209 22790
1817 4531
11796 14459
531 24708
20287 23605
1677 12133
1959 9194
2908 25236
7816 25578
13701 15096
465 25404
11895 13965
406 21352
1830 22894
6072 25443
3435 8984
13558 27912
20893 23106
10852 25349
15370 25107
16439 21000
6062 22104
1535 5194
4906 17285
9569 22283
15493 25104
14809 20367
14964 22666
23915 27837
10061 17112
629 1876
2327 14093
12504 13757
3758 17801
1197 14166
25795 28080
12460 18453
7927 8084
60 2482
3646 14015
20099 22203
18214 28278
18061 24062
15957 17415
20138 26978
9549 18014
7149 25734
6234 14630
12570 23275
6141 17718
7852 15144
1888 20066
18336 24897
7758 15286
1225 5342
14809 21353
23143 23249
10181 14541
3427 18798
20758 23955
24995 25771
4693 15619
10326 11446
15856 26258
517 17731
8044 9646
6188 21523
12556 17787
4548 15477
465 9251
8202 8304
10148 15430
406 9361
78 13241
1559 14033
15360 26936
334 15402
24595 28082
2768 26173
20224 26367
23467 23830
10493 15930
19827 22716
9720 18318
1832 18281
3521 26804
17456 24263
6515 6942
3475 22910
3738 26608
9629 26544
3745 8515
7312 18831
3695 21505
9144 19257
1253 4609
2646 11199
406 27746
9215 15561
7406 15297
9717 27736
9990 23178
7971 14828
609 17787
11610 22996
17348 25422
2520 14364
5728 6422
1440 16439
11953 23269
4355 26077
9323 11133
7962 27091
18813 26816
4396 18492
2102 13058
8774 12073
21704 23177
3872 21398
18901 25390
262 16039
3602 13340
7162 18730
14711 17201
10687 19576
11816 24594
6544 18053
1159 22651
8756 14567
1496 18942
11852 15913
12693 20448
24220 25095
8956 16340
1270 13626
3294 8220
7432 18346
26571 27096
139 10476
16259 20195
10786 15831
1036 27447
9744 11622
4245 21003
6448 16718
10625 27662
1106 3944
10062 21201
1242 7522
5578 24789
2087 20274
12274 19767
19849 25875
3859 20480
21777 27459
13688 21724
13804 25019
4864 14687
257 1065
835 17474
11368 12506
2172 3700
1015 3753
8709 15891
12839 17563
4565 17098
10073 24662
21523 26509
21166 23348
3568 13148
20157 22016
4784 21919
3675 26087
6687 24874
1596 24672
1228 14641
9858 25557
21042 24332
5133 10662
3457 23420
2598 6994
12105 19135
2938 15693
745 16181
953 3267
10598 14969
14753 22184
18286 21294
1405 4391
5710 6209
8998 17329
2486 23703
14433 24005
21272 28121
9115 16223
1958 13937
1622 7323
3638 11439
15870 16357
15184 21102
24971 25468
3762 24406
680 14907
15493 15719
3091 9645
11589 15091
11181 17131
7111 13647
15047 28156
600 11439
770 5913
1150 11815
5378 26320
11300 27733
13888 23710
17763 24741
17077 18708
21079 22104
3689 27745
13216 14129
2667 27079
2917 22704
1142 13980
22949 22992
11584 12481
6465 10987
7352 20430
13937 14976
10488 26976
8352 11251
12587 21011
14127 19195
11696 15665
19723 26126
17164 20611
6185 17380
1212 25708
1178 3761
9179 13649
9226 14541
15501 24914
113 24616
1526 17114
17092 24112
14689 25876
17874 21473
1888 9252
5564 25708
22587 27716
359 17457
5375 10318
3638 25272
3728 14584
6172 20822
558 10208
3718 7472
8168 28037
14276 24351
13348 22966
9063 24570
22570 24089
19963 24181
7927 16878
11756 22622
14358 27224
1843 23811
6457 8011
4924 7392
23830 24775
5443 16373
17177 21527
2230 3275
3210 27032
2582 24450
22610 22699
1162 21546
21438 21767
10101 23074
15670 17906
1106 26201
14735 26194
2040 13613
9837 21412
8464 10807
5386 27424
9155 12773
8011 12381
1902 7236
2280 14092
396 13091
18715 23669
12709 14696
17424 18714
464 22748
11254 21341
7987 20911
2140 24033
3478 20605
13214 17938
4343 14728
11465 12324
21424 26591
15713 22415
319 24669
443 18361
18184 25105
6546 25251
24445 24659
10837 16442
13383 22603
8988 10532
13784 24240
2396 5923
17873 20473
8959 15766
17201 19798
10189 25160
25060 25181
4544 20773
6761 26033
2667 19068
10061 24608
8016 12193
13916 16389
14076 14364
8690 25008
4301 8090
15782 26303
20409 23291
13192 20146
20328 20475
7631 12115
23736 24061
2240 6290
16501 16905
406 25986
6622 9598
24068 26451
1775 20836
1804 4858
7744 24392
4443 13371
15433 20070
2562 18213
5579 11023
9569 9795
16175 16941
11868 26136
12226 22311
2058 14849
867 5842
23920 25079
14547 17771
13808 17585
5843 20682
4507 18657
9731 26453
15508 18304
972 25841
6158 13108
22140 25603
23585 26620
4379 18673
20763 27669
5735 19138
3862 15621
722 19195
3979 17001
5882 25850
2536 4379
9215 27631
16386 20876
12111 12223
13663 21962
7029 25982
248 11252
8775 12228
21789 25549
2344 22546
7054 8947
14586 16656
26113 27306
5162 22954
12043 17181
179 27579
13917 23935
12551 13564
1948 12973
3510 13579
107 14507
14228 24157
6237 13200
16640 22186
1851 26993
8491 23813
7350 27798
21231 27831
15481 20019
20376 23143
8443 23036
14559 20953
19670 21097
19005 23767
3126 25673
1565 17634
16488 20557
8875 25022
13380 15694
12428 18591
9460 21856
7360 7792
573 22215
4986 23617
21149 27746
20817 22595
4721 18958
21291 22548
10333 11992
6229 10837
17314 25408
3119 12020
13106 21954
12805 22230
8533 27101
4675 6868
10807 14905
2118 23296
3287 25343
2272 24264
8638 28166
3484 14576
4522 8690
7205 21815
6198 19150
9722 21962
23946 26970
17003 17814
8483 23619
3204 19476
7477 10170
4717 8511
481 7183
5359 17259
6545 22402
17533 22658
1197 24988
11386 15133
11342 11452
21369 21886
18280 19813
10672 24915
12550 23655
6680 11826
956 13970
9782 21205
16547 17649
10228 14700
5791 17993
2679 11761
12410 23896
2208 23318
11670 16490
3244 12282
4322 24323
6178 17480
24167 25830
2039 19675
14697 21323
7290 14989
19270 20597
4763 7429
9007 17468
812 4233
23655 24947
13093 14074
660 12907
16547 19131
11388 22265
6889 14690
2353 17600
15892 19150
2447 5222
603 5089
2132 18315
5522 23705
9055 18626
12260 27180
3122 20384
5551 21620
7107 9047
1851 26467
3208 23169
7099 10370
16386 20849
2619 7387
5377 9155
9528 14389
3591 13405
9028 26698
16358 22277
8818 10935
20789 26869
12905 23267
7911 9296
25270 27034
2330 8558
8437 11311
9837 15282
10219 21391
609 18274
7741 21291
5205 8636
19750 27924
4504 16535
8679 21296
15088 16943
3944 25263
19894 24737
14657 25879
12617 16616
22702 27662
5522 14912
8515 27642
4165 9795
11748 22252
16753 23635
24127 24746
7528 10420
11945 27612
8729 15402
2389 6738
12941 25891
12206 18777
3612 6916
2186 19659
21327 24856
4905 13664
2635 15019
12832 14027
16989 25685
2539 24413
16557 19678
9577 14571
4498 5989
10481 14136
7149 25713
13827 15175
782 15283
19015 24073
107 356
7915 25809
5359 15985
2449 12262
11877 13161
4188 26123
2009 3178
808 16422
15141 16941
10344 21079
1254 4515
2410 3166
14867 24668
2250 3446
19620 23417
3362 6952
4551 12291
20600 27663
3169 8785
7249 18796
5950 27319
12750 17682
2485 9918
3622 18820
2466 19544
7986 14021
17329 23399
2642 18635
6847 11515
18352 22304
19015 21269
3779 5332
4806 8332
8357 14934
15053 16588
8781 16311
5029 7976
4535 16257
3215 8216
6694 18662
6624 21293
660 1727
6493 14997
10177 27243
5692 15443
1295 3625
867 24354
20263 25191
9682 22870
16367 21610
12399 24104
396 19618
8074 11980
989 7986
15978 19424
4152 8025
24610 25155
3126 14458
5313 22230
2381 8304
15561 24610
24830 27222
9590 25309
16434 25068
5895 18225
7891 14247
20816 26092
17524 25403
9080 11288
8689 26416
5975 17226
5330 6657
5945 21407
6902 23198
12737 18419
1789 18945
867 20395
9038 20279
25109 27204
3734 12136
9112 13787
7758 28095
18533 23932
2605 24057
6024 8522
21470 27508
13285 27353
874 8354
3251 12559
1271 15134
3853 10615
23183 24449
14962 16629
9308 25226
20706 26083
4256 24069
7584 21792
13184 17550
4334 20688
4521 19484
3592 19013
13652 24018
12536 20888
4044 9561
18057 23932
2213 7374
22468 22887
1996 2351
13905 27306
5609 21654
3624 15584
13495 21770
4154 19594
11541 20055
9929 15549
2274 20532
18510 25948
24861 25432
15984 23336
4983 8011
12397 24395
3954 17094
7003 15267
3741 16101
12122 26432
2324 8532
4115 13893
2130 11836
8085 24786
1756 7229
13278 18406
13054 21861
14451 24020
16288 27300
3598 4640
11081 21071
14516 23605
10201 10287
3838 24836
8463 11545
4386 9921
15053 20481
3873 6848
22238 24192
4945 14576
10638 15321
2396 2604
10755 24643
20522 25950
4255 15870
5724 24360
19029 25887
21491 22106
9805 18629
3978 15147
16095 27342
10137 11137
14106 27844
17747 22565
3667 4732
12048 24064
19371 26242
6514 15639
835 20100
15260 26565
4906 24708
26320 27822
10764 15610
25353 25414
14133 18815
4420 7562
828 2986
8024 11534
5300 6209
17445 18369
11311 19736
4144 8924
2526 22319
15770 18884
4107 21109
16803 25256
19334 22636
1365 13582
2379 9203
4717 21091
7320 19721
3871 7152
5598 12329
3398 25658
1107 26071
5032 15610
15263 19933
2624 25139
2790 15939
5583 21113
5649 26738
1 15355
5289 9141
17017 23027
8343 21849
5722 20627
10270 11183
1975 6552
3531 15056
12982 27545
5890 22082
6641 7881
782 16187
6009 25878
194 4857
2454 17584
3790 8384
1993 13083
16561 25042
2912 21180
11571 24576
3944 17165
1397 13515
5208 17847
2735 10486
6624 20786
14242 14728
14604 15815
2782 19736
10157 15188
3186 27058
4896 23891
19728 27034
7768 13591
17348 27464
770 18438
1996 8385
3817 8000
681 15442
11859 22416
16900 22079
19819 20667
16940 22464
15071 26437
8254 19200
18826 21773
3734 20162
14852 16911
3925 8074
1851 22255
3024 14033
7847 19047
15264 25751
23932 24122
7241 25553
15868 22379
10478 14463
6182 15485
12476 18321
18892 19425
6489 12474
7170 20264
15536 24854
5928 16605
12712 24379
17541 21275
8506 10436
11744 26459
18534 21433
902 10018
3257 26923
15620 17407
25042 25078
5665 18972
17901 19817
912 20314
1428 21026
7964 12954
24437 24670
3960 12598
8188 24009
3656 20107
1917 15337
7987 21951
11244 15907
22446 24939
19206 27915
3665 23265
9185 25272
609 11580
3921 20163
9586 27028
9465 18823
11336 19409
102 27247
15762 16440
14728 25608
6372 24659
349 13536
9086 25879
17 19949
1399 14767
20816 24565
4258 8236
21102 23799
16852 21194
13551 25272
14853 20234
17773 21123
8416 11043
11093 27698
3872 5734
2269 4649
5587 21423
753 26199
5848 16113
1482 2880
10090 24028
25102 25564
8120 13297
7478 20144
16600 22240
7318 15428
17398 23983
393 2555
17391 17782
12634 15473
16114 24444
1015 25550
3273 21651
7349 25575
9086 13681
1311 26176
12108 13484
15226 19322
18415 25584
1683 18039
14445 16609
26035 27160
5941 23455
3587 22322
14464 17284
14110 16292
15055 16349
2396 23610
22902 23919
11914 24859
10123 18957
10874 20197
137 3622
20657 25336
18522 25344
25328 27127
9843 10845
4599 17458
19580 22897
1568 19270
20379 20947
23 21079
11444 27527
10653 23543
7600 10961
23866 26232
6461 14160
11496 27164
3482 25554
1879 5080
16739 21596
6999 24325
14713 18496
10487 14390
2986 16607
17070 23392
1925 10709
7881 24061
1767 9250
6406 22416
24648 26519
8773 15952
4626 18920
16355 19894
14974 23061
14165 21879
7360 25901
1889 11566
5166 21353
17826 27961
8222 28150
1223 8931
3198 16683
3608 8416
11066 14886
3101 20480
18059 23801
17037 24970
8421 27460
5117 15470
10023 27625
9853 20616
12521 24182
18386 20992
6545 18985
23849 27871
10600 22440
10330 11913
9203 14252
942 10039
18155 22716
25617 27853
8970 20480
2227 7798
2769 14224
1955 4535
2743 18680
21000 23476
4500 18203
3062 25416
3331 21557
945 3643
18297 18717
5387 27222
9312 15664
1900 18760
12214 22322
10050 14939
1644 22280
14258 21199
15178 26081
9544 24733
12257 13368
2758 3196
3624 24052
13261 22860
7747 8143
9250 28217
5749 9006
10464 28157
2050 27923
11872 14088
9047 20705
18635 24290
9377 13534
6702 20497
1329 9356
1281 2136
8148 15916
19294 21017
17529 25382
10792 20551
7987 13023
13401 27308
8574 21081
13516 20615
22917 25716
2611 4548
14858 17162
16668 18319
569 1541
22579 25114
15455 22832
19196 28076
1551 24899
8817 25193
12012 16974
12248 20853
3793 7741
12257 18679
10457 12869
21266 27373
3872 9281
2413 4489
3858 5641
7635 12369
6080 8501
3306 11354
13941 22588
8536 27221
12512 13957
3624 19813
1340 9089
2677 11295
7984 21079
5047 10039
5336 17791
8923 20251
20947 21991
18533 22028
2788 20861
6633 27821
7484 26740
4146 21028
4029 8595
9584 26643
5883 19717
10814 15657
1141 22764
8242 15293
12868 16603
1117 21010
9228 10286
24268 25494
6990 8177
9488 20544
7320 25658
8443 24659
19776 26256
4999 6470
1142 14771
9193 21980
6363 17872
1351 13422
4135 15772
3147 14036
16051 16127
26677 26764
7446 10041
14303 19801
2270 2767
775 23546
576 5023
3944 24783
14555 22663
5492 17718
13592 18366
25167 25588
10209 22052
2157 3069
4429 24069
7229 12480
11484 13078
1246 19177
4603 23390
15014 16874
1397 7782
449 1850
728 17700
14470 23907
1621 18950
6005 24591
11437 12236
9193 13781
20942 22607
7368 11919
14637 22686
8242 24229
3139 10312
2943 26989
9227 11291
21349 21668
1181 13120
10934 26231
8605 10057
5943 11369
7595 19086
9250 24830
8852 17742
1477 20053
9250 21237
15461 21420
3762 27669
12351 25099
289 25272
11094 20388
15618 16131
2350 18319
21929 23907
6832 18908
10039 26903
8143 9367
19600 19602
2530 10971
18034 21662
6366 10234
14136 18369
7202 24953
2474 21618
1163 1786
11443 26798
21636 23942
15756 22201
4952 21066
13087 16243
1181 13480
1970 17133
17630 23300
4365 25658
9682 16870
5053 22804
19906 22014
20378 23885
31 16287
13661 22613
7756 27273
4247 7360
20230 22426
4210 26799
2404 27381
11093 19750
23445 25808
10208 24219
67 26497
8819 9902
6301 10171
7861 19267
17369 21688
10756 27795
6172 26753
14514 27032
7600 7820
7243 27980
6261 9413
4168 14631
4918 13721
4026 14507
8730 10962
3836 23640
3154 4498
25167 26026
349 11694
5200 8902
22785 25617
14016 27989
22205 25957
15003 20432
11036 26886
16609 17963
3970 18491
1774 19786
8254 26958
994 18046
20775 25329
1878 26000
20064 21865
15017 20331
3927 10689
9346 16299
4132 15346
10967 26379
9889 27734
2050 25397
16543 23512
3870 23997
4868 12193
26261 27969
9453 23960
2389 3863
5943 21387
14016 27648
11952 21143
3414 26253
20849 21438
8025 26736
3528 10967
872 22340
5754 10953
2944 25830
12997 28061
6898 14968
7205 13564
8440 27730
334 5601
19443 19938
129 4418
14344 19753
11342 26991
1178 1816
9367 24294
11909 22581
15399 23516
3059 6188
14867 17165
13158 28129
9252 25043
9311 23915
2954 17443
23857 25083
8938 14429
7354 23937
4673 9948
9551 24737
3789 14288
4642 14557
4232 25978
13642 18328
1449 4315
16939 25886
21766 25299
3971 5642
439 20440
10748 22743
8573 19690
3337 14710
20562 22818
4616 19275
11948 22379
5787 7002
13701 19178
13603 19738
11814 19400
2711 22650
5860 25960
24671 24708
13585 23574
3045 3761
11941 17372
2344 14934
6759 21908
20939 23510
5019 19138
8525 11327
7642 22309
612 23361
23701 24108
1687 23839
11894 25094
7872 21438
4717 5413
22122 25476
16441 18855
1859 3566
7373 12075
18541 18947
735 9391
2342 13720
4365 12672
763 825
13845 22644
6956 17123
3039 23140
1878 19281
2550 10949
3978 27175
13960 14521
14402 20380
2980 5082
7381 10588
1325 10445
9067 21798
1116 17064
17851 18154
2485 23026
22082 27587
4811 10260
6878 12793
12445 22630
2709 9871
18704 25157
3287 21800
8396 14341
8355 17094
19447 24790
4675 9219
16608 25205
16491 22604
7885 19548
21770 22834
727 22192
10431 22190
19582 25414
186 4721
6590 12522
5916 6905
18280 20956
17263 17901
23134 23719
4116 9932
15083 26264
17606 25074
13024 24095
3331 18775
749 6402
5166 25433
2135 22656
8872 10270
1140 4175
6077 9896
20005 26343
8462 21333
5289 21119
11504 27004
22587 22956
5989 20162
15349 22992
7443 20167
14555 15067
9915 17657
9538 16184
21248 24157
17695 23978
3169 20558
5768 19767
5466 5691
19171 20719
6663 6861
15847 18516
5093 20461
8893 27684
6749 27834
322 23032
5989 6490
15610 23510
24556 26873
24457 25117
20906 26787
820 16351
19380 22752
2487 9340
2128 22607
19326 21409
7501 24435
7826 9408
20837 25197
5843 27132
4782 14711
17420 28238
180 5989
21462 25343
14175 17349
13809 27405
8200 15307
2547 4009
7431 26846
346 9613
8924 23413
15906 19753
3788 23015
421 693
2304 24739
10405 11504
262 15679
15267 18985
4966 21349
3728 28130
7002 22012
17007 27348
18451 24908
17222 19347
5450 7158
19099 20629
4367 15830
6008 20572
5296 8947
12838 20817
6486 25140
16504 19824
396 22296
1505 10627
9067 22886
3859 4256
25272 27508
2539 20172
18318 21446
17012 18464
3280 18133
3452 7561
16983 22151
11456 19162
6990 11471
16550 27309
4072 9829
22548 26244
15164 24218
1548 28056
14534 21656
23143 27117
12253 18160
5869 8336
5252 17462
16488 25617
27020 27214
12581 23963
4509 12458
9638 28074
12130 13619
9690 11420
3695 25839
531 10615
17263 19548
21068 23553
21122 28082
2128 9042
5820 16130
3759 16639
12472 20109
6832 23686
4514 11888
5713 9408
1569 17657
3392 7471
7307 12346
17756 20846
18659 21962
4589 7437
16998 27514
1744 16276
3439 18235
4127 20743
22095 22497
9563 18679
11119 28147
3734 18425
10461 22627
15389 24856
8420 19809
25139 25414
20253 21480
8875 10006
3708 4179
8703 14418
1767 5525
850 20238
16329 27312
9799 20328
4597 23044
5882 19877
3172 5943
6380 25364
3056 26931
17478 18092
3306 7725
3802 7188
8596 27996
3484 23392
6056 19851
9598 27921
15963 26523
15141 23911
20634 23663
3039 25977
7277 18063
16843 25472
2093 18743
15181 16388
10313 17022
12169 17401
3204 17470
16224 17442
23379 25215
15235 19180
24021 25035
16771 22517
16245 19001
21768 27681
8057 9660
6637 13773
1068 22502
7519 8370
7541 8449
9479 16442
7698 15985
5950 9214
9556 10661
21200 25232
22097 22511
11344 11953
2063 16354
16164 23822
9260 16835
7885 19409
18353 23983
8075 13623
6707 24143
9918 22462
22233 27090
10370 22469
8620 17568
2521 9253
1879 24616
13186 25560
1200 1758
4674 22476
10173 22763
8385 18761
3625 18553
14129 25683
1767 22255
12773 17273
6869 17586
10272 11975
20480 27458
8172 9884
7971 17803
4171 26632
2412 6836
8285 25299
2930 7398
19188 21366
14604 26232
23686 25711
3467 9236
6326 24459
19249 28140
13329 22584
2667 16922
5578 27847
17781 25263
710 18909
17416 25864
1349 2137
13196 15823
4871 5846
8438 15511
9701 26221
7877 16718
7268 25219
17965 27087
12708 24608
7945 21798
7350 10374
6457 16883
16429 24863
6506 27719
14611 19788
17263 17963
11258 18833
16292 22511
396 18867
2624 12328
11927 19004
12629 17286
49 18015
1065 9813
2527 22977
3216 5832
1755 8511
19579 24274
17630 20876
856 6457
19555 22385
18280 21832
722 6198
8291 25509
7611 17232
12428 26322
19950 21194
6260 25813
14828 25229
29 582
7141 9410
2664 9497
14407 26728
18000 22227
5551 24861
7183 26709
5177 14922
102 13609
468 6809
9371 20361
8802 28176
1389 27660
8073 11951
19300 27488
18689 20108
17928 20319
9683 16830
2771 21296
9838 13945
11030 22222
13471 26113
14240 25230
12689 15346
8715 10284
10467 10725
4386 7050
106 1374
20056 27621
17967 22020
5010 15978
6078 26643
7360 16136
7919 17506
9239 11409
16210 17422
957 11812
14711 17904
16976 20394
15997 18990
8972 14911
23892 25349
11295 14564
2469 22611
7466 7915
8363 19610
14577 24131
2050 16762
15302 17889
9535 26133
811 12069
1116 24642
2882 13619
9805 21990
714 19578
10736 20615
16092 28010
5895 16197
8345 11312
21029 21278
11935 14869
8956 16127
21493 25414
23359 24866
14854 24167
296 8184
4737 7508
6144 10127
6501 15072
23719 28047
5978 12629
13745 24900
3728 12612
5520 14012
14543 15430
431 14568
287 18462
8502 26199
5071 14552
1925 7367
5060 6609
3711 7836
788 808
6487 18131
12026 19717
16304 20334
9690 19066
11916 19871
3101 22452
3354 28085
2132 27867
1878 14648
12717 21353
2446 18417
142 3919
344 22654
21491 21692
1043 15614
1707 11184
20626 24716
3751 5275
187 12004
5749 25116
3269 18346
27121 27740
9465 12538
22425 24425
899 19039
3382 24029
9837 26846
1852 3872
282 1878
7419 24379
2097 14087
4498 23830
17141 22089
1033 5451
545 11077
8920 13261
12260 14033
18686 20552
14840 27313
11616 22843
7263 23226
10284 15749
11926 23083
16353 24681
13982 14862
3244 26061
1253 11262
6838 21297
6063 19695
5930 14961
16619 20370
577 8781
6883 10460
6205 23265
820 22276
3041 9962
4288 14691
13583 25350
6065 17330
22546 22553
24637 25879
4328 21058
9599 14555
10713 13557
5797 14941
6226 13472
7387 8937
17097 24393
12708 27055
10248 24745
9686 11473
13194 26691
21710 27232
8638 17842
20073 26926
5962 18824
14157 14808
7855 27485
2092 3733
6002 22828
2014 8734
952 24421
12798 26181
4507 12434
9717 11919
5403 28119
15666 21079
3029 22581
1181 20509
1366 5053
7915 11099
16906 28077
1085 15282
16036 23214
24663 25204
14277 25336
16315 19817
16679 27129
4445 26931
16686 25380
12945 20063
7862 15749
1815 12888
19293 19562
24062 24208
15468 26807
6627 24893
2518 15920
1635 16334
19153 28052
22814 27811
7067 7413
10446 21216
7622 11987
66 23874
4340 14283
14382 25838
12428 23499
16804 26753
417 23921
2447 14771
11115 16596
2538 19546
1860 11637
9829 17071
6358 15048
961 27140
6914 25684
1871 9831
3053 9569
852 20883
853 919
2872 25279
3728 7199
3488 27795
3818 20731
14145 25272
4782 8706
7439 13905
21218 25530
14333 21165
4081 11780
4445 8001
25638 26746
7809 14124
16401 21687
2852 23639
1335 23037
2240 8770
14771 20479
18736 21766
12493 22546
10600 19340
12447 23881
6196 23143
20092 25444
1830 17717
13455 20711
19600 21671
3001 5125
1541 11727
1817 8108
1105 13093
6398 17010
14486 23846
1306 6351
11294 12204
6618 10839
2268 6531
7 5961
957 17281
19830 28040
5510 28156
13038 23658
9590 18999
2605 25414
16624 19898
15032 26075
1574 16272
8715 19566
17649 23510
17243 18184
2577 3648
7954 24450
448 19356
1518 19524
7713 12040
4388 20241
2583 21139
14555 21626
9327 21511
3779 25165
13152 28278
2535 5687
15729 16369
2285 8833
3892 15464
10023 22865
1725 28186
10293 19041
3337 12077
546 17889
9358 12811
10461 16635
17194 24904
9141 22034
11825 19398
10260 15467
1566 2324
17397 25365
4097 9466
19670 20179
1657 14894
20726 22135
16262 18572
19275 20175
15529 16205
19179 23875
8640 27585
243 8100
3201 8669
2162 3204
10304 17861
3127 14342
10971 15916
3822 13603
25795 26929
21798 22157
5393 17603
18445 19068
6776 22186
7921 17043
13111 14308
18920 25855
19868 23165
1050 18388
12812 24277
10189 21651
3978 23534
13677 14153
14026 22184
15069 19130
3036 14393
7442 27514
1928 1948
7429 20998
18347 19271
10524 19579
3593 4324
2710 4161
11871 12842
4854 18145
1412 23372
24363 25906
5913 28099
18784 18952
386 17747
1308 14780
6026 11295
7732 16219
11319 12383
17779 21566
7416 27423
1049 6045
8775 26728
731 15776
7826 24968
3397 12657
11013 12303
715 7144
2403 14597
86 937
16627 17530
2233 11878
19532 22391
860 2336
11216 17097
332 22117
6886 10505
7473 25229
3411 24515
6509 27669
4275 11069
14969 26851
1851 8450
5165 7231
10721 18926
3307 11989
13982 27899
7296 24505
4092 21156
14010 27152
6616 25200
8739 20639
15077 24955
5304 13994
2587 3644
23898 28000
18463 19735
8075 20588
3242 17411
12874 19867
2030 23265
569 21398
21730 26824
1753 18584
4695 8945
3157 9198
1171 5989
10157 13437
8051 12488
406 16671
24582 25301
8200 10280
14255 24412
14519 20030
6457 12548
15877 23094
15839 15985
20235 22010
644 13203
10951 24062
8511 22575
220 24263
12341 20701
5883 12546
21688 25855
5663 12501
19271 27042
8784 18947
967 23361
4523 17353
10298 17804
17097 25856
11309 16238
381 881
2308 8454
1449 23487
14995 20876
12462 14254
3931 26680
5321 7997
2971 26786
18328 25617
18861 27540
1852 19171
11463 19325
25151 25522
10824 14513
6886 19790
17763 24708
2682 21959
8147 17731
9915 23265
9701 11955
1948 27569
5978 15076
8049 16016
4581 23167
115 11282
13316 23175
18036 22040
5815 14023
7457 16145
3762 21173
9716 15741
5 14732
18950 21149
1572 9382
12779 13111
20737 25062
11023 17348
23721 26786
1158 12073
25165 27500
5874 9961
20402 25636
19369 20688
19640 23916
3528 5588
14371 22716
2174 11918
3690 10678
21072 22121
11173 18692
11825 16941
22141 23436
22690 23330
2882 3997
1213 2653
473 11344
6979 9419
11197 23723
19068 22176
1075 8168
4474 15090
2395 9398
272 3101
7741 18824
7623 20490
23389 24360
1604 26413
15596 19630
19188 26497
5866 18641
8437 27197
7169 26139
24202 26628
3640 21068
20876 22416
17377 23260
24076 25995
1499 6437
12483 25414
6940 22954
2758 7987
683 23345
2221 15048
2709 5336
11471 23437
3640 5511
20988 27643
1900 16905
2455 21835
13725 27821
8716 27350
4360 6257
2500 4101
534 11562
11755 19480
11378 14844
11727 22254
7190 16251
3244 26363
867 18748
941 5852
1556 1776
2908 13401
4700 26585
20564 23499
6134 15558
11444 24028
1180 5786
155 6001
24040 24569
4291 5236
9422 11340
17407 22210
26673 27660
7392 16422
16328 17431
4992 18919
9291 23894
11857 13539
11426 19169
19861 22625
6171 21433
20131 26901
2336 18950
3006 4849
10200 27706
1037 1379
14942 24562
14386 24636
21762 22163
7813 26499
1027 4562
3957 8841
14642 24076
1507 2407
5064 24476
5635 18789
20167 22011
18095 21182
6495 20222
24261 24311
14433 14644
1405 12480
1669 21118
5690 7963
17457 23722
2782 16863
10242 21423
16286 23320
92 22254
4230 6176
11784 12700
3977 24199
15934 20122
12020 21423
2779 6094
1247 8114
10612 24610
15095 15657
22173 24715
13482 20408
7209 8981
15457 23993
5797 6484
11251 12709
23143 27981
8818 24131
9928 12710
22409 22570
3562 15899
22889 25272
13392 14541
6065 8254
14804 24068
7068 11217
3566 15211
17056 25254
14489 17757
10639 10943
15584 19813
9349 13609
272 17920
465 19171
10188 11225
2708 22947
5174 21163
12532 13522
8680 25972
340 24069
21563 25816
2563 27899
11012 24570
19888 24450
15480 20321
13438 24299
4542 25641
13591 21251
19633 21853
25057 25505
4012 18472
5916 25057
4781 27352
15247 25034
8648 17112
3354 10462
7820 25443
20758 27746
92 6587
20953 26283
17193 20005
8394 11948
11260 18132
5868 8350
10234 10634
16102 21122
3357 19185
12753 13036
2170 3674
1457 15950
3518 9631
8623 19835
7442 10464
16259 22157
15184 22787
23755 25658
15668 26027
2387 5918
392 25978
10295 20791
1701 11286
602 16301
22666 23024
2243 21177
3728 19443
18308 18834
20800 22821
14148 27669
2447 25230
8157 14257
717 3876
4676 6349
5060 27669
17369 27612
16360 24061
21771 24265
15017 21398
14309 18974
4825 11009
6523 12282
13 14832
16083 16983
4209 5386
2389 17524
10578 16762
3978 22295
2664 26686
2761 6857
15136 27921
6404 22708
11156 18154
4230 15617
10207 26265
8679 23474
2399 10554
19514 27015
7975 21086
16268 23400
9683 25658
683 24558
2818 18787
5354 13892
15282 25894
1047 15875
5117 13282
15074 24028
20491 26334
6613 16906
5003 7997
916 25366
2466 21355
11975 18924
5888 13978
11275 28083
2275 5975
11164 19777
14371 16489
2436 21254
2721 25759
12214 21828
19421 21764
12829 16656
1 16152
15365 21616
2518 19639
4825 8720
10743 27873
4811 14534
236 25966
3634 8588
8109 9320
14174 24791
1508 5941
8057 19670
20303 20495
10193 23970
13152 22104
4550 19895
3338 4336
1405 17435
4581 17381
6017 13578
1218 5772
18719 26991
18310 20928
6958 8235
7155 17664
920 23147
6366 18926
6252 27265
2179 27346
391 11584
18553 20947
2617 22786
16002 17782
5373 26429
5287 18412
9465 19566
19290 22610
18228 27271
824 21061
5978 13299
4721 11113
385 23169
16547 28014
14584 19439
19691 22779
5923 6668
5418 28061
3950 11722
12855 24057
11969 25780
9038 18992
15603 22507
11059 13801
16823 27172
3875 19876
7210 11479
13864 15580
14023 26312
8515 15825
11322 16080
6439 17112
9709 13428
1238 22319
12377 25083
20665 23769
13847 28032
711 3700
861 22646
334 21617
8555 14969
1306 3759
8579 25163
20605 21491
3169 6058
867 6096
812 26973
13186 26986
12383 15366
16489 20338
6084 18973
1934 10190
10583 26704
22734 25788
4328 7498
26896 27557
9839 26089
5978 21859
1138 14669
15117 15426
5486 23644
1607 10822
950 27398
8806 15376
4282 21712
545 7723
14064 22321
1092 26177
8368 18541
15829 27495
17071 17259
6914 8148
6067 21717
3759 20741
18784 26087
25348 28201
9064 10106
3119 13254
17823 26587
11432 27428
4737 16026
7114 23608
6158 17547
2247 11076
12161 14082
11049 15899
8254 11817
21545 23926
3867 24326
1650 13817
9829 21000
12010 12436
3059 23628
5583 24062
2526 18934
23219 27075
2554 17718
12226 15973
3269 16938
12011 12244
17506 26254
7160 16955
1959 10747
3154 7497
1043 15862
24551 26882
8 15515
10953 28275
8864 26829
2150 2849
1906 5416
14731 28054
805 11826
259 17523
4498 18959
9993 12081
5515 14392
6572 15288
11808 13257
5538 23722
5626 13937
23680 23898
4959 23442
2967 26930
14820 26422
1756 14398
9632 21199
1264 7981
166 3253
10270 23286
8500 20393
20118 24676
18621 25782
3967 22711
10522 14604
8427 19354
13585 14743
3802 5609
8278 16255
13313 25559
16113 27557
7205 24148
960 15561
4151 6847
1350 12417
7037 22116
8596 17951
22206 23298
3775 18468
9590 27795
9041 15626
13044 21235
2110 3873
11880 27527
3662 19073
4923 17310
16525 17440
8766 17963
4190 19723
3727 20970
11073 23365
3666 26077
8596 18419
4774 10209
7832 27494
3098 9491
12479 25054
11331 23024
11518 28266
11692 19826
1851 2546
1167 7341
4652 8974
1772 14767
9459 25013
12234 17046
11641 20017
8835 21240
22028 23277
18736 23721
14832 20130
17406 26061
21083 21201
8063 26654
6177 18192
12090 14976
13137 16642
5756 6062
8160 21101
5613 26880
4289 15749
1541 5989
4043 6830
4201 13292
2303 19140
16700 24660
420 24991
7061 12117
2015 11975
17864 25769
10 4711
10444 20124
3634 26936
18283 24559
6385 14704
8855 20958
15108 16136
13693 17955
8943 15074
7375 27221
8408 18243
18062 28255
12997 25162
7938 22229
22894 25431
8781 10668
5440 8015
3975 17426
20802 26740
9291 18957
8884 22581
13721 27274
1340 24317
6116 13373
364 20069
15620 16963
1036 22949
3337 12551
3727 4228
1858 12652
16091 19068
5599 16677
11268 22787
17232 25822
10767 18626
23347 24860
5505 12428
6779 20587
18746 24208
8634 11609
26993 28070
4118 16654
2718 25667
14911 22611
4328 11809
902 4452
630 722
22464 25763
557 8434
5219 18472
5326 21491
15399 21109
11148 11841
10462 25141
11970 26536
2542 7373
8043 16185
6163 25447
5651 8923
9058 16164
1440 1860
3447 19996
1448 4198
2589 3890
9842 19539
12598 22028
17945 18173
12402 20140
15321 16923
18787 19457
9214 9248
710 24221
1795 8781
14032 16331
5743 12041
4581 17192
19972 25815
21612 23722
20446 26351
19819 22025
7051 8730
7608 9569
3856 7835
9904 21581
16313 19742
2888 12870
10875 12879
6961 16608
15020 17044
9699 20092
13232 18568
7467 9040
21454 27247
18449 21041
9645 18879
13099 26374
5710 8831
92 9569
9552 14427
1830 2386
7360 12565
6816 24311
17949 22187
9156 26963
18658 23086
1720 9215
6253 19982
20009 25164
11417 13043
22089 27488
21337 25708
9386 17782
15059 26458
17446 22106
14124 22785
14141 24187
98 2275
1814 23864
2822 21623
22883 23062
3750 24229
955 11562
14851 15529
5288 5756
2129 26898
3218 6870
6797 10976
750 12837
5502 27867
406 9752
4949 15606
8394 25589
6337 25174
15549 20972
406 7981
3890 27899
1940 10274
13733 14322
4693 25467
1795 23608
23500 27884
19513 27206
3758 25006
3686 24732
676 10639
1772 8481
3214 5964
1900 10981
17493 23463
8322 12614
2649 25302
581 17165
7758 17505
16766 25216
251 26081
7205 8295
19576 20627
109 4420
11363 25157
17723 17819
4110 19988
6881 26397
11677 19792
115 245
2233 17424
6037 6280
3162 22835
10101 23251
9704 15511
4151 13275
15401 21987
12086 14568
4577 10214
14380 20856
12440 23115
19406 24506
10264 15512
14095 25974
3742 19617
396 9361
4749 10957
10923 23168
1435 15619
4247 23021
7152 8112
17 24836
17138 22269
2227 8261
4394 5114
4216 15028
5778 12356
11076 19552
10925 26904
3845 23809
4754 8950
13393 25765
20383 23440
2724 25566
10506 17696
8074 25242
1867 3843
1112 9657
11847 26683
16240 21890
2807 17963
7992 18579
18669 21538
25963 26927
9918 17497
2295 15840
4438 7483
93 8769
4745 5438
26544 27767
24762 27978
2740 18938
881 12506
425 25550
241 811
10097 25666
21577 25525
13367 26095
15674 23901
7158 14479
13754 22074
4758 12924
7869 24575
17289 19783
4574 25399
7768 13468
13640 20303
4422 13111
1207 25341
1343 20799
3806 27218
22584 25949
16516 27557
16362 26154
11540 15571
14399 18593
3169 4341
1487 14992
9803 24395
4419 7910
14477 22640
12020 13462
3463 8384
19219 22984
11738 13083
2767 18553
8972 17975
9425 22897
3093 11463
12228 12709
7021 18787
10312 15121
5351 14666
4394 10427
7867 27811
11262 12461
11539 11854
12263 19546
5832 17736
11080 21304
5055 6533
4914 26946
18103 25842
7205 26878
1786 24577
14077 23359
8679 10170
11795 13910
977 14167
5883 20939
6929 17345
8806 22415
1881 2438
5550 21925
497 11296
9806 12886
9901 20959
254 9351
16201 27864
15532 19286
16154 16520
14555 26813
3790 24453
6278 20956
10420 13278
12044 15074
20880 25865
1545 25262
999 27016
11113 14464
564 23392
7484 9583
10018 11963
7414 13193
3254 10767
3779 16683
11356 24861
15478 20053
2087 15591
3728 16334
4193 4607
1767 28190
13972 17640
11599 20747
874 21490
19122 22020
4957 8982
4182 24828
14627 15251
8398 21826
6489 15712
6135 19829
2410 13600
11637 25415
19863 19930
3878 6227
7368 15411
2234 10279
10815 25780
1651 6695
17817 21991
2798 27599
1940 27080
9971 17832
25735 27152
5327 27821
4391 24062
3730 3773
25277 27546
21000 24395
20535 25311
2785 18971
2460 12828
523 17060
9530 24950
7471 17762
7985 27955
3261 18605
1142 16557
3371 17585
11772 18366
18678 21058
26245 28063
1510 21980
12242 18015
11080 18815
15442 15446
3493 22274
11156 19790
8443 10717
4689 19409
18793 24062
9043 25559
12495 14035
15825 17015
1239 23663
19586 23994
1422 11562
1900 15216
1112 23016
20640 25590
22761 23643
5466 10967
4780 6862
3858 9492
428 15669
14781 18159
598 19699
833 27896
2133 16388
5042 17755
17928 23361
5630 22167
9389 17717
5309 21028
8750 22363
7114 27795
3733 9699
10701 26379
15620 22205
1371 22038
4550 23524
14954 25962
188 17739
20195 22096
12214 20657
5877 9179
7458 9466
4035 15442
2368 22162
2389 23811
7189 24061
5727 10245
78 26212
4962 15169
2470 6348
1288 16036
130 24462
4178 9281
7623 9084
1343 9521
7830 15728
1507 13553
10646 27213
20858 27669
17017 24452
8470 15308
17416 20480
3881 5371
12610 18912
16922 25414
9563 26503
13973 22230
13032 23730
175 13481
16928 21215
18520 26637
3643 14276
1958 20758
12901 21166
1230 11591
6106 15022
3420 21575
2124 2368
4274 28156
13688 18369
17416 17429
12370 17013
22022 22894
6111 14555
15619 20355
7407 24445
1454 22090
1475 11119
3501 27844
23932 25735
15610 18824
3618 6809
6755 10205
11439 12410
10090 20032
5613 5729
7584 20665
10854 11005
5423 25302
7316 27667
5658 13438
9252 12792
3667 24629
6695 12965
6065 25873
22162 26498
3634 23091
3484 8902
31 6504
5568 10545
2835 11106
5081 9847
10015 14330
11098 22203
2024 8248
15883 20200
1194 8333
11312 22265
3859 13989
21240 25820
18573 26829
11510 25745
21879 23372
7114 7959
12981 25178
654 24168
1775 27867
6535 11904
10173 25415
1416 11977
1635 20754
3806 17279
6224 15616
2386 17339
6894 20448
12128 15996
10654 17902
24589 26446
546 6743
3231 4849
8781 12818
8070 13299
16425 16748
1180 5857
12711 19326
12506 19982
1321 27031
4633 6229
14022 16528
2132 3674
13946 17032
6728 8384
11825 15815
4367 16892
16136 22553
7758 15552
7069 27743
5984 13725
16457 27863
6461 28200
15077 26627
1106 21086
471 25052
1052 23521
5967 8895
5331 11816
9795 11361
1068 22469
4717 12525
24427 25960
9847 17040
9100 13652
8281 19358
4927 27719
1060 20583
21109 23036
7320 7958
8164 15199
24069 24469
13152 23091
8057 23997
5942 7624
16284 24577
1851 5767
3801 20658
814 20924
18833 22598
5458 15734
11083 22784
535 7031
425 4328
9854 11080
2283 8368
1500 15402
3446 21351
9405 21226
10052 20161
8035 8963
1169 17850
971 22956
14914 15121
4606 4878
12023 17321
4477 10091
609 9194
14660 17396
3942 7878
21715 25204
3643 11836
684 7300
9536 10541
17228 21805
660 25219
473 11696
5924 25628
3997 26405
9562 13033
7320 26372
8889 26186
1882 25578
3483 6296
906 24430
7041 7532
4680 10866
9253 22756
22960 26560
12179 14744
22907 25197
2282 8236
6263 22575
10543 15843
792 21330
1 34
3286 23669
3759 10086
7881 12549
6257 16296
396 12064
2667 19852
8683 10356
18724 27923
18633 26787
1056 6972
3354 19114
7136 11495
13616 23608
9465 17507
2132 12397
11073 27868
12606 27221
12411 27877
10286 16770
16912 22607
19704 26752
11621 21770
8086 21761
9888 19139
5623 23848
25552 25723
8734 20149
2157 9239
4992 19939
10451 13203
1496 10181
6705 25857
24823 26710
625 25821
11636 23525
17054 28110
1036 5371
21135 22292
1319 12145
4442 9915
21719 24509
6880 11868
6191 14140
8317 25868
4131 16686
797 6528
20448 20578
1658 13787
438 9610
11416 17272
16025 17757
3788 11562
7144 22688
5206 11401
1858 13365
3940 28094
3710 13086
6528 25538
407 24864
9631 27376
1529 18573
4440 18594
14255 23197
24105 25468
17714 20666
10839 21606
3357 7836
8547 10189
18336 25301
6268 21665
21770 23770
11784 14903
10839 25490
1456 21976
11471 17586
18516 21409
3264 7351
900 18388
13404 16328
7061 7281
19189 27404
15410 26582
22399 24716
218 5973
15271 24131
2079 11191
10185 13438
2301 28152
7091 8353
14758 27458
9986 23963
9263 27087
10239 26008
15353 19595
8230 13438
149 9260
7758 19140
7092 24750
2075 19535
8268 11730
2163 6527
4072 12107
20222 27750
5250 24950
5160 19329
6931 9560
4418 9150
21216 22507
7243 17917
22734 24280
13780 24104
15272 20429
2927 11748
16094 18627
1197 13829
5155 8454
4966 11312
16844 16989
14971 22464
15747 19672
353 10146
10828 16386
12009 26773
15452 16592
780 24299
13949 21080
16463 16998
7952 11785
5687 20140
3987 17812
16173 17773
2587 6725
4737 11846
65 15350
9371 14973
3059 22323
711 4489
19273 23361
396 19041
6296 22216
9651 24904
5014 9012
823 14151
7442 12437
15834 17779
8850 25083
7537 7923
3908 9188
21731 26161
7885 15162
10321 15469
6910 18520
1348 12322
11225 25122
21354 23983
4347 22012
1178 14581
10961 11693
17789 26497
14606 25321
1960 3095
9014 17194
13304 23619
11599 24659
9816 21252
4024 5522
13507 19721
9524 20503
11284 16781
9115 14999
11880 19819
16258 26061
6177 12617
25628 27596
11987 12040
6846 20943
25058 28150
16770 23441
396 8781
11480 13766
5327 7793
15832 18358
18351 19530
25445 26896
26395 26585
5387 7935
20636 24080
16940 20822
6922 24538
382 4081
5074 12944
13561 18274
5832 20294
1711 12214
12329 16860
9127 27273
17953 22416
12316 23799
21201 27485
13024 16333
15562 19853
2444 3620
3608 8597
5084 21577
1996 23937
10497 17300
5472 23046
5128 6922
4831 21241
8810 19655
5522 7975
1371 9323
2236 26215
1738 10989
12423 25901
4705 24799
12090 24124
19479 26416
11692 14853
19314 27720
21353 25368
7428 10012
9035 14662
4141 26457
9369 14772
27462 28109
1593 21525
14916 26262
21506 24764
19133 20501
196 7915
17080 23857
22311 27158
17549 24252
24554 27664
5132 21372
7310 13012
9116 21423
11313 18277
15883 16226
1920 24637
11184 18261
9466 18136
14023 14035
8776 16196
26113 28108
22564 24851
2033 23329
4205 28158
16991 23797
544 5978
9367 23932
9006 17911
13055 27961
25825 25904
2252 6994
3780 20884
2368 11789
495 22416
5245 24638
15964 20611
10944 20263
11295 22678
10753 19400
1177 10325
11720 23381
12149 16083
1223 3598
15278 25009
10839 13513
4266 8730
13195 27084
11052 14971
9179 9918
6263 27573
8190 11816
9465 22907
6432 18100
10369 25525
15241 25084
15882 23075
3191 4076
16157 25253
1714 20054
12361 18870
15219 24727
1433 4967
4594 19002
10054 17393
6103 24266
8372 13517
20031 21084
626 4976
23441 23935
14612 25278
808 14998
5102 10799
2418 19670
15418 21853
8811 17496
20547 25433
13910 26409
3272 12762
8632 21657
24663 25508
12052 15815
18304 21857
10015 20067
22996 24928
4069 22717
899 18451
20904 26851
7595 22475
17958 24240
16767 27307
862 24659
10618 21147
6009 8349
9398 17843
6313 18984
5710 20787
473 16627
7002 23574
16878 26880
1522 14610
19909 21798
5602 18784
5112 16337
3789 9294
8391 17557
20406 22813
1432 10230
4272 18621
4675 8956
9252 25607
70 21728
19736 23679
18696 24545
3734 4201
4355 15933
12105 22024
10995 14033
18120 28024
18115 24127
7523 26799
3806 8231
8003 12214
17867 23015
4435 21298
18416 20688
23788 27170
6930 15447
9925 27259
14703 25810
4806 17722
7073 17562
6220 20165
6232 10200
15268 21312
27306 28049
4891 9220
3856 8801
505 20235
12026 18019
8387 8536
11306 20742
3160 12678
5010 19424
3612 18774
5711 23811
7016 26877
5275 22869
19509 28238
7804 25851
103 16621
1523 12645
6562 8370
14241 16940
6255 16080
21341 24122
5692 26481
396 16013
11870 24723
16955 25297
6718 23372
1032 15855
17712 24652
4575 8724
21886 27398
16928 27938
443 811
7332 12126
8654 20184
974 23415
11785 26758
22080 22334
2497 15540
3279 24955
21788 23904
872 7878
4599 15816
24617 26843
563 3323
11603 17989
11030 17593
183 12890
8781 24502
20944 22516
11438 19760
2635 11336
15828 25629
4886 11128
3704 25748
8219 13078
9799 24415
1239 15119
10508 26356
25250 25591
19169 24510
10146 26147
14731 22548
4992 24576
1299 24265
13055 19775
14577 15290
396 23492
1254 11878
663 6355
4216 20548
23143 24415
3015 15642
24663 28136
23066 24861
6994 26546
7913 21300
7002 13412
9717 25363
610 23805
15623 19264
1609 1729
4539 6931
6682 23993
13699 27508
6868 14428
3689 17078
9465 20258
17161 23521
1 2514
5374 7586
3508 3795
8248 17280
8954 18704
16181 26072
1005 17700
13328 14341
10591 17678
7081 13961
1750 14575
6517 15184
19727 23104
11569 26064
952 8842
3400 7836
11796 11987
131 14378
5990 21151
9614 24527
25666 26134
14168 20503
7171 21908
8145 12798
3804 18241
11298 12942
14428 24549
4528 5091
929 8384
10806 11763
16742 25086
9632 23369
10128 22035
17196 20170
3412 16883
2131 11622
21449 22288
4962 17735
1713 21123
6738 17785
10287 14474
13226 19923
22610 27308
8075 19804
12928 19396
21496 22585
5505 10197
21582 25059
7681 9398
12178 22416
4522 20831
3944 16373
2539 13574
10990 24061
15344 19313
18862 18959
16956 21320
17331 18641
12072 25283
3154 12506
14881 25931
3784 13234
24147 25064
1152 9094
3073 10351
22875 28226
5989 20758
20733 21057
24997 26080
2894 4967
8956 17165
1056 2764
1986 27819
7341 23521
7489 17194
1428 9944
4340 21415
294 10747
12652 13081
5485 7381
1287 22456
14335 18719
6094 24586
12956 22457
4656 17443
4782 25039
4580 26503
4391 26342
4741 8012
19395 25693
18921 23154
6007 20366
11281 19061
1574 23413
1925 15044
21148 21535
5989 8478
9188 25827
1050 27776
19531 19585
841 1482
14358 25904
2690 24936
5681 27763
1177 21499
7286 22321
4132 17700
5701 26303
5228 16955
8145 10472
10425 22240
6905 9896
2479 18455
264 1741
10787 24238
10050 15164
12093 17584
3419 11634
12501 19573
2276 9553
5109 16324
13050 19289
1412 27129
1349 14017
8775 23733
13294 24669
8528 20201
5943 12829
11625 15338
396 6906
14683 21236
11757 20053
14895 16846
18631 23719
21012 24369
17314 23672
4507 14777
8523 11922
21638 26554
5473 12590
26559 27932
8972 12689
18978 24053
229 1470
3828 10826
10495 14825
1776 13220
8972 15226
8958 20557
23210 25559
14044 17027
4740 13017
11020 18226
11422 13764
17437 21050
4386 22894
10937 20431
5617 9328
11992 24068
23696 26526
18651 20162
2379 16695
1864 8190
4164 16271
7750 15643
16352 16665
8348 13193
2719 12956
22416 26503
15743 25729
12331 21263
13861 18629
7243 22979
7325 22640
4737 22841
8507 21603
18133 23249
6937 15573
10325 16529
7950 27549
609 17545
6204 17420
4737 10216
424 2274
5827 13785
6848 14448
12459 15418
14427 22506
6390 24719
808 17747
6182 27800
10935 22425
1978 11282
4052 19004
4869 16466
16640 21380
9264 9428
4863 6320
850 10639
6263 10497
7205 17507
6842 19123
96 25433
7880 18251
11682 12895
10303 27152
8310 20115
8692 25021
15366 22012
7075 10512
19657 27761
2432 9981
1609 17787
1435 2396
20946 27792
20297 20593
9465 18280
6229 16688
21864 27221
1039 15950
3188 14820
5534 27869
9716 23608
2714 27766
14264 24746
823 18690
4719 22031
3366 20667
7915 25987
4699 10157
21236 24025
3858 21293
19646 19934
17991 21610
18177 21235
17747 17941
16032 18843
18956 28221
7920 10708
20046 22106
1335 24221
11620 16588
19184 20944
1955 5731
1609 21612
11743 22511
7354 20041
15863 16055
7225 12397
12110 23506
4405 25280
10248 26754
3269 7747
6597 16991
1197 23485
14728 21398
10646 28238
3113 26682
20448 22866
7669 9541
3257 17115
17442 21026
10644 22960
16180 22352
8544 27221
16115 23033
4282 21605
23645 26192
2894 19868
7804 9458
12264 26503
27500 27938
5023 16509
16369 22326
84 237
4956 23997
8705 11701
2305 22639
6576 18594
7900 9654
1601 20269
11830 19052
3287 8145
22250 26074
22634 27071
1412 19460
5711 25856
3761 14997
7700 9535
8986 28162
1406 22286
14407 21828
4627 27746
7878 14159
20342 26795
15162 27810
16622 21098
8148 12680
10357 24684
24768 25849
15267 18891
12506 16696
4512 21327
1689 23265
12411 19989
10170 24271
15297 23926
18746 22231
10251 20713
1782 19544
3939 16766
13111 13756
731 8954
1068 10370
11271 19590
872 14378
19110 20390
1927 3415
135 6517
8524 10941
730 15666
2475 25175
12089 26089
2995 14738
4814 25173
9336 20661
6826 27262
12433 18950
331 11211
12709 24691
1940 18442
20661 24195
5006 20829
874 10141
11965 26786
4325 18208
16542 20283
4193 13527
5060 16595
16941 21798
1510 7173
3231 10325
10711 18646
6227 24929
14291 15481
23711 24145
11736 16170
5181 17320
11627 19819
18136 19657
20328 22550
18824 24618
6922 27669
8761 25849
900 7028
6355 27449
3099 18100
5606 17466
11155 13631
12340 20054
9199 9623
6354 24325
16879 18872
17773 22787
2447 3129
430 6957
18513 20222
396 8855
14618 21566
11192 23762
4361 25278
401 23085
16469 25405
3885 26450
2438 10720
13027 16559
3146 23603
19088 23520
4600 18533
7213 14534
5374 26606
19061 22387
14079 27585
2037 10459
11945 18920
18784 19244
7185 24876
23696 23719
12265 26862
6724 26115
5692 20042
21117 23669
20537 23104
22048 22935
8394 17377
808 21391
1767 11993
23377 27273
13262 21016
9228 16267
1794 12839
9358 16197
3321 18431
21954 25525
2004 20354
11637 14753
9214 15405
1756 12480
3000 11342
416 11922
6868 26061
9222 10617
21180 27056
20680 24326
8709 9871
3194 5705
13830 20707
584 18529
10061 21456
4942 18671
20650 26928
11908 21351
18794 21813
14842 19748
11310 23802
154 24274
1733 4498
9096 23365
12089 16793
1671 24836
21011 28044
14586 27588
11987 22966
7827 27867
11439 21326
1928 15207
9260 16890
6426 25468
19482 27766
8317 27633
3428 17782
1066 10242
7861 7896
8632 16878
7985 22925
12660 20427
618 22977
15494 22426
3146 11740
19502 27042
101 17995
2944 14309
2148 20737
17804 24612
14549 21312
5798 10917
19537 20166
8161 14694
22227 24654
11311 23679
14941 23619
1471 11519
21821 25788
7439 12737
25272 25410
6156 14574
878 23007
11484 13820
6177 11758
14636 26955
18516 22814
5055 14704
1005 25160
8100 11032
6894 21118
8248 27698
11106 26209
9396 27339
3202 25042
10313 27530
12323 16953
17017 20521
10218 13471
4555 26265
8291 12402
10961 11627
3790 18521
1613 22996
9786 21960
5428 18371
1604 22471
23500 24287
646 1181
2322 7410
7558 25209
2965 6355
10284 18521
3815 17404
1645 7355
17369 24167
17115 22595
3315 8820
8565 22660
1970 3162
13104 22818
1614 9377
22171 28194
382 8781
5102 17752
4151 8308
2303 9086
4806 24069
21950 23102
4218 19601
18891 21086
12541 12958
2270 15845
9239 10063
8819 14643
7429 11356
7982 20758
3619 8493
5327 7227
14181 19014
14777 24040
2001 15404
2436 5295
4626 25271
8924 11789
1116 26178
8396 13967
12321 22269
3446 12025
13364 20265
10352 13707
2447 3501
2885 25422
5551 11504
580 23721
21792 27494
13910 14821
7082 25849
443 24266
17102 24444
17245 18811
4952 19004
867 20856
6759 25919
9628 23430
5850 15525
8944 15945
22078 23619
8749 25137
3522 8964
1292 9557
5296 16959
9536 25187
684 10471
9124 9165
2121 16010
8770 17341
3369 23745
6393 11948
5 1971
5651 16369
396 3372
3285 14758
446 26293
21377 21770
4280 19543
6422 24317
4035 19475
369 5984
2935 22795
341 9465
21443 23500
2150 15206
8251 26131
16787 18295
10006 22283
4477 5916
18236 26089
15178 21474
5351 20197
6462 16311
1095 1925
920 6143
5618 7025
21201 25039
4498 23102
10309 25963
11734 13842
7886 14653
12886 21481
19576 19959
23863 25104
495 27563
12169 27078
4436 4646
13725 19705
13186 13405
8911 25248
12444 19576
2003 15502
2702 27073
2688 7923
10570 22593
8746 26110
9997 16386
1722 20096
14380 27987
5867 10298
8158 25729
11526 28079
17336 24782
518 18548
19033 22664
7522 21909
867 28049
3634 23593
10987 24904
6046 10998
4256 10015
11945 28014
5898 25566
10971 22210
1920 14807
12325 22329
22295 23362
1757 17273
160 2327
3068 23644
15317 25549
8343 14437
45 6841
14277 21535
6239 24028
1003 21823
21717 23082
14023 22028
16393 17399
1711 16116
961 25341
8 10111
3978 14817
8781 15022
25179 25268
582 9183
2222 13313
7998 9924
4 24023
9223 14400
742 3329
10405 10986
8335 21983
3878 12483
9320 18704
5445 21268
3998 23696
848 16259
3842 7350
17259 24660
8692 26113
3810 9992
5408 12787
8982 27869
9189 11651
7950 8430
6220 11693
6801 20395
8290 24910
13239 27505
11100 13757
19024 20689
2379 7209
1407 15660
4216 23750
10175 14920
15811 26031
2368 20579
995 9429
10489 14697
14020 14655
19231 20441
1394 11677
6103 15642
5504 11235
14318 14480
4580 7600
2087 11080
7869 16372
4274 15141
17289 21891
2353 24998
1928 15074
4769 24207
1116 26857
9954 15255
15565 25981
13181 16259
7927 26179
5883 18019
3970 22071
25174 25653
396 26960
2379 22803
1951 15824
10540 13960
4139 19714
2410 10262
8801 16284
70 4161
262 5510
8410 26411
15493 17167
10209 14820
1275 8437
5440 12081
9081 15610
16500 26053
1228 9294
11499 14719
3745 23265
21470 26736
31 27099
1181 18131
14457 19583
6337 16840
20109 24104
6841 10270
2802 8581
9252 22124
9927 14500
4866 12927
4853 26469
563 24548
1052 17304
6940 23082
15346 18990
19972 20162
3161 10861
20444 23635
2387 7835
8144 9339
14948 15182
19474 22396
10612 12218
6657 24422
26232 27640
21053 22379
14616 25561
22964 23549
3910 6769
2170 9803
7444 10102
9425 10569
12986 22522
4952 21438
6515 22237
12775 17936
115 2096
3694 17097
3008 7551
21598 23577
3030 19906
23219 25529
8657 11599
4477 20384
15620 23553
18254 20053
19956 21944
7682 10350
15658 22978
13343 20836
220 19480
12689 24752
9578 9919
929 15196
10318 13957
6883 13024
10746 17281
8443 11104
2221 16954
2063 14513
23355 25589
8536 14389
9895 18952
3011 5270
4197 18615
2409 13700
17568 18553
8241 9848
20724 25197
12652 17951
14481 15022
47 15049
19204 25020
2813 25213
10639 27751
2412 22940
15271 15741
20990 27922
1888 11535
9032 24163
1952 3187
15291 24610
2508 8193
6521 18428
24364 26784
12874 20384
4477 16194
7213 28163
14998 17638
2431 12361
22425 28211
10886 26680
2526 24444
8553 13870
2189 18521
22267 22444
4336 16410
23781 25032
3577 5199
3059 15540
21029 25283
10061 20639
5782 26526
1211 23096
6891 12020
16043 25226
1049 7386
12517 26597
8205 14640
3959 7981
28 9706
583 10675
16932 25454
3547 18287
5594 24870
10622 16677
1655 11125
2105 19658
19353 22205
7664 22106
16960 21773
12410 20001
2339 23193
370 4439
17678 20008
14758 27454
7119 22223
17837 25525
337 9717
10472 18383
12262 19735
2245 6065
10629 18133
8718 19551
5716 17955
1461 20848
10300 17028
15435 20031
4216 6029
3413 25043
4076 21003
5996 23183
19200 24131
20661 26030
12709 19137
21359 27756
735 17605
19325 20417
9589 16597
8034 12735
3345 6214
15493 27572
127 21029
4051 11747
4548 12257
13681 24461
24158 26404
4174 7647
12994 22634
24068 25557
15664 26931
3385 15561
11396 20672
6868 27129
20064 25028
7987 9831
11397 18933
6911 15874
22479 24738
12598 19086
22968 25484
8624 24160
3544 8508
7905 24836
5727 22151
5824 16591
11818 25704
6753 11628
7915 9519
17239 25879
873 16219
12614 19584
2212 8936
5620 22255
19525 25202
11260 19768
16313 21628
5117 7195
13081 14258
2259 24453
5832 22170
3873 20682
923 13787
16814 20131
4466 7198
9347 14187
4325 11637
4339 5466
1730 19618
2680 6962
9314 27651
3362 22688
15292 17816
21324 25630
17099 21835
21146 21201
23593 27541
8356 23197
7030 26034
2167 3364
11244 16383
13507 20476
13894 22026
15312 15847
10924 17966
4087 22409
3320 25274
2353 18985
9584 17283
7608 25732
17678 19169
2516 21413
1466 12985
12405 15920
5659 27428
3294 11340
1745 22784
1475 3675
1006 10207
17718 26932
4448 16424
2002 6946
9361 14435
1311 3380
18981 26898
5082 24589
16276 24869
21696 22159
9033 9361
5074 16388
11261 22947
13762 20222
408 14492
2937 11260
24372 26892
9018 22214
8345 18657
1075 17555
20884 23062
11375 12931
24600 25853
11513 28116
14971 25735
16122 27262
809 7896
15133 18027
9548 14730
19188 19977
867 21158
3342 23074
1489 10553
3810 7900
7540 13353
19877 21218
1477 25510
16238 27985
9553 17963
4562 27458
4867 16491
6497 16694
3366 9553
12049 14632
6676 12402
7256 10019
6126 23061
11142 14342
851 22547
2283 3019
4287 25855
4719 11311
10579 18554
3484 19678
1744 24869
20956 25417
33 19712
1979 16694
15286 20860
197 12793
10699 23014
9614 10801
6432 28082
19712 27821
11409 21684
8924 18745
987 9286
10154 26913
369 11580
9704 23216
5537 7999
2225 3876
13391 22942
8281 24218
3251 16763
3239 18056
12696 14794
1108 11570
6695 16999
131 27321
3551 25626
1106 4087
324 16126
1171 20711
7362 8177
7632 12404
2386 27835
4218 9683
2324 9482
1104 4253
6342 22203
3090 14436
12492 26094
2667 22340
6230 7952
1167 10824
3685 24274
16543 28154
23 22104
5571 15985
15249 17456
22897 23739
17165 19686
8889 20909
14743 24279
12121 27175
7761 8411
13009 15839
17506 21826
9408 23553
933 12628
3741 22846
2022 5989
10442 24181
15446 23560
11669 11987
7393 15173
20892 26076
24069 25197
15555 25956
8567 14925
7205 15376
1776 18787
8355 25375
11288 22966
2462 15865
2298 11280
652 8596
10431 21407
7213 11643
4146 25490
11867 21391
7984 19354
8122 18704
8898 22548
15561 20857
16886 21124
6738 10643
396 19456
5201 26126
7552 11071
13208 24939
5893 18521
401 22112
132 18995
915 1181
3324 18904
349 14108
5465 17428
551 26907
889 21552
4806 9923
8152 8430
7375 16435
11273 11880
18807 22528
15972 27514
8677 14437
17020 26743
3683 13824
12486 19428
5298 9647
10972 23020
14024 23056
14264 27686
3287 21552
1797 24929
19865 25309
3841 18164
15913 26218
1061 18673
22120 27579
4061 11945
7648 7879
16012 27261
15190 19385
7937 8990
9784 13522
20010 23106
2586 21919
7410 24444
849 3038
10935 24637
569 16781
15906 17634
3769 7108
57 12511
6414 27265
14555 18257
8792 14491
8291 26458
14770 23584
4141 15190
8318 21987
14760 19428
21766 21800
8458 11423
7916 12910
11416 16353
2061 9579
10950 13819
3930 14200
2224 24444
16656 21276
7928 24157
4952 12356
16090 18454
4408 16036
4132 8497
1538 8781
9416 10998
17965 18631
7031 25005
2294 15660
19918 26107
7247 14844
8066 8202
21798 26055
9215 11989
21650 24217
4274 9782
1727 10698
1913 8379
8740 25317
3086 16627
13408 19876
25006 25968
3454 13901
5680 8872
11298 22513
6586 17499
10831 19247
10332 28162
223 12377
664 15308
1475 28147
11063 28230
12502 18128
4887 10986
4661 10063
23932 27821
2293 16004
13054 21942
21364 24548
1784 21423
8151 25547
14571 23719
873 23388
14890 25704
8523 23899
1370 26696
3866 15771
296 27373
23073 23738
5996 7893
2102 3219
8411 23678
14436 22773
20384 22511
2694 9551
11204 25036
4828 9008
3742 16270
21628 27446
23455 24148
5691 6086
3869 27161
14104 23016
24425 27942
6680 10292
909 4949
3446 3762
1349 19640
5554 21779
7826 28156
19033 24831
5523 11341
11780 17133
793 20233
1699 5976
6714 10207
15497 27607
10234 17316
9593 11820
13385 15144
1621 16656
4645 24589
648 1406
20096 25595
1774 12692
9560 16963
12264 22269
88 1842
5308 22104
569 9214
8210 16385
13597 13702
3731 14888
19144 21224
5964 15517
17012 26164
15499 21436
9858 17842
1064 8704
891 17114
10698 12195
5540 15619
13970 27746
11959 16504
1311 19246
20400 22285
17318 27412
25910 27285
4209 17241
9423 15184
15840 18591
3059 10956
11117 14016
22255 26561
18265 25175
2396 19712
9989 12720
18094 25143
7962 9829
8906 13448
22634 24127
3599 25286
20069 23663
22656 25907
2730 28166
12045 12143
580 8413
17141 19205
3900 22263
4676 20991
17373 21266
1609 22648
3581 15673
23375 26821
7152 20564
5114 20913
1382 13504
4789 26588
12411 21120
949 1151
10763 25174
11692 15037
18704 23186
8229 12108
8579 13564
13970 24904
7510 13482
8694 18430
8513 23142
1173 10653
13492 17170
6674 20959
26285 27168
867 14506
15165 17516
1589 26676
20458 28086
5614 21770
25278 26313
13432 18092
15297 24290
12261 13227
10326 17230
11422 24081
457 19746
1770 10197
6924 22209
356 28115
1349 26968
7361 11022
8120 17966
9472 13988
17637 25034
2325 20406
18977 24841
5850 20680
5437 21262
18906 21158
8985 19469
1996 17603
722 27034
4167 7396
6549 26846
1887 8410
2362 14957
495 5717
9416 21029
10618 18201
4324 26513
14474 15916
3002 4839
3173 17975
22530 26481
11082 26549
979 14539
21849 22827
16057 19977
14728 18591
12801 19473
19830 27698
3121 16027
15356 22769
18706 22666
1302 8424
582 3463
6081 7029
26909 27168
13776 19775
15754 25286
7458 15120
13118 23932
14923 17967
3273 13682
9662 15981
12777 20944
12779 26959
7360 27715
886 5807
8333 16456
2787 18879
5079 14443
23111 24205
5978 20195
4133 16038
4573 9098
3670 24752
26386 27152
20849 28044
19228 22331
10114 11876
14154 19985
1882 26613
2828 9589
19337 25310
6255 28175
5160 21665
15398 23398
6633 22040
4328 12023
5283 14579
11781 16155
4933 27004
2904 6805
12257 27152
345 356
13408 13686
11015 19502
23100 23214
476 6241
7439 15330
14724 20601
9797 12509
9194 20144
11992 28009
2288 15267
6779 7031
3078 7033
2295 27895
6741 19295
8924 9867
2862 9717
12564 15021
3651 14775
10935 26000
10048 16354
1197 2540
8665 21797
4694 26055
7471 18920
16784 20658
19229 24946
12790 16814
21194 22621
78 10444
4206 5147
6493 25507
5572 17494
4518 20967
7025 22530
8657 18272
5979 11014
15077 25163
3733 13362
15961 23558
2435 24608
14907 16406
11011 19064
20313 20337
2022 18874
8818 16276
7832 27578
13736 14633
9465 24830
16341 16652
10881 25013
2436 22787
18724 19451
9460 10061
16484 24069
1645 9337
1679 15371
11439 15748
4715 11199
4565 26323
7229 11140
14389 24451
12173 25759
20816 24438
11295 19424
1672 8689
14969 26626
11085 24947
24059 27004
14867 18820
10160 18435
1477 8626
9038 23220
5989 27078
17473 23593
1343 10303
5545 21082
15753 19594
20907 25283
12561 20832
6026 18302
2751 9524
1589 3037
2396 25433
5485 5719
1916 16657
19199 28108
2891 12954
13014 18312
2881 10692
18321 21585
10767 12016
6390 16870
5874 19068
7099 11229
19145 27844
4378 26528
4623 21819
1036 26622
8816 13373
17518 25799
99 1777
10258 12678
6529 27485
17438 26120
12034 12043
17022 24229
11880 13762
3934 14333
5540 8048
9461 18154
22558 26752
9697 18346
6700 25335
12602 12851
569 17075
5682 9759
4993 26644
8086 8889
3733 7707
1476 19127
4963 16365
12737 18760
6282 10328
334 16584
8668 25011
8692 27352
14655 17130
12637 25719
3383 3805
3140 15037
1 16675
12590 15596
9795 18690
10388 17530
4539 9483
1836 27952
8833 15592
1672 22570
15480 22425
707 10874
6317 18050
11430 20328
223 21849
20469 27248
8781 16582
11479 12282
9338 12708
12865 20737
18818 25870
8741 13710
5787 14500
8864 19913
6868 20675
1404 22651
5588 22324
1789 18557
3947 26147
10309 24461
4595 15572
10667 16131
14611 21266
4072 15664
4195 21708
18669 21370
691 28138
7821 18605
16331 24938
27316 28210
23906 26945
4081 28031
24282 25564
7836 21914
2031 8204
16581 17302
18358 27906
973 10216
7379 15530
262 2721
14389 25462
16458 16961
11816 11992
3874 11593
16625 21710
6511 16349
2433 23880
16373 23791
9690 11433
3210 19699
3463 27508
14650 23710
7966 25494
2147 4394
4414 21689
22112 24491
13195 14971
12377 23111
11994 14606
198 15112
2667 8811
715 4332
3117 7798
8705 23130
14843 27927
7025 26276
14814 15634
4700 18884
1982 20144
14611 15529
8426 22630
23565 25184
19008 22556
5673 9193
525 3626
10893 27005
4362 19846
3287 12890
3512 18911
7832 24127
14261 23693
592 10212
19212 21725
1259 18704
11193 12711
1590 2333
1884 13888
569 18361
3861 25079
13314 21157
23963 24055
2722 11666
187 22105
1858 22127
8016 15286
19975 21297
12754 23295
2381 27931
2996 16104
9152 13721
14072 23932
3609 27382
1935 15749
5585 15713
605 16480
898 14168
13467 14828
4715 24279
6846 18999
1178 12612
3501 16413
23377 25547
14898 20339
5725 9574
1404 27509
3788 10309
13221 15497
509 25987
19846 22143
6198 9187
15477 18679
4507 26153
9050 22261
12852 25276
10676 20344
18160 25034
16784 17433
11578 15130
7450 13354
7108 10767
6182 14004
16901 25903
4546 26297
5700 16957
10498 13807
7154 9569
211 7005
17702 27978
13564 28056
17883 21606
2435 24910
12291 26851
8291 28196
10728 26228
14635 18304
16823 19219
6026 11310
8304 10956
10886 22645
12805 14438
16520 26089
18824 25329
17284 27405
175 17974
21883 22387
13015 21944
23929 25107
16802 21366
13910 17902
2586 10208
23771 26409
5691 8990
2784 28069
3201 5983
8797 17487
12860 19192
12 8766
4737 11281
4185 26713
9569 12069
3286 15394
1959 24323
18826 27488
19383 19647
3919 25644
5198 11703
10215 12404
7066 16467
15633 26820
15308 15839
453 14817
4138 5366
1851 28055
4604 4656
7684 20179
15768 25954
20502 23365
13272 25658
15429 27269
12614 14652
799 11729
10089 19053
3592 22131
644 13728
7223 19322
2677 19068
11841 23659
23502 24068
4110 11141
13424 22984
6465 19483
17802 18457
4142 5288
11813 21935
18787 22716
12737 23066
11813 16736
18280 20558
7741 26324
14248 15292
15779 26053
660 15665
257 6441
1609 25254
10913 17763
2775 13458
19548 20695
11804 12532
19067 20592
11416 23324
6307 12276
12941 13175
5071 13956
8527 27799
5722 11133
365 17604
26436 27745
6579 8982
12363 21409
6342 18427
10576 20131
19821 23107
11164 22339
22090 26716
8176 16234
12794 23574
1653 8280
10935 15376
5971 8274
12214 14407
2878 22949
15454 21350
19105 19696
17545 17963
12225 19686
7253 23835
4682 25997
406 505
24872 27429
1015 3275
20715 21000
9035 25827
2111 5277
9800 24244
26425 26806
12110 19031
6177 10039
23767 25099
14712 20545
1103 4618
10449 17446
11627 24280
3406 10277
7111 18775
11073 12155
11892 16230
15301 27835
7152 27795
6865 17055
16197 16603
6703 22168
17526 20667
2410 12866
21737 23145
8493 10646
4990 11104
7832 14642
10260 16348
3997 13970
10641 18334
14093 23932
8756 15987
24324 24470
62 9795
17500 24973
2667 27072
6728 9356
437 9938
19857 27966
9834 23143
5047 18574
13793 22223
9001 11113
11712 26228
9416 11444
8924 23172
14579 18924
4123 19885
13924 16683
19819 22457
4367 27418
12729 16976
22210 23269
24074 25080
8816 16311
11720 27624
11522 18691
14459 26646
7005 14993
11442 26842
14180 21784
14991 27313
15466 22524
5731 12228
7023 13029
17695 24095
5454 20846
3251 7707
26737 27374
13351 26744
20355 21746
152 25059
673 2245
2208 21797
17071 27841
9717 17661
6441 24344
705 9959
20991 23880
13195 13890
643 23954
396 6876
17120 27950
11571 21326
21577 21804
808 17941
7185 23864
14961 26147
9067 12565
10179 16624
2435 23952
3108 8899
9441 24804
789 5453
16707 28044
689 24719
7355 21327
4189 19285
8924 22130
25008 27423
573 7285
18591 27890
3790 10004
11975 24205
1915 27113
17067 18366
6507 11817
5477 9190
5453 10524
8318 8504
17838 22857
20130 27841
15064 22678
21853 22349
23248 28054
4188 25056
4141 13663
2606 15492
2386 12479
19143 27912
15282 21950
5074 7003
7592 7677
16974 21995
20041 27867
5579 24509
3472 7160
11073 25711
26181 27269
7096 21915
4528 24444
7935 27025
6278 13739
4818 17898
9233 16418
4960 26047
22207 23343
4093 11348
3592 10023
8300 23230
13332 27494
10950 25043
11443 18959
14517 18574
18758 21661
3802 7782
18476 19445
4690 6196
14378 24393
24965 25409
4660 16333
17220 21066
16668 25684
12536 15421
8937 18326
20925 24332
3294 20998
234 8310
23 17730
11809 12643
18876 22546
12805 22544
13581 13678
5190 25039
15313 16418
14666 18724
12980 15934
21057 26000
8750 18522
6291 20266
7135 20881
11287 11746
13311 20710
21554 24032
16582 17005
13091 19181
9696 22565
14033 15335
17742 26743
11193 17509
17739 18797
4325 18591
4142 18823
2396 26593
54 18082
14712 24323
872 16359
5213 23373
22348 23007
25396 25405
20162 24061
22106 27175
9994 10879
7898 16949
24403 24444
9782 20313
15194 16170
116 8244
10119 16526
6896 10753
8324 23799
14798 21149
19930 27374
9764 25382
140 9992
1635 22404
13984 18823
4039 27587
7419 12479
8256 15571
12252 28190
6355 21951
7023 7260
237 19374
23706 25760
3317 26690
11131 13784
2230 16303
1164 1843
23143 24095
11846 15141
13887 20355
17760 19837
6078 22048
7404 12155
14320 25263
4016 6072
8158 23566
20227 27538
17509 19383
19861 28217
4142 10330
11363 13005
7877 7915
2720 4366
10916 17522
2980 23289
14 1030
2798 27067
8593 17662
16355 16782
7464 19981
1093 18845
7312 18421
2158 22329
23395 26559
7105 27298
22605 26505
4019 22899
13220 27285
5593 28260
5384 9161
2288 2517
11220 24171
1772 14696
17166 20309
10166 21254
18564 19819
11873 15840
8169 9528
18541 24454
7286 15004
411 21674
8846 17847
16293 19942
6355 22101
2272 9769
2021 14017
12854 19466
16599 27879
18141 25310
5510 13566
7950 11697
7975 21938
5183 23574
1103 6876
1621 5767
6760 13185
2396 2409
6939 14031
1852 3728
14896 18174
343 21372
2396 21438
24862 26031
2667 6881
6182 10077
15175 23521
10184 17229
3398 14794
16677 23863
5327 17902
13281 14827
10594 15169
1770 14477
12097 18448
8935 11034
630 5128
2389 11629
13540 20470
14353 24765
11640 17202
14805 19382
1374 27703
16582 23727
14513 27987
15423 25157
8946 21981
19979 23929
1507 14865
9095 17823
406 12149
2382 25066
5287 15340
17412 18164
10967 13422
9621 22197
3586 28100
5094 6985
5852 7213
5266 21491
13711 20541
21335 25927
1162 9294
20621 22549
8898 21700
12089 19906
22040 27152
22702 26391
4930 26131
24412 27841
5659 19192
12170 17551
9010 16328
18037 24418
12724 21053
18219 23919
5716 19857
2711 3017
3802 10800
4274 14559
23005 24681
9333 26010
12495 20492
13564 14710
19425 23415
4993 7485
538 26395
717 16590
4066 8796
10318 25788
17114 18408
2788 15942
5894 26517
5158 17457
609 18057
17115 19647
7836 12792
17107 18556
10114 12423
22996 27932
3359 25603
8048 11627
6097 22383
16974 18603
11877 23593
12693 27919
23399 28056
4806 15021
6629 8858
577 12742
15920 22154
22056 22954
13073 21526
2958 5506
5836 23296
6363 13917
3059 21811
12908 24069
12538 27746
919 6814
1757 11656
13378 17438
15950 23873
5888 20337
2452 2954
7870 13023
8936 26074
5062 15531
23379 24069
2082 13154
609 12104
14681 24873
12091 19522
12980 23273
3410 9404
8925 14775
21078 23418
11015 15047
345 4571
2929 11113
23269 23553
16527 18673
6734 25013
13221 19257
8937 16083
4312 19829
11961 26268
12551 23830
4251 24068
14016 24540
16627 18509
19670 23866
9583 15614
21170 22019
10825 16835
3805 26611
8872 16276
7092 27921
3726 11066
14088 19409
3440 3585
49 26244
15664 20816
8667 26825
7134 26356
12118 20830
1343 11272
8456 27129
874 14107
630 8710
3399 21863
1559 13468
4265 21205
1066 26593
4409 8806
731 12275
7323 15141
23884 24480
16679 21849
15749 17641
2740 13046
2986 7011
3052 27198
16184 18628
5815 19817
10010 22630
8785 20245
4605 14794
22025 26686
10606 18136
22804 23897
7926 16314
193 27821
10348 26520
1860 2452
9281 12282
3629 11047
1091 17947
16591 21631
2714 11030
25453 26397
1887 12651
21121 22424
867 15467
16957 25189
4162 6868
4836 7783
1830 21962
13906 27405
13073 18265
7205 13373
1167 11319
22376 22947
10755 15815
1665 9992
880 890
141 17651
2710 3879
10668 18823
15380 23411
2667 17446
1876 8654
15597 24181
17471 18490
6507 24762
5117 16963
2826 8972
22163 23872
3819 11562
13168 26069
16090 18921
21962 22469
21154 21564
8869 27500
341 27746
1937 2646
9438 16826
10060 24324
18911 22255
16623 24240
2629 16482
22636 22966
14776 22892
20331 25164
7833 11652
9388 11190
6458 18273
17022 23236
6848 19853
3627 9198
9535 14086
10915 23719
645 25081
1754 8145
7813 25697
11336 17202
2179 16941
9828 21369
11008 26907
16855 22857
1351 16016
6972 15224
4006 7880
7330 16473
11789 17921
7003 9702
1950 26828
6536 6888
3512 14016
11369 14407
10845 13649
1038 8814
11467 23799
14914 24529
18629 25494
5495 8083
11360 21716
16333 23340
8446 19133
12614 12956
17825 27244
638 26172
6302 22076
8901 16131
14633 15808
6868 23863
396 18507
1920 11846
21855 26536
15162 23858
4316 27942
4623 18381
8176 27464
509 10726
2022 14817
21244 22919
9702 11274
6930 25118
8167 15169
5036 22894
5320 21671
3592 19152
3121 9631
10444 15996
4101 4689
5587 17461
7534 11809
4468 12261
1402 5617
10323 22020
20162 21236
48 10490
5807 8530
2996 18456
3356 16006
1748 6490
5965 24968
21296 27263
9868 26871
24807 27695
9747 11045
5041 22230
4290 7518
22227 26121
7704 17633
5079 21707
430 7341
86 16071
8611 19083
22697 23962
13832 26347
11677 15033
2706 11655
4282 21423
1935 7896
2212 5725
1852 24274
220 4498
12839 17137
2725 19445
3204 16017
8322 23299
13682 18281
9518 17299
13416 20712
4519 14016
9214 20114
3253 24453
6994 12606
4043 9505
3364 3913
25056 27142
6506 21944
18189 23970
3100 4339
13380 17098
8855 23162
2209 22226
2443 21000
19259 24095
12252 17554
5893 14723
21011 26508
14592 22642
4493 18173
17977 27342
9720 21430
13649 15952
19204 19546
7326 15531
9367 25433
16939 20201
8057 26740
7522 18993
4417 23024
1991 13597
1936 9078
5899 15032
16979 18581
1104 11023
13820 22916
614 8141
22649 25059
3944 18736
6001 20033
6832 23955
24601 27279
13705 27046
1936 23928
1117 27013
3337 22946
11905 24095
18778 22390
13407 22498
10786 16485
3121 27382
14108 22537
23980 27745
8551 13351
18793 19459
1920 25879
245 1699
1681 23303
3373 15511
15410 22425
16155 26946
10719 26591
12965 14431
6584 22042
6793 26256
10324 16956
26921 27890
8251 26476
6215 10304
6026 23445
1499 21139
867 22611
8478 28056
1266 3798
1477 8509
3183 11786
7629 12388
18850 27126
7917 20027
18189 19021
7211 21428
2531 5730
6848 24886
10146 15428
9800 18497
2247 4859
8605 27298
4711 5196
3323 22607
5525 11322
3416 11722
2413 16225
17119 28215
17595 24836
8488 23798
17782 24849
5395 22606
424 20935
2727 23748
10470 22353
6751 17471
2885 16759
18522 27669
6071 18556
3552 23023
3592 18176
824 14103
7538 22103
910 7469
1902 4424
14675 23143
129 20943
2565 23820
13661 24588
12986 27149
6085 20581
14865 15920
16797 18103
6883 26412
10902 11149
9640 12002
5913 7619
19491 24122
14010 17902
2604 27821
15184 25068
9367 21724
9114 14550
2342 21965
18824 22392
4500 11754
2169 4489
3845 3953
12312 14632
9084 17502
3065 20431
3881 9993
8679 25402
6177 27197
474 14685
83 13664
7111 9815
799 3669
15265 21569
14972 21438
5907 18837
3265 6344
16999 18427
12536 15747
911 23722
14164 24377
7341 18837
15202 24608
9755 23882
1324 23596
11331 22666
9012 18123
10039 12566
12228 15916
6078 8351
6049 16877
1140 10146
4072 15246
12559 18583
1613 11134
12765 27890
2423 26871
20467 25992
48 9981
20832 25437
5204 8185
1475 17070
6318 27961
2024 5684
16587 18176
4671 25174
9520 27117
7029 18901
9687 25116
4714 22217
731 27731
3119 14006
8930 14165
7987 24373
23520 23820
6623 14577
1972 21679
15637 21798
17364 28046
13830 18665
7666 23625
10023 21639
421 1045
2852 18580
1948 26503
8123 16194
11026 26408
6028 25200
21157 22874
3665 14457
5665 18011
8451 10911
3825 25306
5895 22200
7346 8478
4065 18824
3281 7758
25908 26151
288 574
1498 22818
9878 9903
21917 26348
11484 14487
8886 21423
6824 23384
5086 24339
1556 10050
17220 25297
7038 16997
6255 12573
7802 19182
2105 7330
4581 14111
16547 21074
10023 18167
5941 17851
9799 20264
14838 18024
15497 23034
234 1878
7236 12954
2399 19011
9067 15108
3475 5519
3664 14492
3704 14575
2245 9851
8318 23708
11804 17965
3430 24155
6791 14609
19548 20594
8057 14807
7793 20853
16992 22862
11171 24872
8818 10652
14123 19085
10364 27027
22581 27821
8754 19515
2622 20512
1228 9422
7743 25005
20470 26690
1 2039
1036 4959
4581 13072
2104 23561
14612 18560
14344 22787
1321 11872
27293 27428
811 24031
7136 26738
1399 12369
7623 9001
1414 12733
16185 23543
23915 26880
19712 27152
19169 25788
9704 16138
24823 25713
14771 23566
8280 27710
8786 24841
5749 23648
7830 17846
12716 24334
9923 15432
12341 27398
15530 25708
1878 7777
9766 16605
2189 26665
14574 26659
2045 4656
8124 25693
8718 9065
9285 17795
14795 17760
1944 23082
10228 28015
1243 13599
9375 12978
21407 26784
2635 19409
12262 27790
5755 17518
563 11274
7523 26927
12887 22476
21450 28158
8985 18704
2504 26103
16969 20944
19533 23619
503 18504
14431 21126
3017 17199
10407 19484
2605 24068
19781 26745
19249 21555
7135 10688
27359 27811
9020 9127
25299 25608
2470 7166
11560 11652
1049 14344
12403 16587
10540 24949
15085 21891
6413 13348
78 11940
8970 10034
11306 27252
18001 25414
2710 5427
2148 14361
12672 26057
8264 8855
7590 8157
18591 24659
1367 19177
17131 25869
25262 27969
27313 28277
7457 8022
9864 21959
14489 19135
3127 5791
9803 9829
21194 24554
10882 14359
17715 18348
13042 21804
1239 7635
15639 22750
23490 26165
7903 17347
10982 22871
10146 10532
13114 18417
6244 12002
7891 27977
8096 17847
24427 27075
9469 23642
12416 19028
7120 14298
8040 10559
911 3411
175 26290
1033 21826
15211 20803
790 12596
9327 20954
2348 16203
705 1872
596 27052
4761 22012
7741 18594
16289 22734
12411 24828
1628 9590
2807 13180
7929 24481
22020 22161
6972 24384
495 12708
925 1171
16582 17489
8772 13220
7254 21208
11784 15137
17654 26113
12244 21296
5438 24040
24229 28190
758 5418
6926 9635
6891 15258
259 25220
2341 12765
12010 21412
19210 20008
17657 20503
1878 26012
21883 24340
3745 21987
3719 14969
4686 19550
5424 25770
2269 16016
24378 24892
11689 14431
1435 14632
13468 19813
24752 26659
11743 19924
7481 12829
18694 22399
7937 22273
10214 16884
10061 20267
2939 27560
967 1358
6333 27193
2225 18942
976 2157
12404 26540
12708 22638
20423 22156
14969 27902
5669 8290
10704 17657
1484 4254
5458 15950
465 17020
1773 19364
1554 26782
2369 15985
31 5536
9514 17075
7700 23719
2076 2807
3828 17823
10427 19197
1604 4101
17944 27856
14577 24374
8208 20758
8003 23550
20667 26686
416 16509
3522 26921
14276 18988
904 21829
16113 17604
2894 12696
8707 23520
3608 4581
23400 24600
211 5913
14511 26281
867 23088
10830 20480
3128 5288
1327 8256
2333 11004
7533 18850
23610 28277
22466 26261
14798 26322
676 13222
11725 16117
1594 14881
15635 20611
828 26554
15297 21192
16581 20424
1755 19019
545 15692
6982 16588
9395 21300
5397 10085
6763 20347
11092 22699
4565 26273
9904 18541
6862 23174
27676 27763
1302 14557
3257 12696
3071 5339
9001 21847
21094 25081
11878 23454
8924 18938
10027 23143
8754 17171
8816 19639
4386 12402
19109 25329
4878 14304
6923 13876
19948 20537
7285 9395
15376 18950
10401 15041
1124 5125
7419 14287
10326 23989
14776 24086
8528 9776
13482 23288
16276 25571
1817 23868
863 17963
9460 24136
3272 14606
2994 8491
1878 21245
9768 24648
9625 19793
22456 23108
11558 20008
5446 7507
12978 24277
3646 26572
770 25409
3858 12402
5510 5989
14588 25174
4189 5332
14055 19064
24295 26457
23472 25774
11356 22711
5308 27823
3219 4129
9696 27035
17530 27737
8086 17473
5665 17408
11953 15429
16895 27741
12137 19502
14380 16029
1991 26976
19139 25032
10990 28046
319 21171
16835 23722
4098 25174
12835 19742
2832 16957
14802 26943
10101 20616
16314 19947
7420 16187
11214 16038
13856 20621
18665 25788
7083 14666
7414 25793
17803 23915
20422 22180
5583 12402
10175 13868
15717 27455
11197 13772
11434 22960
1510 19004
24285 26581
825 15498
9127 25269
14595 27374
10846 20551
21851 23125
9718 18669
3585 25178
11177 21440
16545 27758
10972 16850
2600 22265
5734 8463
5797 11677
10972 11817
9495 25634
1433 21542
6190 14471
2349 9623
22547 23733
6370 23619
5911 23828
212 27489
17931 26440
72 11948
2596 19400
11692 18636
1432 25568
2624 5507
2460 13787
3228 17723
6705 25503
22296 22841
21324 21883
3741 6207
13328 16241
8816 19189
1143 17963
11479 14989
1426 22232
15836 19593
21326 26299
6800 25091
8168 9323
22010 23873
2826 18374
2826 5220
9894 14477
1490 1720
6994 11710
7751 27394
5678 16110
1434 25349
14814 22923
9922 20408
56 18061
18470 22492
10578 19296
5406 10515
10209 25786
1502 16949
16668 23602
23592 26197
14153 18472
8060 18347
2308 13927
24358 24536
6487 15612
14129 26503
15683 16389
5630 27594
295 25813
9147 22339
17812 20687
11692 13564
9804 21030
13756 24005
2518 10428
18478 24080
10326 26650
5775 27026
3969 26448
18651 28128
3918 8587
443 4535
4580 5984
6051 23391
8797 22082
4191 10579
4947 23560
12852 20876
23312 24908
6148 9733
11253 22771
2905 3690
7318 25708
9560 25107
13962 23130
4103 28156
10018 14705
9140 25426
2619 5031
15184 22426
4004 9472
11580 23771
20367 22168
20611 22996
13612 24053
9660 11953
12709 16187
18577 26197
6572 24280
12343 24457
7401 23361
461 5496
2933 4826
11614 22222
5616 11288
9793 27057
7209 24877
21573 24049
23996 27061
11783 20935
4808 14866
3073 27110
12008 18033
6926 18823
15179 21516
1721 23245
17920 22452
811 19082
9103 21511
2832 12432
6001 21193
923 27365
4646 15374
4789 24548
8424 15734
8408 26458
19036 23143
5205 6680
13373 18318
13134 14971
8536 17509
3524 16096
24369 27700
14965 21814
14969 22543
2619 10982
5694 7115
14534 16953
11322 28181
1902 25847
8963 26735
9487 22768
6134 13665
7053 16184
211 17331
1721 10434
446 23590
12444 21638
10030 20502
2137 6005
2729 27792
2369 12282
9638 19886
4441 5071
4029 27194
8736 9062
2132 9901
20851 23467
973 4742
18425 27013
14707 17114
10544 19688
12689 16193
825 24094
4980 25200
3511 7484
431 2542
23722 26706
14189 22161
19502 21251
4767 23145
1033 22829
9148 26901
4287 21123
16646 24297
5956 7703
4623 15736
2937 26260
5138 13127
1107 9047
8398 25083
19780 22425
1745 14246
8527 24357
14840 16526
5850 25525
1306 4237
5767 13928
16627 18278
7524 27976
384 21828
7984 13362
12084 13014
4151 10384
2350 24904
10242 21712
10971 16184
867 15373
4626 21139
21416 22496
16550 17963
3995 18627
4879 27429
10325 21499
13336 21671
1067 20046
3215 26717
1795 22415
15990 24221
1721 22031
1390 9078
24900 25564
3848 16910
14527 19322
2686 13282
4428 19188
12781 21385
6090 17278
4099 25406
20069 24082
13405 22283
846 6636
813 1056
16974 23733
4323 6668
923 28203
10209 19576
1026 27043
14088 24017
6980 25151
10421 16478
7413 21029
808 4192
17070 23730
2111 7311
11185 14101
19494 27821
5460 24848
6426 22954
4729 24105
439 8866
16582 25108
8781 20258
135 14689
3041 11055
2031 26963
14509 21419
2539 16521
2314 13410
5245 9702
6134 11789
1704 18508
6158 6489
2691 5882
12726 25077
10379 25223
17637 19846
8715 21829
11647 16478
1878 18748
101 1408
867 12819
1814 27296
23519 25922
12341 14569
26612 26990
5691 15009
16866 20143
8504 10588
1677 16582
4260 20085
4853 9788
1326 8730
14178 26063
8959 11782
4346 23007
4736 16857
4021 23608
13958 25232
22925 25163
10278 16598
3832 18647
16073 23404
5176 18559
21798 28156
5315 22321
899 21313
6817 26913
1720 25155
6426 27042
10885 16470
2015 22476
8085 20736
12947 24226
3445 22360
3585 9822
11070 13212
1852 20162
1238 25868
6801 18280
911 5674
6042 21770
23902 25274
3455 8381
6616 25036
12851 14599
12383 23061
1164 26758
259 26908
2002 6818
3947 9322
3856 20586
17556 17801
16700 23609
1137 26661
164 24645
11831 22882
14464 15163
23598 27514
20809 25647
10495 16298
5857 17364
13585 13905
18187 21884
3126 24097
4072 23609
10974 12840
25826 25929
9720 25336
7296 17800
20398 24460
505 8970
7477 25724
7570 10043
25525 26400
14551 20939
5371 10027
15565 22702
5617 16216
7494 21853
5295 19092
193 17743
526 17415
1023 24589
1163 4098
20053 23455
2445 13341
2605 7312
12596 20832
7835 12830
4564 12616
3819 20657
7725 17640
40 406
18281 25131
2144 21359
10315 24607
7621 19329
7075 9553
10504 15004
4072 16700
3734 6806
711 23377
973 2002
4531 8456
16617 23372
9967 12040
13655 16682
4166 26284
13655 24611
8812 21109
18195 24425
9379 20448
1239 24062
10965 19174
11931 18422
12374 15547
2651 22651
2768 6267
990 18919
21339 26359
2579 19526
600 7069
20876 21353
2969 24011
3069 14236
5579 22954
877 9465
1925 7935
10050 16746
125 7809
384 15838
11267 12823
11510 21716
2311 24756
18530 24775
16759 27104
10164 13679
19130 22403
14522 22634
1182 13721
20069 26159
10323 19310
3057 6049
17070 17303
23762 27867
4300 22977
2539 18300
220 25219
508 6508
341 20162
8526 24665
19140 21057
2667 9074
11416 23081
20538 24801
6283 10701
10286 18185
2269 4424
14050 18679
23383 27091
839 27936
485 18425
3806 22250
17524 18541
9572 19576
2325 19081
1975 16677
1948 19862
7047 18084
2056 15064
3869 18496
4530 9717
3670 5680
485 24057
860 7878
11314 23415
10255 18908
15081 22998
3566 15749
9886 18603
6477 10618
903 27990
7627 11020
8447 15842
12653 24302
8394 28211
3805 13341
9487 25228
8802 14228
2003 21591
5716 6057
8410 11674
6454 7881
20862 23521
15341 26880
1162 4386
2339 25580
22230 25490
5832 27330
10661 22737
7205 25182
9933 17318
6841 12288
1795 11134
16928 19789
13017 25460
4945 9198
5514 21311
6601 12341
1107 13714
11212 16307
1692 16377
3449 16459
12121 19909
259 21430
21131 21662
6407 18760
7166 14445
8365 11269
4802 27976
8841 16136
903 3937
22425 28163
4282 19275
17324 20341
8523 23312
2826 12689
18418 24682
10393 22460
14309 24005
6728 25956
23997 27817
5010 15983
3675 12892
1775 12211
1841 25181
17712 25065
9020 23577
14288 23456
4579 17823
8057 27374
1133 17779
8145 23253
14298 20994
14547 26077
11447 21382
4388 9017
25638 27794
8723 19250
7354 26261
17214 20424
1292 21028
1112 4361
6254 11987
2782 23904
15505 24500
14093 27821
10701 19657
5344 24884
21738 23761
17530 18823
11784 13733
18619 19948
17341 26160
7185 14355
8528 15960
10352 24049
4461 14492
21855 27826
2438 28128
1925 3431
22253 26116
14164 24653
8096 15201
2389 11483
5611 20122
22861 24428
5478 24836
1936 25959
18600 21438
526 14175
14010 26340
23333 25230
8441 23058
686 22894
8991 15264
3568 18138
1140 1258
16954 26367
12243 21904
2491 24451
8363 19816
9090 26407
1550 10354
3401 14895
9182 17376
25454 25730
18627 24393
24453 27273
9378 11014
18252 27151
9820 15027
1730 16878
8363 20910
4732 11283
9454 14892
23257 26544
3665 15676
8899 9205
2748 21915
6842 25839
4611 7116
2587 7103
23214 26460
7626 25666
5978 23082
5 11780
5522 10146
10935 24127
2489 12965
19776 20646
4999 22049
4858 23174
1574 4636
12325 19814
5828 17067
10095 21637
10797 17232
2163 11656
9268 19657
18554 25174
8488 13414
5978 26273
3975 26916
3957 11251
21433 22714
10312 27299
391 1768
2607 19425
7400 25956
7587 9683
6238 15257
14309 28085
4597 12779
24061 24812
6882 11531
13186 27196
18411 19419
5989 6832
9180 27612
6883 14480
6999 21929
3987 20503
7923 12057
3188 22040
11327 20299
21024 24502
15221 26946
14926 19254
12082 15899
7049 15650
11369 12612
8157 13527
3741 15421
7361 8075
9574 14407
5393 13464
7614 12236
13436 22756
5838 13901
4708 9337
24899 26969
12344 17431
12242 20331
6780 22012
2293 11311
12099 17149
2505 14200
8148 11181
16767 19997
2247 7286
2108 19127
10821 16751
463 26364
8022 22448
4041 18856
2727 10961
2058 6296
13227 26862
131 7488
3551 11467
13093 22387
7358 10118
6947 16724
12076 25980
8349 18728
7350 21712
8825 20958
13429 26172
9323 26554
5231 18499
5 19435
8974 18619
25727 27105
3728 15068
22954 25130
15018 16899
12369 14110
17931 20545
3257 10411
10464 24659
4291 12529
11864 15895
1416 21172
8783 26172
14649 16231
13530 19372
1609 9614
2572 8614
205 7838
2944 24005
17 19211
8568 9633
8441 20956
15695 16778
6517 10416
15470 19288
401 28128
1609 12556
498 4645
12446 24538
5664 16238
2708 22376
15749 27944
21240 27991
5397 15072
1672 22479
9800 17295
22290 27321
9572 23713
14541 22449
1959 9701
18486 23566
8022 18009
4758 22678
3660 12087
4742 14795
426 24477
872 6798
10972 21159
4581 7987
7950 16172
2295 4316
7390 21618
3409 15772
20619 24053
18591 20758
3139 9518
12754 20639
2974 23147
21612 26272
6516 13512
8036 15705
8781 9095
9537 16800
1107 19793
4386 16640
13890 16766
8118 22581
11688 14214
3892 14024
4073 18061
485 2518
872 25156
12077 26505
253 19018
16170 22101
15985 25574
25177 26879
13878 14033
7611 15257
13692 15782
16024 19148
7350 27279
6591 15679
17275 20236
10494 10984
670 23526
865 14093
15144 28119
10737 27530
16629 22871
12794 16323
7413 19548
22819 26010
632 9575
21866 23799
740 8112
6341 8150
9285 18217
13518 24317
5393 14905
11880 14585
5587 24422
2058 27514
18133 24410
25247 27131
3825 25062
4256 12438
1197 27583
8313 15849
10414 16272
7302 11484
2954 11710
5749 14433
18947 27259
18095 25910
1147 15548
9977 13875
4574 17495
7796 11747
8601 10230
1335 15072
11480 15891
2869 22026
18904 22088
3086 12830
4468 27193
14851 18029
9523 10561
13885 27810
26515 27630
5304 24904
7205 17487
10102 20166
18715 20791
5411 18772
7056 16865
7073 19075
406 17874
610 3566
2517 25214
5765 22644
2764 4209
6589 7567
8860 21491
2615 9358
2888 24613
7394 16602
19536 21456
8807 9837
18256 27848
11674 14988
7827 10983
308 7018
2708 7289
10593 23808
7030 9526
2311 14612
11148 14068
13414 21557
16959 25334
12679 16626
581 19154
8478 26743
4477 14217
22688 23415
4306 4506
4584 19415
1621 27652
22119 24653
23278 23472
7643 25560
7963 24826
1753 24971
7051 15615
8990 23372
577 2255
3169 11515
10844 11552
12460 21200
10998 27726
20578 20625
17938 20046
8438 17728
19351 28175
7213 9012
9561 25838
1852 22425
4256 15286
5972 10641
1589 22860
11052 18274
8730 25045
25365 25849
24105 25995
13530 19631
2721 21942
3807 6255
22696 23143
20742 21278
11047 19095
13757 23150
472 24774
2340 25793
10393 13180
11255 20100
65 782
681 23170
14579 20442
719 16225
7386 7839
6701 16241
5569 24755
9259 15561
9354 12449
22273 27173
19576 20622
13999 19275
2324 7604
22761 27405
8806 21149
7464 25331
7937 20950
369 2272
1613 20480
1435 12312
5711 24384
19139 27576
3683 18038
17730 21883
11866 17757
5681 10826
10132 12037
1958 4248
12502 15281
4729 24387
2118 17561
9913 21673
8838 25828
3364 16663
5552 9717
197 4373
18832 25730
24219 25086
515 23736
12228 24061
7728 26391
749 5476
18756 21746
8405 9100
11788 17369
15989 16071
11573 24138
9750 18366
6932 7140
872 3027
20491 24539
25830 25908
7560 26974
20136 24444
2111 21390
5448 14642
478 17177
7446 8826
7760 19183
11458 19448
4218 8810
9710 22084
2120 14077
3710 22691
3609 4626
12928 22986
11281 14710
5786 24904
10840 22986
11164 23809
24074 25916
9748 14914
9706 27220
3667 17592
16134 25735
8559 19008
16600 19474
2587 23540
11785 17059
8781 24804
11985 25816
5327 22040
10530 22947
12835 17033
10209 13543
20010 21639
13873 27491
5289 25439
2039 25011
3743 13241
1606 4107
1075 21067
10660 11592
14993 15170
15352 23441
12275 23973
22308 23634
9599 10328
4649 20852
13591 19813
5485 23277
18124 20656
8114 8368
3826 11688
7783 27296
7809 14706
16720 25888
11692 13282
15263 28208
16552 22044
13438 25727
3675 17734
67 17075
563 21839
14314 15902
3734 24057
6995 21800
2937 20608
9744 24425
13096 21249
13603 15413
4667 13907
23371 26457
14153 21864
1502 6253
22587 28060
75 27911
4474 8305
1970 8852
13609 18529
7386 11637
10197 21798
8515 23722
4626 10298
20504 26753
7707 17601
6859 13943
24509 28170
1525 3499
9906 20115
1361 12656
1157 14281
1864 16038
17379 27974
5759 8388
5004 26148
1936 13681
20245 21753
2094 8392
7429 13240
18411 23326
5183 27617
1195 2308
8795 18502
20504 22436
6224 25284
14472 24854
15377 22020
6454 18001
13997 27554
11142 22230
393 16373
10287 24503
15661 18115
9746 27462
21291 21700
8705 13443
12171 16255
17562 25879
3272 24218
3356 23910
7550 7598
5145 14853
2031 14259
15402 16584
20417 24937
8737 15614
4550 25214
4234 12204
12433 24830
1225 15182
5264 24731
6059 17865
15741 19787
21761 26391
7358 27817
9058 17775
201 26682
1864 26700
340 8806
17091 21407
7631 26767
5022 9732
7227 7595
21506 25432
5791 22799
22646 25758
8441 8647
12664 28209
4552 20640
15282 23225
4232 23726
8304 21209
7469 18280
8634 9095
20056 24708
14920 24005
29 7930
22203 24856
804 6104
406 20758
10673 26368
7152 23499
8746 15736
6199 18021
230 9254
16470 23118
2521 9631
9710 11133
12570 22363
8825 20342
9488 24616
11071 17411
406 9465
2061 15090
1379 5384
6462 17568
14942 25081
11562 14407
8624 10438
2039 7963
21387 22322
972 20454
6177 7820
11441 20834
428 8910
6800 11725
6296 25039
13494 18974
4965 20324
9696 24405
1602 8856
1879 6096
3733 17067
1740 23833
16262 24774
19512 21668
6996 18265
3670 26141
11369 22322
4702 13800
22605 27655
18893 21781
7877 25564
12215 22565
7907 15762
10326 27064
4646 25735
3680 22721
13146 21407
11047 24085
14080 25683
19522 23739
4648 14390
7852 20448
1906 28262
12988 18370
4859 24551
4205 5711
6107 7152
8100 12522
23738 25563
5874 28278
2225 8598
5994 12442
1223 15271
22460 25168
16986 21798
7747 23932
7997 23422
11314 14437
12782 25920
20479 24384
14767 27374
7791 16545
512 20558
22339 24065
660 22925
7282 13166
6769 26665
9260 28277
24864 26873
139 28098
9777 21914
3420 24701
18520 27233
14532 16750
4618 18908
7413 15543
16040 18793
693 15913
16762 17370
12945 25890
20031 21849
8558 23731
6516 25475
1846 14473
6178 9418
15918 19123
9725 19037
15735 22603
54 14976
583 20633
5128 12111
2258 21904
15749 25272
961 26970
15978 21501
3702 13777
12052 12740
2093 9154
7380 9794
11946 13595
18674 24719
15450 16923
9058 24616
27759 28217
4328 15543
6172 12194
1519 6426
2252 21149
20397 25250
401 21766
5916 19924
8565 20799
2423 13486
18668 26053
4832 7898
7669 23750
2413 25547
4216 10349
217 8463
12050 17939
8817 9002
21304 27159
3127 5810
3598 11634
16478 27541
5 14974
10898 22873
11746 22785
13801 24524
3558 24663
2886 3795
4213 25181
958 16301
19126 20867
6753 16961
18743 21045
604 19960
262 11323
21347 24997
3357 12792
8329 15243
3964 7031
4943 5023
20637 23733
791 7929
4043 15799
19482 24454
14670 27514
17191 23272
3728 19337
14474 21577
609 20144
6156 11545
17523 26393
9421 12835
2961 17924
6161 21886
16451 27511
2250 24406
3667 10967
3615 24131
3059 27565
341 14016
8151 8280
3773 17140
4468 26134
6609 16299
4629 24211
8865 10856
1489 18084
2914 20487
10974 20355
8846 19086
15554 23444
8982 17521
1240 9380
15531 25857
2665 24671
2619 8388
6412 24129
10660 10682
11951 12069
1833 20376
10023 20010
8786 11800
2030 3275
3317 24005
5398 18481
3214 5304
621 1343
22147 23345
12518 25233
1409 24085
22810 24557
20744 25542
5434 24112
10467 23296
12214 23015
19960 24371
3465 6085
784 9203
4110 21653
8151 26095
1018 27905
9811 19890
15346 22556
705 4587
5057 16984
143 15625
4162 13785
16815 18044
3802 4650
11133 24873
9323 24280
7555 16043
581 3900
1871 20545
6507 24844
19171 25432
4955 16961
16478 16644
7656 11112
16195 17892
16171 25867
3090 12017
7677 15367
17564 18987
22425 25287
20737 26945
6359 13649
16369 22135
22919 25750
4263 11766
25380 27981
10674 20504
2483 10767
5064 15839
6870 17565
1014 25364
26591 28157
3510 24789
2270 13384
17224 21033
18619 23655
15146 27257
20475 22092
19953 20008
10046 23202
1241 27603
7341 24624
12288 21880
10089 27010
18823 21723
11814 23529
2894 21815
9751 9884
15323 22819
2267 26588
17584 24260
4030 17013
6974 22601
8437 21712
2143 2556
18963 23528
21246 23415
722 12657
13888 26879
25524 26447
939 2482
1159 1699
2040 21277
3022 10184
12495 19712
2557 9951
11254 12257
16113 23273
22416 28019
13675 21705
1795 27117
7779 25174
5832 8662
4325 17692
4081 8833
9992 17742
9533 24156
8990 13208
86 28031
13428 27218
3634 10407
7397 18591
1058 27976
3985 5665
17916 21737
11384 11653
21798 25414
8813 25112
5708 5875
17819 23361
15854 25046
3609 18920
3765 28166
11306 13480
21690 22135
6985 25729
21964 22715
5288 10727
1769 11854
4849 13681
12928 15634
11128 16368
22205 27766
25505 27389
5187 16457
4833 27500
14797 19404
630 11115
2460 22885
3869 16463
14233 20492
9038 18585
11636 12352
17022 24509
202 9907
9716 15169
16560 20909
21151 22464
14741 25748
11381 12350
535 20292
755 10284
6832 7878
6803 24829
9362 23819
8852 26513
10961 24672
4580 22040
1980 2518
7023 9162
6227 22930
588 8781
12493 24061
7836 10615
8500 12697
24122 26468
885 6538
13969 26517
8106 14244
4391 12271
6623 23086
2912 4920
7695 19874
8320 11229
6539 13110
7145 11643
2823 13706
16552 25612
21111 21123
3726 13186
16187 25163
11710 27404
15985 19067
9884 12835
3947 20004
11651 25758
9703 18973
5967 12223
1288 25759
9264 17019
4512 23034
9835 21228
22644 25647
10698 11768
8525 21623
15543 23932
17649 21673
3000 14546
731 2130
7969 25432
12034 24791
14407 15969
7075 15018
24032 24404
11746 22627
1878 4312
12369 24062
2396 13134
9040 22004
10028 20086
11816 26700
18994 23651
13241 25911
20314 21026
10659 20720
10606 22468
3059 5354
13982 24226
9560 13564
6772 10797
3526 11142
7296 19828
4549 14289
24780 26513
4187 27222
11385 14996
8282 9293
4350 6876
196 12543
14182 28263
7134 15236
12024 15251
6182 14096
12346 14384
9811 27702
7961 25412
2272 14080
11233 14341
15164 17757
4546 26877
24723 27879
16025 22230
3059 4429
6301 15955
6642 10956
7526 13328
4421 20744
8567 8569
2170 3598
12927 20130
23461 25091
5992 10428
13777 24314
14606 16439
1122 16866
6702 15639
2642 24031
7783 17695
4448 14771
9423 17441
7335 13323
11794 25956
2494 22020
978 19370
1078 23177
1006 21564
403 9528
8787 11738
2309 27299
8611 10990
2764 23060
19566 22326
3994 11295
1895 16836
9724 9837
10950 18474
6960 12307
3186 21377
14572 27611
1456 4028
4402 20963
13299 14462
5718 8608
784 20795
689 24416
150 5468
10921 20366
17524 28163
7475 20765
10232 20391
1548 6301
888 5721
425 7534
2244 18982
7670 19662
11439 24395
3091 27756
20621 23823
2189 26027
26956 27087
6372 17956
4209 25524
10986 17803
4026 22959
6637 25630
770 8500
8785 27042
17797 18054
3806 9132
5047 26178
113 11378
2545 11680
12409 25598
7031 12187
1827 23935
337 9013
5009 14127
1005 7101
17847 19712
8781 27867
13418 16367
403 9660
2929 25603
6204 22416
12667 17983
8781 20477
3880 19530
3410 13910
8158 16491
2189 20685
808 19289
1706 25482
3235 19330
4627 27499
422 16369
21831 25466
15892 16867
21798 27469
6086 10160
2353 27958
2305 27961
11923 13908
7314 10293
5996 14189
6258 24828
8443 26134
3296 16687
9326 16748
24836 25964
14134 22680
11023 22954
841 23141
2003 24898
2435 17513
2894 6805
19712 23277
21231 27805
896 18690
2726 5771
15547 21542
353 4329
22393 23552
8291 14604
17763 24411
12809 16337
17017 18390
3484 20541
13238 19091
2530 15531
789 4191
7626 11634
10728 11712
16904 23464
10508 24823
3700 15680
1218 9864
15894 22285
1351 14383
1851 17481
9362 25058
7787 12037
6452 26684
23143 23941
9539 26980
12913 25285
518 11869
5084 21194
8411 25401
16311 19566
7261 18991
12642 25683
7079 14758
1604 24122
15669 22011
8922 20487
25276 26493
6320 21904
1181 3252
11629 24148
11729 16998
5327 10222
3997 25414
20507 23312
3820 5466
3573 14709
8973 22048
15364 22986
10189 19254
10033 22162
22502 26163
6037 23761
24214 27566
787 22018
5943 7835
19817 25146
928 5850
5984 23345
8420 20118
18752 24319
19579 26261
3463 7984
16403 17316
7200 12220
10213 21051
21857 28176
3987 20504
4671 15620
1060 13421
4188 21442
8730 14521
9069 14661
17489 20205
19388 21037
2780 11011
5923 24049
17696 20841
6962 14903
9234 12881
9923 23467
19823 27558
11417 14673
10514 18870
1018 25089
12822 23165
10378 23286
16152 25071
14477 16483
2944 18920
11191 14304
16686 23389
4168 14648
22770 24728
9590 28176
8516 21698
3622 13989
11166 24671
24359 25971
19086 27563
3714 12498
7997 14922
8669 18351
2582 11823
3449 4626
6770 13796
0 14581
11407 18782
6397 24800
3900 10405
9874 13978
5109 24095
2575 19445
10106 12674
421 1302
4688 22070
1395 17060
4664 13331
4419 17798
17782 21452
10846 24068
12280 17907
21254 23976
10614 21116
848 27030
86 2880
10165 17514
13495 21203
12196 23455
5435 9412
9548 13440
815 23023
16974 25658
156 25433
4719 26197
784 23071
23892 25202
10160 13436
21423 21945
12162 20366
21831 23722
7139 8005
2227 23118
16976 26872
18018 19494
13330 25134
23802 26702
10081 28044
17412 24811
6048 20759
24800 25986
3307 5716
136 24061
21563 22593
18589 27312
23868 26773
15833 19436
6571 16073
9139 25372
12434 21359
957 16997
1449 20298
6801 13591
23608 24904
1462 16377
17630 27197
17032 18479
18850 23415
11218 12614
1768 15853
17904 28144
13350 21671
2311 18211
17692 20711
1755 11261
4098 18171
1732 18392
9465 17823
2776 7964
2438 5082
12565 21920
1507 12633
7707 18583
3419 4943
31 27333
13166 18272
11080 26360
22426 22787
7915 18286
17530 24570
17191 26497
12724 24575
12246 12252
2003 9817
17513 20622
12244 22777
4672 25327
4562 9617
11129 27722
5913 14993
3336 4003
5475 20740
14584 18501
5653 7089
1820 7902
5973 6202
5914 22452
18770 22351
7748 20166
4149 23675
3400 9777
1527 10973
3414 10672
6014 21946
4162 7225
10270 18824
7290 13127
3805 6918
8363 12785
20627 22307
19325 24390
16346 26580
3452 24639
11786 19025
802 26383
13983 18938
4205 9850
12647 13405
16131 17124
9915 19410
3786 26744
747 9435
13157 20069
17938 19095
1105 25969
10258 24292
959 1144
6315 22480
20211 27530
14803 15251
16117 20813
6289 23143
17280 19846
5267 19033
7387 18854
3203 22763
4136 8172
27489 28159
9835 25710
4035 10303
3146 3448
8891 27478
17273 19763
3793 21143
1134 22440
8276 23045
5852 9878
23273 26177
11334 26762
9250 11439
3265 5867
2883 22827
6236 19860
13600 15034
6139 25270
6729 18929
1519 3197
4232 5071
15549 27244
12674 27021
1036 12156
2202 22864
5554 20872
1232 13700
13912 22191
14568 26452
8150 19351
770 4936
7746 22956
2813 16377
11610 27664
15559 16054
21623 24589
20109 23708
1343 20367
14335 21046
7642 22100
20008 21823
8730 8752
3019 4024
17636 22565
22787 27238
21564 26761
5966 7532
8285 19571
11747 13261
23695 27427
13185 16259
1980 18368
20964 27675
5583 25008
8806 24069
8307 9864
15435 21182
934 7031
15242 19651
19411 19583
88 21359
18662 25038
5717 16938
6708 11682
5738 23771
6209 20170
5510 12352
6007 28055
10540 24836
1016 23579
12309 23074
6422 11415
2858 22966
12226 13346
7543 21574
865 25283
3645 23276
5102 23377
1622 11363
9434 22630
22430 27802
11270 28194
9292 17446
2458 22968
580 25999
7319 25828
18206 21097
2227 2650
16150 19857
3287 21673
5089 7216
3793 27597
5416 19973
5377 12114
7392 26131
21829 26598
23333 24723
19784 21188
12211 27898
8048 23698
1332 17954
18417 28231
9796 27129
17 20013
24098 27841
8767 11191
374 17485
3712 26000
8134 26902
6239 13831
3609 3729
3890 19061
21688 27382
10298 22548
17126 19944
6220 10751
2272 12587
23215 26994
7 13649
5292 13827
4197 11028
15052 22582
5590 19580
17193 27189
40 341
27444 27778
5765 23106
22634 25949
5611 14598
2945 20948
20565 25449
7025 11119
3636 7065
17264 18133
20557 21790
782 24797
12394 12898
3762 3819
5613 20081
20458 25301
1178 11565
8254 9222
7137 17073
16102 17058
18909 24504
1 26930
13379 23976
2116 25652
12077 27655
12690 13970
11411 13564
12808 27865
14920 17773
15179 19029
18758 26837
23286 27184
9356 19061
4528 24422
7975 14912
8963 14822
3882 10127
1400 16092
9377 12162
19611 22328
11809 20848
21283 26698
2302 18704
11368 27876
19123 25193
2102 5890
4496 22461
333 13870
1014 28008
22905 24404
6004 23363
18631 20564
22040 26413
3810 5702
1819 15894
12284 26544
17733 22425
1710 23245
5046 19008
8191 18745
1937 27324
7963 11329
15573 17911
23994 26546
8816 26662
9736 22828
19343 27962
18381 23547
11416 25699
10287 20130
14010 19853
1925 27820
1800 24797
26092 27743
10033 27440
10884 14920
7246 14741
3381 15321
7252 17280
14492 18081
6907 21849
16202 17999
21955 27124
18816 27629
23497 26116
3892 17020
13807 21864
881 8719
356 25165
3988 17438
8526 22634
11594 14477
7783 11461
6877 15053
12474 24600
16763 27573
5301 24415
12615 27005
20339 27121
15083 15870
3782 9222
17484 27809
14993 22499
24965 25403
4519 19618
10396 15236
8607 27997
933 25564
10132 13810
22153 25443
9051 23473
20766 24023
5028 28195
17169 22992
2017 3622
1613 27026
13282 15808
4424 23973
8855 20241
11641 15285
3630 15256
9737 13635
12371 25984
14520 21113
14433 27698
12785 15676
10926 17837
12982 15209
13859 20224
12452 13744
25057 26673
10179 22130
2655 12541
20302 21727
3147 27875
23208 24862
7002 18736
6703 7614
16482 22097
7800 14562
8669 18032
13780 26683
850 27640
1193 16961
15793 16602
845 15530
15112 22227
11692 14633
11134 25350
22966 28268
11479 18938
4666 23915
4216 23329
13359 27318
12309 16422
8672 13386
5996 10617
7935 15167
3849 5821
9739 22481
6615 19845
3940 16377
33 5327
20714 21333
10026 16640
20309 23496
23541 24864
14777 27091
17695 26372
17724 18138
1933 26047
387 10041
2230 20630
21201 26584
17391 21736
5 2040
1878 22758
1652 24496
257 14801
3428 17285
14012 20417
787 4717
3729 22787
5609 13091
4072 13359
8547 27914
7258 28162
15951 17842
651 2507
11405 20546
1852 24384
4894 10784
5960 28082
1843 13054
19670 26661
4549 18669
5183 27129
9665 16637
9993 26329
25405 26717
8954 22012
6545 12755
4216 22483
848 3059
7360 13564
3344 24221
3948 12396
3895 11452
4343 6725
5819 9878
4790 26186
18906 24638
2247 18612
1878 10622
13410 16736
17318 17895
22579 26350
5636 12252
7984 18425
3140 6213
1617 22049
6935 22334
2103 15464
1878 12762
3409 9522
23422 27932
21244 25042
12489 16258
13059 25482
2738 10099
21199 27996
7751 28179
23673 24242
7206 27079
9150 22814
24716 24794
1795 23628
3052 27814
5660 22728
11023 16001
605 25265
4574 8500
17963 23132
9189 13809
6972 19268
1655 16865
4593 27402
1430 17721
5326 5878
23183 23526
3719 9008
11440 12426
5161 25295
16520 24553
2849 10725
3903 25735
15713 18823
7469 13416
14515 22452
1018 26829
7075 23679
5691 24127
11335 17963
15794 18955
12162 27321
11450 16259
1713 24843
6848 12852
24115 25152
7224 23399
19336 26943
6317 26659
11144 21083
7073 26559
15267 26717
13914 14969
24511 24973
6072 20367
234 14364
5711 7205
15793 22550
17507 20553
17082 22497
3121 22787
18907 25432
2676 5485
7057 18752
2677 4992
20693 23455
561 27013
10717 11104
872 8753
7820 19817
16467 25301
8650 8834
1767 14402
4802 7524
22531 26469
9290 18029
11417 26504
4500 10008
10028 11149
3976 13480
15357 25505
18027 24558
2087 12245
14024 21633
9020 18958
1306 4705
14120 17422
15629 19649
1199 5850
7512 28044
24708 25422
22699 26152
6903 8578
8396 22813
17146 23524
5043 26691
8875 21221
18598 23545
3287 25771
14478 27690
6514 16748
25636 25855
1324 22672
1123 26329
23825 25251
7350 8363
9454 17953
13382 24917
22469 26085
1657 15376
3323 18740
1006 16725
2881 22809
3701 12757
396 7720
7742 8169
20314 24899
4862 26970
17177 19744
2849 18526
13683 21050
4417 28032
7923 24890
8787 22498
9006 17300
4788 8055
580 7073
11096 20617
11447 16362
1188 19857
12082 14961
2607 22621
1896 4581
6934 13891
1223 5978
10214 20003
15207 22353
4268 23979
711 18891
9874 16928
4675 17167
25109 26359
4717 19691
21925 24415
1644 7102
1425 19371
3570 19778
14771 26717
21108 22417
6616 20266
4789 7768
14134 21823
500 23935
12551 28056
10837 11490
5716 20503
10132 18867
13064 25727
2852 25978
12860 13347
12369 20384
11411 17779
1287 17761
1840 23442
10673 15747
2396 8515
10800 20567
9543 9569
4702 23655
9291 10123
27974 27976
4825 20605
20041 21225
3149 24520
19811 24572
18740 19720
6416 14839
1435 17220
16207 16386
17789 19265
14319 24224
10552 12385
9186 26688
13230 18434
6333 27168
1104 2551
3810 5306
21352 24069
4091 14586
23480 26347
12312 23571
1240 25980
20144 21322
4717 12092
2647 22988
1358 11246
10228 21761
15493 27813
11916 16322
7438 17636
1669 14631
9465 10668
12786 22630
21344 27258
3863 7744
14203 20498
4671 25759
7209 9172
396 5219
7613 11255
12228 18304
8877 11784
16550 25966
1317 11969
1551 5937
2803 18903
4849 24784
3695 6879
6415 19712
2605 17652
4717 10629
6806 13968
9250 23233
12210 22042
11976 17963
2604 23722
1795 16581
2144 17919
12257 23932
16697 26017
1349 5724
9650 10942
2811 21330
7551 21412
345 23629
19240 26358
6533 10612
3622 22144
1240 7661
20092 21725
4394 19301
7830 19393
16686 19746
545 16525
23552 25228
2031 8982
949 20308
5082 22082
19116 19429
10765 16584
4275 12127
13282 19482
12806 24325
12033 13687
681 5722
5091 24122
11785 21883
12698 18252
3069 15282
2021 22296
5433 8020
14103 19280
9356 15104
9788 12779
15508 27462
977 15379
13032 18626
2333 12113
23066 26704
3446 8465
2004 24169
3162 14771
20151 22956
8596 18344
1753 25329
19728 25321
4828 7508
10830 17164
6454 21079
4198 13672
10714 25468
14319 22515
428 3902
24095 26552
15136 23816
25236 27308
13220 21084
448 3101
9572 24104
1104 3762
23557 23708
8087 9437
12120 28061
15376 27746
6193 25163
1761 5802
8705 16972
1693 16203
18784 22164
1950 14785
4981 24454
2935 25914
3903 16957
9019 23016
9860 16976
9542 10000
11692 15182
7529 9058
3339 15660
5437 5773
13985 26087
2494 26469
638 24354
7209 17669
23809 26155
8182 16603
2212 11244
25619 27289
4233 19721
12621 17687
2408 24427
943 5351
10773 21164
17916 28099
2458 18176
3593 27016
8085 11295
30 4717
8675 24761
7485 8785
19468 26063
18945 22309
10770 22266
5387 26901
4807 9993
8226 8795
20657 20754
5659 7852
10012 16333
16423 21822
13718 24294
2686 21977
229 20238
899 2218
7677 25315
688 12118
4515 11876
14140 16285
194 5150
5917 14233
197 27164
13984 21149
4717 16108
1349 9544
6479 22102
7927 28211
717 17986
16543 19117
21931 22227
11 25459
3080 11924
14560 18580
8434 11145
2945 23265
6710 28196
7006 18963
27482 27655
6976 22146
9962 24136
6812 21674
10844 17366
7536 19664
6355 18669
17739 26106
1672 19121
9897 10325
6932 12474
6584 23593
8816 13363
1353 22143
1880 20742
8069 16770
2125 11295
13970 21473
2679 20979
1605 13702
19069 22927
5505 9774
595 19696
2912 10740
7243 17120
2995 22340
347 25174
7826 15620
15209 21990
25174 26092
867 17853
4609 7760
10189 27514
9107 11919
9198 25606
4753 24229
13625 14724
6351 7354
20261 20387
2961 22799
1439 17316
21671 24191
13407 15977
11409 20931
8390 8669
2544 12555
11786 19300
1994 5806
4671 9774
6960 26690
8454 24099
4498 27665
8757 9575
1150 3546
18369 20144
8796 11590
3634 22930
18270 22729
10897 28166
3997 7982
15030 27924
3244 16258
1373 2994
15951 20200
14997 27206
505 21149
4391 23929
1868 17731
8677 20117
588 8098
2632 19447
3472 15019
13232 23914
10644 13875
12512 16545
904 24638
5397 7743
17138 27677
7329 27908
8091 13721
1879 7768
10767 15344
712 20054
1417 17146
12453 14539
10305 24836
17880 24127
5864 10660
16184 25095
8603 13332
867 20021
8075 18755
5682 26627
21353 21945
5784 14492
2308 26673
10284 26095
10952 21564
9049 15968
1023 17097
8539 14662
2990 10871
18211 27217
10369 13611
4551 20235
5691 18280
2388 9999
13455 14171
17963 25297
1635 5293
13984 24415
12888 16109
9640 26469
6097 27176
1321 17987
7153 21269
14893 26709
5716 9524
18770 27914
9416 17263
17495 18055
16016 21544
1306 4866
3992 18843
11943 19278
2430 4847
10157 23066
5984 24610
4650 7188
17334 25699
5680 20387
4597 27342
17630 27314
10982 13440
6728 15530
19273 22256
3629 16027
11809 17019
11051 17856
6424 20409
2648 22973
25110 27835
755 23372
313 23193
11987 27904
2619 5014
12847 26750
15889 17471
8734 14810
6348 23557
2702 5246
8690 13926
17743 17963
20755 25190
4497 24571
7707 12559
1440 27479
19169 23890
3002 26525
2582 6705
102 16665
12778 26571
16441 18670
20295 22404
1848 26516
8413 22892
3098 16307
22669 24053
2944 12792
1942 7452
3529 24061
18443 24023
292 5823
13984 19289
5913 23585
8785 15968
7644 27387
3463 22871
3499 17559
4802 27443
6190 23742
20885 27004
4523 26829
17527 26806
5242 27999
2999 28267
14997 21646
14809 21845
6881 22246
21550 26774
8519 25897
22714 25652
22218 27702
20747 24612
462 24957
2012 9615
11585 27520
8441 8641
22515 22575
11212 21762
2657 11128
6832 21079
334 11262
10974 17220
4878 12459
8970 17234
10264 24127
17513 18620
22607 23719
13515 16367
4818 17498
4866 23186
9137 23799
5638 21671
2603 24046
8860 23443
18230 24760
23832 24081
3885 20184
2024 19869
13101 14304
5117 21248
19295 27725
948 7171
4893 13139
16744 27920
13556 25704
2701 8048
7779 19759
8837 17580
8036 24955
12732 24088
6393 27879
1672 7158
9422 12765
1002 9614
2419 19004
7358 12874
18358 21070
26329 28203
13328 24562
218 5121
2642 6103
5595 16955
4039 21462
5906 8592
11254 23265
6705 17909
13495 22452
11985 16184
3819 20586
7668 14471
7976 11692
9940 23873
7266 20203
224 11312
14474 26476
8826 26912
8 21665
2484 14635
5505 21798
12490 13937
3418 11451
10818 11141
11250 22325
8718 12846
4556 9384
4416 10652
13704 19638
13468 26169
12287 23628
8101 19068
1973 18012
5497 6462
12228 14073
13274 14552
19469 26908
12754 15133
6881 24904
3152 20778
8314 26589
22283 23140
2677 3255
21071 25348
4301 5971
5170 6695
13121 13272
2369 8746
21476 22537
4072 17259
4253 21462
31 27496
22659 25504
9642 28008
17980 23543
2217 24743
2529 26518
14822 21950
8720 22326
8952 13828
1181 16248
5547 18388
565 14299
1840 12282
140 23162
3700 22343
3593 10662
12260 13047
1928 2426
3967 13054
5571 24500
7003 21431
17441 25021
19132 24600
12696 18591
7596 17601
976 3974
1755 21260
7384 23461
21826 26341
5691 14400
7247 18905
12423 27016
1814 20578
7390 17304
18521 18565
9155 21339
20387 22425
16900 25710
1605 7712
1870 26584
21633 24127
5725 25277
18246 22190
1756 25823
22193 27021
19827 25390
19966 22821
24519 25059
4581 22040
2483 14987
11239 12890
7230 20769
10442 14839
14784 27286
17285 27643
9690 19866
10635 14024
4044 9280
18984 23466
1477 8707
17686 27553
7239 24611
596 22814
583 7804
18352 23538
15634 28127
16694 26753
518 2929
6252 23768
16230 20633
6163 24511
9003 10956
1964 6937
5168 21837
3618 17803
4966 22862
3163 13036
10464 10839
25428 27031
283 19783
7635 10871
673 18911
3609 27612
8785 18280
8970 18950
12236 23037
17782 27979
18128 24659
3622 27221
2905 18793
22351 24928
19068 20081
17733 24425
14077 24866
8434 21703
10323 20154
4857 5485
5185 9933
1188 21593
21474 26081
17214 22372
1694 3141
5510 19768
24313 26347
4806 15432
12848 23997
8281 16947
4942 20128
3126 17544
525 6342
12927 28141
9410 10805
6733 9609
21045 28190
5100 19852
220 3900
11716 13834
14988 19375
196 3678
2606 9334
4789 5953
9860 11287
15349 22949
18265 25453
14426 14498
3976 20703
4999 5583
17977 26850
10532 14912
3805 8951
8248 9986
6197 28259
7440 10328
569 18416
3804 18704
6533 19857
15072 18081
2721 2729
7953 15645
1075 8565
23939 26147
16193 19952
19641 20392
8209 24419
18752 18810
13954 24008
19531 21424
5041 9305
4148 27429
1254 11875
972 21695
7557 11461
3484 13185
1448 21603
6408 14955
495 15201
1516 12376
10228 18853
1604 27107
7693 10381
6816 13215
9253 18034
12242 20578
10076 24082
13097 18321
16961 20679
1230 1759
1277 27233
6081 15209
4272 25782
17250 25229
7500 23869
11551 15409
16865 24608
2128 25853
12183 18685
8931 13108
3733 16643
2980 22388
15088 27404
2250 15867
8368 8712
3022 4264
4720 16762
7341 13478
19016 25972
8511 11443
17349 26006
714 20934
7977 18086
15286 16311
15271 18918
2349 18169
9833 9962
6239 19835
5824 8898
5342 24922
12498 22012
3663 12193
2760 27559
21048 22779
1349 1424
788 4967
4232 22516
9732 23566
1142 25724
7728 15734
15141 20953
5232 15967
5861 17003
14830 25083
511 4178
12625 19792
406 23823
15228 25287
19064 19189
7130 26143
1056 26303
5441 14278
1015 5984
2969 23530
4658 26738
20408 24729
6246 12725
10015 20162
6869 13494
1322 11799
765 6104
9943 21303
3656 19823
8741 18816
10114 23361
15096 27716
11197 24715
14491 16887
10317 12444
10171 28056
25083 25299
7896 24313
1432 1613
6055 23480
1795 24415
1053 14175
4216 19209
15507 24611
19714 25765
7162 15712
13823 23006
4185 4432
22112 27715
11218 23548
5659 20210
21182 22202
6794 14108
6239 7410
21648 25137
13564 16460
18577 22031
16205 26243
2882 8246
15293 19242
14564 21296
15373 27896
7588 10496
5802 10350
4489 25547
8458 26402
9502 19219
16835 25301
12282 20601
16902 25427
18884 20151
5725 12214
6177 19705
9252 9631
17731 18500
15496 20251
14364 15498
19819 25713
11196 11237
3215 11991
9535 24090
10008 20441
2012 26358
21080 22198
8225 14687
736 18464
8471 23999
13928 18449
1244 22900
11802 22987
23361 24455
714 26328
3230 17782
5691 23984
8075 11551
12031 12487
16411 25027
5217 5275
14964 28099
5774 17393
5699 21980
12568 13086
6126 14657
5989 19076
5221 18033
10244 16232
5996 23521
40 24415
3640 20579
12612 21446
2389 24783
19566 25987
5815 12495
9605 28002
13424 16914
1878 9672
16655 24332
3892 14672
16893 22324
5614 27706
17687 20065
12396 13211
5089 9670
14547 27858
9033 9141
919 7950
17787 23419
14598 17351
8194 26209
12994 21101
2489 12260
11472 15630
7919 25165
3125 25542
10805 22040
5497 22165
22678 25593
11591 16467
13970 24998
3139 23152
3170 23295
5345 21909
12785 24294
1052 8588
22390 28082
1878 24226
9004 22775
21211 26288
3357 3609
9968 24263
4227 24127
7602 26677
8212 27168
19314 24424
16700 22049
681 21746
13591 24068
15711 27494
20441 21680
851 15705
2460 10279
18704 25672
3806 9047
6239 19371
5371 18985
13905 17341
12590 20279
20754 21780
13183 26098
10008 26476
18143 27976
8756 11994
3257 20427
5435 25865
7357 10146
8437 8451
27179 27698
20162 23143
19990 20855
17097 17938
12789 27267
17074 20069
9053 28181
2635 15442
8249 18371
11082 17565
15403 24605
16173 24521
12737 17310
18784 23062
16317 17923
8713 24023
3882 7093
81 28150
5359 12397
3440 18076
23727 27621
17782 27005
20527 21135
1830 7607
2501 18486
18945 24752
5802 12945
4286 12696
1516 4515
460 27668
3113 19584
15450 22981
26668 27129
2245 6173
1068 23984
14606 23761
11809 18775
12699 22267
15061 26196
11836 25816
6455 8582
15282 20318
11854 27942
24576 25039
9380 17286
9131 21296
18029 22452
10292 14513
7930 17504
22338 27913
13710 25074
1613 26514
4325 7839
22159 23455
13051 14731
16639 22860
7804 25349
17604 24293
8134 20816
13984 24830
24608 27197
2239 20538
15666 16630
16549 23077
2362 24675
1163 10472
14588 25018
9614 27738
1151 20247
5710 7852
13649 28155
14942 27983
19567 20123
482 4190
16455 22103
17592 19827
396 21258
4611 5289
4391 17435
5791 25586
2635 12956
22025 25932
3355 26686
9226 16629
4489 19351
13208 27627
2764 25052
11621 17684
16077 17509
14759 25786
2971 24512
11963 27841
862 896
11251 11571
2547 27384
10787 24690
2991 17303
1713 2583
18647 27816
7471 12792
17280 20751
1417 5065
14829 17202
6778 22727
2905 7635
14427 21202
11677 16367
17471 25014
15870 22650
25191 26718
9472 18171
5082 8797
9563 12556
22720 24804
10920 16350
5829 8875
4550 24315
4365 26819
14057 16422
396 2787
13266 18247
7264 10863
5945 19819
15816 23590
9185 19787
14778 21377
12440 26916
3087 23829
14043 18015
183 745
10794 27586
3778 15945
10488 27753
1192 10450
7653 26709
6196 17641
7132 16660
10603 23080
11483 14766
16766 17220
24454 25204
2272 23952
2530 7830
9670 13978
18178 24062
9412 19459
1244 22830
4365 5222
4689 18679
13668 19148
2102 22082
8450 17980
4307 11034
5476 22761
6814 25735
6922 13222
7664 17446
8169 14993
1719 13495
1506 17084
20550 21984
2771 12046
12434 27961
13191 16949
4492 25454
5711 6482
6456 19976
15169 20956
1746 9525
3641 28147
2756 14434
7963 10038
405 13828
3165 6245
8136 10207
20818 21798
4063 22308
1828 24339
12090 14564
7647 24136
349 25598
1382 16373
681 22122
4009 28156
10003 19190
4116 10255
1251 20122
2133 13503
16570 21735
1741 14744
1793 12411
16920 25563
3146 13903
5794 23785
5249 16679
8437 12708
14402 22546
9710 21783
11804 19140
52 3871
13261 22334
6584 13240
847 21981
23492 27229
14278 19172
17041 18128
3545 6446
4960 21056
1431 25287
8924 9365
15201 18909
23090 25202
13203 27989
1909 2167
3146 16008
5065 16469
15562 27821
14631 19813
14635 18619
3605 17660
5068 13924
1449 20927
3006 10325
2445 5877
23388 27896
5764 21158
4850 15342
9767 23619
1748 2605
3126 25525
1539 5832
5659 17851
10935 26764
19170 25452
2491 8733
5738 8318
7635 22511
137 16795
18133 26798
14604 20833
6928 8670
9129 18529
8191 25575
5436 22537
1605 21943
15480 18185
8429 16089
11677 23651
8296 17827
17041 22179
19512 21349
18232 20888
5631 18911
113 1529
18759 23267
7311 23495
1870 14731
9702 19030
8856 23679
18324 19616
18533 27516
17509 21915
12374 21542
5085 13328
17196 21811
11484 25813
4060 16330
6848 14306
11110 15708
6589 24598
17696 27726
2568 24543
705 27190
22464 23610
1456 6715
6753 9884
8846 22028
24 24135
7473 15687
1605 13119
10369 17195
5701 15986
194 23749
6523 24884
4787 25299
8589 18319
17770 26198
12781 22948
6848 18678
9676 27611
26591 28130
25409 27790
9067 27016
5736 5854
7387 24425
1264 6639
4101 7227
4244 21036
21798 24947
9569 23598
16173 27811
16830 22532
5342 8414
3486 11987
2469 3323
8366 22565
16118 17395
6704 7383
6454 8462
12792 21732
21242 25054
2494 23457
2469 21364
9401 25041
2655 11785
8437 26413
2426 19202
9586 14697
4671 12065
1195 10183
17823 26053
13272 20626
3785 18963
2179 24407
10106 13412
24195 26955
13391 14033
16684 18567
3609 5708
1215 17936
1948 24122
2559 10523
7728 15950
8142 13507
4265 17714
15950 27224
11507 21059
24326 25986
90 12787
19346 26585
43 19650
22035 26925
2757 6355
957 11698
7191 15353
14390 16175
11143 22202
4849 10288
21767 27084
16026 23598
4824 6601
4081 20837
9241 14479
18718 26638
10440 23194
565 6351
8498 14276
10082 21861
131 16850
7950 23906
5234 18457
3147 9915
1550 5133
1971 14378
16063 16722
11795 14786
14438 25247
2397 9710
9356 16102
11299 15552
1138 13055
1808 5899
2061 5511
14309 25830
4335 5905
7246 8251
21368 21409
8499 26063
16638 23854
15759 21201
1508 23955
20223 24731
2487 8763
7772 10354
4519 24434
6821 25769
8567 18922
10737 21505
7567 16452
11632 22197
5030 28255
1421 8526
11264 15133
11274 18867
7205 23633
2320 27605
7643 8105
1985 24842
4610 17963
797 22783
7617 26186
4581 25283
5235 8669
1770 17310
4110 8251
19215 27087
7105 9203
8818 9699
16250 23637
2518 17169
12511 17474
987 22784
16083 16686
9624 26962
2226 14052
4806 22017
1948 22471
7610 24098
1921 18408
999 26303
13193 21499
6560 7406
10798 21438
11940 23265
6462 16304
7192 17432
1851 26278
2811 15840
8575 19019
8708 11187
7702 13168
1613 5398
19182 24074
2740 4006
1845 16453
10535 13115
6120 16201
9416 18491
4932 26372
1767 28245
7474 16131
15575 19721
5348 17746
5531 21542
5609 6489
16194 23257
7422 25435
1900 13980
19430 21871
8770 16922
8291 25750
7456 11594
15829 27970
15621 24719
10638 18474
3988 6162
22205 28022
5791 24251
277 13220
441 26505
8982 26963
3296 24593
1374 12991
1412 14954
9423 18697
9095 16878
19479 23175
625 16956
8553 17941
7976 21604
10372 25484
24939 27969
12631 23633
1497 7461
12040 16756
8689 23365
8386 15186
8057 10935
15305 22040
9991 11260
1141 19025
3471 16453
12826 25866
10986 13649
3885 26503
22154 22842
12385 21722
19326 27052
4594 24384
10208 22242
4336 25714
24171 25100
24865 28059
7968 22232
7631 8954
1462 5124
14758 15932
5984 25140
21593 23698
14939 16858
295 1321
14093 24221
9574 25939
12260 16999
10546 22232
5499 23952
564 25027
12077 22781
8964 21766
485 12855
10200 23844
4306 21991
8087 11987
2233 11281
17354 23348
9856 11069
11450 17598
20195 27179
2642 14584
7522 16311
11545 19927
3856 20754
8833 14258
9252 11296
12304 24457
7410 12399
369 1275
15531 23911
2427 8454
9053 23061
4127 5007
1755 16559
3172 5309
805 15572
19616 22953
5448 7832
24723 25230
24422 24444
1832 23074
5 24370
4271 9662
7070 7480
10495 24613
8318 21945
3446 13416
22186 24776
4945 10042
6493 11950
8441 19806
292 17325
17237 18230
6510 9354
1555 22821
2096 20233
808 10219
3832 10570
1940 23864
12188 22151
22399 24650
7456 18479
107 14104
1021 24936
10971 23553
2494 17037
10747 24173
4792 24828
25875 26958
1756 15995
24845 25105
2980 11964
7402 10326
19271 23719
837 8751
9067 16136
17056 18346
16961 17027
52 2929
5751 26077
5609 24616
15578 22276
3987 21886
2394 17017
18679 19712
6661 12164
2392 18428
4316 9050
13545 19562
18227 24911
11323 14970
6050 25971
5554 14128
20906 26173
14203 20503
13935 28185
5204 17491
17428 23333
14559 17819
11011 25963
14602 25589
16238 18183
3056 5978
23822 24019
2676 19872
745 4603
16922 21053
2592 25177
4933 21473
4562 21470
11051 20647
1454 25833
369 26554
1798 25051
23550 25277
1142 25810
2589 22640
11256 22861
3762 16218
17177 19171
27316 27603
8905 18712
2016 27495
6680 25390
7031 19183
10487 23361
18808 18824
13840 21120
1344 9486
23415 28028
7549 18784
2664 10209
5085 20848
1136 4373
14385 18766
23273 26896
3098 6166
3625 9590
3311 3406
9059 16989
10767 28014
12001 18415
688 16007
5918 6518
2686 5289
7952 17059
11697 19004
10284 15929
22183 25957
3727 12499
25485 25657
3647 25991
2396 7502
1864 8036
5288 24415
11576 17330
24623 25241
3204 27093
12965 27464
11916 12291
341 2483
2954 10725
10483 16774
14344 24279
3341 22938
8653 13086
7763 17118
828 21638
21918 26905
5465 19765
7477 26781
1925 4087
714 28005
23282 24334
6702 27896
1412 9851
17526 21727
10800 28099
6296 27123
1126 26517
3820 13422
8413 20743
344 16383
26476 28156
4410 7264
920 19123
12769 21635
6384 6747
7061 14393
21356 26612
11416 13900
929 4797
10446 21195
2085 24136
19570 23905
24934 26283
10733 24752
10920 22205
9001 12111
11773 14987
3002 8810
3741 18067
1508 11878
516 13663
14129 17138
22550 26192
5632 23427
638 23905
13530 21794
8310 27756
2646 22082
23459 26583
3802 18206
7651 9102
877 23997
9105 12631
22650 25317
841 22832
1925 6376
3265 20940
2354 22119
20926 21127
25301 26706
1860 16025
4031 24897
6176 12922
5485 5815
6367 25962
2438 15376
9924 23655
17114 20922
14481 19753
5384 24187
860 15037
10022 13787
12306 17737
11274 14106
5327 17787
4237 17938
9961 23863
1159 4167
670 17604
1665 17281
5989 17742
3362 25420
8437 12145
5078 17194
19971 23595
17304 22864
2162 27867
9625 26289
2024 8898
2200 11563
18791 23665
3587 19139
729 20267
9082 11229
11748 11978
14136 26711
16222 23043
9226 11811
1878 16598
15749 26817
23066 27189
1098 26869
1686 27248
8779 8864
16922 23799
5476 20010
2344 11037
13954 21491
7079 7484
13101 18832
5350 19142
8734 20153
4332 15508
17963 25433
7331 27683
3101 19947
19871 25740
21250 23442
7600 14050
3566 21346
2776 14273
19965 22617
16470 20300
2880 8937
14778 14895
17803 20046
5714 18699
16821 22364
5825 13137
367 7404
18732 25065
1767 17836
911 13910
13361 15292
14728 25858
3379 14178
7350 12956
18586 20043
11056 22968
898 12346
2748 14389
3741 4864
3405 21436
8494 19331
1894 15380
10301 19046
5211 11326
14035 19494
4635 10908
11340 12655
4561 16748
16083 27042
14494 27790
19711 26702
24500 25525
473 21723
583 17892
6562 7123
14099 26004
17486 26421
804 10457
22908 24787
404 25875
7590 22038
15019 21745
17945 24218
7451 26158
12013 15063
12257 12915
4878 18832
3803 24457
3149 24741
9127 12562
16698 18075
11167 21474
6930 21176
18070 26053
7307 21739
2179 27123
7410 8432
9411 18057
23799 27584
6069 22448
19548 24028
561 3889
8575 20230
11411 21798
14392 24062
9361 10949
16759 21663
1699 5206
27030 27229
650 20732
15600 27129
15341 18334
9980 17822
3667 16487
6210 20886
5949 14731
18548 25263
9750 23799
18611 22581
19817 24444
15523 20480
2132 22036
12820 16566
4260 25800
1645 18561
6172 21791
1587 24616
7384 24575
11859 19169
3039 12954
5745 7486
12887 25815
4295 18024
3750 25012
87 24850
7732 13427
10852 17639
9850 16656
4391 11009
20832 25414
6539 11759
11546 28058
9152 15986
16115 26522
8708 16863
17922 19199
1410 5226
4798 11579
6065 22565
16276 24069
1398 24287
5883 22837
1727 5989
13117 13994
8814 25299
8801 12829
4627 17397
2686 3296
1622 15141
1107 1833
10785 24557
7333 23118
18039 20227
638 3634
6965 24948
1088 1858
1610 16005
4108 4853
18369 19004
18741 26859
3921 16827
2031 4443
7289 28048
3280 14988
8096 27569
14652 22134
26793 28268
16014 23679
17406 27759
1226 7498
4044 26654
7350 16880
7519 8972
2087 13094
2150 6936
18059 27828
11917 12508
7065 20583
12773 25280
3759 23672
6057 26753
4328 23201
19164 27918
14982 25617
4087 7084
15225 17198
1873 22998
15178 18097
1081 16976
5695 22790
2379 17054
6812 12422
11080 26109
7635 8320
17186 23024
490 8753
5270 18982
1878 3090
9067 15141
6301 27239
22659 26518
14528 14850
7392 25019
12424 27805
19569 20162
2491 23193
2991 5338
8318 14119
6427 16429
9502 15699
17599 24950
5620 8142
20711 22010
8148 19829
13165 16376
12121 17382
22771 22780
11722 11815
7948 22814
22679 25559
1272 1753
8924 21324
12560 26497
929 15086
23223 27087
5107 5609
26629 27701
17510 26654
3728 17447
16986 18721
4117 16370
2893 16467
12501 14536
20527 23914
20008 25341
20783 21298
6935 22242
3101 10046
5493 24575
14695 26063
1850 9814
5957 8647
14193 19369
7497 25287
2927 8737
4116 21330
13676 27495
9250 24255
14706 18259
2740 7881
6527 13301
48 21730
16983 18308
21887 28156
12348 24232
7758 23736
17906 17967
14383 15725
1819 20483
18265 22688
4132 12730
16069 21704
18477 24655
23267 27156
1479 7044
15808 25286
11080 24422
10373 14519
17232 18036
693 23282
11568 22416
8113 10711
2115 23875
8791 17735
8155 12551
2254 19416
7763 11375
12449 16456
7668 22857
8878 10387
4607 13527
18383 19023
21633 21665
830 26016
9086 18507
24500 26992
1630 4205
3338 26904
10444 27312
2744 27875
19275 24294
4789 16276
1349 14423
9038 9097
19086 19712
1814 21026
9774 15470
19941 22575
1382 8825
21000 27157
3049 13727
5986 24663
16947 19062
18921 22914
9396 27461
910 11638
14865 27872
10871 18660
10785 17996
13041 28190
84 19701
4562 20162
7560 27273
12244 17992
1545 21483
5338 23275
21119 24443
3296 14661
283 3229
7360 10114
6965 7079
11942 21610
19146 26554
6412 8465
11417 14328
1795 23365
4214 24245
2763 7038
10701 25291
7836 25908
17119 18882
21810 28232
15511 15957
11494 18599
396 27795
7297 25261
9853 10342
14260 27676
10953 11271
22870 28157
7632 22861
4218 24752
21359 27743
774 17512
15347 15676
5712 23296
4041 11377
19982 23392
1264 18673
5185 26613
1379 24245
13208 26787
23708 24444
7783 22696
9974 13692
21079 22829
9426 17003
5288 11078
11295 16253
7199 12214
2596 12624
21252 27414
10003 23674
9699 22160
1208 24897
1857 7200
20531 25276
23983 24104
19760 22216
2539 21209
10584 20726
21978 23743
5003 14778
2955 11746
813 22112
4024 9821
715 7205
7390 20515
4205 21692
5840 10757
18684 28242
16538 17932
3937 11278
13861 15792
12263 24547
4024 19633
19540 25664
1212 11149
1736 15102
17341 21653
17155 23385
9865 17404
10833 25108
5492 26932
15832 16501
4462 16587
23325 24332
7677 27084
19971 25039
11870 19704
3002 14970
7873 9139
7073 25214
19464 20333
7673 9464
18249 24598
11805 16475
1925 6715
22787 25271
18567 26753
25034 27811
280 28044
4081 7152
8386 27001
2135 27899
7471 25817
2408 13442
8441 15997
4938 11311
1971 15748
7368 15804
8322 23763
16640 21242
2714 13282
6893 19564
1679 17998
12678 17966
4065 26267
16212 22086
4012 27173
2172 4805
3000 18001
22326 26031
17259 20077
3381 28074
12565 15047
6074 18438
933 9154
6903 10342
11696 16679
5397 9464
667 22591
7721 21338
1672 23521
6885 9991
19053 28035
2269 5403
16152 22416
1538 11975
1925 17021
7866 10194
6749 8454
2522 4462
11545 13827
12560 24240
4605 25937
16109 19109
14650 23926
3162 16643
12043 15296
5088 18481
1573 20577
9144 12728
13572 22992
17593 20550
3643 12550
3434 5107
6495 25306
5089 21213
9356 21122
1174 8057
2995 7147
24085 25614
867 24644
4789 7390
6393 22593
4695 6685
6402 12120
14500 27819
5802 9265
10805 11253
8732 22446
13560 22507
7610 28158
3043 7033
9782 19329
9683 11529
19618 22907
17514 27954
22116 22394
3010 6378
24 23719
4720 10578
12050 21000
9226 10849
14833 27044
15902 17782
1978 22892
13820 25813
11746 21725
10616 25884
1767 3859
1075 4824
11311 15619
3789 9347
1556 4993
21428 23021
19200 21794
15470 18265
7342 26951
741 25011
14475 22877
6533 12073
14710 27300
17054 27261
17795 20053
9032 25840
19647 20266
13219 26066
21000 24068
26703 28201
1838 25732
4388 9473
11859 24610
13810 24637
11462 21068
25658 26662
13601 26893
3561 6386
13355 21164
11436 18912
6248 8730
18685 21632
25306 25433
9261 16490
11508 21003
10302 15069
650 4167
1777 23418
23472 26704
4536 25915
1579 25288
24577 27089
4081 11049
1896 15233
9252 12897
13438 25664
15682 21111
6426 24971
16401 16671
1925 14485
5350 10088
9408 25174
533 1435
17637 19955
7631 27010
20630 22813
9042 24057
21000 22545
13810 24127
422 6972
18755 27313
9176 21774
5084 26110
16919 20816
1696 12164
9226 16901
1350 3126
2798 12572
7320 18551
2556 9784
2159 21008
5696 13836
6440 7842
911 6848
10591 18949
11677 19264
3493 5243
13180 13328
19314 26603
12228 16928
22625 25410
17723 26437
22768 26148
14082 14748
19308 23645
6127 7549
2173 17435
5681 11134
1140 4262
3267 18370
25624 28062
11696 19871
9895 22925
836 18154
24539 26838
11417 26822
23661 24377
1632 25399
226 867
8362 19271
2708 9851
2218 25857
711 21735
349 8961
4577 20324
11625 17143
16644 21883
20562 24343
7843 9542
17194 20617
6495 21567
15293 18787
2635 17263
10639 13222
23785 25397
604 14161
4826 14090
1276 13639
5327 21341
4216 14913
22464 25868
8457 13173
24353 27938
23332 23731
2536 6042
2708 6517
2474 11261
19524 24090
4094 13922
13910 16678
3717 17910
15367 20737
16622 27385
18516 19326
347 15664
7519 18374
3892 26670
5113 25011
5579 12110
7 21431
15233 22516
9330 25815
9074 12581
1747 15654
11809 17743
8894 25149
26340 26413
16449 22875
18861 20952
24373 27278
1198 5728
3197 18411
533 24122
12066 24399
14920 18920
18249 23978
3296 9944
3364 20371
15938 27311
18496 26076
4568 11987
9361 13025
1421 21296
2333 27298
1900 1996
12066 24122
1147 15910
3390 12565
10598 23788
27013 27801
6426 18078
10618 20999
13036 19876
6566 9443
23201 25996
13954 20654
10794 26661
10054 18575
5815 12726
2324 14935
14723 22425
9086 9590
3137 26358
18541 23068
16116 19577
16253 23214
20332 27715
21520 25675
6454 17259
25428 27726
9086 17214
5274 19502
3592 10340
6552 18411
8767 10963
7108 25043
17883 19325
10842 27667
17108 21312
20392 25539
9005 16855
12755 15091
4216 10604
4745 21005
545 23119
2448 22227
17375 19390
6390 22670
6205 27194
3410 11580
12091 28085
9361 18187
5945 13725
236 18540
6889 27223
6408 26358
13683 16557
9953 21802
14823 14994
3970 22190
5905 24222
17120 18999
7896 13041
12204 16628
11670 16317
11113 11521
20742 22825
14481 17760
19493 27084
13552 20078
6076 21716
6763 9067
10517 25709
933 23647
3900 27004
21438 22581
14456 25274
7387 25067
23455 25525
8220 11093
4121 21824
3734 5989
9502 23738
23663 27927
16968 27131
5984 12399
14097 18247
9184 16678
2017 27042
6707 7528
22162 23409
5913 25121
2202 22254
1771 17838
10114 15108
6239 14445
7002 25839
12402 25008
15145 22966
11826 14672
11878 16276
5336 16905
1860 7002
23620 28106
21041 24939
4933 15540
972 27186
6206 23304
2667 18933
6702 12649
9897 18751
15576 24467
7603 16113
10284 14555
1292 6516
12034 21945
14407 17305
21746 22825
2587 5381
3585 7903
2091 20438
13091 27087
11171 12485
18988 22382
12711 24939
3030 16793
11722 18311
537 3253
26445 26685
15749 26665
3699 15488
17231 24326
396 27235
10869 18667
11648 20002
11652 26533
5800 11795
18853 23576
3810 25343
15869 23483
11607 22274
2322 4499
4303 26077
2686 23553
3228 10023
13476 16988
3698 12761
1413 12801
1456 5591
11080 27810
1239 22683
4614 20959
6891 11436
10708 14512
130 16640
13046 22104
6054 20008
15672 23762
4870 21247
11817 13032
2102 4129
129 8947
12241 18434
8588 22418
3966 8597
3655 23694
8852 24057
11281 18434
11812 20640
10290 18354
5991 22690
1840 26781
13853 24514
13355 28044
6177 14995
26880 27837
19706 26463
22323 25755
7738 26689
422 13892
8057 12369
8360 14631
9215 9416
7192 24076
11077 23119
9939 13711
15422 24972
19952 20258
14790 23267
4340 19189
1773 6095
7005 15418
18051 19112
1613 4791
3251 13983
12743 21755
7325 14477
4993 11424
5081 6603
2677 13852
12573 12735
2452 26358
10026 11530
9859 23973
10767 12576
8074 15843
4349 22606
9959 27190
16092 24657
5371 23377
626 11392
15619 18533
6894 22682
155 20757
6635 23381
9138 24869
18524 26892
18521 23977
13931 27234
4061 12769
16304 24064
4627 19326
3793 22143
1410 21000
27544 27882
19062 23463
9640 14772
22650 26584
4693 11336
22479 27444
13192 16090
11359 21269
1771 25108
4827 20410
5263 9226
2012 25956
1139 18480
2071 22598
11599 26991
5150 20789
5826 11734
7110 8925
17463 25155
7049 17833
3268 5425
6150 23226
3545 8454
1050 2857
17899 25263
2710 21728
21266 26187
2379 14771
7008 15251
9043 23182
26670 28163
7877 21149
15549 25654
6237 22399
8909 24577
4272 7949
16002 24537
6808 14557
4708 16373
4072 14273
2093 6965
7852 26721
22954 23929
18201 27360
1342 8719
24292 26968
22950 25116
10279 17530
8261 19125
799 23833
16504 24499
12086 26578
15068 27404
4600 6971
11011 25955
12885 26691
7808 21929
4642 23619
8861 22126
7587 16512
18775 20849
9330 13779
1181 25186
9038 27397
19335 25158
5082 24384
8064 11370
2197 19052
2619 7964
18704 28128
679 9524
15549 27159
21563 28098
369 12399
942 22616
1329 26447
15739 24491
12973 17063
13221 22564
22848 24303
4579 18359
13517 14823
4081 5978
6637 19764
2882 17162
8558 26480
4885 5728
13459 14475
1950 21849
22605 27482
2368 2619
15432 27746
6832 18166
8787 16267
545 9047
9563 9730
3019 3501
1624 15190
5344 19731
8754 14242
18045 25341
15428 24842
1349 5018
473 1579
12428 24148
13909 26913
10698 12800
12607 13652
9915 12194
10822 12111
8770 11805
1687 18297
16734 26978
2943 14606
19206 21482
12043 24791
3197 10121
4148 18136
4101 23679
16422 27906
7519 12689
5882 25530
1858 9055
12369 27927
2469 2759
26240 26371
19123 20813
7495 19443
10490 27500
1803 3440
6914 13165
1574 8482
9252 25425
6129 24051
25855 27382
1989 9701
2286 18777
20614 22031
2130 3951
2227 25184
1692 12564
16318 20503
16328 20656
20 1489
4066 24611
15897 15918
10243 17597
12726 15409
987 11792
17338 17502
2129 24689
1186 15551
425 27253
22295 23807
11261 13227
8475 11669
16139 21671
22594 22769
3420 20844
20639 27279
11111 18549
8240 17863
20162 20558
3936 23718
2816 17455
650 5618
1036 2027
620 5162
2061 21866
2882 4468
6042 9610
16904 17123
3370 15660
13235 13343
18690 23340
7833 18437
5787 23574
7320 13583
7168 7492
4350 4434
3296 14771
3000 11452
212 4340
6931 25174
115 19372
12291 18808
5689 14241
20719 28056
17422 20544
11698 28138
577 17482
19890 27028
4209 4885
8317 19086
4439 7987
4009 14633
14994 16988
13408 15883
19273 22335
7374 17791
5308 18021
19731 26661
18791 25984
6061 6638
5273 10767
8200 17154
1630 22788
1116 6866
12805 14776
18136 20551
18881 22987
2348 23276
24979 25626
6293 6987
2112 23201
14520 23803
19497 25895
15898 24850
905 23524
24217 24293
13978 27938
7209 11389
4253 7152
11107 24069
14228 22160
10743 13075
3516 27923
4964 24093
1 6163
829 23178
2170 23520
428 13719
11552 13863
272 14104
5491 18036
13207 20365
11627 25713
1271 18842
18672 27920
14258 19913
11771 17120
4990 8277
25838 26059
12792 13111
18136 25494
8057 9005
9649 27676
17507 20205
14021 14235
11682 13597
20321 21955
846 9908
3269 7950
11133 11495
10767 17443
4577 28210
17467 27898
4938 14445
16647 24061
5283 14555
7321 20045
4626 25830
15600 16963
8730 14150
11594 21079
4176 9732
3853 14308
2304 24082
620 6334
9772 14633
8057 23521
16379 17061
10966 21474
19987 26437
17243 25105
10570 15382
4951 27900
18911 23977
710 22464
19552 25366
12565 14559
1040 1878
22183 26476
17769 17819
6054 18220
1547 4646
13642 25265
3039 11286
22114 26499
16386 24910
5084 5571
3476 6635
9078 23738
5007 25986
18521 20479
7360 12483
1412 2708
8806 11948
51 4893
8478 25610
6898 8269
16754 20504
22046 23708
10217 26694
1795 6797
1140 17938
17227 18667
1119 21508
5890 8797
10170 16253
5832 11468
7339 16803
23791 27818
16963 25201
13269 18146
2325 6734
5100 8308
2244 16225
3793 12689
11340 22949
1932 4439
62 1878
26433 27685
1162 19863
15362 21849
10054 21242
12477 23952
4366 25729
11096 17194
3575 18334
10954 20757
14633 21893
4237 11696
1205 25960
4162 24139
1240 9798
12082 14700
2333 13256
9905 23890
5190 11255
23308 24068
15667 23637
2087 12268
20119 22012
10608 12981
5477 20849
12402 12479
7909 14548
22216 22425
8085 15064
10517 18355
13745 25220
14667 19192
2233 21798
10907 15308
18044 18875
10461 23194
12576 20036
2186 11028
12205 18669
23415 27664
5290 16465
10570 19917
4454 5751
204 8566
6221 19566
4051 24844
12605 23372
10852 21904
16361 20790
11191 21993
4571 17492
10680 19217
1851 8715
8767 25617
12066 26603
1176 25138
5723 14312
21135 25873
23916 26675
3267 11475
10449 10584
6101 26172
8322 10209
396 8772
11141 15613
7927 21473
6793 10284
4646 17963
799 14308
23656 26322
2245 18736
23459 25096
24815 28148
2296 17749
8243 21606
2467 25405
7162 11780
9639 21270
4362 9252
25043 27600
3287 23390
19275 26493
13917 27719
291 4827
2787 18379
10981 16851
4232 6844
7478 25306
9068 10888
5786 9502
9543 17813
7438 24908
23910 25299
10324 13901
2198 25329
10303 19818
2344 21753
26577 27844
12366 26050
1223 3300
4189 24691
7702 14767
23365 25699
13440 24425
13759 21646
9944 11013
22472 22756
3756 22212
14663 22416
5288 16941
5956 27051
340 21893
910 7003
12309 24723
5795 7490
14384 17812
22415 25468
4282 18192
711 9901
11042 13272
15922 20832
11048 13736
9408 23269
17214 23143
2227 20099
13038 19957
19424 22515
13827 15670
16155 21194
4005 12439
16373 16665
9877 10523
18679 20171
16509 23140
16923 19479
5978 15105
8705 26079
12954 27321
4291 7447
7836 17762
7368 23195
11361 23919
7121 14286
11365 23036
1181 5974
16233 18221
22033 26986
2349 17495
6575 16152
10169 24569
5943 12830
12369 27594
7162 20635
8098 8781
16261 17858
16245 20998
10883 11709
8424 25262
6786 17755
203 28074
5216 16152
7215 14005
23777 25012
9221 20398
4207 14793
1963 24904
2269 4135
3162 27106
635 25482
1168 9794
15247 17496
11580 12991
11710 26851
13180 18018
4933 6760
11975 18518
2146 4076
7290 24131
646 17724
9260 25301
17756 19843
8991 11784
10778 22156
2974 16226
11627 22025
13677 23482
18876 27876
7373 7497
5721 18259
4866 13937
13088 20683
6546 23358
1876 15220
10287 25172
21064 25214
20405 24589
8368 15017
19033 22040
6857 14321
4287 22787
522 16243
9237 25505
15397 23417
2966 21006
3669 15852
11696 17938
6134 18745
561 18425
3728 23015
10903 22769
10251 12114
9449 27131
2094 14916
22035 22898
396 14225
253 21225
26740 27927
13564 27841
23628 26834
4110 16963
108 1534
11080 23298
2387 2767
4477 8208
7468 22679
478 2323
896 13810
19068 21101
475 9316
10488 24420
289 27155
711 10391
953 16040
10740 18761
2065 12918
8229 25312
2441 11756
3356 14153
13566 26497
17373 28278
949 22092
3875 15869
9715 25247
2609 10723
4415 6612
5206 5943
18200 24325
7512 19169
295 27381
5010 14511
341 21481
2637 5816
1117 1936
13810 24069
23929 25174
2127 12199
345 23775
7514 14568
15355 25943
11630 24869
6232 10079
18251 20550
1005 12581
25468 27042
5978 25487
19289 22996
1797 15920
2336 15670
2764 21883
16037 23679
7004 9007
19832 25689
10756 13661
5409 18908
15687 26189
3705 6041
967 16261
689 11076
11809 19992
19417 23265
9441 22833
9564 26877
15918 16362
25838 26491
10039 12066
1870 13291
11035 21757
13729 24326
16884 20324
12078 16955
56 25588
14477 14907
14559 25901
10844 16564
16276 23705
16890 21438
10854 11128
7531 10525
23676 27520
14374 27178
8891 26908
3679 7982
1556 17319
5153 27300
8340 9246
20118 22340
4477 22184
2288 10714
9613 20938
5449 11756
13619 17530
824 25282
18521 27464
21891 25500
5286 8669
14050 26413
21701 27861
14731 19830
7545 8222
8122 26244
4438 14016
7552 17411
13649 27751
9778 22943
15713 24830
505 6221
2274 26043
19303 22342
664 4584
10099 27772
2726 21671
13191 19244
4520 13916
10063 22874
12565 23911
582 9421
10986 27078
11645 27490
1467 21884
4067 14352
7804 10093
4003 17028
2280 3532
2259 7707
16322 26974
18265 22634
23324 28274
10691 12772
13316 18648
6746 9231
17280 24843
11637 18208
10618 19280
7471 27698
12159 21624
2213 4778
2001 2485
735 4218
1318 19398
8814 23696
5968 7353
7007 14511
10097 18883
3741 28079
19952 24232
3094 11225
12561 17924
5481 23154
4339 13143
6535 7699
14955 26358
16718 25403
3674 16964
3846 25525
13102 19100
10326 10862
10391 11878
3961 23632
11311 19817
14758 16510
7286 24950
3598 9569
15108 23361
14847 15616
12090 17676
11013 17059
10531 15899
11678 14480
1533 24493
11486 20258
11628 27108
12086 26452
4678 26832
13574 16232
8593 11899
3885 25966
13672 27032
497 25232
11773 19775
1951 12023
14473 25204
1871 20144
5898 16219
3280 11674
9043 13428
348 10836
17704 23375
2667 14966
2527 15401
12836 19550
2530 24502
3101 24543
1858 21199
10100 16577
1071 18441
19787 24061
7487 22883
19624 21594
4169 21613
3995 5134
24459 25454
23044 24630
22988 27927
2917 18839
629 9410
18817 27017
1686 25083
21000 25131
14521 24053
1211 17482
19294 21509
1590 9409
17253 18050
8340 11855
1551 22606
6519 17404
13921 16328
99 19409
3306 12722
714 19674
3660 5505
7741 7867
944 20458
14961 27087
9617 21102
17937 18027
2230 24902
10618 21061
6707 17062
1584 14728
14878 24208
3359 11521
17902 24122
18151 24172
12031 23082
1178 21157
22130 25059
4478 22581
1361 23415
1600 13468
10729 16083
12800 23140
10206 12339
15443 18141
15606 21782
15483 17908
22416 23794
1343 25443
21462 25760
2721 5751
12056 12423
2474 13227
7984 25732
4414 22988
6668 19853
0 14270
3146 25700
6077 16194
568 5256
21990 26613
3900 9502
20902 23369
4240 27805
6707 18658
19405 26105
19023 26266
21615 22183
5865 15723
11406 24129
3152 17951
22326 25810
8825 16180
8906 25440
2826 18285
10418 20235
8636 14327
7505 20745
3599 7681
1399 22448
3484 3778
1830 8481
5380 25068
5084 8746
2439 7571
11288 15112
9932 28181
8370 19195
2311 6462
922 6550
4340 4546
3850 21077
179 4539
19791 19894
17145 22430
11709 23932
3286 12407
3681 5912
568 14825
8225 15421
8737 12564
7346 17482
4010 24379
16372 18696
693 13405
8781 13050
3042 23307
740 26088
3534 9252
16681 21571
15531 21333
1144 18445
6915 12403
9300 14489
805 1978
10935 28051
20867 27729
4731 17949
9911 18630
949 25538
3287 9873
8933 28153
2018 2617
4719 5984
18286 22115
10945 18647
3467 23502
5753 15893
6013 24576
8527 15766
8660 26597
556 2346
8167 12756
2344 19665
18649 21907
3727 18397
17838 23140
14110 27442
2691 13154
2329 5989
2435 3885
16108 18381
20667 27448
14096 18369
3440 20078
4202 22287
2369 28115
4626 13902
2132 13564
8924 18556
2801 10647
3349 26360
3436 17481
19331 19352
10920 18265
995 8397
3354 11628
569 22033
2708 15661
4581 19155
25422 27819
235 5755
847 21663
305 2671
14748 23978
3534 22756
20162 25468
8199 8750
9263 23939
3086 20754
179 21248
11311 22269
14203 19317
4386 26577
3162 7387
17759 23056
14364 18592
9403 24061
11136 13597
3399 10990
7456 8151
1359 16393
21096 21671
6679 7244
22031 26197
3383 6127
2605 27004
9421 23379
2986 23298
15435 17319
10419 12689
6925 12894
2487 3814
22052 27569
22684 25054
825 19484
2735 5371
1609 26413
5217 18850
9179 15404
12539 20260
18736 21849
8719 18648
5263 17193
5270 16809
14671 14710
5221 26476
1105 19552
814 14838
13907 25727
4281 12040
14180 16928
9854 26409
2107 10185
1860 11666
8875 21742
7036 18132
13978 20472
19056 19647
10741 18628
19995 22131
2392 6844
828 3147
11559 20417
15637 23009
9827 23563
19474 22256
8528 17563
3381 18187
14031 18180
1529 24181
9367 25306
22870 27640
1106 18714
7488 10308
12026 19601
18807 24060
341 9799
14478 26740
16124 19979
17637 27901
15551 21255
7878 12379
23684 28065
20388 27161
5876 10937
5551 24075
12521 21700
97 8551
10583 27536
4693 5325
2393 19140
4626 27382
14840 22278
2885 27797
14668 21589
9837 26605
12402 14878
1820 22666
7368 9013
21883 26218
15376 26737
21257 22436
12992 27542
1153 19845
10279 12828
12091 27841
28 5961
6881 20156
24659 28077
7166 21353
38 9228
1833 19247
9518 17534
1739 2039
11026 26827
16117 20459
24294 25276
3496 24831
1174 15666
12785 22192
11045 11720
16457 22360
7021 7555
8408 19513
8264 15128
1000 23194
360 13745
8465 14407
4523 19145
396 16806
1804 23904
6926 16121
10869 13014
2236 4456
4551 26799
1777 13328
17718 23271
8291 13952
9642 20018
595 2384
6076 18538
309 7492
8692 15712
799 1807
12031 15874
2125 7164
16236 24064
21097 27034
2092 23521
14995 18292
495 17902
8954 13587
7387 25529
9281 16964
15422 23913
16131 25767
2427 24082
1704 10971
13338 24665
2322 17831
20370 24980
26372 26662
6239 15074
14227 20081
22814 24762
1322 16829
7227 14023
19638 22707
13155 17762
7987 8846
12282 13741
2518 16910
3010 3624
4218 5336
6919 15716
10800 19827
19688 20282
2344 8215
24269 27576
7491 20177
4642 6506
15905 23963
20135 22763
5923 19712
20841 27050
7084 23590
4342 23405
15372 24739
9799 20552
8872 18115
393 3544
339 4098
1941 25856
1417 26000
3828 23997
22226 26186
6549 7468
14264 26725
14361 25683
3757 25039
19731 26177
18520 26078
1116 12143
8764 18380
603 5009
14104 21203
12886 23743
22437 23275
5004 11494
1878 23466
5659 13347
9148 14464
4741 19264
1112 1324
5989 14672
2849 18269
1106 22409
4975 15561
12531 26838
15344 27954
10833 22156
4140 6482
13051 15346
3196 15131
4967 13193
22769 27147
7113 16744
15344 27462
5323 16932
11780 23208
16192 26902
5217 25559
2500 16386
7380 22457
21398 23721
7945 24354
21715 23159
7552 13594
3634 11816
27191 28044
18457 23477
155 14753
1744 22984
3128 9813
7707 13235
160 8319
2981 14434
14549 23352
20167 24175
1677 19558
17728 23730
2786 13875
16656 28120
4612 15263
14359 24445
8267 11169
18793 21003
10123 23879
13501 14136
4457 6924
15530 24456
6759 22457
6305 23897
4282 12785
16597 27034
2729 28270
6981 11100
205 5094
25848 27823
3152 12652
1591 4874
9682 27300
2413 3460
8498 21801
8140 13826
4209 25760
17424 21086
14378 16850
6729 9525
2961 17094
11697 19904
5767 18449
9084 24539
3384 8735
564 19837
15346 22010
8285 28134
8424 17603
18891 25299
7414 27678
2585 22384
2067 18868
3128 26173
15085 25059
8254 25875
749 28061
3748 24330
10652 17742
8921 19549
9747 23897
3608 11495
3197 12769
6166 19687
5930 22151
7475 21634
16890 24504
26430 26553
20535 28044
5441 19957
15099 16878
7836 25855
15339 23422
21236 24409
1292 23272
396 2246
2620 27537
606 890
13447 13515
10457 21806
9209 15735
8435 9252
8760 9742
15672 22546
6453 17726
24622 28195
3696 22295
14728 22871
1933 20778
11948 13901
4328 12956
17041 18639
15493 19829
9378 18391
16700 21690
12426 27853
12120 21063
3349 26409
17014 21488
7796 18538
1878 21359
7455 15543
18963 24235
948 7410
17653 17922
17733 27942
4663 16695
15967 16947
9254 25915
1364 11312
4904 13817
15029 19024
5763 21504
21010 21205
967 18999
16935 27298
825 2431
19987 24336
14452 18521
199 18658
4081 27273
10067 15249
5981 6495
899 20133
24662 27456
26189 27795
13014 15861
14017 17900
11993 13329
6270 12913
9626 12158
6700 20408
588 2015
7860 21867
15561 16499
2381 17538
14957 20643
11286 20719
12737 17407
14384 19857
11444 22234
7950 19816
2533 19085
16026 20998
23570 23976
4162 8956
17733 26168
10825 24122
1979 9524
2567 5786
1672 4535
12291 12427
5210 24846
5989 17492
22723 27451
15292 28252
833 14163
12711 23372
13168 22184
3395 11931
11165 11953
5792 6444
4300 4895
14439 17341
17014 20008
2872 16536
7758 21159
19086 24795
3889 14696
18704 20230
598 20470
912 14534
25828 26557
379 15890
6498 14351
3052 3589
1687 22331
7166 9416
4784 22080
2148 23285
6209 13385
3205 10431
961 10852
20429 26331
12496 18359
341 15789
2827 9647
17513 21963
7033 22270
17263 18796
16386 25081
770 8858
18400 26116
4422 4626
11023 16701
8954 10212
11059 21848
17990 25013
5984 10612
9438 17089
7758 13989
425 6215
18475 23730
23693 24343
8817 22992
17013 20814
8379 21831
8703 26320
1701 10835
7497 17649
1412 1902
5978 22340
5042 11887
7646 26976
1992 24834
12447 13516
2664 11627
12399 15446
7828 19552
9739 17842
1015 1188
13328 25311
2614 26901
1508 11667
3827 22581
1986 20573
2472 18475
872 5229
9631 16246
9487 12954
12599 16847
11653 11794
4828 18379
4692 6182
17678 21823
9252 15791
10270 14997
9858 24068
11311 21154
3166 4197
839 11989
13794 27814
13686 23747
7670 16851
10747 21044
7693 16751
14606 19950
12633 19990
1940 5659
7721 10922
16969 17136
1755 9838
1398 8264
1934 22147
12999 25371
2336 13270
8155 27226
18591 25601
13681 27199
14411 25086
10094 20787
11480 25299
24061 28095
481 22784
4693 15446
19669 28166
9145 26114
5725 5943
10061 27314
22205 23553
7877 8066
10970 19434
2324 17385
19478 24221
13597 26688
1008 3856
2732 19033
6650 11210
4789 12762
14082 26010
12617 24150
5456 21544
3750 26591
550 7977
4468 7982
8923 25272
23214 24062
8442 13636
14464 22761
15090 17928
3574 17692
15033 18610
15747 18402
1349 7120
8956 25067
825 11450
4423 27417
19268 19647
5850 6001
5190 11606
1031 1590
4435 24448
10521 26017
25095 28017
18964 25013
11559 17307
10294 12426
16152 22840
3819 5943
5773 22092
2908 22610
12881 16276
1498 12632
3940 21851
11431 27795
8500 14706
11781 22621
3182 11979
5403 5546
14386 20475
3908 8441
8751 22379
704 7330
2124 15376
6841 21891
15312 18787
11503 23082
3192 10893
1153 23700
5576 5979
17392 19162
7386 11552
9314 14396
1713 4626
8000 8404
6483 11790
1349 4453
23910 24703
14657 21815
17696 25428
24299 28197
4026 11741
9523 24819
374 24936
17051 24364
11104 25110
465 22183
4949 10911
5056 21868
4823 23899
18781 23956
20053 25780
9490 21776
5667 16439
3818 9436
1830 21415
5416 22296
2246 26207
17073 25564
4745 26154
6177 16195
6177 16230
10156 25197
14257 18595
3810 13245
4437 11417
10156 22611
14451 22790
8931 17442
2334 4960
18586 22630
4274 12056
3758 16829
19122 19668
21406 23015
24454 25508
4910 9396
6914 27271
11047 27101
12053 14513
1645 9144
11551 26413
18656 19641
19233 26798
9268 26549
3059 6914
14429 27701
6147 7468
7205 12800
15366 21079
957 14228
7581 11128
16463 25949
9001 25270
17290 24593
17530 24904
5739 17955
22698 24485
4367 9619
17961 22746
8520 16369
7075 8363
9330 14953
10052 23372
4256 9226
86 20377
7482 21919
22783 25538
14198 22775
6126 15377
23288 25328
25446 25966
10050 22024
7047 13575
7591 24053
19494 26298
6488 6789
7429 22149
5989 23857
943 9704
18332 21861
3283 24954
10646 22416
11047 11723
18782 25791
8901 20360
12315 19046
5485 16609
9334 18351
8891 9943
6209 24147
3494 26366
4921 5196
14474 23422
9786 11076
4595 25893
3141 12244
5618 21725
1239 24681
2710 6752
11594 19899
8543 11334
11964 20047
9956 14407
15928 21257
8081 28165
515 28158
1067 12238
4648 17593
17167 28141
588 20860
987 6165
2536 20092
4807 7922
12091 21449
15981 24062
18341 27510
9239 27567
8887 13922
7090 12139
5711 25958
2121 13710
9552 19445
1689 23300
4455 10623
6222 7283
26598 27274
20615 25710
14344 17930
6763 15693
3721 14130
5415 9601
6026 18241
4711 20162
1605 26571
4061 21123
25175 26115
14612 17239
7877 23180
5903 18976
1925 5801
14546 23454
6535 22222
17214 17456
14515 20757
26457 26673
3442 27142
5413 21091
18529 25960
3883 27331
13112 28236
14233 22087
12708 28199
229 24270
4277 6172
7623 14127
1445 21921
14121 25162
1545 18760
17574 25740
6013 24218
1216 28080
2759 22498
4169 14997
18434 20550
12666 18963
14971 18346
15506 23994
14167 19081
7598 15419
14666 20765
4600 13885
6298 11552
8858 12910
717 22011
1773 15012
1173 2336
2929 12120
11154 21650
4993 27835
16984 17182
15477 26413
9794 19303
3905 9948
1360 4900
17043 21849
16979 27967
3035 24589
12565 16986
2209 21385
19627 20553
13888 17783
21102 26155
8022 23194
23400 26657
15397 22472
4962 21279
12415 12626
7121 23502
15756 20017
7758 9226
14941 25286
18825 20181
5869 19262
561 22321
10197 22640
17341 21866
5007 27706
15522 26087
7443 15669
7736 10325
5930 7147
2760 4415
23298 24403
18891 27932
8049 25606
5206 24130
5201 26541
9144 22203
881 4108
14604 28092
5018 11977
8085 11242
867 16749
3624 5080
16094 24393
15358 28251
13433 16492
351 16949
15117 23354
5736 28259
17472 22954
2230 8451
2803 26717
8972 12649
3630 26344
12943 18523
15510 27669
18820 21864
15428 16323
11746 14894
21759 25904
176 1998
25754 27681
25444 27189
15957 23785
5670 7132
1421 28211
16293 20234
6339 19113
9019 11913
20816 21938
2410 19950
10826 21991
4867 22317
17566 26057
3401 18906
155 4343
3506 20517
14604 27579
13106 15330
19513 20331
14228 19502
1458 5691
314 10033
5084 25273
7763 19827
2628 13813
21083 26085
5767 26278
13220 22956
5869 21497
13515 17562
11154 25445
19794 19843
12033 17140
20661 22418
5145 15507
18260 18906
8368 11678
1292 5795
11059 20704
3980 21853
17535 19217
15052 20737
886 17212
16461 20291
12220 23973
13230 25284
17394 27420
13772 20943
4109 26758
3326 9514
14363 27087
10714 16006
7717 11059
1284 9316
4559 17946
5978 18983
3922 5980
2902 9038
12791 14681
11483 17214
3002 22497
17727 23143
13794 15410
24120 27168
3379 27500
16914 23762
8244 14471
875 27522
13710 18816
4581 9855
8593 10279
24608 24823
16610 26542
7118 16245
1773 22460
11401 14025
8281 11450
39 11436
8924 24244
2186 26825
9528 17586
12579 16856
18050 21665
6903 24872
3277 4080
16288 17310
15224 24384
13686 19735
21791 23090
16293 27085
5903 25831
1672 27069
6995 19652
2623 19863
7577 10407
127 11989
17398 23254
11812 22605
10131 27260
11180 12075
2598 23788
13373 24069
14807 17501
4512 9144
5714 9614
5927 11237
3065 3709
4498 25869
1116 8174
8923 19289
14153 23315
7461 25525
2413 9127
24062 27835
1097 22607
6946 27664
16328 23181
5028 17033
10990 24766
12760 24008
3166 22544
3726 10971
17289 18799
4397 11161
20430 24999
1777 25137
8785 23914
971 9234
9951 25584
1851 18911
18679 19741
14964 17857
3528 26613
5774 18436
253 27790
2068 2863
5448 22001
3674 4640
481 8751
7695 26753
21447 23738
3313 9354
16910 25012
6942 19180
2572 17419
9378 24057
7967 27328
97 8210
10033 21000
7772 25981
14976 16581
23225 25833
23929 27766
9067 17593
4316 12954
1152 17863
7982 21885
4646 10773
1101 2411
14758 21014
10075 25560
19326 27651
9573 22857
10365 15377
19243 24883
4623 11251
14492 16872
5064 8282
4041 26108
10540 17433
10023 19013
11877 27949
1575 4979
13891 14681
13564 21798
6766 27054
4719 24444
6857 15787
19062 21146
1408 14111
2191 6913
2526 13448
18631 23134
7311 14568
12886 15282
2172 13270
5332 16683
12109 14319
10966 15178
9154 12379
810 21639
8498 13970
12800 25977
4307 26690
1168 26114
11992 20862
22192 24444
7869 17070
6826 10946
5131 17417
21079 21797
9426 21309
7025 18806
16639 24219
5004 13827
11693 20165
12489 13222
4081 16901
7835 21828
19944 25197
8025 19238
16390 26824
142 8471
7726 21253
3987 7695
1208 22464
569 25187
15713 27458
2385 12939
2050 6695
1690 16957
14953 25999
12792 22787
4515 7945
21766 23372
18520 27867
9108 11003
1241 27316
3634 14556
22309 22781
23143 24904
15668 25564
1587 10189
1371 20789
6120 15523
8064 14437
10802 13719
7584 26787
6415 10444
1605 16385
19598 28221
6857 24647
20616 24847
13060 27520
4774 19314
14339 16299
2275 16328
11139 18415
5525 16916
314 12259
1667 11187
18784 25459
3162 17492
23963 26334
116 16582
17417 19370
4021 14611
2712 13954
17435 18872
8412 19192
13677 17488
1015 19536
23829 24638
7804 9553
20291 28055
5317 9026
20630 23892
9138 16823
17938 24117
2433 2642
714 16056
25162 28175
4921 11998
1878 22509
20857 23113
2955 24290
11727 27751
3484 6573
17484 20570
2499 7818
1045 12340
7984 8145
22230 22310
122 15761
5185 10723
1800 22479
8766 18926
9174 25553
5917 16954
967 17193
3269 7987
983 8085
3848 22954
6787 7160
3790 23016
5094 13889
4964 6848
2888 16293
1085 24566
2760 18133
11689 25262
22201 22266
3280 28218
5695 23849
3820 16591
3738 22031
5154 7143
1116 18268
15610 17649
5839 18056
1964 20654
19935 27205
3410 6603
11080 27688
10456 14946
6182 12362
15368 16724
5304 10601
1123 28203
5475 21881
9563 24886
3354 7205
3643 27428
107 16683
23459 26173
6848 9367
11789 16003
11668 18454
1499 21455
4273 9795
10076 19801
10223 21876
461 14555
4391 19605
6015 26061
18466 25267
12476 24371
2484 10225
11261 14228
18128 23516
10807 23872
9782 23521
462 19127
8624 12971
6417 19451
2954 7933
7775 24742
1415 1449
3019 3769
2697 27953
3970 11419
19419 25509
923 7170
10127 11543
3194 26536
4767 23420
20275 21433
8160 12994
8658 17553
3424 3622
20517 27702
881 25247
13398 27144
1851 16367
7048 7953
1178 19053
13775 17995
5711 15666
1526 8356
217 27257
12646 14572
19835 22876
6668 12495
3885 14080
20084 22438
609 14136
3894 4144
1056 12424
5030 14929
6769 27954
10169 26176
16906 21770
16242 19343
2336 10287
2413 21874
1368 11850
19212 27458
7456 12924
12628 22187
14672 22820
11874 15173
1312 4211
1867 6587
9203 14519
11513 17349
4607 10624
11674 19375
10121 12302
2625 24042
4828 8522
14814 28127
3806 7107
25572 27176
13536 14095
12105 16984
22664 25443
19869 23451
17747 18465
17446 23955
3331 12708
9992 14989
471 10863
3685 6674
22227 26658
4581 17218
11311 27314
4280 17825
11795 23771
1343 3262
6182 16172
16599 26317
1590 12961
9193 17589
9691 26339
2157 5123
11262 15402
17310 19616
7750 8363
7111 8437
3265 23719
1271 20794
12271 12480
17562 27375
5544 23523
5107 22996
30 18133
9739 17304
382 6426
920 15951
2648 10600
15837 17219
16955 28235
16659 27524
21589 28029
20719 22112
5505 18729
13192 15284
4496 7200
12145 27279
3043 22270
6184 8543
11294 13721
19825 23146
16767 22622
17211 21491
7920 15785
14989 23099
2985 12025
8924 17782
5587 6348
12550 27684
7350 18934
3210 4198
2342 23719
2496 24379
12621 23138
7079 20442
7053 17348
726 10002
2389 22835
16006 25563
14767 26640
13364 21345
1469 11657
8605 16530
5657 20504
8807 23585
10803 14095
17087 26057
15541 23015
2206 14641
1 16374
3143 17864
8781 14532
5445 10670
919 12444
4079 21831
12321 12440
2788 18720
4685 8498
3618 28172
10146 18891
15391 17568
1435 10013
3598 3990
11212 17760
16311 18185
4119 5373
3311 22951
4967 13832
2470 25683
24783 24939
9373 9489
11545 14710
2936 15297
1117 3202
6363 18618
22216 24069
9044 24289
15163 28175
14939 21546
19714 25980
3528 5398
19508 24955
6008 18104
2336 25949
4623 23112
19189 22311
2030 23668
11059 12095
13592 16702
15610 24339
6848 24677
3257 22885
12136 19503
1551 15955
7695 20503
7300 19068
4406 21458
2027 18269
10848 21611
8185 19126
8959 19859
1267 2150
3848 23929
1943 2637
17294 25608
6620 8997
9393 19425
3789 15032
873 6911
11757 16705
22426 25402
7228 19604
6971 26340
6284 27385
1563 13910
16884 28210
14568 26005
8191 26856
264 14987
15024 26887
8274 18873
1050 10252
4229 18193
10706 22960
4690 10449
116 9354
4309 9234
1702 3143
6672 12194
16631 22083
8114 9255
18631 27125
21202 23797
935 2766
4780 10207
3901 6126
13555 15312
10427 11288
10935 18481
1399 9090
15822 22311
11164 20319
8046 10352
12346 16150
5047 14517
11352 14044
5984 24444
11667 11804
26313 27795
735 9683
17920 19503
4325 24279
10800 27790
12742 23574
1056 9774
12542 18925
6448 26812
5359 21000
9096 19566
14946 21849
14048 25534
1837 16928
3734 28194
1878 3152
19246 25803
12377 23857
11936 24921
6753 24240
13015 21506
581 9543
17781 24512
1358 23978
2847 17111
92 5359
6348 21987
14862 23502
17565 23417
1370 17205
10100 12916
6745 26076
21066 23136
16489 18787
1914 24589
18272 25967
11975 21462
1804 17630
15038 18202
12091 18799
8410 26038
18953 19908
583 5595
1343 9847
12187 18669
6930 10706
18557 19333
3156 16987
16311 22165
9080 27602
11207 14753
8429 12176
15505 26476
22858 24248
15052 17015
17310 23066
1008 21446
2764 8570
5338 17760
6898 10660
8278 14948
17446 24069
7032 7368
5586 24904
2692 19843
401 22476
6940 13343
18302 24514
1831 8964
556 2499
4614 9174
1559 4251
10048 27805
8717 11242
1795 14675
12538 22871
16922 27584
8145 25290
18619 24779
12236 17040
8145 10837
24249 24836
9747 15727
16640 27927
5174 23355
18033 26363
10288 26908
19095 22481
1374 13910
1000 12403
3719 10874
11712 24631
4698 12952
16744 19991
12033 22729
10113 22236
2389 16656
843 15484
21628 22172
115 21203
10170 22670
3234 17397
7560 11339
22165 23941
22112 25953
755 1938
8924 24872
3300 25083
9436 15973
14716 21700
1399 24224
16261 23143
2112 10496
14876 16180
8341 28166
13468 21245
2161 11879
4321 6587
19952 22425
8898 27698
20788 24690
3401 17574
7835 25336
21611 22940
340 12179
897 13314
4175 22479
3463 7342
11080 26255
21042 27882
13299 28181
16098 19411
16210 17429
14277 27321
7488 8151
21070 23643
3805 12171
17774 24326
1780 6410
11157 21680
2718 4243
11502 18662
14171 21649
3728 12900
7362 18211
6426 10942
3877 12717
20039 20369
137 1813
7236 25228
811 23404
18332 21668
13602 18604
5776 6065
20593 27726
8037 18280
4222 28112
18618 22363
17304 19095
3512 23338
10680 24904
3741 24016
11866 17198
5397 26940
5433 5943
406 2882
5042 27766
7950 7987
16953 23524
365 4892
23679 27821
5984 11880
10242 24403
7846 21885
15050 26457
8238 10234
4408 19893
101 2635
4006 23973
6738 27562
12304 22403
9869 23764
19195 25658
9574 11406
2760 24410
4829 21049
8318 27788
2044 23358
8781 17603
15470 15808
1920 12869
4101 7820
14950 26095
1402 25680
2003 25705
2303 24148
7741 18668
17598 22384
6942 26724
6107 24160
561 24131
9560 27443
16148 27030
21019 25181
2741 21495
2763 23197
9797 25051
10845 15985
810 16976
13113 18097
406 4299
20170 21939
4941 26222
5296 12954
439 7856
19853 22804
2233 8620
14474 22649
17017 20912
14623 24634
17166 27717
986 10646
4442 22734
14124 14301
6940 10737
1819 22890
7491 17616
13853 26094
3823 4208
14864 24836
14618 26758
6994 23143
15153 24836
11545 17372
5210 18553
1635 21430
11271 23811
1840 14670
4720 22860
12472 17590
11417 25579
25543 28008
850 21646
825 10323
15302 20363
14957 25010
20138 22446
2186 24581
396 26587
7757 27243
2373 25624
2388 24965
15435 17587
17717 26075
2968 5228
5359 8746
14589 27206
22151 27218
8732 12492
10009 17850
11142 12805
7354 25998
1609 14099
11290 17974
3129 26789
406 17823
11636 17374
17739 24032
5574 6294
4606 17166
8212 11250
12752 19111
20001 26141
7297 25154
13595 13962
23983 25207
13105 27178
2958 5018
15863 19081
11796 27007
5559 12981
14971 17056
745 10638
22847 23600
5879 22226
1502 14481
8434 11500
9253 21123
14461 18994
10692 15646
4102 25247
10686 19073
11107 25513
4823 23189
15823 24061
4700 12010
18009 22244
2324 8592
8085 20615
2017 17735
11878 20227
11208 15461
1108 17519
18366 23811
16864 21991
7950 8873
22416 22581
7412 21823
14521 25333
4626 15229
8435 21707
6832 14961
14418 24127
20573 21270
9020 15899
2094 11785
10935 14240
882 22001
17125 23954
20507 21798
22423 22984
15011 27921
16626 17696
5813 18617
7423 16214
183 22895
1889 11987
10674 12346
7118 11356
4287 12792
1970 18627
20632 24576
21514 23620
12282 15985
9228 20744
3484 25451
4072 16523
6380 25269
6516 21883
14359 21359
9638 19326
13579 28076
7508 25083
3231 7423
10509 26195
2233 10216
774 22335
8150 18522
1717 18247
3507 22422
12330 24323
6470 16700
1121 27570
3967 16338
8809 26473
7974 9610
606 22316
4236 22059
12931 16781
3966 14809
18318 22425
4784 11320
11239 16923
18791 24451
19171 25260
15004 22254
14609 21513
13475 17465
497 24287
813 9206
18471 20558
3287 16299
10230 28137
867 6489
1272 10082
11846 19829
18346 26386
17411 18022
10675 15400
25130 26497
2121 22342
1978 4967
3624 23338
1468 25397
4057 8748
3166 8893
1511 5528
7877 9881
18550 24061
796 11987
7031 11262
5513 10495
6528 22783
14920 17762
1782 26868
14629 20832
872 25513
1652 17963
4603 9228
19964 24280
24145 26036
6876 10833
18166 24209
47 27488
8142 20640
4914 12241
4345 9694
9851 14140
867 11727
8264 27232
16582 23143
23431 24601
22729 23830
5826 6551
12802 22564
19877 25630
17501 25357
8279 9528
7315 22103
22897 25487
5702 19480
6497 21369
6454 24830
16137 21495
17640 24775
4581 24221
21605 24294
11441 17203
3283 21167
4209 5019
13351 13702
926 21057
5500 24640
223 20906
11844 21327
11034 23510
749 26200
7606 10291
8605 11554
8413 18082
14901 22718
14340 17671
3674 12302
7003 21165
3275 18011
1241 5168
15832 21636
10971 19153
18600 19491
17938 24354
2124 7964
23698 26356
1545 8640
1593 1999
1103 20424
12006 15623
897 19727
10463 15903
11495 19817
24096 25907
777 13220
15874 21472
19967 20310
19981 25433
18427 19254
10446 14959
11965 15645
3634 14771
755 7855
9586 24738
683 6807
12486 23155
18921 23145
6046 22015
706 26077
5063 9252
17263 21115
7029 18529
21102 26083
5296 9487
16515 19190
21831 26910
2351 3562
10054 26573
7802 22324
18042 25737
16794 16949
5371 22530
18668 22468
17530 23608
473 24392
7698 16964
4562 19784
11989 20355
19817 26710
584 21774
1280 7508
21003 21242
15136 26417
13994 28135
4339 15723
706 28187
7183 25880
1023 12674
4104 24864
5956 15697
1060 6053
6445 17023
10346 14583
12490 23525
1484 24066
2505 8650
5033 22286
10700 21831
5702 14743
635 3059
4860 25268
292 3296
14383 21377
11049 17126
10184 25773
11809 24854
10740 18952
6796 23459
13199 26213
5430 6676
17509 20950
15328 19114
7258 9333
17776 27467
22379 22696
24637 26764
6900 11484
11688 14495
11167 17782
8364 23021
9153 11839
7205 13810
3161 26796
1975 10622
1244 15754
22384 23525
13202 25977
20441 21136
10652 16901
12684 14988
2724 27324
14445 27527
4237 9103
14012 17374
7420 13165
12629 27899
16743 25918
25440 27928
13089 13208
24379 25505
7411 12025
3791 18277
74 20587
448 25771
13831 15074
24613 24970
14672 16922
18371 21935
13663 20069
4729 23437
21334 26017
4181 15883
2150 7005
7166 14995
922 16184
19034 23574
1573 16640
7040 25306
4044 15425
2274 9192
712 28065
5308 15440
19872 27907
14895 23665
10572 22148
1719 14631
4321 10456
8975 23377
5093 20390
3832 5632
640 21057
20504 27758
2379 22613
4167 22651
6450 11960
22045 23552
17120 25610
5288 10900
20812 23533
1126 2751
5989 8787
2485 18422
10188 14403
3506 6130
910 23926
3401 14778
10951 23663
2124 11854
1253 7031
10284 18911
737 27557
9801 25277
393 21462
1732 15906
13946 18479
2944 4749
2642 9961
20314 24232
12433 27719
15355 19897
14828 19171
759 8020
20876 23560
5617 11865
257 13878
9465 11975
21273 25402
6135 14852
12689 16748
15098 24595
16177 18266
12726 25062
1645 22203
9071 14889
6675 11569
10230 21001
11279 14033
3915 11701
4102 14297
3283 15973
7243 10619
18395 25838
6254 14771
18921 24776
3508 11321
18229 23086
5609 14609
6765 12558
828 10687
9193 23346
16901 21188
2150 14305
6176 23390
3128 8025
1757 18553
11165 14998
12692 25842
4320 10222
11082 26244
15426 23748
25011 28238
925 14344
1531 16878
12218 20222
1683 12596
15922 18281
1005 10148
867 6378
9956 15867
11712 11835
7453 13789
1605 12778
6635 21311
14301 25327
5620 13507
1479 23375
18136 20616
10488 16736
4051 18427
9574 21769
479 1350
2186 25250
8506 21211
1004 4326
783 20547
12531 16596
8592 18371
8766 24586
3872 22425
8158 17905
16827 26617
881 11368
667 8285
7350 24753
4575 24053
8706 20282
6605 17941
8263 18689
8736 8981
14998 20785
15011 26417
18921 19390
6478 15073
18132 23188
12983 19371
9832 11417
8670 20826
19378 27044
8521 11033
10550 16928
3506 22799
175 25306
6020 27219
220 11953
5539 22229
3788 7414
9408 18947
7348 23052
11998 16291
13649 24127
19535 24284
17549 19917
27825 27867
12210 21984
14590 17312
4256 11975
881 14441
11335 12840
11913 17700
220 28056
7659 19415
1433 7000
1339 3263
1152 4941
15729 17568
975 16152
15344 24638
8956 26010
13968 20615
4526 7420
1417 27805
4350 21285
3287 10160
11260 28157
18011 21746
16038 18524
11551 13269
7176 22180
2502 7387
11913 14024
13465 14549
3053 12282
5690 16767
3566 7508
2248 16656
3970 27190
1521 14691
8128 18296
10427 12523
2122 18227
15731 19627
5283 24966
5599 9301
183 26267
4665 7824
7229 22509
4325 25563
17763 22948
10720 14007
1302 12340
19048 22866
11494 26811
6261 9465
2666 10256
9320 20817
1229 4725
1727 5309
11295 23825
8396 18011
1609 13226
1593 14671
12077 16276
5832 8358
13418 25414
10653 24935
15031 25445
12007 16152
14237 17955
3102 23972
24847 25468
6693 7828
12527 15402
769 12011
2712 8935
2699 23284
21484 22565
4024 27202
770 9917
3415 14349
13844 27879
6668 19086
3700 11508
13249 23722
24241 26896
9371 14859
14982 16095
25230 26735
8878 17264
12223 20382
9924 13459
25306 25735
891 7442
6526 12389
19973 27303
2657 27927
5292 5996
7610 9846
14026 19152
19642 20776
4826 25961
11820 14821
193 16957
939 15740
4178 8718
21763 27527
2985 6707
4373 4945
3826 10431
21048 22947
5680 15814
13074 24866
92 4640
5 4081
7962 9803
9528 23023
13542 23608
7850 22328
13807 18083
4766 17526
1299 3236
12037 14828
8764 17582
3037 15957
650 735
18883 25666
14763 23624
11484 20921
21955 25927
2882 8084
7933 20395
19758 24336
5485 26413
1343 5198
9638 26244
401 26528
8955 13307
4103 12631
9413 17364
5686 23420
3700 25850
17562 17991
14642 19140
8730 21621
6369 8439
24453 27087
25382 26479
10242 15676
4822 22379
22095 24669
7836 25817
813 14661
1240 6766
4831 26688
2022 14807
6232 17713
11953 25468
21399 24040
4600 24122
2705 4883
13486 14598
3944 22112
19464 23389
4260 5248
4312 24469
10121 27146
16683 21990
490 9336
7349 11727
11880 14167
5326 24442
5941 27710
14970 21326
5040 22552
11812 25689
1054 6712
5091 22192
8592 23949
17836 24069
424 21739
7519 28232
9686 25405
1519 27570
11113 23467
4438 6809
14678 19794
6677 22420
4377 16190
7645 18078
1878 6870
2787 15037
3997 17487
23465 25319
8095 28061
3262 9915
9179 17356
5485 6633
4454 23510
19653 23983
2845 14535
14303 26085
8908 26074
1878 10982
1755 14968
21730 25669
20378 23797
7471 27243
5903 20291
3927 11038
15038 25771
9838 27872
11903 16912
239 8043
9084 12672
14970 26131
9378 27026
1181 20987
2641 16194
2683 8014
1440 13905
1950 11143
783 14499
14306 23265
528 15087
19874 27758
18793 25110
1422 13789
15766 16169
3389 27782
4456 17779
4539 23553
13222 19849
6948 21729
4328 15162
17911 17960
10623 26451
9349 19730
4868 10023
3229 27701
1645 18558
1575 8363
854 6633
22452 24750
2518 14854
21815 23738
10541 11260
7041 19059
8099 23307
11597 14091
3504 5393
1694 19678
1604 17639
8456 25272
11873 17060
9120 11977
11692 22254
16228 22749
14507 18791
19960 24782
6122 13875
5265 23295
4604 23619
7587 22568
10850 15762
3819 15867
16890 24897
15899 24472
6587 10935
1948 27821
21034 22422
2432 19960
12597 23555
13557 20562
1568 16939
7741 17773
16555 18972
10189 20081
89 15008
5348 10560
10050 18581
574 8672
19096 22040
23910 25295
12965 20640
9424 11009
5223 6495
2764 7175
1964 12158
22015 25049
23953 25791
5438 8405
15853 27419
6074 17760
2206 8601
6734 25388
19572 27779
4253 11674
10839 11867
5496 22724
1169 11685
18361 19549
5764 9799
11517 26583
11148 22329
13150 14304
11135 11698
280 23254
4689 19736
15695 24415
2840 26565
16054 24568
2087 22211
2715 15870
5375 27194
17423 25177
16905 22441
2002 17965
9367 14093
15482 22775
3622 24061
606 22087
2929 14464
22787 25855
1405 15995
1456 18380
4493 10839
10531 18958
672 2412
8096 19494
10490 26764
9117 23474
6958 16636
8350 17593
10018 27802
3623 10184
12020 19536
7350 19409
896 13475
17648 27158
13018 21615
7543 12487
7371 9821
10662 24360
9074 23383
21886 27758
7386 28059
2874 4072
23353 24659
13530 23914
8685 12452
8990 16989
6763 20726
13796 21018
5722 22896
1318 17373
1573 6069
3842 27677
5228 5485
9039 18457
9578 27359
21244 27042
4920 15854
3314 23284
5691 8615
5343 18398
8132 9252
1142 8470
7963 22581
4130 21332
18369 25306
4720 20119
8024 18666
2031 5534
7118 13297
3566 23914
1878 3457
20092 21942
2252 15840
12274 27992
8290 16865
12532 14777
6809 27029
9769 25081
2230 16648
5214 21654
17956 22819
2245 15950
10936 27170
13844 18599
3341 6886
17870 23373
18745 27488
7635 25110
12869 16855
18593 24317
1925 21366
9738 15900
13239 23691
5678 11096
21159 25209
6618 18572
3828 16141
280 13383
10653 24172
16742 17370
11261 14202
27277 27805
4358 14433
3761 22259
5430 25327
1511 9871
11579 17248
1382 12335
3102 22188
4514 10035
2066 24895
18520 20041
14634 22468
19095 24354
112 13972
4580 5262
286 20158
17377 26899
6044 18056
3273 24956
5832 24243
4949 16519
21026 26518
8669 21902
13298 22421
4216 4342
23929 25012
6178 21261
22242 24549
629 10350
13910 26515
7987 22040
2611 23254
4081 6222
6519 12434
8182 14207
787 18955
5728 25414
21476 25037
24964 26891
2831 10632
1851 8880
6886 20036
16108 23547
16574 27297
8151 17730
12881 27500
14282 22666
1590 11554
15047 15141
11893 12179
6859 11553
15952 16919
19410 26503
22638 23271
6725 26038
19496 23365
396 19780
21945 24280
766 6145
7185 17578
3586 16564
4782 5486
2152 17997
15409 28253
7496 17125
7858 20802
14630 17692
2601 20462
3774 8786
13779 13888
1770 18334
10511 20913
9006 11350
15569 21980
19601 25034
5832 15005
10541 13425
6177 7350
1669 11113
8188 22816
5491 21438
1782 28044
8893 15712
18355 26052
867 5728
17164 22355
1720 15559
1138 10799
11552 14071
9132 15627
1613 25524
10181 19776
8035 27300
890 8459
2986 15727
10121 18976
6820 9087
4642 25904
1974 3796
1056 26774
1970 18485
3086 20657
6674 11807
8959 16504
20899 21987
406 15695
11636 20196
11484 26319
8322 8445
13995 22763
10714 26655
10542 18976
16639 18427
12066 21154
10680 23422
4198 12361
20837 22641
8639 10772
9963 20159
16948 25454
593 16928
14893 18374
1769 8296
6973 26888
484 14473
20772 25181
15736 25451
4695 9926
2505 5119
10974 16955
16251 27753
1217 2943
10260 19352
9229 26925
9786 24195
9524 18271
10216 19061
9788 14489
10312 21533
14969 17241
5504 27454
14867 26809
7604 28268
16656 18477
18779 23061
12714 13483
13466 17286
5430 27058
948 18775
20449 27892
15267 26559
1340 14976
10232 18688
14180 14695
1745 25277
7804 9215
3997 7205
8858 23145
5543 8737
7965 20462
23937 25825
5317 24693
14396 15376
22184 24000
15179 16019
530 26165
9237 12402
13038 15402
12920 20707
1609 25735
10287 16184
12141 20201
4172 5602
21508 27097
4689 23904
19979 22504
18046 24371
3300 18050
331 27468
24869 26638
2598 26879
8824 14365
2202 22485
1350 6930
21053 24419
18781 25021
14029 28209
7073 24720
18787 23770
14946 21909
11751 13784
18265 23553
8970 21150
25494 27499
3554 22259
4132 6511
6551 23152
5087 15500
1230 27868
15855 20078
25657 26683
5485 9353
2067 4237
6174 22764
14228 17763
425 14809
5943 20657
9369 14513
9750 19779
18588 19760
6587 27617
1888 15791
391 20870
2996 17963
7935 11363
15236 26682
12258 20041
24371 24782
6879 27324
12994 23647
23722 27911
20099 24005
439 2531
11907 25238
12725 22981
346 12569
14158 19612
7305 19153
2076 4548
3456 22135
10569 22240
1614 27494
4414 6489
16713 25564
15629 21768
8243 13810
3841 23195
1245 22205
12090 28211
9398 13772
3944 9296
897 13409
4124 10205
9496 20775
6591 9682
15732 18181
11119 16210
13196 21444
5502 21301
1284 4006
3816 6680
600 9829
1188 5716
6501 6601
7148 27056
13359 16523
22389 23829
12271 16203
14477 23467
20040 23209
9717 16606
19547 27378
15709 24055
12877 13274
8680 12763
1239 10042
837 23026
3063 7205
17734 22783
16026 16245
867 17911
19262 22688
14272 18388
3045 8037
3865 15804
11229 17326
12405 14728
14025 19784
3100 17438
4094 13199
2383 12542
3122 25099
7783 26670
13426 24553
5533 24689
6891 21655
860 6832
24824 26155
1724 26526
4424 13422
15149 26131
2825 7932
20805 22581
13363 17951
22616 25638
3863 4888
1776 3051
9590 9850
17630 21712
22476 25815
4165 18717
20647 22230
16709 17357
13852 15066
21623 21958
3728 18323
10082 13036
18682 22693
2027 19734
356 6957
1454 23737
22941 27239
14033 19827
4336 23719
9281 13598
8235 16636
3802 16276
15547 26027
5984 6239
1830 7581
1541 10935
833 11475
12855 17742
3265 19562
12748 16045
1371 3826
20480 27117
16229 26283
3830 6097
1600 27170
1420 26154
19275 23033
8356 16936
12287 14694
345 24148
3361 15614
15776 20501
5716 24530
16152 22727
18820 27221
20053 23929
3126 12535
24637 25991
15188 18242
13878 19331
13881 20501
12792 13756
9089 26824
9016 27273
25229 26024
20542 23814
4100 25747
10935 11727
6920 16268
825 9640
2813 22981
15056 18714
23855 26833
1146 10026
2001 18422
3097 25614
14542 19465
1840 24774
19068 24818
12576 26243
9940 28100
7690 9497
27050 27726
1353 27539
3191 11205
9263 27222
5177 7490
7545 18802
7387 18266
5155 20100
7878 27844
6161 7509
1787 15876
20790 24104
12954 25228
25636 27382
1273 19467
15172 25629
1741 12179
959 18062
9179 27865
15808 16063
2964 24716
7050 12874
16170 21152
17605 26582
8673 11929
2213 3522
24752 27129
12807 26896
19767 24157
13827 23648
6065 26604
11866 25875
12190 15251
19479 26989
396 5907
3871 15899
15669 18281
2015 19181
19466 23177
6539 14604
8974 24442
15572 20437
22175 24997
11521 25547
18002 22981
2456 4356
7533 25397
10454 17122
16590 22011
12128 18954
4614 25906
8759 14728
12121 17846
4162 26948
4085 14895
4379 19990
4818 23455
11387 21962
11039 22010
9650 20291
13603 14539
7200 7847
6077 25332
3203 13472
7936 21434
10943 16274
18832 21737
7743 22647
8423 14994
1058 10091
1990 8730
3882 13728
9018 19140
3006 18553
792 10230
11307 16932
3856 12830
2356 27520
5632 24374
9229 28056
2974 18745
18951 19325
6156 15210
18318 21387
10464 19281
24167 27128
3186 25073
26260 26358
11484 17987
7183 9354
3277 19368
12939 18131
6179 19443
15268 15946
2336 18249
8491 21621
2330 14652
16734 27823
9671 24790
539 23267
2999 12398
11029 18037
11444 25713
17482 20162
1056 20931
6107 8671
8478 20491
15671 26691
4403 16266
283 22877
1900 17603
16554 24163
11627 20853
4849 20909
3059 4099
12787 22883
7390 19203
6657 14129
6352 20846
17372 20225
11809 23548
1315 4767
17842 24784
24571 25712
681 22734
1031 11059
1147 25745
19855 27724
3420 11410
3156 12413
5959 14393
25732 25976
5978 18408
6005 14564
12565 14390
8946 21173
9356 18384
12374 23327
9702 24756
14621 24731
11298 16695
11963 14438
2213 22146
9109 11298
10338 26178
27271 28166
7471 27128
19118 23207
8224 10747
1519 20828
2035 11985
7999 15032
13392 27117
12939 18294
289 23372
899 25503
18463 21871
24483 24727
9137 27664
270 20980
9129 20922
1643 25550
5309 24061
391 12481
3379 17338
16676 23218
3709 5679
16669 17718
7839 14344
14242 25468
14777 26675
1438 15239
7364 23670
14872 21760
4732 26949
1138 24512
16037 23254
1466 16587
2705 17831
15355 22581
8843 15401
6103 13827
11295 18319
5588 11888
4471 27777
8939 19721
4328 10093
496 12253
12983 26224
266 20791
9214 14313
4450 26235
1863 20732
11509 24460
10747 12356
18354 24835
14981 23048
9887 19127
2427 19801
683 7464
7523 16529
10079 25986
10957 26151
26765 28237
6860 24554
5893 25958
9428 19059
16194 20384
13970 22679
19163 26295
19564 20846
6209 14667
2489 27923
12397 15985
15716 24431
3859 23608
303 8846
18937 24485
23 28194
20940 21291
12959 24576
3121 25607
19566 20258
259 7835
5084 7021
22157 22897
473 26147
20441 27560
13509 25304
5055 21727
15950 19039
6495 12236
18434 22634
999 22634
4507 24040
19982 20719
10214 11289
24556 27253
4083 5119
4549 19371
4596 25986
19768 23392
3359 25519
14233 23766
9164 24232
10767 20384
21226 21739
805 2288
17687 20011
4581 19565
9019 21636
974 7236
14034 21767
23011 24149
8039 12997
746 23339
12566 15676
1197 10315
9095 16582
8120 14835
2479 26087
16766 26771
983 18641
3634 8924
39 14687
20376 23133
16138 18427
11551 18027
2604 24504
15731 25732
6290 22426
13208 20743
12397 25626
9016 24151
26358 27008
17140 27914
1259 7702
17717 20490
4636 9417
18678 24104
7400 15505
18533 18909
3206 20503
4085 18541
6690 14016
23798 25433
4234 24127
588 13646
13383 22025
7867 19326
23181 25681
5628 19524
806 18729
7987 11997
14445 21647
13168 27835
14481 20308
24125 26759
2067 16144
8424 17460
4758 8076
8061 23651
21641 24876
4954 26186
25571 28041
1940 2665
9523 13872
914 23268
13214 24445
765 18267
14657 17543
12211 17467
13282 26097
25129 26884
7289 24900
742 18926
17355 26409
6576 10701
12427 25272
6161 19857
1745 17194
19053 19788
369 14080
9535 13683
13214 24254
7885 19348
4990 16535
12429 23659
4122 27489
19447 20935
9923 22640
15426 23952
8481 18793
21695 25638
2364 24187
17198 18095
16261 23365
6945 7873
12168 13465
9621 18958
2259 3154
9049 13616
6830 9963
16702 23945
11295 14771
7923 23331
11449 19243
15004 23619
14129 21423
6012 18556
10079 20233
416 14807
23619 24063
13945 20525
13777 20405
8669 17915
1723 11814
15271 24713
1117 5354
13763 17337
1213 13247
16888 17906
865 10876
7080 24057
5728 27247
566 18521
6019 12403
16467 17392
11279 14778
7089 8432
6408 22253
12728 20600
9873 14104
18214 23026
3916 14653
14190 28169
20558 22379
17804 27104
7520 19574
4424 23864
19145 22476
5028 14409
10309 27564
4218 17331
24336 26437
4766 12614
7432 25735
21925 25986
9524 21257
16309 17027
680 10920
1609 8824
14662 24764
1273 27559
15310 27080
20053 27792
10937 17375
19874 21257
5145 20234
4045 12231
11326 24544
12160 18641
11192 26737
23106 28008
872 3648
2020 15182
25272 25294
18967 22750
13721 22012
18117 26016
292 3928
5742 13168
3624 14648
17495 19116
6868 17733
15718 26552
6736 22267
1266 7751
14853 21246
9022 9992
8723 10598
16150 16545
18265 25960
6077 26457
986 7130
509 9333
13493 25344
3900 9699
10417 14353
6305 23748
6432 10546
7693 8816
15523 26846
4721 5102
21764 24611
3382 4037
5504 22449
19694 24756
5657 12346
4823 6957
16276 19780
7662 9690
1575 25276
7150 8511
16427 17286
8737 22651
2392 22267
8493 17534
21307 23316
11484 27031
896 21651
12422 21674
17541 21194
3300 8931
1858 26926
1075 6601
5174 25753
24069 27458
20869 21929
9525 20553
11710 18211
20609 27762
3634 12228
520 7493
13091 20649
18370 22230
3564 27790
4397 8539
9999 19811
12495 14010
10859 13091
5082 5893
4096 19445
1721 21987
19409 21058
1999 8740
1234 22105
640 23809
4039 17507
11692 14405
3054 6975
3052 9762
505 16656
4178 17809
19763 27043
18393 27445
8115 14488
1153 13866
21123 25636
15565 17792
12275 21060
8368 14728
17492 23454
2233 15687
1158 24823
8870 12290
8318 13216
3287 19900
3533 9008
23606 26299
1613 3289
5074 9482
7118 7429
18216 23857
15808 25174
2104 23132
2191 23143
11079 15492
12209 22949
2064 25978
4301 11499
16603 24816
81 6182
15468 25345
1898 14880
7234 11148
17251 24049
19154 25414
14969 25699
7200 20950
22335 24244
6516 16021
8249 19197
8920 18379
8943 19371
6489 23391
9253 25636
16153 24695
8100 21448
20319 22446
1299 3828
2064 14552
13484 19374
16642 18548
24158 27228
17936 18023
13682 24101
4312 10054
16480 23619
4382 10767
8075 23698
4581 24859
7533 10355
11192 20384
3635 26871
22438 26497
6724 19442
4904 24360
12660 23372
8035 19200
5229 22253
17224 25063
1859 22709
2926 19824
12689 23597
3055 3730
424 7423
20389 21245
10061 26265
13343 20427
1015 22457
15972 24691
3889 14024
19474 27004
7512 23679
8999 21823
7152 21335
8858 19539
12155 12428
16955 25433
14461 18529
19691 22575
2039 3579
7258 11545
12855 15531
11880 22700
3648 5579
5815 6672
880 6913
9835 12489
18985 25154
3881 11576
1933 18258
10745 13410
1163 23682
6165 23914
5371 23455
12055 23248
22026 22954
17115 18521
396 9226
1484 8775
1462 22310
9371 23026
8022 23253
23761 26457
9601 14608
1174 19670
4756 8361
8810 10391
16929 26898
2986 20503
20640 26261
9379 25164
6356 27121
7980 9260
4627 18406
11726 12983
4986 17485
2527 11308
21545 23665
3380 27090
4790 24166
7457 23225
867 8790
11216 17838
3354 5352
15808 25204
11619 14501
15511 21919
4581 23345
8640 21483
898 4300
2611 14023
2941 10263
7988 19864
13422 21544
8645 12974
4174 10242
16939 26836
18046 19960
2387 22322
12121 14633
15200 21552
307 23548
8148 17093
578 1565
8784 9884
18704 23296
8839 16588
6067 15098
1761 3113
2611 24136
6843 25329
5793 22471
8574 25760
5832 18858
11079 11283
7972 20835
17847 24122
17497 21007
641 3885
3608 26687
11535 18920
19090 25629
18846 26283
6855 17084
15727 18458
4408 17525
11500 25917
11306 15179
5481 19539
3317 3534
11852 18359
4041 10991
1097 14767
14643 20393
15783 26310
14064 15123
7965 21115
14685 15190
5602 23189
5239 10478
6017 19662
9377 10816
8100 8965
16184 17730
7353 14758
5989 26525
16487 23070
6645 26300
13102 13510
23463 25165
21552 25894
14291 23556
12049 20582
6404 19342
7855 16175
4072 21317
11100 22393
19972 20366
16726 23365
7349 21804
20480 24160
17142 19483
6048 11080
7366 25831
1613 16400
11300 28236
13278 14599
2077 9080
15218 25403
11768 12751
1654 12823
7139 12994
9049 10495
24374 25748
1151 3506
7401 9255
12010 18911
11930 18226
14748 28056
11049 21328
14794 23016
22269 26784
6605 17653
6245 14555
8688 14133
6127 21053
1426 23803
2707 6051
11241 12852
7950 8317
3354 17823
6705 24450
6868 11773
16447 21195
13299 16438
9924 14033
406 14770
5574 8816
5150 24104
949 23396
6573 7930
25146 27821
2623 15190
4162 7197
1920 23193
2202 14189
1137 18907
15633 23863
23141 24147
8151 19781
18491 23947
22742 27684
21387 23015
6026 17889
7833 8723
867 15584
2112 19857
13644 14591
5442 27099
10119 12708
7532 12823
16423 20339
15622 16556
9837 22210
19650 27381
8471 10952
7536 25293
967 28128
2023 24904
6841 24303
19244 23352
1921 9821
3159 5734
5728 15377
5719 26312
12075 24904
3808 6016
7927 12244
4807 25035
13623 14840
11356 16026
1920 23075
3126 14204
4737 14665
8096 15536
12596 27209
11913 15875
1762 5802
14690 26180
26898 27896
7412 12853
23658 27838
12423 26283
10406 17923
10484 15429
7141 19253
14634 21798
3326 14514
5831 14947
396 5408
10067 13018
22497 26525
6220 8654
5125 17171
7371 13687
3414 16682
3819 19139
11111 16747
4603 23196
23663 25332
538 16971
140 26405
14390 23361
12016 20370
8801 18553
17941 20286
17586 20009
6155 18481
14849 21216
10464 12434
8791 27464
851 25590
9058 23619
20081 26958
21668 27757
10952 19448
10794 12234
7627 23809
12214 24406
22322 23810
12881 14396
1848 17426
1339 17880
7830 12855
3532 19374
18594 26549
19337 20155
15271 20424
23392 25154
23720 23865
4795 19662
9711 17017
759 15391
21465 24142
8471 10207
2447 20045
17632 20347
12660 27016
6594 18084
4808 16917
18663 27222
4720 27016
17782 17957
1993 3634
1560 15617
13480 16727
3241 11260
87 20702
11443 11592
24904 26204
7617 24453
5918 21387
16766 20072
2454 4949
16468 19343
13186 22254
9003 12291
454 9978
12925 15585
12049 22664
6261 27074
2515 12403
16203 22294
2373 13957
11229 26113
11880 19964
2527 10093
8182 25732
11603 27592
17798 18651
24618 26613
584 4599
3086 10309
19440 23196
3383 21883
7636 16864
9104 27086
8551 28052
10868 13716
7472 13700
17936 23350
5728 15592
2169 10799
160 11290
4330 27467
13663 24062
6991 7066
4321 28272
14814 23687
11989 20667
4737 15985
9650 24750
2170 21682
5290 9538
1902 6800
11729 11988
16910 22331
15095 20819
8706 21462
6217 8100
10563 12051
1707 22114
16365 22476
22425 24779
15251 26688
3603 8434
21600 23764
11356 11618
21688 25830
4451 13765
3296 6832
8948 14344
1137 14865
2428 4505
6818 14945
9590 21053
1302 14358
8489 15714
5162 22340
1915 12755
14418 21761
14002 22276
9084 15517
9746 22634
8290 9524
11115 13978
896 1405
12228 25068
10296 11080
15553 19068
2767 7835
5982 10645
18772 23043
9357 10854
9609 20589
6105 7017
3629 7581
16013 26418
2050 2354
1803 6332
19604 25531
398 23418
4041 20753
3528 4933
5327 8846
3059 18015
11012 23661
13403 28103
1726 1737
13825 14090
5062 26160
18168 23307
13670 18957
13473 21776
9080 10488
13202 13827
11080 16955
9001 13810
811 2283
1813 23665
7498 23561
22540 27331
19760 19971
24884 26110
9341 22499
3206 10674
10935 20387
898 6497
14793 24020
17222 22421
16226 25803
1970 2096
2802 3788
341 9583
13381 16497
25950 26377
10039 17019
10552 10598
1688 10785
1659 21969
5057 17757
438 2925
4558 18669
20483 24326
20477 27795
3872 16204
5371 22095
18155 24292
9623 13982
2324 5920
7420 20661
17763 20555
1685 8864
10639 18814
21967 24280
11790 26635
3900 14661
18920 21111
7073 15267
14594 21609
1878 14359
5473 7556
13150 13828
2469 4770
14358 14557
4604 28095
3253 12601
8954 20904
8770 9670
13830 23113
8734 16445
140 20956
9986 16193
3052 11431
1001 20219
5079 12451
13788 25067
19147 27422
18615 25139
17569 26939
12090 17742
15489 22655
11531 21129
23254 24136
16276 27792
3902 14473
13188 15504
7584 26486
10714 27945
6891 22537
2928 22321
17727 19566
155 4845
5117 5613
19574 22769
14016 15789
2533 22646
3862 24551
19116 25710
25366 26689
606 12992
7578 24122
9959 10765
14507 25984
15854 21399
3878 14835
18717 23730
652 19524
539 27040
3127 19148
3575 4649
16200 27649
8148 18778
5639 22143
5802 28104
6970 25986
17841 27455
22368 24203
20226 26672
5611 19390
6288 11606
1179 1925
1761 18665
7836 25830
3759 15511
3873 5021
7577 15967
9959 18491
16295 18606
4693 19548
23422 26719
9747 25788
15346 21291
1181 6608
3539 15804
11319 27531
1112 5302
10185 25132
4594 15428
8806 15541
3921 22724
5522 23799
1795 7205
25006 25956
3828 24232
16092 25479
2293 27788
14153 23540
6450 16263
11592 27872
18044 21809
2612 6476
1817 6009
19834 25106
10341 27042
1029 18463
11501 23679
600 18105
10326 26282
10419 26764
8289 14936
13545 25602
3944 16180
6594 15392
21717 24595
13917 14557
5020 13185
770 5999
3265 9253
8875 26880
8954 10737
4386 6314
15144 23377
16901 18989
17717 21003
25280 26892
12329 24522
13474 20470
28 10100
8396 20406
16856 25008
3762 25336
21633 25163
3864 21446
10172 26969
14941 23340
3399 26877
187 8242
12225 23857
19221 27269
3917 24281
12664 23875
7171 12852
3993 26421
18057 25517
6408 26116
10177 17257
3381 7757
7373 18784
15149 25225
3346 11627
13171 17593
10747 14136
4063 14696
9225 17217
11249 23430
13253 17538
12580 13516
12228 16475
16092 24515
6209 27669
19420 26866
731 17842
3446 9140
20467 27976
1209 13114
11575 23722
19972 23955
12840 26603
6843 18824
22882 24378
12151 21032
2967 25311
115 24659
583 4581
1477 7117
8807 18241
2764 5691
1420 5438
7509 27758
7814 11059
6250 22966
11443 26998
2600 11182
16806 19780
12006 16059
9086 17530
3674 11251
5372 20899
1152 22827
9033 25836
2841 25197
5117 23553
21200 27718
12875 24439
6317 12169
4352 25641
2630 17278
9178 14281
21398 26986
14276 28092
8155 18713
19123 20200
11804 18721
3272 7645
13291 18920
11987 27459
1343 23983
8872 13599
22172 25474
255 518
8833 15322
22141 22897
6431 14390
711 5102
14796 25197
5845 18580
18178 20069
15716 23549
4756 21211
11074 27923
15360 15869
7820 25683
11049 27273
2177 18104
5461 26525
9648 11917
2508 22754
4444 13433
14792 17350
1334 27192
3185 6545
13047 17818
15225 25482
6253 17636
17364 17568
3026 11810
1538 9980
2057 2133
146 3762
22696 25343
25009 25248
11352 14115
19441 26097
16671 20258
2646 9980
5522 20611
9252 14920
1713 15312
4134 10563
3995 12982
3084 20448
223 8775
6026 8807
16963 23553
12302 27976
491 24322
9884 27257
676 15784
2835 17741
3280 17264
216 9710
13142 27164
11439 22222
8962 12956
5571 25525
11953 22539
19248 24987
8947 14355
17611 19077
15106 28093
11946 14055
5470 6186
18944 20222
8964 22273
3167 15402
3618 26256
23791 24075
6488 25412
22003 26757
5389 9710
1621 25781
1239 23997
3059 6804
11541 12812
10432 21256
813 8155
558 26507
2449 3564
448 23420
5600 17035
903 1240
8750 18685
925 3019
20633 25349
16140 19803
3059 10397
8969 21654
4010 26640
10913 18304
16901 26341
5756 17823
7627 9685
14342 22985
22635 27890
9788 17194
19530 22719
3169 5600
9036 17777
11148 19814
4954 5084
4353 21330
21003 24062
6800 9012
429 6798
14033 19537
9794 22872
16742 21919
9663 15950
8747 24502
599 22469
5342 9864
1755 15184
8112 20564
2040 26053
4022 14264
2588 11462
25043 25410
9249 18037
7031 8157
9509 20616
8330 15483
8285 19247
11619 17626
3675 17760
16953 21955
1100 20766
7824 20500
13108 24904
6763 6820
3052 7802
5197 9150
4671 26232
9617 13332
12989 14079
1389 15373
2908 24673
4890 7311
18371 18664
14586 23318
7328 14280
17894 20668
25410 26702
3251 9211
10334 22420
8799 17466
11378 20694
673 1432
3647 17071
18112 24693
1621 20162
10190 23359
8011 8953
2239 19843
16252 20701
3539 22737
7743 9847
2112 8156
4561 23703
641 6657
5344 13564
1767 26204
18951 24040
11020 26147
13286 19140
15009 18694
251 21736
19739 23557
14082 17730
2918 19059
2204 24564
8818 14537
8730 16774
7009 26929
3329 26922
16045 22034
2986 9769
8438 24310
16137 17014
6517 11030
23901 25713
8527 8730
872 20055
2798 24108
14694 15271
3689 9613
693 27074
9315 15920
8015 23105
12139 18729
23590 26908
2701 11273
6865 19843
4152 18696
388 4623
22283 27913
8549 8959
17457 23480
2526 19819
1239 2657
11349 20420
6940 22026
13059 20061
699 7120
5774 11531
1466 13059
19566 26799
1234 24848
4169 8891
16108 19467
3656 17526
4528 24122
8057 23608
1092 15317
1275 14129
6868 15493
11416 18860
5712 24265
18049 25156
22516 28228
16476 25552
18454 19856
4633 9399
1385 17170
14331 14699
7707 24843
18911 20291
1138 9263
6879 23574
10622 14588
1214 8463
25247 26926
20657 25165
2569 4108
20743 21849
8649 24862
1069 23972
10342 20616
7247 27719
13018 27123
11255 22536
17114 23598
973 22711
797 16794
4075 21849
2865 15182
2227 26456
2008 10844
1770 4237
19171 25219
9563 23932
7417 16847
9215 9259
14895 21158
2940 26676
14574 23526
9933 22782
5832 20925
12982 19045
3515 6980
3712 25575
9733 21460
14437 26943
22651 25039
2646 5196
8579 20092
5587 23298
20258 25781
10917 26835
11562 25422
5979 13456
4408 27417
5653 10952
3667 11200
24952 25863
13892 22326
12000 20097
20556 24170
2518 11035
2714 23269
22955 25603
7084 9306
2907 22474
3648 11541
10097 11963
14298 23829
1477 10955
23657 26126
10160 28094
8784 9216
2518 25991
14943 18457
3298 14694
7360 21798
334 16732
6156 27787
8207 15543
179 13282
9047 20057
3711 10499
1925 21137
953 1272
1496 21452
19964 23763
2869 20760
3970 23332
15468 19042
12935 28232
23208 25981
4541 5949
10971 23107
8494 11555
10459 25586
7365 8368
15111 24551
1582 3057
6060 8959
3987 17657
12090 17219
12693 15672
12983 25467
12246 19990
1621 7523
897 22696
21729 26964
1795 24155
2719 21746
313 27221
406 10480
5893 24384
8330 23415
4339 27087
5876 15031
4049 15938
6843 15610
6684 16803
9589 26819
16852 25273
19295 24855
663 7950
7987 19912
2818 19148
6595 7820
13468 24068
18533 23277
17726 22117
10046 26552
7584 20906
22550 23352
341 26476
7033 22065
8035 14331
5587 22464
3172 18708
289 14158
14179 21639
20705 27648
4943 24797
6156 18690
6377 17861
18963 20105
881 3154
8345 18870
3229 19408
12426 15031
16314 18493
4787 22288
7881 24980
14262 18656
17647 21491
4544 27943
3803 14665
3275 9694
5081 22527
11080 19565
14566 25233
3491 21839
4142 24156
5829 20578
5430 7555
6007 21473
4076 11743
8898 21291
11242 25962
1158 5389
3775 23267
5383 11121
10023 18911
1015 2986
9105 19699
1974 7760
967 25959
24613 27239
282 8240
8368 14480
15792 21810
597 8558
1396 25273
10258 14500
21070 21600
1515 10462
21984 23973
6134 18267
14345 20144
5978 25329
24296 27324
22331 24934
3472 17678
3437 24136
3897 11157
6098 19513
339 12489
4035 21441
9460 16865
11030 23340
7635 26153
11008 24787
6495 10209
4323 24122
5839 17986
7580 14280
13093 15776
5617 13488
22256 23361
8761 25108
9597 25771
9339 21516
5371 20936
18115 23286
2336 26150
7108 28014
6931 27766
1374 28020
15133 27279
4719 20876
3300 10830
5691 12451
1025 17302
15605 23993
22519 22857
10026 11834
6770 18902
26028 26192
22784 24232
17813 26958
11578 14738
9940 18436
7047 22593
4532 22946
1587 17900
12075 19451
1275 10119
11678 17027
14741 16903
12223 16597
1294 2904
18417 18625
18247 22842
9081 19373
8973 15431
18717 27883
15282 20605
11430 20340
418 14502
11539 12807
899 24450
396 21929
4606 18357
9398 21097
1440 22834
10883 18533
1018 25432
1785 21225
19684 27648
12449 23617
426 25405
6975 26365
3973 20479
7693 8603
7360 17819
1238 10242
16446 24292
896 8498
19240 21505
941 11282
2635 17527
13745 18675
19042 21384
782 12954
3788 7199
12718 26902
8982 15207
11747 27180
22425 23521
7307 20503
8875 26899
688 3077
20737 27495
6793 13270
1761 21763
8947 18684
18107 21998
5 872
1164 22894
4639 15701
2971 19686
8835 18294
7297 10888
11284 20198
6372 24884
10197 22866
926 23310
4149 18420
18568 23376
689 2247
4312 27660
25683 27788
6924 25740
12383 14974
2035 5232
12313 15009
5832 24932
8715 15668
251 5570
21983 25600
17990 20406
16954 20224
16515 28099
6847 8308
9741 14657
10875 16726
18924 21149
21325 26811
1722 25595
13111 17977
2040 20022
4422 7316
19955 22572
2883 23415
5328 25343
2920 18476
11080 17381
12689 16964
14767 15064
22663 25410
12051 21942
17598 20166
4433 15893
11920 16922
2743 16487
4671 22870
8048 12679
10348 14954
7647 12020
9535 17826
11970 18160
5711 26498
14233 20171
9512 24158
22882 24061
2665 5181
5857 17457
13864 22322
6860 14695
22255 24830
3587 9956
1242 14471
15672 25991
10493 22156
3994 18919
4767 18463
9867 10333
6391 9442
6196 20837
9881 13346
3780 24935
2470 23298
7109 15063
7002 25666
19148 23831
12228 26520
7354 7632
2692 9420
9575 20676
8246 14723
194 2676
2171 25729
4849 21294
7910 21849
3872 17543
1412 3900
18910 18979
4626 21688
19827 21110
21300 27032
7814 13247
10270 13744
6239 21354
24147 24298
18533 19086
448 2349
13847 26589
7953 22763
21138 24892
19082 20579
183 5929
21026 26372
13984 22091
11631 13832
21548 23582
346 2969
4255 9776
8995 15251
9274 14676
4115 12123
3680 13655
5466 21291
8368 15037
4205 8931
10213 22421
10071 15854
13173 24061
3592 26254
3585 7951
10397 18817
9465 16629
8924 23905
22425 22871
3605 24563
5371 15793
27859 28228
4570 27247
22141 23410
6244 8499
22285 28209
1487 2933
18267 19468
705 21407
288 24974
17158 21074
593 24954
1182 2598
1291 11836
11371 17931
20848 26098
19219 25214
24846 27538
14120 22696
5846 25727
4639 19950
2304 9082
8527 14692
27032 28060
3674 25626
20770 27079
5155 24082
786 3990
2891 7456
23730 24669
17686 21058
2170 17259
596 19750
16480 24616
12979 14076
19289 27841
369 21987
588 1814
1270 25330
4606 13101
7410 11444
312 15225
9226 26665
22020 22180
16666 26077
4047 7299
19576 20222
18905 22292
5765 25547
21074 24211
4343 27641
21992 26664
5371 23912
17422 25160
4076 9237
4592 10099
20417 28082
1604 5327
7987 11080
10499 24993
12769 16377
17041 23516
17138 24823
4172 26452
26350 27804
14916 16644
16905 22884
106 24754
10945 20166
6632 12758
8704 16802
10085 26940
1672 23721
24068 26673
9132 15702
11746 13232
17273 24720
5672 19033
14292 26698
12056 17819
11629 21692
18294 21240
4594 7414
1419 16795
9136 10828
17963 24138
3561 16729
2150 23566
6438 6624
2119 7460
2665 22646
7588 21886
7358 14091
18046 23372
1916 2462
1238 18574
14106 23925
5013 20158
9251 10935
14431 20119
24517 25547
11147 13847
8285 14389
1073 23155
2585 18615
656 26901
544 2242
2474 15416
15376 17214
11778 23094
16489 27042
14449 22651
9859 13181
18869 22820
13033 24326
21636 23543
10917 11372
17658 27298
9187 28258
4967 8384
9918 20361
25638 26277
15695 18010
10209 26361
11963 23361
8576 21175
505 9465
12383 18704
4142 24929
6587 15298
20069 26770
25157 27373
1150 20479
18445 20556
11308 22903
8466 13383
2074 12496
4360 27790
20363 25924
15874 24595
21798 21866
12565 16941
20066 26244
7999 10916
19269 27554
6404 17507
8148 18814
7644 21727
20490 25042
1138 8108
11759 19191
15162 15559
18425 24131
1302 9369
13615 13879
12800 23109
7323 8841
2189 4457
1123 25972
9217 9907
11963 18883
5511 23829
15131 19079
3163 24459
8025 13091
25425 25570
944 12983
5614 20233
3488 28158
2172 15453
6672 22040
4217 8536
14742 18510
6531 24945
10014 10961
22475 24422
16823 22200
8596 18753
3149 24696
3133 27150
13117 20299
11747 28029
7179 14389
9539 26314
10920 12124
5466 15346
14034 15829
11531 16102
6676 11128
1536 9365
8431 14547
15481 22421
16809 22761
127 21746
22807 23134
6914 21633
7975 14672
2771 27263
598 15955
3781 4886
3778 12729
10337 26815
1370 26277
11636 20632
2823 23990
3609 7797
18304 22222
6868 23899
13359 17259
151 21769
13724 27605
17665 17705
10279 21452
9011 26956
9895 15015
12755 20142
13373 21387
1878 4770
9701 21647
5924 7136
8130 14753
2325 20742
5296 21891
4739 8556
1049 21748
3253 15212
4672 12262
11937 23428
18901 24492
19768 28156
4837 5219
2351 6707
9465 18507
20289 28038
1399 13168
1240 14025
19721 23785
19446 27790
7645 10769
9464 15072
23610 27642
2837 21784
1145 7368
16150 26407
2157 3165
15251 18024
11614 26958
6236 13417
7536 15125
14168 21886
8291 24630
16097 27726
6820 17893
17526 24510
8974 26092
10785 28036
13600 16870
4967 11431
428 5986
9144 24075
3882 9386
15659 17914
2259 12228
5511 22149
404 24069
3712 17851
5436 10059
5760 16013
1213 24365
8615 16846
6555 23941
7741 18516
10192 10729
2671 24991
2132 7144
187 24219
22690 25630
7793 19712
13789 24616
3039 9699
20778 27880
1799 12983
6156 10443
7538 15225
5116 12804
7522 19787
1795 19566
11963 24659
421 14557
22893 25849
3845 11552
11495 16725
24867 25815
25446 28277
18302 24110
2150 3709
9670 14672
199 12484
7392 9216
39 17527
7900 15391
1685 26292
8679 9850
3741 7882
15343 26200
4576 19033
8069 24566
868 10598
17787 25301
14033 16250
3779 25344
9367 16331
3378 22584
18669 24283
13025 26507
822 25301
7976 27728
953 27175
4960 11748
14534 14948
5691 17846
1365 22956
14010 19028
10317 25921
2435 9769
13272 24622
5351 8438
3888 9991
6002 25660
7867 21409
13610 26837
14242 16823
8690 13359
12340 14358
4391 16921
6582 13376
16419 21968
6957 19333
2905 8481
2015 21988
21462 22857
4693 18290
4737 7348
222 5832
10846 25247
1875 20157
9670 23469
22901 23553
20123 26493
2314 16736
1103 26261
3622 10321
1014 8753
8732 11216
3936 20633
20099 23118
2748 8285
1533 16194
1724 15865
15442 19835
17297 19336
14180 18082
9875 11453
18310 22520
1335 6703
4424 20390
2469 8292
11258 24410
21929 23082
7539 15612
14496 22130
9699 23422
3805 23884
19317 21343
4178 4623
2759 6148
19095 27932
5609 8441
8565 26426
21278 23033
13638 25041
9698 17067
9214 21725
8454 21293
683 20841
16081 24331
7505 21269
22 4877
13053 23754
10732 14942
10805 18533
13888 25214
14919 28108
2172 28172
15883 20661
14666 15957
7876 18921
2320 11767
24055 27382
941 10837
5587 9404
4703 24263
4878 23145
4142 18185
23309 24613
2986 3275
13384 16656
11169 11182
14947 20577
10458 25621
6219 8897
3410 25966
1230 10974
7252 18629
17310 22849
10270 15069
11076 21932
6016 22441
7923 22586
12855 22295
345 22640
5906 6708
507 16557
22285 22910
3695 25666
13041 22344
24585 27083
13224 18938
4027 5440
13790 23921
14689 19941
5354 11769
18521 22308
20127 23655
5263 14158
1475 10027
6315 10160
898 7791
4216 21116
11428 15916
3518 21139
1108 4758
12946 24836
15063 19491
7397 20967
2240 25732
396 17250
20142 24697
1979 3987
8473 25009
17728 24575
16460 19480
17804 20747
9367 24145
14763 23598
8375 19086
19808 26457
25713 26869
20424 26322
8957 11021
3085 14167
18824 22981
2381 27914
3084 19640
9821 18315
10390 19467
1609 19033
21126 23843
1038 7387
2180 24936
1181 13547
10972 23873
5121 19343
681 25550
12526 22292
5872 19992
6859 21910
10398 14104
8405 23921
7312 26716
21269 23084
9418 14474
15236 25713
10967 25232
10216 11030
8363 10290
2073 24829
18475 27478
17584 23951
1769 23372
8620 26148
8075 19444
9635 20366
7634 10298
7166 22046
3594 21824
8661 23390
1902 14778
16721 25330
18136 21074
8964 19056
6115 17329
12387 19127
9860 19764
26357 27320
6765 14916
2252 15376
5208 17902
8576 10894
9058 24303
13814 16131
340 2037
19736 24444
4489 5102
17252 28193
7896 10428
108 24649
11814 21433
6548 22490
15421 27808
3071 16993
16282 25750
4646 23827
19355 21650
5760 20734
5687 11034
1770 23266
20878 24572
3671 28150
10839 14791
5170 21484
8705 13595
1755 28077
2944 26977
15791 24005
6206 8148
16238 24621
2828 13272
5879 19647
3354 15573
17904 22507
2799 24172
2667 15647
1609 6814
7323 20528
9483 15110
10800 12538
593 4047
5152 21486
24862 26498
4804 16268
3107 22268
13780 17532
3882 17236
15713 20558
2671 22479
2348 4651
4548 16037
5832 16655
24238 26991
13016 26061
21352 23567
9610 24633
5989 22425
759 5935
19336 19424
1034 14456
3410 4580
10660 26998
12694 22631
7188 16218
495 9454
10144 21703
10326 17716
13091 20758
538 11599
274 9554
3612 8612
2302 18850
7529 14041
5659 13385
962 8929
17650 24659
24378 28177
194 10588
16046 20291
7547 27700
13362 15672
1902 2708
14104 16001
21352 22415
309 18319
764 24042
16070 17984
7390 20084
6221 6493
3431 8021
2978 24061
6682 15059
22734 27121
15751 21707
14390 23911
14325 18871
5962 8554
12982 13491
16116 16847
14066 24855
19742 21497
809 10953
7465 16788
6301 15106
6251 8494
14727 23696
16769 21040
6154 16905
306 18941
7579 13697
3638 8715
6994 22716
9717 25430
9683 11334
5609 25468
3625 23365
2475 8368
9115 22121
2717 4608
1258 16582
9438 27217
1529 2642
1755 6898
13165 22902
3389 6380
7031 12243
16416 24232
8669 11623
5704 6973
7584 26878
3825 11254
2239 9420
18145 25080
6238 6495
4849 18876
12069 13222
9730 13674
11082 14731
10871 20962
5377 10538
5056 9038
18392 19920
14576 18906
755 8188
3921 18319
9739 15141
19005 26417
2341 13055
241 9105
14240 20901
1088 3152
9717 12530
3286 24128
9617 14402
2330 8766
6398 23873
17010 20871
11193 16961
12634 26717
6550 18324
20949 26753
19896 20245
8151 24503
11688 16754
6103 25247
12538 19181
16632 19323
13101 25403
19086 20171
208 21600
23007 24579
25414 27669
15991 21235
5099 15334
7210 20001
7329 15847
16736 19661
13671 20904
4832 16253
598 3362
21662 25425
4633 22048
1755 15399
4534 20253
13794 23365
24005 25830
17098 24466
5918 22322
1804 9073
2709 27961
3094 19791
1274 18735
8956 17733
11311 18894
7900 20041
128 3634
2386 24062
4524 19813
16180 19056
16878 18862
23388 26898
17458 23197
8899 14104
1186 22976
9704 23106
9948 21870
4468 8020
7250 10238
10559 22605
3512 15639
9550 9574
9356 15419
1925 17057
16460 19882
17590 24023
3900 17938
9254 24208
10051 11267
19189 23082
2823 18029
19378 24592
4758 9492
6671 14697
9237 15050
17120 20420
17747 22441
4623 25626
9799 23537
990 23540
16238 20807
5221 20852
3011 14309
3916 4395
3758 25956
16478 25575
4550 20243
1835 3286
4496 18496
19584 23763
4828 22634
8029 11076
19271 22228
20666 24455
7836 20670
4700 17313
6462 26598
368 4671
3851 24064
17737 27563
941 14186
3045 21118
10080 26112
495 23932
5040 15708
9675 27105
9294 14767
886 15421
3545 22755
4627 20758
1801 3279
613 25160
2247 18799
3901 13972
1017 7149
6550 23457
5055 19576
11859 19033
20137 25946
7839 15661
2105 19877
6868 16643
3257 17482
7449 21735
5597 8953
22096 24019
24167 26977
10631 16767
21853 25409
5403 24922
7950 20745
21985 27168
7472 14971
8543 27221
4099 12615
17727 21925
16559 27706
64 20562
12881 13677
14981 16152
2320 14854
21846 26447
9867 24921
635 22379
14886 25525
16588 26022
19601 25468
7148 16245
17954 18026
7987 9367
17150 18994
10508 21094
14104 26670
635 7414
2219 4281
8057 8988
13220 20031
6994 20162
3728 11746
23015 25336
9999 25617
5895 25584
16667 25042
2023 8969
22787 23042
23549 27099
9631 20786
2110 9572
5965 7826
24318 26635
15543 28044
6514 9326
2926 21813
4024 13779
18760 20424
3734 9205
17209 27325
7685 8493
1223 8703
4766 14652
2132 11878
5000 26604
13055 13579
17398 17963
3698 10346
1613 13841
8863 22774
12385 18479
25901 25957
1676 19068
4221 24098
5944 19271
936 18461
10652 22425
19891 25329
1090 10090
6255 23574
6525 27974
874 27276
7111 24608
8992 11010
3819 14407
4422 25213
2596 26681
5466 8054
16467 27991
19789 27500
9521 16055
17788 27113
1925 25243
16026 19001
2156 12262
18402 27929
13831 24028
10424 13600
12982 20490
17497 18214
4535 21646
8737 17776
313 18251
9479 21052
15074 26543
12067 20859
10913 27841
2159 4424
5003 5472
3712 25366
1853 3240
3073 13713
976 21829
24132 26157
481 11009
3988 6442
7054 13827
686 7635
22352 23342
1107 23950
2227 19753
1719 12602
19474 22339
13422 24843
987 3071
9419 16469
16941 25901
10972 12261
5598 25113
11543 24663
9441 16046
1343 3089
13623 18369
4594 14677
2724 11628
2605 23502
14835 14953
11327 26716
2874 27090
1609 14010
6495 18104
15352 24559
24061 26665
6446 11229
11119 14282
6053 14997
4649 19514
14235 14636
1507 22448
1085 4825
7354 17169
7002 25059
12738 14971
8905 11350
5354 19382
2602 20816
20474 26791
1897 25552
15505 16184
560 14258
17963 21897
3521 18823
2209 6800
8555 22012
9038 13690
4226 23253
9277 20302
25062 26945
3674 9569
10080 22910
2642 13419
6449 18541
867 1878
175 26515
11652 26129
331 5393
4967 10830
19445 22411
9590 17489
8215 24971
14235 18911
8290 19817
2147 3417
561 19200
1477 4595
5338 11199
669 2304
590 27828
1501 2396
8447 16428
1740 2362
14794 28149
11809 20008
9569 24395
12581 23141
5298 19840
10450 28275
24851 24915
7162 19787
14264 15739
7257 27224
2414 9723
24140 27174
1459 5071
6094 18669
16725 27309
8258 11594
1904 2956
23366 28238
9548 15903
5768 23415
3488 23521
13116 21438
3531 12711
4188 26295
11630 17114
11134 15376
1651 19254
3530 19535
1015 10393
20963 25028
5691 11747
4036 8104
22425 27746
2548 6025
485 8814
9755 17902
11336 22031
12040 12516
9215 18678
11030 22210
8293 10765
16314 20517
23544 25638
16080 27990
6544 20893
6517 19941
5907 24069
25104 26061
21359 28013
1727 25977
2494 15493
6814 20302
4936 15196
11958 28106
1605 20279
12218 23983
1828 5735
4612 19933
833 8085
12886 20424
5353 16006
2702 24145
9736 27483
8657 26412
14960 24180
7176 15377
628 12223
10187 14471
5539 7938
7429 20421
4090 22767
16304 17462
14402 27198
14027 15592
9215 18679
8761 14369
10740 25738
9075 19722
2460 19347
11948 15974
17190 17471
190 25638
15251 18887
4090 21186
13015 25408
16899 22790
10998 18420
5953 23219
1900 26804
4408 6314
11796 23599
428 1834
16006 22426
4991 8043
11692 20500
5511 11877
14378 24939
12145 20849
11797 18354
822 17787
10218 13682
2767 13432
17028 18798
10348 15636
872 24200
7975 8263
5451 27562
8536 24698
3136 14048
509 27085
16276 24127
559 20069
13521 22581
13279 19965
11632 24947
3661 20226
15712 25468
1126 10496
8162 18822
19139 27467
4581 14050
1775 22255
9511 14792
14209 22789
23361 25901
19737 26098
1211 9793
11758 14233
15941 21570
7205 24465
7360 10487
656 23377
17507 25748
10298 26752
4072 5791
6061 25405
1936 12314
1061 3125
1622 17858
722 10471
16986 28156
5728 13741
20849 27279
1851 15637
2543 2769
2302 8627
8589 8861
17253 26444
6703 17232
334 5166
5008 19285
2391 24427
8514 18043
6738 24876
4033 25578
7812 7929
7277 16067
5531 6404
6615 23605
5764 24746
14672 24127
2253 8515
13718 18192
23597 25425
11641 27756
1911 11647
3073 8694
7469 10956
16024 22587
7115 12651
5237 10560
4648 12565
13024 22956
16277 27569
17211 24293
1823 13382
10924 27665
16160 21484
24548 27520
967 14541
8338 12089
14513 16430
2351 26482
5289 6832
20158 25933
10871 18260
4442 26706
8396 11233
4507 9865
22857 23889
13521 28188
4268 17258
4651 17930
11816 16187
17757 19425
24450 24908
12837 18647
1 21500
860 19382
15858 21831
8700 23513
17 13333
12443 19548
3825 7505
1295 25278
2227 16451
2280 22454
2569 10441
2160 7348
10932 16627
2773 8632
709 22464
1266 13165
629 17542
3649 13142
10959 24598
14469 14671
475 6625
3733 24477
12618 12956
4391 18872
21626 22842
3647 14140
2968 21795
13307 20429
2279 15911
5035 7491
45 9231
21798 22985
3189 7031
2456 24728
14568 20800
3608 21823
776 25711
4388 24360
7382 10821
935 5182
20076 23037
7375 8818
17072 19354
20081 27514
9654 26261
15911 25059
10444 15943
1552 27954
8043 25199
19853 23136
2648 22160
3544 7473
7170 22821
12051 22321
2022 8350
1263 12765
8737 21589
6881 15955
4817 13076
5206 24406
1150 8634
977 1076
401 1159
7820 21423
7011 12444
6203 13591
2483 10625
9633 20475
763 1512
2414 15216
4999 19668
1533 18409
10370 18065
9006 15806
24245 26347
674 17558
1925 21658
8797 21057
18947 25204
9063 9895
1105 1885
542 14878
2157 27508
13167 21573
1970 7668
14710 18419
14438 22634
19460 24861
4737 15620
18158 24393
19950 26397
425 19903
14236 22706
3873 23345
10394 19609
19494 25368
8824 11640
1518 3510
11626 13223
3544 7725
21423 22052
18051 24069
13682 22202
1197 24740
5023 23140
6052 27664
4175 19947
15705 15736
8025 10826
14151 18592
7354 8930
5438 14027
606 27328
6894 26867
2637 17599
4905 26933
9841 18760
16467 27696
16373 28205
16094 16138
546 27373
22180 27702
16000 16358
12321 17138
1015 2435
2677 6627
2655 26167
3708 26672
18148 18779
14513 19463
5866 13037
293 17485
2259 14309
15402 21304
3592 25250
1979 5716
7595 23932
705 28273
11755 23111
17742 24127
1228 10370
15670 23193
4693 22153
9683 11657
11868 19742
9440 11546
4192 6605
426 15410
17587 26644
4806 16794
16026 24172
11106 26345
3845 11888
4933 20196
21837 27316
16362 20046
10073 13565
3171 11902
4628 25287
4363 5876
825 3634
4414 22425
6801 27660
6688 17017
2031 22590
11444 21638
20823 23953
10815 13624
13373 26074
8781 9377
15920 22035
3307 5722
11295 18059
1948 26312
5639 15722
6487 22823
13010 14479
22471 26503
493 11688
4600 14050
203 1999
10254 26536
4933 10446
17251 19925
18533 26413
5196 24638
23696 27221
8074 19947
19140 26364
6299 28184
248 7166
4169 6218
11422 22138
8155 9067
826 27753
1657 27508
7525 24059
10845 22722
4928 21669
737 25982
16656 26665
2395 18041
722 11366
16803 23126
9268 12968
9718 23827
5349 18061
12341 19819
1973 16453
11508 23360
23898 24649
5082 15722
9337 15913
11781 13135
670 22421
12101 16923
9572 19739
1425 3977
8122 21584
7021 24068
6490 16108
7185 16083
2657 8481
8824 25433
11939 13328
4226 26154
10776 11997
13097 15077
99 17163
1062 7861
2836 6578
17278 22075
18416 26937
2607 14489
12551 21402
8080 20195
425 8416
3947 8332
12792 21111
19372 26927
15784 25139
4299 19765
1440 2017
7107 28119
8340 25170
4012 24606
15141 17499
10767 25865
21436 23462
2547 20756
874 2558
2362 9004
8807 11024
10641 16772
4442 9747
490 21616
8939 9590
10934 15853
6559 23509
24451 27016
7768 10054
2762 20152
3257 21766
9268 18962
13864 24087
2170 7698
16313 27446
2458 26808
3922 20651
20920 24435
17302 26736
104 22399
9917 18438
6609 15059
16986 27085
1996 9702
7333 14086
2152 9616
4256 23474
563 2759
16002 27979
2954 5380
4751 11443
12726 23722
3634 10800
12033 26177
14228 17938
5890 22885
14763 21878
5387 8570
8749 15543
6045 23973
7822 25214
11975 23365
5691 27722
10512 17787
6774 15123
17600 26005
3357 21111
8739 19817
15808 23269
16581 20258
11781 14155
3762 14407
874 1283
17487 23143
1469 14999
18676 24836
8588 23593
2388 19735
5267 17861
1612 18878
8344 21258
2031 21536
7469 24069
5557 8669
2550 16262
1545 7589
14167 19371
3014 12363
3610 26814
6964 22227
14969 20479
192 13163
568 21542
2775 14870
9222 16262
396 8435
10670 20939
11368 16338
3641 20986
11134 25287
12397 22711
853 17014
7401 15493
2518 20409
6188 18259
3234 4627
15335 27418
9410 16659
14022 16062
8889 21815
21821 23113
5485 24967
4204 5195
580 23662
1699 24756
11916 12029
2431 24040
8875 17403
11960 18201
11905 24928
1622 10943
416 13405
24947 27223
21412 27404
2413 18079
21098 27298
9528 9933
3381 5777
70 27998
22026 25823
18920 24167
1113 13305
15627 15749
10496 14384
14489 17319
14 16486
2606 9207
18136 24629
7916 10399
8933 20883
13232 28031
12901 15580
8144 16727
24690 26879
11846 17259
5716 7588
14543 19347
7315 14606
3790 21294
8990 24971
5199 10061
1438 5195
1137 1469
11185 16196
19138 26852
17963 21407
11276 17161
5087 21149
5430 20958
5028 9528
4811 10385
11970 27228
7820 8048
10052 25084
262 2530
9317 25987
25243 25902
11989 18669
1005 20170
1775 3154
3140 25755
22390 23085
20492 28044
11818 25386
15554 25884
2565 23520
2178 23382
22542 27334
2877 14407
13405 20964
1839 19127
5346 10207
11323 16900
13542 17421
1613 3734
3156 14121
3470 6857
2172 24029
3904 14178
5827 19061
15226 25849
13647 20689
1479 3866
16467 25481
16223 17742
19181 23118
20020 24706
8363 20123
9751 20752
9820 19382
1770 8802
7793 26413
1068 10923
8320 12479
1347 16943
26324 26613
8015 25120
21889 23573
17735 26670
8070 17169
13046 14546
4323 18533
9662 26731
1343 20383
1510 22629
22040 24122
9129 21642
1 15292
12505 19418
4255 28194
2657 27489
1519 19941
5540 7410
16178 19518
16421 19764
15561 23407
12970 20599
8855 9590
9951 22325
5485 21466
1356 8497
6404 14612
18871 19842
2867 20653
2609 15751
15970 26209
21291 26438
11559 16791
2368 24507
5386 15519
10770 12928
2807 15278
755 25084
3039 26148
3700 23403
16036 24062
11009 21932
24967 26495
2403 15153
14129 27788
3101 5914
20608 26186
18521 20291
10894 21746
14531 14728
22399 24077
6355 26473
7350 12852
6216 24069
19201 20956
7596 10154
23467 28243
23377 26901
14666 25397
18007 23458
626 9016
6446 16368
5352 5626
21079 22165
2847 27495
1767 8110
2206 6622
24244 27078
13947 20318
12186 21809
14536 18457
7590 24891
7878 27655
127 7413
10522 26169
1 14603
8730 27338
8881 25634
5196 25666
1712 4623
5669 16402
9222 16642
16437 17288
17563 17870
25421 27987
19701 26160
25800 27726
2782 6177
12356 19033
7753 23320
1890 8619
7846 14697
6433 16570
10598 10720
12518 14566
588 5115
4109 12924
12174 16457
5485 23120
2054 9050
15251 16817
7598 15104
9895 18797
14095 26535
18584 19331
7341 18517
12323 23809
11087 13087
21690 24968
14914 26529
2470 21945
593 1023
7066 8238
17951 28177
918 4731
19533 22897
16020 16603
13370 15282
549 4670
14534 15976
9884 24240
18454 23017
15996 25283
7798 27357
2373 6617
9186 18371
22735 23713
18801 22119
9250 15668
10772 11688
6314 12284
11443 14689
4326 27537
774 9316
15737 21873
7861 22385
7635 21003
5988 26498
2721 23251
15344 22775
4519 9583
4581 7128
4967 10428
2031 4351
8223 25788
8785 25468
2170 4623
17407 24148
18631 21286
18690 23619
19254 28257
6603 20458
5580 17177
2891 10900
20127 22810
15164 16979
11415 21077
3126 23787
16276 19948
15497 19627
401 28163
7950 16955
18591 20956
2072 12938
9 9375
1462 9788
16408 27689
3172 7835
3229 23081
5344 26110
15120 15610
10509 27788
9205 21760
27853 27906
5348 10846
12606 21053
65 17214
20831 21415
17612 25289
9777 10812
6931 19676
426 22857
14755 23188
15100 18387
18624 22769
1251 21650
6715 21670
7007 7492
8435 27259
20480 24804
25454 27557
13864 16284
14728 27042
7057 25727
16225 28008
9514 14987
14807 16509
1332 1939
4220 9303
6914 24842
2130 21960
8455 16522
9560 22230
4646 7950
5194 21853
17851 24157
729 14971
17800 20368
289 17848
6401 11417
5270 20369
2990 18359
9251 18704
15885 22581
12137 22310
4316 6868
25712 25838
4282 8363
22479 27671
3071 25420
21405 22487
13711 26397
11193 24453
11049 25340
11348 14771
358 11989
13635 23915
8478 26184
10296 16609
3697 20312
3265 9807
17931 23490
18910 19795
7147 14738
1575 4282
3870 7581
19394 20193
4857 22771
11417 23724
8778 9061
13274 25978
9256 17832
15887 23457
24825 27810
6380 11648
10794 25412
396 5115
714 11208
569 13186
1513 15391
21490 21824
25043 27761
22634 23911
25271 25830
4599 27836
6408 9939
10957 27128
4584 21683
10954 26740
4043 5543
15549 26823
18772 23241
3240 8408
20758 24127
886 13650
7728 16220
7410 15543
3700 19171
14579 14736
10665 18405
6897 8450
6257 28099
3619 15835
11149 24563
2438 8056
3562 5409
13484 20923
3312 17363
8502 9369
15369 21359
12615 17236
5317 27765
18287 23237
1999 20751
9465 27198
3172 19337
1243 10701
17031 26163
21919 25086
9736 14940
4519 9465
16194 26544
12931 17118
8919 23781
3993 10410
10124 23867
7643 14033
10301 22503
2028 8493
8427 20307
9572 21638
19892 20258
15222 25302
10364 17782
4328 25155
14522 18438
10152 17426
18341 22631
15496 18878
23143 23365
4629 13954
15085 27938
3697 10990
20038 23521
9404 24754
2210 16340
18807 18857
2746 5005
18582 27521
15401 23892
10800 22847
2790 9956
9701 16777
17837 19631
1925 7865
10487 13827
15220 24897
1118 12744
12399 21115
15284 25596
6642 23579
21126 24313
15282 15947
5978 23269
14568 25864
7199 25336
21616 24278
478 22885
13193 28158
17241 24315
867 9601
3026 20738
14123 25413
4721 9621
7756 23377
13564 27715
3700 27667
17028 25505
2031 13371
435 25978
12036 26617
1223 23437
21240 27507
15792 26404
6209 8811
13996 27970
7367 12378
17785 18453
629 6595
5104 12945
1036 9189
10915 15452
15257 18104
3752 17042
4209 6990
2401 18267
5661 24603
9526 24928
614 15766
9090 10232
3803 10767
8789 11322
2776 24395
1299 2118
22020 22901
3228 17524
18761 22860
19548 20367
2344 4380
19477 22190
14448 18679
7522 24061
17718 23772
17422 18743
4500 19698
3828 10835
2432 9274
814 21952
16276 18115
15041 15607
4414 10042
1405 5126
11724 23397
9163 18669
9193 21637
10337 27643
9867 22418
9043 11790
7837 9690
6240 24400
9150 13564
21588 26907
11315 11576
11710 25564
19686 25523
5371 26034
1575 21605
2124 10889
20386 22274
17316 22488
788 6158
5984 24280
10466 20995
3792 14452
16127 26659
1564 2929
1840 4218
10741 20286
1030 21294
14681 19854
16324 27126
4942 20353
8318 14393
7031 25127
3695 6408
8251 24904
13516 18411
13556 14717
10731 22214
18344 22763
10701 26584
9782 17819
12072 22040
22855 25629
10230 26640
2586 16742
6017 22845
4693 12399
14296 20903
12711 13089
9067 15642
12939 26966
3054 22605
272 14039
22769 23986
21904 26727
11729 28115
7746 13220
24543 27790
20871 25231
8091 16149
8370 26066
8491 17321
1843 2542
2329 3463
539 2870
1695 20577
3937 11322
26413 27152
2293 15272
24197 25760
600 6470
25918 28053
8679 20480
13480 21240
1986 6037
7529 27373
6680 20632
6972 18308
686 12479
6526 23202
2156 2815
5492 23772
693 23922
2518 18618
6562 21902
10601 15404
788 14853
2289 9423
14473 20201
1759 18843
11967 20861
274 11573
20170 23864
17630 24610
7915 8183
245 23760
2474 19019
3781 22167
5832 13916
7350 19862
3708 26929
10407 16058
23931 24949
23776 26993
2067 24939
23602 27010
19868 21199
16330 20224
15368 17785
7033 17994
7635 24062
8814 20541
6710 8938
4563 17397
11011 24773
5702 16187
1140 19531
20053 27954
3506 8781
2585 26401
13585 15972
4737 7429
9077 11251
2053 23809
9098 14409
20848 21407
23218 26945
1803 10198
16107 21955
14390 18251
15682 20786
4182 17982
6966 26717
15444 15749
5197 10863
3801 10540
9361 18823
18430 26898
6640 15857
6994 9762
757 2161
2826 13779
23929 25759
16465 18032
5334 14069
1085 25032
6230 6765
4878 10800
19879 21024
6587 8128
10956 20664
14555 17115
15286 19566
7772 22993
2208 7702
21241 25729
7846 7982
5949 21291
787 11248
23391 27676
13182 27939
3860 22456
4101 22471
2990 24278
10394 14681
9093 24986
1609 9367
13778 26580
13185 20061
11256 14662
13203 27417
6968 7625
3640 11773
2236 4874
15991 20064
9795 21798
1795 10935
5285 19571
18358 23420
8363 20008
9067 15047
1141 19232
13766 27997
3097 21421
13704 17756
7075 14050
3053 23310
11459 24575
1327 13387
20778 22002
13511 18760
8775 15722
3641 8015
13271 20245
3126 21693
10461 22448
9320 21166
8473 22031
17961 26258
21028 24267
2373 6030
3741 6679
3593 13362
6116 21326
7713 18054
10468 22430
2895 24955
14163 20615
5665 14809
1381 5198
11085 23219
5517 17495
20381 28023
22857 25343
16187 18770
15713 23133
1114 10023
3790 14586
1212 7318
8657 18831
2596 25629
4205 26665
4614 18603
15224 18898
5213 8528
1052 9867
8478 16288
10069 12583
17938 19247
399 24836
660 14907
1133 5082
2252 15271
14949 22618
12908 18683
2610 17798
22592 23345
21835 25623
12144 13178
11080 14080
9905 26503
4189 16929
2543 23978
1223 18724
6268 12989
11628 14713
10840 18136
20419 26017
14010 18533
1068 5660
8373 11546
6255 20447
19140 25699
4184 8843
1782 2254
12927 19781
1904 26677
12134 13367
11156 16050
1919 24122
1161 11757
16301 21861
9722 22511
11987 20137
18945 19753
2617 3263
650 22405
5979 11486
21569 23442
473 20754
314 16184
6499 13042
7285 10926
1848 11798
4071 6348
14030 19546
3415 21248
9631 21111
3266 5161
9417 16176
23275 24636
13299 27900
11467 24360
8949 28254
9558 16884
7491 19726
2573 25759
378 7162
1477 10568
1365 7746
3291 12586
485 17020
9942 19035
11017 18355
3458 20137
21832 25257
955 9654
24053 25333
12811 17113
3542 10089
6584 28166
5734 13827
20786 22671
22026 25156
10200 16312
150 6722
22035 27209
8054 23353
15286 16261
8841 16941
5018 5568
4980 13384
7900 26525
10286 10497
8155 14958
16611 18428
8856 26806
6760 9377
1915 3059
9615 11870
714 10809
4439 11809
18438 26589
9968 22162
13091 20558
7698 20601
5215 10871
18641 25617
7809 18454
16404 27373
809 14016
458 5112
855 13553
14336 14534
22635 22763
16748 20992
12385 15617
4442 21727
19576 21963
3455 24706
25525 25962
10490 19998
15981 27442
15209 22654
1603 18041
7312 16094
5904 13564
396 15580
2678 15561
7213 14969
16344 18472
17723 24209
10189 27306
5181 9949
21029 21746
9148 16987
9648 13054
8872 26418
14108 25598
5852 10837
10080 19639
1532 6412
509 20313
17984 23225
1419 10466
8733 22160
12552 12573
14586 26186
23882 23933
14301 25403
1050 16541
12444 24280
10458 16808
10175 19490
582 8707
9228 10489
12249 13294
20541 25046
23183 25163
17524 26737
4378 22273
19845 23605
4379 11014
3567 22468
9137 20640
426 23365
9006 23936
9358 23799
15879 22703
6159 23405
4571 16267
2324 11987
16939 19270
15203 17675
1779 27844
2974 12210
3117 25956
19566 23608
7830 13767
3622 27296
12796 24618
6408 10737
2589 15352
6135 6206
933 19539
14719 23324
4037 17041
5850 11240
5504 15652
2706 13460
6586 21884
12994 13705
18466 24121
3261 9871
2518 11141
21010 24106
7794 24543
4626 4749
1829 10646
1009 22549
2469 19514
21746 23657
7968 16047
7068 17027
19598 23409
4381 20906
6196 22961
22471 27107
12512 27758
13003 20813
18377 22038
430 27118
1138 13393
14264 26908
6669 20813
6586 24412
1190 8148
1228 19459
12612 26641
8145 13099
17297 25743
1801 15920
2719 12218
11641 13973
3997 20162
15736 21855
5943 21828
3741 11330
8426 12623
2141 6997
3167 18669
6998 27559
10428 14629
6215 9416
16365 24628
1541 25977
15035 16867
9717 17386
23102 25192
10507 17856
9252 21565
3960 16676
18651 19972
3162 24087
1284 4181
4945 20310
14895 18384
20179 28049
2943 16439
10770 25906
7213 15235
1500 2997
9214 24929
20406 27050
3944 8263
9489 23826
13235 26787
11300 12272
13901 24162
8473 11603
7368 24878
454 27042
12452 17592
15953 23213
6537 24738
16439 20179
13497 19033
5918 25277
6103 8784
2556 21891
7113 16092
14728 14959
5989 11368
5708 25602
9717 19124
12282 26061
4821 12114
6876 10660
16437 25863
2706 4667
17284 25249
14998 16333
545 15285
1990 12512
7984 10662
7435 18993
9847 22134
22606 24899
2708 2868
14390 20953
12465 17020
13203 24465
10047 20441
1058 19670
4323 25868
3068 4818
4234 13233
4270 13896
2525 26948
1301 16203
14564 14781
7018 23839
14829 16230
12489 16682
598 28081
4257 24573
24393 27126
1497 16941
11253 11436
14469 23896
10119 14995
9843 15736
21688 26264
3231 11486
10795 17459
9835 10504
14228 15341
213 19280
14276 20654
4729 22928
15245 27966
9799 17823
3 24280
18550 23982
4614 23470
4029 11925
7954 18993
1745 23445
313 20092
8609 12032
16980 19027
3902 17137
11747 26676
24470 26943
14555 19121
10935 20500
7552 9348
814 23267
11146 23686
2623 3051
18807 21411
2455 22766
900 5761
1609 10876
5100 16772
13437 25504
1738 12357
16500 26947
10691 26737
4531 7557
16286 24248
12376 18256
9155 13168
17238 22033
5288 7881
1228 4076
24415 27288
2240 3734
1864 2686
6007 7608
2677 9876
23949 27770
7228 27349
23182 25559
1884 23422
3154 12674
16953 22835
3126 6387
14040 27218
12830 16627
1441 26704
6832 11748
1543 10156
18669 19548
14474 21938
460 25902
3095 11567
10535 26971
5481 22517
14748 20950
19856 24603
15836 22848
2764 22884
19183 22015
7937 8964
23926 26562
584 6883
5351 9704
5440 7311
9490 17170
1979 20503
27288 27598
22751 28236
11047 21421
9970 13778
2259 18304
20698 23210
24820 27804
16626 22025
19044 22581
17787 24504
7360 15721
703 16866
4050 22463
14606 22223
5715 27988
18013 24711
14491 17748
14271 15766
2040 16094
10889 19354
4835 28238
16842 22423
9150 11206
1788 18456
12221 20257
4699 7988
2283 10971
6703 20572
4359 10326
1308 14761
2874 19011
11041 11274
13601 16793
11192 28231
15443 23576
12908 27042
16978 21804
16888 24290
2177 18972
2455 14612
16327 23430
27150 28107
193 21438
5312 8717
1669 8676
8003 24406
7162 19759
2955 13943
11482 22371
8331 23556
7481 7835
812 4784
15884 19269
11887 25343
6045 28162
2210 26061
5326 14817
9996 21001
1039 22795
15233 19184
2217 5267
10957 26977
10247 20545
12346 19857
21730 24738
11754 19909
17132 22835
11169 25959
16726 24114
17203 23627
2750 13681
1349 8893
24495 24659
7820 9553
20639 22269
2833 20667
7332 24793
3497 11059
8678 23430
16607 24280
2717 3041
5989 12225
27374 28231
15928 19857
1131 12082
514 1171
9285 15022
1126 21886
24400 28185
8044 10558
15660 21263
3961 25564
3406 20046
16839 23573
1344 25622
20500 22283
19181 28211
7990 18187
17 432
12012 13728
10076 11229
7135 26119
3553 20969
765 7523
2452 16900
1748 16108
16314 20424
12310 14781
7491 27590
22666 24543
2635 6239
10023 21986
490 22761
4675 15808
15201 24122
1159 8707
21814 24522
4145 5832
10828 16115
18029 19542
4312 26511
14899 16937
23994 25336
10341 15297
6773 18160
13177 23951
15705 16964
11106 23033
3126 26634
4142 13373
12536 14908
8477 24122
6753 20392
14229 18529
3622 27867
6011 22882
19926 20963
13328 25919
9117 16949
2240 23686
3472 11809
17314 17496
7538 26513
10638 26690
957 2344
10837 10889
13145 14718
286 25933
597 11809
20483 21193
9438 28159
7610 11692
400 17902
13552 14394
16855 16901
6301 24613
4701 23437
369 2986
17756 19794
5654 19284
9530 18154
3006 8520
2494 17329
6231 7758
22415 23823
5367 15445
10303 14809
7478 22420
5774 26223
15530 22364
4283 13066
9699 18938
4044 8063
5033 9942
8251 12069
4035 20876
21631 25329
2447 23178
14727 26097
4487 8000
6118 12983
22369 26433
3206 20498
16865 19817
11348 16959
23399 24861
6639 10062
7015 19013
872 16850
4218 21651
8037 25229
12041 16791
8872 21885
15003 24803
26552 26709
19683 23453
57 10230
2929 15899
7264 17201
9022 12633
18266 21920
3666 18541
21633 23600
11854 12266
2679 15380
12264 22471
11254 16890
19481 24055
3900 11504
26207 26396
19180 22917
5577 12058
10970 23509
757 19118
6355 26058
7557 8632
3734 25279
10301 15626
16800 27882
6501 25657
10088 18673
6668 23932
27579 27664
10767 22787
18522 25392
10473 15610
8774 21115
8196 22226
5273 12182
8408 10492
7743 10310
9814 25823
2311 25108
5870 26055
13782 15001
5750 19035
1348 18516
23571 27633
19269 25887
4041 5289
20483 20890
6916 11784
7114 13091
11960 27360
11771 20289
5371 23843
9614 16162
477 25826
20842 24851
12151 13484
6972 8806
14349 23251
12369 24288
11143 24362
7242 21831
11251 15736
4858 7350
3727 12891
2719 14734
15747 18232
13407 22864
19663 21673
1630 6271
13054 15166
5308 18993
957 20291
9650 15281
7796 8939
25338 27610
1993 11260
2254 15258
12506 25540
7758 11039
5519 14029
9844 19844
8692 13204
8349 12805
3835 10293
15759 22090
4650 12137
2592 17239
17777 27780
11326 21536
12498 22549
11753 19550
8292 10002
13135 24507
10792 13329
5055 8488
10210 19289
7061 25657
1126 26407
897 28093
3367 17845
672 21611
14666 21142
2566 18985
6103 26807
4227 22017
13910 16550
14160 14758
9774 9904
6495 14704
4611 11910
13118 22420
1163 14452
20103 25509
347 4165
7312 12342
5204 10560
9815 26683
4080 19449
24299 27637
8370 12689
14677 17965
10878 17513
3769 13724
11124 13844
8920 17504
3446 24480
14835 17219
17803 21296
9018 13282
8501 14441
7005 21201
1438 7137
10242 15477
495 1604
4557 23315
7312 17298
8451 24747
12368 16686
6517 6898
7210 8956
3105 25592
14606 15508
1050 26751
9716 24374
16788 28238
5971 22363
25416 27730
3850 13032
11739 23267
4295 9080
11627 20667
13264 15246
8500 18543
545 11641
6760 11878
2067 5479
2118 21070
2865 24032
4507 16888
569 24172
10927 18938
4603 22981
11758 16616
13619 14242
10124 14954
3545 11490
3522 15731
1181 18301
12244 27867
1680 3714
11953 21309
14758 27030
10082 18251
86 21733
8051 22220
21207 24782
16009 27638
18033 18690
424 8091
7021 13246
5082 24291
693 23935
4695 13950
7323 14390
1978 26559
7382 12485
18111 24864
10444 16054
9268 21862
1349 10464
485 3734
2961 4484
15713 18322
151 12148
2604 16055
21671 27679
16989 21391
15964 17887
3987 19115
3496 23995
2546 14555
2259 9746
11368 14807
11261 26717
54 23183
2888 19186
23655 24557
828 20622
14555 19995
8074 9205
3162 24047
2563 4135
12658 14707
9192 27981
5068 11294
15037 18575
11799 14691
1223 26322
3146 7204
4889 28138
15047 23075
19758 26389
11816 23593
17259 24643
10570 16392
21948 22259
19856 24120
8875 17883
7605 23143
24261 27123
5336 13202
16646 19138
7543 11415
9110 26200
7867 25602
15179 27554
18760 26423
4548 5327
4967 7205
8528 26674
10935 17507
12145 19771
5850 22285
15397 18604
19450 26089
10284 22255
14017 23619
16615 18313
6185 19253
2710 17389
3944 11047
1492 23529
22666 25345
8352 20409
3606 5850
1434 20016
11876 20715
14390 22688
15036 16206
4725 16769
22066 27830
1169 25266
20657 23015
16453 24115
4181 5855
439 8994
16436 25453
9558 11289
18717 24236
7937 17877
14471 24862
7410 18669
17397 19398
4035 10061
412 14031
8739 19819
7275 11638
4606 5640
22278 24138
5113 22581
5213 12141
3039 21194
15119 22035
14835 27681
3915 7213
6367 12151
23605 26628
6809 16739
6931 17407
5466 17961
11444 12956
15639 19076
17733 25067
4820 22430
14534 24224
2028 25203
8410 27926
6310 18574
6738 23389
15610 23044
492 4717
14464 28175
17281 18208
2635 19548
21798 27715
477 23416
10417 18943
11994 23333
3357 4061
4391 12480
18772 24551
22464 26392
11255 25039
1670 19409
16490 17372
16960 26091
17120 20289
1967 13685
19068 22543
6738 22835
4237 20376
473 2769
1920 16338
20841 21115
5978 10584
2027 4175
2170 12282
1421 15428
1106 10815
3724 8806
22227 24787
22880 23086
18053 21919
13253 24928
12437 17593
21226 27810
20545 26551
4468 18959
14010 19816
7381 11254
2926 21531
13495 14104
24503 25247
10495 15049
12927 17097
1191 3114
1843 10498
10693 18615
15216 24908
5130 18163
18827 24487
18144 21262
4483 16794
13093 19123
14268 18122
2093 5160
15874 17022
8236 10503
580 19880
7896 27570
9188 11823
10747 23718
18370 25910
1038 24750
5989 10935
2666 16374
9226 12287
6071 7539
19751 24804
5055 12844
2031 6579
1622 10630
16328 27695
20338 27536
426 9150
20235 28026
6201 12750
6034 11964
8588 26446
14471 24216
8086 18636
2427 10076
6722 23604
22716 22871
4477 16253
6493 9702
2186 27913
9536 21231
8405 10942
3373 18761
19285 26979
9226 20424
6750 24208
15263 19278
7568 7623
10678 15032
12959 13810
5336 25083
5041 15293
15072 27936
6432 17274
4442 19169
15128 19871
12252 24624
18791 26128
3819 22369
16893 18653
1164 26148
11269 23441
7447 12223
8454 24379
6973 20170
11783 15104
21685 28266
18314 25553
16941 24121
4806 14227
8304 20272
1467 10638
11722 27905
569 9776
1353 5161
12161 25981
13091 27321
17300 20117
14904 19138
25505 25562
17955 18742
14778 16795
1911 18921
897 11457
2807 27682
14988 18133
10761 16276
577 25487
10047 23449
278 6078
18278 27350
812 25397
4395 21217
15757 25838
5775 20162
15668 23237
11368 20162
20002 27782
4082 20311
6896 9023
9543 17907
590 13812
14885 26477
2676 5166
5816 6489
1196 17113
7747 9367
867 14648
4630 9053
865 11080
3732 22055
16322 17004
4218 15120
14758 26905
7131 13885
7672 11463
3942 9090
3795 11321
8372 20804
22184 22448
13387 18402
12910 14124
6867 20909
4693 7987
6314 21293
25748 26186
16331 17056
13192 21790
2798 23874
6055 20409
7207 8145
2253 22533
4644 16766
16979 18370
5999 19554
2474 2708
10641 12244
481 20527
5786 11780
8025 22654
10815 21333
1232 27569
9509 9853
8249 16568
5327 26413
5496 14594
9530 17514
16622 20838
2438 5422
2399 8291
115 10559
5818 7866
10323 24343
13271 13864
10312 18534
424 7762
25403 28099
15396 22763
12246 13962
6198 12111
4110 8974
24735 25365
12069 23444
10956 19121
11240 21026
25236 26152
3728 3856
5115 23816
10321 15459
4741 14922
5598 11778
8738 16503
9849 12560
6174 9859
1107 10594
9375 12367
17265 17734
11250 13463
12506 13677
14140 22892
12778 13702
3640 6539
3987 7307
14829 23174
12849 27201
7908 16014
748 18457
6289 17505
3154 20156
104 16687
6657 8318
4070 24068
25894 25908
1229 25488
15795 25405
1440 24263
16961 28036
12194 23136
660 13362
1106 27932
13114 14500
4563 11164
5721 8858
12219 27091
16999 25241
5254 27252
7202 25699
13770 27267
18259 28262
9496 15610
3210 27662
8696 23007
14228 16922
3206 5716
3161 23062
5925 21891
2336 21797
9057 11688
15187 26539
9330 11755
17493 23143
7228 24571
12237 13945
8615 14895
13807 15224
21057 23799
6072 18092
4823 5134
13396 22345
14194 27076
8772 21135
8251 14919
11108 23175
10847 24005
13614 18729
12807 16901
21914 27124
1209 20369
4740 12237
10207 21712
1849 26608
2795 10646
16898 17880
3206 16318
344 5303
539 28038
3169 24111
4760 28055
2788 27263
11851 12651
2803 3232
14792 28234
34 3343
11076 15621
8511 10244
18086 24119
7024 23605
5607 17181
6473 17189
4391 27110
5550 15376
9343 19092
19732 25472
10584 24101
8924 21883
154 558
10487 18721
1196 4196
7355 14154
6577 25857
2067 10416
21984 22160
10990 17156
3780 17568
6706 9115
27067 27599
6836 26165
867 22716
4695 12621
17958 21028
1719 18319
1795 23437
11417 13667
12111 17502
22556 24209
3734 26321
2572 22893
7323 21798
4024 23601
9408 26859
5665 27553
14998 23809
1574 9309
1657 23736
12346 20292
12726 16526
6511 22591
14457 26616
25908 27128
4199 10473
1672 13827
2028 22771
9465 9590
3961 9495
4782 19742
12452 17193
4445 15897
800 11184
19013 25410
12056 19419
8963 18521
9036 11267
12078 20948
18105 18436
4037 26119
6342 17914
9696 15267
18265 20611
10023 10328
7519 23480
544 17782
1338 2205
2518 7183
7202 18367
16984 21849
12913 25986
10200 14029
17531 22523
9523 10971
10152 24221
7489 22246
8352 19305
2387 16334
10762 15493
935 23753
12495 26312
17074 19801
3059 17530
67 17543
6333 16249
22882 24251
650 19585
4612 22512
5001 13810
16550 18996
6743 10916
490 749
16965 17840
18625 22273
865 8317
6135 8148
15225 18787
10892 22513
1707 6642
11629 14593
8733 9699
8895 10854
9141 15286
8618 10594
11740 22922
12433 20329
19035 27013
1768 5468
16136 23361
8816 20744
18091 18759
867 20115
14303 19863
12090 24956
2410 13798
2533 20787
1629 10082
3160 22010
867 2588
8373 12471
6377 7760
564 23243
14965 23942
1699 6493
6879 20797
2045 13575
4245 10033
828 9905
18314 18591
3778 27196
10971 25828
4070 16480
8620 23696
327 7763
9333 15268
23194 23456
4094 27828
14772 21000
5485 21875
14843 21962
5485 15539
1736 10479
86 11134
890 6971
16905 19781
864 8100
2721 10154
212 7484
2355 16218
3882 25662
8437 8739
7846 26851
11880 24608
15561 25155
16766 20815
582 6573
8128 18015
6526 9806
2474 8807
10672 17507
3352 13557
8638 12139
10381 12796
12336 22025
4326 11878
5964 12573
11290 23295
23389 24906
19341 25433
2518 14215
27123 27905
10839 24616
18617 22428
8062 22607
17316 19151
16401 17914
418 10971
3257 15665
14124 18641
7443 17986
3741 8225
3467 11946
7915 26300
10560 27129
12983 20776
11447 15918
5082 17152
3128 3828
3161 18937
5943 7481
7141 28111
3589 11807
22199 24640
12389 16299
4205 13193
11291 26691
13833 22157
16337 24665
1606 22469
4408 15082
15329 22604
2810 25752
14577 23684
20719 25334
20831 25008
6956 7249
485 23799
27129 27751
7380 25041
2109 15561
3455 7562
8898 9252
26838 27887
7568 17586
4552 24032
11416 18874
7103 20409
2878 25509
1795 10285
18533 22040
14437 14998
8103 18330
1 10314
2776 17259
6560 17492
2259 24589
8985 26577
256 5181
11961 15146
5756 27737
6952 11785
9915 16055
825 21230
14380 22498
9137 24554
5102 13649
677 4424
2702 5821
20808 21831
9772 14835
8367 20639
20138 20341
2530 21653
5448 9274
7121 20391
293 4018
6220 7434
10342 17927
1861 13128
20605 27042
6892 15224
8415 18106
13434 18547
7758 20258
9465 16276
1182 21753
3728 12214
6932 9168
9096 11409
8932 21673
27085 27091
12433 20433
21505 26358
7531 11314
3380 4637
15565 18524
18529 25796
5151 21717
6482 10071
5406 7550
7361 16371
16473 21862
3069 20648
4512 18558
11844 27607
2671 12333
3113 20899
11847 27758
11366 19195
4087 12388
32 8757
26106 28240
7943 17455
11119 28096
11486 16901
7514 16949
6410 27016
21991 24232
24904 25329
22954 23860
9777 20990
9967 22966
3316 27619
3759 21716
1791 1878
6937 10832
4672 14301
2598 18280
5944 7355
12479 19459
1356 15832
8657 20757
14922 23973
1421 25309
11124 28205
3265 14920
1123 16749
13436 20087
6490 28130
8465 11711
7108 13542
18779 25287
9710 21144
7491 27937
14548 22721
3790 12193
3121 26261
23062 23578
8964 18833
4949 14831
10274 17869
2129 15056
4205 15211
14399 18421
7002 17022
4914 24528
13806 27313
3896 4938
9632 11747
9214 20061
1 23558
12040 17066
867 11214
22581 28238
1772 4224
14815 20200
6610 16499
7887 26591
19545 25259
3194 22882
13478 14835
67 21126
9310 9541
342 11076
18879 23094
5802 13497
850 5001
3880 27014
6365 19097
5857 17239
8959 21023
3234 18408
24575 24623
9790 10174
268 22449
12228 24354
20754 21446
9724 18167
6426 8088
3975 25009
2518 26463
17649 24268
104 12561
2061 22254
13699 15505
6201 18204
6569 22011
15613 21665
6196 6972
8174 24122
2702 9661
4101 22206
7671 11063
3374 21178
4581 4646
15468 23553
12040 21376
7007 11668
18891 23601
8969 25263
11252 13780
600 7962
8772 21384
8405 28080
13106 19542
3444 7809
2342 10824
13736 22159
9521 25331
9134 12598
19939 21026
1920 13362
1878 20313
867 26737
3544 18436
4091 23016
4286 4828
1106 8349
14648 19813
10855 18699
11262 16584
3104 18061
9631 19185
6179 7835
3472 16554
8306 23271
1487 17076
13360 25658
8352 16963
7471 22671
258 6649
1851 7862
20333 24846
24175 25449
1229 8958
3728 25275
6707 18128
1795 7758
20444 22585
5716 26235
8285 18736
10015 16806
19723 26687
3398 27129
14922 23272
5629 5711
7311 23062
23260 26704
4267 13831
13078 19650
14198 19641
5971 22992
1611 9850
5087 9534
9676 18187
3468 9308
1379 27218
3634 12119
13536 14108
5146 13170
2474 21260
2677 19063
1587 7709
20129 25108
10323 20562
6024 24019
6594 23861
13095 21258
10471 10822
11092 26337
16607 26554
1478 8159
4469 26168
3810 25559
3381 18136
12109 22487
12921 27956
609 7012
2470 25140
6859 7169
5372 14174
8806 20480
3081 22052
14 25844
9428 23983
7831 9427
1545 14662
2172 20705
1622 22688
13844 15430
22334 25953
18478 22193
13623 15829
21901 26824
22409 25669
9781 23930
5002 9112
25336 25426
8564 9799
17518 25730
806 11998
16108 27559
1727 3305
13373 16201
12539 24553
4958 5832
6801 17404
9143 21151
8802 24062
8959 9749
2712 17249
2979 7510
339 18411
8761 18946
6454 11746
24172 27897
2449 27790
2657 10230
4144 25699
7635 11128
18463 20363
9466 23510
9838 22376
9509 11112
14342 16567
7478 20209
19686 20757
7927 23762
3858 4245
784 11569
7352 14954
9826 12183
16901 23809
12655 25896
2171 26093
5382 20045
5327 24795
12708 22302
3646 27347
1244 23979
848 22454
1776 22587
13171 19200
4962 21105
6644 17177
6216 21352
9525 22469
11943 19933
18963 24614
8554 18474
4290 21438
9190 22025
897 13335
862 13789
12140 19527
20327 22267
638 17304
11073 22956
4233 23785
10952 14517
5917 20008
1817 27665
20922 21182
7647 10242
828 12194
7318 21426
6752 12253
15253 16498
90 25559
509 23521
14402 17302
5057 12105
15493 26067
2852 14560
13243 23910
7708 20043
7645 12762
8261 25956
7019 7695
10830 15271
22295 27175
1755 22575
5487 15530
7839 27247
6334 25012
2092 7497
7145 27373
4350 16232
23997 24062
14542 14544
5300 20210
17907 20053
12557 16328
1197 14698
22199 24566
4273 15166
15759 25833
6077 19898
13863 22827
3539 23995
6484 23012
1587 4169
11279 19710
15184 19691
13741 15123
4082 18691
19562 22607
16795 22587
4935 26053
2148 25683
12956 24028
5344 19598
854 3410
8256 18402
18901 21312
20577 24749
6506 21759
4685 9623
867 21473
19442 23180
45 22164
2522 18704
1018 16998
2592 8151
5071 16468
24320 25652
2436 16974
15392 18095
9769 19576
7458 25385
1545 9834
8938 21592
3009 5215
19900 23845
4844 17984
12576 19354
3265 17773
3122 27374
4767 24883
5978 26199
836 7930
2474 11592
3510 23194
21688 21732
13602 28074
6685 8249
12653 18128
366 12970
18434 19273
14937 25306
17893 20024
16026 26908
18560 20645
16154 19906
22425 27129
17331 24752
6792 27648
10616 14599
11059 19084
2274 10954
3381 25329
11171 24474
3484 14762
15695 27220
18521 24474
2303 14104
4959 21569
18361 22810
3525 16170
2308 4076
8981 9796
790 17562
9446 18567
3267 15392
5383 15531
5892 24586
2518 22954
7505 12392
588 9086
13980 27224
8865 17029
9502 9674
13055 16932
3848 10477
303 19712
14033 24693
16431 18334
14752 17250
5590 21909
10770 21163
9095 19566
21615 25260
465 21761
13765 22880
11565 12226
347 8974
3859 9095
828 17657
13685 14682
7423 12005
4205 24846
13819 21673
4310 18470
1216 6229
9438 13944
16167 20197
1745 23178
17787 22581
6326 6898
1604 4548
8924 25630
9429 27052
21692 25214
18113 24008
2247 24719
24023 26044
973 23942
14119 24422
21162 25409
1878 13789
3551 7348
17509 24939
1978 17779
16845 20347
15303 22664
2530 7984
344 27118
10638 10764
9042 27768
594 1748
1884 3463
2954 25091
11492 19768
788 15182
23377 27503
2074 17377
7241 9174
17471 20046
7835 21430
24900 27221
14206 17446
12769 14644
15954 28121
8284 22134
5876 26896
2410 18132
18679 26212
26180 28162
24069 27819
6921 21653
15638 22506
21049 26518
40 20724
273 23884
9569 22951
15672 17763
19548 23983
1558 26922
19864 23598
11741 14507
9648 12434
5371 20477
2061 13171
18633 25623
3944 17060
5581 18556
9276 24727
1689 1781
9114 13875
8253 12273
18955 19691
19371 19548
11261 26051
11286 14265
12453 20219
21165 21889
569 13405
12479 21003
10888 23872
10807 25121
12422 27372
635 17712
10859 25261
10120 18052
9683 16867
5812 12211
7861 16436
4367 27505
8381 11540
17359 20703
2146 5916
18599 22497
10946 18630
6158 22696
5504 7861
4768 14044
1261 15010
3592 20251
8870 11522
11369 14239
12960 16296
5651 22948
10807 25538
1952 17637
14993 17166
3080 24019
2003 19675
13681 28031
1741 24346
5339 14773
4791 14976
7488 15721
19169 21407
18507 25732
2871 24418
25547 27222
5250 21619
3267 11143
23437 27221
2216 9089
4693 11436
7999 17437
1231 10392
6425 25849
14559 15141
2003 23025
6245 15749
2005 14390
6087 6902
24158 27382
1118 27867
9082 20069
20018 24512
15304 17136
10688 15040
4305 6182
22821 28203
1141 17512
21744 24904
19180 19627
14539 16076
6106 21057
5716 14569
1878 13558
22328 27655
2227 21339
3326 16360
19857 27758
14088 27779
3063 24288
851 15736
10346 21033
8087 21957
7372 19451
7903 21350
14516 23700
4919 19463
7854 20099
4650 18206
4118 24169
12059 15308
19627 20918
11439 15749
9562 13374
15402 18491
17823 22871
22390 23082
4960 26482
10920 27954
20605 22476
6032 18277
2413 5179
4952 26340
11479 16353
14276 27684
11920 13952
8568 25459
6510 17047
14394 20078
5964 25555
8970 27746
17737 22686
1504 15144
1075 6501
23267 24763
8219 11484
19342 25956
9552 20378
12452 27013
2670 19806
9229 15911
7439 10213
1414 27726
16136 16986
999 23942
14740 25598
248 25368
9454 27205
16751 27930
4211 17763
5738 17102
12111 19150
9616 10282
261 11614
12667 12847
9955 23433
18051 24888
20583 22485
6331 20365
3651 4035
1767 7353
4693 14167
2190 28008
10217 24734
3233 19273
20492 27810
21139 25894
8218 20889
3257 13370
5255 11451
21671 24858
17931 20058
8633 23403
10935 24354
789 14572
14703 25680
5301 9744
6230 16644
5522 25893
1900 5458
6618 11142
21617 27190
2708 19691
14520 18061
17416 18823
9552 19845
3410 26409
711 2929
23885 24165
10967 17280
1666 10503
4946 20747
6794 25598
2617 23397
6216 20415
10935 12228
15851 16385
9792 13042
9803 22049
2740 12052
5379 19374
17507 21079
3562 17601
13810 24616
16173 18962
10638 25329
4340 26297
6544 24219
19744 27872
5614 24640
25080 26848
15450 19373
15399 18527
6740 26127
6235 7916
7910 22543
23710 27220
4942 7251
10298 17369
13973 22531
22040 27033
1858 6967
8931 16224
11022 20766
10393 12556
2485 21444
5663 18457
850 15837
9054 19219
1684 5846
4891 11156
20069 22469
19947 22404
13772 14676
16246 18920
7225 28166
2646 25059
2895 15429
12411 15944
8481 12479
7277 7508
3819 25277
5839 20167
14862 15322
6975 22605
1291 3415
10943 23467
18574 27809
7459 22422
14507 19222
1174 6972
6103 27428
18772 19097
49 11952
22682 26867
7771 8258
809 15003
23036 25039
6552 11963
813 1852
23803 24062
2585 3599
1776 18581
2369 3957
8754 16480
774 15298
14515 16314
18669 21304
4489 8039
24675 27523
12954 18479
19768 21798
10495 23309
8816 20554
334 1253
7021 28263
635 19639
1181 7593
4287 13319
12402 18061
8096 23335
4087 7318
4626 25636
314 11181
16314 20387
1681 18289
9193 14712
5626 5752
801 19269
2986 8223
4672 19811
4872 16904
4216 13268
2022 23384
4627 22449
7580 25639
1776 7746
6087 26262
3019 7577
6965 20420
1275 12708
8922 22836
3592 26993
1688 15554
3987 26235
314 16948
15120 18187
8433 25089
5348 20641
9668 16459
1767 21974
11100 15977
1707 16946
8135 23934
9809 22896
20509 21240
1480 1830
3609 4061
822 2262
4216 11713
3163 8405
8151 11619
22791 25277
12412 21018
14572 27671
3609 27128
8825 16866
15547 25633
16429 17349
733 1925
14843 22511
129 20319
2302 5691
10444 26823
6516 24681
7288 28100
1568 5213
24403 24835
17156 18980
9842 25468
2701 24967
849 15031
3087 14923
7213 16984
5641 24062
7664 23910
10127 25204
3089 8565
6758 17474
5458 22692
1557 27121
4808 15183
24232 28039
4142 11486
17219 25805
11348 24617
3447 18934
795 7209
5978 27778
5097 5461
7304 7972
4971 18044
4743 6036
21436 26648
19525 22038
9378 23864
24295 25332
19817 27314
3448 5157
14699 19281
5613 13673
18608 20674
3203 12226
23310 27751
3012 16939
812 7083
11073 22883
2667 14160
14646 24061
14180 17773
6531 28263
9526 27196
3342 10953
7627 26614
15806 25160
14631 17145
770 24603
5242 14552
4000 13926
8750 22667
8363 19275
10050 21182
9222 17846
6832 11916
8546 11717
20714 24057
1844 27121
21855 28169
1140 25405
18287 18547
2413 16510
1027 21163
430 22292
18409 22251
605 23324
3693 14136
4044 15992
10405 18315
13229 28268
16311 24935
1181 22823
2256 22445
1135 15302
17331 24883
365 5782
7758 9494
8022 13305
4056 8471
17513 22780
7060 23688
6784 8483
8493 15426
3885 15401
13509 23016
8168 20799
5332 6099
428 21711
13697 14690
15840 20288
5370 25221
26690 26709
1787 11295
7025 23105
4586 25962
12876 19315
12030 16313
8667 25272
56 16856
4997 20550
19351 21616
21665 27247
969 13180
8057 8770
3400 6086
12228 23935
3445 16457
4237 13564
245 25272
7298 26435
10023 23736
7359 11427
9769 9815
7846 9086
8421 13154
7982 22290
7785 24659
7261 19003
14886 24681
11000 16511
11508 25983
499 22427
4 6347
12689 18374
22983 24498
588 24384
22200 25680
805 24491
5676 21657
10500 25254
18760 21549
6182 25506
6126 7375
1338 24290
11697 18369
3856 10309
6801 14648
18522 21237
15869 25163
1361 14954
12890 16589
12549 19133
5716 27758
8482 12640
4866 16905
6215 12708
3122 11649
4118 19447
19860 27143
14585 15379
1333 20579
12927 17747
1410 4123
595 10053
588 23437
20758 22829
8669 21177
3780 6221
9193 10696
21523 21730
11631 23029
1900 11039
16401 19294
10593 23797
17379 21008
8974 16914
4352 22950
3867 15894
16203 22507
17906 28013
367 17889
3908 15997
12773 25219
7375 18481
1181 26671
9553 10393
2740 15578
6430 14884
6860 10767
9396 22577
10294 14703
406 7341
10251 27872
4144 16429
13402 23260
21018 22880
19181 23520
10815 13512
16860 24522
213 3155
9951 18141
7420 24042
23673 25915
15293 19608
424 15239
783 20612
3101 25771
13167 24049
851 9843
84 9736
8493 23300
12589 24104
4719 7111
3354 23242
9049 19942
13704 20846
4484 22799
577 9008
21809 23657
7229 15995
1361 1556
21326 27684
11073 12485
9614 20372
9563 19086
2783 9038
15171 22008
11041 21673
2489 26676
21589 26840
9185 20380
16349 25998
3269 25735
18318 22422
1050 24522
8070 15365
7982 9660
15311 20475
6003 19311
4225 14519
569 10552
6158 11634
17338 27500
9443 26446
4419 26412
867 21389
6673 17153
2807 21739
7846 16534
17378 23296
12260 12570
3446 11369
6794 8961
14052 17563
948 7820
9737 24037
5609 8790
13060 27616
867 23914
19797 22106
18878 21469
10990 16429
6510 18753
8924 11282
14209 23858
16475 25366
3808 27104
6487 13120
22117 27958
14689 26998
1689 15367
24454 24663
15649 17076
13899 20007
1717 24240
1775 12228
3666 17407
10496 20503
21902 26127
12163 17407
16835 28277
3689 26436
14438 16623
7478 17244
8188 25635
3455 10386
14566 25111
6806 16771
26954 27573
3229 26926
21333 25780
2671 25251
1410 24539
3206 10283
972 9958
125 17869
17345 23172
3849 24832
9940 9968
1277 10757
7011 20667
16217 20909
18823 25468
99 11809
10039 26970
14132 15153
9420 20846
5296 25052
7137 12029
27224 27699
4222 25433
2793 14334
21734 22529
10668 27611
3068 19438
14474 19502
681 17192
5776 26068
20958 28267
10531 24453
11846 28156
1538 4620
6431 23272
26892 27173
10998 20406
3873 4801
8596 17992
14996 20054
12875 23069
5146 9678
10318 25283
16046 28055
4206 14445
2336 15410
7016 26297
656 10440
3932 20109
2724 21909
588 11975
10623 22593
11987 27260
922 6296
4237 17763
12899 21822
9816 18567
6255 25039
10145 13465
6931 15808
17875 18996
10436 23799
18679 24122
5466 13422
1563 14136
949 13279
6506 7354
1590 11059
3241 28157
21138 24378
4089 20447
2794 19746
9710 15162
22089 25617
15661 18945
11593 16113
16536 25343
10639 11251
2517 5387
14433 19750
1211 20757
5397 23798
6577 8935
6257 12262
9001 20626
3208 23895
26948 27488
15391 15705
2794 21991
7955 10800
9241 16832
3788 13010
21375 22303
2555 3944
7976 16937
12123 18277
14817 19263
19343 25902
5177 17966
9610 13683
8430 20144
6129 22183
14796 24069
11347 13873
4712 5978
12284 16194
1137 6290
20162 24830
18103 22085
14074 17842
10570 16208
7205 12689
11562 25534
16337 25559
4442 12708
4836 26670
15152 25950
7155 22359
17823 24415
10547 23537
1435 23722
78 15943
1475 24602
6981 16686
21362 27143
24904 27274
3456 17027
3469 16735
686 2623
1930 11302
1795 14694
6301 24098
6335 22369
6516 11286
3059 27453
20876 21456
12649 22750
1959 16955
13800 16276
4729 14901
18484 19153
10767 12963
10015 13384
5588 8521
8852 14155
8990 13091
2260 11457
3714 8937
7249 9497
26284 26416
10240 18669
18369 24145
2572 25849
391 9962
18247 22154
11868 16307
13422 22393
6560 28194
5003 8875
8356 11614
18015 26244
5319 15762
8396 9816
8808 25556
2598 22845
3734 17920
7740 10201
1 25311
5933 25692
21246 23955
6807 8223
7217 16230
6426 14219
2061 13282
12881 26958
1878 25468
4407 25253
603 16968
3859 24374
2816 18475
12153 27332
8064 9676
7720 12835
3718 27194
11334 16137
1196 16937
18628 19425
5393 18317
3876 8528
7036 13759
21551 27446
874 24447
19020 23125
6848 23332
15166 15470
7289 7487
669 21962
25903 26927
9614 19547
9026 27494
12188 25272
8872 15661
9038 18309
2213 3280
6898 16232
2240 13807
1621 6404
25083 26071
10813 21491
3944 24939
5978 19313
10368 26841
9452 25330
13647 25443
7846 15286
15301 18178
7410 23522
7835 20586
7776 18622
4878 21853
16026 16901
21835 23093
17674 22675
4849 28031
7919 21291
12128 17244
11299 24842
11253 16659
3781 7072
17318 20491
7322 23267
2405 12450
1878 26354
7144 23721
9569 25102
22581 26691
2039 11329
1068 8830
10054 20313
3819 9574
18608 23921
1212 21333
7842 19068
27344 27856
20151 21641
9819 22642
6058 17965
3152 17178
5820 25221
21123 24005
14451 22483
4858 8471
4502 8380
21798 25025
1070 1818
4192 12489
293 10701
6656 8356
7461 13220
705 15996
1178 6724
5485 20296
15383 19186
9952 22398
2806 25823
3728 11562
10654 14023
9196 22814
3323 18704
3733 14997
6370 16158
4413 10646
4954 18565
2650 26293
17018 26193
2746 27750
25528 27162
3336 19924
7788 16131
8937 9990
3519 16152
17115 25960
1308 6304
22451 23171
9182 24999
2617 3618
11416 28041
3257 11294
6639 16036
13954 24211
24353 24539
7201 11295
8502 22654
11565 18627
7125 12842
12886 18823
538 11305
7227 12598
18266 18521
867 6932
7320 17318
1792 4731
4691 16568
4237 25182
15785 18004
12067 17295
11484 22916
15271 17214
867 18915
15676 20790
7031 23299
17917 26598
9500 25638
14728 18719
12968 14716
7178 10444
13741 21402
7383 18272
185 10994
11618 25421
21602 24812
11411 14912
1499 19790
7566 26677
1107 20376
19817 27292
3790 21710
12257 14023
8150 28008
19639 26074
14151 24935
14437 27042
21470 26347
2227 10320
14900 19327
16131 27436
6042 25884
2491 8818
6037 15967
12296 21980
3617 22420
14592 18618
3095 20457
722 17502
19068 24594
8705 21582
22531 22901
2440 16082
5358 17214
11865 13488
3275 19819
17176 17668
1948 4101
3995 19679
6881 28176
12879 25750
3167 8157
17742 22035
14445 23187
8122 13422
1043 25962
21204 23197
15030 17598
10935 17407
3885 15257
12614 13180
7488 21103
4275 16688
4749 21688
11471 20099
81 87
11297 14374
14745 24272
4581 4857
8052 14881
3734 27013
1622 21462
3874 15875
4580 24422
14583 19877
2764 10424
9465 20162
4385 7648
5749 15178
6128 11727
7419 12402
16001 22338
14104 17581
2325 19453
2532 20338
17165 25182
9701 19634
21798 25901
3732 13395
9226 17489
2376 22041
15694 23559
7169 8941
6936 20151
19347 25232
7497 8772
1480 24075
11059 13816
2174 6007
1672 20640
635 14728
12451 16377
24056 24241
10639 23213
3726 14886
838 5697
9090 10596
13072 14233
22311 26107
16788 24686
5585 25414
7703 23420
11699 17013
8434 25917
17354 17833
15676 19736
17444 21570
14994 27010
11128 21546
8500 19633
17963 23946
70 6752
14971 16331
11457 16338
18761 20527
6308 19514
1079 16230
8959 25441
19893 23767
2547 9095
7019 20504
17823 22845
907 14777
175 3903
2894 26204
16239 19536
16367 23807
14177 23143
5665 21746
13091 19639
21473 22939
1223 23857
501 22274
7632 24428
9922 25683
4465 19070
9680 21167
9812 17067
6437 26244
3517 18154
16127 26273
4071 11080
4328 15133
9232 10206
1689 17534
2269 14665
20176 26950
4518 7550
18369 19155
23292 27867
5416 28177
7496 8278
1399 6042
13953 25452
17457 24096
23462 23531
11463 12309
1122 9575
2177 18458
7325 23106
3089 6601
7985 27042
3259 20053
7205 23628
7315 7913
12437 27751
12561 17939
16311 19764
8843 11080
22471 27821
6562 19557
12184 27287
22016 22750
3449 15791
17757 21738
9524 28087
10604 16537
25616 26373
10296 22278
1975 20816
19136 27083
13169 26829
15063 23513
6426 11920
8411 27912
11133 19576
15393 21716
4904 10462
6965 17222
3065 20398
2530 27042
1764 1922
14383 25956
2061 22331
11592 12514
4151 14776
8263 11242
9847 13707
3120 11300
7959 23608
2454 4880
6848 27341
11727 28156
4287 27382
1056 19140
9716 16249
2348 4309
15629 26871
1979 7437
7839 20257
4037 6426
14650 16806
13796 21310
364 11229
18160 28048
20172 23970
3969 11874
15695 27746
10362 21876
10129 24055
12051 27640
12641 24994
21980 23294
16748 18945
16901 23365
9268 14731
3802 20758
20667 21094
14082 25453
11379 18038
17790 24391
15619 23560
4606 15931
4770 17307
1310 27265
406 16410
13096 16787
3786 22636
9293 14331
4061 24005
11347 22247
10839 10871
17244 21407
7835 12612
7741 27052
23409 25361
269 9930
3489 15509
21792 21901
3997 26322
15887 16332
7505 25735
3141 10594
7489 21857
7479 12585
523 3521
5206 8003
7154 19948
8952 12612
15576 22417
3423 12760
7251 22350
11059 16012
5361 17891
8310 10767
9086 9356
15296 17181
1412 8964
18708 19443
18824 23710
6355 20545
17858 22946
21486 23007
16941 26068
8151 23206
4742 10449
6426 21938
12397 21569
1134 16752
11928 22232
14860 24575
16536 25279
1232 14686
3839 20948
1936 8852
19525 21058
6378 14648
7213 12851
850 15592
9223 14443
9430 22072
4320 24122
12798 26659
14442 15332
11641 23432
13031 24376
20362 27867
4556 19847
3378 7956
9575 18115
7488 16177
396 24329
11542 24689
9963 14782
1107 23843
14407 24337
1771 20172
12753 20332
3916 7097
12860 24904
7172 18603
5020 14342
2179 4959
21558 26866
14588 20816
13471 15564
11580 13559
5535 17712
15174 17782
14920 21139
7865 25243
1365 22012
14468 19028
12049 16853
8388 12924
5971 12343
3275 27430
4753 18496
22273 22787
867 21915
15271 24380
9996 18757
23872 28154
22937 24745
481 4974
14464 25269
27 18884
4507 25562
6541 20671
5569 24856
4278 8795
2496 11017
2000 21335
11361 17115
2648 11432
1720 18679
2243 15472
17833 21330
14491 22240
2005 25560
3283 24946
10832 19537
14963 17170
341 9095
3634 9684
15839 24374
9154 17222
18412 25427
8281 18078
15814 16340
5391 23290
4782 23455
20277 25158
14807 19641
904 24061
10560 23454
11634 22605
10075 16947
6550 25869
14771 18704
7288 24955
9080 10784
1049 11637
3038 4574
14666 23672
17501 23075
12934 19972
14767 18708
3761 20958
8944 23365
8340 27493
7695 12341
3478 25528
3491 17291
17963 20937
23707 27508
2463 11473
7610 28056
18259 21790
13018 16806
1019 11080
20677 27790
9479 25765
11559 16478
10598 24315
7491 23387
9521 17049
1313 6668
17739 28240
18218 23384
6794 9779
9560 14724
10372 21815
8457 28272
15843 23635
11193 18361
19454 28065
4954 21577
9119 19350
11047 25321
2454 12639
2061 18249
16887 20232
9388 21803
8212 11011
3440 15232
759 23362
4680 24204
18164 25928
3654 8511
10698 25977
11552 26590
24594 24955
11281 20092
16831 21269
1 22673
3114 13448
12581 24716
3122 12985
16999 23216
2814 25976
6275 8075
14814 20880
3307 11485
9976 11300
6517 8575
2373 4318
9479 25035
14402 18760
5913 15418
2436 20744
8948 20211
21692 25959
18594 23719
953 23369
13755 19247
19445 23605
13786 23665
396 11107
8025 9813
11987 26907
16910 19979
11034 20775
4399 16734
7915 24655
24352 24862
24955 26700
1878 21649
13927 15357
2984 19893
1309 7628
15335 21201
22240 22897
48 9343
13776 26986
8872 18824
9896 22231
21952 23429
8801 21473
15094 19735
5605 18182
9296 23608
12287 20258
13802 27788
2925 16314
9575 21118
1927 21248
24157 24198
501 24656
1209 4595
11080 18354
1606 18128
5068 25451
115 2677
425 8999
543 25838
495 20891
19140 22925
11372 22983
9296 18853
5722 5894
1117 26405
9042 16026
6289 27274
10487 11963
15318 21798
334 14254
5296 22768
14518 15940
797 20502
974 19242
19863 24208
11262 19183
10208 21919
1239 1772
5160 7956
19053 27762
1254 24549
1685 5042
2787 24598
7451 19619
16209 25975
2320 12307
1284 10333
1753 24829
3318 24879
15733 25826
9579 14033
1823 7734
9776 26986
6876 18547
5262 5947
20479 23994
700 18963
7910 8657
14264 16534
406 27819
13343 15531
8751 21470
9864 20781
9007 9993
731 4781
2213 22947
425 6072
5204 11295
16605 27318
1590 9414
5787 6879
709 16890
18799 21449
9884 13097
6917 17787
5643 24157
4141 9254
18172 21118
7927 14781
4711 17833
1050 12641
718 11795
23062 27288
1349 12262
4118 11657
5485 22028
1 2211
5989 16428
9663 23576
12355 14727
293 4986
1934 2120
220 4237
3023 22227
7289 24939
12230 16437
6222 14464
8938 11507
4918 15047
17176 26077
17166 18921
15211 17073
7091 20304
2368 12954
1814 24638
9518 18819
7080 25927
4216 23411
4314 10578
17530 26313
9218 26604
21994 24351
20279 23267
13710 17606
7005 24883
11748 20225
8333 24806
18464 24188
2961 25343
12871 22701
2722 16425
8290 16532
5332 11610
22322 27582
12147 19891
16375 20206
18711 24138
21328 24354
11987 16756
16297 26194
2759 2869
18823 19639
7166 10303
5284 22457
19741 24886
10161 18787
6408 21010
8075 12587
3432 21016
1259 5776
8384 24783
2997 25428
1706 24096
753 15209
18867 27393
15478 18254
16369 25564
4218 22837
679 4953
606 16550
22983 27040
2883 24698
27111 27522
2060 7033
393 9296
1029 20394
6931 11729
7541 15966
5181 9884
13329 23821
8788 22236
9869 23647
16201 23108
10937 14703
1182 25559
5864 12109
2905 23848
13556 25559
8982 11326
22052 23612
7555 26956
21207 24371
509 10197
9252 17762
1519 24726
10920 25759
7390 17842
15921 23662
1948 22278
6497 19115
4930 12139
11770 17521
18180 25197
2204 15747
8383 26402
3734 19943
6699 25464
11034 17649
4149 23033
18670 27094
8951 22091
8510 9638
8104 20725
14014 26546
1499 4597
11572 23375
1129 17309
12032 19747
14989 28176
792 16702
6939 7724
16463 22141
17383 20667
558 22623
703 24906
7497 12890
10075 26675
7497 25699
25729 26093
3997 5857
1200 1593
14209 27312
21918 27819
5481 23573
11701 20417
11484 27381
10287 16984
3805 16429
824 25978
4623 9843
23474 24405
3198 27030
1762 15236
9895 16103
14604 16878
354 22842
494 28193
9614 15735
8150 8753
723 12975
3338 20366
4980 20376
7441 8921
6042 10497
4676 25704
11369 19139
18591 27117
17341 27042
17592 25468
10402 16490
6103 25666
1085 9185
1278 1361
14129 22046
10768 28206
12114 17561
1270 17337
10798 13910
722 24539
3394 4075
21113 21293
13557 18448
12289 24609
292 7290
11096 14611
4693 5595
2139 17033
26179 28211
5162 19979
1734 22011
8075 21047
140 18280
6382 20947
12437 22020
7505 20518
6618 14791
2827 18848
3447 3932
8720 10619
14695 24098
3882 6144
21688 24005
4009 18521
8282 14950
16184 26476
9517 23947
6891 9847
17739 26978
9582 24147
949 9349
4885 24774
8858 11621
16877 27752
9788 17757
4646 9146
396 9106
3720 15297
3186 26033
2160 20974
14167 27208
2247 6244
16629 26053
19298 27113
3287 10462
17303 22904
300 6377
14892 25009
23899 24847
17258 23979
5516 20747
19484 21808
17114 25377
7136 24769
11144 22022
17158 18002
481 14583
2596 23657
24419 26811
14287 25588
3326 26284
596 3121
7019 20503
4026 17250
14707 17712
13736 18777
5238 23756
11682 14803
18489 19672
8394 22321
11847 13780
3954 22799
1216 26137
26142 27002
1349 14609
13242 24277
6814 11697
19793 27221
3101 13495
3598 4178
10054 19813
9732 14269
6801 24068
14652 20511
2548 9823
5403 22251
12552 22427
12730 25158
8633 21218
8577 22897
12479 18178
15727 21115
429 11928
16821 24456
1457 25835
1165 9572
6756 16162
6381 10839
3300 7205
2526 4282
12395 13937
2414 17333
1689 7677
8855 14104
16901 24451
16373 26935
20274 25618
6065 23872
3989 11322
523 15084
1840 26061
9937 21055
9438 24602
6242 12882
17214 24263
210 24617
8478 17310
7478 25735
3463 27221
7758 11975
18374 26552
16084 17054
16026 22607
14380 16117
13856 17722
12994 18708
2438 10347
188 26113
11039 14344
2712 14180
4046 6405
3080 19510
1379 25061
7141 15426
7074 16940
4454 15610
1894 2679
1541 17543
9472 19887
3038 16359
3472 9553
3873 12614
1045 14772
4639 14606
6759 13328
8509 9934
9825 26387
4336 22822
2325 24467
3575 7821
7587 14169
2341 7809
14611 25157
1015 12444
21319 21333
4607 16584
6808 11197
11261 11443
7624 13106
8217 23115
3882 10906
10767 22548
24551 24719
7869 18952
1656 8174
1158 11880
6966 13604
1925 17024
4700 16664
8730 25990
3712 19510
1274 8434
6830 14782
2106 13288
10384 27352
2157 7984
1686 25414
5949 12941
11444 19548
20687 21886
24326 28089
1978 2288
1757 1769
1809 15290
14508 25735
17033 19688
5048 19095
15216 28024
10085 15072
12076 28203
2954 16449
12426 24241
10160 27195
11255 27418
6565 9013
4929 16984
4557 16656
495 6177
10889 24594
23277 24444
2617 21267
13178 18457
14957 17353
8579 16184
3825 14873
9631 21139
1785 24979
19917 23038
3683 5421
974 22024
11709 20171
6482 25976
18370 25482
8295 15528
9038 22229
4859 4926
3617 19086
10215 14662
825 11636
17756 19564
134 4722
14024 18425
2664 14103
8160 18713
16907 23703
11991 12270
5719 17056
14952 23034
2028 21423
8075 14034
16333 23437
7758 17135
13373 19639
21000 25090
8155 11480
7144 14657
394 9481
8070 14462
9477 25693
5989 23454
15676 24138
9590 13606
2708 8575
5403 7003
22579 25525
24672 25062
24 21525
7439 13564
17696 22457
20310 24492
262 7830
11289 20003
5485 15201
20448 23761
7479 14643
14263 22416
5003 26704
2365 4394
8816 20258
1223 13091
3559 23244
17748 20778
23340 23822
2944 21123
2627 15377
8615 10160
13744 14997
8255 22796
9863 19118
3186 11606
1852 15666
6573 13787
16289 24823
6603 24258
9260 14072
18925 21534
4191 25344
14969 19861
24156 25740
107 26804
396 20081
10495 14958
9369 23061
6553 17450
485 14672
3197 15470
4475 8230
6503 19899
9720 20754
872 27092
1730 7607
3944 20352
15493 26948
19531 27054
2758 6089
1178 13150
4087 7997
25184 25956
4350 8511
10612 23560
1211 11801
11997 27821
1275 16865
2536 19189
20222 23983
6832 22965
3816 14513
9487 18938
12696 27016
1848 25009
425 15019
4720 12965
1589 8438
9871 25088
21260 22659
13059 25910
7320 27296
2787 12361
1750 13787
758 4089
12733 16554
7415 22606
2518 14024
10638 23390
2154 25185
10387 19375
630 7824
16588 16790
11363 22010
477 27721
4606 25327
17684 21794
20848 23295
8925 25657
6778 16152
7889 12068
6840 8955
25412 27514
1882 17509
9993 25035
8690 26601
22841 25602
10161 15661
8493 8957
2728 26580
18391 18618
17433 24949
4111 25676
12549 26115
25307 27419
16961 22033
5989 14657
5168 27815
7374 18833
119 16152
14076 15435
17717 24062
22746 26258
4440 16862
21470 27458
2075 3530
6370 10450
4024 8457
23219 24427
7222 19538
1581 18552
10708 26248
8057 18919
2260 8921
3231 6832
8169 18708
15072 26940
27013 28029
2132 9843
2721 26240
7136 15812
6939 8924
3355 18622
443 22866
13577 21438
21193 24326
7531 22777
7381 14144
11804 18334
11151 14736
11696 26528
5350 24806
18787 21849
111 7091
7937 21168
3145 18617
11078 22833
13301 26147
12501 18457
7997 15984
2427 21083
12991 25966
13679 24465
14589 18788
16323 17427
10619 15344
10490 16867
13221 19714
5861 13212
10582 24566
8488 12218
8677 16559
4789 12164
7573 15063
21113 26153
4387 14517
4392 7129
17442 20692
8959 18412
5864 6661
2988 8357
9869 27016
9900 16955
3886 18589
8043 10610
20502 26088
909 20993
18690 27684
11648 16987
14531 25287
6188 13232
10456 11858
630 20929
2339 5991
22396 24904
7285 10113
3420 13317
17696 24976
7523 15741
19790 19846
9536 23525
10166 20299
10200 12664
2396 24504
5707 18625
8150 9127
2058 15628
20123 21605
15740 18921
7027 18114
2342 14530
12402 23767
943 8939
5907 20054
4199 19261
18354 19275
11164 27004
10446 16407
10592 26681
4517 22181
23665 24451
22453 24600
2132 22578
7400 11124
6703 12236
11451 12984
14228 27129
12517 21404
8087 24810
6591 21696
396 26034
7668 14589
10619 13464
12836 19782
7154 16460
5210 20532
1052 17473
7023 12947
6841 10302
6709 14456
7867 7919
6130 8615
6177 19494
10232 26289
23548 23983
11544 17877
6618 13225
7989 18601
20371 21295
12089 13601
9465 25986
14753 23997
3758 15633
19343 24180
14572 25542
9572 11880
1419 1702
21796 28042
15118 26043
2236 17552
7478 14971
10166 23914
1091 8208
12339 22147
3414 11368
4081 14464
8536 15056
5057 17182
13542 23196
1321 26319
25433 27152
10023 16116
11675 22879
7498 18135
1488 23531
1848 10152
22020 26469
1878 11462
25056 27970
1117 11348
17787 23254
9524 24530
9654 24274
2235 21873
5626 18039
20046 23395
17469 21021
25012 27759
6116 17813
18679 23792
14479 25906
20084 24551
1985 20567
8478 18425
23361 23911
20092 22423
3154 8478
18720 23844
727 22865
6745 20836
2373 20700
7768 9906
4316 18811
6763 8751
13166 19008
6754 21995
6754 19746
300 7965
5266 24127
8931 17905
10048 26168
28051 28179
8920 23672
13299 26795
17963 21726
14891 19971
18155 23379
16138 19721
20008 20280
1370 23366
16905 18891
5932 19139
11193 14534
16643 22409
23553 26807
4507 13090
5047 12045
10921 15693
16033 25774
17561 18374
17584 22155
970 1517
1628 20480
23776 25410
1568 25886
2636 15939
3679 8679
17020 17742
17823 19732
20752 27883
1101 1487
11892 14829
5330 27596
610 20245
27769 28141
5737 25483
12109 20917
770 18463
11659 26294
24824 25623
6333 8382
6687 23249
1358 18883
19275 25276
3399 9235
9333 16435
18679 27596
2615 25833
835 3773
3728 21387
7961 8280
23198 26992
5609 20552
4272 17399
6305 7685
7375 14657
7107 8314
13595 24681
23315 25699
15493 21080
773 9057
17644 23083
14017 26038
16564 23966
1884 25810
10344 11755
14697 25157
8707 16905
14364 27420
3121 7900
10839 17926
17795 19480
5451 12314
20109 24828
327 3666
13335 18454
15360 22214
2716 22966
15936 21790
20600 23034
20950 23372
1936 3997
3728 13828
3287 25829
2988 19526
8707 16643
13444 23796
5082 6099
6480 24061
23273 27681
1834 11543
8152 23319
6846 18216
1537 10786
3894 7907
9371 21396
8711 21578
9347 19748
19223 26567
9255 12558
3131 10643
11922 17011
17214 22183
11734 22443
4823 27004
13985 24195
3058 7031
6601 9847
11047 16867
16866 25507
3483 3592
2735 25559
15687 26273
17394 27830
13663 23848
10588 23749
8787 27204
19567 24403
3086 9574
4574 15284
7069 23609
1171 4325
12562 23392
16301 24869
2604 14072
9984 17782
1889 10860
9709 18251
12556 27569
12283 24325
1613 6155
7921 10746
18952 20747
7002 27503
8924 26758
22934 24580
10119 21423
1614 22782
1529 24947
20639 27197
3998 21036
4712 7847
4282 20633
8806 16276
5600 6426
3354 14549
6210 25711
22123 25773
20171 24122
21024 21079
6771 11113
14555 14841
4646 13658
2639 20793
9814 10953
163 13603
1397 2447
9438 13346
14421 20944
19982 24589
20299 21157
8040 23806
2929 8068
8096 24886
973 14713
13761 26431
177 27686
9680 18457
3882 12035
7471 21291
10368 20739
15955 20855
24425 26061
11417 21422
11818 14766
19768 27514
4039 17530
128 9395
31 2562
1306 10874
529 6412
6646 21899
11243 20061
13516 27157
8669 16157
1067 28178
15717 16584
21456 24823
19703 20594
2532 13456
15614 21778
2339 23619
9404 25966
13316 22210
6842 16245
10290 26962
2631 10325
14857 17532
7328 14588
4997 15624
1858 7180
12200 14660
11381 26794
22180 22984
7768 11992
8852 14024
17986 18056
13025 23377
7757 7990
1057 5832
5658 11973
16358 18422
2351 12429
8166 28253
4581 6888
16867 19513
21554 22905
1810 17125
7348 22283
2720 12024
10104 16330
3041 9833
8772 16349
251 18097
9296 16103
17194 23249
22203 22493
22965 26717
7467 13841
3940 19717
10647 20239
21516 26361
14500 20610
874 13808
9859 27731
19421 20980
9258 12069
4291 16673
2270 18014
13535 27265
15091 23578
2157 8151
3287 7497
19939 22910
1930 16034
4712 9137
7137 26546
6783 15077
1113 5185
5099 20435
17100 22463
13912 26742
9969 18507
6363 8160
17109 23205
12126 19646
17504 22783
20475 22550
3563 4581
2280 4802
24426 25509
14437 20006
12056 22688
5943 14407
3452 23194
17603 24939
24211 25329
22570 27584
2341 5323
855 16787
8325 15211
7193 14110
19169 25550
2369 14576
2160 8040
20626 23963
17963 28012
11026 12929
360 7835
22379 24830
5269 23584
6702 20006
11417 16321
88 26113
7390 11447
13447 25454
1562 21881
19005 22448
18352 25504
230 24208
17813 17907
10952 12315
17695 27412
6427 12545
8990 17057
1144 20556
16261 23437
8690 21113
5498 12577
8939 9704
881 17172
3949 23146
558 943
5244 22572
5440 8366
5702 24419
9709 25653
2518 11216
13073 22634
1502 10787
12769 15847
9636 17137
5104 11102
7431 15523
5454 9420
23421 23798
1789 25125
14680 22912
10714 21725
15883 25366
12154 18667
1657 5434
15063 15915
8220 23863
10118 12164
16701 21835
23269 26958
8424 12989
10681 26467
11665 23997
14241 22771
8033 18665
16954 22350
9893 26939
9563 21058
3885 14468
9566 11162
15193 25395
2438 4806
1400 2906
12001 26393
7033 14722
4248 16509
3965 10863
1921 10182
6444 12944
828 22771
1011 16750
6300 24288
25327 25617
13182 27218
12513 18614
20180 23008
21815 25484
3890 28157
5802 17352
7741 14433
1864 7288
14481 22095
15426 15442
4819 24699
24122 26340
12436 13841
19120 25399
4386 17977
16901 21385
8683 21286
1669 19190
7639 8586
9084 10490
4274 17819
935 6249
8160 22851
6832 14139
8894 12435
8348 22254
27768 27823
18232 18670
13421 16679
5798 13351
5583 21293
13428 16972
21835 23059
4414 21380
7612 24603
3951 6390
5996 22020
20257 20539
7290 15244
7162 9682
17408 25283
20258 23608
4496 22193
17963 18353
16274 18265
3154 12551
20849 24601
11418 20716
18619 24869
17482 19990
15706 16640
19710 22799
714 22713
7391 26924
24219 25397
15792 26773
8596 21199
13575 23955
14746 18669
4552 8779
17102 22278
17404 17977
16014 18018
867 3726
6008 7614
5588 13493
15410 17364
22210 27517
8054 22143
15187 20558
9652 27664
2707 25956
5379 23866
16351 24062
1257 27087
6517 19019
1091 18712
107 13650
14995 25443
19030 19133
9999 12760
14633 20053
5263 17509
2163 15551
865 26058
5691 20155
9250 13367
2037 2764
5852 27942
957 26700
18351 18799
18893 23661
18457 19504
4878 4936
4009 9441
1925 24206
9607 27747
12304 26087
10684 16863
4218 17249
13168 14753
16916 26107
10111 15344
1197 3462
441 12008
5913 27790
6972 16369
3788 22209
5901 6894
18761 27180
14440 25381
4109 17782
10442 20434
5989 27013
2254 13707
3101 3765
15017 24172
10012 25769
16480 22156
4418 12244
4640 15468
12203 12747
18520 27052
2236 20968
8114 20998
6752 11246
10297 28238
406 20258
17961 24843
10460 20312
4151 4269
396 7758
5458 18905
5676 6965
8298 19479
2180 2677
2103 25109
10249 18567
8690 24703
4282 26493
10942 19133
19474 22236
346 23980
6763 11746
4179 10660
3625 3859
17469 19891
749 12496
20230 22273
4683 17209
3419 7195
10734 24112
6493 26347
7846 21577
9281 10845
13874 26869
787 19375
6601 23083
8265 18576
3142 14908
16496 26729
6940 24184
6415 18533
8292 23422
6620 8443
369 14995
280 12440
8656 17047
8741 11658
20834 22207
9053 22421
2435 8730
6793 7135
1019 6215
13765 18495
6300 14878
6656 22425
3463 15286
695 27328
23 20108
2958 11416
20406 27726
4617 10753
4946 13970
12927 23696
3275 12945
6765 11963
23141 23963
8540 22559
26319 26826
15164 16900
6351 21491
4167 24904
16928 20354
3206 15245
1075 7743
4947 18450
3059 8377
4720 15659
1155 5267
9323 16289
922 6067
7900 15089
19206 21338
7979 18808
8081 18559
19956 23637
13091 24069
23997 26069
2029 12066
6244 18870
3789 19867
2423 24217
2510 21079
13347 25064
17338 25658
3903 11080
7843 23798
1126 3987
2503 27829
16922 26786
6746 11961
19995 20635
2185 15344
21884 24412
7885 17963
2648 4102
13029 23608
12093 21380
10326 22620
3753 4101
2212 20532
9410 19253
4791 7375
18320 18775
12042 17896
1697 23145
5900 9699
14370 18454
626 8750
12689 27651
3932 15401
12049 14306
10828 19081
19086 21341
406 3526
9492 19040
1882 18684
544 27005
7403 24024
18669 21078
4199 18982
5401 5509
9766 11904
2516 22255
5327 18679
14745 17075
11603 25806
2455 9403
7746 10161
17830 21252
16547 20300
12689 24072
15713 22379
6714 6862
2984 16900
16008 23603
4274 27085
8048 25306
16184 23422
1030 16923
249 2421
3972 21683
13364 21887
13802 21605
12383 17097
4274 14390
21079 28194
18224 18251
4456 7969
11105 25302
495 5327
8282 24721
7332 20782
1996 4642
8349 10924
10863 18415
1966 14021
1658 24267
16318 20504
3966 18944
7557 20108
4964 5075
3379 14695
1876 6951
2129 18674
14209 27449
17178 18121
200 19935
927 13196
4853 12462
13298 15297
2474 4302
134 19313
12484 24490
666 1495
8467 24640
7086 23374
606 9730
17390 19172
1223 23433
22043 23696
11193 14109
4766 24683
20081 24749
4191 4421
23269 25174
19483 21232
354 19868
12097 13505
3916 24467
15872 16152
711 18403
10333 18434
10495 18041
10837 11701
1139 4026
3585 23701
1129 9176
1721 19275
11916 14244
17403 23945
2656 13597
581 20046
10036 22901
10239 22356
13282 26077
505 14677
3319 4469
13142 27514
16617 19725
14784 23033
12566 19033
2863 13652
4356 7420
498 4806
10381 28167
7825 22461
5620 19721
15832 23764
5500 22619
6797 7452
2648 26391
710 27821
413 17017
11814 25822
2015 15286
4162 15493
13896 24271
8343 16984
586 14233
25981 26807
10432 19331
15883 22481
11199 24405
5089 11047
2679 10236
4004 24244
1567 22403
12066 19448
5112 14555
15749 21639
448 14872
12865 15829
1320 22541
16566 19340
12922 25923
11679 11688
4085 13373
8734 11226
19270 21602
11953 27016
1446 20065
4414 4476
14473 18230
1181 3737
197 896
4411 14437
6222 10549
13272 13851
19835 24199
2215 12006
10298 24005
14244 25214
1858 14258
4024 7997
17743 20008
14586 25748
13830 24651
19780 21409
167 9431
9247 22067
5168 9558
7086 9260
17630 24017
10952 18934
10961 25301
5292 24789
16480 26162
13116 20079
854 17086
3952 27318
568 16421
18760 27576
9849 23422
18777 20623
11218 23890
22819 25097
2067 24057
6463 9702
6770 23710
21172 24914
584 25960
4785 23502
3354 5244
13987 27104
581 11953
2381 13778
11475 17495
9421 10475
8726 19663
8802 20046
18660 26731
12212 23987
5852 25708
5398 7982
5196 27221
2213 22598
10597 20519
4030 19712
8837 13920
11630 18408
12357 14452
21079 22210
4642 26024
7358 27650
17031 21000
15870 18015
10833 12270
2943 26397
6261 24904
10720 20947
14345 19565
11973 27800
21955 24393
24933 26738
9944 10741
1770 15341
7987 10876
15766 21061
17737 26783
14513 25591
12452 28115
18777 22466
4515 17981
11430 16673
8282 16429
6669 9687
15432 17599
5504 25128
2182 17167
23609 23896
10678 17656
4132 27058
15370 24133
8830 11128
8129 22471
22536 22805
16911 24659
6888 11080
10779 25302
4248 16879
7419 26601
3410 11795
7368 27116
19051 23781
7289 21523
11842 19112
5876 15327
13707 14393
8408 19495
9098 24521
5766 13555
2283 10029
8841 10114
15330 27872
5832 27972
13203 27659
6142 16599
11356 16245
1699 15997
9950 11599
425 20016
18565 25863
2569 22340
8536 9851
1020 8903
60 23309
1292 25829
22310 24885
5832 6670
3545 24275
1404 18939
14630 19177
749 19237
3588 5123
5437 27823
25327 25754
179 18099
1551 20525
490 16987
487 580
3592 22579
9795 23272
20975 23151
13404 18749
2037 26447
3887 24829
17546 18707
9528 14771
345 5505
19130 24393
3927 13617
15446 15619
21766 24392
6097 25572
14695 18689
21235 25028
702 26764
14837 24836
17792 25312
12763 19885
1797 15868
3828 18507
2093 3638
3666 10651
2823 11295
5189 23392
8592 11813
5091 19494
3296 17923
6288 13073
4725 13192
1170 8188
2130 21696
18944 23083
19622 23605
5204 12001
8924 13422
7467 22004
11933 23086
3780 22012
3357 25817
7185 16106
10971 20053
664 9569
20188 23436
4732 26418
9005 21633
341 26587
11544 18291
23410 24061
16457 26484
19691 22461
7813 10711
874 22759
1843 4109
443 5153
19394 26364
16812 20258
1341 4068
16900 17397
20129 24895
15754 23068
22239 22956
3010 13591
505 26546
6215 20742
25522 28201
22834 23496
12439 12746
6696 17017
7534 20008
4831 14627
21435 26892
11335 20937
7626 19061
8031 16072
19445 27474
2959 22542
8507 27035
25829 27756
12672 27034
8720 9950
18116 19728
4552 15957
12101 13556
21343 21638
11180 23754
23547 26525
3856 21446
1936 28263
11580 16955
8891 16487
3069 5158
3482 26045
5239 9298
180 3300
18398 27775
18679 27821
1762 14585
12311 23376
5071 14560
2491 14665
10526 28146
3810 17214
18475 21864
4256 19566
18831 21377
697 3439
15512 25730
10552 19947
5607 12043
11807 18265
24415 27746
9983 20869
594 23547
4571 6957
5082 19130
7085 23157
17941 25956
12291 20245
13180 17014
3638 10023
8151 26031
11790 17742
7798 17556
12956 16386
850 12994
2003 7540
12120 25547
11783 19447
800 23635
2410 2937
218 8358
17585 21824
569 20127
4959 24201
27844 28028
10501 10839
20599 22617
23650 27261
3329 4255
3841 24811
13485 14024
569 22810
3788 13681
10274 27281
6255 27013
2454 14002
23312 24876
582 16794
11725 12506
18524 22295
120 25501
6878 14513
9799 27795
7926 17791
8900 22008
7959 24169
10067 15845
15335 16527
22518 22830
7152 7555
22520 26164
2556 12405
1306 20621
6333 14176
20611 23600
20994 22389
12696 25740
912 24495
6578 10483
15384 23391
1571 26440
10585 18051
17399 17618
5258 7758
14753 24279
4302 26717
15074 16378
5907 13810
5365 25013
15893 21364
9869 26201
11580 14181
2329 16369
11804 17676
11011 23721
12614 19081
7772 13515
15123 23369
8711 25647
4081 15930
9896 26457
3357 9253
7523 8247
13681 27746
16957 18346
12855 26743
7523 11905
6065 18985
17022 24232
2259 8536
10114 16986
24950 27646
9055 13412
344 19779
2955 5831
3113 26916
7387 24485
23168 25066
2047 20656
8908 21094
88 21245
13332 26728
11725 26253
4949 8798
5144 24053
5681 20299
5747 7419
7254 28214
5155 22894
3329 6560
3375 27691
22283 23075
11216 17965
14471 19107
3856 5725
10982 19601
5224 15452
176 5979
14803 27770
3804 20854
809 17843
16629 24415
16588 25306
8649 22290
17224 21006
10487 16986
4332 14635
4697 9321
16725 22865
6727 14902
6871 22106
9616 21955
17406 22425
2746 24467
11337 19947
9215 19015
2124 9005
9067 27432
9800 20645
18777 21483
7323 15108
12963 26476
5496 26539
3522 10727
7033 10178
24177 27052
2030 19081
9109 24152
17938 25810
24040 24591
1878 3254
5286 22008
7003 26546
1574 26167
9774 27766
4586 4768
8054 14731
400 14111
11766 22548
2093 18993
17044 20145
17422 17592
8791 18811
8880 10284
12883 23034
4003 4122
5584 6270
3638 17735
1817 1884
3063 24576
2206 25039
21821 26554
16308 21753
12462 15090
20664 26095
1085 1579
3030 12089
465 14953
6065 13293
9362 14714
3019 23665
396 3576
21094 21638
17307 19325
11049 12082
6545 25261
9001 17338
2824 3846
14553 27953
1852 5827
1103 10282
2715 8834
2296 12278
6832 11250
12328 22704
6931 12533
9405 15536
8082 19008
8134 23104
19625 26838
19384 22836
10971 11030
8368 14771
21950 26186
5979 13970
15711 21458
20799 26607
7879 9591
1008 9720
2102 12722
4116 21483
6830 28128
1804 10952
4109 22473
405 17584
2687 10653
14881 27709
9312 14588
4332 25219
4836 12288
18573 20578
17166 25409
11831 24378
8150 12413
5852 25067
2303 3101
13492 22453
19010 22227
11618 12210
3634 20661
7985 27655
9124 9784
1888 18034
1925 8764
19623 25907
11022 20737
4479 11052
3018 3146
3483 23588
11683 28063
18002 27243
7953 23689
842 15910
5528 6528
9913 10873
340 396
20791 22491
18823 24830
17487 18553
10400 24325
5698 10618
4026 9649
6264 18541
4870 4902
9616 26613
7480 25517
400 16277
424 26074
9084 16867
12055 17258
3287 23509
16299 23509
11880 12194
6868 26010
2295 4962
5566 8140
5006 15914
1936 18736
16197 21462
19005 19432
1412 10560
15149 28175
1415 16065
3287 10205
11483 27562
19322 26929
23679 23932
10307 19423
26168 27805
16431 24487
9909 26076
3859 8246
22349 24056
3395 9137
8416 10318
3446 22456
10473 18824
7635 25054
12397 23442
7949 25782
1519 10660
5500 24800
7357 12091
312 14380
8542 20398
23099 27879
6017 17246
17613 24309
7338 26053
12554 22905
8451 14133
8487 14681
6158 6573
7392 23822
18080 19420
2369 19354
1091 6255
16895 18430
6831 14264
7002 24296
13016 17304
23140 25977
4720 12260
4749 26151
4573 5102
4791 6126
12512 25206
12792 25607
20324 27815
10193 19947
5832 27399
13221 19951
19219 24820
3919 7089
12635 17013
5883 12026
9683 14771
664 24660
9851 14954
16319 22686
9214 14113
10767 24950
5321 26733
3654 21048
16126 22172
1642 15452
2576 25644
3039 11785
15985 16964
16855 19753
1510 27689
20258 24830
9829 22049
17758 28247
17702 25227
7665 10618
4507 21374
12830 13864
2677 3915
1670 27279
17923 25987
505 13970
1321 19835
1181 8192
11916 16369
14194 25173
6707 24490
11962 15622
8417 25677
10935 16338
3967 6587
1694 25478
2686 25453
20586 21446
3296 16619
21694 23267
10930 21119
4802 21798
14633 24503
4135 8860
14090 20148
6512 17936
5071 22267
11295 25986
5301 14016
5841 22227
11766 21584
2714 8368
9022 19990
2797 11154
406 13212
1913 21831
16188 16697
12139 18351
57 14871
19673 26974
5114 12278
6943 8730
2721 24502
2126 26594
797 5618
1349 15363
20081 25039
3269 16277
19611 23369
4990 6295
681 19576
9547 11872
1142 7158
17559 17992
2928 12651
3663 10023
991 5397
5601 15996
7420 20642
28 5070
5684 8985
11347 19509
18795 21010
14129 22416
12371 26128
17831 18819
8826 18712
16767 20043
15155 27263
6994 20288
17756 22707
5600 11944
1788 2996
11428 24393
9873 21492
14711 21497
9509 10342
598 27032
584 7881
23833 24321
16567 19408
3204 5451
17432 24652
2869 16475
25154 25402
6594 21194
6395 21085
3587 21387
13181 21855
5671 6426
16868 17254
26363 26892
8380 9182
17630 24280
19909 24947
2180 11075
485 6914
2369 24195
7577 17543
15090 20140
19902 28084
3634 18472
6009 26735
11985 19025
17003 25500
4321 17568
400 8403
5146 7727
8275 25918
8357 23360
14288 21050
1392 13085
8465 20586
1322 26131
353 485
5528 21798
21473 27819
15429 23857
3834 12102
17 871
11913 12773
10956 19289
3613 14640
16028 16467
1468 11826
8652 11409
8208 10729
4367 21146
2118 17785
6806 19503
8100 17434
17445 18336
414 14101
7086 27642
10215 21126
1177 2631
2937 20046
2112 5150
16477 24941
9638 22548
4274 18721
6591 23631
18408 28275
8516 15770
6267 23365
13978 18160
11344 24783
5607 15296
1706 12779
6737 26077
13935 21436
2583 9919
7142 24943
19061 27129
7827 7927
7550 15161
14942 19656
12485 16963
22446 26978
20486 28007
14040 25247
7416 20831
12707 13353
16393 26610
7505 7950
3154 10371
7589 27719
155 5850
7241 18314
1925 12040
4918 6058
11251 23619
13960 20032
5606 8799
5249 18478
1482 2533
855 13683
23674 24007
13115 17273
973 4737
17798 26892
3882 26674
12936 25757
10189 13789
9038 9197
3139 16962
3389 16987
3764 18861
583 17197
4237 8956
8734 17203
4967 25083
4891 10091
340 14242
20452 23711
16478 20200
16437 25716
18240 22411
8361 27501
2545 22695
11463 24275
16766 21442
22 2261
5263 12887
2031 22445
8554 14192
4933 20760
8924 13402
1782 5959
27374 27716
13358 19741
12948 15214
7111 9905
19662 19733
264 20467
9523 21882
13491 26171
13848 18464
2556 25610
2958 19140
8875 10466
10437 16827
3609 22787
14055 15916
6801 27756
21277 26053
18297 24766
170 10767
10451 23267
1810 9479
8735 22796
5377 9878
14969 17568
11449 17857
10242 27279
8049 18384
836 16922
20162 22425
5565 19015
16464 20986
9523 13932
6517 24224
15634 16591
20504 21257
4902 25652
11527 16990
4827 15701
129 1292
26404 28094
4721 17377
12874 16814
19569 27198
8385 18317
3666 15470
17839 24061
16288 19247
4329 27678
13008 16035
17295 23984
4565 17701
2702 12817
16542 17149
448 2291
4985 8188
1754 13305
14942 22581
6011 24806
1299 23296
3896 8396
23643 27782
3769 8679
7205 23721
12921 17947
4955 9250
2788 10935
6449 17356
20100 21249
16625 26786
14060 19742
2709 4038
3961 21766
16955 21823
13915 22340
2550 9055
6863 23210
14608 15629
4188 13877
12715 24453
7773 15425
19180 23656
21079 23719
6139 15369
4288 25215
19033 27152
5445 17836
7413 9563
1600 24693
640 7236
9074 23141
10204 21831
867 15932
7828 24040
5893 13124
20881 27144
589 2880
7099 8669
17310 18419
7721 19206
509 7002
22845 26322
7820 24422
5989 11727
2192 10013
18041 27938
6188 20665
16879 18117
23143 27795
3598 24395
963 12475
2034 5618
1815 25034
6341 8753
16113 25798
10079 11654
14590 20261
6131 28159
3734 11327
6226 13455
1140 13596
11079 22324
21380 24062
861 4244
6586 24862
5609 14033
6057 9446
17251 19224
7939 14555
10280 22446
797 15814
9408 11028
6263 12369
17938 24503
19817 21438
11216 11804
25115 25412
13071 15028
12404 25904
16311 26799
9252 27364
6381 16276
10139 18187
13802 22319
9111 24856
8739 9260
111 10952
828 22734
488 8924
21990 26078
18319 22452
1140 24799
3946 13392
5691 17880
12312 15619
23085 28128
18315 23601
6312 25629
13527 22015
4132 20677
7753 18788
11260 11497
2252 22845
4999 14724
690 3844
4377 5143
22254 23188
10959 18249
1284 18251
3359 6222
10083 15868
9018 23553
18300 27974
17848 25749
9835 10639
1652 3271
18784 22821
8104 11097
12552 14456
9638 26400
17416 18618
4971 20587
21725 21761
9572 15426
4549 13831
11997 25368
418 25895
15031 24241
22205 26077
1979 22436
4999 19143
10800 14997
19601 24971
14167 19576
7571 25690
1008 2449
1680 3650
20391 23104
11612 18078
1959 18369
2247 22799
1824 15611
14874 20455
3311 4507
16880 23932
4758 19617
2373 19937
139 7158
10411 17482
18284 25807
2764 14378
9537 10326
2484 5309
4823 17924
12134 17695
16223 19780
933 8715
14194 25062
5377 24238
4463 8837
9509 24872
7818 13485
1106 21780
3728 22338
24032 24445
2769 26077
25481 27407
494 17583
7297 9226
9243 19289
21813 28183
20744 25344
8357 9488
5091 17590
1695 22331
14751 23086
12056 18721
8407 19934
14561 20361
25144 27292
225 7256
4945 18901
9524 16904
16629 27124
14969 24900
3036 24823
1978 22012
9723 26063
10577 24811
3172 27125
5339 15517
5659 6209
3892 27013
16981 17965
14122 17923
150 7155
2859 11451
3916 12850
13135 20953
6627 15187
107 25165
24221 25301
4260 19081
4793 19033
13820 14088
12260 19254
2379 11059
19516 24510
21906 26506
5913 25409
13789 18712
7857 10364
6020 11026
3734 10652
23078 25838
5284 11495
812 27464
7945 22676
7185 27017
20627 22581
11584 21477
20205 22425
4081 13373
14097 17059
7297 15267
2 26177
499 26438
21577 27155
26875 27301
11543 25508
13807 19140
4321 16718
4708 8414
5126 18117
3987 21479
396 17874
12162 21535
2613 12184
8967 9430
8926 9537
10326 27544
2396 5485
650 15614
2320 14404
2368 4569
7018 19360
6990 13978
1507 3295
2290 17408
1556 18370
13277 25121
106 11795
17391 22491
7134 13383
3629 18172
14777 19640
19847 20086
5870 10012
3872 13827
1719 8153
5978 7728
1482 21209
2130 20875
13534 20959
7464 8223
974 7538
4445 26131
20429 21154
20267 25770
1105 23274
15391 20553
13863 20491
7390 22042
1118 4684
19070 25729
11773 12357
6556 27384
16974 21213
13294 19888
10488 21071
3970 14468
5373 21659
18326 25451
2505 24895
12459 25409
3140 13382
23265 23722
20316 23037
9731 19899
9524 12346
20421 21577
1961 20249
3810 13313
5082 6972
23066 27300
4593 7763
19354 20714
1311 8220
11832 25159
5588 5721
8229 11842
3997 21826
2619 25956
6081 25543
10747 12023
8245 14555
4414 27374
6078 12724
9281 11251
15062 19546
1023 16094
2068 13558
13264 25586
5874 21578
16276 18663
15729 17073
2190 20002
14971 23329
9997 12956
1112 1620
1105 20200
1658 18761
6738 16686
17630 27788
2521 18920
4178 14280
3728 17186
7397 14713
859 17203
7942 15708
6841 11283
16589 19900
1604 2986
9670 20637
2864 7200
8657 23225
15391 15736
8841 15141
9631 13756
10269 15347
22718 22882
16545 25206
327 16963
1926 8100
5305 6429
13540 20028
4274 21682
1820 14527
13272 24539
9583 25962
1023 11368
13033 21577
7885 20367
12356 18744
3825 5267
4979 13718
1266 14998
15676 21438
7101 26721
14867 27764
15610 19717
4146 11465
542 1162
13878 20980
13349 22448
7499 11187
11292 24915
6992 24841
3889 17742
16914 19454
2689 15930
7137 7803
321 15441
3041 26599
23082 27759
1070 16092
9233 17927
9330 21559
2220 5566
8970 22271
9890 12539
4607 20074
6633 18679
5284 12945
6426 16192
7336 10552
7508 24862
18648 26745
15531 19982
5004 20553
2874 7401
9651 24095
24969 27793
5914 14104
12036 16205
1819 5850
13957 24164
2541 9138
21014 27559
6497 9524
6517 10833
14414 23430
1528 26278
6176 8366
4626 27612
8733 22690
14661 24918
1526 10154
13746 15660
17133 18368
2102 2646
21835 24080
4260 9816
8304 18982
406 11590
3488 21079
523 9738
12836 20948
1507 7084
20090 25975
10111 19864
588 24095
877 902
21111 25817
867 7806
9404 22464
12067 24297
5153 24374
7491 20125
10088 19005
5978 15009
11311 18775
10706 23709
6213 22344
9542 20355
5326 12489
487 23721
3598 15705
12252 13443
395 8219
1729 25446
13681 26347
20849 25713
207 27905
16353 21798
21000 26998
5032 5962
15429 26313
21162 21853
8972 10264
5641 21293
1905 8785
3287 4065
8669 18984
874 14908
8930 12892
2244 22182
4422 12889
3666 9560
1229 27790
425 10090
19132 28100
8669 17975
19857 26235
12366 28126
292 11942
2605 20108
2891 17507
13215 15712
12941 25894
11253 12752
5951 23662
8454 20069
1538 7152
10985 14340
5725 19139
10877 23520
12288 17916
8708 27563
5332 27651
3652 17639
14021 18386
7987 26413
10717 14851
7798 20995
12994 16838
10956 16369
10707 24997
4954 7839
10189 10450
11059 17824
4849 6349
9640 28032
2823 16394
21074 25329
9809 26517
23697 26488
14727 23237
7469 23143
8299 25679
10023 14555
15543 21372
5500 18520
8645 12783
16845 22984
8392 8931
1795 9465
12532 15578
7502 27569
5344 13973
1432 27249
904 15784
656 13142
380 17063
1008 1422
8085 9623
20697 25181
12753 27368
4582 17732
185 6182
23605 24165
25079 26547
3186 5783
4429 19523
15986 16360
7160 17772
8085 22678
1 19996
10525 26063
22787 24005
20706 26432
14086 25993
8057 16855
8786 16092
13721 15282
9879 19414
17906 23193
14148 27481
5078 23036
4203 24069
373 4916
10291 26429
2685 17211
16600 22111
3051 19879
6095 18669
3683 11303
11408 22768
16576 20878
21356 26695
6898 8410
5549 27501
1075 13940
13935 24400
11444 18678
16108 19615
17065 19772
230 4245
6077 22231
7735 18998
2491 7375
2815 9365
16766 23786
196 16619
12910 13849
3147 9416
21456 24608
7123 21093
4043 6233
9837 12134
7560 19442
7595 18909
2992 22071
12356 20144
1614 18270
4637 24244
1092 20431
9285 19008
18921 20714
23437 25564
17383 24967
16095 18256
202 14606
5989 9356
7695 17955
1959 7950
23096 24723
11033 27011
16850 24393
20985 25653
22714 28214
6550 8148
2865 11345
2462 23461
2851 27894
20042 28067
6523 14743
2325 10998
6936 21125
16673 23442
18408 21077
1211 23825
7949 17399
3946 8555
6126 8810
7277 13136
14473 24659
25607 25817
8096 14010
15541 22415
10033 23082
5168 27603
2708 15056
16956 27659
7152 20393
3484 26087
873 14163
8954 26260
5596 11912
2230 21252
18571 19667
15317 25096
630 17502
12661 25534
4440 12363
16957 18336
8803 9214
1650 5724
9231 17281
20162 28158
14508 27194
8376 12087
379 18755
4039 7668
12439 13082
2436 25623
22309 24690
92 17259
823 20021
546 15819
5267 14971
17482 18001
20181 24673
3411 24246
20581 21919
9884 21855
11078 12311
13187 17479
2888 7328
1830 24062
5383 13343
1574 16429
705 4331
3287 21653
4743 15657
16124 16910
9837 22104
15611 23041
2187 22892
9696 10888
16289 24104
7099 28194
13134 13195
19896 23143
15993 16835
21202 24165
2295 17695
2387 13864
15094 25810
1023 8775
1086 7950
10894 17311
2210 12069
21636 28211
8075 14991
2954 4974
17050 28158
588 28166
6453 14671
9252 18920
17037 17160
19894 21202
1597 9371
25096 26458
21687 21798
16588 18809
7648 23143
21578 22644
4360 14964
70 20758
6211 22515
321 17757
18993 19639
602 1401
8616 18205
7950 11080
4551 24634
15977 22864
6780 19372
9683 26057
1685 10729
9312 17956
8846 12257
14692 15437
8924 22418
2782 18018
21293 26740
11594 12235
9776 19270
8382 14534
1979 16927
13168 24062
1281 17552
1716 22770
12598 27633
5691 24030
13595 17591
7029 14947
11483 12155
20 14017
7903 21679
22845 26518
10348 19414
3729 23636
22696 25793
18626 27013
7144 25960
3265 4626
50 2003
1692 11657
15402 15542
2677 7213
4828 14833
485 21633
4595 19868
2388 5481
7937 23601
11346 18855
11853 25799
13473 17422
7466 12029
825 24040
812 23106
21855 25647
12649 22238
1717 25116
4205 8715
1230 27060
18721 23361
4012 8575
22785 27271
1762 20727
14778 22382
13367 15729
18999 21149
10502 18724
7443 25131
13374 17907
9980 13058
5697 24857
17836 19557
2150 12927
12006 17438
2893 24875
7631 16494
609 18363
799 16291
4123 12581
4065 11239
9988 24990
9319 10786
5096 15520
15247 18442
4680 8885
346 3689
5307 26284
11562 25048
2277 21202
6699 25348
17353 24904
19819 26503
10114 14390
3651 27410
9228 22848
7232 17757
4216 27237
4018 15009
899 13980
19965 21762
2527 27150
16026 27221
1525 5502
8875 24636
1878 18823
7478 19004
11179 13016
3946 10653
1239 1399
5336 22575
3192 17236
825 18452
5571 10369
16901 17489
1024 4940
2446 13789
20504 25206
301 24412
9834 16901
16785 18312
312 27756
18669 20367
14989 17310
3041 11032
1178 5070
16413 22721
2803 3330
11848 24997
9012 21006
382 20345
2067 18315
4181 25803
767 12564
14010 24825
3511 24062
7620 19073
4463 21949
4804 13555
6773 13978
20007 22756
3331 10880
12369 20069
17067 26978
13752 20197
8646 17870
10248 16329
1787 9272
10884 11093
11133 21809
23809 25699
8075 12909
5660 22691
676 27085
2636 14999
14280 24438
10800 25560
20541 22021
1786 15592
12927 22441
8274 20340
8157 14432
12020 19275
25911 27024
7401 16276
2785 11184
3231 19871
12606 24900
10125 26752
21646 25710
5865 25289
17050 27949
1033 22404
3967 10495
1181 25820
17630 21353
7108 25291
7346 8122
1801 5711
9214 27042
24005 27943
6609 21789
4650 28217
9208 22663
13313 26193
3593 11635
4859 21938
4101 5262
14534 23573
14689 16232
4117 4654
4867 13444
128 25165
2991 22095
3931 10886
280 10687
13947 26483
20499 23463
14094 24406
18131 20703
23932 26233
175 7747
12969 17900
2215 25854
1358 6996
13230 23807
600 9803
2596 26390
14496 19563
10408 25978
16117 20758
9847 15291
670 18886
545 10551
7076 26931
1026 10244
2044 13171
21029 21809
3634 26724
3372 26584
5782 11647
8770 16679
12495 17847
13148 16727
21426 24251
8675 13634
12399 12956
5961 7351
22732 25557
5647 24586
16467 19162
20282 22857
580 26559
13202 16905
18190 20131
6881 7850
19045 27393
6649 17160
19748 23806
1266 14021
10598 25165
2111 23062
3608 11937
11218 21638
22118 22390
8048 16957
4693 10612
4581 23450
15874 20418
6154 9615
16825 20659
34 19926
10727 24090
2938 15541
13363 21722
6704 19704
14744 15836
14309 27382
3873 27191
13480 19029
12900 14969
7508 24384
2159 8817
15161 21312
26266 27579
5402 16878
5583 26153
4029 13008
3428 13998
12155 26773
8443 11107
5013 18044
443 3204
9368 15847
5219 12881
6881 16063
7105 16530
1242 19365
7836 17912
3401 24939
5149 7333
1767 10199
18874 18988
16395 22998
12011 26752
112 7289
1666 13623
21677 27458
13422 13849
7787 17803
10006 17543
24131 27353
12686 17377
9633 16673
8140 26002
7717 24985
3793 14344
5560 18595
3622 21955
10042 19893
13116 17019
11627 26706
16016 27958
13242 18462
18280 23857
8794 14882
6372 23376
7805 15169
426 20441
1621 18823
11556 18259
16075 24411
12842 27190
8986 25274
1582 15312
11661 25760
11965 16016
2874 9255
1755 11443
17108 27514
16901 21496
1538 6972
7956 17681
7849 22090
1921 24274
8795 8933
5691 17057
14777 23916
12052 13110
23846 25437
14336 18297
173 13992
5477 26686
13453 26494
9396 19636
11030 27766
9111 20527
3423 14359
5203 10891
16467 25837
11953 16258
705 21304
5 22487
5906 10488
161 13131
1761 24608
2775 10699
24586 26301
609 23932
11047 27500
10576 16276
1978 23705
15919 22091
4956 12712
9867 13491
12439 23457
4017 19843
5371 14691
12372 21213
9120 9865
3593 16967
8707 25498
13777 14660
24042 26758
21647 26475
17760 18144
5957 19053
16334 26641
6972 22326
24681 26689
560 1858
27675 28266
9272 10720
10419 22487
10208 14411
12874 14767
2520 9786
1110 14447
9253 12689
13926 24650
6848 23265
9937 10922
2375 16806
8233 25468
25344 27671
12829 21446
2934 9391
5047 22301
15267 24084
8473 16853
9490 27718
9465 16582
18959 22779
10289 11369
14163 18113
2245 24042
816 19796
5183 23739
5070 17341
1767 20662
22597 22769
6973 9949
14513 25390
1744 8200
2986 3147
5500 23514
11111 14368
11653 11894
11572 26821
11133 17696
19653 21154
11852 23182
13345 21333
6081 24771
26061 26808
21372 23522
3032 23785
3457 5686
344 18557
13348 21694
763 15563
17936 19587
21250 27113
12672 23993
20141 27696
10825 13501
15679 21696
505 10027
5913 18189
9214 21017
16141 27118
2521 3121
11396 27303
14631 26580
12708 15619
973 6894
5108 16956
6865 22707
9696 15022
3651 3970
8064 22351
10961 14102
6072 8010
12437 26003
4532 27702
23628 24127
8963 14771
14959 27042
16967 18907
3865 14681
15284 22185
3337 9772
7084 17826
23178 26562
987 27204
750 3832
2037 8924
11432 22593
10520 19885
22321 25525
13401 22699
3072 5960
2887 16371
711 18315
2212 10777
13863 27523
429 16527
2759 21954
1486 2764
19139 25596
2639 25692
5172 15182
4081 19215
10654 14793
15877 21101
8887 9565
16092 23122
4020 18464
15882 21359
2908 11092
3759 19296
6885 22463
9371 14561
5843 18679
12215 17057
1061 10403
833 25962
14035 22471
5198 9847
3734 21203
16322 16369
8319 21037
10231 27513
2244 27557
478 22290
5201 8491
18524 24915
5358 25699
13328 28238
17671 19289
12224 26017
7990 21884
19150 20929
21620 23547
22644 27087
1541 11100
1342 3648
19542 25952
369 13216
7133 22606
23267 26571
25727 26845
7606 23955
4770 22607
3410 13559
3993 21898
5715 19934
18018 19736
5381 7103
1512 17368
2806 13804
220 18050
12679 20841
10090 27553
4940 20078
10 16702
4562 6926
1657 10210
420 2458
15543 26138
7930 10022
4178 8746
7288 11023
8730 26142
8841 12565
3562 15055
16188 24838
1721 3851
19123 20195
13008 15804
12649 21063
2213 14988
22861 25904
7503 10654
596 1246
17847 22040
11017 11128
1348 12737
1216 11295
9923 26322
18746 26653
13980 17985
8474 10013
18606 26884
18699 20742
1719 17791
13626 16092
23 3186
13970 13984
9321 19303
3326 24065
8846 18533
9095 22907
13913 18277
11479 13046
10582 20646
9923 15950
8485 14132
17186 20904
16961 21513
13472 20411
10965 19564
9142 15422
6914 10428
588 16333
5802 21831
7950 27604
4753 10160
9157 20612
705 11080
7677 21767
2488 3887
396 9356
3074 26048
7428 20480
5990 20158
8500 23402
2696 14967
6034 21446
12314 15099
421 20054
3843 11368
10998 21747
12155 15934
22892 24698
2462 21132
17636 19687
4712 10384
2744 18775
15464 22580
12651 24689
12864 13504
1786 14500
344 28006
20235 21925
12186 22416
1670 5669
21831 25020
6868 24089
1065 16053
16919 19419
8085 13470
9421 10859
4573 26798
5371 7959
473 11953
9048 10721
1275 19697
3121 3609
2093 18264
12948 23500
5511 13171
3638 7523
25301 28277
6972 18565
2635 4328
4918 22941
4693 6008
2296 27096
9847 23798
8490 20961
6546 14683
828 24049
9274 24177
11797 12049
23496 23923
15749 26913
24598 26091
3365 7323
13480 19269
16725 28020
22446 25904
6806 17581
803 22356
17791 19836
1106 19056
5336 8413
13728 27005
8750 17801
7076 24502
2730 7390
8144 12939
19763 20564
11251 24395
1631 17472
8384 24589
2336 13313
8741 21971
11520 28091
2230 24823
25666 25839
15236 26916
17146 18999
13455 22954
14835 18001
24065 26284
21835 22766
17429 18096
6533 21727
19127 23618
1586 16203
8236 17903
867 16623
16369 21794
19169 21638
4491 16418
10867 28228
4253 23178
401 3961
19119 21858
2874 14038
8055 13615
5250 25957
867 18823
8057 27795
6745 24216
8492 27908
2431 28054
2322 5400
4791 28272
10981 14969
6178 9687
9897 25781
448 1707
4 5203
14423 18988
10350 22881
581 25219
8982 21536
21333 21801
9874 12372
12556 22040
15701 28054
15426 21963
12115 23930
1867 15815
12300 19874
9548 14404
8075 22581
17941 21391
9933 26752
20831 25110
22300 24062
4646 21355
5956 12664
18837 27585
20836 25500
8331 27368
19416 26868
9923 22010
3762 9115
8268 18127
7820 17902
2125 10938
1810 11395
1467 25329
13739 14567
16641 18850
5425 8188
3449 21123
3819 5781
12818 22799
9084 11115
18234 27087
3780 23788
16749 17468
5475 23608
8192 25887
8812 27805
12510 21748
6707 18415
12811 16197
3255 10286
15929 23805
9717 13935
5943 21446
24686 26753
7531 24563
9524 12512
843 13910
10089 25108
4802 7672
4574 19429
6097 12644
1500 11045
16609 23932
14881 16457
2401 26063
12726 18576
711 5677
8465 11935
9642 25543
19992 23329
23587 26052
6832 22634
17696 20406
9554 22581
7031 25283
11020 20605
4175 4391
1182 25743
485 10405
4218 4629
14145 26974
5517 18055
8852 18425
910 9836
9999 13101
24905 26200
8399 22965
5353 21077
4468 19322
7410 17630
5611 10937
8151 23422
10484 19633
10344 20719
15553 20347
15422 27658
4658 24608
8318 21712
3779 27444
9443 21101
19896 25967
1020 1925
9235 26877
5327 9563
1852 22546
9808 15012
11913 22536
6293 6837
19721 25397
7582 20401
23902 27676
10197 28245
3562 18908
8398 15588
24864 26362
18041 24455
17501 23396
2809 27121
8931 22226
9442 11997
20117 22300
8314 9218
1108 11980
9496 26690
17133 26447
18069 19221
13086 23024
15291 21164
19008 21387
3651 19862
715 10484
22013 25552
2321 22399
13935 24446
1308 22582
1412 3401
18541 22210
6367 19116
4009 14438
6241 22329
22565 27167
14326 24836
5041 7746
24289 25838
21616 24600
19145 23415
4603 14583
23521 27538
24830 25778
7768 9788
10350 15202
20390 27958
292 1163
3053 25386
11121 19800
7909 22912
5820 22506
3551 19775
2664 21094
21240 28148
23467 24383
1117 4215
7128 23265
18027 26554
8137 11295
1860 26690
6599 18457
4556 25986
16734 21126
283 16274
18304 19598
9403 23736
2947 7347
8730 28044
12293 14903
2696 13237
9205 14104
8413 23705
9528 9940
8730 15615
5127 16036
2807 2957
1593 26053
2701 12956
14437 27016
7353 23206
5110 6913
12051 19767
18074 21425
12275 22764
10125 27693
17323 25800
13438 22710
12380 23134
9061 16118
3197 15166
1958 16802
8148 26995
12664 25986
5950 7977
10906 27005
10937 22157
20966 22554
7471 21706
4927 23119
440 8959
17146 23143
21638 26753
3265 13155
16811 23640
1606 15066
9881 22716
1417 26717
2045 13905
21026 21409
2788 14993
2129 19199
5614 22285
3729 17764
828 20222
7561 16194
5112 23437
10268 18669
1351 9429
15550 19138
7311 20765
3961 22112
13076 21792
1938 4105
14662 28106
14126 14654
2778 18448
16473 19669
15665 16905
1672 22308
5551 18262
23658 24382
13343 14835
13673 18739
5640 5661
17789 18339
21036 25415
11562 16284
7684 18430
24244 26568
13059 17128
18645 20657
3456 23395
1343 5917
8733 10927
1978 3947
1526 13673
12792 25894
7387 12918
21353 26565
7975 14228
14763 16600
9759 10183
2488 21748
6725 22935
12504 23433
10474 23034
11846 17501
14773 25068
5150 6177
1801 8781
10029 26728
5609 18847
22440 25066
4260 18567
20046 25760
3609 10723
7289 14677
17619 26892
10560 11354
4585 10429
15689 17373
5413 19308
2067 2474
2644 3005
3892 15920
848 16922
9252 21732
13203 21881
4677 27262
3802 14997
10280 11424
5344 18304
21421 25614
13484 21032
3275 3539
14082 14696
3784 12752
17489 19181
15106 23463
978 14499
6962 23337
12945 26235
8855 14177
9312 22819
12049 17557
18073 21207
24362 27285
5978 8800
8785 17880
10273 14592
3296 7915
3138 28043
15640 24359
21407 22190
17329 22531
1769 9738
11438 27374
5249 22938
9081 21294
7004 23352
3926 22273
4073 6069
18036 23892
17877 18386
5864 19424
14001 16855
1381 9847
3828 15523
13527 14254
9572 23298
6125 6487
6879 26622
6058 18155
1041 25164
16989 17747
16323 17848
3759 10578
974 9479
2447 12155
1645 10820
7354 8817
4009 23525
7386 22309
15348 17782
7495 22322
14959 17214
7561 25562
2995 4756
12423 20953
9805 12941
777 9813
2068 19143
10662 27702
17723 19758
4029 5699
9536 18452
11575 24109
252 23876
10144 27079
13227 19021
10986 26371
6717 14361
201 12440
9231 14180
1056 13222
21312 27886
619 20160
2883 8305
455 25116
2093 9250
9398 23863
220 11696
786 7623
10658 12344
11264 13218
130 1614
18095 25962
7599 23377
6377 22015
1151 1878
3378 18772
3810 25976
1075 21721
1275 22040
4649 7621
8434 12009
16041 23472
12357 26876
1349 24857
7379 11455
2247 14298
3279 4012
12874 18409
19251 25666
2958 20092
7323 7360
339 23070
4205 14776
10874 20893
17963 23679
24537 26081
9502 23764
19496 26582
8500 22349
3488 6780
8424 26540
17803 27932
7909 14680
640 25901
650 10323
13191 26329
6528 15814
21 10379
3687 10934
21506 25904
13999 20008
2834 15709
7525 22162
67 693
1371 5722
10116 24113
5219 27819
8107 23517
11627 20849
14901 25798
5236 19658
8715 21499
13190 21503
23565 27829
1620 12768
22214 23738
7440 10160
12274 22621
3788 12930
2646 12663
11816 17473
2657 10951
9465 21473
10242 12604
441 6510
6924 16656
16955 20144
4967 6728
108 19670
9416 18775
7073 22892
9710 11683
5289 21941
3341 25135
5699 9193
12893 16991
20116 22105
17167 22984
9217 16536
1629 8733
17561 20442
9090 10758
109 22123
15543 19548
640 23799
25162 25647
948 12218
11218 24104
2420 22702
8304 16354
23439 26820
22330 25108
3944 4087
6167 23890
2969 3689
19201 22724
2692 10965
1378 9137
3186 7973
1597 2821
9642 19089
11443 19941
11641 22705
9869 10815
14351 20997
11586 26908
5985 26194
18784 25402
4336 9447
9833 12481
18387 23738
10764 15450
11187 16865
8707 18102
155 19976
25643 25780
5288 18999
18999 26341
17 8426
24451 27664
4103 23538
9787 11448
8049 9198
9590 13970
9059 20195
21668 24052
10821 20820
16901 27221
11866 21920
6489 27676
19099 27851
6869 15856
21761 28085
15178 17957
1983 12062
8730 12723
7868 17675
12436 12640
12702 22581
12092 26798
7836 16377
20503 21886
6054 10303
13741 14635
3169 15673
4612 11943
14105 27974
441 13374
12546 18019
10496 16694
16142 20156
8754 21045
11551 13118
3019 22060
8372 25417
8251 10432
16349 24764
15968 24374
3275 5716
2664 22025
9466 21555
6295 10882
3759 18053
4135 7017
9019 18225
2322 16289
18038 28197
13377 16112
3925 18651
10810 21735
2721 21577
8223 26495
16803 27465
15373 19116
211 19735
13135 13259
12911 21968
3161 4890
8575 18704
2906 25911
6398 20871
21294 27304
17977 19435
1622 17819
20523 25209
5167 8544
12614 23560
4737 5084
16446 17456
3654 24726
1211 15529
3121 27052
10965 19843
25291 26752
8730 21445
7189 27202
11241 13448
16167 21919
2826 7519
8491 21908
16258 22425
13534 21158
19199 23866
21682 26638
957 18827
17496 25408
8799 14279
21843 24609
9805 17692
18755 28062
9590 14541
10169 15120
7491 17699
11334 19807
20491 26743
4216 12159
2948 21275
18790 27876
11535 14309
6072 11603
809 27078
15791 25908
10693 11561
22637 25328
6974 16406
17921 22830
21964 28043
2396 8338
6868 8456
21409 27651
1284 18434
4802 14928
4689 6177
11878 19704
2906 27920
11535 14920
9226 19820
5190 19760
24840 25301
2134 18752
193 23932
9294 26740
12652 20028
1622 27016
566 8414
2311 27229
10104 10483
165 14024
2022 19570
2862 7368
2245 7205
16014 21712
8485 13822
782 23696
4359 23164
7350 19420
3401 18366
18336 26706
11463 25160
3628 6939
18876 25922
3059 19068
12158 19329
14520 26740
3326 27514
2929 27087
13744 23377
19759 20953
15687 17795
4548 8317
4228 24327
933 2105
5354 14805
4999 27409
4649 23101
17250 19601
5568 23457
13736 14662
4339 24931
760 9645
10767 10800
8437 27314
13625 21683
21654 24472
5287 23239
20914 23280
1356 9019
4009 9055
12359 27469
7823 10431
2830 21563
3908 6832
11115 20637
3592 7913
11438 16702
7463 20498
7713 17797
13423 22348
15346 18436
4096 10188
8348 15182
12090 14017
3981 25302
2027 23868
3667 23978
11104 12593
9026 24782
16911 24222
244 10593
8 21633
2381 21577
22036 25748
15225 27285
4930 18334
1621 21815
3572 20637
10876 14971
2031 23351
10963 13257
17 27780
4904 10942
2351 22953
4791 4825
19484 25525
5805 20929
21064 25732
3286 24375
13618 15694
2604 11068
5068 13649
24718 26150
6076 8939
16276 21941
9739 25412
813 17253
1699 14541
2937 18132
13628 18146
15077 17415
5486 13609
9780 13186
9488 14227
5587 5607
3237 3938
4108 9800
18189 18641
13764 22785
7134 28086
1848 10350
8959 25615
2727 26608
18665 20348
577 14424
5659 14667
9951 18415
18464 23293
679 7307
2040 13607
11407 16282
7453 13573
4115 13913
10653 10724
18204 27819
16910 17472
22132 24023
1350 4843
58 10072
17339 27514
17302 19569
4827 27989
11757 25768
4758 13959
5775 10027
14912 21798
2231 15660
6838 7031
10613 12388
5505 21326
10332 26100
7760 14626
6807 8081
9574 23656
9422 21374
3488 16201
1582 27433
5112 10023
5943 26875
9215 16054
23915 24563
4909 23152
15923 17178
1571 24564
5174 25200
12309 17915
4042 24557
63 17896
2647 15428
8693 16374
8465 11406
384 25277
15020 24658
7679 21331
5 19454
7863 15454
6728 13937
15043 21984
20205 25879
18128 27814
16694 19115
7797 13291
9336 13475
9536 9867
3997 19805
461 13376
7283 17228
10954 22193
17344 21820
5386 18014
8190 17604
16668 22606
5498 11563
4867 23709
26380 27766
22699 27308
1178 3533
828 19576
1604 10883
16542 21793
14971 18369
8145 11599
4628 11385
7031 14032
8860 21742
1605 8475
3605 4072
14228 20046
5433 28022
1767 3354
12631 18718
12694 15361
11916 27775
9406 20831
396 16582
24612 26978
12149 25804
17757 18581
406 22557
10170 26781
6460 22474
9518 13999
16622 16695
569 15268
11534 16772
187 16639
3047 11868
5786 10286
1032 18838
8151 13892
10054 24469
8303 23072
3523 11629
7961 13540
289 23363
22992 24254
5886 21187
6116 7846
11495 27341
10393 23345
15260 25341
571 13429
3070 18296
6741 27844
22917 26364
2147 24809
1751 9963
14739 25446
9214 21801
3544 4468
16754 27758
1332 18026
13372 24337
15549 20545
6362 15381
23361 27085
21955 24005
2379 11569
15346 18945
3882 24140
4245 13461
11131 27664
19169 21115
21717 28082
37 15866
8817 20958
21079 23696
12310 21296
12810 15173
20678 21498
6444 21968
7390 22237
14145 25885
9869 22688
5036 19126
21633 24031
4233 14666
8063 24289
12392 20545
523 581
5020 5180
4295 5473
2012 27479
1878 25750
11992 20515
5428 8592
3164 10740
4523 6921
3 15401
10346 20628
4581 13774
8964 15056
6248 27596
1674 27833
16547 23510
17723 25410
3501 27584
6498 27465
11045 19818
13209 26774
7846 23608
14309 14920
6001 20483
1155 14136
880 12978
18381 18947
11542 23617
855 27746
3019 14895
825 18251
892 5933
9592 17760
7692 24919
3619 17527
15415 21578
1830 23472
21306 26599
12892 25728
22905 23358
11544 14763
2170 11251
5968 10854
5638 24191
13123 16210
2460 18761
1427 17471
6650 21564
14193 14240
7350 16758
10859 13123
5355 7802
9552 15270
15169 16963
13211 16328
10874 13752
17492 25169
2199 21296
7765 27174
13668 21546
17210 25423
1851 22538
14771 17763
16509 22225
4072 22049
8874 12679
1493 26068
10952 24138
3718 13700
4896 15907
2067 26743
10792 24551
1915 19068
9575 25857
12650 16910
10876 14445
14965 20677
19287 24921
15231 25838
9616 21148
7084 15520
20605 27162
8045 26200
2646 6099
15996 19565
18280 24193
4336 19792
6179 16334
5677 9148
24438 26283
433 3873
14334 17630
5177 11747
3828 26846
5128 11350
6221 26439
5068 27751
6322 13874
13257 18358
6609 27669
7982 23914
21668 22189
14566 22994
8833 15875
15423 22691
15920 17281
9683 23469
5939 23549
4934 22474
4892 18610
8714 14148
7987 15549
872 25130
14464 15365
17565 24521
1278 8271
1462 10450
2505 14555
1665 10746
15464 24057
17373 25710
15992 25838
21140 28237
13779 27353
15708 27329
24601 25368
11975 27795
5814 24485
26427 26480
1292 7997
5152 11774
12908 18206
13370 20991
2273 9438
15628 21569
24326 27842
13176 14012
1748 22020
396 21288
1353 16629
6046 8702
460 1925
3854 21494
5204 15736
11902 24997
5876 10294
19242 23483
198 4394
20747 27464
20659 25832
19660 25263
17941 27356
20 28169
4824 9847
21154 27292
3902 23159
14771 23696
10088 14091
16377 16925
109 25773
21204 23459
7820 19739
13844 14024
3638 9250
742 18972
12067 22986
681 15804
609 20682
1744 16367
21484 27210
2132 7205
5831 14471
5342 8624
3558 9904
11989 13328
20841 25428
10296 19086
2301 9893
14543 25232
21022 23711
2928 16262
10490 20491
22326 24439
18699 18996
10397 10833
24578 26691
8806 20758
3167 7823
8100 28058
9405 12312
261 1526
1 875
501 21768
15665 15865
19004 21647
9089 9670
1103 16977
10998 25428
19913 28215
7479 21853
8878 18133
11580 16678
1860 12487
10935 19095
6239 16955
6668 27821
11536 11720
18320 19771
1116 17013
15562 23932
5289 14771
26413 27596
19447 22553
1133 21566
5364 24262
13106 19446
7873 25372
8056 9296
17757 22230
926 5522
19374 26169
2288 24867
1936 24057
10428 13125
14782 20159
15282 23555
9648 20467
5039 9614
19936 20406
16092 24210
8612 16328
719 22197
4591 10195
3572 20914
9700 25266
6577 6705
10978 11569
1197 10335
8011 12548
5832 17674
19853 20222
5139 5731
13192 20557
9060 25364
12257 21438
8795 19080
3311 5344
15791 21139
1661 18267
7264 26222
3390 17819
5197 11868
3296 9206
935 27435
12228 24170
15650 22885
11580 11795
17460 18148
13991 26797
14791 26061
16201 18603
1112 24477
18219 19247
6016 9033
1724 14748
14853 17122
19641 24616
111 6331
5308 26389
12562 28240
1075 5081
10287 24900
2311 6972
10282 12900
16806 27123
7758 23474
872 22026
17788 18712
15252 17433
10931 20848
9314 24817
6727 23004
7508 8624
641 16477
5946 15230
13668 27179
1441 19917
5155 26640
17880 20389
9179 21258
19952 27678
2810 2823
8190 22421
12357 12541
3604 7160
10180 26753
7202 27664
6148 22498
5256 11409
3802 21473
20906 26083
6319 21835
11045 28063
4251 23432
10934 24027
7972 22651
20797 23574
1962 12452
20007 23044
11102 28104
1830 13335
393 16180
15562 18679
15575 18724
1445 28180
19953 25016
693 24764
727 24886
11486 24427
19303 19529
4626 12792
12037 25750
19309 19922
9089 13036
5008 9425
5363 9531
23480 26851
12246 26079
21384 21893
1858 3152
6833 19356
15282 25091
10127 28136
17916 24955
20868 24742
6355 18363
7031 18669
13917 16525
7702 22946
13343 21550
1767 3638
12369 13168
11534 18021
20749 21809
18560 27228
16717 23571
13487 24969
7188 25435
25163 26150
6854 11059
10720 18790
16870 27300
6970 23736
894 14778
7350 24601
2882 17838
21473 21753
22470 22667
5782 16605
3354 19199
19068 27030
14805 22842
7368 12575
7244 16054
24949 26863
8234 26854
7950 26970
16527 16702
2764 3319
9923 16698
1266 3296
1888 21111
1176 19846
16897 17931
14033 14331
6705 24576
5716 9116
17838 25956
10570 17549
18327 18752
19817 20639
5522 7144
626 26901
638 24244
865 21724
3151 4656
478 18627
13704 19564
747 8081
22227 25526
8408 16540
13493 17952
19548 23254
1225 11562
1727 20931
5230 15660
5832 7889
6868 20238
1056 25182
9214 13845
15169 24863
12824 28156
13579 20309
1724 5222
5166 23798
165 18280
13418 15055
86 24491
19109 23687
24516 27912
7413 18044
396 11590
8398 24804
20783 25108
8536 23372
23295 25650
1650 16083
24897 25301
9043 15290
15285 17440
989 5160
12397 24643
8242 12110
11061 22416
13711 24714
13428 24832
838 8531
3484 6760
126 8167
9808 17464
11207 16351
6935 24377
12143 26178
4947 5849
5432 13999
5447 11948
14270 16976
11232 18921
20008 20355
14658 15402
19806 24309
6308 24330
19139 23015
6710 16040
8321 11417
17963 22977
6163 8006
40 2841
3598 23521
7162 26476
7720 12156
3628 14031
9089 14402
11465 26638
18145 24109
7137 18717
4142 23143
828 20841
10951 12988
14570 27298
13 12855
10453 18127
35 9395
4115 18437
7804 18589
14420 22251
17097 22426
10747 14010
4544 9638
664 21683
1840 24918
6176 18136
8057 10532
5716 27966
4737 24374
1038 4129
16098 26616
10224 10377
14129 20876
11300 21708
4750 8368
3667 24612
13495 18421
20046 24325
2544 25614
6891 21151
258 4181
24061 25272
8964 14954
1328 1574
22160 26096
16029 22607
6241 18356
6703 11714
15880 23152
17098 24879
4102 26775
13776 16974
17922 27814
13152 24457
16974 25270
2435 23560
10246 16754
4142 22379
4612 21681
20099 20654
5373 16516
86 5666
7004 13191
1717 18793
2157 13551
4160 22616
1628 20477
3127 24628
20689 21229
8794 14884
17232 22168
23963 24539
19189 25906
23701 24273
5344 19615
1349 3084
2172 21397
3683 13925
2135 27588
9093 19536
15996 21304
11534 27263
25849 26792
3365 12056
25607 25636
23345 24610
5065 17146
27356 28049
2430 20479
8801 23015
10358 27610
14242 27117
25638 27275
19322 19805
3882 7774
5569 23379
3718 13195
27082 27456
25367 25632
1085 17120
21192 21254
2305 2709
24828 27370
6674 19502
16402 20367
24607 26424
23762 26846
9178 12992
15612 16727
2460 6707
4457 27011
6238 24662
12954 13173
944 19584
21123 22787
9233 10342
1184 1550
5110 18615
9600 22418
2022 8251
22819 26273
4931 23679
320 17142
9710 21521
3026 17237
18217 25957
21574 26358
13389 24955
175 7950
2648 18465
7411 7883
11576 24669
12984 26340
183 27851
27190 27312
1726 12759
12963 13032
3746 4433
3129 14671
424 16311
18542 19553
6061 21318
3129 5782
19086 22471
8091 8801
2517 9851
3503 17254
4367 20717
1789 17601
2396 15825
19692 22666
1579 25732
833 8372
10296 17963
13736 17742
13779 16664
11755 24955
6785 7119
11020 14794
10247 11317
9264 19275
1775 5930
4289 16976
19978 22931
4787 20890
1962 3406
1628 10619
925 23118
1814 18911
13804 13851
3517 10277
9739 16859
867 19668
2521 25636
11111 18097
3534 13436
16467 23894
5072 9788
1153 4040
15582 22260
20292 21257
7231 12088
17071 24660
11506 13937
8243 24616
15689 17166
5414 6842
8868 18448
8511 24248
14696 16187
21714 28150
23553 25107
14249 21639
16972 19354
1860 24279
15622 15783
498 1971
11048 21759
13298 16480
7119 24970
6426 24469
11998 25685
12857 23400
15108 24059
2520 20875
8057 24862
18044 21029
9925 13602
9826 10517
11244 16501
23930 26767
9214 21045
11616 18162
3401 17509
492 19467
3902 18116
23430 24605
4766 6118
8746 14165
20523 24055
19266 26908
6182 22073
12959 13181
1790 7231
425 12023
11702 13422
1287 5398
10570 15221
1175 10326
12411 25211
23619 25983
3544 5495
10477 22954
3944 6009
7073 9851
10672 12798
19428 23155
15911 15919
4373 24904
610 14139
15530 24746
3472 12023
14476 19546
1134 4404
9060 20018
884 21695
20037 24087
19033 26722
3970 14658
928 28089
3828 8025
3634 8380
14964 20146
11207 13168
4121 21490
2325 21746
20258 24069
5398 26786
9709 23361
15875 25197
10889 19982
27313 27970
1349 27579
9583 16878
4861 8148
23577 26147
3507 24830
1850 27071
3592 8880
22326 27508
10012 19002
6239 20355
17791 23807
179 23553
4381 23710
17750 26790
2647 25099
11059 14519
1020 27692
19453 23143
328 21438
22061 25039
0 16976
10666 11073
20099 21523
9185 25894
23178 26766
13627 23749
5718 6334
7703 21760
19447 27867
19043 27991
10530 21285
1614 26787
19064 23143
9137 12196
4556 23143
5262 10393
7073 23705
7907 8750
15404 23026
17020 18463
1349 10265
3337 4498
7159 18043
16582 20258
23997 27374
9904 14473
8075 23232
7361 25056
15758 20803
5473 19399
11943 21681
18736 22112
7603 27681
2212 12266
2801 21035
3265 21111
4495 5340
10114 14559
13139 13289
5540 14944
6280 7746
16591 22726
8012 25793
8806 17880
16679 25299
2628 12874
2130 2520
14731 18034
6832 25214
763 20643
323 3592
961 1777
1140 19222
5297 8943
14766 25559
1144 14953
23318 24274
8715 24061
10487 21798
6139 24539
16751 20195
18450 21908
658 25849
19434 23040
16686 21773
6848 14010
7205 24127
10813 17274
11124 18599
12792 15682
16855 20337
9105 21300
8926 26282
24241 25754
3667 10293
21323 25879
1625 10595
2460 7930
11675 20365
4162 16898
13301 16333
5326 22882
23201 24092
20936 26870
21151 27736
2180 18997
7231 15919
10835 21754
12410 16700
29 18761
5978 24127
11300 11987
13970 21925
15712 24317
872 24368
4874 14892
6372 22819
1884 7205
19688 20133
9312 26141
3927 16380
16535 27888
21955 22688
4192 12324
24444 27596
18171 25097
439 13048
7067 12000
11484 20012
4696 19250
15425 16129
5 11385
11830 27883
8010 10290
19047 27560
2894 17487
3380 19246
18775 27140
4070 7390
12005 18603
18203 27185
1687 26943
2708 11443
7836 13756
6891 21029
5134 14947
13241 20891
1621 24169
836 867
10061 18775
11697 14136
8364 18150
8825 11113
7804 26727
1800 10602
14013 25329
5070 6105
17597 18211
6843 10842
15691 28194
21257 21369
3374 25460
11387 25505
1054 17590
2382 6288
11657 13000
5327 6668
1163 2368
5367 23153
1742 26764
20661 25212
15401 25349
13744 14464
9408 17792
1356 16501
21631 28127
12910 19243
3753 8318
14445 20008
12647 27129
16567 27482
2611 8846
1058 14865
6668 19741
1604 5815
6883 9530
11918 12887
10628 11430
15683 22675
13250 21906
4095 4646
5348 6832
8218 19056
681 27917
10622 11467
11483 23822
6848 20876
16917 27860
3395 22882
3009 10871
20016 21904
20163 21173
401 18565
288 4107
1045 4347
11806 23593
10618 16342
369 6348
14029 18720
15141 27085
16192 20859
5331 17933
3972 10755
12341 22436
17813 21326
2852 19184
1043 2927
11786 23110
1350 12180
7234 25281
1034 25295
23494 24723
16183 22982
2301 14600
3903 7747
9393 10050
22294 27100
24801 28208
6470 11954
18192 20633
9394 10444
5557 24340
3006 14240
4896 17494
24419 26774
21649 24469
7643 21201
490 15365
16988 23175
20714 21162
7757 12363
1163 16761
8333 12555
14711 22507
23957 25682
905 14534
1482 18797
16914 27867
16036 25812
126 7584
2232 3001
9523 20822
3483 13329
4332 6188
14534 20757
3455 7571
2338 17983
108 5598
5625 5857
16939 17137
16639 21919
14155 26513
3390 16941
1372 9308
16912 25291
4248 14696
4096 23797
6528 8826
3057 23727
2205 15814
18633 23926
23560 24610
13282 17221
10330 16223
12286 17664
12997 25647
5211 27869
943 8779
21618 24485
23198 23515
19095 21754
2259 9229
4758 25345
12257 17787
22878 22966
18505 26073
9726 11055
1689 15829
11293 15943
14658 23731
8462 15440
10750 18595
18702 18879
9853 16794
11183 21296
7203 25827
406 14242
11144 22894
8831 21242
7950 19004
7412 28150
285 23970
11426 25368
284 3076
2242 18256
4498 8775
2039 3226
7333 23178
5864 8511
13078 21745
2708 12656
4394 5841
6490 23547
14969 27173
35 2015
24298 25353
19721 20119
4695 11987
2929 4081
11876 15508
24208 24379
13804 25823
1023 15722
22432 24347
16483 26936
11006 13041
8015 20145
724 13045
8205 26572
8695 14358
948 21407
6662 18625
10344 19717
2887 15052
11444 15619
7950 9614
898 1188
5775 11746
19726 24256
12805 23056
4168 24539
5473 14838
10023 14249
5594 24383
11580 25446
10183 25849
2302 15397
8442 24586
3121 19326
18908 27719
3582 24719
7857 25382
9777 24469
15619 26503
26091 27488
11417 27264
842 21804
20020 23749
15239 19732
6065 6129
9582 21345
3411 23345
220 25810
7223 24410
16095 27848
1255 2037
12465 27906
10287 12454
4360 6629
4326 25766
2002 24876
18630 24501
11141 22954
8669 26113
3289 26363
12199 26617
2341 18259
6972 11409
7489 15701
3810 10309
2333 10886
11804 21798
6589 28049
5827 18247
4603 16547
19169 26554
24224 26717
3624 4312
7283 27987
17639 22863
1819 12386
16046 24804
5728 12492
10088 17525
1993 3491
22656 25106
6878 27514
6832 25453
10699 12898
26231 27105
14954 23574
17545 25966
21896 23947
4721 8753
2339 15723
2858 15998
8930 21663
19927 20313
3580 7490
1885 4820
1085 11009
21248 22901
17455 26808
369 9404
7587 23917
13343 17524
23152 24564
5337 15683
16511 27377
9511 20469
8869 11471
16016 21377
3489 8388
7648 21431
25483 27869
21450 22379
8441 10086
9343 18046
19819 21094
5546 17073
2403 24836
4341 16317
1878 13394
12369 26153
5446 6513
22834 24856
19952 20288
6940 19982
5430 23674
1595 4974
14010 18679
14557 21503
11675 24424
422 3463
9837 24928
11168 16022
4927 5618
728 5876
7927 27867
22787 22909
4645 5569
10998 16162
8596 22764
139 19378
11866 13029
13374 20500
13082 13391
3050 7139
13513 19240
5403 7018
7945 17211
6538 16312
7985 8397
9625 19721
5229 14625
11666 11944
545 8924
5756 27746
13363 20258
4043 17954
13373 18823
6868 24425
2285 12137
8623 24473
15721 16197
2882 15920
1030 27851
18132 24723
5618 9590
7917 20468
1158 25713
7073 16509
1445 25490
19909 25437
16035 17590
22216 27702
1713 21111
16216 16805
3592 14555
17140 20717
8618 15011
11417 20344
1575 19567
4734 13192
4145 7517
3564 10800
2106 8766
19267 21266
3566 6972
8685 22340
489 10934
8413 21086
11461 22218
674 15709
25636 25908
6671 20906
2174 7915
8229 24915
14971 20545
17573 22112
26452 26578
3454 12895
13759 23921
18426 26737
2708 3401
776 20221
10290 18829
9715 10913
15870 22032
2604 20857
13999 27793
1018 14491
10477 25012
4065 4603
13580 22230
7521 27816
12425 17760
1748 26525
5476 26200
26365 27482
853 8104
18524 21800
16563 27908
7236 21057
11746 15782
2706 17017
16276 18690
6426 13091
9536 18276
14288 19537
185 27461
8318 24444
9336 11786
8289 19332
12054 14679
805 15834
600 22049
12742 18242
833 25417
19451 25402
15871 19105
22897 22905
23153 28185
273 4321
15030 21279
13542 18644
5569 14996
10450 19575
7869 17424
6914 18541
8291 8690
1604 23932
18997 25107
15526 17850
21418 24179
2259 3733
1025 16121
1394 11647
4253 7009
4537 26565
1203 25363
388 23112
11120 11484
11789 25253
14941 20985
2815 7211
5626 23688
13282 23340
939 23472
11528 21412
12383 18541
12426 26177
14700 20956
5016 25137
5213 27659
6555 21723
19638 19843
4469 15690
2424 21673
3140 25317
1321 19572
2697 4134
10746 20520
1266 16812
9850 22226
10641 11804
1565 16292
2521 21111
1959 5485
6544 21919
12880 15301
4496 10913
10517 14564
15701 22310
13343 23225
7891 23045
11168 15613
11869 15899
9767 24229
4954 26670
4340 26278
18177 20963
2905 5630
14995 25198
10346 12884
413 5410
3638 4955
13193 22835
5225 9032
1356 10115
9568 11034
8825 20345
9524 19874
1023 4012
15533 27300
6636 10338
1786 8405
15267 25182
13055 18009
1103 8703
11878 22425
7677 13700
11193 18046
13825 14969
10393 12708
16312 17849
21029 23657
3700 15014
2348 9234
1978 18891
5441 9114
7320 27795
17170 25232
6134 11612
580 7975
19664 22473
7793 24444
1878 13815
1955 8232
9947 19727
16770 24583
5658 25727
6816 27209
13424 23762
11675 18354
7423 13329
17418 18792
4917 21485
3247 17947
259 18318
5899 14124
3231 14418
1177 9850
14730 22784
7126 25423
11047 25042
3711 4287
1412 3622
13785 22149
12289 21726
9702 27462
4180 10075
10584 18419
12199 14599
16046 17130
15660 25346
7590 16584
16890 17787
1787 10720
14777 19680
13920 28068
1042 4026
5916 27529
11254 16526
9017 15189
683 20355
1332 20369
6961 25205
11789 20811
1113 18824
16656 22892
19154 21194
25408 27173
10054 27660
11650 26737
9417 17349
24715 28203
828 11880
9255 16245
11682 19197
4962 17406
345 660
9058 24576
1534 11035
3859 9465
2780 20860
10071 27611
874 9775
21963 25081
1740 19396
2150 4064
14076 16984
9222 13171
5600 14758
8970 15713
20722 27579
17211 23066
18415 22820
3382 8185
14361 22464
11133 18709
2664 9915
9490 11828
21462 27296
7061 21817
14300 20083
15703 24228
11064 18518
12405 12800
10127 23159
218 19343
10844 23693
19950 22649
24062 27927
12313 18472
619 13215
10974 24138
15486 23175
11755 14705
22425 27117
20388 22183
13422 24872
21554 25945
640 25653
1881 5393
10839 13789
19089 28008
9847 18944
6289 23365
8274 19016
22418 24944
495 12472
812 14666
10050 14957
11518 16475
15847 17836
6452 26074
619 22357
14989 27490
9526 16726
4878 13101
1820 4150
4109 7536
4307 10638
15236 20667
17578 22127
8413 17094
862 1199
7932 14047
11479 26061
253 24965
400 10654
14033 26946
11073 12628
220 8956
4282 25349
18425 24127
21840 25169
1045 14557
9940 21766
12228 13343
5571 21577
16186 18520
6239 17963
16181 21673
3197 27428
7266 23566
26262 26992
4453 24714
25830 25855
3970 11720
1153 24338
850 904
8205 11224
1023 12446
6081 18529
2864 9956
1389 3010
2867 17931
25432 26416
13546 22925
23598 27751
14771 23719
5538 25433
7073 20871
8811 17320
11519 18840
14970 22328
15731 26764
3864 5725
4355 14366
3927 23566
1613 16322
9859 13110
7968 18831
22012 28272
7315 19748
3734 3765
9981 21207
4038 21199
12889 26898
17283 26643
15610 27497
10619 27123
14761 25818
9694 22442
16276 27806
7630 28165
7584 16390
9429 20390
18344 18795
15169 28211
13892 23180
7397 10388
4114 18997
5189 11576
17441 18781
13681 22449
8801 25336
12468 26929
15008 22581
4965 16884
12397 21683
18178 24288
6529 10062
3506 17094
23007 25832
10652 18475
15225 21849
5008 17329
15282 18280
9141 17481
10587 14398
6209 7852
17034 19886
17610 21397
3102 21749
4 16304
12729 26993
6849 17493
7392 24924
14660 25988
9470 18367
1056 8024
3940 21674
25767 25776
2788 19424
7358 17437
3098 23392
7804 23858
11150 24287
12155 15432
18832 28099
1361 17018
4205 23524
17731 26887
193 16908
2132 15736
4162 25104
2248 20935
17442 21291
3735 23052
24804 28055
14033 18100
22896 25652
2124 6261
9033 14055
18369 27878
847 19133
4872 18125
2526 8906
5626 28116
6657 23708
16116 22144
14240 15910
4442 5984
5943 23015
3 9093
16108 26525
14483 16276
15983 23455
1985 3548
3944 12388
17536 20833
16587 16600
3566 7969
9785 25903
16470 19372
23194 27765
24187 26931
13220 15293
4949 20585
16245 24861
2617 14016
9154 24068
9184 24385
6841 11183
15518 17718
9432 12696
17839 19156
17597 26102
2179 3634
2189 15668
13270 23978
4827 10323
18669 25283
14612 15553
16600 18647
26085 26640
21016 26922
16581 27117
7435 18641
10844 16603
11665 27817
1153 11659
3748 22514
13032 25108
12612 26728
2764 8085
3666 13282
13418 24595
4442 11627
11164 14795
3262 7274
14258 17517
7344 24939
3378 18107
22180 28081
3287 3729
10504 27640
14073 21901
19813 27013
5852 18272
10393 19736
11059 15698
2776 20001
6950 18119
2986 11575
1632 11147
2696 20443
22655 23123
15847 19830
14603 15074
15505 17730
12794 27324
6232 28209
1059 9015
3039 21773
14233 15063
8182 20205
3063 16932
16588 23394
2655 12627
205 25729
867 25269
6668 8096
10908 26624
13831 19348
12309 24032
2349 2785
1544 11830
16582 20162
20109 23952
12804 24244
22479 27778
5602 26578
17832 26361
1754 10230
20500 25090
16274 18475
229 7538
9683 24267
12410 14469
21446 23015
6517 22376
1105 15776
1609 25283
1920 22254
319 1121
19896 23867
17667 28194
8054 19830
2957 18679
23792 24122
15592 25539
19909 28116
11876 27085
23045 27977
11816 24944
14489 16979
3700 12935
4528 18909
4416 21127
9004 22676
22533 23722
15182 22718
3141 17524
23847 27977
2141 13147
4207 19921
9214 11457
5313 10114
2369 4075
2925 17214
16835 17865
2830 11463
18963 22394
7881 15528
4134 18948
7031 22071
9505 27502
4003 9629
867 19827
9552 19894
10061 26143
2607 17128
528 21857
10058 16453
17484 26048
1052 20196
6309 24873
14689 25998
8539 11048
25209 27666
17618 18621
12800 22588
3190 17941
14314 17782
12703 21700
16639 16999
650 24799
1628 7414
5236 25036
17822 23526
4949 25608
3587 25275
11852 26978
1920 28156
18753 20392
25294 28158
6263 17863
11786 16775
6198 9683
4689 27821
3354 6061
20179 21327
17650 24101
933 9192
976 22004
7878 18757
1027 18769
3337 25547
1795 13105
6453 23442
12556 17902
825 10407
2967 22319
9991 10529
13373 15603
9959 26480
19434 27442
2128 20951
11964 21446
5915 25414
8852 22103
21000 21878
12963 23656
8044 25569
5691 19684
13515 14474
14600 19354
8400 18253
11549 22581
10746 19710
8167 13739
17018 26980
2518 22553
2582 14844
2759 14106
17791 27706
4276 19407
24715 25972
1404 8390
22889 25214
15397 20723
11002 22769
8166 21438
10951 15301
5960 21122
11143 26714
18425 24057
5437 22163
4498 11746
8143 27225
9583 26587
24923 27579
10711 22410
17742 18425
1142 6620
12937 19596
9550 18708
9582 19085
2957 9563
874 17418
7867 27052
16369 26974
7077 10160
14971 17223
15986 25422
10179 23534
4806 26229
4597 14154
21865 25028
23300 23932
2986 9116
1226 10061
11985 25646
2302 6869
4070 20200
3015 22874
9356 19967
17399 18060
18634 23744
4218 13202
15327 18685
17376 22884
3307 22365
3222 21671
19830 22472
9615 22106
1243 4561
2735 11511
25967 27046
11366 17730
17259 20981
5506 28239
1959 14136
3287 25927
19354 27831
9285 25684
12812 25156
14454 15386
2494 27579
19788 27857
1230 20887
13745 13864
23723 26955
7471 18835
12188 19987
9488 21010
17420 24562
10701 24182
4623 9703
14804 26169
108 24265
21887 27365
4715 7483
6053 23719
10729 22157
4980 8020
8976 25145
16152 18212
3520 14555
15052 16766
7205 26313
974 1361
14957 22246
12866 23653
5252 13284
10945 12533
2961 13366
1270 20204
12148 13624
10839 13042
5160 21056
7387 16730
396 24415
4427 23349
4445 17164
12506 24909
14033 14522
6689 8870
3284 24479
9206 14018
17412 18348
2679 2921
1878 22768
18787 26921
16627 22892
3055 3952
3667 25993
610 16337
272 21203
9482 27144
828 23890
9786 22393
2815 3038
4328 23354
18462 20442
11863 15660
3491 10712
9504 17207
11580 16471
8806 21053
20634 26544
5403 22379
12917 27638
21663 25322
5604 11295
10146 17779
20222 20622
10913 14707
14228 17779
12040 21292
9111 9582
473 4817
4599 27291
5146 15766
6517 10652
12981 17527
12334 12472
3089 26516
6940 20337
15250 23736
14368 27643
7982 17273
17305 18615
12918 27944
9610 23970
10643 16337
11255 24771
23733 24589
16076 24811
1878 22128
12250 15094
64 7396
1349 9167
1975 26273
693 17259
4537 22319
13718 26930
10741 17747
2810 11295
641 14129
5398 17761
5443 11156
6832 18777
11028 27913
2628 16814
8597 18669
3728 12927
2414 6301
9852 20702
12199 17479
86 18653
3166 11124
10767 26476
13086 19041
1065 11047
3404 16153
20092 26364
828 15727
9881 25493
18744 19004
14278 25789
6897 17980
8739 19935
2563 15144
867 3010
9873 19947
349 12409
18947 22205
1097 22841
12250 20133
3456 14158
9194 19028
10868 18354
14825 22882
4693 27387
18911 20758
15391 22249
3053 15670
651 23566
21644 21716
16054 18679
6556 26254
2949 11569
11677 18392
19970 27374
2632 21665
13478 16365
14933 23910
5082 22218
1672 11667
6859 22739
17091 23932
19180 22829
22079 24040
14402 19577
18300 26787
16362 18434
16511 19905
1209 20159
11375 12229
504 23930
580 12687
2530 22925
5661 6040
5876 23273
1081 3961
3734 11754
5983 22387
16394 24324
5289 7881
2002 3463
14062 21535
1228 2305
18129 19309
4309 12271
1761 13180
20387 23997
14210 14584
13077 23215
17406 24131
22761 22785
10425 16941
16126 21628
4489 27608
1878 25458
22871 25903
24884 25525
25271 25636
7579 21491
2981 15935
7031 24501
17779 24459
15729 25564
3689 24011
5284 8907
12956 17263
3086 5943
1256 16221
16901 25986
12573 27801
22086 23619
18665 20857
17874 25197
2388 5913
495 19853
21798 23911
22141 22779
9782 14038
8361 12861
728 27179
11997 22192
3881 23392
14242 24069
6770 22746
18107 22584
18173 24989
5042 21535
1611 24474
8010 11902
10401 22325
15793 28096
7902 13575
2250 11406
11281 15600
19445 27870
17709 25079
11128 22826
14021 14280
15791 23940
17857 19811
3944 20743
3503 4607
6860 26961
8001 20927
18676 24982
569 763
2819 26397
6497 7463
5878 16642
384 6541
8705 17479
12347 14150
10692 12178
406 14758
9441 17965
9851 23935
3852 12545
8886 17513
898 26753
12538 18449
9959 15996
10767 13542
3825 20631
1331 18113
17963 19033
920 13093
1034 5161
10961 14995
155 20033
3383 22255
10653 11028
4971 5665
3788 10146
4295 8249
113 26200
7438 20575
26468 26493
420 3835
1713 3609
20765 26452
13293 22292
16187 23593
16583 23465
6801 9906
8134 11416
21654 25547
4310 26647
7412 21304
12994 13153
4782 10189
611 16449
22446 25857
4245 9305
16900 22438
13581 16744
10326 23095
11880 19169
1860 21110
7457 20293
11450 16887
8495 19935
4878 16090
6483 7999
2097 8087
13720 23512
3810 8718
3606 19948
6188 16071
6965 15843
874 21824
12341 16386
19460 21057
2058 22550
18272 23942
7223 11261
11671 25469
16884 27815
21958 23633
15600 19171
16114 19014
15826 17902
18318 20754
17369 18920
3422 21683
27555 27723
3683 4800
3010 10054
1396 17726
3565 26291
2397 23952
3873 13623
22079 23094
3283 6467
4737 27155
4624 7935
902 21391
2527 10675
3253 18529
183 16923
6278 8167
2245 14140
5181 17700
23206 25267
4148 9509
4142 20162
20276 21878
11301 27460
8558 13674
12168 24069
10382 12905
13422 27597
16957 25735
14534 15819
2803 18824
4599 26077
21080 22951
18603 27466
14474 27479
24599 27005
10965 20846
9653 16107
9582 26721
848 22323
18823 23233
2058 26299
10479 25584
1627 2320
21272 25403
86 18876
20227 25247
17902 19494
23987 27868
23803 25318
13714 22078
1574 25361
4302 11261
5855 10082
5502 12010
15862 17776
7735 22588
12175 13628
9823 19283
7698 11030
13148 13480
10018 14633
16171 21016
21846 23710
6966 27935
24069 25802
10429 12243
7464 20487
396 19732
9027 9243
1162 18680
11917 21738
20446 22031
461 23388
1782 22168
4422 17498
4312 20990
2402 21431
3081 18238
10584 24716
4233 7083
5708 9268
1214 9699
14901 16452
17695 19289
18679 27152
4181 10082
580 24160
2496 28186
14260 22649
1529 1867
11793 26432
49 2024
757 7271
15456 22227
13777 25988
3757 20632
4876 24061
6381 20198
1986 27827
23703 28074
18516 27811
1381 25657
16955 18369
15564 16357
13673 17941
22044 25300
21701 25599
22495 22992
10866 24204
211 14706
5691 10160
10815 19396
23738 26134
9426 22096
21776 25232
4951 5002
4949 10525
5194 23202
6388 6540
10160 26127
9569 20092
10066 16020
11143 27285
11484 25936
4422 18644
20355 27208
23619 24576
2589 18544
13029 27899
13037 22517
4311 9612
20922 23934
8982 9156
21955 26959
5012 22157
3537 17350
2911 22925
17057 20558
1174 11028
14480 17027
4216 15504
7114 26313
958 20092
12182 25392
3986 7368
23822 26176
2150 17177
5580 9154
27010 27648
5795 25421
13324 28200
4313 8364
6169 21888
12357 20579
13738 23934
11273 15257
11953 12228
3397 9006
16771 21993
9869 25780
12855 25106
13579 24543
10027 24656
3467 24068
18295 21834
9465 9799
4705 20893
13434 24406
7950 9194
609 10876
1603 14076
15596 26729
18026 25774
1223 21692
11562 25336
1050 3075
21330 21944
6488 20282
11133 16386
1607 3779
898 25206
2390 14411
15793 21262
10788 12816
15019 18534
2411 25382
26359 27959
13250 22298
14477 19068
710 6848
1643 23204
5834 6097
15251 27234
5697 13516
8457 11780
2590 17354
4672 10399
20338 22521
1343 2635
15376 16629
6868 15084
3638 21470
23320 24248
5108 24494
9683 12672
16090 18259
11403 20664
17254 19716
609 11007
9424 21323
5326 24947
2040 7878
515 17615
9708 16737
6883 16214
1920 17214
1318 11497
7597 8708
4623 9569
13158 14010
19288 21329
6745 7360
18423 19375
8547 22950
22607 27221
7830 23574
12214 12612
2767 26314
8028 24970
9945 16695
7828 25366
3903 14971
3492 10745
2345 20313
9569 24157
10220 14971
13285 15956
2647 20384
11735 27565
6891 11019
3542 22835
1512 7295
8003 14407
6464 9717
3066 23866
514 25034
15794 18730
15003 24313
12217 25673
353 18378
6239 17263
13691 16588
7642 19230
4952 19712
13970 26322
971 10642
25403 27271
1530 25962
6424 9864
19396 28211
7318 11217
1746 18445
20813 26139
2689 21129
691 25377
6818 21079
2356 3204
2943 4819
11484 19572
7182 24653
6282 15749
6239 17398
9313 21436
1176 19323
2606 15624
10854 22627
12010 21864
3848 27759
5078 27418
18177 25028
17363 24673
18298 20973
7453 14826
2206 16593
15064 22184
12754 13647
2671 27611
17963 23932
5246 19785
18308 23707
7111 24601
25357 25545
8669 25725
3882 8924
12428 14642
3488 20904
8841 21720
18250 18291
15103 22784
1924 24061
8933 20398
3333 19139
13564 14672
10600 21177
22050 23546
1218 12770
7635 14520
5775 17239
17382 17795
12952 26020
12374 20047
17743 18135
23711 24635
17043 17319
7728 27224
11594 19034
945 13107
10988 24727
12014 24112
21778 22242
9313 22662
2567 15187
872 2040
18069 24955
4148 12922
4165 20001
201 23115
20317 21859
1771 2539
6156 8463
258 14364
2121 17606
17827 20989
18015 20485
21341 22416
18410 28082
18700 21004
10023 16976
9501 16767
187 24653
31 24664
6729 11438
4102 4945
22032 27365
18272 19161
11797 16717
4271 27660
3558 10127
14840 25140
16923 25385
2646 3219
18784 24575
6251 15184
1275 12145
11148 16747
8733 27664
14010 14023
24049 28044
6516 16353
12615 20688
14604 19023
1442 14039
2076 12264
7447 25270
14193 18717
13422 23574
8384 21826
3282 12066
117 22987
1440 25836
6707 7559
9535 19424
17947 26069
1775 18318
7869 9584
13277 21026
7836 15791
3206 3987
15350 18400
1589 15511
9320 20041
1645 27607
13991 22278
20380 22139
3273 11903
9871 22646
16861 21831
4417 13086
11631 25699
538 2407
4749 15791
19816 26512
828 6161
5191 18708
12033 19560
22799 24598
681 19817
19194 26905
7101 25160
8770 16320
24120 24720
1408 18429
6228 19292
7541 11231
23188 26948
12341 12346
4076 4941
1 8071
15494 20230
10910 16291
1498 8390
11868 23281
13912 21101
20669 22645
3197 16026
19541 24855
3215 20095
22787 27382
14792 26584
17489 20258
11429 22899
5618 25903
4568 25151
877 20231
4675 16473
7348 23369
3728 11250
9441 11710
6182 25727
13471 24275
3401 14954
736 12417
22833 27329
16582 24193
21094 26706
771 3072
5989 12428
12664 23844
1609 16957
20876 24104
7205 13437
14022 17580
5756 9465
4608 8100
2503 16260
10419 11668
1635 3728
8214 11688
1073 20818
8486 23901
26193 27490
21240 21516
6094 19155
9159 20956
418 12079
1123 16621
9071 15361
18319 25157
6633 6668
23319 25735
6848 14820
6857 26705
12161 15642
11133 21252
11080 23932
20081 22058
825 9536
11978 18538
10986 20985
12754 19410
16910 23929
26815 27643
11954 26015
13984 20258
5484 21505
14910 27714
18471 20906
10974 17408
14513 18901
20092 25847
11283 23710
22200 25507
280 27278
10630 26187
388 9703
7587 24317
1410 8315
22670 23628
3284 11673
8351 22779
11431 25903
8083 19871
15574 16803
9416 20789
15782 17446
1356 15327
12375 25243
3940 21707
9623 17495
4536 10871
5516 21159
5989 18216
2087 19004
8212 13721
9631 12837
17161 24626
13734 24309
717 6569
10691 23590
2506 20887
2401 12558
10027 22821
15267 25154
16510 28070
11141 14178
4340 27374
12860 13385
6848 17847
4070 18745
6020 22812
13954 25329
9407 24411
16500 27372
11192 21380
12927 17640
343 4328
11893 16274
7212 8290
15951 22795
7273 22117
1308 15266
8833 16362
16282 22743
805 5728
1443 5602
17326 26153
8669 11611
9263 23106
13646 20370
1844 27740
5989 14112
7247 25262
23115 23675
21984 22304
2424 9631
4646 15299
6107 15921
8167 16823
1174 4211
2383 24136
4550 19655
19481 26334
1373 20355
11395 20328
6767 11816
4274 21798
13054 15323
9391 17335
4717 20172
580 1978
220 1468
10859 28203
5609 20558
2302 10160
7079 27746
828 1188
24851 25003
15418 18921
2088 4856
5656 23932
8785 18626
1412 11281
2001 16358
7440 10811
1609 5717
2325 23345
4039 22857
22521 22539
10033 21642
3247 7358
21438 24677
14534 26943
1885 12210
1209 6830
3725 16221
20780 25109
919 14010
14471 20338
14010 17847
21026 26229
4547 16081
15916 24503
11227 21719
17902 18731
10346 22433
3372 4519
5681 14507
18605 24131
11320 22624
14706 20714
1073 26555
5321 19441
16919 24847
2130 15679
12800 23310
5995 12804
26000 27042
5214 23377
809 7881
9837 21079
478 11553
1037 5448
3293 17496
14971 25254
1849 2870
2663 23557
1878 8990
22292 23467
14133 18320
13282 22355
4764 6556
19482 19728
3197 13222
4073 14478
9617 20527
1163 20579
13713 27030
15644 18167
4177 7948
6261 9234
683 8488
2867 16508
11956 24690
10247 25283
3733 13186
21312 27792
16877 17764
7737 10063
3734 14024
19033 23660
711 16535
1305 6408
9089 21416
5767 21815
2325 21115
9710 10317
13816 18110
12939 19043
1678 5603
20837 21118
14135 26689
6509 18243
13688 21572
23442 27078
4232 8950
4587 24034
13232 20162
7115 16928
18773 21831
4534 10357
10090 16815
2660 15173
7290 24057
12642 24422
1900 3169
12452 19601
11365 22942
17422 23143
7988 24040
5081 21029
4784 14769
4609 23137
9179 19827
2258 19756
11766 20007
2635 14393
12149 15962
12228 25949
7841 9441
13960 24836
21565 21732
6926 10243
406 3354
8384 18565
2545 13857
15916 23422
8757 14844
11295 16559
2185 8990
10137 20378
3657 27115
17000 17931
15758 24060
12282 12397
470 8300
22814 27978
20459 25059
15047 21798
3793 24618
4414 24062
20664 22889
7420 27403
271 3859
16187 22256
1384 28211
902 28134
1162 2657
492 26038
9406 14520
24074 27653
18753 24577
1303 9226
538 15168
12128 12298
424 3378
18998 23442
9281 24904
14964 18864
21927 23738
5657 20503
2655 26948
1197 23323
8057 12994
9086 17640
7002 9884
5691 13245
12341 15245
5879 9685
6667 8498
21252 24747
15147 24509
13208 22112
7023 24970
1200 12790
969 6388
8094 13535
16942 22522
25151 27081
4782 15595
3032 21095
19354 20409
10692 13061
17304 26061
14768 27664
4646 18669
11744 11950
2719 5284
6972 17905
16180 20836
26493 27596
18669 28199
5142 23502
25100 25180
20093 22925
49 15312
10846 20173
6517 18791
16600 22897
2759 18033
21739 28114
14072 22804
11080 25140
15610 27243
8122 25894
5250 8263
6309 13195
7196 11880
6514 20992
16150 17955
15594 18461
13047 22363
5755 13141
8201 9302
5170 14500
8664 10488
3141 25711
16983 17791
2623 6197
4102 4891
6893 20538
2031 11326
7225 14724
18816 21971
641 2470
16957 22648
3261 4531
14464 15730
15190 20384
7743 19532
2607 27356
3311 20286
22339 27004
3303 6159
7354 16932
1285 1949
3793 16748
15829 27441
17649 18808
23062 25035
8454 21083
4085 18329
8200 25866
22966 26793
2828 25658
7205 17214
18958 27087
3116 18649
25088 25412
2416 9251
9142 27658
7345 11773
7410 24136
1126 21369
11978 21484
1851 25527
14240 15169
4244 18373
12049 12312
13208 21086
933 11783
760 16184
13203 19684
569 1112
18510 19509
14424 20179
2707 17619
8182 13984
13605 20041
15869 21246
15377 22925
7830 19154
9326 14033
5050 8340
5651 8394
11154 13664
7877 25468
23530 24657
907 14291
8586 24330
1769 5760
10208 16138
9222 24816
19061 25059
11428 28162
9118 24836
1688 4999
19909 26975
20778 22814
7614 17232
14167 20109
5435 15634
3165 24061
13033 23318
7719 27748
1018 8308
22630 28090
2748 17524
3051 23687
2764 11610
8386 25828
9264 26866
18027 26103
3051 12116
17916 24883
3039 21324
18191 21589
13032 24892
4120 18852
24495 27051
2660 19509
8923 9185
12580 21761
13917 21503
6625 11545
16386 20622
18254 21928
12708 26143
8751 14100
2701 21094
10227 14212
16035 26608
10967 18594
22784 23480
9487 11286
5021 14289
4472 7873
4635 19032
7075 26311
4167 7304
4753 20916
7656 21131
21422 27264
4662 23187
10639 16642
21105 24131
4051 18053
15770 22399
21962 26026
4377 24575
4865 21075
670 8190
8071 17086
21849 25219
341 406
7645 18392
8846 24886
1834 27200
15693 23585
14604 25660
2104 21922
7907 18357
9062 18699
2646 3695
1134 15904
16133 22031
8150 14121
1967 18447
9618 26691
8299 18775
7496 7893
24422 25443
18051 19999
11424 15435
23803 27594
7550 17106
8441 12963
5711 23016
5383 9654
8377 14891
13223 20953
13744 18788
8430 11080
17426 23288
5735 25651
8182 11975
1770 11198
674 1944
3147 23657
9174 25906
26092 26840
15561 16054
11089 21891
4756 6620
1209 19868
19542 21203
12627 25163
1767 20370
6843 27497
17017 21530
3626 12924
8320 25110
4390 7733
9151 9388
7145 7861
22769 26474
1417 6517
11011 24384
10720 18003
662 6455
9115 26661
12260 26087
2981 13843
8624 20266
10462 13255
11582 24393
7137 16369
1015 11880
224 22265
4320 11188
9243 22004
2436 5089
2909 12597
15409 22420
10515 14231
12001 18853
15541 23492
10963 14301
16906 21970
2336 12900
160 19610
18625 21891
7473 17730
9837 13316
9280 26654
4101 14995
7317 23885
594 3002
8341 26830
17584 23692
7878 26394
7472 27194
3186 3667
4363 7935
12873 26601
21798 23361
9874 17318
15341 17803
3446 8003
17664 21647
113 25039
17303 17636
6531 19065
12094 26273
9281 13106
4626 21555
2934 24343
3762 6151
20514 27260
23365 26341
8795 23566
6451 24904
9252 17394
8734 25298
175 26839
3608 10444
16559 19662
3799 9491
17185 17415
15096 23803
2556 14389
17760 20936
814 13931
4024 18315
3200 9917
242 2721
2604 23344
4965 28210
7350 10952
7877 18553
15429 18280
13626 20204
24435 27647
867 21458
8251 23197
10647 27086
14371 18787
9255 19001
7360 18194
4305 28197
12254 25109
15941 23930
15749 18813
13846 17657
8829 24136
24618 26173
874 19103
15060 15833
6016 11619
6077 23836
425 7455
588 7003
13032 14040
1529 27954
10479 11922
19664 22830
21029 22168
2297 6162
9067 23911
13328 17665
312 4110
259 22078
17920 18029
6363 9354
10461 21131
20445 22150
11484 16518
5732 27192
10806 25960
7210 11195
15069 21025
21278 25657
13661 20067
10929 24344
9060 22197
5902 12877
1475 19714
7349 21577
8005 17625
874 13526
12689 14534
8606 17765
13970 15376
12056 14390
17977 25945
5331 8190
17214 20162
18985 23893
1449 22957
8924 17345
10391 23208
7185 16953
3488 20387
7332 26688
15428 26437
9585 12967
14794 22326
4737 27652
17643 23346
9551 10188
5116 25969
14552 25978
600 4211
2606 16206
2608 25181
3993 16749
3648 14625
8795 17105
11918 27424
22882 28269
9553 10304
1067 20973
912 19686
1604 14840
3900 25397
3257 8506
643 26598
11721 22868
17146 27867
4633 25743
4967 21815
1871 13688
2474 22976
6078 13279
17530 24095
3690 26946
12483 19076
4949 23372
14001 25304
4353 15734
12214 25426
12037 13491
2942 24959
13523 21654
3859 20258
6914 21309
17504 20265
3654 7926
686 1830
6650 23718
2480 27397
4761 20904
359 27508
849 23476
10292 16430
509 11545
6182 27707
10189 11463
4849 18553
13057 21515
19445 23426
4394 23156
10263 25981
1267 26502
13909 23074
5875 9268
16258 23863
11076 25174
175 23277
2764 24668
6495 25822
22257 23549
3734 22912
4068 21579
650 27925
3651 27425
11378 12219
5047 22319
811 26807
2875 16957
1178 27652
16884 27316
5028 27206
1182 12287
8686 25729
7478 8824
3985 9783
5389 9915
9973 27293
2648 22702
18964 22626
3900 10018
22496 22640
6800 16257
1309 26212
19857 20498
1779 5455
273 6480
16157 17730
6798 10517
2223 24074
14552 18726
8435 28140
12040 26835
5731 27675
1545 5458
23225 26991
17491 24476
16328 23337
16092 16714
6927 25703
22901 26469
27816 27976
135 6876
5527 10419
10560 24451
11722 19719
10116 27279
1754 17860
8036 22205
3722 23932
15184 26038
5758 24520
14464 25926
2484 23144
1736 4204
25210 27252
5502 23762
10888 23396
221 20597
4808 20112
8474 24736
582 14008
1399 23997
3147 26009
18594 27801
13491 16979
1349 2535
989 8972
9795 14941
3072 23830
396 15210
10549 14997
16639 17370
8434 16495
7843 25433
2177 17527
7748 13697
10436 11319
8884 17209
9657 11690
9561 19604
3244 9795
16935 21098
12998 17782
313 2339
841 27669
2525 10036
25542 27611
1251 18093
13282 16963
2100 22448
12287 15286
7079 17166
6049 8028
25330 27920
12956 17630
9631 17773
13892 26665
2647 27374
11804 23911
23372 27445
7053 23552
6771 11294
25287 27930
11504 22339
313 18249
2087 15408
10441 20118
7566 27651
18452 20661
21955 26227
13852 17479
5815 27821
23981 25849
6801 7154
13289 18021
10278 22029
7512 14445
19123 22042
3943 14794
313 10935
8810 9625
903 1042
6741 15225
292 4239
3228 25250
7234 20988
4195 15251
14264 20909
12811 18225
3712 9273
5271 7039
2648 6824
22379 28211
4257 10490
1142 14783
5338 26087
1524 20857
16906 26785
5584 28217
235 24509
24354 25343
3875 25559
2756 2981
867 3254
21225 22453
21126 25397
11262 19818
17101 24061
5313 13662
16930 22031
580 18891
3665 21963
9809 24149
19034 19884
6482 15500
8787 11020
4731 24207
18626 20758
573 11785
6532 11603
8242 20869
3634 5153
11363 14307
18185 24904
7202 14543
11092 22610
15055 26892
12119 22256
12341 15236
1114 19013
12821 18556
660 16308
24953 27621
10756 26520
12832 16472
3850 6493
4949 10718
16197 23318
1065 22763
2241 17409
2413 20455
23574 27324
5093 17032
17214 17640
1686 8931
18336 21226
4717 4726
10603 26408
3758 10320
1047 16501
4009 10284
14304 25409
16727 19269
12363 27811
129 3261
12399 23560
4456 17115
824 14323
4123 10520
14728 23721
7205 11431
4717 10390
8517 19273
6489 28157
3643 5941
1742 13970
12671 13431
12056 15141
10060 20329
3718 25301
8956 22425
21725 26573
711 21616
27298 27385
3624 20990
1126 20503
10344 19627
677 8073
13744 24290
1020 1456
18930 25693
4886 13926
8746 15985
13649 24915
2412 25558
19448 22278
14136 25105
3019 9869
4262 18902
6177 27861
16026 25121
19536 21353
12792 25817
7513 14534
19857 21638
3741 8401
4992 17422
5389 11495
993 19683
7052 13882
7947 17075
8954 23637
23265 27810
21859 24361
2386 14520
10168 10242
1925 9457
15713 19212
17003 27372
7987 8505
7832 20906
16190 22775
16411 18445
15094 19367
2831 15263
8437 10061
5959 22527
360 17372
18078 21177
2850 3934
3122 21380
3141 5434
11324 17089
11858 22300
4201 23653
9194 14345
14334 22680
23631 25215
16847 26481
11674 12684
12965 22080
8090 17468
20308 22363
22593 24059
14827 21859
6917 27642
5115 20258
2299 23143
17414 20801
6137 14033
4023 25975
4067 22095
17986 21881
428 16069
137 6745
7538 12105
915 10019
8005 14954
7323 16175
24442 27912
11295 19008
14228 25107
1299 17378
8932 27243
6047 25306
245 18927
3665 11252
13056 21853
18001 25163
867 21514
17033 18208
5680 24752
3342 22742
7791 10433
7835 13590
6707 11150
13334 15762
4 17462
12053 27056
3678 20835
485 24127
12520 14727
3889 19200
13927 14280
23133 27161
957 12954
15158 18305
10170 19075
17530 22425
13952 17586
12008 14012
2333 20669
14012 19325
11803 21358
2530 8057
3345 27068
5728 24502
14598 25193
5295 18603
8750 18784
1832 21139
4012 18321
12657 19601
1600 15373
1767 8923
22017 25669
7091 12444
1075 5397
17541 19154
1532 3705
2925 19947
5331 17235
23149 26643
18814 25414
1925 20147
7971 19171
18007 27845
16103 16769
2374 22271
364 411
23866 28108
8481 24379
5984 19959
14672 22634
8190 19508
20544 27976
22080 26973
4642 27719
12363 24177
12565 15108
23294 27604
21638 24280
5054 11898
155 16388
1969 21044
10524 20565
7319 25082
7361 25613
7293 24069
3002 16108
5266 23730
1035 27701
11592 16268
16082 20339
13834 23868
2526 27552
8145 28255
2730 22060
20032 24028
8705 11295
12193 20047
2185 5609
2963 19817
957 4380
11495 12956
5691 6372
4162 23863
6594 10741
5884 7704
2342 19257
18475 25748
17403 24636
19275 27197
17056 25735
5397 11092
12228 20196
8303 15660
4149 4634
8138 17303
8043 22685
8104 17828
6594 17740
8251 25107
13367 17905
333 1878
14072 28044
3779 3953
4152 13459
8011 25707
4796 7379
5614 14029
10790 20691
5252 27522
18787 22448
3171 24997
18607 26879
6280 19867
16094 21544
13203 14016
4515 7392
12346 21369
15442 24601
7741 21990
5944 25850
6832 22466
8746 22900
4241 20008
13561 14971
3794 28032
10630 20417
13553 27508
3593 24477
10837 24671
6728 24783
3008 17763
2447 25560
10920 19482
1253 15402
2150 3065
1920 18481
8471 8701
9767 23082
2628 8481
19977 27710
7357 10532
11455 17890
8057 11192
2046 15858
1972 17123
49 14731
17735 18591
6932 13951
8319 16236
11076 18674
7508 8398
7997 21366
5522 21766
1223 17530
10682 20917
21505 26476
19965 21744
23944 25881
18037 26680
5517 8085
715 4550
2696 20506
7648 15169
6078 14352
3628 8930
3852 6427
3622 11975
12424 14665
1891 9922
9560 12737
19667 23375
4785 24068
6693 8863
19130 24589
14448 19086
7070 18057
14447 15870
17516 22145
4476 21293
3695 24156
4194 25630
7297 24717
13970 21149
1240 2437
1113 25043
15920 26160
1273 13198
3059 11581
1761 21115
9260 23265
4659 6573
13381 27005
2225 7443
16841 23430
7718 11727
6707 14827
896 21416
21450 25272
12223 15892
201 26916
8198 13116
12430 14887
6572 20667
5502 17559
13408 22205
4766 15990
17119 19913
6517 18547
4061 9631
1308 13865
10089 17444
22814 25602
3714 7200
18651 23686
15610 25602
635 23143
14534 19820
20062 25024
5997 7469
13282 19219
9738 15428
3307 16579
1055 24506
2164 9717
7512 26687
15996 25252
1699 14694
22452 27069
1426 25709
10920 13282
669 15190
8322 21746
9843 15641
4236 6994
8018 20483
25903 26189
16720 26094
14136 19311
5329 5976
1026 10128
15950 25835
282 8184
10935 23521
10479 12221
2288 7073
5048 12228
20797 21275
2470 5262
2986 5389
1726 6677
3121 12792
14893 17167
1530 9573
5667 14392
9378 14592
2771 26518
5378 26404
13510 26682
14644 27698
8588 8768
7791 12512
17182 27086
5977 20510
14827 20825
7367 21670
569 11416
15840 20461
4012 20472
14892 25248
8040 10579
1181 16649
501 15031
11262 17103
19075 22897
14586 22036
18533 25203
15360 21244
3423 24008
9524 12085
1963 13989
6215 18669
7828 22304
1213 13453
4918 14273
86 19931
10792 26021
1754 27125
804 13818
19753 22309
13597 16454
12538 17965
9784 21891
21735 23357
1450 15376
19647 23500
186 758
4192 5703
330 7650
12551 26184
11664 23964
4367 9525
14436 20828
17513 24280
11988 19047
10727 22947
15400 17963
7910 22240
11872 26473
19487 27729
3296 8669
1852 20424
1379 23649
7325 17562
11781 17613
6673 14964
7341 20992
2478 28111
7692 23385
10418 20409
411 5824
9413 17739
2482 10584
6221 23365
25311 28238
15450 20775
2200 13702
8148 27440
1052 23593
9214 27454
14427 23605
7950 20144
9084 25321
14315 16659
6454 22106
21123 27612
13493 24904
3435 9065
5081 8925
7635 9406
7820 22206
509 7375
7569 11773
10668 13091
12275 14941
20342 28001
2395 27938
7741 13599
3146 22608
731 12709
22210 27766
1377 17944
11495 24610
15410 18999
2882 26929
13328 23047
19334 23267
18646 25399
13514 22983
1311 12116
5215 28249
7656 25923
3116 16767
10462 18128
16152 19431
18983 19292
25272 26620
13788 26092
15762 16860
5019 26677
20479 24904
12474 24693
6487 8835
8893 27401
8340 15002
3856 21828
16467 17875
5332 8787
10389 27016
15116 15617
10693 11870
1406 12573
396 27849
13756 19830
849 21768
12887 26546
20667 22386
3872 14380
439 2753
17819 25901
15104 25676
9260 14971
761 25437
12496 16987
2337 9708
4196 13796
18532 24127
2177 17040
4489 22761
7511 8184
10701 24917
23803 24000
3000 26799
20899 23115
15410 18993
3195 20959
16238 27657
11998 18496
7508 13661
23781 25956
17806 26048
14694 21893
812 3037
106 25155
10259 22025
22052 25550
1138 22850
16194 18659
12479 18793
12105 14489
17304 17560
13186 17543
1487 19123
2561 22240
2759 24290
2230 9323
9536 22042
1111 13683
12596 15106
1107 5434
10783 11634
1349 13291
1780 10389
5500 10079
2807 3970
26571 28236
16711 24575
24345 25069
8504 12264
7314 14100
3644 15416
8841 25901
12371 28106
5082 17241
4828 5042
21671 27742
5156 23652
5440 21390
14971 25306
9671 12918
1613 25879
12441 21438
1056 4959
1890 12228
11878 26069
4655 25788
447 25382
15241 27274
25302 27838
11216 26149
2233 2708
16589 18824
8083 18753
10415 11103
18241 23249
22311 27404
17146 25420
7793 14050
11037 23693
8266 16755
2936 18633
11722 27287
10822 13121
5089 18160
3152 14258
10816 20116
1353 15751
5493 13810
2396 7075
1489 16038
1504 8831
7632 27719
11637 18945
24439 24502
9021 26591
20550 23656
8963 10023
16480 23038
6886 13232
6430 24073
7582 14680
17404 18137
6536 17787
19168 22507
7453 24405
22761 28175
7530 8205
19727 27686
1405 7268
3961 10309
10871 18061
5564 16428
278 8973
8396 28044
11483 21889
7188 22799
10618 24927
8075 13620
168 12966
20204 27920
10023 24096
1887 23617
592 25589
15792 19846
568 11428
14808 16188
19985 23074
1171 11039
2027 6149
23016 24252
3197 6669
5862 8167
24607 27794
19548 20032
24109 28279
13728 22315
9090 16434
20922 23061
20676 23843
14624 25148
15596 23267
9959 19614
13 1613
3946 24862
4650 11416
8202 9881
4082 22299
3695 23574
4081 25547
3575 7349
10593 20378
16582 17823
11172 22425
17726 23442
19189 19601
2539 8397
7491 14348
13943 18529
11348 16627
18128 21109
7458 23687
9904 25508
11332 21856
14029 27706
7061 17999
9731 17727
4992 13027
16136 17819
5017 8597
13772 20541
19871 27564
13051 23597
2646 7002
17912 18920
9614 18245
8352 25453
1852 22996
7463 27966
893 17763
14881 19445
20802 21360
2039 22630
6879 10578
19131 25329
2907 25062
6144 15178
5003 18078
10416 27418
14657 25357
2324 16381
4997 23663
17530 24127
2611 17630
6623 24225
16210 24450
9001 25658
10839 26497
14021 20962
24854 26541
1823 10701
10449 19313
1243 19657
4440 5782
23914 27744
2364 15642
11300 27081
11360 11890
17538 27922
3877 17688
564 7025
13610 18758
2139 12612
10487 17819
12792 21139
11450 19062
20417 21582
5331 7948
6123 19491
15001 16011
1402 1940
17700 18529
6552 27802
15169 20162
5818 6968
14021 22750
6239 21726
25039 27514
11062 13897
15446 24610
3285 6990
11800 13698
10166 12424
24371 24738
1757 2624
11444 23944
8460 24602
3041 11584
3197 6539
1435 18336
14489 21738
16436 18652
13591 27660
8158 27944
22897 23619
2872 3974
12773 13695
11197 13642
3634 16187
18280 19639
270 24689
15164 22202
14198 15852
26577 26615
7944 11951
8291 14154
4255 17891
9589 27361
5587 24403
1317 27571
12612 22140
9367 27152
1052 10407
3389 14464
8441 16299
23338 27660
7595 17220
20657 21387
2289 25021
3719 22404
2096 2162
3609 9631
22020 26176
20219 25882
595 22581
15048 17859
7461 8108
8083 27460
1761 6248
6198 19625
20809 25445
12110 23082
1942 16148
7360 27016
15727 25788
10393 12566
439 20068
3477 7491
3147 13355
8249 11682
13363 16401
6284 27298
3710 8807
20974 23806
7937 11193
11456 15074
8437 16865
15069 21748
12030 18497
3674 16460
1573 14350
9025 23706
5123 23365
5832 14049
9063 23155
19495 24353
13388 18027
4302 7115
8396 11940
14296 22657
259 13590
2410 14255
9326 26549
18521 23928
21130 22992
2929 25547
14098 24990
2802 17593
3856 10358
5153 19326
4218 15341
9552 22506
2270 25564
10935 13266
2326 7202
8670 21673
8063 15425
20504 21886
17760 22373
9963 23719
13597 14790
6629 18641
5511 16910
16181 23051
14694 28211
8641 17501
2942 26174
9970 26580
588 3424
214 18919
11746 21798
9253 20824
11304 17534
5660 9091
25036 26619
810 22663
857 5968
15505 25172
16978 22035
6459 9063
10845 25451
1856 5731
9986 26838
388 18973
18370 22024
19115 26753
3591 14657
19548 21372
23520 27735
8245 15011
8899 22452
16470 18160
7332 22966
8114 14727
9720 20657
18334 26880
5878 17858
7820 11495
1263 24789
335 20157
7205 18591
22133 25552
18911 28055
4632 8160
13155 24005
2396 3825
23764 24939
15047 17965
20179 24428
7360 11804
4252 20477
13888 14193
2031 9348
131 14399
12056 27016
11281 18050
5759 16661
16794 28257
10921 19784
9479 24457
10405 21633
5832 20464
13370 18593
25036 28016
3944 17076
128 24419
3423 16878
17331 24349
10242 17426
9804 26353
406 22415
4504 9086
275 24965
17407 22205
12691 21845
343 28044
3961 23023
621 12236
14814 22726
11147 22511
19606 26907
5277 21443
21716 25183
10388 22989
8074 13239
6505 14322
24336 25410
10242 13482
13456 19223
8732 12228
12056 15108
1867 12219
1713 7471
8570 10813
5710 25064
2245 10484
4420 13632
9834 22425
2667 6299
2345 28109
7695 17812
26806 27527
3059 4919
14871 26752
13078 14487
16867 18560
12110 19847
1181 23716
22052 27121
5731 20959
18189 27790
3825 14971
8705 13962
11331 17020
10736 22988
7263 18809
16998 21939
2648 15034
17032 20461
2407 18355
728 6255
1562 19434
3820 26151
13860 13910
18608 23202
13993 22553
3859 11134
8644 21641
5403 19899
12956 28044
16888 26176
15792 18149
991 23798
9105 21623
3666 9594
17604 28189
15155 17486
13286 24832
6263 18128
711 25547
828 1666
7368 27736
5926 23365
18678 20667
21436 28063
1370 22616
20437 27248
3773 20100
7867 24177
8394 15919
7877 12287
6454 15823
3733 25991
16806 19669
21813 25094
2093 22250
24095 26313
20737 25349
2270 20067
14568 26329
7477 27705
14420 15410
3761 13575
6935 16138
11111 11148
4767 10461
24096 24818
10287 10971
21126 27719
9547 13078
11076 15620
5832 17405
7923 12636
11610 19031
3186 4170
16529 25564
406 9605
8893 9746
3202 10919
16181 18824
5978 15692
3987 27966
23619 27428
4705 6695
8402 23873
17550 18896
10018 22263
5485 25550
23272 25490
10540 14837
9479 19019
731 23361
9847 11520
1500 14346
681 21488
2272 24422
2778 16102
12617 20296
11140 12271
9071 18341
3231 28070
25337 26179
5117 13513
11805 16197
424 918
17178 20833
21353 27788
20633 23892
17832 26563
17743 19610
5528 7300
11624 16781
860 14805
11271 14140
20162 21470
13298 21798
3158 25901
23062 27481
8717 16819
3080 22426
188 24083
24122 27569
2932 9109
12564 28029
24120 27892
16470 27326
317 27689
13374 22670
5737 21536
25081 25921
23125 26752
16639 18053
6246 12890
8772 13091
11080 14971
3762 7737
18997 27918
3755 21274
7368 17715
1606 15399
12960 25262
23619 24616
2466 8046
7007 7168
12956 15446
2236 23566
9707 15493
7946 27392
4459 5227
15022 15478
4394 12049
10473 25345
4438 11899
10270 16487
2332 2527
9989 18255
4675 7053
8161 13989
4179 19836
24371 25669
806 5505
1257 12715
1405 2173
6559 14707
5907 8806
4325 12112
19576 25443
6775 12034
5989 26498
14564 18344
1462 27352
20036 23838
3338 14800
1396 14598
3882 17815
7166 27197
2474 19941
15561 20079
10839 17941
2452 15667
17770 24876
15866 17300
10617 15725
303 17963
3876 20167
12800 23075
13941 16390
1713 4597
396 20258
10022 21214
6458 17785
21325 24419
8220 11076
11214 21225
10838 22987
7750 22031
5397 6601
15269 22411
20988 26815
4181 7828
14591 16368
7982 26173
3819 27045
193 1335
609 9730
3741 11860
10485 22598
2925 24789
3912 16253
14329 19845
4992 18228
22498 24081
36 17782
4959 6785
923 24715
4204 11634
13584 26913
6190 10682
3685 23282
10746 25497
18300 23016
15660 24525
8557 18221
9421 20250
5190 5542
13686 20002
2632 27247
8935 19891
2957 12785
13619 17449
14609 28259
3167 13038
2466 23658
14266 16276
9683 23422
3317 19890
2031 25483
1181 15277
10012 23588
3452 4038
18921 24120
4886 7416
3357 9631
10160 11552
10287 24315
719 14464
13291 14309
1852 25699
5949 9268
10782 19709
18791 25391
3215 16776
6729 16428
6431 18251
10541 21418
726 24398
18689 24095
14067 26081
21886 27966
18598 26958
10799 21616
10811 25263
5978 11154
12082 12335
3233 18487
13053 16121
4224 15427
8504 20409
3566 19121
13480 15179
8660 27073
10572 11757
4409 16951
6246 23390
8931 12388
3741 11526
8122 25068
6707 16216
266 3286
14634 18536
16996 23693
4250 22729
1197 1760
5348 13736
11880 12945
11128 20478
2989 16991
10128 25299
4325 8948
7750 26930
16307 22565
6509 16928
1379 8368
13234 21691
16325 18910
10606 14634
3924 13476
406 3650
15017 26291
788 18050
7783 26372
15442 20849
9528 10042
836 21939
8963 25001
1083 23210
4532 6552
15355 24925
2571 28159
17335 24623
21378 25496
7836 9252
12587 23952
9569 16679
1278 14954
8511 26798
8324 23662
4782 9341
2677 2682
13420 23366
25174 27420
7147 28255
1138 18982
6832 9821
15495 22616
2471 20034
7348 27913
111 21154
5472 8875
2197 13301
4081 7756
14733 25828
22585 25986
22476 27908
1358 15528
1456 13836
13517 20407
424 22693
8246 19639
22379 25847
16766 27142
7512 27720
6940 24229
13905 17562
3869 22848
18070 23532
3109 13602
19856 22933
16189 28148
9226 16582
3522 12653
14732 23684
6052 23562
526 5093
13790 22146
3709 11209
18192 24601
10093 20633
12686 13402
13093 18745
14665 22161
581 14355
20943 21105
2692 19174
26107 27013
1993 9978
3819 17077
191 11227
24904 26396
3745 5485
15990 17192
1606 8705
740 25559
2340 13091
9869 12565
13784 22112
17923 26886
7930 18761
21829 24061
106 3349
5342 25956
10357 21799
18959 25956
6446 11387
17146 25405
10949 11100
3771 11047
1833 14193
4595 22422
1323 7498
16516 22469
7743 15142
3598 15736
4343 16348
22118 26116
773 11688
5989 21633
14631 21118
10119 26593
17446 24904
5403 14835
2535 22392
12155 26053
8849 27373
7933 21110
14133 27279
6806 14039
10990 23410
3587 13150
2535 21673
6292 18272
13656 22233
4086 25121
10937 26896
15601 25727
11997 14816
5047 17484
8236 24049
10440 25771
14344 19876
16441 27094
6470 22049
17896 25587
2681 18369
3602 16665
7263 19227
6170 27324
2914 26788
26846 27867
1858 6940
7131 9134
12769 20824
3354 28116
13114 21484
3790 6738
22203 24589
7323 20953
1229 19018
8596 16288
4967 23721
16377 19562
17863 23521
11025 19105
2104 15026
18884 26324
16504 21813
3429 24812
15076 21228
4032 16152
5209 9510
3424 26179
3467 16976
2206 3633
23441 27700
2527 20633
3041 23002
8541 9170
598 6846
26368 27808
18604 27669
11625 17084
2639 13132
20417 22498
11251 16964
11977 12508
565 6026
6842 7002
5504 21296
495 15676
11548 25729
14074 20195
6815 9322
14922 25490
8669 10730
2208 7758
7836 20933
22448 24000
10794 12169
3564 12262
2110 11133
18554 27444
3085 17542
10294 19018
12333 22479
3154 4517
584 4845
6188 15939
1359 11451
10012 16764
3259 10109
10366 18664
5438 9879
3488 24374
12501 19504
18832 19898
20503 21257
16053 24344
7002 13018
22518 22900
5759 12967
24688 25144
11040 26319
15741 24061
406 5031
11534 23225
4517 21275
8434 22398
2588 14994
4850 18925
6453 14469
12573 27158
3763 27111
1223 21079
21012 26810
5669 15401
1714 27136
22506 24338
18076 24049
1743 27400
9710 19771
418 20102
8556 19162
12111 25270
3059 23914
10920 23553
18626 27198
5502 21864
2942 16450
15644 24756
8745 10876
896 24576
1979 10312
11087 11104
2198 27243
12404 27210
15046 22286
3953 19871
15892 16974
6765 12924
20222 26706
6783 22058
650 14422
23143 27404
19237 20002
12103 25956
17541 23619
11113 27087
8785 13203
12476 23963
19390 20122
16036 26075
7877 22379
8891 16806
17030 18953
17209 20865
18567 20771
19019 24224
1959 16680
4403 10706
2 32
4110 14724
7898 14758
19446 26096
21700 24552
24407 24611
10446 11746
2230 27966
13472 24061
7029 12601
4891 14907
6846 21079
19086 22040
8424 23396
19275 22319
2895 11953
1727 10935
6718 8072
16100 20605
9491 13047
11987 22983
19767 20021
5440 25035
17902 23932
7508 15666
12945 17526
1851 10284
22814 28133
12128 18709
14862 24675
19978 24659
2391 3203
11322 15009
9560 15620
12122 17637
7996 22025
1590 5207
11692 14748
5579 10737
396 1730
1473 11529
1600 22167
3621 11484
10321 24362
4949 22106
5414 15897
18050 22696
8720 22037
16910 23860
14317 17527
5316 10054
19576 24280
6263 21994
18673 19990
7018 8128
16956 17563
3099 23400
6952 19396
8492 27502
20714 27221
3223 8990
6033 21831
19516 19874
11082 26307
155 11364
16024 18787
15981 26153
3932 10434
3664 4461
7348 24395
12114 20713
8800 10584
14029 20233
12291 17482
5160 12291
13272 25321
12899 13762
2303 12722
479 12417
11499 24749
7911 21130
7838 14909
7508 26347
14942 19773
4339 17965
12759 23498
18575 20956
3562 17603
5142 24693
6788 12590
11243 18386
869 25971
18679 27569
5767 7379
20323 22949
22972 27087
7929 12153
4097 27667
14216 15852
3267 15435
13274 14421
12038 20757
5658 21667
20480 22379
20242 27293
14080 19831
630 12223
6113 20928
3900 10845
711 3359
13887 24397
2260 19727
1220 6689
8347 25526
7092 18673
505 9762
4906 23422
3279 8544
6280 22640
8965 21448
15175 28013
13988 19732
9413 27795
5447 28211
6725 19037
1339 21669
3406 9543
3724 5040
12434 25896
5569 9111
8405 10428
16175 21798
18764 19506
12490 21522
295 11040
491 19846
6305 8493
4021 27042
3770 8730
16471 26738
16898 22786
6289 14532
3488 11216
12110 21929
4274 23361
693 22454
2132 22135
11746 13776
9016 22140
3385 15559
3674 7850
10080 16333
9206 12489
12317 25838
6288 12006
4670 10162
7350 18669
4786 5848
16596 24486
13253 18770
2521 24005
17695 24127
16351 26601
1197 26854
1944 8148
11846 15505
23553 23915
353 19582
1761 8962
7861 19555
4381 5448
13454 15395
1622 8841
8096 16037
5266 27646
16611 28228
5514 18677
9239 18636
1406 14396
4081 22641
7533 17680
11483 21692
4326 25630
9038 19635
17079 20522
18583 24921
15800 22211
4225 7814
5285 17024
15977 22566
14782 17776
3904 6618
5448 8283
10953 16301
9092 22954
1899 24405
4966 21668
7814 21465
1292 18605
9813 12103
10943 22946
13024 14014
10047 19827
11627 21094
2733 14354
2966 6885
3186 15127
9614 25301
17526 27558
14026 15082
1851 24804
18669 22071
22953 25555
3953 26892
16833 23011
3287 5302
13471 28049
11428 24830
11580 21987
7371 10495
22273 23923
11265 26606
19760 27374
17821 20841
7137 21505
12769 18835
7413 13454
12979 24179
4194 20525
9979 15499
6076 25945
24549 26273
13437 14097
17666 26507
4941 22515
7791 12346
810 16272
1511 1850
13373 24415
12855 13090
20936 22904
7025 17416
1188 3275
5205 15104
2470 11080
6649 22497
7737 19590
22340 24676
25921 26833
13564 15839
4353 16594
5819 16641
808 13679
13756 23044
7877 18471
5882 16203
948 18669
7732 25833
11837 15660
3944 7975
12134 18560
8963 21804
9795 23422
7905 10540
9710 24523
6655 9907
3169 14728
9498 14975
810 3592
7791 9524
10102 26097
6706 13484
1309 3756
2776 9569
967 7205
9063 12133
1657 21351
4468 17509
18824 26267
19326 26764
7695 27758
3445 23003
4448 22214
1996 11737
21753 25163
3408 11484
3762 21710
8905 9421
15874 16553
9012 9271
11534 21296
3781 20190
10019 12301
4596 5590
1727 11727
4870 5722
1368 2330
23767 24000
6879 19188
19915 23640
22469 26664
24157 27175
3390 15108
867 13591
11686 15529
3609 13756
7162 22004
1853 3797
10444 18679
18911 27329
16767 17645
913 3731
13569 18938
1768 9962
805 4043
3292 7626
10519 22384
188 10218
22905 23157
1349 20833
9315 19701
13373 21149
1030 16589
5792 21296
25634 25963
1180 27851
977 18369
16953 24360
9951 15443
6749 14520
13328 22581
11948 25257
12103 22480
7459 26698
11965 21811
5332 26677
6615 8734
12565 21798
6367 10018
9524 16150
14862 22230
13480 18131
6065 15481
594 22497
3488 9837
1308 10108
1532 17629
9837 18318
7091 21695
17597 25294
12402 21962
9623 24966
9663 17603
20906 24618
20882 25433
3518 5124
16700 21000
1852 27129
1823 26584
16983 18626
5525 11327
7982 9226
132 5045
10902 21673
887 27681
2399 12361
3689 20075
6594 24309
4532 7258
22203 28015
2666 27726
3819 8003
11391 25395
593 9043
10871 26545
12128 16584
1500 11484
1686 8717
245 6454
11539 25523
1086 12853
8690 24242
2306 16750
4701 7523
15027 17597
10309 16627
12851 28080
3287 10638
19433 26344
635 3169
9424 19347
660 3733
14358 23408
5079 12941
7496 10321
4666 27837
10358 14407
32 4399
7368 10577
6277 14101
17798 21031
4256 23608
808 22441
621 15257
1181 15183
16584 26480
2381 16354
2518 8817
1834 28007
6446 17326
10965 13704
9784 22308
865 12205
12830 23098
4721 25226
8112 12811
1770 9683
143 26123
14319 22779
8938 28196
626 1138
401 18736
13373 16401
23897 27197
13336 20158
16514 18520
26753 27966
4341 27528
8504 19817
20274 26017
9922 22990
16981 24660
757 23043
5344 21683
8075 12865
3944 22857
22012 26559
21690 22020
2363 15467
7137 9040
3762 27232
19991 27920
4217 12714
1005 9074
3357 9252
1794 9776
14635 24006
20092 25987
20099 21955
12244 20162
683 9816
1724 6453
19852 22941
17612 21166
3890 6605
11975 24374
11363 18366
16386 25713
5661 22724
8391 17408
8814 25951
16699 25975
4361 14098
4089 12120
8063 15992
8425 16535
671 28049
9793 16668
7881 19645
6182 18910
3059 10254
9095 19732
8192 9641
1884 16905
31 19445
340 20081
9286 19192
1137 23384
285 438
9115 21032
18869 22967
7523 16582
9683 27034
9067 14390
23053 27424
9612 14954
113 17952
19891 21038
14178 15911
14167 18320
6204 7465
9120 17194
4257 6546
2175 14849
8392 14916
2437 13994
2280 14832
13101 25617
7106 16373
6448 22897
9591 17146
22092 23062
8770 9358
3841 14539
8923 20554
22998 25872
6163 19675
10774 19061
1285 24236
18751 25740
12324 26055
18290 25009
6360 7655
8020 16317
8342 17123
12411 20965
5505 6103
1785 27010
4853 23945
2449 10800
9951 16022
396 26341
14958 16298
6869 18903
14500 23730
3024 3707
3139 3307
2748 4468
8204 9348
13377 16977
9836 24491
782 13374
3586 5084
3587 3728
6206 22265
18955 19267
2892 28086
4950 22994
2614 9127
2326 4614
10309 16428
4043 24237
19565 25127
430 13491
19240 26116
2212 21966
3348 27048
6173 17060
3729 7797
8860 23920
19853 22040
7594 15800
313 19829
6869 12422
4509 5136
21972 27931
9264 18192
20667 26753
18222 18758
2986 11133
11471 25089
8248 25817
6972 17423
1396 17443
11599 27795
1947 20286
13105 23628
12912 17039
11334 26190
7189 26645
1697 14301
24062 24379
7779 10454
4114 16149
9896 25505
5308 13329
5469 24765
13349 14534
19604 25712
4009 11545
20491 26372
6275 22581
2598 3997
5131 5665
334 14809
18644 20066
1852 15470
11844 23034
18259 20758
6894 26808
4469 22059
7471 18516
2596 8115
11407 11763
4913 24450
10160 21902
3257 12204
15251 20983
1211 19820
9563 18909
16909 18931
16203 25530
5630 24062
5355 22775
4763 15049
12227 21505
649 4399
5275 16972
20965 25311
3239 15669
3515 18457
5003 10570
13776 17075
2624 14672
1854 5011
2521 3729
439 3286
1815 16246
1105 10407
22696 26463
5797 12452
13545 27822
7531 8655
11086 16152
5194 21118
16941 25639
5626 19909
7469 28120
247 3970
9730 13910
9590 17640
11805 27123
867 13815
22919 24721
16979 17757
3059 25139
4954 8218
416 27751
14818 25780
11809 20367
1940 20210
11552 18791
4328 7885
21036 27883
4218 22479
13864 21446
5727 25730
11382 25160
9868 16610
4232 19184
1936 2086
9511 20382
16850 24589
15425 26654
24929 25847
5252 17013
24145 25994
3379 5128
13316 24806
13392 16314
937 7584
3019 11295
5352 26876
495 8846
21549 27576
19301 20913
6564 22014
836 10022
2270 4196
3539 20339
15668 16529
13391 25709
5289 21079
24539 27938
13190 27719
2191 10921
14923 18128
15404 17726
21473 26372
14571 22172
16511 21876
10490 11047
9264 20123
18116 26256
2748 24312
8471 8708
2070 13432
1387 13764
6882 28121
13806 18755
7083 17728
5748 18649
1905 13203
4824 19964
2039 20252
525 20952
4952 25306
12656 22607
9904 25204
1465 10270
22773 25607
14771 19445
10479 26578
18402 18489
342 25639
24714 25116
7976 9008
9330 23111
13464 19268
4729 8923
6299 20971
9250 16582
2929 18548
4842 10982
15263 21681
807 11529
19330 26269
19004 28261
906 5883
6232 16253
10242 13462
20959 22035
2220 18991
12356 17963
10042 23803
14178 19668
9328 18517
25272 27129
14379 17980
10070 22130
12228 24096
4998 19546
9252 24531
8155 18050
16679 17938
4140 20564
22783 25121
12878 12945
16629 27868
8872 9575
139 1142
18507 22845
4544 16470
11186 11199
17782 21474
6737 7830
17239 27198
24364 26265
15162 25613
5852 14175
4827 7396
9734 27628
2986 6848
28212 28259
14565 14971
12779 17394
10485 16791
1767 10792
17626 25780
8923 13316
17235 20247
664 7225
12720 16020
7368 9313
12508 20081
16957 27387
7536 21883
1779 19425
7878 24019
9226 11439
13524 17724
5978 20410
8616 16566
9137 14576
13477 24299
10971 11076
13217 16015
24172 27510
13401 26152
9408 27766
1285 26824
15920 24057
17328 24005
1852 25560
7930 26329
15425 25712
4158 13875
7744 10567
16840 23314
19004 24533
14568 20765
13208 19315
9327 24216
166 3958
18369 25735
51 18772
10612 15442
4791 20500
13953 20002
1806 26152
23669 27144
74 4971
11417 19472
13292 14246
8766 11052
2939 7798
11846 15620
7411 25323
2667 12886
7660 11522
10280 23246
495 7595
3062 27730
3246 25082
1462 25651
16587 20409
1732 7672
1613 10330
5093 13673
18529 23061
200 5649
10822 12476
4850 12331
7362 7387
16025 22024
6177 25443
8850 26074
3346 25433
4373 21312
15730 25452
237 21008
8957 13353
14981 22581
5587 25966
9061 26285
22283 24637
17087 26838
5435 22726
4732 27326
20582 23265
12244 18001
9239 17457
7336 9064
13472 13699
3283 20322
10729 16671
22449 22845
27803 28021
7551 13271
3580 17851
764 16944
12498 19868
9835 14970
10722 17782
10745 15251
958 23619
26032 28214
3881 19888
9614 27132
2523 15868
9394 22603
1954 9757
4394 13597
11743 26673
7647 27788
14352 26643
15426 21353
497 21776
9788 18892
26860 28058
20449 23573
1559 8018
15379 20966
1783 10970
10496 21886
14642 24904
10676 22983
10308 24121
16194 16253
4561 15200
8810 27129
3036 24049
10933 26245
1736 7839
22066 27337
4152 7979
24127 26030
6454 20092
1082 28051
15808 23929
8392 15307
15602 28018
9078 21543
854 24886
2988 9746
922 18628
4819 15268
12260 15659
10078 19421
7721 11405
907 21145
9956 10289
4507 27961
7800 11373
16108 17483
1058 10794
14463 17819
3257 23060
6250 7838
9141 23884
3890 16291
4287 14309
10645 11151
966 27274
1060 13028
18639 20271
6004 15758
5142 19503
11657 21635
3197 20813
245 15508
6740 17438
15527 25254
20705 24904
3139 20504
9539 17018
4687 16374
5651 15834
8290 22031
24861 26510
13488 19616
19217 24309
2650 17258
12952 25703
3074 11241
15031 15629
4636 8924
8454 14520
4268 17846
14215 20449
7411 18113
3667 3670
11804 15141
20565 20740
10800 13955
519 1255
12942 17631
4661 7737
14941 22476
139 24592
4994 22636
15195 24374
16936 17326
6668 18533
13878 15548
20875 24195
8157 19183
7828 26176
6641 28158
8016 23176
18143 27974
3829 7350
9553 26503
17098 23682
4416 5476
5587 15609
19033 20727
11295 26672
15355 28238
7142 12688
9471 25986
17902 24886
1713 9631
10941 20533
11630 25875
8536 9516
17485 18210
2530 14437
5117 25759
5150 12321
4623 15985
14540 16230
8175 17284
1644 19630
11720 12128
26297 26877
542 8694
9410 22771
17214 22996
3585 23874
9799 13123
5267 17056
3875 6754
21633 24131
17754 28181
15311 24636
4599 9176
4639 16439
14217 25414
10080 21832
21003 25057
8054 22472
18755 26295
5371 22871
1508 2048
1218 25956
8128 26444
19288 24751
16770 19160
17963 27973
20366 21473
10935 12689
6588 9038
8024 9155
14494 22517
8757 21483
15174 27984
3388 6334
16258 26010
19584 22700
17357 20819
1851 8501
16598 17389
5254 26686
2302 7406
11401 20460
17149 19153
13249 13501
12029 26974
2274 26074
2967 12734
20834 26628
14705 22557
9209 9614
7731 11842
18679 18975
3205 20627
19570 23454
6832 24407
7373 9175
5861 26880
3045 18606
13583 19746
11536 16152
9524 27966
1421 25343
259 7481
749 2929
14555 18857
19867 22103
10674 21369
12804 26006
24576 24629
8398 24904
2520 18592
7521 12474
10185 16915
2270 23499
9708 28241
3399 18700
5620 26000
27347 27619
961 24294
1860 6780
15077 15854
4442 11133
19445 20378
14439 21814
828 22025
346 7515
20707 21821
18955 25381
2526 13344
20685 22139
21154 26603
5576 11014
1889 13156
11809 13760
8670 19109
5903 9507
2845 22476
18679 23932
3206 10496
12352 15085
16659 22771
3059 27030
22479 26016
11456 16162
10954 12171
763 1541
4255 12316
9387 9492
4240 13005
20417 22607
17760 26870
22040 23277
18219 22273
3961 11626
1329 25833
20683 22009
1925 5696
6220 24109
7509 26753
18051 24855
2813 5883
15055 24428
3974 19764
13038 26257
20813 21984
11064 17524
13347 19192
5406 18190
5442 10743
16511 19219
15829 27313
9847 20799
5497 6972
21084 22421
7190 15251
11866 24591
4541 6923
11537 15783
545 10215
15934 24217
4008 16092
306 22679
23352 26192
9420 19794
17017 25801
12716 18908
2982 22884
1153 25221
2070 19980
1462 27501
16581 19639
2379 11995
341 5288
1925 21670
6007 20758
2003 7697
14103 21622
5177 17191
3053 5274
16158 22518
17350 22810
7229 14398
23254 26312
4630 20140
3947 20148
2244 28194
17514 18480
8094 20695
17763 18883
11311 20367
4721 9356
2087 15996
11875 12092
24169 24830
5948 22769
9670 24353
13648 21010
10838 15347
787 9712
21258 27185
9851 13509
6962 25627
4468 10900
4807 15696
12562 23939
3101 26640
1213 23209
7065 9968
12660 24451
24057 27221
10767 21810
1394 5961
7236 16960
2692 14654
3053 7698
3451 21987
7209 25541
7525 25353
8292 25646
15372 15478
16439 26397
6655 15084
6262 24061
9795 13564
3961 13208
16905 25287
8709 20041
17022 21719
10830 18050
7158 21543
4447 13032
15055 25998
8364 25090
3609 4287
1067 27827
867 26673
8797 24477
14430 15762
2708 19056
11082 18223
2043 14136
14529 20163
6977 12713
6199 24232
4456 24047
22025 25137
3808 22361
6832 17407
16679 20046
5208 9563
3734 18421
8177 15530
10569 13259
16430 20131
6994 24904
7950 18744
16369 23994
13 21577
9631 22787
12664 18720
5630 28196
2227 19099
12543 16619
9147 27074
1189 7507
13491 14947
2304 8454
13875 14278
415 22205
999 15782
3141 7927
12264 12495
13443 20002
14604 20661
10057 17054
1931 14797
5892 27256
865 12836
2128 10821
4101 23254
1559 13945
4580 9215
2944 4626
16928 20573
19286 27726
22924 24836
16953 19194
3080 9004
6432 6920
20431 27681
12688 20944
15239 16490
13798 14255
856 8011
14782 19337
18281 20859
5458 22138
6365 8750
3585 22523
11629 16564
11847 19739
15429 20758
7162 9250
13888 17519
16313 23202
6182 27105
2219 25424
8011 12393
5068 21569
16623 22078
4875 8251
3157 25453
12105 27356
4514 21033
4626 19886
15818 22506
381 11746
19870 20605
11727 19615
3141 16314
12593 28077
8568 13734
14464 16996
6097 12337
15286 17505
10320 17851
8781 27795
12526 19337
8471 15704
3265 4422
1920 6128
3947 26917
4762 25759
7213 21296
245 9881
19813 24469
9285 17211
14532 22358
5403 11529
7970 24570
4877 6552
88 18324
10639 23534
2636 23734
13524 27881
3634 23648
4599 14524
9811 21913
4933 24171
3882 9765
21603 27373
6959 10962
15201 27569
1795 1852
14010 24122
1212 22570
3493 16713
16428 21909
1996 25262
3472 21823
18424 23904
7888 15171
19068 22323
19023 28061
7222 26796
24779 26003
4933 14031
2701 11880
8318 22824
15791 20066
3872 22254
605 19188
7950 18369
12328 19378
8132 23044
1748 12091
9065 21243
18507 22425
10350 17402
1573 7635
15979 20487
16739 21289
1275 20681
12639 24830
27942 28163
771 16045
3987 25206
5574 16686
5299 23037
13695 18761
396 10015
8188 18371
2146 15357
22649 26476
10630 11113
17681 23928
7147 26489
1360 19850
9788 13870
18164 18348
3634 14471
6110 21493
18720 20861
19518 23007
4656 28026
26597 27073
2313 2705
22445 24907
8295 20321
8682 26868
2339 9699
7536 22607
24904 25903
6216 9361
7086 16609
1042 3091
1460 5371
3287 6246
312 7748
1659 11450
15572 25101
3147 25476
7707 8427
396 17823
4260 8396
15997 16291
2494 14038
3625 26598
18845 28219
1672 26150
13109 20398
8633 13941
3121 18920
15435 26644
15716 24301
1699 27570
2547 17564
923 20328
2771 17404
6232 27706
6348 14129
18234 25067
12708 21407
2764 26802
911 18369
19359 24575
3598 3674
8985 24393
4477 18483
19639 27117
735 3868
1833 8923
8463 18434
8481 20069
7051 16378
90 10348
7680 23172
2165 8411
356 21053
7737 8334
14462 26795
13362 22546
16852 22866
2135 4324
12122 22982
16963 19482
14584 21118
245 7487
17487 25863
6156 23521
13123 17416
2172 24207
11396 13804
5389 22771
12890 21673
7902 20363
991 6601
13385 17196
12807 16536
1773 2412
25371 28211
25839 26957
3239 24175
12397 15391
10606 18974
8511 9791
1519 14033
2339 8733
270 16184
7985 19480
16876 20789
20092 24637
5329 7984
18768 20113
19320 25128
2709 23456
1478 11201
8924 17349
7494 21162
3967 12545
19670 28085
5768 16367
8478 25273
2003 28238
7846 7959
2388 17141
68 16309
9966 22699
9002 20760
8568 25505
2407 28016
10987 26568
20875 21960
20491 22390
1288 11168
1878 9304
693 21126
9710 13383
437 18320
14920 21732
2186 10532
5846 7609
12541 25357
10026 14227
6268 11295
15314 21735
7348 19200
6255 22296
6227 15654
4606 15689
19523 22124
10524 15297
6308 6393
3364 13084
9482 13398
2609 9933
7604 14627
4288 24254
8001 26131
4789 11992
566 5263
2447 14546
3166 27976
20538 22707
20358 21801
7551 21766
9047 17440
24500 28248
13233 16424
6301 15383
7706 20144
4136 25754
324 4067
7373 7869
21656 26657
32 21483
2970 3193
14010 27569
19548 25881
12792 27128
15014 16706
905 16953
14371 22871
18973 23112
9526 25040
3805 8771
5778 14136
570 27088
1777 19409
16188 21263
14765 16131
12244 14564
583 2276
448 25399
20131 23106
4135 6105
11898 22156
25740 26286
7075 23254
10060 17561
12389 17487
13010 20592
2764 11823
51 24461
188 18367
2980 18441
18359 26901
13590 13864
18015 22650
3201 10218
4152 7283
12579 26069
4806 22651
21300 25421
10565 18502
4509 7098
10555 16659
7348 22222
5704 16538
15721 17938
19373 20775
14947 25982
442 7728
1770 26812
538 11921
8466 13326
355 27544
2929 24904
4209 17224
11167 18097
17730 25172
7746 23278
16588 27644
9152 10659
4693 20707
21149 22845
26446 26724
1925 25076
8962 10393
22120 26881
2342 12037
4833 8869
3056 15009
2878 15349
10579 25344
6127 15022
2732 3348
5680 17214
7378 28010
2499 10265
10822 20626
4825 8151
10691 27867
1920 3967
10546 27836
1228 24379
7373 25402
16258 25104
15682 26151
12237 17774
8156 12341
3882 27005
6005 25992
14474 16184
11696 14228
6226 14360
19477 20367
14955 26116
3987 21369
4550 6784
2392 22444
17056 25306
14481 15906
12647 13164
20758 24904
1590 2379
7436 27843
102 26145
17249 18136
2829 21968
14748 27087
11067 25621
972 15381
319 15606
14264 18521
4718 14843
4685 11051
14832 18084
23151 24379
19068 19302
2282 9373
10670 15610
12437 26063
5386 11488
13472 15282
7538 25910
22395 23619
428 18230
7799 9242
9084 19481
19417 24397
3014 20775
16999 21919
439 7253
8014 27971
7166 7350
16933 18891
5288 6876
4148 21455
7103 8032
10453 20718
1136 5122
606 18996
2306 18784
13328 23983
8054 12689
3982 9502
4497 25712
1579 12506
6190 22935
5500 22585
20846 22707
18386 25414
14369 24127
1229 4878
19385 22300
106 3411
11688 13874
18368 27102
17660 27879
6549 13681
3169 28088
16552 25300
16177 18827
7728 17194
7802 17681
15090 20195
1361 12485
4999 18041
14534 23769
21963 24422
5765 10725
3692 12877
2068 16992
8893 10101
2961 13370
1193 23180
7560 25955
15470 22871
5197 9358
1032 7987
7307 27758
3362 18216
8775 12714
5449 27470
7571 16779
6034 20045
6454 17239
11207 13349
22382 25174
16025 25910
6508 13113
3746 19768
2293 8451
3374 22691
1782 13707
10199 19717
5064 17744
11128 24417
15162 26754
8706 12811
14138 18014
2332 15990
2892 6934
9168 23097
14499 18692
15765 23029
6182 11971
10998 21779
5434 27867
13503 17782
17998 19928
2894 27462
2810 15064
11515 23743
891 19666
2294 16235
32 16734
5288 14242
155 8368
10023 25272
4571 19945
15834 18847
10917 21868
1970 8177
18436 23693
6443 20144
5984 9905
7923 15371
443 17114
18415 23576
2767 20657
862 2115
13504 27751
1830 6300
1050 3812
6566 18254
19829 22265
11370 22351
1557 2879
12908 28211
5454 19794
19046 19216
8720 18001
7074 11080
2381 18300
1795 14541
18122 24659
441 7288
8775 17067
3733 18959
1689 21226
3566 28158
11113 23348
17854 24828
7379 22708
11610 15666
14738 24075
12596 23312
9730 18996
7401 7827
5472 7997
6838 10135
1419 6507
2447 25246
1147 14789
1140 16905
10449 25299
8920 26973
8533 21797
1435 6348
6363 25454
6596 7758
2813 4422
21353 27197
8579 25884
12105 22621
8806 19952
4123 9989
8930 10008
17011 25704
811 11457
13257 14301
4192 19917
1741 3287
7444 14017
9607 17428
1629 20054
961 19412
396 11975
11484 19650
1559 24326
14650 21846
8000 26808
24057 27396
16914 19118
9465 16823
11867 20666
25000 25464
9955 23617
4142 7205
9504 27959
1384 17482
17010 21545
16641 28198
2986 19410
12855 24131
19941 25876
1741 25219
16801 17831
6601 7743
4070 20196
3231 13828
14170 20027
6497 25206
2157 5497
16513 20859
17239 19289
1246 11093
12597 24061
341 12064
5996 22161
6869 23615
1761 20355
14384 21886
14342 14479
949 26421
17146 19424
1106 8177
10501 27830
10831 13755
14787 15605
4331 16584
2686 19449
1852 8467
5745 6182
19042 26447
530 16467
11140 14398
5713 6931
19005 27442
446 16112
3923 10704
21657 26951
9730 16166
3298 16127
8857 18808
1871 10696
7701 15610
1575 23892
8818 11877
4618 9390
11674 12468
1049 25626
12225 21968
10242 20876
4210 5546
16323 19590
9272 9662
5414 25504
15743 20782
3059 7314
5150 8730
1726 1735
2709 4185
19148 21546
2252 13681
15705 20601
1645 5569
8864 17803
573 21254
175 18047
17902 27152
9488 23361
9239 22889
767 14720
19280 21147
15350 26095
10449 10792
22605 23459
4360 18641
16006 21079
11701 21582
9206 17142
22581 25311
8393 10971
10845 19861
1023 18959
8368 14792
13073 15147
6951 7688
1823 3140
24904 25824
11306 19029
17742 23600
19386 26572
5603 23504
7635 27594
4640 12397
1162 23767
5327 17220
14752 16373
3188 26340
10298 21619
15561 24745
20159 27467
13513 22440
14737 18963
11218 20899
1770 3660
6746 20286
3580 22157
9573 21462
13647 27861
2968 4912
2170 4178
471 2764
5903 7366
6302 15678
3889 24057
16397 16765
1356 4132
22805 27085
17089 22032
16984 23884
18219 23922
13697 17626
5869 9012
6771 23096
24965 27790
9214 23489
1408 8075
16187 17473
4795 12526
10949 27610
1761 26503
13396 14533
8588 20196
12642 20891
11087 28077
8148 16184
17304 27914
6669 15592
11392 14961
896 4391
10136 16655
4624 6499
8447 12602
4442 7196
12755 25980
17165 17779
15829 27810
4656 15616
4551 15286
15893 27540
17543 21449
1719 3915
15384 27676
926 15907
3564 19735
10532 21798
2701 26869
11627 20222
2980 4650
3434 10498
972 23169
5825 21616
14215 24543
7439 24804
2525 27743
7426 10646
53 19033
16412 21569
1508 12195
10346 24961
21409 25602
18745 21883
19314 21154
3162 24690
3282 14010
3296 24829
881 10441
2743 4732
20226 24693
12708 25443
3128 16823
22120 26092
10581 17198
7785 28077
1419 10145
22425 24374
6848 15619
7588 16616
6800 18906
14309 22787
1864 19508
21061 24927
4671 15275
3575 19514
5352 19884
21028 27665
22453 23919
13175 19941
6107 16823
2664 20222
23988 26213
3733 3900
8924 11171
6730 26884
24387 28033
18521 18911
1735 1773
2045 23955
22624 25241
3745 4948
639 7545
11017 15168
8017 18791
872 26716
427 26765
13186 15672
10404 24371
282 4818
6268 8424
12650 22056
17173 20196
14327 19746
18959 19284
6198 7623
8096 14035
7350 11264
1343 10090
3592 26702
18682 22556
18625 26667
285 9610
12484 22182
21920 26975
296 19008
2061 15369
8479 15679
1429 15419
1139 19902
16346 27908
14964 24543
9683 18662
7172 13073
6732 9734
287 13947
16228 20340
22983 26835
25121 26414
12647 28080
16041 25019
1295 17481
9105 13323
9869 12498
10253 19689
12506 26567
18593 18956
10116 15426
2447 17018
2489 23785
5978 16107
10459 11439
10629 20172
258 3002
10102 11142
12462 21028
7563 14351
24904 26795
7950 10798
18692 28165
18558 21327
855 22972
11799 16088
14335 28226
5490 23641
14755 17727
16888 23198
10389 11804
7449 25239
16106 17578
15175 24184
11747 13203
6188 25250
10524 28189
972 15114
6720 25110
3728 5386
5546 25781
18119 20046
3762 8465
10668 17823
10863 25197
16329 20204
5088 7982
3071 16413
1234 18226
19356 26193
20408 24467
5558 25893
10421 11636
2635 7410
5178 26946
25306 26386
8144 13480
15815 27074
21448 22054
20133 22421
6390 24551
22290 26957
16307 20936
656 5270
6372 22180
20481 23254
1589 25397
23016 23721
8437 24969
1082 3794
14971 20534
6130 20437
20988 22329
11747 12402
14820 25786
282 5733
18437 21990
17927 23053
12120 21616
14976 28166
5989 6099
2640 21198
2479 11199
836 15616
7312 10844
2216 24068
9614 16128
15067 15749
5830 7560
16467 18597
15213 23816
7975 16560
21344 27221
21927 27561
3712 11094
18906 23665
1080 23675
5841 15251
17941 19358
6705 10280
16227 27700
22965 28031
396 20281
5505 22640
15990 20451
7512 20008
2883 8937
7031 21746
14301 15418
2227 17801
12284 19683
20645 27375
9038 26744
12145 19536
16112 18066
4087 14373
2667 6280
10102 19281
18784 25035
7564 10523
5416 22446
18843 25359
1 22630
14604 24226
11658 19529
19424 20917
1879 14364
10767 20563
1878 1947
25099 27374
609 794
11486 27221
18982 20336
676 19619
10286 24057
6791 23832
9669 16356
17955 25652
4102 19191
2373 17181
25243 27668
16890 27642
3779 27500
22854 25838
1936 10330
10937 25445
1501 12432
8471 23089
14965 20336
11252 24828
2846 24454
15957 18724
6859 17713
8730 10483
7783 17735
16640 20384
2944 15791
8331 14255
9473 17288
20326 20653
16955 28126
9103 25559
1172 12472
2325 6215
9575 11048
3254 24659
5344 14635
8351 13086
25953 26293
4258 8682
8939 14500
6507 16138
18448 24532
14989 27025
7478 18369
19442 21733
8924 12924
7690 12049
17303 23275
1026 25116
13772 21690
23946 24662
7635 21113
16290 17471
27765 27890
8943 19548
83 4619
6403 15617
9738 9851
12246 25280
327 12352
27294 27332
9993 15431
16744 19453
4979 19275
1178 13705
1067 15507
12209 24157
21800 27332
4893 18772
7944 8638
12489 23770
16991 23370
7205 22012
13385 19192
9998 18685
12040 15583
11250 22466
5219 22425
2063 27514
6760 20151
22186 26153
15189 25250
10215 21759
6118 12614
2162 27093
8265 11987
13553 17838
11614 24040
3665 6177
5787 13579
6981 16960
8753 25543
5765 11868
20492 21438
18406 27565
2856 25849
834 13206
3425 7635
14534 18364
7206 14834
21377 27296
12244 23342
9710 17513
21104 21989
12690 22449
4507 11340
1306 20893
17169 17768
1860 17035
5042 22996
8075 20737
10670 21268
19753 21748
11409 27274
13660 19080
6576 7252
14633 25107
10652 14024
7975 17273
6687 10245
2388 7907
604 10329
5289 14690
1822 26858
13380 20388
11521 26901
2237 10961
4626 15791
16299 19434
2410 10442
16961 17427
3488 22012
17734 24405
20573 21026
20367 24024
10254 10397
3399 5494
2364 19879
16919 22120
15760 19068
6426 19601
12711 21990
13370 23315
14342 16623
11614 17981
3727 28073
21649 27042
16529 16656
3384 15657
11368 12228
2818 22421
20635 24061
6649 17919
22928 24387
7324 21207
20742 23345
13081 17878
20877 22500
9715 13185
8363 23892
3420 24910
1717 19884
12045 26178
17998 23307
2714 22205
18258 26570
1340 16249
25276 25352
10186 24979
9575 20740
4717 10387
578 6620
1197 9922
10954 20235
3708 16144
3459 22411
10619 20605
23254 26687
17820 22416
12302 26774
13212 20724
9398 21275
9193 18369
8733 12798
2348 7467
11451 17807
21704 24253
13579 22785
7909 16194
12612 21387
3126 24692
15679 26545
3733 27841
853 2117
4997 18434
183 4603
956 4797
7073 9502
191 15754
4205 24900
26159 26770
15825 16766
2027 25409
12423 17819
8424 12653
7477 10935
797 25121
6917 20808
9631 14309
3927 19654
7896 25769
20144 27661
9030 11700
17586 17804
20544 27184
11817 24844
12119 20752
12919 26295
4050 28026
1502 13294
6996 26704
12229 19581
5351 28124
6237 27059
14055 21891
4894 14761
17443 19665
11057 26419
5694 10833
2173 19877
1067 24702
6860 9003
17080 18714
5004 9124
1663 8680
8163 17630
6257 14964
16850 26643
14636 26391
5657 27758
15308 24918
3265 15682
621 7061
9822 27041
11533 19738
6549 26743
9574 9956
11809 24028
22074 22799
23738 26979
16640 24379
14227 16274
1925 5121
20947 27854
9730 18420
9367 14010
5587 11580
6536 23932
2013 13657
19134 20558
17188 22894
18541 25204
7404 19861
7114 11599
13484 15344
5716 24610
13537 22630
20904 22012
14838 23138
4029 23265
12658 15736
17630 19707
7491 10827
5665 20587
22460 27320
4360 28099
1475 14592
7703 26672
9575 27909
21513 23104
14289 22142
2771 12506
10496 14569
16781 26510
5890 9980
22040 27821
24494 24599
11662 22759
1 3364
24243 24332
14654 20538
9214 16073
2648 27375
4416 13976
1600 20226
20018 23643
11952 14731
11785 26856
7582 22912
3472 26161
11793 23936
819 21668
7960 9863
211 17141
782 11286
755 4105
16544 21052
880 24856
13468 20115
16201 20258
13459 22082
11047 16027
14977 19445
6057 16150
13682 14489
2205 10807
874 3371
6441 15548
4234 22965
7031 12128
18851 21593
22790 23258
1852 16006
16181 16923
458 19639
15729 17133
3254 22570
5448 11296
23949 25348
17562 25445
10326 16800
7033 13867
20253 24703
573 17837
10837 21296
2635 7820
22605 28170
17458 18705
9226 23474
3287 25699
16684 20639
540 16542
20856 23955
7300 22973
11461 19307
711 22897
3789 14478
11784 28265
21443 22058
3152 27996
4822 23914
345 9923
16629 27944
17300 28139
19827 20441
1613 24928
4603 19373
9004 17291
3585 8760
1020 1726
6573 7475
4581 27542
2667 7638
12941 17637
27494 28084
7810 26635
9367 17787
396 3473
6495 6703
6708 14803
5007 5584
11504 15782
6166 18219
4154 5785
5716 12145
7446 10273
21136 21258
2780 23941
16957 28044
8172 24921
11727 24637
598 23574
5362 27698
12278 27096
11798 26516
14059 15660
16410 20288
3734 13456
15018 20168
3852 27797
8824 19155
12311 17364
5658 6182
5497 20554
5821 13241
5827 7288
7191 14024
5071 28228
5353 20909
14129 15804
9019 15875
10219 18704
11366 19200
4737 20162
3285 7202
11692 13193
15928 20504
1375 10961
4216 16612
18747 18921
344 23643
5352 19533
3172 20586
787 17119
4776 24322
3465 18281
16299 21366
2255 27953
14617 24304
9928 13690
8529 17832
16867 25321
15321 20618
18304 24502
18631 19271
272 13495
9600 9867
6116 16682
9966 27308
14486 21491
5588 26514
2740 12924
20958 23499
11064 27296
12788 15017
11599 22181
111 26265
10954 20409
3774 16092
21199 23601
15447 26560
873 14979
1026 9998
5117 9408
1166 2016
21746 25283
570 23671
4642 20981
1779 14489
12750 23182
14293 24917
7984 25247
10926 26304
10691 13681
5680 22746
13187 17863
3410 3411
13074 16743
3167 23302
4758 19961
7079 9532
6372 26273
4581 6722
18132 19510
6668 26312
17336 21207
3390 12483
15346 21665
5943 25336
21163 26268
5996 28013
1291 1878
10952 17117
12701 27030
6334 12031
3933 11651
6865 20538
2701 25713
341 19732
3988 6013
2596 24113
8435 19886
13975 20041
10023 26027
2882 26669
8096 23932
26157 27220
12253 28189
12881 24069
13468 27660
6437 6773
14464 27087
3067 25975
10490 11471
18305 25260
4666 26880
4693 12617
4504 10901
2587 4740
6235 8858
1463 8724
14216 15635
3712 22611
1694 8526
7580 16083
13038 21407
9714 17911
3735 22485
3970 11045
20417 27382
10041 14592
2213 24616
898 19410
3809 25254
17122 23472
5677 13744
13025 24069
7484 16878
10381 14474
17457 23736
3674 15736
9389 22511
4882 19546
9296 17804
2794 17739
19396 21798
8565 17040
5177 5506
5247 14038
11111 24333
17073 17481
2635 4693
21314 25658
2708 3644
2905 23803
13486 22306
7772 11266
346 26436
9223 12451
7595 22581
6698 17027
11141 27027
271 17481
4646 25153
5333 24864
14276 21326
1878 26273
5538 7505
11917 24101
3256 4574
23132 23354
1162 14478
1398 3907
7810 13343
1432 23707
9575 14534
13300 16600
17188 26640
25460 26062
14539 25358
9286 25064
656 4234
17763 18421
18061 23371
2953 27221
3059 6489
1088 8189
2864 19223
7698 17593
14813 23666
19706 25214
1937 6879
7477 15920
7635 21962
6375 24122
14134 21747
18617 27498
3882 23507
5961 10714
1 11290
8032 20476
5217 27051
139 13738
145 15292
3974 15196
4235 13613
17951 27996
3845 22324
8372 11746
20311 22299
9793 16576
4646 14393
16152 20805
11315 19075
1658 20250
11096 27373
22769 25395
13676 25062
13976 18324
13021 13134
2482 21722
11475 26820
3511 7238
4495 8945
237 20467
14624 17832
1902 27958
4639 23422
21110 22012
1529 25039
4328 6239
27551 27732
4023 23347
4945 13142
7804 15162
3420 5098
5458 22250
9025 12811
17515 23915
15790 25338
8802 11696
21849 26412
3354 12002
4112 19757
3580 17922
4755 22151
22598 28218
11636 12397
7589 24428
369 12642
8821 21827
13945 15894
1275 15442
6371 14136
11899 17662
4653 25838
7923 19928
6156 15563
3428 21307
6544 27923
4295 17749
9380 25435
24438 25174
478 16560
849 1251
2206 23412
20658 26863
8236 12939
12363 27052
5055 12073
10325 17491
5521 22279
5214 8039
5721 21272
7007 13002
7701 10842
12927 23526
4287 22691
4362 13861
3157 16430
14558 22040
949 8905
15836 22967
7205 8931
485 3892
18629 21552
17753 24669
117 4222
1817 7195
9815 21456
7384 17960
5463 13442
812 17940
387 6253
2667 13938
17889 18043
7141 10805
20355 23983
3451 14129
7315 28215
26152 27308
3102 15593
10927 24201
2500 25881
2996 26175
592 26957
22277 28156
15749 18911
955 5691
685 10838
18736 24057
3342 15748
6248 15562
1270 26597
21026 24326
1571 12983
6292 10365
10294 27681
4142 9533
15435 25247
6232 14029
396 3285
19952 27746
21280 22977
2664 25713
15479 18176
20219 25358
2514 19675
21219 25695
2556 14912
770 7955
115 20162
20917 21635
16582 19566
5378 25602
4806 7619
82 14519
652 14227
8624 10307
33 5485
4680 26944
21962 26153
9963 17776
2722 21552
8930 11978
12474 13484
19410 27279
16394 27179
660 15197
21946 24534
2579 19396
3050 14959
7386 21748
8957 15355
152 9234
1349 9304
4871 18038
11972 24019
19247 22295
16478 21883
16194 26713
9967 23267
959 23587
5028 24622
7076 24187
4395 6978
245 21450
7104 23104
7571 26431
346 20496
5986 23608
2596 18669
1659 9970
6743 11310
2027 23389
2454 11725
566 18627
6770 17761
14861 15561
8481 22296
683 6813
24450 25827
16016 21981
5416 26371
2067 15748
2686 26957
23106 26978
15615 24389
6077 18409
3734 13360
1947 9120
7089 25644
23574 25666
8887 10353
4582 13971
2476 3922
3043 8631
2564 11603
14917 19546
1618 4123
7472 7502
4132 26419
3666 15620
3660 25976
12338 23722
374 4136
1940 2667
1558 3432
17219 17559
15762 25145
13681 21149
8746 12397
4806 21159
1432 21323
5621 21606
13597 22792
2961 8413
6465 12804
17760 22565
10893 21955
8484 26552
6044 7443
6172 20292
15977 19884
11444 23763
396 5530
10833 16144
10692 16869
17325 19534
14876 28205
8229 9903
4430 10772
7645 18242
693 23202
1878 17057
6601 20799
573 9548
867 15040
5723 14296
1069 19004
5198 20799
8784 21855
7820 19819
15346 24072
14471 21877
7626 16291
13610 25456
16960 18826
9336 26366
13470 15673
6296 28074
532 10646
11340 25896
19438 22172
5181 9074
14093 18679
5767 12829
217 2625
13086 22666
3942 16490
2823 22912
3558 26382
6573 17443
3435 4026
16806 28166
3411 26409
19237 23106
12260 22860
8789 19748
7960 16914
2749 14822
12218 13180
11419 21714
17216 27294
874 20784
12210 15620
10003 26580
10874 12295
4977 26232
17111 20509
19464 23454
5568 21449
2283 26077
1979 21369
6959 7051
14660 26074
12264 27788
10303 20633
6051 11322
19723 23254
1852 9590
4468 21430
4355 25642
5252 26178
588 9226
5517 19116
1572 6386
12617 21269
9190 19576
2861 11334
3860 11295
4967 17167
13669 18427
5691 7956
15684 27426
1230 2276
14584 17214
5390 15478
5989 14633
1859 14697
18816 20638
1078 21704
6814 7950
11335 16955
107 22959
416 20931
10350 10961
22985 25981
12204 16823
10161 16025
14857 14914
10411 17115
10388 14831
15863 20582
10321 27867
23143 26582
5169 26599
10078 16006
2969 7515
262 12274
1218 13173
13208 18736
1090 15019
14889 22631
17926 25490
3727 27200
175 26161
828 19169
24 12266
3789 12402
8697 10747
6309 20224
12055 27560
2015 9086
3286 18961
13736 16734
13623 17220
5366 22522
10411 12204
4581 5171
5984 8318
3420 21945
4386 24379
8831 26606
396 3374
6664 14076
16108 22497
3609 21688
15426 20822
21228 23442
20345 20664
7600 22046
5719 17787
8879 16588
1284 16362
11880 22734
7113 21438
13668 15164
20758 23143
2767 25336
5055 18248
22430 27042
21122 22311
19741 22192
3759 24653
3711 23878
17097 20583
1324 8624
13992 18171
17725 19661
1801 5989
8982 9348
6552 21091
5979 16656
10935 26498
4581 18749
2748 17097
12415 19995
15869 16323
6288 7172
15106 19909
4442 25788
5327 11551
3729 17762
24917 26584
18159 22595
1537 3608
11366 25658
20490 27545
2878 21852
99 9553
17220 27569
3446 14407
9396 26007
653 17316
414 16803
4920 21180
7073 18891
1386 20234
9207 16487
19625 21097
4309 22507
9349 18784
579 6625
6794 13536
12145 15442
4063 19188
10576 12167
13528 27441
8585 20760
9349 23087
8841 17819
1324 21297
17304 22481
584 8413
5941 19611
5603 25912
19061 25397
1606 18919
8211 28020
21804 23012
3126 20660
14190 23910
12352 13566
2997 23731
3816 25992
782 2012
5017 11809
23330 24872
24900 27884
1978 10146
16337 24166
2296 12126
8012 8247
6135 22265
7797 12792
1878 9123
2232 16885
5747 25167
15672 19045
9727 27289
2291 7813
2093 15749
20640 28094
15941 17401
3411 13910
4108 14470
9717 22559
10674 20503
20319 25006
10321 25704
3979 11809
4519 20860
17630 25443
23764 25937
7015 26813
17075 24272
5252 10838
2667 25160
1571 16794
6384 19309
8060 19271
4579 11993
13566 15085
23775 23811
584 640
20528 24040
6641 24804
1912 18662
15694 25018
22953 25091
18627 22885
13202 16634
18472 18650
2058 27428
10016 10402
11091 22226
2928 22328
2342 24075
23380 26206
21751 24326
11896 28161
18188 21976
13590 25220
23103 27813
5906 10784
5168 20566
3446 12214
11020 15267
4035 19723
15302 21853
2876 7373
13887 19525
1042 8356
1686 20437
5464 15251
370 5058
9358 18511
20127 21513
16290 25014
865 14345
9944 11463
16855 24374
21296 26373
797 2205
628 674
14410 22263
5705 12549
4534 24684
10313 23832
705 26480
1969 21831
1332 4043
10646 25671
11990 26704
11300 25151
8889 14264
3161 8905
12356 27060
2357 6251
13579 22026
1787 2125
4240 16972
3220 8035
21423 27314
7477 21569
12162 18884
15031 27557
7884 10548
23734 28116
9367 14971
27547 27773
2894 15429
10197 12428
12075 18985
19019 19691
7407 19990
3019 5204
46 10591
13784 24691
3935 24656
1688 19165
2894 17530
4188 7278
1666 12727
10494 14838
16686 18249
18907 19701
10360 25262
4829 13354
362 17614
2053 22022
3332 8646
7907 27405
1067 4102
11817 17914
12804 26437
8679 10900
7679 16656
12406 13127
6470 16523
4557 10015
14672 20162
15549 16645
3318 9472
8075 16609
3228 27274
11480 19189
495 27821
3736 21050
6013 6577
7550 11496
11260 22870
23936 24611
22702 26925
1015 23952
6215 14468
8990 23601
7728 16038
17245 17733
1336 23210
23359 26135
10393 23679
18791 20116
4076 11128
21447 24172
1694 21680
1180 24904
7136 24050
4287 4626
16333 23736
12210 20813
5691 7877
6155 15492
11030 22205
19945 20159
11989 23983
514 3019
12929 24608
7644 8708
2894 18050
12112 14344
12525 14968
3435 14907
9590 27117
5665 18044
4615 14471
11946 24738
13321 26457
6221 14028
3066 11094
23243 24602
16457 20580
7496 20616
1033 21431
15763 20351
961 4282
22290 23315
9328 12653
15128 21273
13978 27500
24386 25851
16975 23653
7420 8254
14093 20008
6931 22973
9648 22079
872 9285
16712 19609
20875 25666
24171 24848
1606 11793
10330 24131
220 13564
4218 5816
6479 23654
3848 25130
22965 27562
8472 22508
76 17936
493 22872
6563 21663
7987 18679
5461 17075
14147 16766
5731 8949
16984 25337
8033 13872
17416 20162
5121 18638
5327 6375
865 27449
8317 26413
17513 20708
11216 17562
16268 26766
18820 21849
2096 10559
14650 27220
1275 21456
14465 24577
17657 18221
4628 14442
13998 16198
14082 27451
9590 24148
7987 25763
5454 20538
8003 11562
6127 24783
8596 12551
17574 18254
9019 16515
13373 20162
7442 15952
2677 17479
24976 27050
5970 16928
19841 23143
7381 22031
18966 24706
7758 23365
5710 8680
5587 21963
6972 9846
1852 17507
2818 21084
7607 13363
17698 26099
303 17664
15595 26978
18874 21449
521 7178
7021 27744
24653 27923
12793 16480
1689 28277
24502 26131
4414 25110
20558 27483
19537 25530
15357 15372
18910 25727
3620 21971
18521 26095
7855 14672
514 925
1374 3411
16976 22663
2975 8699
20378 25941
2386 21293
14294 18758
4829 17514
5371 27405
12090 25309
7115 23617
12296 25368
3357 12837
5989 18425
3824 25629
20553 20721
3430 19442
23944 25550
11801 12576
1060 9137
13289 26449
16700 24796
3944 14771
6059 22464
4386 25008
1745 18446
12099 19153
15190 26601
6857 20150
5371 9378
9980 22885
5629 17110
6637 7330
6085 15384
12346 21257
16994 27439
3624 19281
17912 21732
15297 23306
5413 10660
15132 22330
14965 21335
22256 27078
9132 14660
6549 6821
3169 8970
6013 14276
20484 26319
14179 24804
11987 23640
8405 14027
1162 14939
7804 16329
9253 27259
8251 10726
19712 26413
5473 18468
3944 15267
9214 23279
12328 15725
12257 17847
425 23254
2172 5291
2272 27788
15308 16276
20279 22264
22216 22907
11363 23520
15282 25833
1213 2122
24208 27529
8818 16353
8667 11599
13809 22761
22857 26150
11079 23807
754 22543
19281 21359
6613 9012
21616 25136
3846 9960
5440 23062
1188 9816
19007 28226
1754 14605
18886 27705
16431 25519
18787 23607
10553 27192
14445 17630
5397 8565
17653 26902
797 10807
16569 17007
522 24998
16888 28013
20839 21831
18280 20477
3331 3472
20016 20633
3326 17075
16991 18476
4507 17404
18520 25047
7793 9523
17949 27980
2213 17264
10773 26503
12020 20667
12956 19991
7073 17097
341 7484
7225 15815
19040 23371
283 23081
2973 8067
219 17637
22763 22947
3253 15209
3671 14289
15611 21903
15228 17938
6734 17990
6612 6998
13945 21193
4790 18568
9084 25270
15843 17222
14034 20737
11544 17222
11241 27552
13586 26744
9569 14228
12479 26026
17361 25433
5095 16803
12308 23215
22764 27996
9716 25847
9108 22670
4204 26908
9441 23842
1107 16847
10116 11608
3930 26172
10813 16177
3382 15453
2879 6220
5042 8392
3676 11762
7135 17769
19695 21671
15323 26273
4524 20990
4721 16045
21438 25306
6533 12956
3279 27016
12887 20947
10106 18688
2748 13282
1814 6800
3501 20299
6182 19239
10603 23364
4081 9016
424 1039
3000 13492
10799 11650
15815 23075
25666 27802
8464 25121
6528 27514
23728 25259
4675 18308
4442 26686
5412 22789
10120 24160
4755 15845
5072 18522
3589 23175
11356 19001
18929 26391
4611 19682
2447 9923
3358 8730
12459 14993
1917 23967
8429 21058
9163 10268
2667 28184
17318 27500
7502 21438
2386 19863
8308 21563
6735 19271
8011 9683
16963 21248
7950 14971
1579 3762
6994 17487
16629 21988
1012 10757
7627 26083
2496 14033
18192 19275
1720 23638
682 3938
17838 27872
9226 19566
10839 17747
20496 27745
10480 15470
10808 22404
18362 25094
3599 13924
23696 25294
2964 4827
1519 1878
7323 14559
14922 17966
3709 8963
14014 18645
1014 16225
7730 14153
8746 12282
16607 23890
14369 22984
7950 15781
19712 24582
19536 21371
3793 5466
17694 19314
4595 16560
15705 15985
15610 20775
1314 4253
442 8930
6879 13585
11709 12842
9937 25266
18555 24904
24539 27500
584 3869
6489 7738
18304 18883
3296 23653
6103 25437
8467 11164
7327 25283
16954 25902
17563 20201
4507 18009
12313 28181
8278 22449
7368 23462
1851 16976
2960 14560
3186 23978
19947 26954
21191 23617
8312 20480
11059 19711
9717 24827
19835 26319
1780 21027
15091 20142
20291 22508
25758 25981
17397 26497
12508 13085
9837 15648
12572 16904
15373 18280
23007 27231
1211 23573
4037 15854
22179 24659
3169 17592
2008 12342
1878 26774
2858 16572
12941 21700
3253 25555
8039 25452
21700 27769
406 2191
1 21365
9717 24837
12309 22905
1178 10428
5659 24147
9115 13484
5082 18959
15836 27702
11395 15022
2247 12139
813 21366
1570 23694
3287 22895
1942 18069
10877 12552
13424 26737
1397 26162
11623 17941
19459 19500
20705 22068
23045 23870
21301 22399
24122 27821
16269 24507
18415 27982
7835 16334
17166 20363
7101 14123
8212 28156
8438 23785
5951 18193
22214 23705
1462 25392
165 15986
6333 10535
17662 26988
13813 14288
17737 24795
3890 3954
12858 21757
10319 17084
17418 27276
9226 23628
18635 25497
13776 20579
8167 13807
9563 12643
8452 15871
10650 14180
18784 22092
1761 19584
18461 26077
21798 22688
2596 5669
4891 22256
10839 19425
5650 25254
5498 9038
424 16333
1575 2526
10982 23379
11116 15422
13373 20258
3654 12017
755 23998
15531 18304
5659 28045
6385 11798
4720 16734
3622 5196
18457 23566
15720 20481
14032 17686
16865 20639
5762 26022
12147 23390
429 18073
4917 23983
3269 3903
6402 24278
15292 18602
495 11551
17985 21079
14724 15308
4190 5485
11473 24604
4902 26517
7929 14675
17676 22621
2252 22127
3162 24665
4951 17330
10961 15296
4269 24714
3644 18527
21792 28048
14136 23722
6440 9078
2874 7328
13369 16131
836 9043
2103 19961
20818 23050
1541 25357
11171 22814
14922 24681
5108 25886
538 3439
22889 25610
17198 17455
14120 18690
7084 13773
8039 12120
10648 10677
4614 24363
4654 16131
22814 27600
7206 12860
13984 15376
411 12689
1786 8352
4942 25594
11078 18634
2412 27340
14796 24415
5116 24658
495 23345
2711 26584
20266 26612
1568 17870
3366 27624
15736 16964
2031 21519
12004 14411
8114 24814
5913 16001
9059 15956
4967 7508
9201 24398
11436 20822
22138 24267
12358 14550
10653 14969
15804 27740
8708 19705
619 21033
5485 18027
21739 24841
7616 18209
7747 11080
162 26340
1063 11697
7213 8024
5174 18651
1351 15725
10308 22666
6342 16286
1043 8737
7492 15467
3484 12086
19289 27412
15391 20245
9915 22025
22031 26475
27751 28156
5110 24904
4572 17438
24322 27761
2379 6152
5256 26204
10244 22935
15087 18304
5229 8357
4061 17762
802 4525
827 1147
77 16126
14110 14948
8373 25264
12804 22215
8232 28205
21391 25685
11431 24095
23162 26670
14840 25062
11819 13181
9805 19750
8434 23868
5510 7830
1065 12848
17456 18308
7652 8264
21355 25683
20018 28008
11192 23767
22581 24435
5777 12890
13682 24247
2803 28074
18850 27248
9963 14106
8481 28055
18516 21990
1150 10389
13473 24127
10653 24634
12999 14339
2986 25081
22278 26639
19536 21945
3446 25426
13679 26162
8552 9528
11998 19408
12255 25974
2635 6072
7758 23101
4077 22154
10399 19811
2041 16540
22095 23243
10652 17489
2748 4604
9397 21240
11182 12498
2093 25410
24774 25003
1199 23875
15023 16092
12703 16862
3741 17607
7985 8860
12346 15928
18808 21026
4425 15108
3945 22190
2555 26461
12368 25708
5537 8034
125 23249
9024 18202
1840 15985
11073 24474
12491 18670
7871 12127
369 23298
1052 23274
1462 20140
1573 4408
20367 25077
916 22141
743 1492
4519 25197
406 5371
6274 20805
15682 18296
16870 20276
19088 21159
2002 27841
4044 25838
3608 6888
6994 16299
6639 22947
2363 19424
7966 25329
7581 12804
11828 20162
12225 28194
4068 19445
976 23437
6877 16955
12559 25161
10299 24023
1092 23273
14219 21242
8964 20950
3881 24669
14680 20401
1842 8674
14288 24208
2564 27821
9293 20758
666 26097
14852 25869
10280 20427
8231 27786
8734 9802
7111 21456
7702 17613
20750 28150
1027 3947
6907 22956
23415 27844
1592 2572
4386 15301
1433 8398
19348 24028
592 9285
7246 11006
17169 17366
26601 27716
5907 27056
763 18251
2850 25753
23278 28060
1398 12538
16184 23082
5166 19348
1270 16744
9198 20310
6351 18629
9136 22416
11917 14489
6215 7166
7218 25043
4914 10258
5978 13298
1605 26548
825 10082
15561 21269
8304 10166
10031 23430
4361 20553
5197 18985
4767 25327
9491 17856
4211 7570
9252 26266
15404 17356
5613 27428
26135 28053
21392 25463
12551 18419
11655 24306
16576 21790
1978 26147
10185 27105
3856 11369
1464 17262
5543 22566
22012 27503
2984 22024
18422 21396
2272 11080
6940 24509
7492 9791
7411 15617
7065 20556
14941 23688
14633 23455
20613 26373
8853 22474
7478 21647
5691 22654
1925 8021
10028 12037
2396 23265
12151 18154
1042 26107
14383 24487
21381 21436
3589 9065
15533 16288
10776 26608
20427 24594
3592 12729
20288 23994
374 6705
12437 13101
16534 21673
3728 3864
3528 25232
1707 2349
1606 17479
867 11382
2179 16587
14958 16293
6511 20677
19960 21207
16377 23451
2148 10093
11550 25145
15663 27689
2288 16905
9974 20111
1349 10189
13193 18521
20049 26533
12689 26764
15695 16276
11128 25054
8482 22633
4123 18373
17782 22491
16509 25991
4217 5711
11327 23026
8687 10437
9746 17656
18731 22031
22025 26706
23225 26923
7820 15305
18860 20713
7861 20245
9993 20539
2743 22814
19203 22042
944 24753
9907 22476
7209 24821
10967 24843
3069 26620
17779 25634
7623 14137
11614 21685
14106 18592
14942 17657
12246 18128
10189 24552
23215 24750
21737 22349
1038 2925
5327 17847
8646 21320
20406 24976
8620 13124
1134 10121
21927 24839
6876 7150
6843 11034
19739 26503
1406 24261
17604 19704
12753 27899
5901 8750
19576 23748
6973 10094
2832 27495
5257 26010
2368 20053
1317 26220
10222 24122
8469 16368
5997 19092
220 3872
3728 21620
2116 4902
4360 13686
588 26439
4753 5691
4394 12523
22871 23016
2805 21831
8096 12264
4532 18407
7370 12038
1786 13095
2067 23600
5014 26626
3732 17329
1056 17442
6857 14401
9601 27068
249 6489
16823 27867
806 2943
13270 17120
14536 19504
6675 11059
24324 27179
25834 27010
14694 23499
17617 18963
13683 25157
7945 8947
5689 9563
19296 22623
16301 17114
21987 23557
7677 21066
20005 20563
115 7513
10968 18631
22959 23073
12493 15175
1355 18478
6727 24996
21038 27382
11023 11337
11244 21835
6803 18093
20915 24023
1432 23035
2270 14201
24611 25660
2191 7758
1762 9265
19396 27899
8385 25262
12854 21704
7590 23658
5609 13261
12068 18412
1748 23547
4004 25804
19242 21849
14681 27596
1311 8066
17145 27899
1106 7975
3762 3856
7878 9696
9127 21118
22549 23693
6239 19169
1806 3791
8496 16952
12772 20480
3622 4596
1106 18046
4537 6177
11334 27948
2259 11368
3990 21673
6410 19865
18036 24586
3124 24828
15949 22735
8528 19968
14368 17965
7202 11044
5906 6968
18662 22336
2160 8772
917 4186
667 9019
6838 16170
19239 27105
11322 24716
14293 27605
14390 16136
1425 14445
7937 23372
7950 12356
14503 26980
3257 24181
8604 13624
7929 23225
432 8171
1036 18663
14524 17505
2276 10974
21085 21831
5691 12538
4580 15162
810 19995
3517 4573
3728 27582
1389 18777
1859 4648
17326 21083
1275 7130
16976 25781
779 17832
8741 19303
11614 19188
8667 25250
26265 27279
21818 23886
20965 22581
8841 20953
19853 26503
12198 25029
4422 28014
4671 9165
1024 16066
6055 26851
8669 17941
293 13077
1949 24708
6936 26993
23372 25084
1575 9264
11130 25092
20611 27883
630 1629
10037 11059
3382 11445
1139 12065
3816 9356
4708 6705
13888 26258
5804 22581
1249 20550
9962 13850
6170 7737
4771 14080
8925 15180
210 16797
7360 15181
14288 19459
7632 26024
161 21470
8282 23919
2113 19162
7375 17253
2180 9094
11348 14708
656 17985
6879 8750
2412 12420
745 4065
3648 25012
6972 14918
19432 20384
2387 21446
9252 27612
1849 27096
17439 19400
3790 15739
3121 21409
1129 24321
16650 17003
13772 17161
21148 24665
3405 9717
12674 23016
5084 17541
5623 15341
14964 17141
2061 5344
12404 27719
16385 28236
8884 18804
3956 19722
4627 19068
8486 17865
6370 8483
7846 8872
3269 16957
3933 14471
3141 16823
12271 19522
15401 21371
8012 13363
14133 27278
2144 28013
1008 25336
13999 14995
21505 27530
16816 27150
9065 10738
10279 13675
10559 20162
10036 27091
9398 21898
22698 25046
763 13186
3567 17524
8648 9524
5864 7944
1140 4237
1659 21944
19013 24060
8923 22251
17145 27042
13970 26764
8381 13831
15611 22354
7166 10393
12989 14358
12754 22269
23143 25547
7021 14082
5984 17657
5922 16641
5049 16178
4826 13583
1724 14671
6994 19372
18749 27649
12092 24555
11240 25986
514 21291
11883 26448
7417 26872
5344 26154
22311 22941
5989 7205
10160 14400
1390 7982
11641 26656
8065 24631
17640 21317
15954 18454
2170 9569
3463 13152
4562 8990
10618 15237
24589 27531
21754 26908
3449 9252
9518 19819
4804 24068
7050 8830
4225 20704
3851 6840
13383 26869
16206 28189
6804 15228
13535 13831
14057 16998
3177 5832
24396 26169
2368 7456
7976 9895
4489 6222
9915 18320
21941 25819
13332 14642
6926 21473
15561 21066
16215 23366
2667 9989
2595 23815
9997 22920
5547 14272
833 18113
17214 25699
10293 20160
670 18069
10717 18723
3127 22913
3093 28049
4941 9634
21674 27372
8279 16027
13059 13220
11814 17232
2945 23972
1153 19690
2277 17203
4332 12971
7488 18479
4480 11722
11585 13060
6931 10971
2810 7703
24122 24364
14099 25306
20749 21029
11987 22227
21366 22409
6086 14443
23180 25325
4639 9772
6253 22312
8482 9192
4720 23672
2067 9527
1066 25368
11273 24104
70 23659
2233 11804
811 12153
20624 24280
3059 26074
6843 10670
629 2832
6120 18908
14106 27976
509 7258
5007 20424
20956 25834
19827 21680
6994 21559
4361 9590
1325 1925
18443 23992
3056 28181
23167 27569
3898 14971
5180 22349
21506 27886
193 6177
1015 21094
2954 26260
12211 20162
4783 18166
17833 22956
8411 27460
6498 19583
15108 28156
5958 28235
15446 19525
13186 17654
20261 24782
17526 21822
21115 24826
1925 16690
11501 19953
17446 18823
7879 14048
6198 9084
5306 11887
18644 24531
11650 12997
3147 12614
9494 21192
10236 23411
16192 27579
2227 18048
11717 25238
6738 11483
19216 22503
16652 17535
568 3895
17191 21646
16175 22666
11042 24539
6298 10859
2438 9525
13604 19087
11211 22770
5238 23947
12860 15455
577 7207
13265 17189
22043 26401
17098 23376
24520 24741
3329 7099
6743 7145
640 1052
3336 4076
221 867
4646 9338
1101 10189
9771 25335
24431 26484
10764 25329
8291 12531
9475 22784
10244 14968
11431 14969
13202 15316
1806 18277
17598 27287
7498 15543
22986 26379
161 10559
5989 17530
22304 27078
4031 9260
10662 16683
344 9750
6562 10160
20789 26126
8756 15376
9330 10282
13155 19185
19900 21576
10888 23893
22079 23207
8069 19776
9642 12413
2324 6632
2481 9690
58 9669
13619 18626
19832 26062
8754 24950
18434 22311
1262 6764
4217 21346
916 3712
9395 16948
6605 22440
21544 27958
867 13065
17214 17530
1068 2984
15188 25487
5398 23607
19639 23143
17056 19417
9438 13919
935 2095
12718 22897
16026 24057
17586 21619
7528 13911
2373 10751
5024 18627
12004 23672
5000 9218
19004 24323
8074 23691
3069 13455
9705 27060
13220 17003
17263 19169
9233 15313
1458 3526
3406 23811
22956 27512
2605 14635
13456 27652
7744 14003
2664 24104
5473 10382
174 11092
12311 15840
2382 3609
25737 28209
12793 17108
8093 9596
6458 17492
6842 15918
13111 14920
2093 5403
6533 12399
651 3007
4857 27050
10652 21149
9762 21580
3446 14614
9699 23193
11390 28082
24532 24575
337 13935
10573 14545
2325 20302
13718 20123
2350 4253
19223 25010
7166 19819
12754 19817
4119 16219
20615 25949
8939 24127
620 6940
10326 21042
3203 15249
1159 8478
6782 26410
130 16036
19566 24415
4945 23399
13170 20224
15808 25759
1626 24299
16582 21104
16255 18128
6996 24502
8131 25302
2866 5072
10370 18830
22591 25308
5005 9580
18411 23379
4891 22775
1209 14782
16187 20797
84 1469
6155 23577
912 15652
25922 27675
14655 28024
1761 25788
13910 18336
5694 12514
15922 19623
9454 19817
2598 15875
26263 27677
2386 5747
7311 9479
4755 22875
8081 20355
19308 26073
14298 22389
4086 21310
4596 4980
3819 12214
5325 19169
10530 26470
307 18818
8220 24226
11112 24872
17630 22153
1847 23267
8011 19648
13724 26372
664 10755
5003 18465
1722 4121
15535 23149
6753 12804
8905 11212
1338 13298
1259 10713
12689 18189
16621 25316
2027 7911
129 14206
8746 17543
9078 14567
10282 18811
16333 26442
10560 19171
199 27118
10800 18626
8388 26489
22048 27433
10015 25032
7578 12066
5153 19188
4967 21346
2986 18027
14592 17070
4232 4296
7390 15728
16311 17505
4216 21788
1852 11281
1759 4101
17586 24158
3742 22216
6977 13021
4858 5105
18192 24294
17277 20553
1697 9205
3423 6664
12228 19095
7644 24610
18662 20463
2965 8597
13373 16582
828 9915
3472 5649
10692 23626
6771 7846
20694 25263
14055 23633
4442 12956
8874 10314
495 27484
1936 26134
23872 23893
4674 19442
5768 20551
3735 7441
18994 28108
12742 25962
6871 22605
3689 20496
106 26409
14881 17451
5414 7828
9465 19732
9690 11906
2373 7801
12316 28194
1358 24502
4592 17237
430 4087
9858 15768
1925 26496
20611 24076
9214 9502
5295 19938
11808 18921
11226 15538
7885 24601
8756 27453
15376 16276
11461 15694
13091 26507
3101 16428
2141 2417
1755 6517
5268 21771
19325 21460
5321 14776
7490 26733
14581 21675
881 7497
4188 22040
7335 25559
15866 18323
12945 24902
11636 21798
14771 24062
17530 25083
2609 25238
3483 24659
16418 17574
3512 6792
6741 7878
5906 27753
5886 14016
509 6753
7210 25104
1223 19952
22714 27208
10834 24347
7368 17661
15017 15089
9590 20860
1335 11080
881 2259
867 4168
17027 27867
5008 26398
1622 20332
4388 13659
4693 23083
569 2943
7911 20323
3472 24017
11592 13086
6255 27514
4292 8837
12145 18369
19086 23792
1112 25903
1229 28121
2462 3548
681 18972
10211 18016
9252 20786
8182 20258
1356 27795
1545 25229
11336 11809
1520 8012
7166 23679
19181 27759
5481 21790
1060 4716
25626 27112
17926 20195
2686 8324
2189 27329
6587 16472
18057 26004
4291 21097
5989 28099
2628 21962
1770 6103
1120 10240
7881 20620
6426 27013
4693 11859
7368 9643
12910 22517
1795 6994
14976 15513
4199 11623
9094 27443
2489 8441
1240 22883
11948 17951
15435 22141
10222 16315
8809 14088
4629 22837
8566 19291
17201 22041
18062 19233
20287 23700
5429 24169
4110 13513
3147 15291
483 15216
13745 14894
2595 16928
22266 25998
9168 11463
6415 6848
16870 17310
11439 18257
10908 13740
4893 20045
25999 27686
4581 16757
3300 8295
6794 12409
13597 27200
8310 17853
27464 27487
7120 8712
2542 10887
6518 16284
16566 26699
10957 21139
2369 18906
25984 28106
3231 15282
1482 22832
1767 13883
8807 11310
2981 5267
1469 14865
1875 7169
8824 10747
20916 25129
5217 12199
1609 21269
15575 27923
9236 24095
867 20758
10971 14474
11872 25813
7195 18704
2132 25626
2880 26136
1565 8472
1177 24432
13014 16785
10714 23621
2587 5096
9720 23015
20164 25188
17245 17869
7169 14970
10244 19941
0 3001
8522 17054
12369 17717
1575 20123
5062 22240
135 9399
7963 28238
8933 23685
21998 23233
6651 24325
1793 23295
21730 27754
17399 25782
18753 20106
1319 21115
3422 8151
7937 17239
18355 22511
2288 22892
19649 22564
14997 27087
16905 27932
14140 14961
8236 23115
24469 27042
3845 6458
2132 8717
6461 14758
12886 14728
13603 18164
15617 18986
3015 18361
19774 21919
3194 22369
22327 23911
23608 25214
12447 23188
5325 21533
3874 12578
4180 13665
426 27865
11274 15020
12546 13954
16694 21886
1638 19247
1343 5716
13909 24069
1178 9375
4623 9421
6181 16238
8493 12717
6657 11080
17288 19071
190 2039
2815 4672
215 15875
3700 7906
122 8359
8618 21125
3734 17713
994 24371
24586 26784
13137 22238
24454 27913
6609 18160
14607 19270
12939 16162
3711 24005
152 23038
8310 13468
18365 18764
23265 27975
406 21675
17975 22008
9972 16605
6009 24939
2320 9415
1830 12402
18700 25009
13699 17423
9490 25232
115 11993
4898 22894
1171 22787
17847 18679
13220 19615
18078 23651
12051 15852
7976 14853
7842 27712
2807 17663
15008 28188
9532 18073
13329 16932
11746 14069
11100 18249
18906 25089
1140 17755
1008 5943
18090 23489
7913 14122
6868 8781
8151 20162
2127 18919
11238 20251
10350 21456
20263 26718
9760 22411
13219 27124
25229 27719
16599 21689
1860 6408
11539 22138
7371 18050
7670 15410
3886 27251
18169 24340
3940 9268
4101 24444
4988 24625
2303 24773
21873 24588
4226 24512
3961 17779
7007 7528
20003 28210
722 13121
8899 13766
12631 21857
2484 17432
16483 23908
6857 18936
6746 10245
8781 13091
259 5918
1767 6227
11628 22322
12655 18009
3279 5632
9666 27476
5274 22421
14487 26319
3488 8057
9781 22396
10215 24764
24731 24913
2120 8275
12596 16998
18216 22446
19021 21272
588 26313
3735 22256
6552 10018
6096 19813
12293 16328
17902 19816
3481 15712
6239 26784
7866 18468
5346 21037
634 13081
179 11076
437 18672
5174 19259
1568 21602
14633 16963
21101 24589
5881 22227
4035 15426
9038 24641
6727 8338
14573 26139
2238 18443
2748 18736
11212 16673
11059 25807
16687 18753
15357 26640
6801 24099
4711 17130
11227 21344
6055 8483
166 15212
12120 28175
3085 17696
2566 9696
7997 21086
17444 23825
6848 8495
24122 26197
9005 21149
13354 24171
6426 10767
2303 2598
10538 27505
11323 19768
17762 20933
25711 27867
8806 17422
193 6636
10128 15551
5949 12016
7721 18693
17999 27936
5719 17213
3253 3828
9215 15559
1239 10951
17338 19195
18994 26232
10245 23673
8020 10671
3872 8802
3554 24921
1472 23430
11381 17490
25043 26464
6454 21725
3580 26358
5317 22639
4190 19433
424 7956
2093 13329
23143 26074
14782 27467
11484 23817
7523 23437
865 13094
5683 13247
12162 22355
4720 22334
17303 20936
10680 12760
1171 14344
3010 14648
9607 23182
9368 27698
17232 23083
7937 21940
8140 22450
5767 13832
16640 25915
11844 18558
1981 18461
14031 14239
3869 5786
3399 4546
10191 23764
19735 25409
531 5312
20685 24250
3308 11080
11763 25750
3648 25130
7166 19275
17692 19347
18844 22581
9356 20427
16490 16619
15646 22416
3804 5594
5904 18419
9596 26045
8251 16575
1795 18823
7404 12807
884 20716
23696 24019
867 4737
17103 18440
12757 19056
193 10512
10939 22630
11729 13185
6081 14577
19565 25049
7987 13840
1201 12171
9915 27152
138 723
10593 20896
1009 8385
3337 11166
681 11133
5111 24964
15097 26136
203 12703
7552 21239
24563 25759
5551 14795
12369 21003
1748 20500
19658 24948
6393 24723
22848 26016
1027 1767
21922 26212
14601 25074
8188 27266
5866 25617
1424 16641
406 24329
15203 18875
3892 17742
21815 26102
5189 19888
2961 15325
10256 16374
1795 17823
3167 26827
9231 25244
10654 22192
10889 25724
15453 20867
13827 21325
1767 16640
12365 24872
4162 16258
6495 19028
5968 16513
6832 15756
5594 13017
8478 22605
8220 27640
4918 16581
9963 20369
15471 23528
4442 9572
6235 20956
12988 21738
2272 23722
49 25425
4159 11207
19530 27014
13968 23128
6529 25513
6227 6926
8191 13407
2673 9323
309 11295
5947 24422
3690 5764
3851 5562
406 9095
10421 12352
24172 24935
14445 19723
799 23175
13744 22200
20127 21801
15410 25634
12808 19827
596 12363
2940 26014
23574 23619
8958 16576
3734 18783
735 24343
15837 19956
17593 25104
196 9317
12056 16136
9328 15480
6973 21036
12264 13358
3328 22066
23102 26741
8963 11692
19148 21084
16907 27342
11417 11707
11417 11824
6668 14010
6832 14771
6001 6010
8959 9280
2292 18595
16934 17184
6879 12811
3728 22255
6040 11821
4408 16517
4003 6905
3069 23225
17228 27795
8669 17459
3427 12749
186 749
1605 8210
8317 11859
13564 27754
319 15822
21061 27002
2702 8660
7728 11748
1124 14901
190 22630
369 24510
1487 20515
6523 10639
12654 20339
2135 4197
4248 4933
15661 26878
3592 7015
7468 16276
5874 24830
25828 26296
8251 16301
17763 22160
213 6547
4770 24937
9327 12735
7888 8114
6495 23932
8612 27828
580 16905
7029 17887
3055 14788
10833 16469
10924 20332
3789 18061
8011 25195
4326 26327
6086 21902
811 16073
6400 26012
3856 22322
13211 15465
1987 2481
17 8149
2532 20162
6448 7986
8592 23138
6533 23298
5485 26602
17257 27243
14154 22832
16639 16742
10833 14879
334 6377
6424 22409
3708 11668
115 10956
5587 8886
1817 21798
24169 26709
1884 7073
7195 14824
9747 22734
5522 7185
6761 26666
17785 22543
17492 19093
16559 25280
8317 21341
11715 20558
4646 22192
10935 15910
6198 27034
4326 11599
10741 10839
22012 27932
2229 15660
3626 18724
4317 23430
14403 26294
14276 24816
7534 12023
8207 16957
15665 25246
299 17422
7552 19094
8831 12419
3383 18651
14555 22625
4888 16656
11201 20861
4142 19952
5980 20702
13652 14938
11357 20287
6848 15829
7555 21335
12088 25564
3625 14778
10287 21296
8529 20682
15179 20703
3965 7264
11045 20406
2302 17509
9776 12141
4914 8499
15523 16094
10309 20754
1878 2208
9378 14691
353 23600
16229 24934
982 25295
2282 10998
22321 27640
6268 25052
10428 19988
2823 3734
11798 25009
9432 18520
2635 16402
2605 24098
12257 26413
10140 17017
5808 15605
22359 22936
10346 11735
11417 20217
4456 19068
9248 15405
20491 28263
4003 11743
13367 18441
7005 12459
21761 25414
7826 20187
925 16923
1440 4639
11026 14257
3585 15848
2954 28055
3734 27476
1106 7997
23278 25003
6838 7062
2001 27990
23932 26312
3366 11444
6065 15267
1421 8560
11366 26469
16563 24242
9213 17408
4463 16120
4367 11255
5751 25247
1036 23389
17061 18347
14270 15627
3437 17602
17562 17838
5288 13970
7536 10407
12377 21857
10309 25634
10648 20137
9174 24363
10800 12160
11879 23863
16959 18544
21831 22745
2050 16138
3406 23482
4205 5893
13440 17069
689 24551
13387 21597
7320 10080
12386 19948
11776 26053
5681 23333
6355 6896
3101 26122
15541 17967
1753 6451
24384 25793
5003 11450
23470 28039
10344 17219
958 4009
8012 16401
1714 14974
16778 24076
8923 14794
2712 27822
4510 10653
20616 23074
3728 17175
14835 26189
5583 9406
3922 7884
2607 17757
3900 22339
12451 13455
7701 26690
1091 27722
638 17842
3873 15442
1674 2547
9055 27080
19001 23075
10482 18758
13407 20856
6488 16373
4592 8910
865 2757
12107 15952
15214 15354
10721 14628
3969 15173
2503 19575
17952 20744
11252 18354
8909 21958
2127 21109
3389 22761
6871 12077
15494 15814
9794 26487
9282 22274
9838 17838
2530 5728
1116 5252
1181 27554
13510 21281
616 10174
6933 10618
4794 15766
16031 24051
21650 22915
23433 25986
12717 17014
9005 22570
18902 19017
10248 27312
9590 16901
7962 13359
18606 20122
6641 20477
7142 14552
2214 25547
753 12982
1 9051
1008 20557
13832 18308
4300 13623
16949 26643
6847 14776
8016 24756
1978 15267
23378 24586
6533 21886
4993 21084
2185 5691
19542 26716
7229 16879
439 26194
6750 9619
7904 10639
15938 25062
21563 24885
5237 23619
1302 23282
12551 12737
2186 9738
7342 12428
7845 19960
881 9113
4993 11665
23287 24811
12581 18933
5752 22112
2615 21462
11082 20066
16603 25760
19871 21188
9228 22499
2494 22531
2303 17277
3296 23916
8523 21232
11461 23606
17908 19085
7985 14835
20224 26142
3598 8057
17209 27602
9873 21462
2657 16253
19871 23189
15642 21194
635 17057
19662 21026
24659 26134
5906 26688
17971 22416
5961 13125
6355 13482
10872 26547
5407 25286
15672 18570
1516 25608
4468 11331
86 20480
9569 12397
12956 20876
12261 17146
1719 11793
4065 16589
21828 27582
13439 14971
11880 14129
15250 26908
360 1397
11050 15442
23136 23387
545 17440
11913 15920
4933 6007
20479 27621
5906 26976
4564 22729
443 23518
10659 11091
13081 17512
13362 22404
6820 22329
20487 26216
2427 14303
16208 24812
20692 22948
25445 25754
6560 16013
377 14513
14287 20831
8586 25676
911 1232
14407 25539
11177 11832
14010 26413
5626 27175
20092 23399
4603 7966
6381 22799
11229 11463
8263 16905
356 6099
9560 11030
11383 13655
7550 21312
12690 16276
4541 21552
21883 25630
7100 25962
4563 22112
18891 25182
1174 11985
2800 24829
10646 11745
12939 21516
17636 22564
3634 24944
9253 14308
9154 19340
847 25065
1968 2313
906 18474
14609 24218
9327 9891
3273 18281
7135 10893
2494 22901
3828 11473
10585 23520
19184 21498
22833 28120
7522 18626
22182 23576
3310 26838
8454 9866
15847 25636
6009 9502
14539 27268
4625 17700
5496 15302
3758 22435
18871 23246
4273 24195
9702 28231
9324 25817
23437 28158
1474 10388
1863 23520
13254 14784
9838 22659
3121 9654
4467 15173
10930 16863
5764 15432
6409 22010
2616 23738
609 3885
18938 21883
5864 14968
1056 2336
5705 26401
9514 14745
1978 27932
17963 21269
14771 25163
21954 22328
3430 8659
19968 27501
23593 24042
9557 17048
24 199
17842 22387
14643 18225
4990 14359
935 11660
994 21207
899 3125
13599 19886
607 23809
4353 8695
18128 22126
3741 14353
7022 7982
1659 24254
16953 19982
4581 9367
6935 10208
3152 8596
855 8145
8073 25010
9687 12169
877 2233
583 2527
18081 25840
19853 27821
17808 27428
9226 19496
17014 17651
2778 8636
4142 9716
5338 23189
4081 16603
11597 22186
3571 13609
11585 24955
17422 18823
6177 24136
12244 25309
3694 23838
22012 25356
660 10913
14016 24415
4609 17254
341 22061
18564 21094
13856 22549
13373 26374
4217 15224
2114 22329
14644 15200
3542 14176
8416 20406
12309 22897
15069 25747
7982 25559
6264 7606
15861 18667
16276 23361
514 27814
18050 26663
26620 27508
11245 14212
5984 6848
26352 27638
19670 27976
14748 25559
6914 10652
9049 10454
1915 5371
3912 21994
23372 25608
3733 18304
17832 24813
26312 27821
18177 20064
22724 23388
11180 21794
21166 25154
8156 19857
7826 22276
3719 15553
9536 10407
8012 16671
3296 8875
21688 25271
10531 23106
9575 24056
13757 21449
558 16999
2277 4096
3708 8672
5554 8886
3762 25534
485 27969
9746 14048
7956 17422
1550 25525
3354 21065
369 18679
867 10935
11048 25568
9517 10314
6299 21002
20635 27562
18562 25991
7360 12091
14335 14728
15293 22956
6793 16770
1014 22514
10982 25468
12314 23928
22471 24122
1925 12378
14129 20109
2808 11255
16943 24904
15302 21737
485 23600
2592 21913
3593 22731
9310 14793
2617 7911
19827 24557
12602 22466
8404 25362
16212 18952
19868 20024
7053 22814
8443 15862
9959 21407
4729 7736
2874 5247
15894 25689
19086 20886
2228 15442
3267 22874
18389 22983
3539 20355
3807 19035
25329 28074
1273 16108
7295 20489
15991 21865
21810 24679
7419 13839
12866 20392
439 23123
17112 23771
16467 17553
8691 15452
9219 21623
11332 15643
7290 19534
22231 25332
18995 27329
3954 24557
2623 18659
11623 18683
4722 5978
4205 13392
6961 8589
2389 18565
4789 20515
7478 24838
134 9377
3285 24848
1038 22452
523 16274
14555 22131
854 17787
17963 19348
25910 26644
1878 10839
10210 21351
515 24061
8970 22415
4402 21865
5831 14736
2660 22581
12629 24867
2136 27849
2907 4207
19871 24939
9231 15325
15301 28196
2315 4949
256 18423
3129 27416
20688 25406
2624 3528
2349 25399
3687 7733
8891 26168
14676 23140
12602 18062
187 16742
21382 26948
13306 23411
6628 15251
18491 19818
1368 28230
1404 27514
15376 27867
13875 19172
4500 24131
22798 28051
1878 20856
12409 24358
1767 15558
3735 12069
15424 19272
6511 15509
19035 23391
3828 13810
4417 13706
3296 11260
3265 11535
3282 18678
689 4859
2769 20482
8870 20311
473 16679
254 27395
14663 24435
22368 24287
13649 28080
12019 17516
3566 10284
2245 13681
3006 16421
8461 11997
3589 7975
23665 23809
4742 15515
2487 25898
17536 23915
3944 7144
15474 25537
4371 24935
7289 8628
5825 10799
3332 24599
14142 25105
3622 7021
2723 10052
8770 17747
7619 16794
43 1321
3667 11283
14383 23567
12 23475
3727 9046
14748 17992
3002 17919
7611 12236
8105 21201
24232 25986
13148 25887
1106 3356
5989 25414
6261 17164
19409 23903
7205 20500
8183 24723
7653 11634
2722 18474
220 5344
581 21849
2149 6275
5295 16201
8427 22452
6257 7698
16496 23171
4600 14971
16775 17512
8029 23264
3759 25086
5505 14477
5472 19781
6562 16539
20853 28086
4949 18956
3807 16080
12363 25602
8523 17241
7839 18945
11576 22095
5243 16113
7498 19862
5201 13180
6940 11193
9861 19546
3404 27201
20081 23655
18649 23048
19086 23277
9345 20112
1272 27175
9454 11495
19081 20355
1568 8646
12377 26148
10222 22471
12022 21946
1406 27123
11422 14911
13358 24886
3042 10167
13718 19567
3781 10693
7656 9233
2708 3947
2458 8974
23514 24640
2964 21326
2022 22481
21269 26413
20758 25468
2185 17302
2837 13060
16812 16820
7169 21910
8807 18302
3037 11817
20023 22418
7166 20123
18762 26599
6182 18979
3019 23809
6994 11431
3934 4448
933 1672
21565 25636
13446 23188
23151 23663
16048 19506
20879 24208
9211 13894
23315 25949
12228 19123
10442 16478
2245 3300
1356 21636
1609 25448
4343 17177
14911 17307
8456 25376
2419 12595
18466 22008
7765 13287
9825 28052
782 19664
1019 8843
16562 28032
6924 24461
430 10748
163 17412
4551 14623
2227 20995
10128 21613
14386 25120
8284 14721
8972 16173
4439 17102
22702 25981
11877 25525
21139 25636
1308 4366
23074 28060
921 21594
10406 19470
14971 18970
14718 24678
20975 23214
5 7224
6854 7717
11747 20562
90 21348
2297 24095
22820 28194
1028 10871
3889 14475
8085 14749
6518 10309
1254 13131
13078 19572
13711 19510
2157 13699
13370 23809
14561 28034
17963 23298
1750 18761
4893 25472
6308 26956
24869 26154
1 5011
5780 19600
12244 25299
4633 6725
6373 8011
15791 21688
7566 13520
16331 25306
17803 23959
2826 16597
6848 19705
9113 27117
9318 17043
771 18449
18241 28039
2373 20059
13851 24486
7110 28091
933 24790
1767 9293
14810 20153
11953 24955
2708 22779
9614 24730
23402 27833
3287 9050
5519 27842
10283 26753
14896 14914
10619 11166
957 9315
13180 20355
13204 21511
11214 19132
5181 9582
9699 18224
3446 24406
18054 27366
20749 21058
6042 24659
8852 27013
3030 6727
10800 20714
9061 17395
14851 17713
11599 20511
13906 14464
15291 24753
3188 23561
785 969
25083 27221
6855 10319
564 25765
24833 25105
58 4422
3542 18697
6506 22446
9287 19627
13941 26824
8597 8943
14272 27422
25786 26422
6042 8277
19914 25382
2646 22885
9286 10841
6923 11970
1011 1716
20162 24160
1695 14548
16226 23147
7988 15151
7914 24901
9483 10920
8397 22605
1860 9751
2373 10439
6177 23679
9416 26503
2077 26688
5125 5210
7297 12282
9692 26907
6776 24379
21111 25607
11666 18136
8785 13744
1597 20361
4314 13087
10493 21131
16222 18772
12717 19536
2422 19136
13967 16626
19776 28172
8426 25742
8057 10727
1047 10115
2369 4623
7121 21969
12066 12416
4111 9198
16849 21335
12045 24122
1616 22025
4493 8291
220 14228
10036 16276
23863 27640
15243 18313
10871 24242
1775 2259
3140 5705
16867 16974
4302 19037
2731 3741
8061 28035
14010 24886
7132 21407
7471 18015
872 27418
7910 16001
7407 8705
4232 6496
126 14697
8544 25138
6423 22269
788 9591
4152 17798
1878 10935
1697 8113
7035 8982
9388 22219
19133 19873
4961 10462
7769 17237
9801 10553
2709 22639
8140 9275
6841 15069
10849 20245
12434 14359
3856 5943
12341 20503
12399 22581
13764 19325
15031 26896
21094 21727
16122 18630
22770 26983
18050 19848
3346 25713
15267 16905
3387 25400
9826 28039
9222 25339
6879 14437
15727 26554
2413 19089
5913 27913
27006 27213
876 21036
9962 20141
10600 18465
3484 6127
14824 25866
8565 9847
1817 18442
215 21335
4568 17811
2034 4039
14445 15220
4077 17059
7444 8035
16422 22441
9342 9696
18018 23254
15365 24472
9089 17140
10800 14598
20162 24904
15696 16307
17637 18015
1879 17393
10420 14511
1864 5827
12790 16459
4096 21858
319 23454
18481 27221
10417 23054
2986 12956
17958 19775
3510 13337
1335 5699
5686 9012
16593 22425
5767 7508
1771 21209
5717 25306
5031 11513
837 23902
5325 7512
2763 6178
2368 17549
9028 21283
2022 7698
5557 14106
245 6626
11985 21938
4623 22588
15346 17407
569 24477
11376 18386
9699 18947
15974 27867
15179 25887
20426 23932
13987 15365
7798 9399
17626 21323
626 24453
8455 24144
1114 12729
1707 3038
7138 15910
14048 28215
8376 12521
10160 23615
8484 14998
5269 16046
258 5368
14691 18618
17364 23377
6930 24882
1950 25738
14783 18425
13619 21473
1521 18521
8361 9398
8396 21029
16979 17748
675 8684
7373 19627
768 24374
10077 11522
8398 24952
7375 16901
1669 3761
15874 23082
7542 22581
21513 22810
19301 27096
3129 15323
20633 21712
1976 8169
7360 12735
13704 19843
19133 23653
4000 11147
24123 25929
12660 18791
19175 27129
8223 21151
694 16292
664 4072
2005 4930
2798 22771
930 2635
4072 24563
6426 8785
501 27722
11240 26969
7916 13257
15920 18425
14421 16969
16175 23361
14124 22517
9031 24853
5016 8174
24 8948
1065 28226
1955 11424
3729 28094
13391 22841
3060 22369
12262 12459
9805 12242
13350 18360
5485 8353
10434 19567
1006 27197
3121 3265
17889 21266
1855 23455
15377 22180
20018 24151
25269 27782
9664 15786
11114 16328
12928 15313
5989 8852
17304 20196
14584 21232
4624 16113
17526 18293
3972 14724
1630 9980
17503 24727
6446 25588
5699 10448
588 21431
15094 27222
8443 17273
4642 21326
17169 21955
7320 8177
1754 23838
9865 25562
132 6038
12228 14771
2279 22957
7734 13382
16840 26030
626 12715
11634 18704
17701 23662
973 28093
16322 22135
15741 27274
10235 11852
3892 24057
11335 23933
10248 15026
15252 24949
17801 25006
7497 24752
2664 18564
2583 10957
4894 7625
6541 14679
8804 22460
1159 13491
15832 17792
760 1448
3944 23494
17319 18581
10896 14583
1782 11814
9517 22559
9399 16958
1622 8196
1548 24098
11065 17176
6161 21679
18619 24884
3111 12684
11416 19140
3812 21408
4964 17990
5658 18910
14378 16094
7550 27514
3885 17630
9590 21857
27087 27222
1042 1529
8070 28205
7725 21462
2205 21345
10587 15995
20251 24069
4382 6725
10189 19974
12965 14926
6322 7721
12762 24569
4417 12114
12183 28219
1426 10517
3121 9252
10157 22020
5913 8500
9751 16449
5975 16328
110 8057
21635 22310
1282 15449
10389 12565
5851 12943
11092 26152
1106 27123
11627 13383
6295 14863
4881 24577
14069 22696
12708 20849
713 7169
2997 27190
6511 28134
1234 10889
3810 16027
21950 27301
21811 22646
11039 18820
10197 17930
5436 21476
14491 20778
6551 14775
14364 19827
12994 15837
1779 16979
961 8367
5288 22871
4646 15180
3469 27520
9895 21654
8411 12231
3770 27455
12708 18775
1773 7296
10060 23810
25607 27128
7956 23588
13504 22120
10490 25096
2410 6674
4169 28224
1199 4127
20515 21324
1430 8898
12433 26724
18480 27257
8930 25262
14817 22297
2176 26348
196 13442
1246 24521
1214 2662
15666 23665
6612 27559
4600 14010
7325 9923
12363 27243
341 19618
7205 12538
2382 7172
12532 17975
16201 23809
2712 4218
8329 10990
6883 14044
3795 8474
6351 17302
2469 14911
2305 4507
2547 11877
10003 24272
3836 14956
987 14392
975 11536
3463 10308
6914 18593
21792 26824
1592 23617
9153 26901
1287 16560
6578 8527
3700 7405
6972 26665
9234 22294
8268 10021
22650 27128
18030 20740
8799 14000
1029 1049
11207 23767
21603 27923
17388 22701
24326 25913
13906 15163
2470 27596
11292 20611
15348 22491
16374 20213
4580 25140
15141 28156
11795 14281
5583 20831
7913 8841
19025 25454
10990 20515
6045 13407
12090 17518
17398 23763
292 2781
14010 21564
14079 14700
309 18914
1465 3769
18400 20092
7407 17479
18591 24127
5625 21542
3729 25329
16202 21403
7194 15926
12402 26740
446 14959
17020 20363
15867 26728
6325 8169
5075 10747
1441 26898
5878 10943
7187 14203
17283 17600
18036 26048
12015 27298
12811 25760
20929 21789
5495 15138
13095 27865
9072 26089
2782 8471
13309 19323
7280 14539
8775 27531
5042 6120
3634 22418
5104 28104
14563 20663
8206 24061
6994 22415
1340 12098
5623 23467
17056 21269
17468 25188
5466 8122
2889 13576
5010 21366
8931 9821
7648 8108
3141 15376
8933 25002
1982 6443
2189 23023
10228 25967
8075 15367
9951 21262
9254 9722
8408 9589
1440 7746
26317 28278
1600 4312
10652 24904
416 16718
7103 17444
18192 20123
20061 27655
9699 22387
5636 21178
14777 20998
13279 24697
4304 27664
22390 25445
2120 23359
3 3421
18033 27684
4648 20953
24060 26817
15357 17028
13509 24720
7908 27279
25008 25167
9502 18387
1353 6958
6832 14418
4550 7144
4979 24294
10225 16276
4302 16521
8831 21703
4568 26370
1138 7325
7903 10961
5658 27637
12657 13473
9563 27569
17982 24828
7166 13180
19017 22596
2711 28234
3338 9150
8048 9319
679 16616
2642 25439
2232 16426
4603 25494
9895 21692
5371 10859
19362 24095
2750 9820
17730 23422
3264 9078
25062 27495
552 11069
860 11877
5532 23282
23034 27663
1250 14907
2219 24125
16094 19982
10971 18277
16072 18697
2 24576
12709 23574
3665 16477
4269 23330
6529 24082
10751 22824
4334 14456
611 11450
3091 14690
15173 24014
7484 24415
13017 14863
102 17070
7213 11701
2141 20761
4236 14021
1294 21382
12991 26409
20941 24611
17787 17963
20053 25498
5348 17314
1613 16943
5004 7610
2635 11495
11080 22839
18553 25305
6455 25202
16810 19771
18304 19133
9044 25838
3901 16338
8898 10885
23540 25157
18136 18824
1365 14429
8096 24854
17659 23107
11590 16183
4604 22426
23799 26397
18643 21490
9067 12423
7881 15482
1072 24616
4217 11465
881 20118
1118 11073
4557 13384
3887 27203
17608 27404
15808 16963
9704 23672
9090 13091
667 25308
5681 5861
19326 22449
971 4651
842 15731
4306 5930
9018 11610
15291 20853
4708 24075
13400 16957
2312 25176
14403 22207
5485 14468
9038 10382
1633 15908
7543 10033
15174 15348
19818 28063
1635 23015
15672 16901
7566 9466
4237 21024
3636 7997
6767 10265
11104 14359
1365 21849
4548 5815
1840 11334
14743 19849
14344 17637
4857 12194
12194 27121
10639 15748
6269 14912
13401 22610
6055 27696
1095 2661
15326 18787
17893 27987
8134 17730
5485 6536
14987 27409
12991 22664
4528 6094
18825 26152
9226 25564
13423 25608
2565 16197
250 14255
1254 16887
10287 23422
19784 23176
10039 11426
9465 21149
11621 14359
18639 25204
16386 25881
2742 26691
2129 2785
18402 24257
5200 9956
21394 24122
3876 15669
12678 16713
4878 21770
5885 27452
10075 15967
6174 23497
11045 11262
3013 21824
14326 24982
3733 12674
19886 21707
1900 3562
5055 7644
5725 20754
1666 7141
6495 9215
21157 26318
9769 18498
6835 16185
292 2368
9252 21021
345 12261
18639 24061
6314 24030
12391 17975
7359 22891
5502 5797
3157 10292
14798 19760
12342 25525
8361 22169
7849 18608
6322 21433
1043 24623
7289 12711
4648 17122
15610 21673
2326 10476
5079 18406
6013 6937
4370 10137
5166 19409
3214 21664
5949 20066
125 18454
1020 12373
7285 17837
12945 14384
17991 20448
15973 19947
7289 20686
8806 9226
13831 20695
722 23963
8586 19360
20141 27328
1878 27579
12260 22363
3893 27541
10303 24138
13174 23876
2283 8352
1878 2068
5080 7768
4658 16032
635 24069
12782 16966
2321 22514
4382 9575
1533 26544
1878 6317
2545 8635
25866 28166
14242 21473
2943 5505
11722 27257
11990 11998
8083 8923
14383 17838
10498 21028
10816 27464
2084 8434
3859 24155
4378 7813
7047 20578
18527 24611
1546 19241
8249 17749
9590 14104
3015 13304
19657 22548
1880 27638
3705 14853
3638 23736
2466 24049
8572 13721
4552 11747
194 3115
6294 25280
7779 17148
454 7148
22003 26473
17 19507
11342 23365
4405 18128
12760 27896
6756 9614
2606 26418
23708 24422
8310 21359
7990 16181
2332 20667
5124 18768
21709 22301
10384 13054
349 5521
15661 19132
5071 16969
24836 28256
198 22602
7307 21369
8437 22771
9607 25289
867 18626
5141 18135
10616 28152
1034 2748
23911 25432
5250 18217
16784 23931
7671 8491
4216 16537
15771 23375
5063 27811
6195 15749
7075 13543
7566 26053
18505 21887
14017 26591
3202 3997
505 14014
16188 17664
926 12251
19933 21681
2953 7802
1944 7002
4265 5384
448 15973
5351 22860
10039 11466
10363 20868
13114 19039
4581 6205
553 1308
1026 23974
7477 28170
11073 18521
514 4325
18939 19328
18994 26719
10473 16396
16289 19964
27756 28030
10967 27811
1589 15575
2132 11261
17963 18369
17562 21077
9583 22841
13033 21804
9524 10674
3411 17355
9710 19561
2976 17430
10449 18584
7902 18425
8813 27111
23892 26197
22158 27323
20719 20985
1297 24510
8443 28077
6668 14023
11603 15676
7746 21084
4360 7855
14479 24363
8291 25270
10154 12051
12137 22230
7524 22454
17489 27819
13688 22101
1030 6246
12230 20726
5344 15508
1416 18379
22319 25276
426 808
713 15920
6139 15892
6349 25704
15464 19839
9928 22227
13499 27298
20906 27578
6782 11652
4178 12250
16515 23674
867 9356
2067 4918
17603 27969
10799 13412
16357 22156
14592 27365
9127 15730
11963 12097
7937 15056
4766 5297
19974 21000
18622 23946
7394 17739
2590 17889
5750 12573
16333 21753
8753 15564
11520 25698
9998 27043
9378 18618
8377 14244
7866 19197
19362 22842
16764 28158
7534 20367
4543 20687
1050 27636
18911 20510
19445 24165
6562 9805
4123 24671
22923 25160
13810 20081
12602 21512
18295 19264
113 4992
8996 21570
16888 18635
6603 26630
5882 18117
15507 18298
10475 17753
7765 11492
2564 9260
4043 25397
9321 14601
16288 20276
11687 13754
8296 15523
2005 12051
7441 21801
369 7166
7923 25457
3059 4789
2025 17458
4646 26315
11656 22422
11417 20699
8599 17549
161 23455
19275 26197
5710 24147
17 27135
1602 21438
13288 25929
7768 13264
4671 6931
19386 27772
341 19483
18799 23312
5214 6222
2961 27898
1267 19504
12801 20094
3735 6478
14228 17803
16170 18246
23644 25848
957 20041
25998 28255
8717 11629
9323 22734
8750 10652
2592 4954
11701 12127
876 12188
1707 23481
5104 17526
3828 11411
6807 18027
3137 18106
828 9323
22020 28013
19289 25272
4766 24221
4075 9528
21462 27374
1343 24028
5294 9915
6261 20553
6070 14248
1573 3789
2031 7552
9018 11729
339 3928
9037 19473
2300 8284
2869 9002
7747 25306
23707 27752
7068 7737
10330 19297
4305 13688
15382 17549
11790 15176
18213 23808
13248 17510
18029 19503
25954 28222
6876 11674
8323 17754
812 12670
4603 15450
8248 25185
13362 16855
5859 27642
9333 20038
12320 22725
11365 24616
13700 21438
16814 20962
2709 3452
14592 17636
2503 24469
3638 17671
1778 25311
4860 13353
14264 18565
6633 17847
9300 19425
12444 21094
24929 28211
12210 16362
403 16867
12754 20849
9253 27382
12155 13152
1008 2767
4333 15151
3472 16660
2360 17075
10007 17560
15368 21636
13517 13856
3136 25534
2329 18560
16955 21407
12069 19223
23693 25962
1287 6231
1886 21000
1772 11834
15645 22607
8816 16401
2708 15184
4574 11232
17521 23400
15376 16823
406 16582
4379 18364
10800 18591
11193 17456
6179 24392
4130 15286
4162 24565
8781 27350
15877 17973
341 7159
24005 27612
11990 21332
14188 22474
495 8318
4709 8075
1198 23412
6725 22598
3874 4081
6357 8001
3422 6879
2832 27441
11133 16754
7286 22389
1568 14226
20680 22285
14672 24888
12498 14672
953 1018
9468 19497
391 28058
543 15425
12538 15483
1578 19603
11748 21048
18904 20584
17262 18705
10920 15470
2269 26179
2522 8326
11804 26181
22666 26000
2039 4427
1888 17773
6301 24433
867 10464
3843 24502
3995 9022
14464 25699
10344 24439
11396 18526
7869 25402
1223 1852
6729 26477
3806 12291
12956 20032
5618 11593
11107 16614
13564 21577
1819 26596
5096 5819
26278 26731
22216 27746
5473 6788
16152 19214
12778 26744
1998 19952
7069 9803
15077 25046
1164 5134
2818 5041
20899 28225
2373 27098
24651 28102
5704 24172
12654 24823
4309 14398
4519 5219
1275 15426
1212 10643
23921 28243
7360 22688
4429 23637
6248 25210
11747 26176
1688 21345
1575 20633
4729 28158
3010 20990
21716 24377
7667 24617
5906 18371
10524 16206
441 15820
20816 22382
396 10272
92 8746
11047 18068
16203 27100
21587 23254
24136 25664
11262 18440
19421 24611
4061 20786
2347 23362
9843 23705
4822 25468
12134 18565
4747 10218
7511 13542
3719 24127
7889 18412
4971 7743
8807 11096
13383 20849
10990 24068
406 28035
479 3126
4861 26193
3780 3946
19104 22479
10682 20115
12148 27666
1068 3425
1 9264
11905 13316
1045 1302
17773 22814
6891 18969
10796 15756
650 27467
5716 26554
7869 21053
3735 25949
12920 24444
6342 14738
5505 10585
5344 13036
12737 13013
16584 25049
23428 28044
2131 16276
8912 22481
2245 4967
4552 22080
8945 20011
22263 23606
18787 27042
10773 12440
47 26283
1092 4424
1397 7397
1947 22659
22561 25427
5660 16110
11193 23454
4140 19430
16828 25978
2881 13639
6624 15130
102 13115
13890 26111
5506 8356
4870 16579
4560 17931
1118 8076
7162 24326
15672 17214
21631 25865
12776 23997
9239 25272
19445 23885
16276 18411
9167 14219
20477 23816
9634 18396
2787 23391
14645 18385
8083 20238
8548 23175
14033 18137
4942 13283
16640 25505
13285 14291
20195 25490
19727 23492
5587 11080
1429 25676
1538 24904
7626 24240
923 22821
872 24393
12792 24005
15245 16055
15085 26497
15471 18963
1213 4084
10346 25797
17509 18046
568 15729
17067 18304
6166 17760
7523 16311
9443 10639
17605 19868
24864 27862
7337 25035
1917 3171
7656 10342
281 14055
12834 23104
4967 15224
10609 23201
13358 22192
13168 16036
13266 25249
20893 24799
710 19817
16949 24885
128 9992
21010 26728
2381 7224
11299 16272
11034 15610
681 12341
2544 17228
20198 26908
7442 13504
3350 4685
19939 27934
11336 18764
9604 18001
5638 10944
2120 13074
3545 19801
23 18425
5371 9421
1817 23020
5430 23764
255 23390
5913 24965
14103 28193
688 14602
18339 21368
8110 24069
1445 27442
327 15808
2362 10287
3406 8802
6308 8586
106 27251
49 20940
13562 21462
1404 1498
3734 19729
19584 22190
21296 28211
13888 22847
13076 17491
9771 19026
21003 27835
8835 18131
13718 18934
13875 25118
6138 27192
1930 18848
3419 3598
2245 8536
8816 16845
16291 18738
4423 18210
751 900
8454 26026
17684 26077
1499 21111
16838 21028
289 13033
9785 13721
4090 24096
20308 24405
195 23619
22805 23361
589 12112
2148 3344
10571 15311
8356 22222
9677 20045
12366 27105
4164 21964
18787 21310
7361 27495
9112 19687
5658 8230
3585 27599
13527 15402
1902 17562
21138 21450
5273 9324
11657 28077
6495 26493
7187 27148
5510 13018
15250 17457
17967 18919
3753 24104
14015 19812
19819 20876
1299 18704
8003 13150
21920 23074
862 17977
770 4767
6842 11447
15460 27453
19508 23526
3793 18945
14662 21126
10026 24062
6008 20316
6708 13597
7247 16734
5602 25765
14021 14998
5151 25706
1878 19827
4199 24693
12921 26069
12576 25468
7607 12064
15216 19039
13068 27830
18280 22720
2344 15020
1067 7461
26363 26461
12 18926
15712 20021
6612 20172
2452 3152
1863 10323
2039 22416
220 8397
13443 26672
6589 13471
10223 16511
2647 3122
13810 23822
1271 20758
13543 15490
20123 23892
8450 9441
6928 23051
17492 24904
10242 27742
5085 11233
910 25623
10876 25693
9230 24069
8899 21203
3872 5309
14517 17484
3141 23762
3075 27776
1306 3162
10546 23742
3334 15203
8882 15442
1676 8482
13970 17823
12565 17115
6994 17446
3921 18997
2534 3708
11347 22622
3810 17523
1 21695
8364 17593
3499 5502
16426 19746
6232 17479
1346 6001
2027 11243
14689 16958
13831 20032
5691 8037
2869 22498
19712 23932
8017 25391
19234 27047
1672 6349
13216 21945
15520 25157
5539 10055
5497 18211
1045 9328
13465 20358
1613 17742
4809 26508
12120 15343
7390 7447
5367 15581
78 18679
7355 9144
1888 21393
24127 27795
7881 9150
5217 9494
4248 15316
10283 10312
24540 24566
7649 22634
6053 13646
340 16400
4742 25432
15957 26716
3667 8872
19911 24864
16073 16961
6517 17177
933 22187
24904 24952
9829 16700
4732 18782
3036 4646
5392 16547
3501 23633
10061 10119
20333 24236
5087 8806
16953 27074
7386 18791
17562 21171
12968 26308
4268 23050
2711 15059
14215 21853
93 16756
5588 11079
24150 26019
18782 22932
3378 7802
288 20713
23352 23645
213 494
7380 26500
7871 11069
5082 12537
8285 23318
5565 6658
653 20549
6832 13736
3665 13049
3666 18099
1713 14309
15493 24565
16718 24779
2536 16470
9899 22623
18494 25274
25454 27042
806 16838
16223 26991
4498 6745
16090 17166
1650 16842
9095 22216
7975 26559
14369 14989
2928 24059
2132 13779
7101 26314
9488 20081
14532 26343
13676 14991
3890 5659
2340 19002
9922 13482
478 25956
20289 22068
6946 15530
8003 21924
967 15572
4156 25158
23327 25634
1864 8108
21773 25380
21844 24024
17537 17963
3637 5121
961 17639
15892 24548
8945 17687
2369 14098
2986 12399
9136 16865
3121 12363
4192 22224
872 3661
13470 13478
13249 13735
9847 23083
18775 25443
704 12615
551 19606
17485 23215
20540 24053
1397 4348
2379 13661
12476 19481
10375 16909
16744 21404
6263 13029
4287 20786
18304 19982
5071 10940
6215 28044
6516 11878
3665 5327
10920 15808
1015 24610
14559 26733
764 21118
6560 21885
2029 9264
5116 17786
1033 6549
12617 25443
9603 20744
1284 6045
12451 21902
5018 7489
9294 23803
1091 5312
4618 23937
3073 15268
5038 22065
11953 21849
9019 15832
2526 18707
4563 6431
14044 25371
24065 27824
24091 26853
3228 17115
9465 10935
11236 24391
14720 14867
13702 26571
13756 25817
19091 22331
1039 9214
5267 18369
438 12313
2213 10390
1779 18892
11687 15221
2357 4343
2646 6879
7626 8784
6655 28059
14471 24057
10296 25198
16210 23730
5322 9268
6633 26312
6972 15729
2353 17283
17647 18573
13337 27389
1900 10535
3636 27571
9864 25956
10200 17713
30 19467
23525 25494
15933 20517
8649 12954
18529 27136
3440 12604
19154 22985
21115 25788
14787 26454
2491 14642
12479 25008
808 3406
16951 25950
7124 8846
1515 12308
15866 21231
1519 5691
15962 18684
6437 24843
7386 25962
1106 17966
10634 26009
18911 24157
13024 19982
9084 25658
1772 4414
10756 23566
321 15370
16071 22688
1934 24866
1468 2709
2031 13020
2945 23319
11400 13106
16900 25454
8108 10920
1776 16439
18712 20552
441 3341
1284 10421
10823 15906
1809 5810
18676 27061
14471 16489
7328 22371
15801 16152
5473 13901
1388 17013
6760 8155
7065 23312
12137 22239
4289 25047
3328 21163
4849 26439
25169 26726
15729 17905
10477 17472
10405 27004
6562 8924
2233 25432
7360 23911
7213 20615
4190 18533
6290 19701
14636 20467
8182 15376
4421 13320
10617 22799
13585 20797
6104 18351
11712 23380
2521 24167
16376 27353
12615 15438
621 9847
554 23157
3121 7867
1690 9367
11985 25172
14955 26260
5051 25340
14445 18036
9260 17220
12646 14683
6094 16955
3019 11588
25630 26207
20053 22156
292 3691
8343 9449
9127 16043
4546 9372
19023 22667
2505 4083
6771 17354
22231 26457
7230 25583
384 9574
6363 20527
5466 12322
21100 24916
9226 9465
3504 10255
308 15213
3800 27795
5670 13910
6626 27513
10560 24968
20899 24104
18103 23084
18318 25165
7933 26476
10527 16511
2518 24061
16494 26767
15429 24955
2912 21719
1713 22723
1103 3828
3716 16766
7375 25699
867 19265
7508 25711
17823 21149
8148 10971
599 7952
7278 9900
8220 25454
1920 7375
2632 3526
2028 21963
3625 10015
2527 10334
17147 22330
4581 22278
16425 17035
1204 23143
19901 24731
3269 24489
17027 21206
21908 23763
12195 13515
15561 22937
19961 25345
414 8776
11933 13329
7950 24840
11444 16386
10360 18702
1843 21981
7747 17056
2168 15694
5794 15575
12017 24055
11001 20852
251 17782
4586 17898
16261 27274
5459 13706
8257 12912
4306 9980
16264 23197
8515 17691
22768 25228
2236 25739
47 10114
2375 15686
4767 17166
297 3218
16509 24502
9006 23825
11797 12312
10369 25769
23772 26932
7698 8746
1050 11088
5315 18508
6936 16411
17599 27646
4248 17906
3147 7743
5376 22367
7523 21470
6402 14464
10584 16480
6295 21659
3831 26044
912 5024
3741 26938
17842 26958
16082 23995
5104 9265
949 1462
8355 21275
15271 18280
1933 15633
14136 27696
8251 15370
22499 26012
21654 25263
2654 23771
16553 26418
8405 17446
23520 26697
1543 18951
731 15951
17952 27778
22364 24456
4013 28058
745 26267
833 20615
4009 24576
2583 4551
12860 16604
4581 8195
9892 18461
10230 18261
4038 14710
31 26861
24074 26445
2304 12649
12291 16512
3695 22440
13137 15899
4945 27514
20419 21334
3041 28058
17637 18945
6355 21714
1902 2598
2104 7804
738 16230
98 6962
17587 21182
14156 23497
23409 25010
18529 25982
16842 21105
6846 25420
669 25899
1814 21377
11483 12606
20625 23916
2525 12349
15884 17832
18374 24816
3796 14167
21470 22415
12145 12444
7647 22824
10658 16328
19271 26777
13135 22016
18318 20657
12554 27579
13705 26884
5371 7930
4101 11709
4158 24882
25445 27681
10559 21470
5573 9396
8647 21163
396 16276
6239 9215
13412 21770
2022 25357
13091 26034
3825 7950
21826 27867
3993 26092
10291 24442
10350 24109
11880 12754
80 3955
18185 22965
9544 17284
21653 27586
2055 18464
9047 20376
11094 16362
7881 17591
13910 25966
3179 16686
7312 19092
3141 27867
4329 20347
22401 26098
7113 9657
1275 19536
3871 23106
16911 25706
9275 22450
1448 22905
3101 24773
2635 18764
325 5063
5611 26542
8674 23186
2440 26344
3335 11895
2635 20367
8168 14384
9198 10292
11804 12244
3511 14878
13276 19099
11857 25956
18698 19995
22743 22919
2121 18816
8148 15098
256 12651
12116 28060
10491 19328
2592 7523
10747 13184
16094 25653
5332 26764
17214 22479
4081 7555
12426 24056
20899 26682
20123 20633
6602 20051
20434 22785
15893 26094
20582 24122
15225 18095
13222 18615
17140 18368
8541 17485
2334 21056
4646 16848
8364 20918
1254 20232
14052 15960
6935 18427
10792 17926
24795 27563
180 12405
15453 24162
7582 7909
9904 24663
9008 19611
3783 23007
13970 26053
8173 19127
16055 18665
2785 24883
2557 15443
7497 22392
20707 23113
8553 14832
5987 10361
6655 19558
11978 22204
4580 14129
2933 10245
17416 24656
1851 7508
12262 12910
772 8824
12341 26753
16184 17131
1363 19169
17456 26663
5528 27795
2785 7813
4979 20123
9264 19567
400 14793
8635 21845
17951 26623
18927 24069
13765 17855
11512 15712
3154 21804
5978 9053
3742 24372
2748 16006
635 19134
2396 7595
2637 23902
13920 14022
7005 8113
16276 24774
17347 25349
10475 17760
17562 20448
4834 6196
5420 25580
722 17338
569 1688
4617 6896
1050 6583
21079 25732
7374 19375
23083 25698
18679 19086
786 12424
5521 8961
1833 25749
11551 17847
2031 13031
6437 22723
3587 9574
4416 14777
10971 14633
9305 21084
1713 11413
12194 16940
12853 21823
24513 25042
2146 26985
10740 20250
21545 24451
8491 23657
12728 16429
136 26611
7830 26077
5595 22028
5857 18211
898 16694
15550 26083
6182 21263
10024 12260
2604 18027
16993 19733
3889 15920
11055 11584
8730 15437
17787 23782
9668 21673
5275 22834
3050 3121
985 3853
11817 15659
5585 18823
12584 22925
22560 22666
3638 3806
5898 10914
12161 22473
19868 24193
10087 25068
21955 25415
18607 25414
11143 23415
811 16190
1833 6154
3158 5414
13658 14393
1651 24799
9614 11456
12940 17782
20078 20735
7626 11977
18091 23267
16130 22207
3197 12864
3582 4859
15401 20109
7956 12168
2293 2951
4080 27938
15762 27395
8930 25904
5784 25650
10387 13327
4136 28198
2980 6213
2932 21934
914 22431
9631 21674
825 2462
3652 5105
15031 26177
7311 18784
13297 14953
1703 5473
14608 21650
10510 18904
2009 10659
1068 15357
495 15619
6279 25025
11236 16403
10444 14032
1545 4399
1297 11102
11710 18386
8860 17673
14890 24089
788 5989
17718 19881
2474 3947
3401 12711
25513 27418
10523 20561
12423 16136
130 4414
6840 19216
5018 15701
9923 17562
13158 14754
1197 15078
1736 12221
722 19068
14556 17928
6973 16538
18232 20445
3967 13362
4489 21237
4834 17641
21473 22255
8898 11082
23341 25467
17524 27867
4649 17122
3554 16641
1489 18524
22605 22729
10800 23338
6891 21476
21342 23267
11880 17657
4371 10484
3947 13681
3227 17379
7948 18516
6879 22440
20571 22205
14728 23379
581 660
3336 5916
308 15054
3472 3979
5832 10345
605 11463
8122 13054
13976 16222
2929 15163
11995 27654
12274 23278
3895 13367
2407 3517
5617 22705
3041 3437
5879 18095
20878 25403
13373 18924
8018 21193
20314 27706
8982 20955
5338 11576
11597 19005
19525 25429
6700 9922
9782 28166
2870 12278
8486 15996
20081 23619
6246 19900
1411 8849
14033 19978
4493 7017
5100 11534
969 12264
9333 23521
19601 20092
15261 25306
4 5252
11916 27760
1991 5906
4780 10952
20480 24069
664 17259
23461 26476
8523 21835
6209 13347
6342 19721
5485 12432
13014 13737
3617 7677
3727 25126
281 22827
7386 14344
5923 19086
5063 11296
3522 18128
5328 27224
8719 9800
13318 22902
4218 16702
3147 21809
3162 7362
15766 16709
9428 20355
20367 23792
9772 21893
3070 15723
2024 3940
1448 2421
11461 19844
6848 6977
18412 25751
14584 16585
19061 25260
5686 21760
4519 24415
15220 27642
4776 11952
9379 25287
7002 28082
8251 24884
23143 25309
488 4054
13437 14916
3401 11193
923 24958
1209 19945
3101 9205
8177 9528
16803 26749
3793 9368
14153 22539
19584 24753
4766 9730
1867 16472
11431 27867
6198 20626
3592 23776
14033 23128
5397 20799
17507 26546
11346 13317
731 26704
1140 1468
15443 25310
10425 27016
5150 5540
6998 24410
1349 5126
7935 25759
2269 3803
26120 27011
3848 7194
15665 16679
7538 16979
12887 14193
20355 21029
12369 14767
99 1090
19908 20463
16676 22420
7375 18050
1311 21522
813 12377
1843 17076
14445 22977
1687 16367
5254 19603
5150 13762
9503 12708
3186 15975
13927 15981
17178 22433
391 9833
9351 13334
305 26203
4405 13027
24398 27184
17214 20823
496 2710
23948 24829
19789 23993
4870 5894
11095 23345
2619 25006
25560 27676
8470 18132
10691 15739
17814 26274
4246 20991
15043 15968
8156 16545
10846 25557
7375 24637
18783 18880
396 5888
14954 17509
9779 14095
18756 21809
3726 10906
12342 27418
6316 20120
16527 23412
16957 19028
2491 13224
15332 22687
15626 18424
188 20131
3661 23412
21773 25228
18558 24589
16946 21125
20061 28190
4693 12610
16956 25449
4140 21609
2247 5751
1633 18596
12023 27381
6074 20936
17395 19463
7148 20722
327 23553
3580 18729
15790 16272
8702 25428
822 9260
5148 15224
11048 21126
5476 8150
21790 27057
10675 20016
16276 16845
23216 27464
5913 12459
4509 7309
4424 14389
2344 10279
20387 27374
2759 3712
3125 18603
12932 18556
9268 12422
9190 26351
5102 9020
2189 17457
6257 21345
17446 20162
19222 23670
11296 18015
13741 17712
10565 25533
2518 5620
18359 24278
6295 8707
6154 27129
4368 23390
2539 11443
9777 18034
842 14743
5454 19564
9524 21369
11171 17782
7002 15710
11953 17938
13791 25828
8286 19545
1714 5978
15148 19398
26429 27042
7961 14970
1233 16954
7932 16834
13450 19900
8586 17242
13221 13961
3204 27867
609 2325
1776 4993
2929 27608
12291 19994
26492 27030
18078 18465
9356 18437
6155 13483
14607 20201
340 1741
3323 12656
14411 24219
13222 26148
297 15751
14244 20235
16055 23113
10090 19169
23738 27652
4233 14926
4671 9863
314 11503
20038 27110
1926 16945
428 11810
9398 27352
9524 16545
13257 25409
16129 25838
5661 14163
5150 11880
3714 4496
2375 11428
21149 22425
3156 9127
2980 11916
1134 9026
10935 25308
9393 17757
4226 20046
16923 20775
14150 27455
4110 24591
18223 20066
5904 12551
8685 14358
3903 17787
3585 28114
514 21988
9800 12090
25301 27313
14607 24599
16020 17196
18161 23007
13456 21359
18548 28061
14112 21079
7888 14604
595 28238
3734 7582
11465 26775
5107 5434
15190 19863
9058 24069
6533 21094
4133 22463
23143 25278
424 15964
16417 20479
11113 16372
18776 23994
12945 19964
12444 26753
2282 27726
10444 16499
15509 16866
588 20491
2318 24828
7725 20694
19369 20685
12464 15611
6257 25403
9709 17928
16029 25575
12218 21638
19064 25634
9201 15014
8151 8850
7142 20944
4719 5669
18688 19053
12227 14955
11113 14056
9022 22743
3245 12125
4749 14412
4076 24208
17980 28211
18409 24295
406 4741
8332 22687
16987 23643
3719 15822
6272 15393
90 10275
5168 16884
16311 19787
8075 14446
9049 12029
19843 24801
2023 4638
6269 23600
8893 9004
3001 27103
2771 14564
1216 11950
867 7087
13968 15218
24653 25086
396 22907
16206 18520
11444 12614
4458 6053
9550 9653
7158 21835
14456 25566
10532 27715
14041 25219
1349 13849
8596 14258
8094 16252
15321 18537
1870 9252
2654 17355
18249 18826
14148 20278
1579 17016
6879 10839
16659 25203
3154 13343
8893 21643
7708 11756
1001 3841
21359 24445
18452 22042
15878 23868
7489 20437
2701 26516
9716 20258
11119 16664
34 19411
7057 18910
12690 23111
14686 23237
898 20504
4891 9800
548 15549
2498 22738
18883 27802
867 28172
5984 14445
15257 17990
2267 15983
14635 15508
1204 26074
2104 16499
13202 27932
19089 21654
9710 24881
4218 8349
2616 16185
19408 19641
8705 25280
12794 16959
9959 12635
6498 8193
7774 8264
1018 2648
15575 23785
3330 9594
14809 19409
9111 22203
908 25306
11059 22235
15642 17541
168 17144
10876 12356
15628 23442
724 4942
666 1541
10363 11026
1914 17952
7655 10998
21908 22457
5829 10075
4960 24921
5146 6757
13227 17146
14342 17763
3575 20672
4828 8934
956 16587
4498 8478
24444 27309
12651 23807
9065 13345
4051 11012
19274 22194
8586 9544
3126 13149
6207 14353
1273 4717
3406 13784
1039 16369
6410 12571
8500 24056
1787 22724
11518 22384
13821 18574
17081 17175
1066 27788
9522 16254
7205 7375
5680 19601
9476 9614
4831 18371
20319 23454
10380 23465
1005 1940
9826 23470
4626 22787
4755 5190
985 27698
10234 13159
1471 9823
1307 23365
7982 17492
25439 25507
14685 22300
12577 22966
12052 27949
8384 16116
1711 23617
11113 23377
8185 20867
1107 3576
17259 26293
3156 22761
759 19496
17499 24934
867 16919
6595 6848
20864 22432
2905 12479
8753 24368
86 10012
22421 25175
5636 16149
22879 24015
3816 20946
2407 15843
7152 20958
11975 16261
3059 23492
16659 19253
14036 15294
2002 6728
958 24869
19819 28044
17067 19470
2645 18348
2485 9179
12066 25297
9067 16941
24288 26640
11809 23187
7018 15054
11363 18108
13309 24900
338 27957
13447 24216
9231 25451
2995 15130
13307 13898
6860 14409
18860 25384
1511 12532
327 18541
1850 10263
4454 9466
18630 24227
7205 14807
9777 25855
3511 10088
841 7030
7642 22781
689 3582
2396 20582
2942 9587
4167 27467
11375 24557
309 24288
11667 27710
26711 27328
4984 16036
2556 22226
13772 14959
8884 23366
13534 21610
560 12220
19086 27569
7367 25076
11251 17161
414 20690
14820 26361
8223 20355
21111 25271
939 22384
1380 22272
5549 18823
2188 14350
20862 24068
21373 22378
1378 17047
1343 22714
3601 15604
1411 24127
5786 9271
2170 16964
9710 27134
1249 15515
4009 15749
8669 9427
560 27996
641 11080
6857 23354
2348 22294
6161 16904
3880 15330
17022 20869
9154 28008
9591 13193
11859 26503
933 3383
16463 22426
1075 23798
1036 28130
7903 20633
1714 3253
1934 26135
10303 21353
4853 5568
9356 15672
19966 23062
9751 26358
11744 16759
17773 18920
10279 25083
13108 28095
2521 12792
1 18843
9127 14534
6427 20664
386 17991
7132 13501
847 1184
7156 19396
2096 11134
20737 27033
3826 12444
3191 5747
9493 16803
2924 18963
1600 7768
3169 14758
18034 21021
582 3993
497 9424
4340 26877
1477 17810
5941 24157
7468 26846
8564 23062
11140 15995
756 10952
2215 23175
1020 12150
1410 18933
3209 12188
10390 19375
4122 14110
4026 5033
194 19872
1645 4639
3712 22141
6483 16625
11701 16688
6449 22547
4247 25901
8570 16268
2150 7383
4339 12538
17067 27173
7769 24454
5155 22022
5832 25565
6942 27462
7490 14776
9885 24023
9849 18592
10100 11153
18950 23143
2517 7073
396 3997
13677 20195
4707 27870
3488 17530
6355 18369
9657 21995
3059 13984
7225 20500
6278 16823
8959 10098
6280 28181
16889 18752
15883 17842
374 14342
396 10826
946 1721
19733 27499
3753 26554
8293 25446
12207 25564
609 18944
5361 24518
5288 19780
2227 12673
15611 26252
2482 23082
770 4606
12811 21462
11880 20622
669 24208
1770 21900
10325 16656
11613 16457
13168 17128
2873 9051
8607 20479
13780 25005
5416 16276
396 21149
16206 23550
21149 26695
1590 13256
23074 24516
10428 15670
297 22320
3091 13225
4024 27296
24069 25274
11586 23144
21372 27875
15549 20587
13534 23688
16383 24408
5825 8711
19348 20355
23457 27872
10740 13787
2988 26566
1579 4012
21671 23968
11634 16597
13111 25607
10982 24971
5377 13168
8914 22580
8835 15179
12490 26876
8048 26706
18720 19068
2189 25564
5846 15853
13468 14648
1106 16905
1573 2628
12677 18021
10607 15376
4693 15477
4523 11475
7213 20804
5498 16385
16641 22915
14983 18458
1985 28059
1900 20379
24166 25557
27765 27961
4791 6765
19192 21811
8437 18764
288 4821
7455 21208
464 1232
13905 21402
11696 24274
8478 12551
2680 16328
14920 18296
16315 25735
19118 26898
9300 17587
14385 26194
4843 21693
7031 27312
6914 18497
15064 23997
8309 11657
4323 19853
271 21753
21737 24543
9833 20141
15174 26081
1047 9575
2738 11810
9997 17398
8230 24299
2882 25108
21643 26476
6349 12677
17040 26426
6941 20585
6660 19489
10841 24904
8772 27210
17939 18729
3446 9574
4278 25007
4674 13766
1599 22510
2618 23735
2447 26053
2627 7830
3186 12244
19111 21963
11167 15178
23239 23319
21955 27698
4754 25978
25309 28211
8239 22067
5691 18591
2410 19398
11866 26644
2185 2619
11193 15531
5989 19140
4821 20713
2946 9752
6544 17914
19350 19784
6235 21853
337 21436
6972 13367
22448 25678
6001 19939
19326 21026
3636 5472
22095 23392
6577 25503
5293 9165
3551 13222
12863 18478
1609 6495
5894 13969
2657 6776
9699 22690
4237 7195
25330 26597
7406 14127
9560 26077
14791 17593
9480 11720
4054 9897
793 9234
21616 27567
17734 21345
1902 2185
7369 23142
7205 14193
15561 16079
6482 16094
8736 10598
22701 24777
15176 16201
1165 1309
17209 28201
10935 27300
17560 27665
6589 16686
21211 23738
973 8620
15190 21242
8108 8971
13706 15064
14701 21499
11129 11322
396 15713
8553 26505
8220 27690
17326 18793
20605 25528
10177 18002
7382 28109
688 26677
16364 17828
5267 25301
3406 13564
1800 2044
15852 27428
17869 23140
11023 17604
14445 19819
15004 27586
4431 23270
2847 12598
656 7283
24746 25879
2041 4291
3667 26514
10368 22800
5660 18302
16584 19614
3456 5263
10963 28121
2727 12727
8143 16331
4323 19712
5598 13900
7488 9239
1284 13408
22837 27499
1015 9136
7987 9563
5371 21887
11076 24719
10238 27279
18924 27235
7911 8056
6707 22325
27111 27177
13007 20192
2341 22627
12865 25062
8212 14612
7260 11781
569 25121
7756 13906
1058 1137
12276 19890
2003 8042
7348 19775
13424 27867
12155 12881
7021 21294
20504 21369
11537 15622
300 8157
21419 26077
8265 27255
2717 7957
8624 25214
6426 21649
25021 25421
5699 13133
742 25103
1648 9225
8419 21653
1915 20599
2410 3229
4951 24687
14997 19190
11668 16232
1023 8689
565 27373
20748 26083
79 1771
6085 16639
13978 17586
514 11039
13044 20963
650 6417
14438 24351
6672 9523
4221 23553
13472 27508
867 27867
4675 27769
9352 19915
7073 22012
7826 15327
8959 10147
945 19704
3354 13937
1784 6495
14822 19098
12525 27559
341 6965
9224 18921
495 19086
8955 25011
19509 25379
21648 27205
6657 14080
13969 22896
17073 27358
17528 25453
18998 23600
4333 21222
5595 19712
935 18140
3994 23353
11559 14911
22469 28077
1748 18381
1850 18072
4711 8852
3863 6557
11759 23730
14471 17239
4845 16603
15267 27932
21835 24781
15899 25603
7857 9714
8368 10920
2583 14412
9252 22787
5615 14271
10114 12056
11975 13984
7408 17177
11822 24506
19374 25265
11201 24899
11439 24488
10022 27520
4237 19154
1399 25110
7997 13391
3410 23345
2788 26954
6177 12726
652 19617
13885 22420
14672 23085
1048 23885
12544 14822
6239 7413
1688 20127
9185 17917
10015 12948
11763 24572
288 21109
8196 26410
262 14120
17078 20938
1372 9951
6182 23185
12219 15815
711 11049
1438 5979
13619 18318
5691 14037
21944 22446
1392 18619
17563 25886
12356 24341
27459 28220
2205 2991
911 19712
10815 23705
6848 13887
833 9683
9416 23983
49 9919
13554 22607
6931 12648
11368 21086
16055 20667
4646 10379
14781 18021
2354 16138
9308 12371
406 11975
188 24275
24812 24948
15705 27158
1857 4496
20539 25561
1923 23566
2499 26990
14309 21038
14990 15061
911 10138
18810 21534
5262 8318
3150 22216
1415 14696
1141 20746
18679 21341
944 6891
13405 23310
6994 22379
1652 15873
4067 5861
1527 21252
9036 27780
16964 17259
2709 22627
7975 10146
21285 25405
9704 27923
13232 17632
4624 6235
14404 16524
15357 19924
8946 24746
8807 17889
3624 20395
8290 15133
7992 14658
2785 18641
14268 23930
17667 24638
10874 26847
8050 24290
21793 25828
4144 11499
10185 11973
14456 17443
2489 4720
8958 19018
20424 22425
9846 18386
3472 23944
1214 20909
5984 25029
10026 26740
19611 22321
8772 14844
23225 24238
10692 21983
22464 27150
8781 21864
438 4573
2833 19964
16480 27905
11486 15713
757 13976
12417 21693
2705 3282
9907 17456
1417 11261
10643 26363
3121 21368
3470 15787
569 17501
5918 20586
5978 16276
7149 25550
18974 21619
18861 22496
12989 23935
12086 20765
16814 21566
24971 27042
4678 8164
3406 24691
10416 19941
23521 27795
3989 16080
12440 18775
8115 9030
5454 6865
1878 5126
4976 7832
7828 8611
13148 19043
13725 26503
21386 26885
8352 13282
6656 12602
9086 13970
9540 11746
20762 24686
5669 15133
7950 27642
13292 27562
13918 25185
1538 17354
21064 22463
396 22216
8332 17335
5564 16337
5175 20025
230 26985
21746 28264
21087 22135
18974 20747
6804 11385
681 9769
11121 22612
19856 21480
3484 12047
6749 27529
16890 20582
7496 25040
6156 13412
5221 26660
22970 25881
15762 23611
3709 23699
4218 24062
12824 19768
3565 6882
8669 26419
2093 9991
3698 18539
930 22052
3059 4514
5219 10321
8090 17070
19673 20376
2329 14694
3704 27735
1240 13221
4080 22024
15217 24818
9438 26456
22230 22438
8710 12769
12385 13833
16333 27221
2771 12424
2767 27582
1033 14798
7915 10309
11953 20319
18175 20263
5437 19879
259 9720
7414 16046
3545 3697
16770 19776
448 22114
5472 20166
1171 12351
4217 23155
21860 27298
10963 20449
8609 26907
4548 8846
1197 10458
13970 18999
411 3793
15996 20545
3129 6453
4081 9226
14361 25966
12078 25975
12792 14309
262 21696
4819 19950
3104 7358
18615 26454
8454 22511
991 15072
12680 26995
15108 16175
12183 24671
13564 18400
10629 19467
20162 20664
13223 15758
18033 26892
17695 24576
15178 17782
2810 8351
21917 24299
8290 22771
11531 27104
6365 10652
734 15216
8491 10155
25991 28156
2980 4456
4537 10290
2635 26806
22271 22284
3622 9731
20754 21360
1141 13081
12492 21138
245 18255
17902 21355
13623 25297
1747 18520
13003 15043
12371 25391
5960 22114
8999 9646
8503 16660
25443 26784
20408 23028
10146 23705
334 18669
1349 14033
18051 21798
9805 28237
4041 11285
4169 20046
18876 25559
3810 27074
22240 25121
920 20200
1582 11227
5047 19380
825 20661
3483 24069
16138 24653
9653 16539
3622 4011
2833 27527
113 4806
3680 24611
11082 13422
3667 26258
11287 19331
2721 21692
13832 27074
15847 19293
8531 25769
24608 27279
12868 25760
5485 18909
4183 24557
6377 11026
16806 21915
19068 20164
6555 24904
1338 23352
3377 11546
106 17355
15201 24886
3616 24505
4675 16838
9382 26750
10990 25930
11286 23238
597 6094
2961 14753
22647 28027
7518 23932
11262 17244
24297 26379
7944 10953
4565 9301
2986 5984
24108 27599
10393 18678
8372 27418
1672 26201
20929 28195
10908 12467
478 21166
24620 25776
7416 25110
16021 18452
14555 21829
19205 20497
7300 21205
19074 21831
11952 26244
7050 10581
6103 22352
4641 20791
7494 21737
21671 22027
9607 13017
9160 10357
3310 8370
1071 20489
15301 27594
5174 24085
1204 5373
11928 25709
21930 21964
1789 7839
14776 19441
23249 26659
4031 16890
1659 16346
9418 18466
396 20479
4300 19410
8990 21219
4037 23414
6232 20233
7185 20476
8816 23355
1758 12790
2026 19782
4623 19704
11920 21110
3738 20849
256 13325
4902 22896
564 10861
13668 17757
10076 11718
19072 20078
8144 21240
8706 18658
16890 17445
16246 21584
497 21200
5112 26102
939 4685
1423 21438
19460 19848
4221 12348
11098 27112
24208 26618
12757 23829
4090 16670
17787 21564
4301 25538
12338 23265
9978 17100
1878 14447
2035 18869
6196 23499
20290 23772
13910 17408
8432 8962
15633 15999
21695 26918
11859 20355
15570 15786
16623 26775
7991 16811
3779 12195
8967 9194
1740 18497
16547 25494
19733 21981
10327 25557
1324 10691
4546 7016
16311 27274
3446 21075
1520 21415
13243 20116
26097 27913
17423 23442
10451 13449
23141 25064
9606 23952
8158 25564
6883 25250
194 15539
8075 8194
804 21806
19548 23858
7869 26643
14487 27726
2348 26186
14647 27221
2767 13745
8372 14163
5078 15335
13984 27746
8491 10782
17723 22556
12779 21955
10885 27326
7561 23257
2271 22445
14738 17314
25491 27263
3759 4051
3152 15481
11460 23576
6372 18171
6066 6950
22483 22790
7210 24779
3389 25452
7732 14471
600 13359
16623 26704
14768 25559
5944 24254
850 14027
19750 24214
4843 12217
16373 26118
6239 27720
20391 27926
11960 21147
8481 26985
13533 26041
11841 27643
5446 26208
1706 17394
7023 11439
5418 8753
13780 14857
8265 24962
8709 22259
1924 9891
1458 21623
24062 25054
2737 22849
1756 18117
14103 24808
4408 6069
1719 7411
18026 22566
9038 19747
15701 28181
25105 27060
4895 20745
794 10876
5485 19872
11607 19265
341 2610
4287 15791
11795 28214
11495 12708
12081 19244
14528 14593
4332 8624
8295 15910
22446 24372
14024 15695
13980 15216
4017 17756
10114 17819
11847 25206
11323 15798
9635 21473
10393 26503
23707 23719
11580 22664
10333 24068
5371 6065
588 18787
17106 27886
16633 25261
8151 24863
2980 13271
9857 18776
396 20860
9525 11438
11417 26213
27961 28076
15376 22829
295 5090
12083 14384
1878 6664
1137 21072
19192 27565
9150 17599
8830 21003
23608 27795
11444 13180
16351 25008
8202 21129
14263 14942
10235 15913
10052 12567
18946 24224
11484 17885
247 7031
2657 13168
13131 20609
12783 20969
7758 8243
2379 7277
959 7849
12219 16885
10269 18818
11576 12076
57 25505
230 4076
6903 18136
13428 19140
3354 8806
6363 8817
4639 16184
6692 24904
6729 16820
11971 15853
318 15464
23597 24072
173 6566
19132 27223
19794 24801
3300 11431
4892 27004
14428 18811
289 23910
8355 11646
7930 13787
6315 9334
6446 24739
334 21407
425 11444
5786 18185
8716 8781
19049 22652
6956 9355
2927 15141
1732 26573
8608 22399
1746 18655
16065 16447
11447 20196
4711 25760
11250 13736
12228 24589
5237 22449
1370 13307
5989 27221
197 377
7536 23206
13972 23686
19610 23657
10195 20053
8434 18735
5497 19566
19857 21257
1510 18369
5525 6051
21887 24687
18820 26160
18336 23265
150 16151
1860 7543
23643 25452
16311 23608
7836 19185
12667 26750
9377 27570
2954 6780
21954 22593
9776 14607
21628 27383
6604 9033
20630 24747
2392 19184
505 5496
6742 21423
9062 15943
13502 24122
2922 15965
26250 26993
11030 18947
825 20813
20822 22771
8959 9916
11100 11846
7186 19709
17731 27241
662 14174
18381 22497
6030 10961
9859 25414
1103 15271
17967 19927
3383 9417
15600 18381
17076 17285
11310 19267
5427 25680
8708 11264
17742 19189
7019 21479
2232 22135
4593 17118
7466 23133
19839 28051
11756 16767
9896 23836
5906 9080
5681 24160
4381 6188
10214 24674
1719 11295
3257 22449
10376 14519
5412 10590
20288 25987
2162 2179
2469 15790
14954 17177
237 18143
15907 18401
3851 4282
10440 24995
17795 21944
10967 19249
187 10208
3624 4168
12895 16572
4110 15670
16941 23361
9080 11682
2905 13663
16401 19639
6458 25208
25117 25261
1289 3437
3449 20066
16718 23920
16564 19657
7469 19041
2619 10849
5191 25805
17460 27136
3400 9368
12492 24061
19427 27689
14203 22436
6105 26182
224 2865
11451 11514
4539 8083
12980 13918
14048 15146
957 3694
428 26382
15763 25081
8775 10041
26657 26929
2383 3657
12397 16964
7893 13314
2767 25220
4581 22305
4965 10214
10559 23730
16951 17079
3946 7643
9915 26707
23576 25310
11080 21875
27368 28009
5204 15531
16175 18745
14947 26222
8024 14564
11100 28156
4199 16527
4879 24872
9470 24068
6516 12303
4217 8656
15666 25958
4408 6776
19123 21757
6326 22058
4767 10963
22216 27270
1748 21620
115 20335
10170 17009
2936 16206
10517 11928
4954 22214
6093 21358
6064 18631
4833 11115
15477 22040
6495 21608
2364 22149
2887 8515
9874 25559
12522 25056
4444 16492
5614 13810
2679 10663
7710 23462
2259 12506
1713 22787
13472 20664
24566 27508
8812 21231
1721 22052
11948 28211
12914 13769
15401 23295
1361 28028
3867 10717
24122 26866
10742 11199
14254 16085
1462 24904
14189 21300
2530 14369
11080 18894
4665 5724
13021 13577
3810 9137
12205 18369
3338 18203
10369 23588
4503 24061
705 3796
14552 28228
7813 18646
10321 22144
3846 19154
12295 15336
6290 15920
629 5607
5251 11059
23268 26943
3446 5480
7409 10434
2596 12929
14681 26413
5301 8781
1902 19061
17043 18084
3066 4072
1178 10321
9947 16961
16243 20628
16922 27271
3806 8715
7523 23143
8911 9717
7339 9493
899 1900
23269 23929
18269 23389
1450 23032
4571 8787
705 17068
12437 21969
8646 16956
16673 25972
2767 16284
3851 19169
1673 15716
9019 17273
13681 22216
22634 25451
2586 13397
8958 13593
396 9534
10512 23254
4282 18354
18020 20639
3368 25313
936 1981
10194 10488
22336 24510
7655 18499
5531 17120
18575 20313
12920 13830
9055 9065
224 726
9422 13475
24753 24823
2440 21445
17647 18918
9211 27890
12568 27744
7141 11436
8349 17259
15047 16941
18225 24720
1230 20703
9970 24008
11783 16102
4049 4075
7351 22060
3731 4032
192 5027
3790 4456
1483 9574
6739 25657
12785 25640
5788 23143
5505 21084
3140 17775
13518 23455
682 23473
6107 20299
1394 14537
13780 23675
6329 22474
6495 16927
9467 23111
8274 25035
3698 16243
6013 23630
2878 9470
745 12725
7049 17354
5287 24323
396 8246
5956 10517
1086 25306
22022 26640
6536 14445
609 16584
218 25076
8451 18775
7172 13841
2455 8520
16214 20956
4309 22060
7845 15297
10600 18078
1356 19161
18567 20624
17056 25301
4767 25617
6516 8845
396 22415
2342 2912
309 14753
9528 23372
1465 9586
4995 16230
15161 20922
24130 25277
204 19941
19668 22989
1659 22802
19918 27990
6608 15179
14339 22889
1555 7170
1154 6773
18659 27662
8229 9115
19555 28032
10959 11439
9658 10627
4136 25445
1852 23857
19819 26686
3449 25636
8479 22901
9250 26027
8781 24415
1589 18724
18262 23515
22333 26676
12196 26260
10995 15714
12836 19565
9252 21111
4031 8515
17022 21929
5506 21685
23442 26725
3186 15672
478 21401
10344 21024
10067 25907
21213 28048
2195 15720
9084 9670
748 9680
9067 17819
4085 12742
1689 11580
16092 19260
8545 10472
10163 10767
17475 27485
12652 23362
12428 15725
14370 19539
13193 24384
10846 17304
581 18736
14552 14560
7205 13266
21138 22326
9196 23590
21725 27404
17963 24586
8872 18326
6042 26133
10970 16773
16846 18392
6783 14696
19262 25578
26136 27509
5084 17259
15964 18883
14519 18758
6043 22464
15141 21798
12497 12957
7205 9590
911 26409
10979 17278
4689 23946
11797 24828
21857 22265
3695 7002
2452 26260
4168 23423
2192 4216
8122 21291
8160 9869
10075 10731
6961 13968
9636 17662
19086 21438
1538 3463
20170 25064
14478 25701
15690 27805
10711 16946
2734 24617
13163 25638
3666 18265
11148 11819
2314 11813
11989 26126
16922 24274
1502 3881
9890 16154
4102 8784
5006 12937
4828 22476
514 8948
21811 25160
14479 23356
22035 23463
2336 22012
8909 12631
9466 25329
1685 15823
21480 25403
17177 23601
14229 27136
9511 24606
5984 20876
554 20661
11113 24007
2493 7400
7820 20355
745 15450
2567 14738
12852 19567
23633 24032
1967 11311
12088 13177
21291 25839
14136 24145
8754 25299
8715 9250
9264 23671
2816 9716
2852 6578
15147 17397
13091 19002
1141 23110
10419 11261
16262 27004
2831 21681
17816 25259
14658 18165
12792 13876
731 19058
4685 8323
7638 17196
13649 13924
11009 21086
14666 27923
1426 10062
1672 22452
6888 23083
14024 14442
24565 26948
7126 28103
10125 27611
7758 18959
7465 28238
13228 18175
4089 14961
10056 13142
15837 20238
5793 18533
10189 13810
2768 15550
17920 24999
7648 13721
11780 15712
10483 25564
12869 24637
393 6789
22607 25790
4489 9127
7870 13307
4551 17364
8669 10218
9086 17823
129 23389
4493 12698
12716 25568
3618 7971
21505 26116
1925 2661
12988 22180
10531 22850
5041 21084
8128 19849
805 15713
6182 26845
10149 17936
5042 21766
4987 12549
13725 22040
1687 17584
686 24062
16673 18873
5725 25596
10086 27180
6569 12474
12346 14569
12568 14964
5309 23455
14208 27210
2307 22160
3098 17044
23892 25276
2087 20466
3712 15215
4076 21374
2277 25743
6661 18133
14534 22835
9795 21966
13284 22416
14543 17692
9903 18425
1142 22479
4849 23590
3366 12956
7657 19127
12096 15583
396 26418
3456 11916
11351 21547
6940 24676
7533 12632
922 8148
5336 27932
17407 18947
14723 27458
21857 24779
580 1686
3775 17149
4118 17502
865 20948
11859 15400
271 27108
21232 26670
2628 10042
4434 19744
14899 22948
804 16353
1114 26872
9065 22820
16866 25226
23082 24595
3411 11795
19188 21685
16905 26559
19276 23128
2369 15736
8318 11997
15749 20394
9553 19348
6124 7629
9252 18435
15830 26935
16679 17803
21282 24053
9895 11692
13394 18169
2743 8872
6562 9867
9639 24950
15048 18710
7505 8143
5651 8520
15541 19820
14821 19741
5047 10952
581 9569
14594 15894
8863 17867
369 15401
5691 14380
7973 17702
882 5448
14522 15927
2191 9716
10379 18678
18729 22640
16937 27868
5640 5913
8364 27947
13530 26670
9252 15870
26331 27473
15952 17593
9022 28099
8032 17444
13328 17420
20162 22248
16138 22242
20747 26014
8126 27127
1721 23431
7483 27029
14600 16851
2664 4442
22304 23066
15257 18353
6798 16791
8818 11479
12111 17338
9371 9918
12119 23213
9523 26331
1419 13476
3858 14520
7101 17941
570 2029
1112 12933
288 3654
17487 23608
10959 16686
7536 23121
11030 23553
5252 16304
10449 22399
8144 25887
9962 11237
10787 17303
19273 21513
15493 17037
8036 19219
6928 21673
9683 22094
3759 14411
1536 26612
711 14771
11290 15567
8830 10493
774 1449
12472 16453
1242 16219
3954 14298
9122 17768
9086 24374
1970 7320
8586 20018
5371 17486
15749 17568
8569 18664
1062 3203
1840 26010
16002 26081
3197 15952
5359 10755
7478 20545
2888 20234
10760 11042
22605 27844
1045 20054
4018 13077
6728 25432
1290 16055
3358 10483
14153 24681
367 13486
7176 13152
24069 28190
2050 16999
18333 25323
3714 26546
604 8283
8963 10100
8669 19879
11192 18798
14959 18547
14551 25329
1028 19432
18360 21671
9396 27940
5706 8293
13545 27761
8122 24843
11937 22301
5543 25039
2622 7932
18016 19541
6626 19952
19361 27169
879 25035
4365 4833
16199 19598
25876 26187
2556 10068
18059 24889
344 16420
6981 27085
8818 12428
2085 14296
14232 22236
3481 24326
1095 18380
3772 19547
12920 23952
14479 14651
7718 18015
2 18084
4142 22415
20433 27469
25321 27500
9774 10920
926 7236
18297 18769
12105 19425
11456 27991
6350 27449
4727 7226
8203 17490
14899 26286
10612 27911
6166 15022
14090 26060
14456 25295
5 11958
8931 14813
2937 9429
2701 20849
4649 16314
654 11861
12552 23433
17025 20992
5252 8174
7635 24379
22291 23152
12143 16174
26737 27805
15660 27066
1367 21555
3154 3733
3019 4230
3634 3808
2547 16073
854 3411
12731 27298
15561 24587
23290 27041
19512 21861
10563 18265
19319 23761
14835 25805
6960 19230
18046 19056
11746 14043
2961 23225
10308 23024
13756 25636
8280 20211
1755 5527
12917 24189
18437 26463
3617 16766
6290 23935
6807 24558
15007 28224
16511 19234
6710 11508
6150 7250
10943 22292
4149 9771
12452 25229
5454 22707
7379 21680
16700 17071
6260 18623
12358 12376
15045 16131
8931 14449
10971 11009
6499 24068
1559 21193
2092 17067
657 9617
3175 4756
5206 25612
14686 15547
18867 27841
19080 23566
6337 27967
396 11122
3885 20109
21456 21945
17482 24904
3267 3915
11238 11746
957 15920
20171 26340
12811 20282
20425 22939
9184 12991
4000 4245
20413 22973
8438 22334
2210 11251
6781 18059
7413 21372
22464 23771
475 21261
3826 24104
1034 9495
6623 21969
2767 20586
1770 5004
198 22227
735 13805
2023 9626
9053 20054
7162 12415
8261 28163
2605 9400
269 8336
851 5691
16268 20778
12554 24032
1134 18078
7387 17165
5787 28176
3884 20114
12134 17735
12822 16379
10090 19548
589 3988
1365 18787
10168 25996
950 18567
2029 9030
341 24415
544 15453
14136 23230
13347 14667
302 8024
211 8320
12092 25876
9932 22566
12158 23400
1878 5080
6954 26226
23488 27657
4394 23429
961 20008
17404 20661
1324 5122
4129 10669
3571 26145
1878 17880
16366 25598
2474 8566
10423 20297
5295 5997
16943 22462
3856 21387
9569 15736
1201 19289
20453 23347
25504 27541
20930 26300
11435 28082
12233 20348
7600 8391
4892 25083
7412 22307
24094 27429
5570 17957
6656 22421
10935 26878
9049 19751
1213 20040
8054 15847
9569 11416
1292 5177
11295 24855
17853 20741
13736 15756
9023 21004
12441 17232
10372 12395
6239 7987
11878 17245
4475 18979
8182 26322
14154 26545
439 4641
11997 25448
17407 23553
3238 14181
5496 23573
10838 16505
20667 24280
1475 13047
25317 25957
17484 18424
3623 20412
1343 19610
3396 12668
9683 13121
18985 23392
9662 16640
21741 23983
4623 19932
2333 22645
5984 10393
2657 7439
10195 24955
24256 27937
15161 17108
6569 21729
14185 18461
15309 25091
19372 24998
912 26539
9428 22616
20503 26753
2364 20092
2148 2527
5089 8869
3567 22887
5383 19285
6016 28115
4089 8150
7135 17782
16919 26092
3994 19910
10876 18669
7656 9509
17907 21149
6134 24270
20258 28211
14787 23963
1809 24668
3826 7542
10638 16746
1298 5692
11076 18099
5341 26965
2130 11076
9123 26915
4540 9269
10232 15891
9103 18876
8034 17219
8770 17214
7097 18669
17742 28194
4051 21919
22799 27350
3366 24104
3551 9316
2040 19171
15827 17696
15815 18834
16643 17118
1814 18906
10483 23763
15676 16526
12145 17513
7206 18373
116 24500
181 19316
5669 11336
15659 22860
15272 19817
9293 24069
10806 20490
10457 16353
1978 18449
8856 17014
23060 25922
8859 18589
1573 16036
2969 27745
4671 5632
8280 26232
5853 11261
7568 25602
22478 23175
11496 12163
8898 27326
4326 10759
2707 21664
6437 17280
3700 9201
20031 21182
4364 17399
8269 10660
18243 24169
10729 27042
24008 27896
26002 26287
5441 13875
11306 18294
21808 22137
1816 24131
5857 6994
10265 14777
3878 14178
15377 18154
19134 24127
1840 5336
7135 27207
4702 11773
13970 16587
5950 12389
16150 24038
11289 20324
5196 19188
1376 9717
248 18369
7584 7707
12792 14920
3893 12210
4334 9279
4471 17690
13820 24586
20442 21955
3698 8816
16457 26861
11159 25773
12931 20441
15964 27030
2096 18051
2470 19819
4166 22240
4248 13504
6157 15868
1020 8146
5984 23298
15305 19712
8802 27025
11918 14567
6972 15428
15271 20592
95 9732
4528 19723
9294 15850
16509 27129
27192 28204
6228 25772
3852 16814
24390 27992
4096 21202
18717 18769
7328 9301
19669 20389
8708 16014
8753 23733
9834 25879
161 9874
3253 12383
1014 9060
6280 27403
15375 26565
8782 13733
2304 23400
14471 14579
3734 19542
4295 19606
406 7881
19095 19963
14771 21079
670 24955
689 3862
15600 19061
3544 12195
6261 6404
10665 24793
1987 9690
10462 24756
2272 7820
19115 19874
5661 14993
3849 23930
7248 17259
13542 18903
9610 25157
16774 22592
17239 17671
1405 16921
16955 27534
2373 21560
8057 19482
15026 15561
3410 18057
8880 19327
15825 17691
2708 27129
5089 15317
10097 27802
18598 19325
1606 12028
6065 9371
1727 27751
8478 23830
20162 28211
7885 20355
1420 9879
15377 27702
8931 21079
7142 20678
11041 18272
22996 27841
1770 17803
1573 24062
8119 11340
8689 26957
9572 19819
14807 23857
11996 24982
8756 16179
253 28157
14687 27808
9123 22200
8705 14923
3265 10298
3114 27727
7541 11245
2646 22226
19658 21250
3730 11107
1980 10202
5473 24763
23315 25351
14993 17916
3711 14343
12511 24170
17135 19001
5989 9086
10842 18136
12215 24069
3708 24855
91 2833
23213 26077
7323 10425
22555 25849
588 3622
4344 26238
1724 15665
7611 10604
262 19768
21804 24326
1373 16708
1311 22240
4534 20765
7265 23676
10913 25299
10839 21391
16258 17245
17305 27030
2638 8966
2427 11229
1851 27185
5418 27886
18601 19599
8887 22414
1643 19819
1645 21327
4422 16377
3484 5602
16314 27867
8349 23056
17455 21766
341 25197
6641 24980
11335 20633
15984 20661
8391 24969
56 2386
6738 25708
1058 25265
8579 23422
4248 5023
6415 26048
7144 8285
15980 16678
688 5467
15115 16756
9337 24589
4019 16991
14997 22802
1450 2438
7719 22031
21346 25999
14298 19644
9553 25153
24905 27373
193 1604
11292 19652
16334 21828
14549 28108
25819 26799
2908 26152
1817 25536
3134 4773
11711 13662
11499 23482
7927 9526
11113 13744
8175 10767
12005 24411
8775 16850
8971 11511
581 1579
4775 13021
21925 26053
9816 15334
10974 17963
573 4254
3045 12773
2369 23362
21279 22441
16957 25306
3287 14104
11947 13132
2533 10520
2869 25672
12580 24181
8142 23893
19777 19884
10090 23983
4207 15018
9219 21300
2398 20398
20046 27898
16052 19199
5984 11444
14672 23799
17220 18363
16475 17560
19879 24187
11214 13951
1904 26752
9006 9884
16261 23628
3466 7322
12244 25732
711 10531
5252 12045
18219 25402
943 14666
10601 23026
8856 19736
7312 10596
657 4125
18371 26688
17017 17346
8044 15223
5662 7788
300 27624
2967 7089
6533 18221
22865 28207
3873 24109
21257 27758
11580 12078
3277 8499
4671 19482
16257 22799
17097 23016
4424 14941
5636 21266
11975 24935
396 8970
16071 16187
10389 21798
3164 15372
8817 22947
421 4373
10127 14473
9368 24005
23180 26736
6381 23665
4141 9722
3053 22634
5746 21671
3188 5719
12353 27221
12956 24280
3689 10151
2938 21590
2605 22020
4519 17874
1211 16851
9148 18359
7065 14584
12850 18013
4766 24510
1445 6652
6749 20962
15642 28156
1041 18716
21123 21732
8909 9105
10595 21133
14876 27383
4649 22331
1106 2708
6103 18883
7836 13155
15907 27433
2642 5878
609 23818
581 17214
6738 7932
3275 25005
611 18656
17898 25513
4024 18651
7844 25828
15529 26243
1239 27927
1979 20701
356 27844
10495 22711
259 26314
1295 15275
13042 24999
19140 25444
8927 9963
290 11059
1293 26363
3147 19584
18421 20743
7287 15660
13392 15376
27326 27790
15008 28238
18775 20304
15292 25388
16456 18724
16182 24398
13286 18083
24224 24413
4302 20828
18097 21736
11266 21680
15958 22460
1767 17175
1902 8990
5276 8982
13129 24288
11581 14290
12475 22092
2215 13841
11311 24608
10036 26092
19986 25061
4505 17527
21257 23170
22425 24131
8707 21159
7562 25314
7986 24714
4309 16203
9751 19748
9234 18117
6595 10393
14644 24005
9511 25755
8636 15163
12639 27854
723 8079
2951 5147
14912 24685
4693 15658
743 24053
18267 24179
8437 21094
23214 27131
10951 25110
18180 22763
1074 24934
2255 8893
897 21659
7205 22425
175 22040
13068 23470
4162 7401
3239 5839
12147 21268
12834 14987
17509 18653
9124 25626
4058 28238
3585 13167
8182 22216
7839 11637
7926 13002
5949 13545
5482 20041
2373 14181
13544 27265
4562 18645
5102 11049
4282 10434
7816 27639
20086 27737
16314 17214
16564 25704
4544 23118
3594 18792
20233 23635
21377 21829
4535 20537
17061 24904
10189 11149
13022 21623
10472 21834
5868 26464
6192 25473
12556 19712
16901 20205
8499 24626
10207 17630
15493 28229
16923 26690
7525 18615
17927 20616
8396 13328
16932 19775
2733 21436
705 1143
7375 25879
8096 26312
9614 17707
25403 27906
13373 27162
3123 3624
13970 14418
15335 17140
1412 17509
11126 18862
3265 24630
4035 11311
19181 28128
22555 25108
8283 25498
9361 26768
640 15327
15535 22565
12724 26643
10424 23830
21712 22031
2017 5475
18958 23106
797 16372
9774 23269
2396 23722
5890 10813
782 23143
11838 27830
3542 22385
2758 21961
18044 19477
17040 23083
24412 24861
16178 23007
5610 8318
3242 11071
16900 24675
24576 26153
8895 23833
3554 28198
4906 7975
1581 21163
867 26012
21619 24679
1958 19434
24122 27810
609 12721
2929 9621
1608 16660
5537 5688
3598 25626
7231 12436
7248 14763
14991 15367
1067 16952
17121 24023
10805 12752
6345 14219
8507 9951
4018 14186
6257 27790
15883 15951
8536 24491
20064 20963
1559 2399
1900 14557
13609 27247
3443 10929
9959 19818
5793 27821
10691 13666
14589 24659
5702 17003
22553 26103
3286 10295
5984 12218
3680 23831
7347 24852
18109 27643
18027 25331
11517 28234
12835 16180
1605 1763
3971 9214
6931 23915
5678 14611
2740 21798
7416 18061
4730 10677
24979 25116
7610 25367
11147 20100
2709 13055
7986 8863
5371 21569
18354 24294
403 13309
2205 25121
505 27087
20447 26107
9488 13789
14344 22309
8320 23214
23963 25321
9038 13449
15202 25062
14121 21616
10900 12428
8113 19429
16373 18821
933 18520
24177 25602
15676 24610
15184 19941
7367 17582
17986 21715
1551 7415
2521 17034
1900 8385
11172 22704
9292 11910
18772 18842
10432 14635
4218 22112
1548 24861
18219 18704
5691 9058
9252 24005
19463 20103
2884 4646
862 4941
9443 13649
644 8785
7500 14057
6177 19736
10699 24230
8972 28123
6239 23187
17906 25710
18897 22362
13875 27656
4607 6377
3483 9842
12577 23267
6707 19836
13686 27405
7595 12257
8948 9004
6445 11464
9662 16351
9062 24952
13871 25838
10900 17509
4579 19089
1306 6695
14010 25735
26111 27194
22619 24326
10800 11508
12302 17598
9311 25397
1489 24915
20205 27117
3169 18787
14301 25617
11348 23898
6824 16108
6726 14226
13673 16718
7651 10743
4858 8701
11753 12360
2206 18547
12425 19016
5691 11552
726 22265
324 4782
13266 22233
808 11571
5839 7443
3634 23521
19325 22607
15589 27471
3762 9574
7873 19318
4890 25035
7166 28044
3255 15652
4954 5042
19843 20846
15357 26457
17304 19058
1169 15324
7031 21304
2957 26413
6326 15037
1556 11143
4720 22080
2625 23017
12889 25160
9371 18214
5941 27646
9207 14768
9683 10680
7497 19900
1496 24566
192 16374
3931 27298
20947 26405
6931 10920
9922 25335
10844 15216
3947 24491
8781 9465
10827 28194
5437 26087
5740 9396
10662 22180
292 15820
8977 21538
683 24610
20245 26598
4152 14464
1343 6495
2708 11193
5791 7239
4091 25084
5114 27096
5636 25157
485 6269
23677 24503
598 24061
2304 2308
25368 26298
8939 20956
19340 25981
23799 25853
18262 19641
884 28019
9660 20943
3957 19704
3446 12951
15713 20480
1900 24908
4720 19742
16403 20488
3251 18583
1346 11240
7600 17787
15446 21638
7373 18952
13870 18882
16928 24539
23143 23982
2857 15762
14519 20704
4026 23902
1140 25602
22954 24611
2071 11258
5371 25154
9000 10495
8527 10104
9650 24238
7358 26417
173 12100
3039 10698
6097 13282
2443 27293
9268 11082
18588 22469
22605 26303
18547 19189
6876 7469
18305 19171
10115 11913
616 4378
14687 17189
10407 19273
11026 21831
13741 17593
24521 27698
24057 24131
9710 19772
7828 25803
605 10097
15829 22040
5751 23616
10421 11931
12336 22394
4444 13877
9590 27221
6757 9247
10687 24049
3442 21047
9080 14790
9222 10693
8371 26739
474 24208
7386 19753
10641 21296
6588 19635
16103 21267
3279 10126
13357 15391
6687 9634
3228 8715
12194 22771
22977 24049
16396 19961
12363 22814
8930 26899
13121 26838
3207 3229
13853 15893
2040 2956
15405 22674
13259 25487
12476 15605
18050 24148
7879 8398
12765 22639
2061 3414
4537 9624
9782 19143
3532 7524
13261 27464
989 14021
220 581
19194 26476
154 20640
18700 25245
5978 7606
12550 28108
17364 19899
1670 21353
1398 9806
1624 25110
8817 27123
10372 15391
22020 23461
19992 20367
8457 18141
10935 16855
14555 25387
13141 16184
2248 18477
26201 27172
18219 26419
6309 23722
14407 26040
3265 7836
6691 14817
7376 11599
1614 8970
3832 14057
7737 17848
22043 26332
12970 16749
179 12357
3535 7318
3587 20677
843 1115
1346 3606
6425 14469
867 24226
8602 15561
13154 15906
4087 14847
782 3296
13515 18039
4362 8740
5319 11550
2997 26427
15997 26024
8931 14418
11048 27719
18357 21737
3545 24082
26848 28048
12294 28103
11746 20216
6641 10533
1634 4686
1788 16104
4476 22894
11628 27625
2245 26439
1573 25032
11248 14707
9244 14820
16213 21439
14892 16957
15293 26629
19192 24470
9252 14716
6077 26985
3229 7119
14569 20503
16756 22229
10838 15227
19479 23520
3953 15856
4175 20605
8372 11242
7813 22410
20279 26045
2667 9293
8970 18507
12354 26493
24241 27557
6394 9717
6749 22511
12452 27469
8669 21233
3456 7915
3665 6717
7050 10050
15567 23933
16083 18626
14033 25039
5709 10916
649 25482
1567 18625
10415 11480
2586 6730
4216 13586
5486 25212
2456 14162
23464 24504
15371 23307
9322 18449
14912 22688
8433 19449
7439 8478
24573 28041
4328 19548
9813 12709
13142 14576
13926 23371
20480 25468
898 6161
7263 21557
568 22766
554 7085
8014 18695
16323 18249
15211 26054
12058 14790
1622 17115
4424 26077
8342 9497
9254 27834
3186 8818
3279 17165
1372 18791
24069 27841
9159 9590
10619 13343
18242 24195
7053 26476
3214 27676
1142 16679
5207 27298
850 5751
2188 15190
8003 19457
17137 18416
16187 20661
3102 19004
4021 23249
1116 15544
7945 13161
4597 10957
13816 24524
3810 16094
6918 25529
14388 18708
4097 4422
1776 15293
16413 28170
4073 10871
8046 13707
5989 13447
22273 22313
1745 15399
8081 23090
8480 13460
8712 24396
5483 19632
19856 21889
1049 22309
1498 4806
8413 21915
20644 22329
27633 27696
2969 9613
16953 19424
3265 22814
13557 27757
9959 28273
2614 9873
5179 20018
17194 24514
19989 22416
2525 15493
10116 25341
12844 26999
6518 7835
10747 17787
5359 7104
13864 24830
8075 25629
11592 22048
14082 25653
1437 3040
5327 27107
18021 18434
3463 15282
22323 22650
15620 27766
19660 19979
3513 4616
12425 20936
9285 16094
11380 15756
1190 11439
6569 20167
3987 6533
11727 20931
3326 9648
7937 24939
1053 17349
7036 11494
3910 16871
9631 13155
3756 9572
18793 23803
8001 27337
13142 20310
11937 18692
2015 13392
1113 23456
11798 17426
4255 7099
7975 22141
15675 19712
421 15734
10800 14215
3845 14295
25048 25426
15298 20550
13532 16504
12705 20099
9668 27539
4148 7656
21033 23607
2801 8330
20812 25302
16047 19893
5691 14758
24040 26371
1711 6389
22976 26717
14880 20676
4196 16213
16781 17118
2707 11129
16328 16448
1516 14223
11723 25222
67 9569
20337 26444
6924 14193
5254 22906
15443 18415
12052 28156
1920 9569
6589 9579
3286 18528
282 17863
2557 20743
7152 17785
11009 11140
3446 9956
12459 14706
13343 28194
5234 19976
11344 25955
1688 27724
10344 19191
3729 21552
14478 23371
3599 19749
5662 27891
8949 9242
5008 15470
11115 22283
5984 20355
770 4672
6046 12801
11859 18669
16015 27638
327 10815
6788 26744
7324 11657
10617 10794
1851 4456
3720 7832
3289 16434
1278 25787
24870 27872
8281 26419
15307 19460
16553 26016
11878 12077
5506 11614
2470 5984
6322 11405
300 9381
16907 27612
2187 14140
3742 11069
5416 20856
5189 24669
9356 25956
19760 27914
19358 26955
12512 25520
13281 15443
546 19267
14342 16679
5457 9734
9796 15048
2247 4886
16584 28063
5731 19061
4805 4929
18210 28179
7455 7875
7763 12055
4117 5662
2518 26743
11244 20532
18133 20172
173 3046
21919 22080
16226 16888
25213 27667
3753 19819
4621 16667
9813 11370
9013 9717
581 6126
1360 8611
2670 13987
22324 26514
18266 23781
4943 17175
4824 27673
24214 26053
1999 24005
14901 24313
19200 21665
2560 15624
3643 11786
3002 6649
587 14480
5331 12980
9769 19959
1482 17196
5618 22425
10225 15123
17273 22422
22931 25571
18509 21985
20310 25390
390 21349
13074 25918
7106 17835
5703 23188
1592 1887
15276 16557
10957 11535
17505 23365
9225 23991
2154 10471
25494 26690
3871 4326
880 8840
1740 18039
25568 27373
22273 25649
8586 12413
18843 27322
3481 5221
10956 26027
11710 18999
1284 11998
8150 11632
9805 27811
21929 22141
19893 22186
16094 21804
7111 14129
6156 27032
2274 6226
3942 9709
289 21804
876 15510
16356 26947
16724 20958
6322 11814
3622 9465
17718 26279
17880 27992
9061 14527
1331 8372
7323 27085
396 23127
15508 26154
16763 18583
193 6238
15639 23400
7469 23769
1937 26299
5568 24127
14971 20302
5984 23300
3147 22457
2208 27879
1878 26127
295 11484
22750 28186
4117 16131
5913 22240
1417 2539
15928 27398
14289 25919
8075 26945
17760 23243
9572 24608
4111 8586
10709 25902
3233 26322
15161 27886
10683 20378
11735 21045
4189 13970
23422 25172
16922 18615
6940 18304
25057 26457
19522 20086
18284 24705
3759 16138
21470 25294
15713 26665
7977 16383
11529 11968
1470 25976
341 7114
22900 25253
1181 12102
9729 22025
23669 24375
3091 7085
12369 16194
12512 19874
2708 6737
15762 25525
13289 21026
6857 9717
918 23327
3139 9524
17838 22376
11473 26066
1350 21693
15429 18876
4923 19068
12490 14847
650 25397
2888 12357
18369 25792
4269 14776
7386 13294
2388 25409
11363 18955
1697 4672
16362 18361
9584 16850
23194 24772
7500 8669
3395 23978
5702 7420
16276 25732
1589 23785
5 13709
5691 22901
26970 27140
6486 17902
15185 25260
24514 25157
13863 16025
2381 10048
929 13173
16243 26154
7353 27454
6974 17382
7269 21184
5721 8767
4498 17146
2858 12710
7741 7948
15857 22062
11131 23822
9074 27080
18753 26714
285 18650
9252 11945
3306 18557
15402 19957
2104 24586
175 27821
18927 24989
10252 20186
3100 20711
17041 20613
3139 3206
396 27746
10823 25560
4489 4721
6228 19134
9342 27035
6656 25454
2589 5221
14194 21269
7591 11822
12010 22996
15863 20439
16767 18510
4111 21506
8955 9503
6239 7498
19154 25453
12656 20417
9494 25095
22061 22907
9058 24309
14129 24422
3345 19170
2712 18136
21988 24114
3592 19995
22008 27428
10757 14554
19639 20480
9137 26261
812 24570
2376 17201
7707 25161
7429 25090
10569 26220
1672 27867
9536 20661
16762 20893
14548 16413
20434 28009
13455 20664
389 13603
12091 21057
5249 19865
24241 25445
8167 10498
7311 21390
5020 22240
6220 12034
6295 16608
10584 28181
9410 27524
6235 25323
6848 21438
1102 10326
16080 27013
7002 27324
7719 17355
14369 26010
15695 25197
10655 11426
7885 23944
3545 20069
14489 15923
13108 13972
3882 15438
70 496
22083 23468
5898 19566
3176 4412
11539 21481
11784 26070
3034 10174
813 4595
9742 27599
20613 20922
25833 25981
15306 21545
11343 15840
8405 13649
21953 24945
22926 23876
14997 16426
9482 28023
1142 8364
15435 25910
14910 20759
1028 22989
1264 3633
2984 17587
2527 17347
8368 20053
16463 22106
4728 20409
12580 27353
1445 24062
4090 17882
11931 20985
5989 6126
22857 25748
4405 20117
16287 27333
1020 28213
3750 24509
7490 21028
9851 11193
2573 26882
805 3947
13894 25130
5100 11475
7531 26275
2491 21057
11251 12282
9055 26728
3564 9793
9499 23707
14080 23708
3990 20056
2269 5913
1050 12329
5371 8246
5348 11748
18791 26590
11997 19096
9716 11975
1116 26044
4271 21992
3872 16338
2591 3585
11808 19261
877 11431
1165 16054
6378 27660
7772 25758
7111 20849
2518 14672
1058 13642
7916 24883
1753 23629
749 18522
7478 18346
1285 18557
8108 23269
10082 25504
1275 9905
17260 27005
2170 24643
10187 26846
2227 16599
21077 24628
12437 16963
836 17142
18959 26470
5691 11508
12629 19972
1144 19068
1331 18055
14807 17906
545 26451
14854 24322
7417 16050
2948 18690
10294 25754
12705 24158
2369 26497
6913 21430
12755 24697
24172 25187
17801 27294
6372 19829
3407 6295
16293 20852
106 12991
15201 26413
836 17656
11766 20402
3828 20053
5327 18909
1181 18146
605 4802
14441 27462
12779 21914
1167 2342
8357 8869
5568 15297
12369 16040
1999 13291
3727 8993
526 19031
6552 14154
3504 27576
5687 25329
16063 27155
2518 21955
12166 13239
2008 20407
988 27354
3071 18653
15037 25760
473 14228
18894 22031
24733 25452
10805 19253
14384 19115
2905 26457
2617 19669
2244 16394
1975 16276
3542 7861
1192 15691
9806 25793
245 5546
8291 28092
14959 19813
7747 25735
21279 22224
4139 25972
18442 21841
5689 12614
805 20369
8508 26958
16588 18337
11240 13945
12738 23771
18931 20757
577 10839
15846 21687
2705 17963
12467 26430
8730 27002
7912 7954
26986 27715
4189 24900
5168 27316
14912 25960
8370 9986
1742 9923
15561 20303
1153 22952
1922 2104
648 1706
7124 27821
4701 26528
11030 23929
86 9103
1284 15298
3065 13562
3622 17965
711 8039
14212 22747
3518 13111
1424 18093
18185 25564
9043 12412
6990 20472
23080 23870
8325 27804
8954 13324
5609 9865
17961 27494
13708 17675
10623 17851
12388 17829
5166 7031
187 25241
1773 15766
1561 22848
19882 23016
14571 20050
4314 14437
5765 27042
15536 26312
4949 6484
7783 26582
3186 26666
714 23339
1724 3129
2760 6612
11340 16194
4700 22404
17351 23289
4440 25165
3935 19714
4003 25678
8287 19623
16953 18070
51 5705
7140 24195
4925 24229
423 11777
9660 9738
1061 4270
10646 22581
7502 27194
23655 24869
518 3065
1800 1914
2462 3413
6873 16081
23619 28263
8248 8370
1959 19004
2521 9252
23719 24750
12528 22151
5654 15869
259 11261
14960 22998
2837 8787
8168 24104
10003 17075
4248 10154
25725 27924
569 26986
696 1782
15550 19733
3586 11922
2435 23748
14686 23218
14710 26184
2748 2880
8669 22016
3587 3856
22181 22255
3482 9928
17568 17615
6528 21744
6377 19183
8673 16010
3727 10605
5913 17166
12341 25206
15022 16333
17713 18029
10326 23164
12581 28045
17797 21890
13063 18461
8434 11716
2599 27455
836 3484
14748 26743
4375 7536
14920 25817
3528 19323
6803 12033
1851 15211
17375 26269
12895 13931
4312 6801
7783 8990
9455 22370
4123 7206
8087 27065
6307 9811
2980 14031
14273 23609
9473 23289
7577 21449
23455 27536
12291 24980
2646 26299
3634 22256
13508 24131
14203 26753
2288 25468
1590 11004
15829 25062
7832 21792
2454 18987
18591 21535
6026 27373
1768 13850
4779 10504
3238 23298
2967 17901
18139 22416
20449 25617
10982 26798
21229 26565
919 1609
14418 19871
8492 10323
13591 18280
9683 24539
1153 25941
2447 21766
11534 27277
5302 14244
13383 13967
6633 19712
10405 20319
15196 23390
22905 24032
1602 7987
1878 26649
8192 9339
220 12551
7021 8679
1487 8588
11659 24338
23628 26439
10191 15368
430 1925
14370 25617
20046 25451
13215 17981
2648 25981
10737 26358
4544 10125
4596 6427
2118 21600
3186 7984
3191 25008
396 9465
18175 26718
20503 27966
11637 27112
406 14976
8368 17650
3528 25138
9322 22255
650 21159
23785 27923
2510 14199
8795 22929
1556 17757
2111 18542
17740 24708
1871 23972
4218 6009
7029 13491
1744 22830
14092 23384
12086 20664
26338 27572
6903 17927
1767 18743
3885 9404
6936 23524
19576 19772
10673 19752
3856 18066
6085 16563
7536 15283
5287 23972
12510 16223
13208 17540
6746 14021
9248 17562
4477 26615
12805 21060
990 18836
2542 14671
3852 15099
10298 27612
8247 25956
5222 12900
11438 26042
21599 24836
2526 20755
11059 18110
14915 19100
4883 9747
22835 23524
18004 22668
1297 5104
7172 12006
7127 15493
5772 27478
1592 7115
17823 18813
7146 19536
11988 12229
4672 18921
1820 4821
1909 13084
18348 24126
767 9574
1335 5981
16684 23681
9521 23090
1860 27530
23911 27016
14929 24232
9349 14616
8801 24406
12231 27912
11953 25194
2169 11783
17232 18104
6414 13544
7118 16026
18021 21026
2470 14129
13355 15291
7773 25838
23377 28119
4394 24793
1840 13106
10743 14272
20008 23254
14363 24646
5818 8249
11484 19835
23585 25294
7751 10390
3687 24299
400 1408
7112 17963
4587 10612
2189 16116
20008 22503
3566 12193
7835 18708
4076 9294
15708 22842
23007 24694
7055 21821
16751 19333
505 2370
23941 25309
1851 23821
18280 21149
2830 18647
4918 8086
19542 24065
10825 22804
16226 23198
14534 21220
9682 12737
838 15709
4489 12120
11369 23015
3446 11562
11951 15728
23415 27126
3993 5371
10 1676
6527 15551
1226 3472
9086 9226
12437 24591
2552 25288
3382 19126
5413 25381
16547 21025
3329 22171
3545 5155
14064 26513
9061 17096
10286 22404
1770 23915
15022 18663
473 12400
6087 20770
12551 23066
4633 27926
13527 23855
13316 27826
3908 11250
23803 27423
18610 23422
16855 17965
17249 24211
764 10056
1566 24067
16829 21315
24613 27841
4904 9709
11573 14284
11606 27938
8887 22762
4237 9795
4162 5827
9124 19075
18486 24284
9194 10876
14189 22047
20307 27490
10337 23414
2205 17734
2009 3755
8212 14014
835 21146
1239 21113
2232 16191
454 20922
5142 16791
13164 24520
4520 18412
8085 9535
24603 25403
1782 24049
16176 17008
11789 22518
13977 16234
1292 3580
544 13381
7047 24395
20197 22334
6946 22556
23585 28177
11687 19132
13534 16814
15373 24008
1600 8310
5665 17311
7418 11698
6331 23341
11292 21309
1223 18050
16246 28014
11718 26770
2022 11479
14211 18843
4930 24485
18059 23580
14352 25538
567 8147
20095 24413
8958 14549
7974 22639
5554 19757
1343 14809
11317 12733
18195 27102
9902 27087
15673 24415
14631 14648
1178 13165
3317 28074
21038 21268
11888 23550
7213 16668
3720 19537
3643 19285
19294 21798
5300 12860
851 12155
14633 17407
2810 21760
1767 5600
11789 19415
2388 15673
5435 18019
1957 10326
21000 24659
5989 23521
13745 18993
6894 18176
609 12356
7539 18556
2348 27654
1138 19775
11880 15727
16388 21881
10309 28166
15236 15804
979 24811
14708 20950
810 7015
1573 4073
2715 16357
2518 9061
17022 23315
15540 27030
10935 14657
9844 11461
10653 25187
3294 27675
13131 13773
20328 27365
4909 24234
5610 7861
3890 26591
13262 20603
17140 20100
655 5784
21832 27795
2759 21798
8363 24294
19721 22333
13564 22688
1690 27143
1853 7958
11459 16294
4735 20629
22453 23342
3932 20633
15251 18482
5989 16922
2701 12727
10444 21304
3856 19337
17963 21304
15296 19245
14933 22156
17489 27221
23309 26283
7652 18179
1379 4214
867 8718
9472 23376
6999 9903
6254 26631
12140 26660
3362 6846
9108 21317
12032 27317
3090 6251
2304 16975
16871 24513
5289 23719
1942 11480
6228 26663
25490 28156
9281 13564
12399 15676
3263 8185
7192 19985
11471 15317
4218 24491
4573 21213
7822 28070
9038 19485
5989 22254
10173 14001
13018 16320
17967 22440
8669 23723
18424 26866
11603 24933
18366 23469
10925 16455
9710 22730
17364 26207
881 6940
11042 12111
2170 8746
7243 17880
11911 26009
7627 21053
4216 9953
16104 18456
10197 23467
3622 8098
22039 22309
20794 21590
7907 8833
11866 23074
12677 26079
10207 20673
4948 23773
12696 14728
8188 14406
1962 15592
3636 21072
9923 19781
1826 16882
406 15376
3741 25171
2596 11311
510 8985
3745 27821
3997 14894
21732 24005
3787 19009
19758 26665
17787 23679
12474 14092
16991 21912
14104 17507
25160 26113
1438 23133
7247 26024
5916 17028
12356 27661
11363 26811
10139 21884
2287 3606
21768 27557
8826 16442
23 7290
19184 25978
1234 7450
21159 23520
4737 25432
10393 17787
9079 23429
5728 16460
21857 24455
3708 14933
4740 15281
13888 22746
7361 27033
406 12059
1713 18962
10792 15015
12111 13272
4209 6796
2744 20639
3273 11596
8872 16487
12688 12759
3456 7962
19085 22646
8059 15844
10834 21701
24576 25432
12887 18553
1194 17894
23265 27143
3728 6179
24298 27853
3059 9113
25272 25991
3473 9047
13338 15410
808 27042
1672 3638
10916 15407
21391 23861
693 16349
20712 27220
5165 24759
17787 23932
4907 24299
3825 21438
14010 21304
1526 5506
14418 23919
17636 26912
4199 17140
10191 15017
5434 10594
18564 22025
19190 19746
11349 11445
2096 25287
1448 24032
20109 20639
18876 20991
19548 19935
16781 17960
16369 27760
18336 21362
3551 14481
12674 24238
23178 24974
14954 15056
6506 21506
16403 27781
10920 16963
15294 17633
15731 20692
8785 14016
13904 16873
17429 19982
5 5786
4949 25355
8511 23252
12413 16987
3885 11080
1666 10961
1378 6527
5004 5989
7205 8818
9616 23619
7979 17228
7687 21448
764 7907
2623 25054
8746 9569
24039 24475
10225 15985
15639 27016
14782 20039
15900 17708
5073 9244
4021 20988
3307 21067
9358 22548
2226 5213
6965 12873
3765 25904
8357 13847
4030 13622
9524 21886
12551 17214
14097 21205
3382 22179
4695 21039
2510 18215
4528 17263
13091 17446
3212 22638
18878 18983
9717 16399
11529 19481
3045 27405
1638 23236
16627 20754
16433 17331
17164 17992
22857 25699
1579 3168
448 2785
5071 15001
5691 23118
12559 16763
5923 15258
1606 28054
10337 16198
2413 11601
3728 13447
15610 27600
20566 27316
6308 6402
3076 11987
8145 26518
1182 17073
3788 20657
1152 1429
13817 20816
569 21801
21009 27700
9323 24823
6203 7582
9274 17269
1527 2772
9010 17226
15494 18273
4026 19665
16346 21996
2986 16982
1293 24131
15229 27359
7034 22416
7246 23502
6170 11628
14340 15668
6889 20038
3562 18982
18070 21925
6008 7611
5262 11080
13637 14172
20366 22255
1543 14911
8268 16803
214 1878
19096 23932
9825 19153
717 6340
6017 9384
21725 23365
2255 24148
7537 27948
9179 28278
1197 24178
14113 16142
3377 10801
8706 22182
15693 23843
9390 13463
9750 25658
11161 27988
17429 18952
974 17319
220 8478
8157 21407
580 2288
13806 25062
16475 19095
12311 16311
5473 10917
13176 23410
6776 21293
1 23366
5815 9563
16390 21792
7962 9617
13228 18818
451 2191
4830 6562
15603 22041
7258 19200
2954 28177
21506 23408
1925 27962
7052 23111
12940 24849
1740 9800
3634 22955
2491 23408
15610 21576
2703 3064
8192 21240
17523 28031
5327 12257
1592 18946
4963 20909
23116 23721
10275 17194
12369 25110
5117 20060
314 4498
12915 17865
20480 25083
7741 22814
8478 25634
8961 26535
8292 23286
1707 25399
473 17165
21139 25855
17570 18307
4186 17760
7869 19982
8108 16968
683 25331
6806 23128
4039 10472
18981 22724
13956 18726
8368 13282
877 16901
203 2152
2227 12931
11457 19549
4680 24560
9615 25758
3238 21987
14232 22799
143 209
8974 27586
23372 23910
3257 20379
22789 23092
17017 22195
4807 4890
8899 16016
4097 6843
7984 27257
2037 26006
2111 13040
7982 15492
2888 20715
11048 14662
5089 13978
10245 15265
8644 19138
6842 7637
1389 9160
11962 15849
10036 13788
7322 22908
5815 20296
705 10876
711 27222
16027 25089
1561 6120
10767 11084
14222 17760
12291 21829
238 4860
13185 16998
7342 20480
7205 18919
21166 22885
2986 6533
340 23838
2937 10442
14001 26659
2344 8939
20610 25738
4571 14672
19053 27281
1597 9918
24576 27514
8097 9144
3772 9614
26244 26404
21564 22734
7707 11368
12128 24976
8923 16322
6773 26372
4711 11661
7836 18920
9279 18521
10346 18539
16152 22581
3501 12408
23715 27120
3625 21753
4646 8046
1717 14791
17140 23688
4954 22012
14853 15086
10426 14986
9645 17789
7432 7950
14407 15279
7349 13033
1013 10495
9795 9930
880 9184
7375 15672
10639 22775
5294 23292
1197 13570
22503 24023
3957 15985
6883 8368
20937 25306
6972 8780
7442 17593
5042 7574
4386 14436
2339 19848
2563 24201
5883 19601
343 24023
9137 25590
2150 7065
577 18242
8770 13302
15847 24552
13033 14710
11727 17501
14241 18533
6663 21668
3819 12612
22430 26443
22425 26341
5023 14676
0 12029
1925 22281
12341 21886
11276 27294
2247 24551
25283 28173
12715 18463
2227 17258
13832 15907
13550 25593
1944 15874
211 3564
3592 10626
15633 25006
10924 12136
3141 17481
6734 25811
6348 25679
4693 12956
9250 12645
21794 28254
4175 24738
8063 15231
7643 17333
15037 22205
1236 16259
10889 22036
5636 22691
1162 22167
19730 24848
401 9495
21274 24129
1412 24939
16478 19647
18379 26998
13278 24616
2189 10023
16569 21377
15983 27388
14779 25652
5716 5722
5084 10935
2455 14193
14706 16433
8246 18280
11645 24829
3024 4782
11774 23375
16159 26978
16829 19372
5412 23638
16428 26417
824 10618
5246 25330
31 69
15426 25443
3789 7047
12846 15181
15272 20175
9098 11920
6442 13602
8233 26544
11580 15744
9226 9590
4265 11028
5691 12404
851 4623
11958 23620
10660 22376
12858 19355
7445 24842
20849 26686
681 21638
11169 14961
14555 26872
12466 14672
14691 16210
2547 13934
123 9701
12561 23444
21518 27243
13619 22255
4616 26197
12612 20657
12024 21342
5675 27966
11934 27445
9226 20205
17417 19584
2078 17209
7937 16905
6898 12651
2518 6914
21136 22402
1672 21665
22323 26584
8360 13397
8057 25110
906 19601
2650 27402
19424 27796
3265 10142
481 23333
24948 25472
15990 24510
3874 15509
20876 21564
11193 24939
19789 23963
4102 4745
6807 21821
4367 26247
9226 25903
15670 22396
6609 26372
8818 23993
3513 26197
11766 19177
19389 22606
6765 23193
14413 27408
8454 11387
1995 8730
3598 20387
5731 10607
5747 16856
17020 23600
20002 25603
8582 9769
10357 26678
17632 23653
16457 19445
7144 27016
570 14445
3420 20256
9388 27472
6436 10882
24309 27933
15158 25260
20384 27374
6209 10520
13095 16781
6914 9426
9880 26614
11922 22965
18947 23929
5197 21462
15784 25115
16342 19280
16018 17664
9004 13711
11166 11240
12322 18015
10537 20582
7213 18319
7645 11612
905 10749
4207 4581
16071 21955
18276 22992
3483 9250
7195 16094
12781 27106
15358 28149
18020 25550
6738 23454
2396 21548
12661 26505
14471 22082
10280 25634
2285 16838
9232 15173
18302 27373
6177 21445
21404 24841
1027 14402
921 6476
9487 13046
4127 5667
19282 24645
8730 16263
19086 27152
10531 24720
24836 24949
86 8756
4518 26404
400 16865
2689 15952
15426 20876
1827 6948
14136 19004
3654 22487
9495 10309
11655 17017
8787 18001
2837 3746
10889 12768
8254 16187
2067 13227
7931 20914
2647 19432
485 18713
20797 26908
3767 19459
1361 21835
45 18082
7410 16386
5191 17077
5716 17812
3678 24309
2027 23454
4454 16547
1948 2957
20876 26503
24690 27587
4962 25371
10538 12270
7737 21318
6692 10286
5660 24069
9408 27269
1505 9717
14539 25928
6868 10391
11813 20065
4872 14070
6116 21885
18521 22476
927 9918
10837 11295
11450 24675
1878 15467
2385 8835
1332 5543
5989 17487
9997 15619
9590 24900
12313 16145
7984 13186
3140 22650
1719 8899
1970 3892
2303 4967
3742 9507
3244 12437
2646 28272
21074 27693
3728 26591
7601 16770
10292 13142
4216 22686
325 8857
15101 19087
10815 12352
19091 21862
23 25545
22710 24299
16610 27722
1775 24069
10672 18082
18920 24005
24392 24575
5699 25693
1993 10541
25174 26169
3366 12194
9636 15632
16232 26998
7855 11473
8091 16764
12052 21230
5911 21625
9511 22650
3318 17098
22661 28087
8263 27932
14817 26781
5293 22898
12055 19047
626 5270
3589 9358
21084 22956
2003 7963
15819 19820
21187 27133
21733 23942
1521 5371
14997 25519
731 18452
11882 22772
22769 25373
20503 21638
11866 28060
7128 18369
5930 15869
6495 10880
14193 18553
13817 25174
22507 25850
3674 8746
2000 16772
5387 11113
1160 1230
3900 24065
16956 25886
5301 25560
967 11975
6871 25321
4560 27519
3634 20862
1435 27633
19449 21730
11335 16531
6100 7827
11160 24023
27107 27821
3727 10960
22243 27558
3253 13276
3944 17540
25301 27642
9654 11268
9678 11341
1008 21387
21587 23501
7290 28176
3293 21974
3548 28098
13832 15224
10525 18956
8730 25892
26518 27017
7005 17331
19731 22079
5978 6881
2712 27693
1469 5864
6799 16738
3947 22687
3300 25893
6006 12162
2392 25978
10817 19309
11612 26829
7826 26476
1767 9234
4398 27105
261 23197
10688 12737
1993 24390
20357 24614
11964 21950
5500 14534
19481 27500
7994 20969
2141 10392
6542 19540
4009 14582
7482 9063
1713 14412
9739 19704
2623 16640
10485 22763
14575 18761
4445 24502
11819 28029
7025 23165
16684 23170
2368 14452
7935 25810
10807 22783
2961 8770
4866 17747
9795 19530
16827 27676
22426 22528
6738 12368
11859 20622
25381 25876
6382 7423
6315 26418
6069 10042
8863 22418
10364 12944
8676 25857
4578 8033
7641 27389
2619 3758
17930 19886
11042 20626
12302 23392
17209 26703
2101 3948
16919 24892
1758 24005
14657 24637
4708 23893
12333 23358
20 11361
16593 23353
5669 7111
12137 18538
705 7412
13418 20505
4455 24292
14074 22481
7592 20072
5850 22890
6794 16366
4098 25586
1851 22385
1411 15058
23688 24676
3780 19764
10178 18152
13910 17355
9663 13686
3952 16566
2598 4627
4236 8184
5112 15918
20420 24904
1234 2895
9614 14205
18078 22440
18305 25432
7797 15682
14827 18415
16205 23148
2998 6138
8261 24316
15563 23521
144 2810
188 8669
9696 11428
4703 11635
13875 21176
1878 14471
20927 23311
18941 26405
18348 20219
15022 28147
3275 22700
5904 10924
20891 26331
5905 13204
2764 27664
5511 11439
7950 13482
19081 20624
12030 16602
9968 17456
4142 17597
12792 21123
972 16837
1343 6239
8485 25599
2667 10066
8025 26173
24005 25043
13086 27805
12895 17725
14930 20363
1604 4149
17013 24122
10865 21212
5871 7873
10125 24132
9611 25554
9192 11138
15736 19704
13046 19460
15256 23722
8063 17510
11945 24167
19615 20337
5792 9498
17006 18272
8501 9441
6633 9563
10298 26978
10799 23223
8536 18736
4355 17574
8370 8972
20309 24503
16490 24822
11423 23479
15055 22723
3644 7223
11211 18225
11504 22634
2986 8774
965 11982
5738 18894
5787 18724
6994 9651
10062 11147
20527 22203
20758 22605
9608 15717
1770 5505
10091 18218
18093 26871
19396 24121
7826 25435
10474 26074
5140 16188
8451 9816
862 2010
11055 26860
457 7473
3997 23524
8367 21269
1814 9078
898 3206
3873 23763
4708 20369
2399 6537
1240 3031
11306 16189
23919 26419
6630 7571
3311 17958
15047 28055
7584 25296
2796 26863
417 1502
11148 14925
9341 9758
12777 18580
12931 24557
5584 28209
15722 16893
373 4450
509 26010
9755 21453
18985 23396
11461 27702
8712 26169
10818 20390
6239 19548
15325 20046
9590 10935
132 12681
25063 26689
86 8282
1688 2763
7907 21853
4307 22981
3734 7477
1554 3480
1365 7830
449 3638
7571 8381
2438 14694
199 14827
11128 19040
584 13024
15922 20432
1944 22438
18823 20758
18798 27849
20354 20573
11363 18704
727 20614
13599 25034
345 13564
23310 27129
11261 21939
18795 23379
4812 22581
10209 20841
24902 27966
19289 24784
10838 12045
19501 24307
3845 18273
14694 17423
11059 22753
5979 21753
3391 7373
1695 14513
19280 26346
10967 25291
11082 19657
22215 23219
18601 18723
9569 17543
1318 22396
8837 21949
220 8810
20447 27013
3850 14040
6367 18760
15464 28051
151 19313
7687 12481
22724 23227
4332 26154
7337 17283
5003 10600
2295 18811
13789 17788
1100 16583
20586 26641
1568 9776
10264 20611
5595 23932
21950 24148
12544 13047
7569 11612
2701 20667
16396 19261
7002 27530
9607 21153
1042 13126
478 17152
2973 13732
12374 25623
6098 24047
3206 7791
3944 6789
17193 26217
7867 26404
5923 18679
12144 18703
23719 25370
7343 13875
4188 16571
11931 27240
1565 25057
21873 27345
12259 16910
23388 25710
12412 19447
8977 15484
9423 10419
16149 27795
3300 8470
3135 13626
1487 9989
14420 21027
6910 12888
9090 27895
6879 20006
18785 25350
11073 22187
14677 17547
22896 24320
10839 23056
6517 28240
23034 25397
9339 21240
86 4849
14792 24182
5554 18534
108 804
9104 25337
3734 15687
4649 7375
14029 26596
4189 10726
5150 13846
8424 11048
6879 25059
20931 28156
8541 18210
1579 6832
12556 23932
11973 12203
4571 25563
1613 27841
8499 18267
10637 10795
1952 22320
411 15388
19184 22516
16072 25695
22285 24326
14807 16276
7905 22974
7002 11696
9485 24820
15784 23677
15174 22125
7587 24169
17938 27867
9584 12724
12708 13180
5326 21939
4216 5260
3052 17568
8964 23372
9225 9965
22992 25561
6495 9518
2182 21126
14140 18651
11298 17631
15404 27990
7375 23696
1978 7975
4409 25950
1381 8925
20545 21724
22046 23557
5431 8096
2635 23254
6182 24079
20724 24415
10086 25738
14308 17836
21491 22295
2522 22968
3986 12530
7950 9181
3700 6056
4726 7223
7496 9429
12612 14407
10317 12321
261 21898
6062 25953
9966 25236
1113 5063
4385 18593
9272 22988
23776 26872
769 17803
16301 22702
2986 5722
4328 7455
9631 11413
19412 27856
15823 20479
786 3419
14288 23077
5196 18496
6259 9282
16267 24690
1105 22042
2105 8162
4952 7950
6103 11963
22829 27795
18529 26106
8336 16428
4332 16362
18824 19373
1658 10740
199 24490
20222 20627
13416 20935
570 15385
4791 18050
12619 19976
8985 13512
1020 22412
21139 24005
8036 17407
5691 8948
278 7529
5115 8806
14635 27129
6926 22139
20529 21671
7482 10086
4328 7111
7323 16986
1757 14193
7975 22012
15292 25259
25019 28116
5530 11605
9767 12031
22090 25833
1646 4278
3598 17407
20420 20705
8368 15839
16021 16353
4702 7995
17556 24171
10619 16428
2245 25006
9988 13974
926 15391
2138 16170
1158 17946
14604 22120
19639 27087
19680 21130
21034 22012
14998 16901
16243 22334
17119 20166
495 3665
3426 23596
18919 24904
2340 4594
7729 20630
12214 25596
10025 24716
2944 3609
7982 17779
1814 8016
129 18605
20749 23657
495 5262
19819 25550
16511 27047
2191 4256
11755 20261
7981 8012
6456 18457
22273 26908
3592 26813
7626 22387
2410 11260
4408 5130
8091 26908
406 1574
1741 6604
20129 22773
9229 14707
8167 14153
13963 20359
17004 17763
1106 15037
20544 23619
4644 28021
1593 2152
1239 5630
3009 27690
13984 20162
16582 17727
26464 27761
5459 23130
19721 27923
2205 12156
11157 23954
23914 24782
9811 22968
10029 18046
4600 27084
9515 14256
10462 26582
424 21209
12839 25449
14759 14820
9725 25405
6370 6692
20374 23430
14048 22968
3481 11780
7296 15198
7323 15047
14588 16677
8121 8411
3287 10970
1308 11562
11925 17787
4114 26672
7631 14268
2447 21623
107 8525
2008 3419
5669 20849
9645 9648
10399 18454
10660 15107
16516 20674
1524 8488
7182 20758
4445 16509
16113 16610
396 18115
18753 28270
6065 23893
12341 20292
11098 18561
7839 19753
2516 9894
21174 25181
2427 20069
15368 22770
2382 28092
867 7983
11920 15501
25904 27719
2882 17077
6951 8606
1181 25762
8743 16095
6930 13875
3080 22079
15428 17723
1126 6533
8944 25778
7361 26945
11228 26172
2245 19039
22340 22390
2348 13154
3241 19768
7700 24219
19203 24068
10924 21028
3708 6898
13422 24764
584 20760
18761 20250
5943 12214
11586 19469
6655 19931
5155 6446
16320 17294
6177 9460
20184 27314
15155 27805
3354 25303
12342 24170
10302 21730
14904 17592
2136 18798
17481 27867
4458 18455
13811 16846
6591 12737
16664 27117
6146 22780
16584 18491
1181 9641
18643 21824
481 1544
6591 16870
2178 17905
1848 14093
13173 14277
812 22413
8416 16626
573 15000
638 22481
13398 13458
16517 20975
25128 26943
15666 23372
17426 18700
15716 19445
3780 24773
10598 27305
8410 26717
1399 25397
8368 16077
8818 15672
14933 24703
15341 23915
12924 20747
6533 24610
2170 3640
1506 6855
13014 18667
14662 26024
11268 20230
9893 15529
974 27844
14170 20468
23086 27931
6549 27715
5313 11611
1920 10935
735 24659
7081 10225
5765 21654
10723 11266
13301 23060
7988 11978
15892 25270
7502 13890
1852 18820
17787 20876
13729 27842
1879 24469
2454 23653
16276 23111
5621 23686
4702 21068
4771 21987
11207 20384
3313 22290
12927 18084
15293 21849
15534 19247
3117 17556
1814 19140
3718 27084
13264 17611
14703 15575
2131 7881
4545 20966
2324 7722
10165 24287
4942 25026
11232 28262
1959 20144
19061 25432
1279 13917
3825 17251
16244 16995
17092 18718
18616 24506
3242 7552
16457 27870
635 1878
13979 21688
26901 27087
7189 25052
21026 21398
11657 20637
21642 23934
12313 16314
11005 11017
1270 3955
3874 21947
7557 25097
10653 26943
5979 21794
11128 25318
481 9236
3859 12538
2929 4489
24131 25342
5725 11562
3900 16679
2748 22426
7318 12838
2093 3592
15804 20339
7999 23821
14217 15706
1851 20291
1490 25994
12383 25116
20821 25273
18617 20320
8522 11059
9905 19410
16744 25330
1940 26721
7700 22226
5463 23781
9683 23993
10756 15271
20778 26358
13538 22194
22711 25090
22425 25748
11636 24068
1001 14539
4827 22651
9236 16324
1746 4169
1142 1727
16794 26053
10318 15727
5644 17167
15325 25451
8467 19601
8685 21818
5820 26628
20027 20468
3447 10434
9843 11261
3201 25160
16051 22476
6378 26169
4012 18219
2456 16372
9411 16467
3625 19566
4617 19400
17317 23267
5583 15301
6067 22455
8972 26657
6079 24645
15464 28032
22202 24101
2454 2885
24711 26747
9208 9438
2185 4711
5641 28259
16847 24818
5470 25328
18886 25780
14445 19155
129 9871
3484 19704
896 23417
4509 26502
220 1727
2671 22162
6390 15111
13802 21229
22659 22917
2682 15529
3647 13651
16660 17963
8085 14631
2690 4700
1605 26723
8160 8356
12762 24218
7930 21214
1088 9859
3728 6707
9724 25907
15546 22416
3285 4833
828 19857
12735 22106
20145 23243
14033 28084
2518 15464
2746 9580
638 17560
19064 23982
1223 19780
2826 16193
1496 11445
2110 11627
4758 9387
457 7003
5528 8057
1481 7360
16979 21738
15784 18260
16325 25315
8190 24594
3946 17146
15282 20271
546 20854
11488 18014
3084 5018
9813 13585
7478 7950
18352 24714
5522 18891
5510 15085
17723 18682
8192 19269
6994 17681
7322 19197
17963 25966
5774 6680
6385 8168
7972 14668
3463 22199
6110 19042
12999 17098
14478 21113
4252 23327
1925 18638
3154 13235
18823 19972
18589 21371
2034 12606
3206 26753
9038 14143
6031 11529
9702 21692
11009 11030
22914 24776
273 359
2267 19836
8163 25443
12139 12234
129 21424
14167 24104
11809 16955
8770 27584
5744 9365
12167 17108
14944 18744
2728 20677
6533 10496
10488 19197
6867 7881
10264 14998
24061 27129
3810 7123
6215 12957
11975 22543
4537 4798
16991 19445
13732 25287
12957 13910
6288 27791
4861 27271
11973 18910
5392 9419
3270 7911
19273 21261
12426 21768
8896 17260
14711 15603
4178 22553
8143 17056
9336 17653
2351 25435
1213 19766
5620 27404
2667 24169
20594 24026
16018 16550
14672 23333
6905 15357
9137 19579
1206 21619
2938 21430
1871 19004
27950 27980
10041 11868
10882 19775
10835 18790
1251 16641
10896 26779
2807 28199
194 21875
25690 25889
22544 27202
15857 18641
7106 16438
10115 20313
2638 23178
5701 28177
13431 20570
4892 13366
11113 17126
4831 27234
16793 26089
9316 18251
4168 20115
8432 21908
3882 17260
635 10800
11182 24908
4236 26908
17348 18876
14022 22583
11168 24427
5545 12114
8948 25034
19585 22953
20676 26986
10922 13462
6664 21792
3683 4449
16961 24408
2445 17098
15335 20577
1441 16623
11463 26113
9115 12151
1300 16684
2948 12437
6009 9901
7898 15086
6229 7349
10207 10952
17145 20527
8028 14158
10240 27161
26263 26495
7990 19109
1349 23916
1034 8177
5896 23317
10389 15047
15900 16324
13289 22477
15608 20045
3279 19686
6986 11529
6261 11629
4971 7163
5923 21438
332 3958
14001 17814
12502 14534
8630 10876
3289 3528
4440 7741
8022 15187
15056 19056
7505 14144
7945 10134
17032 22271
6972 13721
5690 18649
10495 16293
1056 5031
7560 20067
2368 19534
4142 24374
15496 25757
1744 6490
3383 17349
9527 20575
2852 18726
5198 16189
14976 25862
4685 27635
21324 24872
10000 25433
19021 20363
1535 18891
3043 13867
1346 5850
793 19242
3136 7879
25130 27759
3872 13186
9926 12553
18558 27607
4837 13534
14464 16225
9090 20009
6754 19250
9570 17370
1240 2433
9358 22857
6315 8415
4852 25025
8320 24062
20479 22965
2646 27587
1851 26396
3609 26464
17963 22153
5708 26464
16055 25788
19764 23143
7247 17152
5802 21655
7821 21577
6355 6536
5208 21647
7984 27705
8676 19856
14474 24503
13856 24623
23719 27752
23273 25754
9835 23833
1186 8064
868 5879
8893 20448
19623 25299
1744 17735
12483 26892
12752 22771
6030 10751
2329 18266
7196 18819
8776 19411
8584 21946
15769 27469
7469 20758
18414 21831
1223 8785
2380 19689
7195 14463
334 7965
3908 15939
8665 16428
2647 22989
15392 22956
8872 12177
2052 6079
270 4268
8174 17013
16901 18791
9631 21038
2969 20938
9935 11712
1422 21428
12514 26929
14407 24406
20383 21433
8167 22546
19289 24387
19577 25141
21546 23831
1424 22915
25453 25470
272 3734
9351 15762
8113 11821
2888 24412
7387 10433
5839 16939
5418 12120
10646 15117
2424 21038
17559 18820
17003 18305
8717 13208
3445 14881
11987 14771
14234 26969
808 24940
396 21159
10189 24576
11657 22665
4849 26908
2981 25306
6058 19952
3441 22853
10238 16085
17598 23734
9965 11575
8480 17017
2303 9590
2112 23354
15084 19931
9361 12792
4904 25384
11535 27128
7381 25433
10683 23808
3197 10824
1827 2133
25432 26420
15187 19098
20444 25986
3532 24675
13585 28272
6255 24521
2499 8111
1 3490
19243 22459
4581 15841
8080 24324
13564 26160
5445 13819
25960 27715
11644 17696
4519 15789
21011 26914
12729 26677
10670 19891
14979 22724
2080 15981
18905 22692
15805 25330
15250 24061
3259 6510
12495 27821
13509 23910
14985 15212
6701 13633
14743 26591
14072 27341
799 20959
10407 11816
794 8396
21438 26541
7671 18640
664 16700
15428 25708
667 19367
10711 19429
2092 24589
13075 14084
4817 20754
8390 28049
20757 26943
14979 18051
6239 19348
6121 17193
2582 9025
14046 24371
4168 8291
12257 18533
11100 16452
13476 24033
2750 16429
1884 23225
53 23641
3272 17945
7977 13360
9287 15084
2072 5399
633 24952
12412 23162
4718 15599
17735 18166
448 19429
6549 27746
9043 9504
5984 9136
191 24539
7325 27405
19666 20092
2616 9152
13554 19325
3917 21939
5342 20733
1401 25294
528 27090
17823 22378
1116 12045
5691 28040
534 27355
18385 18464
15691 24909
111 5047
10820 15708
275 18046
4181 18251
3954 8454
20339 20633
8388 20797
10213 11614
8330 19145
6495 12020
9553 17630
8856 11080
12254 17726
17769 22591
569 11375
8899 18421
4038 12655
596 24177
3198 26299
9523 12654
9433 15174
6975 22973
7847 15410
16976 19152
1827 27988
2105 20935
21291 21409
23066 25504
2852 18459
18004 23714
12404 21944
9214 20993
4110 16026
12398 18208
16640 24627
3465 15164
13444 23709
5201 8442
2664 12727
4096 22207
2537 14323
2926 11959
2470 13743
2638 8309
5247 9108
7413 28264
4407 24438
19253 22771
17795 22106
1145 18904
19853 23285
21881 27029
7947 26284
7289 25402
11554 27298
12356 19004
2084 16874
3609 23845
420 19068
1852 3810
6608 25887
113 9488
23769 25623
2518 4711
4328 23679
5953 25529
10235 14662
13491 27393
21680 25610
9553 10352
10054 20173
4535 21068
10389 17241
7101 26330
5445 21038
1880 22701
1349 7329
10727 18836
4968 11263
17489 25108
108 14777
15220 15475
10309 17530
6973 7638
6155 7982
3944 13208
3872 27841
22687 26917
8479 25174
7390 14002
11006 23955
4409 23395
14993 21737
17757 25910
13033 15508
11080 18288
5048 17560
3374 19839
18280 26313
19225 23157
5621 21997
9590 11622
8458 23430
7576 8528
10777 11804
12397 13625
2491 9699
2157 18266
7386 14481
23952 24422
1491 24485
872 7194
9141 21815
4550 8285
11552 25699
6750 13391
18106 22104
1949 6107
24935 25187
4942 24429
825 6746
5751 11076
9286 15647
15027 25272
14439 21413
6209 17196
8730 22592
2491 18938
12650 22764
24735 25849
8770 14672
20279 23640
5552 27602
11080 26409
17478 23191
19129 26005
10792 11993
1779 21849
4797 7900
15983 21366
2336 21024
8924 10990
8112 18639
8011 26897
16667 21506
3110 7443
5917 12023
10920 15244
22422 22431
21205 22008
13005 26539
6697 23599
1858 21333
6446 21242
849 20431
7721 16247
2712 6176
2521 15682
14207 26322
2669 4387
8959 23190
19856 20557
715 11363
24104 27758
1112 11431
16529 17838
12321 25604
8208 15146
4288 17575
5466 9268
19813 27660
2780 8212
13776 15468
14233 27473
7988 23666
2127 7707
6852 13325
18738 26358
4026 19222
20640 26150
10643 15428
12663 22866
3634 14696
13385 25064
6728 13054
1226 1919
14322 22694
18775 26331
24888 27899
12291 21026
12493 17364
4597 14309
2350 21140
1112 24384
6702 14437
1984 16835
4339 13091
3625 15840
11636 18745
22791 24130
3997 6994
2635 7885
6198 14787
9184 14181
22650 28226
2207 19252
1630 3790
2252 16629
8304 15887
26311 27821
3501 19225
23920 27131
6495 19169
1435 19959
10490 19728
7589 8695
991 25005
11192 19005
4549 13535
15332 25262
1889 19235
2250 20586
9988 14098
2482 25724
1590 16530
18927 27203
7577 11816
14418 20162
17013 27522
3331 14133
10767 19440
3246 25828
1046 4073
1645 4025
673 4595
2830 24412
11259 28228
15765 21915
13472 16582
1440 22421
6246 8770
8402 16850
11979 24944
8802 13107
16500 21277
2612 26853
8428 10309
1338 21484
6931 22205
5289 11451
5059 17106
18021 21296
15377 24127
4781 22020
10998 27050
1666 18027
2522 9634
12426 16113
126 26824
13377 19222
21715 28136
11719 21436
14794 25272
15531 23094
26053 27651
19335 20285
6446 26740
8833 13225
14140 17879
1171 4263
3744 18316
6009 23422
14390 27016
8384 24096
8948 22010
564 19244
18267 22689
1138 2190
24248 27500
8957 19169
2287 5850
13509 17672
19856 25417
21443 27288
3326 7947
5037 11757
3997 6147
9237 15301
14242 19515
11880 18498
26312 27107
21832 27621
16405 24477
4448 8585
6196 27795
13094 15996
5652 20605
4498 7002
8046 21355
1715 12643
5327 26823
6576 16564
9696 25154
3864 8801
1635 21446
10290 14391
1879 6801
7950 8048
3179 17097
5985 9172
8473 21269
20661 25557
11804 25560
17599 27914
17341 26094
11364 18931
7051 12142
4055 9962
3727 23778
18984 22454
505 24205
18262 22256
5825 17899
10303 25659
8536 10900
5866 22517
11816 22418
27664 27763
10742 22911
13969 24149
9582 22646
6408 8954
3585 9355
7224 15605
1746 19568
5269 8016
19712 22028
974 20031
3161 17818
17263 21407
20594 24028
25432 26819
3989 9942
6528 10807
9338 13180
2671 21236
26498 26879
20432 24888
1941 18441
1297 9265
12554 23902
5067 7090
23091 24127
1727 16509
12280 19082
8954 19940
7413 20355
18334 21577
1402 10569
14072 17787
1887 22156
1809 7081
5618 24746
6868 14771
23722 24504
739 26753
11382 16799
12200 18760
4508 27307
12944 18030
1744 2061
6879 25666
15330 21132
22784 22829
2932 12637
17883 23822
3406 11518
19382 22842
11809 20594
7781 13622
764 20958
12565 19154
13769 23549
15377 19861
1691 4439
4941 7751
6856 11006
3554 5427
12066 17091
4849 20797
2587 26798
5044 11417
867 18549
5359 20601
14667 25064
10308 12568
11080 16485
18039 19068
10199 18651
14187 20069
12262 14494
115 23749
325 24158
2670 7100
3983 14140
2544 14503
7624 26507
6154 13844
19022 26892
7624 25414
19130 21484
4448 15360
464 7696
3886 15559
6172 10508
18188 23430
6528 25174
495 1006
3665 22040
9090 23911
5107 9096
9834 23608
10286 23397
5010 19194
10028 13276
1936 4180
21771 23734
16378 23271
15141 23361
7216 15922
4397 8757
11133 16289
1752 18331
4190 5147
1622 12056
3734 19276
4278 10513
14321 24754
9034 24127
23686 25214
4983 19648
7637 26814
7813 22476
24069 27986
5051 11049
14984 17731
276 8391
4822 28211
22255 27172
1178 3587
20069 24062
22574 23711
9974 13303
1878 26659
5616 23267
1417 27872
1275 20853
7559 9951
5414 20313
5614 11701
18438 25382
322 11552
47 12423
3528 3845
10076 18588
16879 25530
9443 9961
9013 24827
2000 14464
5321 7490
7663 20059
1920 25357
15605 23963
11832 23202
15972 17339
7902 26000
15907 24717
1176 25232
4807 9479
5590 26989
10185 27800
23937 24939
21995 22541
11039 25034
10208 16742
1950 17711
22967 23168
2853 18507
11535 20786
7523 24105
4081 8497
2584 22485
14129 25062
13740 19032
13374 14419
4581 14010
1399 7702
4903 10646
3127 14997
13723 21873
3544 20836
7277 22613
539 1849
2308 26457
5386 26226
14144 21727
2321 22106
14767 28231
8083 17813
20841 21779
1088 15148
23978 24502
9022 11408
4162 27743
26158 26497
15468 20537
3620 27856
13135 28024
3421 16049
15727 17263
10792 13108
17668 23067
9250 11964
13328 19348
2646 5890
16767 19597
13246 18591
8319 19992
3296 17584
19513 25658
10162 15452
19484 24094
341 26656
23267 27077
8806 18280
16112 19361
4766 23560
16136 26283
13721 15410
8424 25750
2602 24539
2759 2837
16362 16683
15682 18920
3715 16276
3890 25059
2910 16876
390 21668
2520 12652
10668 14016
15891 23471
4086 24953
3623 17229
1272 3198
15853 18910
15055 18908
22178 27478
13383 25713
3530 12039
6496 25978
3147 20222
288 3708
9846 28200
4201 24131
7950 17963
3997 10282
10998 17696
5955 8644
15370 26380
7373 25459
13263 13872
19223 22634
9593 28075
20724 24442
4218 5770
1092 1424
21637 23346
9006 17528
8990 23816
18920 27382
20420 22068
8880 20028
11030 23269
245 22889
6878 27839
13175 26798
2787 14648
10687 10941
24023 24122
4267 24997
1020 17797
9084 9683
3542 8382
8820 23520
14513 27056
15981 22989
5437 25492
4312 9427
9280 27282
1268 13875
15074 17263
15881 18059
22838 23662
2724 16552
6657 23557
21671 24186
88 13764
15686 24061
12945 17513
7018 24934
25865 28127
15710 22390
2087 18369
11628 21909
18053 22860
3700 28232
19865 24954
12087 24723
4221 17897
17640 28151
3095 14346
3803 15974
686 25054
6478 17560
1495 19927
4191 14683
13060 23676
23284 23730
21094 24280
12023 19210
12765 14288
8515 16890
14012 23973
8558 8925
1181 16019
7213 21770
17252 22592
4993 15868
21828 22322
896 15573
10080 27447
22112 23915
7916 14494
3888 6914
10742 28231
18687 25780
6142 19326
14570 26680
6749 10871
5493 18217
20632 23538
1721 17953
3585 8391
13699 15508
3885 26706
17471 27775
14082 21910
20037 25623
12831 21831
13721 18717
4009 14082
17992 27942
6532 17989
3841 27116
10800 15271
5725 14571
22040 23932
1697 25403
836 13759
2113 16966
19758 28167
5197 23392
15808 22205
6708 11300
5502 22996
18281 20654
3802 8278
11176 16588
3465 24956
5212 12369
11590 20576
8378 21703
1356 15368
17098 25163
3667 6009
15027 22968
12493 13793
4509 23566
11995 15514
1178 21416
1442 27595
3850 27218
6116 24061
2067 12261
17483 21680
4626 25894
8396 20742
20605 22946
12277 16600
19361 21326
8931 20692
7414 9837
2813 4218
1075 20771
505 8770
7448 21198
8363 18192
1878 1879
355 8926
5254 13780
22856 26312
786 5069
2815 4574
3537 6294
3964 6896
8285 18891
4552 26973
12308 22111
657 13783
1192 24909
4251 19813
425 17892
3986 9717
4029 10825
1393 8434
16224 16452
20008 20367
13033 27217
1198 4367
4408 22186
22560 25338
10624 20619
706 13100
15690 26168
5614 27978
17788 20265
24063 25853
4006 20813
11113 11294
19614 26480
2166 10691
10395 23430
334 7031
13390 20409
18309 27096
7211 20082
11080 13561
14719 19781
7365 16026
14468 27121
569 24935
14544 20189
24904 28198
9896 12369
3269 25306
3279 5725
6879 26106
4959 5116
12569 20620
2040 21707
6243 24069
9338 18764
341 24069
314 23082
8096 14023
6807 17937
184 22404
23396 27719
7882 14687
13107 22159
2168 24984
369 26503
4782 14876
518 11113
4693 23944
14964 17020
3310 25185
17649 19109
13573 17108
16449 17219
6707 11898
14783 27538
7796 20661
7354 18618
13033 16431
7889 20224
12084 18312
4205 5082
26892 27607
9150 16197
11039 15346
17128 20031
8091 25405
12763 14834
12211 19378
10670 12147
4216 6850
4634 24164
2815 6295
21221 21527
12355 19251
3672 24645
5209 24808
8787 26811
5522 10756
9226 23608
9858 23799
12792 13291
22104 25309
7833 23857
17436 19153
3357 21038
21727 22457
4471 9743
14065 23506
11416 22288
4566 10828
11148 12325
2664 5477
6744 16395
6951 10350
5803 23079
6481 26963
10075 20578
7814 18758
14402 14728
5966 6177
22993 23260
1878 8871
689 1349
6580 15017
14666 15511
13762 25060
242 1349
3544 4132
11166 22834
16107 26690
13363 16812
1177 7736
5316 27660
6091 10111
2667 21049
20500 25357
15823 22286
23311 24069
4920 14996
2311 7984
15017 21737
15897 21511
8806 24415
7162 22344
3285 24169
4335 20648
4180 22352
8075 19511
19952 22871
14964 20363
3977 5305
9115 20923
7390 21938
7871 21927
18547 19019
10282 12090
3611 23186
13328 15074
13024 15440
6282 8176
18963 24304
11952 20066
14251 19033
5031 7438
16228 16621
7707 16763
10023 19764
3256 19429
14901 23843
19712 27107
9479 11395
19189 22871
24044 27142
2364 24613
2191 24336
15609 19739
7443 21729
25869 28092
6848 13725
12874 19893
4162 24779
604 7832
5221 18575
5852 9857
23836 25332
9193 21724
867 17846
850 19956
2087 16757
7015 24060
5042 18820
8963 22209
6958 26172
10587 16921
5177 21646
650 3776
18683 22157
10424 17792
4072 9004
10298 22143
15004 21449
887 6198
1210 25283
2697 8411
18084 20130
14541 23365
9341 16267
9056 22395
867 16294
21129 23178
17933 27243
17723 26665
2227 14697
15087 22388
8241 14310
7758 9465
9348 21536
16351 24242
7871 23116
4209 5009
23845 25494
5082 8775
20132 22416
1056 18521
9327 19479
13208 21849
10296 14971
12965 15659
1507 27706
2628 18793
1050 15917
1764 23448
9989 12860
6385 26197
10967 17961
8441 11844
8983 9365
22340 26774
3560 22188
4087 9306
5222 14671
10026 21380
4612 19278
6879 8706
601 25404
7047 8361
10101 25088
570 4516
1884 5760
8441 22860
2746 15732
3152 9751
7728 22640
7827 17047
10652 27221
9357 11128
15955 25280
11963 24507
16942 25605
15895 20255
1438 22570
10623 26232
10294 27046
9733 17480
18359 23643
3708 18423
4326 23624
13150 24406
17762 20670
8172 26148
8507 20119
23084 23522
19161 21377
17509 22273
4484 18082
17779 21413
16599 19753
10185 28126
16939 17870
13437 23066
19983 24152
7881 12155
7695 16694
5868 14138
7635 23214
11977 26176
2205 10166
17922 24390
2339 6103
10953 23811
9795 17115
4946 19713
16850 23733
11925 27084
8597 14809
24618 25232
406 18950
2709 6367
2172 18639
4024 10924
17555 20899
12581 19612
384 3762
18211 20092
11799 21991
13567 26920
2571 22186
14971 27194
6633 14050
1254 21929
2475 13870
23119 27719
5204 8522
10050 14489
8818 21377
4671 8746
1421 20943
19678 23573
24557 26986
3399 25245
8658 16467
4148 9233
825 15090
13747 25468
13888 22696
1353 16400
7020 8049
4312 20115
5984 12708
8022 24238
17714 26725
9733 15130
2832 7950
18166 25711
10920 11030
8586 23643
7878 15225
4899 23201
13373 27117
3738 19819
9371 13736
20196 24068
7413 7885
17418 21490
904 15547
1362 26570
2392 14421
13208 20352
4777 26290
14932 20540
16686 23806
15843 28170
16210 18051
14976 27867
5882 19605
481 3762
5485 7980
854 24444
495 18369
10114 28156
8444 24116
11495 27205
5096 7707
1770 4218
23984 26816
19829 21690
10840 27643
4651 9234
8343 26644
11104 26134
9043 17207
11722 24790
727 13358
396 3314
16656 18186
4629 19717
11289 24674
428 6845
1362 23449
1814 14778
26142 26367
2530 10128
8818 12558
14891 27796
2455 7939
22875 25257
2024 18015
4069 9689
4997 25366
12309 26531
3425 21242
6891 25328
9699 11152
923 22173
2302 22560
10534 16477
2227 3338
4611 19815
2518 17965
16094 17097
14625 24676
11712 27256
2894 24031
848 13303
300 11720
26528 28164
7360 23361
3900 4237
2657 5742
10421 22137
1158 6533
18386 23469
10547 23068
19132 26740
6057 16804
20726 24830
1767 25083
2311 6041
18039 25437
868 18878
4642 24576
16909 27978
17422 27281
7532 12733
10258 27131
4031 15052
8081 21612
2785 14131
9113 26241
867 19281
11575 24504
7450 24171
9196 18811
3422 4314
18280 20313
327 4671
1768 12481
10296 25735
12686 26899
1103 21072
5832 5940
4523 14957
236 27800
6678 26420
12976 23214
5722 25652
18377 26738
10214 21837
3389 8586
12423 23361
6039 25772
8622 11657
7260 24240
6298 28189
3889 11913
11741 12965
5848 13918
9392 25464
7538 12901
14057 18242
4332 22784
8802 21207
13834 21703
7608 15239
16044 24863
12800 18210
1810 14481
12792 25636
10061 11795
16387 24061
11374 19004
2067 27353
10677 20137
22294 25530
19584 20355
132 17104
11710 22204
13494 23615
1370 26065
2596 3899
6422 10344
7871 16688
10770 14079
23930 27774
12111 25658
11625 19272
1801 12948
8956 11251
14898 21257
11192 12093
15430 21440
23143 23696
20214 26907
7926 19836
8948 17637
5786 26313
23372 26211
18255 25860
1959 14278
11080 20545
16135 21735
4831 6968
15370 26476
22025 28044
9246 11537
2121 19303
7664 23619
7827 27518
19735 24965
7719 20759
2611 4101
890 4322
1878 27660
742 2298
13 7626
6330 23611
1520 7342
5339 14342
25435 25606
18448 20856
1413 20094
6239 20594
5123 14727
8394 15108
11495 20876
2280 18218
18412 20224
1940 7101
6902 16888
3566 7610
4218 27932
10849 17723
12855 20706
14392 17222
111 9624
6589 16452
9738 17779
1178 3819
11192 12369
14105 26097
10699 12394
3532 4802
16269 27939
3327 19900
4090 20752
106 9404
7877 12936
15854 25163
4218 27693
27002 28193
3468 21642
833 3406
5399 25552
21791 25352
23065 24731
6848 25234
294 12399
3006 13384
5731 5810
14549 19331
5754 15555
10838 26527
9590 12606
5449 5748
2058 4789
9633 15091
929 3622
1870 4097
13087 16354
3961 26039
8264 19871
15610 18019
18591 27702
3206 14384
5021 9572
22593 27254
6515 16627
10428 20752
2208 23194
9728 14399
1516 16490
8151 23760
337 7595
12105 16979
11919 14539
4442 6533
11777 18230
11866 27571
832 2373
1538 24384
5728 19138
14794 27129
15141 21861
1878 14033
20682 27328
1719 9271
6984 26712
6254 17936
200 21786
18517 26053
17584 28057
1628 19777
3441 18967
620 11382
16979 18598
15823 25793
10541 22481
7536 8924
10621 18381
22630 27022
3847 21782
6103 23467
2831 11943
8498 18465
9056 13566
11250 15997
3609 24005
6227 26259
5904 7439
6886 24478
10114 16175
866 7591
4209 17273
10189 14609
5454 17756
4554 10990
2667 9582
369 9572
7411 8372
129 18524
5893 6972
3423 15373
7796 17499
15082 27489
8410 14879
7737 11171
7792 23356
15377 16683
6266 12606
23430 26402
12049 23571
23312 23427
9614 27696
341 1730
13422 19249
22416 22630
3219 5890
5681 16317
21857 24061
5207 14570
13210 21885
808 1441
14519 17109
3845 22859
603 1970
2261 19347
1182 2303
3163 9368
16276 26878
7945 11877
3788 15128
991 9847
19082 22799
1257 1767
18173 18716
18192 18354
4535 14007
7349 17543
3348 16068
13514 18335
12688 19184
9442 10961
24262 26008
16047 20731
4091 17507
10023 12193
911 17355
86 9065
10874 24799
1210 18057
11336 27279
2555 16180
2813 15120
2163 13736
19275 20123
9095 20724
3634 7264
17280 18962
2311 26665
2849 27460
14739 25735
245 5585
10842 24211
12219 16191
4312 6378
2611 16037
3601 7545
16276 24971
14023 16037
2745 27982
10517 25513
1349 17465
2744 3753
16411 18952
3762 24129
23947 25011
3585 9742
11637 14481
7647 21712
22269 24823
5291 21968
18591 24425
3762 25426
4096 15818
2243 7207
2635 17963
669 26026
15454 19614
12452 13784
6113 12096
3753 19169
3537 24606
1003 18775
654 7242
12826 13900
7985 12077
5624 8471
2759 17552
9866 22469
4561 25425
9495 17779
23803 24208
6081 19117
16276 24354
4037 7135
12479 14187
24640 26969
3359 3800
2667 5659
10157 18822
1508 3465
4074 23970
1606 7407
9905 18775
13515 24216
1402 22230
1373 23983
3071 8501
6390 9682
15022 24624
19126 24029
22474 27037
5042 20427
6117 20538
17220 24122
26409 27703
3344 13167
19857 21343
14433 24521
1457 22722
12598 23254
10219 20309
4789 25414
9142 23913
3444 3581
8157 9480
13215 13440
7132 10431
7997 8875
15317 25321
17556 25006
21952 23267
6239 15543
2539 11991
16092 16631
7695 19857
4395 20805
1776 27523
19699 21623
14651 16832
2283 11030
13810 16751
7355 20527
12615 12846
2624 25959
10985 24166
12835 21497
609 14289
10612 12399
3180 23267
15934 24241
6058 8970
1483 27168
7635 27835
8507 22334
27279 27314
1727 23310
16083 21978
18557 28272
23292 26385
23748 26833
21811 28045
10845 12282
11866 21182
2317 2516
1128 19080
5536 26861
6495 7611
16902 22998
9268 10701
7892 10828
6536 22278
4314 24600
14771 26077
6800 22799
3122 22894
4029 25283
20880 25329
5008 11149
9250 13472
20196 25504
21748 26878
14728 18280
17122 18032
6876 14933
11250 19806
19328 26698
14479 14783
1205 24407
4548 27821
8038 14534
1538 17507
4481 9362
7440 17836
13517 25962
9642 24330
11045 15996
17819 18721
3390 21623
4087 28217
5301 20724
12752 16659
6956 9497
9699 22331
12075 26935
20730 27954
13980 25408
11975 15286
15236 20899
5744 22459
5188 10236
9811 25865
722 13272
6177 11859
1321 11700
7455 7498
10533 23237
4386 25054
15554 18361
15330 21798
7141 12752
2741 25721
4191 21236
11960 16263
274 10352
10067 22004
13266 21431
3362 15977
5861 27746
75 16982
10986 18754
985 12779
7672 25088
9371 16000
13350 27742
14407 24129
899 23312
237 711
14633 22476
983 17495
1 19211
64 20024
12356 15591
1116 11031
12090 25805
15090 17757
11175 17803
850 3599
3765 19503
12503 22738
11036 24703
4866 12894
2430 8298
12234 19749
12768 22002
9757 18843
4823 22106
8536 21379
97 5056
11276 24127
1687 23692
24444 27788
3917 14933
5787 14989
21026 28039
1884 7855
12431 24865
958 7944
18131 22823
1199 20400
13087 14437
79 1519
16697 21534
11444 22734
16847 20711
9896 15050
22275 23938
3819 24406
760 10120
1761 7597
6729 22536
11820 22227
2163 23914
1589 27923
4192 24940
15848 16904
3498 26698
2320 5086
3738 5477
23807 24616
1905 22226
14620 22178
2547 15135
18354 20631
10093 21904
2470 6020
11133 20849
4072 6470
5451 22553
2295 7783
4178 6868
4693 14857
2981 22367
12257 19712
13434 14728
12161 22985
10131 19635
23708 26143
18189 22517
18021 28039
13266 13656
3053 19704
758 21616
14010 19712
187 25086
17635 19184
20393 21853
16467 21743
1 3153
11657 18228
9080 14838
14479 16832
27795 27867
17515 22731
7741 24618
6551 12817
7307 21257
396 24448
1600 3624
13397 18172
13440 18084
10531 22591
6611 27241
19564 19843
4732 8872
11148 27643
7208 7296
1878 7473
15676 23679
3437 8100
1734 18116
18920 22787
18294 19029
3357 20786
7019 16545
7987 12669
13560 20986
14944 19371
915 18512
5989 23310
10350 11880
10787 23275
1225 22882
3729 7471
20950 24939
8891 21888
17194 24281
11234 19546
7725 16665
4758 25235
12035 21320
15286 23086
3613 11224
10303 12023
17115 22226
17198 17319
15734 18760
14361 20630
1923 2075
16602 28147
13408 22690
861 21811
1901 2545
369 17787
17456 25453
8921 16961
7548 7950
15030 20232
481 19362
18041 19001
9522 12947
23198 27949
14517 21712
16184 26134
2345 16046
808 18465
2104 10248
4562 12427
14703 21244
3002 23310
8603 24738
4787 25267
11771 24948
10664 14603
7061 12983
1351 1910
18678 22734
13180 18678
1805 25770
17164 17530
8889 20817
6103 23534
2518 10330
16055 27019
12910 19811
369 19739
4159 14217
1015 6533
762 19844
21846 23926
7670 22961
774 24442
12368 22885
7927 8781
825 3163
3337 20605
10063 24130
943 28124
6951 8654
1944 16513
915 13120
466 18904
1173 23754
8921 17568
4642 21944
23361 27955
7323 23361
24275 26113
7027 17992
16901 18481
10248 22937
21213 27101
8583 23329
2894 24502
17050 22256
1787 4517
23253 24238
15391 18384
18579 24221
3390 7360
10937 27046
14465 18082
9090 17430
15442 19959
3544 14743
13227 18547
18136 24211
15423 25935
6242 14443
6173 8585
3048 14547
15603 17904
8062 27536
8323 11541
6832 13282
7785 9012
9503 15660
16026 20601
5392 11708
16090 28121
10531 17700
512 10954
20008 26306
6947 21733
26520 28071
8906 22319
7108 10967
10950 15610
2874 8364
420 11072
15956 24999
13389 28190
7832 22001
7568 16027
8441 8806
18818 19491
7915 8020
33 27821
7930 18784
559 8454
10143 24171
1101 27032
12519 19053
1510 1705
11746 22058
1870 3610
21158 21361
714 5615
1724 16261
490 12748
6552 10839
11963 28217
274 24586
14944 21029
401 2557
25744 25828
4253 6517
20491 22104
6377 14487
11528 19058
9092 23860
3782 25115
14670 24576
4608 11546
2127 7392
21991 25287
3166 9894
20424 26447
21593 24164
20480 22871
20916 22835
24217 26871
6832 26923
10447 19181
12029 13681
3344 14361
8296 21985
1164 6367
22308 28031
20990 21245
4121 18643
25280 26079
3691 23682
15555 24061
2105 15393
12775 19587
17040 17555
18603 25906
14911 23400
3257 15354
6937 22607
14771 18784
10286 27687
2325 17990
5327 19853
13347 23141
7734 12212
5 25982
3201 13471
15736 23598
14661 14807
9202 25081
2247 26077
9234 25530
1259 23584
3634 17473
18823 22415
1591 19309
7059 22814
24908 25857
16254 27832
23264 23665
12757 16887
2547 15749
583 10093
18128 21700
14666 23106
12862 18669
15470 22159
3624 14076
401 10309
14942 23794
13715 13918
442 11978
22194 26251
12001 12603
2724 23574
6633 18533
1091 16941
18803 23251
12226 24756
2008 18208
6725 11592
6095 27320
9850 13392
20579 25421
3739 26253
7508 11577
1507 13683
2455 16951
3068 13764
13686 13809
2087 10876
7120 11301
544 13728
2346 19733
18619 21228
3987 27758
14933 18423
4005 22627
6972 17965
12407 27459
14866 16170
3971 19117
449 4737
23152 27139
2035 4063
1071 24096
220 12800
19712 25142
4604 6499
7298 19316
3256 23579
22973 24351
12419 25160
3903 18346
12818 27350
12318 16428
16857 27261
2759 7975
8515 23265
9294 26075
12789 21671
10085 26170
16619 24183
615 12963
15635 21402
6914 20956
4967 9738
14369 15705
5749 9884
426 10935
10484 14707
1516 8642
4543 17812
25919 27527
8081 28063
5183 19171
1767 19639
3885 26340
2648 20130
5107 9974
1045 14358
9242 13977
10012 21794
1468 4330
10326 11062
19165 28184
4639 21384
1140 25397
19729 20413
7036 19398
3401 19056
678 16131
23710 24971
10829 21869
4970 17609
12658 19217
1863 24368
745 27851
12166 23945
24955 25468
8358 24180
23524 25959
2882 24415
8533 11305
847 22898
1451 6508
21770 27296
1508 1516
11517 23459
4717 23970
2525 14763
2576 7403
24290 27681
1851 24255
7299 19315
3901 25684
15874 18462
5540 12852
6286 23722
7950 14681
16373 21859
14053 19451
3819 9550
2915 10826
17422 18178
18771 24238
10047 16781
4573 18472
5989 7725
7328 23725
15301 16351
13272 27034
12369 18793
17401 27078
9152 17098
3826 25842
3727 24333
5728 22959
6054 7075
7497 18959
15263 17189
18522 24278
4974 18453
1425 18669
8209 23213
9873 16536
13535 23004
18630 20375
12660 24594
11569 20795
6738 21840
20196 25557
6158 16953
5463 26204
3859 12639
1436 24916
10592 22317
2065 6480
1993 17291
3983 9354
3753 6495
15480 25893
3197 6618
1819 15866
18507 26879
6753 7076
15091 25120
3709 12201
9157 19576
2322 3539
14352 17768
17863 22111
6410 14390
4397 14844
10279 22885
10799 16642
19276 19729
2818 7746
6555 14013
5004 25927
7934 9218
12090 13295
2516 24018
12111 19195
660 9325
11218 19525
4967 18565
5082 26343
20936 22373
6062 25815
1232 6309
14997 27571
15493 24425
9093 19576
8592 13597
15303 19033
1138 6426
7820 23298
21481 27117
12601 13491
7011 24280
811 23655
1887 11542
25786 26361
19169 22416
7779 13973
12282 14989
3414 18304
1270 21404
22871 23379
18164 25098
12639 22415
1592 5694
10300 27374
8333 28115
6131 14270
13778 22802
18679 23254
6008 6495
13892 14760
17114 18591
9316 25095
1232 12334
21080 26948
2447 3233
5576 13091
3264 20151
13282 23553
2225 24948
8807 25157
11963 27802
3081 20168
1645 13221
18034 20236
18877 25838
1789 5627
23663 24062
20046 24577
2710 18030
11315 17562
16666 22116
13058 19579
5641 22110
2379 24524
9737 10023
1402 11819
4807 13019
9281 9569
15693 23664
10975 25315
3859 19221
1516 6510
23113 25788
10090 18669
27642 28277
9525 14657
1998 17486
737 5978
9970 14997
10654 19086
8821 28113
22772 25240
12413 25543
8756 17027
11752 14969
793 6397
3762 8001
21971 26114
425 10684
19249 24843
13980 15247
22729 24057
7896 21846
1249 14795
1689 7592
292 12377
14689 15857
20254 28224
10712 13764
874 3013
7276 23093
7263 15732
6507 9342
7885 12023
9089 12800
20841 21612
11450 20166
11309 23014
9676 12006
1117 3925
1164 8172
17010 25699
26089 26893
1349 14788
12585 20393
4751 9873
8441 9617
11241 22319
4051 6544
3593 4180
8889 25610
21416 25414
3805 7799
21688 25607
4438 18520
9496 19109
5710 9989
3573 8002
9615 24708
18176 22378
3329 7491
13757 18874
23932 26413
787 17264
1142 11988
2186 3730
7947 13776
12657 18285
9893 14611
3592 22663
14867 23484
996 12255
9358 17113
11748 18760
1343 17321
2740 13224
9788 26589
15056 25999
1546 12057
7219 20339
2949 9171
17438 22529
3790 21411
13682 17757
7331 17555
32 9035
7753 24717
3984 26747
6965 9154
6633 26413
423 10260
9466 16547
14758 21303
13772 23140
17326 26640
19551 23184
3359 23193
3188 17787
15088 26418
19929 28156
6215 11043
7149 20667
6495 7851
1435 15018
3728 5725
7524 19374
21293 27690
11804 25901
7478 11697
14826 24405
482 17220
18141 22642
15511 27923
12077 25273
19739 23708
16202 22744
14503 17018
4323 26413
20123 25640
12164 25329
12210 23147
478 1218
4253 16372
3279 3390
3622 9716
5433 21421
3089 25301
19409 19548
610 17552
13515 13937
213 21147
3220 18441
14989 24918
289 24326
825 11992
5847 8810
65 2017
1945 14153
8480 11655
4135 8975
19009 25379
4890 21390
5676 24905
14290 16543
24997 26885
2955 11089
19410 21945
22424 24744
14044 20692
1907 14342
14050 24017
10536 16991
12921 15691
13700 22962
18594 19249
4300 17963
10692 17953
8587 20383
7721 19000
24174 26941
17438 21734
5042 8086
2839 28126
4758 22643
9632 18656
12326 15251
24958 26578
2744 12708
5511 12869
16939 20565
23312 24820
12908 20858
1099 3419
18541 23929
7972 14860
11166 20491
1282 22468
20936 26087
16772 27825
2834 24172
4920 14732
4009 7104
4475 15853
6301 20234
4717 19375
1556 16979
7169 21229
5988 14261
1959 2087
7609 9366
14468 22416
1881 16412
9194 15996
9473 17578
4955 24061
17793 18901
6757 17357
20959 25754
23554 25328
8895 18300
11551 27821
20196 22481
1978 25299
1162 24062
278 21091
11150 21443
14178 23921
2112 8488
9065 25299
7820 17630
2110 4277
8301 27480
610 9086
15158 19061
1850 21399
12573 27013
4017 20538
1394 20797
16036 21308
4834 25903
22787 28271
8188 8890
10600 13447
17196 27080
3938 9051
448 1331
8791 27357
17259 24500
4640 5359
5095 6498
8293 20206
7107 23935
1722 18792
4387 22319
17924 25871
1226 16942
22630 26575
20633 25276
7708 21892
6495 19004
15892 22782
12924 27074
13807 18820
26319 27381
20743 26786
9978 16870
7798 8187
3411 23771
14633 18265
410 8471
5473 20782
5385 20182
9216 11396
4325 12538
6776 16517
8451 11311
8478 10688
8491 18669
1925 3199
9567 15321
5907 16276
2872 15286
13670 20742
22220 25454
10935 14671
3993 9449
1418 15766
3369 24042
194 20020
13091 18591
9920 25803
2210 6103
10800 11449
835 14885
1052 17401
11128 25196
12081 22092
5485 7600
3014 6843
6390 26184
21113 27594
1103 14418
14760 27119
1679 8099
10845 15736
4306 22902
638 17076
18430 25435
18669 18722
12965 15575
14827 23576
14474 26397
5916 11597
11796 22030
5628 11790
2417 16504
12279 27070
12811 22857
5585 20558
8905 9884
16470 18001
8874 14896
21464 26448
10794 12139
4142 9597
2986 20667
4563 9782
25780 27451
16039 25487
3572 13838
6502 24069
6204 10053
3484 10887
9922 23139
313 18224
8781 25985
10683 24737
2708 11261
15660 23072
14193 18751
4414 17717
17161 22810
3841 17715
13059 24577
