3618 26256
27344 27856
4343 17177
26002 26287
381 8751
11649 24274
13584 25606
7600 26503
4997 13091
12011 26752
15582 23684
4291 11042
2391 9438
10436 22984
3554 18378
7086 23298
4599 7241
11457 20537
14093 16626
19133 25101
15835 27788
49 15312
18541 19219
8059 15844
6801 14959
15331 24364
9591 23016
25746 26347
16850 24575
7218 8122
12738 14971
4646 9581
5327 26413
3059 6914
910 25623
2855 4849
5618 9590
3286 15394
2280 22454
19432 27374
3269 7950
11256 21944
11261 21939
3927 19654
2435 7166
1661 14489
3742 22216
17407 22210
14481 22095
13754 22973
14272 27422
17341 26429
8043 15631
15120 18187
573 11785
3902 23159
8156 20503
970 1517
9292 25847
25960 26068
17214 22372
3296 9206
15598 20088
10003 26580
4649 7297
7791 16545
7987 11254
5719 23345
9358 21462
722 25270
828 9915
3121 25164
7478 25735
13582 23390
589 1593
8946 11759
586 14233
2044 23358
7397 8034
1603 2395
5247 9108
3030 19906
3371 3594
16922 27584
4519 22425
4719 11311
14433 24521
3762 9956
3169 25247
9593 28075
18823 23492
711 18315
10089 17444
14911 19552
8063 24289
3753 27788
17532 24731
19502 26429
21484 22565
874 20784
9813 12709
4537 22319
14101 19411
10216 11030
10287 24315
15543 23522
10800 11449
6618 24999
23325 24332
109 4420
635 3169
9211 25161
14463 17819
770 5913
16467 17392
16916 26107
9274 17269
24840 25301
902 4452
7816 14511
12128 23381
6404 12963
2491 8818
867 28030
4029 16766
2160 8040
973 22711
14320 25263
3599 23677
8669 19879
17937 18027
14772 21503
7484 7881
12495 19712
11450 21801
9222 16262
8148 18778
14293 27605
7463 27758
13025 24069
14589 24659
448 23420
6526 12389
15464 28051
6517 6898
9769 25081
12261 13227
3728 12927
15950 23873
13978 24848
5635 26537
2150 23566
1253 5166
8998 17329
20778 22002
2744 18036
5850 21026
16369 27760
8807 11024
8018 22300
24177 27052
23696 24019
3678 13596
18615 22848
4581 15841
18189 23970
4165 9795
898 9524
1761 3665
12451 26127
2810 14940
3488 24374
12341 20701
9757 18843
4256 24069
18314 18591
6614 21315
4865 21075
5857 17457
705 15291
4797 21753
867 6378
1349 26968
19013 24060
259 18318
5989 27013
9087 10729
20437 27248
22295 27175
20906 26173
6385 14704
14233 20492
1267 8981
22530 26481
20162 22248
25439 25507
12462 15090
19 18591
9722 10871
1852 2925
17603 27969
4066 22822
2232 3001
14193 21826
10629 20172
9433 15174
7166 7820
9398 11140
4136 28198
8818 23762
12579 26069
4433 24081
6591 21696
8730 17151
18641 25617
11629 14593
24131 27664
18148 22919
8956 12282
4600 27810
1650 13817
1577 26884
21520 22553
584 20390
298 9864
11133 18972
14459 26161
4140 6482
393 6789
14392 27401
15220 27642
16092 19260
3842 27677
3261 18605
16509 28156
9113 15387
11499 23482
20245 22543
776 23292
14782 17776
18696 24545
10195 18082
26207 26396
4416 10652
8471 19458
764 20958
18891 26559
21673 28117
26036 28044
5722 22896
13060 27520
11284 16781
7613 8361
23863 27640
6208 24680
6693 7828
5111 15808
10799 13744
5972 10641
15561 16054
1014 3389
12792 13876
3575 18334
5269 23584
20627 22734
1138 5102
4782 16180
10146 17779
15249 15845
11504 26588
4599 26077
12943 13183
23257 26544
4904 25384
10146 11830
7468 15523
9090 13091
13106 15330
22542 27334
11440 12426
2526 9264
2048 13290
9285 24371
16766 19493
13527 15402
5751 14297
10908 12467
6555 12385
425 11558
17108 26025
23410 26908
18520 20711
13609 23463
2159 8817
1420 4745
17115 22595
6655 19558
7207 28170
13700 22174
11627 22025
5628 11790
10839 14033
17010 24451
11467 28205
1365 1779
7647 26503
958 7944
220 9089
1714 3253
4373 21312
2911 22925
4 1116
625 16956
1058 15363
23798 25433
14759 26361
967 19181
101 1408
9216 18947
25292 27265
6628 15251
8087 14087
11035 21757
19169 21407
2602 13952
21930 21964
4438 26988
327 25962
2986 19771
9869 25937
14233 17902
3585 9822
7336 9064
7772 15796
13545 19562
4455 24292
15221 26946
2247 6244
406 21481
1965 24423
8003 19323
8818 21377
5950 18626
24573 28041
26092 26840
2308 8454
1729 26503
7909 16194
6166 23730
2 24576
514 24158
5831 14579
17763 18421
21006 24659
18658 19117
6204 10053
6876 7009
22560 22666
8402 23873
5691 22654
37 2454
16911 25706
23544 25638
2092 15015
4233 4720
17813 21326
12219 27091
1138 7325
4825 11240
8669 25725
598 28081
5100 19852
1056 2336
2210 23534
10743 14084
8856 23679
15155 17486
1302 17106
8781 15022
3829 23341
3885 17630
5410 17017
5852 21027
17734 22783
20876 23560
25403 27790
339 18870
8696 16178
7212 8290
17928 20319
2571 28159
5473 10917
25903 27795
15027 22968
828 9323
340 396
1379 3878
7610 28056
5030 9164
22531 26469
10326 23095
5593 9614
15596 26729
5070 6105
867 20115
13055 13579
16967 18907
4825 16369
1720 23858
808 25956
18366 22203
2245 15950
2801 8330
9730 21058
5374 7586
2132 15736
2803 18903
664 11006
8376 12087
1239 5630
4986 10462
2161 19237
1917 15337
9490 27718
13979 21688
2961 17492
16386 25081
21438 22416
18348 24811
5151 23082
52 8068
9666 12879
4990 26288
22634 25949
12166 27505
8977 15484
11746 14043
4823 23899
7657 19127
4954 5042
5327 6668
16014 19736
15311 24636
7118 13297
4436 4646
12829 13396
5716 27966
12459 17331
25903 27884
457 4834
2111 18784
12402 21962
1000 12403
10920 16963
1970 16006
5747 7419
4236 25922
4842 10982
4680 20220
9920 28166
13741 15123
11781 12274
8366 22565
12428 24148
13345 21333
13269 18146
14500 27819
6674 14705
9247 22067
17422 18107
8167 14153
14969 23788
9557 12568
2381 10274
7898 16949
3478 4173
12855 13090
16188 21263
4265 11028
11436 19397
17091 21407
3522 28218
990 18836
4297 7923
8454 9866
21864 27221
21798 25960
19199 28108
10953 28275
2326 7379
9006 9421
705 7412
9415 13506
14411 16742
8282 23919
495 27484
11248 28155
3790 8924
19614 26480
11804 21798
8902 19329
16905 22441
15610 26333
13245 16094
18095 25962
9179 15404
13343 28194
7797 24005
11880 26686
1940 23141
17256 26087
3773 20100
5802 28104
15017 26291
7786 21875
7852 9286
20066 23510
8586 23643
23427 25758
15784 25414
4518 7550
8014 8422
10023 19013
3349 26360
2302 2880
16667 21506
4885 15308
3484 5602
16759 28109
9410 17347
17562 20448
7802 19192
7829 22500
925 16748
11439 22222
7357 28085
24532 24575
11462 24951
8515 18535
1562 16299
7877 11916
11513 23463
13984 18999
7075 23254
23799 27584
6780 19372
3932 4282
17174 23571
15236 26682
5603 25912
5850 18931
19508 24955
538 26187
22425 25067
12947 16254
19877 25630
7360 25960
18136 21074
8291 22901
21929 23506
15545 19294
8041 21982
26617 27051
5978 24040
2880 13114
1434 2148
4868 12193
3732 17329
1067 1504
4069 22717
4603 23196
2984 11128
16288 20276
582 3463
4751 11443
25623 26787
21111 25607
11206 22814
5930 15869
12398 16212
14249 17723
4902 25652
6209 27669
25614 28233
1278 17177
2541 9138
22295 23362
12863 18478
3880 19530
3442 21047
13473 17422
6072 20367
17911 17960
4725 16769
25525 26689
8040 18554
15839 24374
24299 26348
18717 18769
6972 10284
11746 21416
19249 25494
1228 14359
6063 18617
947 24069
16516 20674
17676 24309
11919 14539
2260 19727
4721 8753
130 16640
952 24421
15103 22784
18800 24032
6057 9446
841 22832
10023 17115
7195 25981
9274 14676
17073 17481
14728 27042
4263 4307
52 2929
22421 25175
7564 11681
4295 5473
396 10272
8478 25610
406 24406
17610 21397
15600 16963
8480 24306
17326 26153
12838 20817
3084 22297
1672 3383
15918 26139
2740 19102
2039 4427
2634 18046
6045 28162
1622 14559
15995 21043
978 9260
5434 7805
5151 25706
1529 7596
1171 5989
4121 21824
14180 18808
6004 15758
851 9843
17890 22885
2904 13057
7153 15475
25314 25773
8905 10475
4795 7728
7647 13462
16640 21242
1029 1049
2813 22981
2321 5052
2144 17919
9959 18491
12446 24538
6869 23615
5671 22230
11276 27294
13970 26405
7018 23692
22716 22871
15554 23444
10487 11804
18018 23254
13402 23260
15296 17181
7699 16947
8770 17341
7401 7827
4325 22010
20694 25263
8271 24904
3205 20627
9904 14473
12743 21755
17952 20744
1900 25262
22334 22860
19764 23143
12716 25568
9260 14971
1814 7320
9511 20469
11664 23964
505 8770
10385 10702
23372 25608
1253 13038
6380 25269
3087 23829
4636 15623
10230 21001
24371 24738
19691 22779
2040 13607
15509 18698
25446 25966
12510 16223
4718 22167
4287 12792
14468 18533
8190 19508
9356 9874
1064 16802
7772 10354
5879 6616
2957 12785
13887 24397
20777 22108
24618 26173
261 8356
22159 23595
1153 4040
1622 15141
10175 12208
21096 21671
5943 18760
14964 20146
8810 27129
10477 17472
2446 28231
8793 21552
15293 19242
4140 20956
7416 15301
4073 18061
26673 27660
22871 23379
4890 7311
23995 25081
13554 22607
9399 25108
3463 8384
11119 28147
10837 15064
8423 14994
3753 7166
16463 22426
1689 7592
3741 14687
13485 14024
977 18369
15765 21915
7413 19477
13513 19240
4468 19322
12012 13728
1396 24311
5100 8308
3449 15791
7031 28063
24095 26313
5571 25525
6865 6893
728 24324
19760 20717
8579 19140
1544 9119
17422 24417
8481 22296
6753 7626
11059 18037
5787 28176
356 21053
2596 25629
10618 18201
11348 20950
14626 16938
7500 8669
1512 7295
3710 23024
13134 26111
16094 21544
11181 23082
7314 10293
4066 22721
787 22018
1878 22415
4784 24219
8751 15176
17422 23143
19845 23605
20078 22053
11295 12403
13502 26866
861 14834
21505 26476
10693 11561
1108 8085
19219 25214
7205 8295
6236 19860
10301 19046
11712 16808
3102 5889
9293 21374
16940 22771
20261 20387
16022 28274
13410 18371
341 23730
15996 21271
16258 25104
14022 16528
7950 17963
19843 23458
10935 14657
4123 4244
12888 16109
8921 13152
1141 12698
5397 20799
9252 25043
3091 13225
3172 5309
6079 24645
4043 15799
1472 23430
8536 15056
10800 27790
2283 8352
645 25081
7928 12101
3807 11322
2441 19509
5760 23022
12453 20219
16557 19678
21473 22255
12388 22012
7373 17429
16536 25343
10680 18619
2363 15978
12718 26902
2874 6868
1171 20711
9424 17170
3442 20815
3247 4408
8963 14822
4618 22273
10569 22897
1750 2460
22340 22954
730 15666
18522 27669
7325 27405
19385 22549
19313 22640
3762 9140
7371 13687
8318 23708
11342 11452
4632 17020
6355 21714
2664 8416
1387 3491
13047 22363
19217 28275
20927 23311
1038 8814
17963 25966
2845 13227
12982 18529
19670 27976
11081 21071
5301 25560
9054 19219
3944 24939
24586 25467
8772 16349
11175 17803
1349 14392
3750 24509
22130 27974
2348 4651
12211 27898
3133 27150
11544 18250
3006 16421
3098 8905
5834 6097
2590 17889
18529 27136
9067 16136
7114 15271
18466 22008
7266 23566
9356 14464
2435 21371
7011 15426
24120 24720
8242 22390
8414 26078
5204 12428
15317 18160
4650 10638
9626 13572
15713 18322
11692 17407
16721 25330
183 23390
10920 16350
6746 14021
14716 21700
6511 20677
7073 7975
7375 10205
4825 8720
10840 18136
2295 18811
24074 25080
1408 8075
18704 20817
17931 26440
1814 14778
14998 18791
862 896
11407 16282
688 22787
16888 23198
2572 17419
1105 13093
3484 19678
7107 23935
919 8493
9795 17115
8564 9799
14753 23225
10569 13259
15634 28127
19513 27206
2306 18784
15957 27923
9682 27300
2591 3585
25416 27730
11106 11627
867 17599
10419 26998
22266 25998
7767 24232
13298 15297
21725 21988
15377 22180
1624 27834
1800 10602
23006 23236
2974 16226
4967 18521
4789 7390
3734 13343
7296 20368
15700 25552
26875 27301
7342 9907
3944 26559
5808 24914
7050 21242
3634 12228
2711 3017
23711 24145
13682 14489
5554 21779
3089 6601
8948 24965
1590 14519
25911 27024
16972 21163
10970 15262
5219 8703
19536 21094
6711 14133
10278 22029
3032 21095
17718 23271
16329 27312
396 1795
11400 13106
19053 22002
5630 27835
13806 27142
23085 24939
10653 24935
12727 16662
14712 24323
10653 24634
17842 26958
19706 25214
3893 12210
583 7804
9043 15290
12709 17492
4294 17075
16937 27868
16276 19780
8948 20211
18178 19898
6513 27020
9746 18050
3186 4170
13720 23512
20544 27184
1609 25254
875 27522
3841 23195
19034 23574
22163 26915
5989 10830
10971 18142
4541 15319
1257 5010
4394 8569
27104 27725
6317 26659
630 12223
6868 14428
15145 22966
19972 20162
5711 6482
4715 11199
10524 16206
4355 25642
1609 13482
6280 16439
5984 24104
23199 25914
1840 13106
19967 21122
13780 15442
4741 14922
8290 24910
3446 3762
3235 4786
13970 19326
7514 9491
10267 16131
11847 20292
5460 24848
6329 22474
1412 23372
19867 20384
15030 27924
5054 11898
7350 25029
10279 24904
3762 3819
3147 19584
9061 24682
7827 17047
17140 18425
1353 16629
6436 10882
7869 19982
9214 14313
13762 16574
16328 24667
6981 16960
15225 20330
3354 7725
7091 17651
11165 11953
3300 25083
226 867
4886 16351
4632 27883
4881 13106
9546 22329
5702 7420
17324 20341
14301 25403
9583 22296
1308 14761
7400 7985
3317 28074
3026 21012
5950 22901
4887 10986
2035 4063
11483 17214
5085 13328
8633 13941
1281 27011
1211 15529
3985 25735
2567 14738
18753 25174
4325 11039
7152 23499
15091 20142
14971 18669
473 12400
7320 16913
4109 11785
1200 8108
8798 15837
17098 20728
9989 12720
4438 18520
12642 25683
9639 24950
7255 20946
3828 7341
10639 23534
13649 23647
1035 2518
5961 20640
425 7455
14727 23696
745 10638
6557 17922
13007 20192
7753 18788
7976 11692
577 14424
1142 18713
10464 21359
6707 8706
1996 23937
10796 15756
327 15808
9638 24521
2342 2912
5695 26930
2120 16743
12278 22983
14672 18425
21732 25855
1952 22320
20397 22331
21199 27996
2542 18366
22946 24595
6868 17733
1098 26869
9252 25855
15470 22159
7597 13487
16026 16901
18629 22419
1118 8076
4253 27490
10600 13447
7141 28111
25277 27546
6745 26076
8552 13669
6956 17123
4196 16213
4606 4725
7522 16311
4476 26601
9923 22640
2404 27381
16487 18115
6889 26693
1589 12295
18567 21638
12368 14791
2349 18169
1516 4515
8014 18695
5914 14104
4077 22154
5071 16468
6707 14771
17114 18591
430 4840
27032 28060
4740 15281
9747 21115
21080 26948
4424 19110
2702 5246
5437 26931
1944 17131
20046 27898
15346 17637
17798 20754
19278 21681
2216 16465
20813 21230
17873 20473
4216 16319
1953 2555
13174 22648
17465 25859
974 1361
5462 7390
16963 19482
2788 20861
5275 12270
783 9157
3011 14309
3967 13054
2596 12624
910 7003
14263 14942
9268 18962
4298 11080
9962 20141
9263 23939
5540 21908
0 12029
6377 19183
11972 24019
1672 22892
7036 12489
7814 15458
5734 7945
5327 11551
1942 14327
15997 26024
865 13094
5874 19068
21881 25406
14489 15923
3296 24593
20222 21638
10428 15670
23941 25740
5689 12614
2527 4529
10526 28146
21341 24122
13788 15325
9720 23015
4328 7498
5398 10293
19767 20021
2768 15550
10531 23106
2833 20667
6065 22723
14024 24057
16387 24061
8075 23906
334 5166
13164 24520
16378 23271
24841 26428
5691 14402
70 20758
10957 21139
5832 24243
14309 15119
15561 21066
2874 14280
16457 16813
12618 17383
2632 27247
24403 24444
12708 24608
7508 24384
14023 19712
495 7600
8596 16288
2349 25399
7589 27719
1468 2709
65 15350
14359 21359
3625 9185
3512 23305
6668 19712
7005 14993
10508 26356
9306 20583
18876 22461
24308 24882
9291 18957
18631 26858
18050 22696
19569 27198
1867 15298
18599 22497
222 24194
4295 18468
11094 15916
3997 18999
2928 27655
14110 15443
3463 10308
2387 22322
345 12261
21079 21797
2470 6657
3788 13681
14232 22799
8770 16965
17802 18457
7187 14203
22479 25344
185 23185
3970 13038
25397 27923
13173 14277
7488 15913
11337 19947
14419 18033
9634 18396
10296 21845
4290 21438
2239 19843
3203 9737
9904 24663
14611 21266
15330 16439
16149 23467
8707 23520
20064 21235
4507 24040
7023 24970
2 32
16545 19857
3428 17782
12627 25163
3238 14181
2986 20857
7529 27373
7826 20187
1934 14077
7831 26097
1735 1773
3859 24415
12040 17797
7610 13193
1448 2421
21796 22321
3728 14969
19081 26392
26069 27956
8357 27514
12612 26728
13772 27743
16547 25494
2289 25021
5978 17926
3296 14661
8925 24823
5363 9531
5327 7227
21324 24872
3036 24049
11243 20061
6594 11424
11589 15091
7516 9690
11657 15130
6131 7361
7135 20881
6087 6902
4546 7016
19460 21057
1178 10428
9089 21416
4386 16640
10282 12900
21174 25181
10143 24171
18463 24965
1214 9699
5327 24795
5363 26190
20633 25276
1968 2313
7166 23298
6998 24410
6562 16539
4676 6349
278 22968
15298 18251
4339 17965
9583 22841
14057 16422
16074 25828
1533 24493
18833 24423
4017 17756
11692 13193
568 21542
14384 19115
7168 9791
1018 14491
15185 17003
10540 22974
22870 28157
8074 19947
14384 19857
6935 18427
13152 24457
6513 14857
5293 9165
883 21114
8003 25426
7740 10201
16711 24575
1270 27920
17955 18742
15470 20577
9795 14228
18682 27867
7413 18044
2569 10441
4081 14464
18793 19459
12437 22020
9915 12194
27664 28194
5002 9112
12512 25206
824 14323
17523 28031
16768 25686
4178 25439
9318 17043
11641 23432
18824 19373
17568 17615
5588 7959
9923 16698
6387 12417
11444 16386
11030 23929
20881 21968
20201 23198
19319 22897
13890 27194
1864 23696
23791 27818
1831 27202
21446 23015
9427 14804
25330 27920
11586 19469
6842 7002
13203 27989
12011 12244
4717 26798
7679 21331
9988 21223
12752 16659
1501 12432
2132 8717
22323 24606
6957 27118
910 7275
1159 1699
5702 17003
15009 16394
10249 18567
8124 25693
13905 21402
9536 19552
16311 25361
23159 25508
11286 23238
10523 27282
4209 4885
8414 24589
272 17920
5725 19139
4306 4506
22216 27746
5415 14788
10626 20394
7730 14153
21325 24419
1117 15834
7043 22093
2102 13058
8703 20758
2320 23719
19972 23955
1240 23321
7123 21093
1672 17524
21963 25081
14605 27258
6846 17406
13619 17530
11799 18618
3398 25658
5196 13585
5829 10075
1174 18521
15457 23963
20291 28055
1181 20703
1936 27221
12865 22420
3406 11760
14240 25230
1837 16928
10886 26680
10358 25336
7021 11064
8946 21173
3379 5128
6516 8845
3150 17003
2718 5298
914 23268
8364 23021
5832 26485
774 22335
2596 25713
8921 16961
22814 27052
2191 23143
3474 22445
9399 11282
11471 18633
7903 21350
8248 8370
479 21693
16286 19165
13984 22091
7809 26415
1308 5541
5296 6638
4072 17071
16 2156
9086 17823
2880 26840
14216 15852
2452 18738
14568 20800
19775 24006
15271 15741
1482 22832
12434 14033
11470 28014
20821 25273
3038 3256
505 13970
13038 15402
4791 18557
3900 10405
8352 17938
7350 9416
161 23455
19584 22700
7239 14994
10242 15676
554 20661
21798 26055
23696 25294
8460 27288
23194 23456
4519 18409
3229 13600
2104 13116
16202 21403
15174 22125
255 518
6493 26347
10311 24023
9584 24575
605 13434
6040 24349
1353 14962
3410 13559
4075 19354
4548 27821
1884 26851
2518 9354
23947 25011
4442 5984
2944 21688
11013 21233
13041 22845
8491 23794
8408 19495
21603 27373
8575 22947
10296 25198
12067 20859
17795 21944
5516 20747
4255 12316
10173 14001
6219 8897
12477 23952
13428 23412
20480 24069
11880 19964
16679 20046
6009 24939
14840 25140
24298 26275
19692 22666
5817 25011
24061 25775
9967 10382
5200 17988
12414 23107
21126 24313
7555 16043
9722 21962
609 9194
1447 7597
6935 23661
3425 22502
16955 20355
8579 25163
8437 12708
3147 25476
19146 26554
3503 4607
12105 19425
4652 26243
13142 27514
12837 18647
18945 24279
3860 22456
19758 24336
7036 13759
18521 18911
2430 13584
14591 22469
7209 24987
5485 21612
2710 5427
4807 18784
10725 25708
97 5056
7070 7480
2097 8087
9589 26819
915 1181
19675 24435
16855 20337
4094 11417
19269 21240
9993 13191
7079 12433
1359 11451
5907 24069
10042 20384
3858 9492
8192 9641
1417 12171
8644 19138
10279 22885
6177 14995
4548 23932
9294 23803
1688 20127
6544 18053
16217 20909
7836 25830
6821 25769
17251 19224
4672 15418
10794 26661
6868 25067
5205 8636
16181 21673
12854 23177
5102 11049
10807 23872
4325 15217
2295 4316
5505 6103
7987 24373
1978 6611
3700 7405
9518 24601
14297 16623
393 16180
15641 25614
6898 14968
17472 23929
5082 15271
11332 15643
7547 27700
24214 27651
10618 24546
15119 19062
9178 18540
12 18926
11953 23269
24032 24445
3742 11069
395 8219
4665 7824
19555 28032
16018 17664
16727 18131
7423 16214
3152 9751
25919 26126
2368 12954
3872 8802
9604 18001
4442 26686
2885 25422
23415 27664
21517 24323
24005 27943
213 494
21436 24827
1417 17146
10917 11987
7323 10114
8363 12416
7854 20099
2255 19140
20332 26638
3669 15852
5821 13241
4129 18319
18801 24935
10042 23803
4758 19617
2031 5534
3399 21863
10581 10951
2828 16597
3506 22074
867 23088
24125 26759
16864 21991
4029 8595
1779 19145
9642 20018
12948 27179
10193 19947
3638 10328
14240 22546
1 24836
2767 13745
15291 20853
12215 24069
17980 23543
3821 4107
5613 27428
20151 22956
11255 13847
929 15196
2327 8224
10076 11229
3925 8074
5628 26730
2191 20554
16032 20429
13422 22814
6182 11398
23978 26931
5599 16677
7804 27631
21887 24687
214 13096
24811 25882
7691 9182
4732 22932
1169 25266
3346 25433
15905 23963
1746 18445
4675 6868
4102 8784
2818 7746
22202 24101
1402 19680
14359 24445
6594 21194
9844 19844
4302 11261
20600 27663
22292 23467
15325 23846
4624 20386
7342 26951
12020 13462
1015 19857
24335 26169
1045 12340
10839 17173
13328 24562
10348 19414
2440 21445
17398 28214
1767 5010
2635 26806
5327 12598
1440 5358
13282 24006
8500 18172
11594 19034
4656 27145
8405 17446
19829 22265
5466 25494
20339 24435
11788 17369
6848 14010
19694 24756
17728 24575
9477 16134
5150 5540
1428 13289
660 1727
3758 16829
8982 9348
20841 21612
4072 22049
5241 14863
4226 18436
712 20054
2954 18738
867 5059
663 7950
2512 24883
2227 13260
19445 26294
810 22833
2787 18879
20773 21688
10119 27279
7820 25625
7733 22664
14329 19845
13981 23279
8251 17926
7523 11905
14560 18580
1741 14744
9047 17440
7242 21831
18116 19728
288 24974
3730 3773
5585 20558
3593 10662
396 24069
20885 26567
6147 17574
23237 23736
9250 25493
5196 24638
2015 22476
12660 15666
7350 18669
15958 22460
1449 13516
4214 24245
23694 28247
7081 10225
3779 3953
11383 13655
1663 8085
15588 20273
12141 20201
24886 27569
2563 15144
1275 19536
14881 17451
268 22449
4534 20253
15896 18952
4408 27529
3794 5527
20893 23236
10828 22734
7297 18985
10828 16386
18579 24221
1814 23864
24864 25168
6435 8329
9881 24069
16434 20617
5665 20587
9237 9896
17220 21066
8506 20694
1744 15920
5190 11255
288 21109
12012 12164
11542 24689
7073 27932
3859 23608
3592 27944
8819 9614
9454 14892
24503 25247
11852 18359
10160 11552
10056 21440
10023 15410
396 20081
4712 5978
1517 6600
11444 22920
18920 26151
11553 14486
3789 4073
274 9554
20958 28267
11953 12214
1592 5694
2050 10208
867 17911
5485 22028
26554 26753
3634 13904
13215 13440
11804 12565
14573 26139
18554 25403
8281 13240
9310 14451
12768 22002
18251 25504
6113 20928
731 12709
4732 11283
18775 22052
10419 11261
1432 21323
18796 23983
4534 9160
12271 16879
2320 14854
25445 27853
833 25417
2040 22473
2708 8575
1814 24638
4217 21346
21823 28072
1672 8277
15691 28194
6253 22312
7975 21938
201 13623
18717 22379
4866 11846
5651 7162
3501 16922
16867 16974
22206 25254
18371 19197
4646 21355
369 19739
8215 14333
5689 18909
23932 26233
9788 13870
11599 20841
11521 25547
24217 26871
2155 10917
23494 24723
867 7087
22761 25162
5447 11948
7443 19684
7297 23893
1978 23705
4725 14598
13931 26688
4373 17108
11595 18045
2512 13677
3634 26724
7945 25901
22298 27133
2647 9103
17115 26186
2945 23972
3629 11047
11286 25334
11973 25727
6931 22973
13396 23884
43 11538
3831 24064
7011 26554
10844 25953
2215 7172
15618 16131
17696 20841
15682 23398
17585 18643
14464 18403
973 6894
14697 22480
2392 19184
4248 13504
1878 27922
2447 26053
4044 15992
24723 24782
18620 25202
12497 27991
6275 22581
14971 20302
24812 24948
17750 26790
2664 12679
1817 1884
11520 25698
6914 15464
3122 20384
11785 12037
5316 27660
3718 7472
7489 20437
1294 21590
12598 26315
6007 20366
25525 25689
25933 27704
2657 13168
12959 18823
24288 26069
7101 26721
22232 25709
3257 17115
8772 14085
17804 24612
8956 22425
3728 15068
13556 25704
3554 24921
7020 26025
1645 22203
12121 17382
3949 23146
6797 7452
14557 21503
10008 16451
8434 13834
11846 15505
5143 7156
23915 27837
18132 19510
3826 14942
16334 20586
12804 15073
18429 22977
1503 10646
919 1609
6253 14592
3708 6898
5074 12944
2696 20506
2067 5479
6841 10302
2904 6805
15477 26312
1142 2627
7892 12003
3452 23194
1034 5161
12324 26055
9214 9502
881 20118
4642 6506
3947 20148
15493 24425
6215 12949
10618 26346
24782 27494
1719 8153
7561 16194
5030 28255
9030 11700
20742 21278
3026 19386
15550 20906
17999 28044
6182 14096
2334 4960
16603 24816
16946 21125
7324 21207
7023 12947
1103 4618
439 1700
438 2925
15450 22981
22236 25821
12606 21053
7478 8824
11300 27770
6927 26858
3762 21173
18865 22784
19758 19987
17671 19289
11677 19792
19869 23451
850 15837
9095 10285
926 15907
21210 22416
22089 25617
3988 6442
7249 24108
5442 27099
13049 15676
9823 27216
2189 10023
1948 26930
10602 20363
2303 3810
1281 2136
3654 8511
15823 20479
9662 22184
3795 8474
6377 22015
1658 20250
4252 20554
9683 18662
2986 3366
758 25603
3724 16234
22379 22696
15453 20867
10075 10731
24514 25157
23892 25276
21122 28082
9738 9851
2870 15998
6696 17017
2989 6597
19750 27924
7429 16026
13348 21694
2040 13613
6618 26497
140 9992
11880 24280
2364 15642
396 3473
11916 17027
13739 25338
19049 22652
1087 7937
13598 20676
9915 11880
4646 18669
6894 17562
3963 16194
11334 13650
10493 21131
3848 4930
21574 26358
5793 27821
852 20883
13456 22379
2058 27428
7971 19171
2447 25560
19758 28167
2535 6843
9228 16267
16814 27562
8134 11416
198 24654
7466 7915
8685 12452
16957 20306
16924 18630
6131 14270
20822 22771
787 1965
3382 8185
10646 27213
21274 24129
2170 17259
880 9184
13024 19982
11989 17398
5905 11845
14771 21798
6832 8368
1858 15148
23553 25759
19972 25815
14074 19273
832 2373
17418 21490
767 22858
1757 12887
3341 24478
3858 12402
4009 6552
4443 13371
20018 28008
14179 21639
1741 12179
17 11267
3296 14839
8291 12402
3961 23632
12928 22986
3643 19285
17568 25564
8160 18114
8895 21351
10794 28108
763 25504
17318 27412
3971 19117
1693 12271
6417 13214
20376 24904
598 17161
13807 18820
15562 27596
18941 20947
14140 16560
4806 17722
12309 26531
1864 26923
7168 7492
128 3779
1635 20754
6239 26806
8750 10652
16228 22749
3388 6334
20286 28108
14136 22628
314 16184
17647 21491
22340 25130
11846 24500
6926 10734
10752 15762
4336 22822
17530 19140
16534 24061
10555 16659
1381 13831
3619 23897
5725 5932
27859 28228
1900 16552
56 13839
355 27544
12952 18430
4765 17763
10085 14167
15047 25901
5440 23062
9226 25564
21436 26648
8565 26426
8478 23830
23566 24074
8435 9252
405 1528
20985 23399
1027 19350
1843 10498
4107 17479
10348 22884
7894 14995
8455 11600
683 24558
3472 9553
21085 21831
18259 22933
7108 8627
10662 13649
6860 10767
10419 26764
10881 11273
13937 28116
2584 19884
2936 15297
18617 20320
8622 11657
16963 25107
7320 25658
15622 16556
4520 13916
12918 27944
12737 17310
13687 22729
21891 23283
11696 18736
1150 11815
9399 16110
3269 16277
4248 22265
17747 27187
4623 18973
17830 21252
5827 28100
22184 23997
15716 26524
629 9410
4920 19117
19508 23526
7644 21229
23932 26503
9432 11884
13810 14017
3638 17735
8012 16401
20115 27660
15928 21257
12116 21000
13329 25493
10216 21878
5180 26871
289 24326
22012 26559
19579 24274
11393 23146
1529 25414
6489 28157
16388 21881
21332 28056
17561 19944
10393 26565
7836 25817
16234 17262
11170 14825
17087 27034
3197 9569
14474 16184
13688 17931
1200 12790
14241 18533
4945 18901
17515 22731
2632 22568
3152 8596
24576 25039
15973 19947
1659 27914
14946 23886
20201 26836
11322 19035
21326 26299
6207 11330
10027 24656
2270 4834
8864 18334
4609 26257
17407 23269
1975 25174
1056 12424
22421 25164
1162 23214
18391 18618
16901 21188
19657 27761
16961 17238
11859 19033
11825 19398
24451 26957
19548 25881
17263 19348
15808 25174
12615 17236
2969 20496
17246 23816
9814 25823
3389 6380
11460 23576
4125 25174
7224 23399
8096 20296
3111 17889
23976 27411
15870 23143
4156 22591
5191 12994
10517 27418
8265 10044
13168 14753
10479 11922
19576 21963
23187 27861
3121 27052
3066 4802
19674 27455
18939 20024
20010 23106
4337 22997
3712 16362
1919 26265
5430 23499
8893 9004
17763 18267
11675 18354
1140 13596
1771 19467
5550 15376
57 10230
9670 19495
7166 8437
19189 19601
3240 8869
14217 27817
3666 10971
13739 14578
9250 18730
15857 18641
13097 22885
7176 7878
2346 24904
18045 25341
5691 22151
16473 19669
523 9738
1664 20895
3731 20710
7472 13134
19326 26764
12323 16953
14849 26925
2665 23963
9805 19750
17141 27790
7104 8134
1635 21446
11374 19004
20527 21135
2411 25382
2338 7399
3730 16404
15369 23525
21650 24217
7073 16509
2130 3951
13377 16112
1126 21886
5100 27263
15672 17453
401 26528
15036 27497
8402 26193
4523 19145
3903 7747
16627 19236
7210 8610
27020 27214
11392 24453
9148 24278
8750 18522
2336 7375
196 3678
12646 14683
3359 7283
22734 24104
20707 23113
14534 20757
16695 17631
1440 13534
828 19857
8100 21448
16396 18921
585 27312
9572 18589
2227 3338
6934 18399
5354 14672
3109 3534
14971 20948
3820 5466
16656 21562
9717 11053
15471 23528
19156 24061
19034 19884
2959 6115
8565 26440
4892 13366
2709 22639
6483 11790
14947 25982
8363 19816
13954 24008
4990 14359
6238 24662
6812 11082
1485 11080
12282 15985
23553 26077
7011 24280
1787 15876
12040 23267
24539 27034
1398 12538
3592 23776
14163 18113
1670 27279
25341 26103
881 11368
13487 24969
12495 24677
2270 14201
2764 23143
237 18976
229 16155
4143 21432
2700 5117
6459 22333
1605 7712
3634 22418
21735 23357
19739 21423
19497 25895
773 12945
16467 27991
2283 8368
16974 25658
20122 26542
7456 17507
21992 26664
45 6841
762 3200
9056 22395
13414 20547
8719 9800
7987 23932
17115 18521
6806 14039
9018 24148
11443 26998
6130 13252
8091 16149
19086 27569
10767 22787
12225 19686
8685 11969
7019 7695
14697 21254
5699 15561
1505 6479
10158 11059
7820 8048
10296 22278
1975 16677
2397 23952
12274 27992
4626 19886
8457 13173
505 22216
7404 15840
7471 18516
6507 24762
9003 12291
240 26024
4174 16725
1287 16560
6222 10935
1848 6385
3925 18651
8479 19122
5296 26363
5609 10954
828 15727
12219 21913
7987 25763
2472 18475
9534 22289
24520 24741
5430 23674
8291 24630
432 8171
19153 22534
22897 23342
10225 24127
14132 15797
3465 23369
5995 12804
15291 24610
1782 26868
3932 20109
2748 4604
3588 5123
5239 14463
4976 7832
15251 18482
6511 15509
1005 5659
9480 11720
2991 17303
11128 24379
11114 12344
2024 4541
8939 13507
2980 11964
13927 25057
4392 7129
3659 14070
806 12428
10977 18369
1932 4439
10717 18723
24971 25468
5711 15666
21809 23657
18478 22193
13008 16035
6554 19216
851 5691
15251 26688
605 25267
15004 22254
8438 22334
1122 24324
9049 12029
7987 15549
21280 22977
530 16467
10634 26009
1931 14797
4967 24384
9489 21564
7926 13002
4842 16337
17241 21232
11799 16088
10990 24068
20001 26141
6655 18069
21511 22917
5454 19638
9074 20170
10088 17525
139 18603
19604 25838
7982 9660
7290 24131
3261 4531
19637 24813
5 13709
2627 7830
10945 18575
4507 16888
6626 19952
396 26341
13 23372
4235 13613
6601 8168
8564 13123
13278 18406
10598 23788
760 16184
3280 18133
523 17060
21962 24242
21682 22857
7105 16530
155 5850
3009 5215
27002 28146
11425 18458
12015 27298
4759 21184
9614 24012
8454 25057
4291 7447
6594 17740
7323 15108
638 17076
1902 2708
5832 20464
11183 21296
2096 18051
3287 13363
6533 26753
13351 13702
15491 18474
13789 24771
2422 19136
3581 10313
8577 22897
15985 19067
22389 23829
10007 27787
6017 21149
19966 22821
5266 24127
1349 5018
24290 26567
5766 13555
1 14220
4518 8544
13108 24904
1361 22352
1676 14961
1381 10697
10733 10972
13610 26837
13595 23830
1555 20765
24069 26073
7911 9296
13864 22322
24322 27761
14404 16524
12671 13431
19198 21229
14881 16457
7744 14003
19525 22038
1787 11295
10387 13327
16953 22835
4301 5971
1147 27133
8424 13917
7289 8628
8116 13647
5852 24238
23455 27536
5984 9136
1986 19319
21423 23298
8937 18326
21438 26541
19400 19409
5079 12451
8858 17166
6367 25962
1318 15911
8156 16545
13091 16582
4205 24846
839 11989
11007 23818
21763 27527
11718 19801
11692 15037
11444 18678
6528 16442
867 28172
1979 27758
7523 24061
8948 18945
98 6962
19205 20497
293 4018
14569 26707
20018 24512
3715 16276
7467 9040
3940 21707
19425 20647
3166 4197
848 16922
691 16509
2986 12399
11463 26113
4597 10957
3728 28272
11444 12956
21739 24841
17757 21182
7797 12792
19801 26085
18876 25559
7707 13343
1416 21172
7653 26709
5858 17165
19295 24855
15439 27455
23619 25606
2288 3947
3059 22511
22805 23361
781 9074
1435 9405
26340 27152
17469 21021
5832 16389
14522 22634
2616 16185
2295 7783
3042 10167
14233 17847
1925 18380
8005 27353
20406 27726
5609 18631
5665 27553
17842 22387
10286 22404
14748 25287
2880 19039
22926 23876
11718 24082
4355 6419
9770 27400
6261 11629
19180 20758
7400 25646
4736 7814
18178 24288
16961 22033
12899 28273
7877 7915
4444 16492
5321 26733
5115 20258
8690 24242
8398 24904
2194 11857
8447 16428
6550 14604
3788 22209
2686 25453
4217 12110
272 14039
11122 24537
6595 7820
867 11462
15766 25282
12979 17757
25468 27042
19965 21744
15906 22309
2474 10727
12895 17725
11572 23375
16205 19788
2039 11329
7603 27681
18955 19267
2322 4499
7962 9803
477 27721
6454 8816
1306 4705
424 4033
850 1659
4387 14517
7125 12842
6244 12002
6446 17326
5096 25157
1882 16629
15119 22035
635 24069
602 4103
9330 13779
23201 25996
12620 15756
1529 2605
6262 23552
13046 22104
2350 18319
5214 6222
6220 9761
10185 25132
1686 27248
3900 24065
4918 18216
3338 14800
12579 16856
14632 23722
17781 24512
11229 17326
4469 22768
8782 13733
20158 27704
21717 24595
19803 28199
12115 23930
5056 9038
15 1197
5494 19732
3697 22755
8478 17742
1498 12632
2124 2619
13096 21249
14264 18521
18297 18717
3726 13186
16152 23756
8360 14631
4104 24864
1116 24642
14437 20006
14364 15639
5587 24422
10522 15111
10767 22548
21798 23799
9699 18224
17510 26491
1373 20355
18339 21368
3091 6489
11716 25917
2605 14635
11348 23898
1497 9871
8405 10428
14271 15766
6590 22657
8523 25214
16941 21798
11746 27355
714 19674
5082 24589
5744 9365
2245 24042
10234 24709
1060 6525
4553 21484
13595 17591
202 1440
13985 21811
20235 24634
15723 23703
1240 14332
1361 21835
14418 20424
7982 16679
7106 22547
4367 10062
6587 27617
2252 15271
21372 27875
7068 11217
9730 11608
4081 11049
1579 3762
24904 28181
18708 22989
12956 16386
8734 20153
5557 24340
23547 26525
13316 18648
13078 13820
1226 1919
2150 14961
4329 27678
14922 23272
16131 26982
3353 25094
4216 4342
194 21875
12998 17782
1361 2523
18704 19479
2533 4123
10298 26978
14390 16175
16954 22998
14369 24127
5911 9832
26544 27767
18241 23249
1890 12228
3726 10971
16509 21079
867 11727
16953 21955
21725 21761
717 19800
2759 8833
25 23717
7555 21805
18034 21021
8100 11237
4218 12026
11098 18561
18906 25089
7478 20545
24438 26283
10953 14835
8770 27584
14023 22028
16213 21439
19085 22646
9573 22857
6169 20748
12090 28211
5503 13947
8679 22829
15032 26075
2722 18474
4720 6272
17022 23506
4 24122
3544 4132
5645 8223
8150 14121
363 14084
10760 25270
7323 12056
1422 13789
15570 15786
3472 7412
13970 23111
7161 25956
13187 26153
86 6821
10790 17555
23941 25309
7802 17681
13016 17304
7500 22016
2136 27849
7472 14971
10504 15004
7757 17257
814 20924
21050 27849
8938 22956
1160 11795
7496 10321
8781 20258
14072 22804
9138 24922
21470 27458
5128 24539
13192 15284
15928 20504
22268 26017
16797 24617
9265 28104
6535 20515
16152 22416
9590 9850
11748 25159
16369 22135
15957 19189
14264 16534
5210 20532
6392 18963
6635 17206
14358 25904
18351 22719
16116 22151
5989 27078
10629 18133
1925 19700
10766 15251
321 15441
6749 20962
5493 24575
11463 12309
4335 20648
4076 9237
11633 21109
9416 23983
24502 26131
8364 20918
1 3364
23719 24132
3336 15357
1141 22764
569 16781
9037 19473
14400 23615
2336 10205
12956 20503
4172 5602
666 26097
1687 18297
163 17412
7315 16455
10270 16487
1173 15410
15602 28018
11113 14056
1465 27805
25357 25545
25214 25468
12423 24934
1049 21748
10824 14513
685 10838
18673 22469
10495 17400
3019 18986
6613 9012
2642 22775
2269 4424
898 14168
5042 9150
1745 25277
271 26736
9264 19567
14304 25327
18164 18348
299 24069
341 7159
3689 7515
15561 26754
850 20170
2815 3038
26045 26571
3874 12578
15954 24095
889 21552
9821 18315
12303 15920
9835 21228
10123 18957
2325 23345
1324 3863
9016 24512
7096 17859
113 11365
7298 26435
15660 24710
22466 26261
8638 28166
8251 24884
22333 26676
22104 25309
8959 25615
6549 27775
13716 23932
7319 25828
21413 25540
10071 17129
5403 24922
13960 27061
16055 20857
3481 5221
8352 25453
16588 18492
7926 16314
27790 28099
3161 26796
3745 4948
2161 9084
16979 21849
10421 12352
11319 28195
18213 23808
3882 16497
13446 23188
15713 26665
1773 24464
14829 20910
2035 10489
9144 22203
11828 20162
15076 18408
12078 25283
3801 26863
9333 20038
2545 13857
13977 24803
22387 25666
5865 18086
1795 10668
24241 25445
16233 17657
6576 18594
7873 9139
9184 16678
3006 18717
13202 15316
740 2303
18775 20849
5161 25295
3482 25554
439 26194
2432 19960
16461 20291
10060 24324
789 14572
5021 9572
2474 18423
1613 27841
11832 25159
7977 16383
23949 25632
331 11211
12757 15107
15179 27554
2970 3193
16772 27825
5254 13780
4278 8795
4626 15682
731 17611
2518 18478
15195 17035
5629 10146
3753 24104
3680 24611
5843 27132
5775 20162
20323 22949
8772 13517
16844 16989
10555 16765
2232 27854
18630 27408
1727 20931
14564 17333
12423 12565
9610 21082
4891 22775
6426 11787
12410 20001
9398 13772
745 16923
22998 25686
1020 14338
15729 25564
13014 18312
2047 16328
6359 12010
1138 27042
3188 26340
1343 25080
7386 25626
8000 26808
16307 20936
15030 20286
6860 14695
2039 14472
8576 21175
1177 10325
14954 23372
15955 25280
2180 11075
16259 20195
9287 15084
5195 21644
7481 12829
21294 27304
6333 16249
9059 18739
5024 18627
3720 19537
3050 14959
10638 27497
911 5674
6517 19019
18904 24168
9524 20504
9590 13606
13810 28085
340 10075
11167 14314
9632 18656
10384 12805
11817 17914
11077 21449
1521 14691
15376 22271
5725 16383
11920 16922
3884 17851
4660 16333
2016 5267
2667 7638
3633 12746
1960 3095
10871 18061
1329 9356
6351 21990
15175 23521
609 12356
7357 10146
825 24040
13581 19991
8396 20742
14865 17791
10821 13491
650 22405
6476 26853
3987 6533
2712 27499
5984 12399
11048 21126
16191 27091
4551 23437
628 12223
9049 18308
341 5756
3253 13276
14390 17819
2504 26103
1117 9055
21735 24992
13694 23549
10863 18415
16411 25027
16941 25639
13478 16365
22760 23426
19956 23637
1753 18584
10871 12027
10511 28038
3052 6994
21949 25692
245 7861
6702 19429
139 7158
2259 12506
12812 13242
5004 25927
3106 12163
3344 25683
12689 23193
3919 25644
11797 12312
14675 23941
14019 26392
2487 25898
9233 16418
22143 25034
3585 8391
24073 25055
11267 17777
7135 20646
15146 27257
8983 9365
15584 20990
3762 24406
8254 11817
1672 9243
15037 17216
4784 14769
9560 10493
11416 17272
4971 17548
1863 10323
17445 18336
14579 14736
3399 26877
4405 18128
15432 27746
12849 27201
8690 13359
5769 23358
8842 10061
14832 21010
20780 25109
667 9019
15640 25971
7382 16543
4522 7635
8807 9837
10175 19490
17041 24454
19966 23062
11040 13078
17837 19631
6516 25580
7758 28095
6760 9377
396 7758
11111 18097
22897 23739
10273 18522
745 15321
9205 21760
16289 24823
14899 22948
8858 23145
13969 26517
14689 19941
2670 24309
5989 14633
3882 20597
4019 25897
6987 12543
3748 24330
1677 19558
15731 18833
4323 25868
15282 20605
5611 11154
957 15920
18792 25595
23356 24252
14635 16683
15077 15854
9438 24602
650 19585
8755 9732
11080 20759
789 3779
12182 25392
505 16629
9696 25154
2887 16853
509 23521
8898 11082
10745 27222
4081 8497
5923 7677
391 5468
2962 22850
1780 10389
22426 22528
6057 26753
10868 24023
13579 27961
8264 27232
13024 26552
5082 24384
6250 14627
2724 25566
20287 23700
11773 12056
14361 25966
4993 24101
7525 22162
10218 13471
1438 16383
8924 24872
1613 22104
7653 11634
1870 6910
2816 17027
2536 12389
6734 25013
11456 18597
5149 27497
14949 22618
14750 24425
23857 25083
4557 10015
3197 19537
14728 20956
7536 15125
11076 18099
9968 20871
3626 12924
3710 7983
6372 20108
11998 25685
8781 14532
9607 17827
5913 22338
4468 13227
2990 10871
16184 26476
16152 27166
220 11696
16031 25942
17422 18178
10090 21029
17513 18620
15443 18141
148 19683
15017 21398
1925 11448
7342 18521
408 14492
1349 23070
602 18718
14335 21046
1878 26774
23892 25202
9590 14104
6093 23711
2438 5082
1770 11198
14854 26320
10638 16746
8183 24723
15836 22967
5403 15947
2440 16082
9465 21149
898 6497
3509 8985
2000 3359
1039 16276
799 27355
1691 4439
2484 5309
1079 16230
10042 26153
22650 26584
933 18520
3167 15402
14050 23932
11227 21344
1162 26740
16453 23218
4783 18166
4965 20324
4175 22479
16194 20634
18869 22967
8406 23610
16633 25261
5347 26688
15530 25956
526 19031
2351 5409
7110 8416
4086 24953
9406 25701
6996 18265
12406 13127
1281 26120
20398 27366
19443 22322
7017 22923
850 6669
1732 7672
10408 25978
4504 10901
15664 20816
1442 9875
14901 27074
2888 20234
16283 21673
1767 13883
6727 26893
9799 20264
6931 13282
4507 13090
14793 24020
3300 24954
4370 9166
928 28089
12679 16626
396 17874
9750 23799
2396 5923
1541 25357
15670 17906
17436 19153
16972 19354
6278 13739
4373 8849
5691 14443
2927 22687
15269 22411
491 19846
13212 23395
13564 27841
22321 27640
13985 24195
3147 14036
21638 24104
23140 25977
5048 23402
573 1685
1278 24482
3081 22052
5213 27659
6134 18267
6257 27790
12321 17138
5451 18820
5717 16938
6925 23395
9648 13054
3410 5738
4321 28272
4282 21712
24681 27913
2872 23736
11407 11763
1645 27607
24172 27897
396 3699
5694 12514
11169 11182
3346 14088
8878 17264
14995 24373
600 17071
24787 25670
706 22494
6078 13279
20061 28190
4373 27514
1553 2031
15883 17842
20242 26545
584 18529
7200 19223
13329 16932
8948 17692
18409 26544
2249 25849
20818 21798
12790 22871
4624 6235
443 22866
13744 28175
3063 16932
7166 13180
16036 22729
18674 24719
15734 23282
14195 16616
12573 22311
22892 26559
1218 9864
13756 25607
17178 22433
16787 18295
13118 23932
3590 25997
18962 25894
545 10551
20523 22334
5751 23616
7312 10844
7162 20635
6824 7772
16184 18628
1878 4312
148 20634
24053 27866
9185 20380
23500 27884
8826 8905
21391 25685
14541 16901
560 27996
10531 24720
10618 12582
12038 12918
70 21728
1748 22497
5000 9218
19657 25034
12220 23973
3318 24879
2087 18369
3626 18724
3272 14606
6555 21723
1858 14773
8924 17782
4685 8498
11201 20861
1117 4215
1103 11854
638 16475
967 16311
12657 25967
6838 21297
973 16026
10959 11439
5989 13447
21821 23113
9670 13978
26774 27706
9710 15162
12271 16203
2179 16941
16914 27867
9896 15050
1672 27069
24570 24844
10298 22548
11005 11017
17285 23414
5275 16972
3186 3667
9710 19561
3904 8251
12024 15251
6931 11729
11311 20849
1350 12180
27705 27895
9252 21732
6013 14276
2740 21798
2610 17798
3511 7238
22215 24632
3037 15957
6741 26892
13121 24539
8471 19388
5521 22279
1361 14456
1140 14752
4258 8236
18601 19599
12725 22981
14976 28166
8150 12413
18 3197
4142 9226
9367 19417
2034 12606
1795 8781
5511 23829
3880 27014
11607 19265
5117 6931
8990 15550
20162 23143
710 24221
17468 25972
17968 24069
4972 14995
13887 18678
8082 21471
5521 26535
10971 11076
17290 24593
6065 6129
5200 14388
11785 21883
3209 20763
1867 12219
8753 24368
14598 17351
35 16983
18293 21822
14299 26153
2216 9089
1994 5806
4588 10137
14555 15067
14076 14364
460 1925
22089 27488
7311 23495
3121 21461
7166 23897
17584 23951
2386 7635
2031 22590
1991 5906
2180 10717
2923 18319
322 7096
16394 24324
24329 27611
1613 17742
18676 27061
3296 23142
494 10618
1575 20123
3819 24406
11273 20302
3337 25547
18454 22185
1167 7341
2664 2701
4626 4749
7243 10507
3151 4656
985 9368
12399 24104
6924 16656
7805 16360
9155 9164
1919 10039
20611 27883
11136 13597
14100 23628
20608 25445
9905 24608
1713 22723
2185 6994
17209 28201
6495 10747
12910 19811
12244 13699
10796 20017
387 10041
14860 19883
4091 7881
14326 24982
13018 16094
5269 8016
16770 24583
21762 26005
3759 4051
13384 21915
10050 16746
18260 20654
19068 19302
2635 4328
10444 18363
8491 27527
7440 14555
5832 5940
6054 20008
7231 20792
1263 2925
5505 24266
3866 15771
16901 25699
20157 26891
17630 20876
24061 26665
19091 27247
9767 25414
21113 27594
509 25987
9577 14571
3059 27030
11085 24947
18069 24955
4586 4768
8133 15220
3374 24659
13482 20408
4395 21217
11179 18255
4181 7828
8479 23553
9089 17140
2381 17538
1579 4012
7275 23926
6848 24122
1075 8565
7348 19775
9780 13186
14481 23392
15251 18371
20131 20946
15795 19686
459 11642
4061 27612
17630 24017
11109 25950
6552 21091
11744 16759
19370 21438
551 19606
2227 3758
2161 18403
13748 17251
7002 13412
3609 25271
12023 27381
18813 19613
1710 21353
420 24991
2379 11059
4627 22449
782 11286
6302 22076
3561 16729
16055 27019
5820 26628
5749 6753
9710 19771
4416 21127
9572 23298
8054 27698
15344 19313
6529 24082
1034 2748
8649 12954
3872 4623
9146 23428
5191 17077
2067 4237
9086 17640
1851 23821
426 23365
4782 10189
1608 16660
19748 19913
12162 18884
2932 21934
9968 17214
3665 21945
21438 22581
9795 24351
7944 10953
14242 27117
2270 4196
12155 26773
184 13225
14825 14958
9312 26141
22889 25214
3904 9835
3882 21669
1432 2015
5304 10601
3714 12498
2520 22764
7827 27518
7538 13863
7982 17779
11144 21083
396 5115
11240 25986
5177 17803
17723 25410
14784 26606
1477 4595
3805 17349
1036 9663
867 9906
7213 8024
3100 17438
16858 20962
24842 28211
8087 24810
610 14139
422 2329
5336 25083
18321 21585
7304 22889
11253 17527
6406 22416
7855 16175
11953 18736
6431 14390
18021 18434
4414 12369
16547 20300
11049 21328
17630 24280
358 11644
19683 23518
13885 15409
3531 7101
16108 27559
16679 21849
9892 18461
11390 20409
1568 8941
10653 14969
13564 22112
7763 11375
331 5393
1695 14513
8306 8730
9563 21438
16722 25992
3947 23372
3859 17446
6765 14916
7246 23502
6257 14964
5437 26087
717 3876
4227 22017
4997 20550
2252 21149
2247 12391
16511 19219
15391 20553
6487 18131
10018 14158
19051 23781
21671 22314
13936 24373
22986 24297
3998 21036
7491 20125
7706 20144
13342 14247
7832 21523
5923 19086
18185 25564
5352 17945
12100 12164
75 27911
11113 14464
9717 17941
1630 3790
1736 4204
811 1529
5829 5983
6239 9553
6204 22416
19503 25952
13111 17977
10496 14203
1193 22379
7877 16718
2619 17165
9966 27308
705 4331
12445 22630
14144 21727
11748 21330
2185 8990
7111 14129
11444 18669
4021 21307
19733 21981
12376 18256
14794 28149
3855 16617
3093 24275
11289 27815
588 967
14427 23605
14809 21845
21997 22256
23631 25215
9168 11463
4948 23773
20492 27810
8268 13430
8615 16846
1275 24608
2776 23609
7018 23839
3395 23978
5897 16271
12155 15432
3315 8820
5626 27175
10177 25329
8914 15036
16193 26838
12209 18411
7420 22160
14643 18225
7994 8639
9151 22219
5434 8182
17137 18416
13810 23822
16301 21569
962 8929
16991 23797
12726 14840
15741 24061
12693 27919
1852 3728
1707 7813
20758 21815
632 19190
3475 25986
20904 26851
17071 24412
1169 11685
828 13846
3951 21696
4232 24943
4831 15251
1467 10638
12830 13864
7185 14355
10952 27809
9085 17782
11030 27766
160 2327
3564 12262
9432 20041
849 18543
2786 13875
1772 14696
4305 15745
20609 27762
3113 19584
10536 16991
21149 26695
406 1252
10344 19191
9012 16906
4039 17530
1849 27096
7529 24611
15251 25348
8603 27578
13443 15474
5913 25121
6495 10880
6042 11295
9292 25329
4992 17422
3210 14514
881 22340
20671 27885
8985 19469
4097 6843
4300 8461
11169 16569
2157 3627
1798 9797
13786 21194
12760 27896
4242 24164
1607 24248
939 2482
8830 20611
2665 27080
15201 24886
21950 24708
10366 18664
2120 14077
4096 21858
18631 23719
5511 14989
6446 21242
5004 20721
2527 10675
24287 25843
14541 22449
15224 24384
346 9613
22025 28044
7443 22011
7252 17280
11531 24575
9907 19931
14104 21864
17022 21719
54 20427
11953 17938
25105 27060
11422 22607
19352 21000
7431 15523
3080 6914
16388 18639
19071 22390
2802 3422
20131 21506
12459 25409
7439 10213
24869 27025
2863 13652
6868 17167
14203 26753
523 3521
217 27257
33 18679
137 3622
1873 22998
1787 21515
20054 21642
1669 3761
9295 20779
9089 9670
4795 16394
8938 12976
4730 10648
3564 27326
4076 11743
1141 27151
15105 19336
9627 19219
7830 27504
21151 22464
9179 17726
11832 23202
22560 23188
14922 17966
1510 23697
3728 11746
4353 8695
15225 17198
11989 26126
2802 10639
19356 19947
13585 14743
3863 14586
656 23377
21409 27811
18315 23601
1672 4990
7002 9884
1955 6110
25482 27420
7987 26413
19817 27279
2748 17076
3892 14024
786 5069
25294 26620
3329 4255
10303 27152
2431 28054
2667 5659
5580 9154
10950 21455
5100 16772
7783 18001
3482 26045
14274 23529
11047 21213
13097 18321
10318 25283
14121 21616
15863 20439
8893 20021
7079 27746
2718 25667
7420 27797
4693 16402
14666 18724
12257 17865
9369 14772
7188 10800
5587 6657
853 2117
6876 21501
18679 24825
9324 25817
812 4856
14129 15804
13721 14894
2322 17831
6072 16659
1667 11187
2635 11859
17056 25306
6605 25853
13764 24548
11684 23575
15141 20110
19819 20667
2102 3219
4006 22160
8223 20355
2592 28158
1635 3728
17601 27719
1421 21296
7878 15225
839 15072
20123 25640
929 16726
23375 26821
20661 28009
9398 27223
8906 11241
22564 23034
5078 15335
16900 22079
5827 13785
20134 25214
717 5839
2455 21835
17161 21228
12835 19742
16576 21790
6832 14771
3119 13254
7881 18688
21908 23763
10800 27254
4009 14555
8792 14491
9154 28008
8207 16957
13718 19567
10174 12528
5041 12116
16276 26878
2547 19446
4035 15426
5497 6972
396 3285
6312 25629
6926 21473
939 4685
13543 25786
4393 16170
23764 27615
651 13469
5160 15558
7355 22026
7750 25276
2015 7301
11274 18867
5765 11868
7387 10433
10707 23967
5554 6185
18230 24454
13232 16922
1817 1893
1511 8971
7290 15244
4551 23365
6832 16501
5348 20641
21752 23778
6006 12162
5716 5722
1730 16878
16766 18512
17607 26865
15108 16136
11805 16197
8817 13397
1005 1940
8977 23855
10485 16791
3733 25991
1030 16923
1031 27298
4916 19455
1852 15410
12105 22621
2093 7675
17902 20171
11184 22114
10740 16794
25139 25414
9598 15011
4120 5720
10042 24776
5289 14771
9859 12309
2792 12682
2010 4624
14970 17795
24532 27908
21754 26908
9012 21770
22441 25927
1446 20065
4477 16194
1361 4993
2894 24031
22012 22956
381 15693
19289 25272
3257 15354
3441 27335
6255 13847
14454 22872
11599 22181
4968 23657
14676 16509
5989 14672
818 7963
13093 20200
1851 26278
19574 22769
5609 21473
1075 4824
14399 26892
12708 22638
20210 23963
569 17075
22765 27117
19641 22223
5344 14635
23361 27085
12211 17467
7982 15492
5569 23379
2142 6747
8920 26973
13987 27104
4672 10399
12621 20068
13219 26959
14763 23598
8958 22185
15393 21716
5731 12452
16953 19424
2170 15985
9614 12240
1878 5126
1992 27922
23608 25214
6624 18052
4648 17329
2908 26152
1537 3608
7478 22420
4581 4710
5007 27706
891 24217
1308 12622
19848 22160
23383 27091
15621 24551
4506 8212
7469 22017
2124 10889
22479 27778
10839 17747
6255 20447
14794 23016
3121 9252
6521 18428
5649 26738
1961 20249
4705 7482
20639 27788
8085 11242
25330 26597
20472 22650
10889 23467
1349 10189
22811 25254
1507 13553
3121 12363
18593 27912
11085 23219
18721 23361
11429 22899
4218 22479
24172 24634
1804 10952
11444 23983
25308 28134
17164 20480
7490 26289
4405 13027
3708 6522
4749 15791
7611 15257
8785 25468
12804 26006
8470 16509
2667 13938
2537 19822
13006 23197
6182 10934
14794 25272
6842 7637
16941 17819
14513 25390
27547 27773
4332 6188
13291 15682
4642 14557
23389 24906
5461 23188
10050 14957
9286 25109
1065 11047
580 18879
1937 23574
6876 11674
3294 27675
16543 23512
7398 22556
8474 10013
4035 20876
7210 20001
237 19701
15041 25566
10889 19354
9479 25765
4253 7150
1937 2646
3622 11629
6704 19704
1551 22606
7571 25889
4442 6533
7031 25283
7861 7896
1884 7855
17374 24139
12341 26753
3401 17235
23703 24322
3054 22605
20726 24934
5517 18055
7926 12017
1589 4720
20633 26727
843 16955
15984 23336
15376 27867
8322 8445
15829 27810
11755 23111
11791 24298
14827 20825
2005 21577
6370 10450
545 7723
5667 24576
16865 19817
2435 3991
17565 23417
19894 24737
15173 15315
7073 24720
7541 23372
23143 23696
2215 25854
129 18605
3565 21105
115 11599
8035 8963
18653 23934
3389 27782
23708 24444
14215 15302
6773 12011
16493 21665
17773 18920
7002 22440
6170 11628
5716 7695
16599 27879
14687 27808
1701 11286
15687 17795
129 5528
17194 25935
20279 27317
10327 25557
4166 26284
10607 15376
11023 17348
1 21365
1851 10284
9716 23608
13106 19446
3583 19071
11590 20576
7889 24180
7289 17060
9536 11992
2607 12105
10157 22304
1116 3309
20930 25809
14234 26969
12369 27927
5371 23730
2552 25288
16960 18249
18078 27428
12077 22781
6560 10874
21910 25525
10446 21195
5378 25602
7642 22309
2617 3263
2671 27778
17501 23396
652 19524
10584 19331
7314 12549
9089 24693
12778 26744
11484 23817
9842 10449
5413 7007
1343 19610
13735 16609
2563 8975
15048 25411
4237 9103
2334 15122
2944 18920
11520 28091
6626 8412
14500 23730
17495 19116
20750 28150
15182 24952
20278 21811
12858 19355
771 3072
16136 26283
7595 17220
449 6728
7491 26900
7693 8603
2605 24068
7601 27648
4949 10525
7768 10054
13772 17161
2227 23118
11965 21811
3569 20215
7011 12444
5989 6914
18785 25350
5716 17955
5573 9396
12250 15094
10309 18553
3412 12548
25167 27835
4750 8368
13982 14862
13407 22498
4426 4646
12341 22436
6533 21094
2882 20258
7655 10998
1412 19061
9786 24195
6767 8190
12313 16145
1878 3152
9472 26273
17986 21881
6037 7999
2587 25157
13810 14974
21958 23633
24122 26468
4379 19990
21798 27016
17841 27455
560 1858
3795 11321
1056 16224
1026 9998
21080 22198
9328 24428
13405 17543
6196 25197
3695 23574
6695 15659
296 19008
9268 9368
7103 27687
16906 21970
7635 9294
2052 16455
2636 11009
7410 23522
12428 26322
4688 22070
3110 20167
19351 21616
17446 18185
6860 16107
5 19435
5339 14342
5587 15609
991 15072
1851 8501
3630 15825
12413 19351
7435 22545
3093 28049
8718 20855
17851 27824
10293 19041
17087 19150
1852 20162
10053 19105
20046 22271
1505 24116
3589 17530
1888 17773
23983 24104
24132 26157
17484 27809
5979 13456
18631 27125
526 20780
14824 22866
4120 27982
18541 19482
16700 21973
5677 9148
10546 27836
10993 24074
3989 16080
1672 6042
21087 22135
4194 20525
872 25156
10296 25306
6304 10993
10464 20990
6462 16304
6626 27513
11009 21086
1795 2438
2369 8155
1343 6495
9064 10106
11207 13168
8479 21248
17076 22905
13756 14920
2250 3819
2214 7325
20446 22031
21038 21268
17791 27706
8856 18018
115 10956
5876 15031
465 9251
4282 22319
17524 27867
5725 9574
18189 18601
13222 21653
14389 18736
11240 22910
6679 7244
22518 22830
1468 11826
5583 27423
10794 12139
10823 15906
5285 17024
13099 26374
1110 20721
11977 15701
6492 23825
13091 25748
1762 5104
7276 23093
2727 10961
10995 14033
14160 20272
7774 27005
6105 26182
19441 22215
1182 13721
3647 17071
6197 11229
11479 18938
9465 15271
24828 27370
7677 12257
5587 24403
11891 16874
9751 20752
115 26393
8634 13081
10242 10509
12839 14052
13513 22440
14136 14306
13713 27030
11128 26125
584 13024
12161 26807
16158 22518
18314 18455
21558 24122
7805 9569
18420 22457
618 27773
4498 24960
6263 18128
7838 14909
3472 27614
21000 24905
24715 25972
8144 16727
3617 22420
3239 15669
21670 27962
11818 25386
5731 17304
1172 7987
18679 19712
837 16764
302 13289
664 15308
12361 21898
1959 2087
12164 25329
18223 22548
9101 22885
2092 23521
11169 14961
6166 15022
5140 12135
2831 10632
8972 16173
2619 25006
7479 21853
23111 24205
15493 27813
15701 19948
1683 8581
19176 23292
9597 25771
770 7494
9233 17927
8924 11789
9795 9930
3585 23701
20314 24232
10472 23077
4802 7524
16750 18618
7390 18592
7152 7555
14264 27686
4450 7237
8098 27621
13185 16259
14033 19978
11100 20500
15666 16630
13564 18419
4205 14776
15858 21831
3286 24128
14392 24062
6377 11262
568 17641
19257 22493
2880 21484
2233 11804
18965 20026
9986 23963
7375 8818
11240 24640
10127 28136
8345 25660
5979 17073
3094 11225
12980 23273
14228 17779
4081 9226
576 5023
8408 20331
13564 22688
4724 15549
23090 25331
13361 15292
9416 22457
14153 27517
22031 24886
667 8285
1140 16905
191 24539
3257 8726
4465 25729
14680 22912
3511 26629
7154 12410
4474 8305
1103 14418
26677 26764
22593 26975
8899 22452
4827 7489
15736 25626
8144 21516
1770 6103
17956 22819
867 17853
17011 28100
2206 6622
6446 11229
7820 14393
8063 15231
237 18143
46 18197
1306 4237
9915 16055
19007 22043
1589 22860
10517 22232
6495 24567
6240 24827
6879 26106
5870 10012
3663 10023
8920 11817
22035 24999
10935 20427
1499 1713
1925 7764
3449 9252
5112 26102
14971 21165
18729 21326
11989 17232
13454 13803
836 10022
1775 22255
21115 24826
5288 21473
10192 10729
5042 5728
245 19612
6787 7160
2170 12282
4802 17577
16955 23932
3987 12675
7473 25229
15173 26448
6221 23365
12537 15140
10971 14474
2580 18752
2112 7695
10298 26752
5680 22425
8706 12868
10540 24836
11842 21761
3420 8600
4540 9269
9090 10596
6258 24828
16545 20503
17222 19347
1834 28007
13286 13428
5890 25884
18670 19672
19788 26617
5767 7379
27664 27763
7216 26689
3038 4574
11170 24335
3841 27116
15671 26691
9368 14644
8119 9422
17445 28277
6924 26804
588 23365
4642 7632
12652 17951
20480 27458
3741 27840
23016 24252
13193 22226
7985 19480
7286 24950
2759 2837
15639 27016
11774 23375
3415 23251
16113 25798
12621 17687
9080 14790
4548 6633
17541 21194
11218 25944
3169 4822
10409 12955
1606 8705
27651 27876
11287 19331
20715 27942
16906 28077
13320 16514
12437 26003
24764 27224
12442 19776
13618 15694
7545 8222
16482 26054
1123 26329
17119 19913
12625 19792
22784 23480
23467 23830
19140 25879
12754 19410
1940 26721
513 25286
2233 14989
2058 4789
18415 22820
11412 19309
8856 13180
11948 13901
2208 21797
828 20222
10146 15428
3059 23492
11255 20100
1052 23525
4468 12261
1761 9518
6796 17586
2708 12711
10646 22416
10662 21275
19801 21992
14767 20387
11880 15727
7446 10273
11363 18704
7068 11151
11535 14309
2019 8959
6179 23762
1878 20313
4717 18133
5236 16512
7177 14944
2943 14606
4142 9086
15766 25094
3002 24804
19982 23392
3954 22799
14520 27423
1772 14767
13937 27175
15682 21111
4361 25278
10577 24811
18521 24804
19138 26852
12565 23361
2995 4789
15064 15082
25243 25902
681 15727
8403 25975
7099 10370
7881 16197
15360 24954
13423 25608
18832 24603
775 23546
2031 26963
11790 17742
20988 26815
15318 21798
23266 27185
6847 11515
21011 22780
5153 19188
10372 25484
23767 24000
2694 10188
11484 11538
1531 16878
11479 16353
7975 14672
1593 25165
15038 21663
2389 23811
6506 23408
2369 8281
13782 15001
309 18319
12935 22894
19531 20230
12145 24608
10080 13091
17813 17907
406 28035
13415 15426
1668 24005
19721 19871
20558 21470
745 16181
7348 27913
25361 25437
12261 17146
9915 27208
21766 24392
1358 26131
19692 25658
9210 17363
1270 2906
173 12100
1579 11193
3939 16766
24611 24646
14817 22210
11692 20228
17186 24433
25280 26892
8506 21211
12204 16628
2527 22977
8435 23291
4205 5082
23225 27942
3463 15286
2617 7911
307 856
3428 7135
11571 23619
15360 21244
531 10615
3381 18136
22205 26077
3885 20302
17819 23521
13710 25074
18775 27973
18696 25067
7210 11479
11138 26546
974 19242
3975 27548
4388 10982
8818 9699
2065 17615
7725 13343
11975 18950
3700 23403
1335 15257
6737 16481
1065 16053
17695 23978
21633 24127
11555 21050
7613 24103
321 15370
6740 17438
3383 17349
11729 16998
16054 24568
7832 24127
3364 21295
26111 27194
6065 23396
4824 19964
2513 9797
22897 26531
11182 17682
4830 17178
324 4782
4282 21605
14242 20480
406 9361
12107 15952
3667 10733
17307 22607
523 581
7695 12341
11356 12107
369 23298
16877 27752
396 20301
3612 18774
1978 4967
4158 22653
1971 14378
8291 24539
21501 24143
13982 24226
9253 12792
13784 24240
17003 20319
1378 9137
10378 23286
5004 7360
1719 23602
16268 23400
2709 8327
5336 13202
3634 24298
6416 22237
19664 22473
17260 23680
7023 23998
18752 18810
11045 20406
7883 25962
24494 24599
8352 21950
1951 15824
5123 27508
16576 19856
15947 23555
23677 24503
2526 4282
2566 15267
4081 21925
3489 8388
3675 12892
11193 24557
11315 19075
19505 21619
2267 19836
4397 4399
1092 23273
13468 20990
1568 19270
9153 19080
19987 26437
16120 25544
13088 20683
12260 22550
22579 25114
15712 25468
17676 22621
12523 19646
833 18113
3679 5125
10865 24461
20342 28001
1160 1230
4096 12482
8386 15186
12288 14904
3780 14969
3502 13688
8523 24876
6446 11387
12855 25106
20907 25283
8910 9238
4909 23152
2592 8151
5818 7866
3948 16328
1239 24062
19341 25306
1920 22254
8680 12763
26319 27381
10487 14437
3779 11283
852 13914
4924 20998
3947 16905
9893 14599
21064 24121
722 10822
18037 20838
9062 15943
640 1052
14759 14820
4289 16976
6552 14154
1223 4918
18661 21079
5759 8388
3366 20667
2336 3052
9465 12538
9465 16629
25283 28173
22311 22941
24653 25397
6385 17426
7915 24655
15689 24603
20936 22904
4573 18009
19843 24801
23952 24422
4309 22294
24105 25272
8157 11720
6232 17479
8384 18565
5978 26199
16954 26367
10352 13707
6289 14532
2130 2520
13257 16891
18884 26324
25151 27081
14645 18385
18084 19731
13874 26869
185 5846
8718 23966
3432 13262
213 10618
7480 18057
2605 21915
5857 19289
6977 12713
2381 8304
5198 20144
11814 23718
6891 22537
4640 15468
14410 17080
7820 23298
18586 22630
14899 16937
8711 23793
9339 21240
18295 21834
21486 26712
5864 26766
1405 14398
10090 19548
6911 8719
6881 8638
4649 10726
9717 19124
19254 22334
131 7816
711 2929
13989 20477
5861 13515
25435 25606
6432 23400
22521 23311
2517 13024
4009 7348
16901 25879
1209 20369
12411 27877
14074 22481
15442 17299
5758 13164
12696 27016
9408 18265
7598 16696
21771 23734
3894 4144
9683 11657
8413 21915
1832 19359
2764 16603
3856 25847
3414 18304
5791 14743
8112 17228
8550 21194
16406 20179
9496 15610
3999 26841
16984 17757
13613 18986
3510 23194
15017 20331
23721 26810
11674 14988
10638 23390
1788 18456
2353 18985
13541 20822
8579 13564
17227 18667
8122 13054
12512 28087
9706 27220
8349 24351
16619 20370
4162 6868
2311 18211
5924 7136
5794 15957
7503 10654
343 24150
1680 21336
24617 25166
8867 27833
6707 18852
8864 18392
21941 27272
19964 24280
5851 12943
1706 9502
17524 28163
12939 14812
19061 25260
1122 3065
7029 14276
6278 14153
864 3041
5389 9915
8705 13962
5368 20544
15900 17708
18115 19601
19739 23708
19717 24157
1638 6431
7382 28109
2287 5850
5301 9744
23349 28018
8434 16874
2210 19829
22142 26004
8057 23997
16999 22080
7773 26654
19048 22866
19325 24548
18319 19262
7877 25468
19611 22328
1386 15182
14335 20049
10280 10672
20982 27946
23994 26546
16194 19956
10845 26183
3758 17801
21810 24679
626 5270
8922 24651
8159 21798
4489 15730
14955 21505
9511 14792
8104 20725
2096 10935
12699 18726
2778 19351
21945 24280
14421 18428
11808 19261
853 919
3257 17482
13578 20586
569 25104
2646 25666
184 22404
15424 19272
18606 25754
7713 8723
2518 4711
6309 13195
5794 23785
21813 28183
13362 25560
2594 3041
11263 27280
11808 13257
17232 18036
21438 23766
2608 25181
4870 16579
465 4954
5721 22185
63 8044
9638 26400
7839 14344
24217 24293
9369 14513
4138 5366
1555 6573
2340 13091
12365 24872
3634 10800
5385 20182
428 26382
13031 24376
1878 2208
10008 26476
13373 27162
15531 18304
15955 20855
10421 11636
8210 16385
9924 13222
15668 25564
11059 22753
926 15391
6078 26643
8502 8757
7489 15701
21692 22284
7785 9012
17504 22783
1719 11295
10298 17369
2884 4646
16963 19140
920 18745
2635 17630
2423 24217
27913 28035
18655 20293
16273 23267
7317 23885
16584 23295
14805 19382
12921 17947
18051 23212
15032 15535
16014 21712
11603 17989
325 5063
2144 14776
3893 6584
1 25638
15822 22311
7877 8066
16297 16689
7311 21390
14620 21885
23254 26312
2412 21611
7676 16794
16340 27571
10325 17491
17507 21699
5295 17733
15312 18787
7015 26813
17028 18061
3400 21914
3456 5263
9527 20575
5506 22137
7687 21448
12193 28200
21829 24061
14957 27523
7360 18194
8285 25299
14552 25978
1116 11031
84 13484
16852 22866
2106 8766
10623 26232
7569 11773
6798 10517
6462 17568
9804 21030
22022 26640
1445 5811
16974 25270
4180 21481
7309 22604
2521 13545
1838 25732
5850 15525
812 7083
1638 19247
10624 11720
34 20689
12346 16150
26584 27605
19361 27169
9798 23934
4693 12617
8974 22781
967 28263
7478 19004
3461 10523
13203 27417
1795 10935
15095 20819
7471 12792
5004 10170
15004 21449
21829 23736
3738 19819
5883 22837
13864 21446
1160 6468
17609 21671
6657 8318
8772 27210
15286 17505
5960 28082
1982 20144
6174 23497
19068 22543
9234 14033
1144 7362
9663 18663
16027 16974
9710 18354
16935 27298
20494 25343
2000 10493
7206 27079
23279 27119
926 13447
3390 11877
9676 27611
8306 23271
1379 8368
6851 11722
11817 15575
1690 16957
17912 21688
1593 6531
7899 22043
14308 17322
9250 13367
12244 17219
7766 17203
14820 26361
2755 26098
9569 15736
20611 23600
15562 23932
2544 22200
813 9206
3117 25956
16526 23203
18631 21286
7592 15825
6081 15209
15376 16261
2008 10844
23761 26457
2308 4076
3576 6616
23981 25849
4708 22203
11187 16865
3086 10309
17185 18753
20130 27841
1384 28211
16144 18423
1622 11363
3411 26409
16641 28198
5833 17029
7111 24601
2024 20007
2008 25525
26340 27084
2180 18997
1685 7881
2887 8515
6905 15357
9884 12124
19789 27500
2882 8084
1613 11134
17196 23141
8467 16435
7001 7631
17314 23672
11776 26053
2087 22211
9465 15376
6816 24311
1773 15012
4581 22772
17043 17319
3128 9813
8734 11226
12196 17465
5689 14241
3889 14024
11484 11700
6972 12188
8930 26958
17760 20936
19377 28060
11516 19123
3147 27875
7708 25619
18141 22642
1113 10125
6602 20051
18522 21237
2523 15868
828 11133
905 16953
14604 24082
5082 13058
234 8912
3671 14289
5619 17500
9182 24999
12709 17560
1871 19004
20664 26095
4326 9487
11292 15572
3997 27867
676 15784
3921 18997
2296 17749
15027 27108
2325 16151
24923 27579
2528 11064
21067 22896
14867 26809
426 22857
1984 16835
4537 18829
10733 22931
6972 15729
2667 19068
21960 24195
16904 17123
835 20100
319 24669
1606 28054
8285 20840
8331 27368
166 3958
1135 15302
5744 6247
4021 14611
9371 20361
485 2067
8022 12616
9616 19869
4581 4857
8669 21233
14558 27970
396 18280
5496 15302
17906 17967
23579 25399
8345 18657
16684 21456
8667 27502
7893 13314
10444 26344
7410 9518
5089 9670
9001 11113
4024 23601
11868 23281
19169 25788
2623 25054
3139 9518
10184 17229
13091 25468
2635 19169
2489 27923
2423 15629
3848 25012
11295 22678
13937 17003
9518 26806
4233 14926
6342 16286
4329 20347
8858 11621
6182 10077
5893 18521
11534 18021
5051 24794
2454 4880
9791 27514
12134 17695
17530 23608
6650 23718
12615 27005
9065 10738
2148 20633
5128 11042
444 17659
2623 24062
5787 6879
1009 25655
6782 11652
3296 17923
21048 22947
726 22265
5082 16006
635 3059
1317 26220
19489 28112
7879 19762
24904 25740
10421 24457
17597 24105
4295 11491
15320 21226
12356 17545
12101 13556
11306 24712
4201 11079
263 15762
7977 18086
5371 8246
1112 12235
111 21154
24681 26689
7966 22981
11335 27720
17250 25229
7079 7484
2187 4550
8632 21657
7218 11082
10313 27530
10479 26578
4787 20890
3778 12359
9421 23379
11132 13416
10844 16603
1795 3859
1433 4967
21423 23897
3828 8025
8035 27300
14464 27593
4231 11780
5614 27706
4367 26052
2997 27190
8880 18107
58 9669
14158 28167
1676 8482
21717 23063
3634 3808
2150 18830
11034 20775
6262 27508
16770 20740
13585 28272
577 7207
10146 18891
3401 24939
6110 10829
2093 22250
1516 11975
23178 24974
10540 17433
10974 17408
573 3766
10088 17437
14264 18565
7677 13700
2647 27374
3122 22894
6446 23445
18318 22425
16457 19445
4072 17259
8432 21908
5769 14683
7552 19094
7020 7626
5904 16262
13935 24446
20639 27197
7205 16635
10250 25634
8586 14836
3665 6177
18131 18294
11667 27684
18422 23907
9766 16605
12244 22777
4770 11559
13823 28257
20540 24053
3873 20682
611 18656
4830 6562
14441 27462
5536 26194
1622 17858
2542 10041
3882 24140
16600 23619
5288 14242
10598 24315
9912 22156
20564 27218
22016 24352
2172 25834
804 21773
14763 21878
2893 15139
11609 27189
1681 18289
10023 15749
19536 25921
3401 23372
8361 22169
4766 9730
1 24435
17593 25104
86 19988
14796 24415
5191 14846
14837 24836
21955 22688
15747 18232
2150 10735
7982 27791
6590 11055
2124 7202
160 13829
13291 21291
13405 28156
3790 8384
12423 14559
15400 17963
1068 2984
12154 18667
5485 23798
1658 24267
1744 22900
25067 27394
22769 25395
7911 9895
15278 25009
6065 20145
2320 25755
9873 14104
1043 25570
204 22659
12994 17747
2275 17431
10023 15211
3404 27201
19243 24883
2301 28152
3980 12910
20876 22416
5661 24603
2124 22784
8926 27882
12879 25750
4316 4849
773 11688
8781 17823
9769 9815
24904 26589
12410 14763
1349 22032
3019 7108
9846 28200
9961 23863
5510 28156
1951 4101
12244 18001
14553 27949
8875 21742
5978 27586
5228 16955
10348 27674
4711 17130
3825 20631
2927 23693
1276 13639
11630 25875
8177 15530
5771 21671
4218 17483
21637 24323
17524 23811
1629 10082
2566 18989
15693 23664
2008 20407
17963 22153
12153 27332
86 16618
8886 16289
608 4581
9062 18699
15762 25525
3790 4217
14153 23315
15064 22184
4476 14767
3646 14015
1978 2197
3958 10748
1561 6120
3735 7441
271 27108
8048 25306
3775 18468
20136 21423
5280 9614
23292 25711
12402 27835
1925 6202
19826 22900
9847 23083
2516 21413
526 14175
3598 4640
11416 18988
17528 25453
6365 8750
10002 27015
3217 25638
14839 23702
16660 17963
1023 4209
6760 11893
5949 12016
12634 26534
2470 21987
13024 13301
1112 2303
10749 19092
2596 12929
5794 15575
6770 23710
15225 18095
15298 20550
18669 28199
10934 24027
8443 21366
1142 13980
7921 17043
22271 27746
1856 5317
881 14441
20645 27375
5916 26457
11755 24955
7779 13973
12634 15473
7560 14173
2635 23254
24939 25825
27192 28204
1670 21353
19952 22425
14771 25559
20778 27880
5905 11746
7815 23149
9236 27172
15712 17494
9823 19283
22269 26784
23785 25397
1302 14358
16304 24064
769 7392
22020 22161
1321 11484
406 9095
9296 18853
7225 24139
15352 24559
676 13222
7647 9905
12882 28271
18832 21737
5314 27702
6123 19491
9999 12760
19638 22707
7381 22031
10061 27314
19566 24415
7289 17783
12341 25206
6448 22897
1058 26661
10621 21620
10206 12339
4708 8414
2816 17455
5262 23298
10411 17115
10220 14971
6239 20071
17883 21606
10447 16333
3758 22435
1795 16582
19684 27648
872 16359
1817 25536
4189 21402
13866 19690
10800 24543
428 17237
8986 28162
14031 14239
1801 8781
3778 15710
18588 19760
9019 15832
6198 20626
10830 25083
1332 1939
12913 25285
18529 23745
2097 24535
3820 13422
14706 24965
15605 23993
1499 9631
6573 17547
18497 26834
15508 18619
5691 12538
14821 19741
4891 11156
3513 4616
2539 11991
3916 14653
9215 9416
21077 23822
12895 13931
2240 3734
7877 12287
6961 15857
5667 5687
15188 16887
20195 25560
16686 25229
11552 14071
9888 22793
6026 14689
1505 22102
7484 16878
20109 23952
16673 25972
16683 22180
907 14291
21790 27906
10792 17926
8750 17274
1759 7820
6235 28121
6120 15523
23738 26979
4146 11465
14226 16939
17865 21612
20195 26457
13355 15294
67 24779
25748 26186
11510 25745
12792 15682
22426 26299
6314 21293
16249 23816
7118 14588
9369 20103
4081 5978
20504 21257
19860 27143
9710 22084
594 22497
19537 20166
7491 19726
20758 23143
16576 19539
6612 27559
7783 24127
23143 23365
8909 24577
24415 27288
9584 16850
22895 25329
10280 11424
2788 27263
7744 15973
18807 22528
4103 12869
8757 21483
5158 17457
2938 15541
6026 8807
3804 18704
867 14767
11391 25395
6916 11784
3819 11562
19069 22927
7323 16986
1338 14629
17481 19896
15187 26539
11476 23898
660 18304
11368 20162
4495 4695
8284 15774
14336 14534
1852 24274
6482 17453
4136 25445
14413 17399
1823 12307
7360 22688
1950 18035
5161 27868
13822 25599
6220 11693
4325 23608
14650 23710
21299 23062
12214 21828
20480 24804
9027 9243
3644 22947
7524 11623
15163 25263
12896 16328
15376 24205
3279 5725
16991 18476
16455 22103
1003 21823
8872 13599
2721 21577
3767 19459
11831 24378
14489 19425
203 1176
20279 23640
10217 23295
757 7271
22870 25439
6765 17253
11143 24101
6587 20127
12437 27751
11193 16961
10417 14353
7944 26891
9524 20292
18219 22273
14811 25330
24 199
11573 24138
2494 22020
17728 18505
1519 10660
17098 24851
3279 16462
10157 18822
5008 11812
16842 24127
1342 3648
8067 17629
4326 11994
8689 25927
665 3126
181 19316
1617 26163
2530 22777
22179 23403
7948 24177
14035 22471
11599 23225
9253 25908
7341 24624
6177 10512
5446 26208
1582 22048
16979 18581
4026 11741
18369 19155
3265 6344
5213 23373
18383 19023
7982 17492
3326 13672
11045 11720
8100 8965
8624 12971
8515 16890
17714 20666
7783 27509
5775 10027
2948 12437
16386 20849
1234 18226
6316 22068
2221 10349
15843 27355
9053 28181
8251 16301
7484 14767
22340 24874
1744 17735
13139 15894
2957 26197
132 5045
8122 21291
7136 26738
2525 12410
7863 15454
2525 12349
8536 9851
7891 23045
4321 26662
1694 8787
5466 25185
8956 25067
1768 15853
1804 4858
2646 26171
7804 26727
7654 9080
10830 20758
10497 17300
2368 7290
1032 18838
3482 12590
12954 17032
11274 27462
7255 20131
13953 20002
6972 7508
1687 7018
4101 17787
759 19496
22184 22448
604 24618
20500 28156
19547 27378
1497 16941
8730 25892
4858 10952
788 8780
15642 21798
12404 27210
16851 19662
12754 20639
7036 24459
18816 21971
14711 15603
14568 20765
3562 13523
16910 23929
11876 20715
1068 21380
3406 13564
15954 20527
1614 27494
12544 13047
6630 7571
10326 17230
424 22693
7191 15353
7606 23955
20831 25008
6650 21564
6095 18669
20402 25636
2744 3753
340 12179
4954 26670
12514 26929
12125 17029
7525 17837
4209 6656
15069 21748
3785 18963
2929 16791
5738 7464
987 9286
25522 28201
12010 17559
273 23884
341 22551
2731 3741
7205 12927
1644 22280
17700 18529
3683 9099
3718 13700
11042 12111
25453 25470
4174 10242
10447 19181
15705 15736
14178 16567
7845 24371
20162 25740
2121 13710
22456 23108
2512 25327
4936 8958
15030 17598
4395 6145
14280 17046
15672 25732
92 22254
446 16112
173 13992
1770 17310
4600 27084
11484 24619
16600 22240
15561 16499
17010 20871
19068 22323
629 6595
5441 9114
9895 21692
3299 12320
49 17836
799 14308
9542 19348
2132 22135
6848 24886
27765 27961
9030 22417
13168 24062
7647 10350
5622 26554
12866 20080
5716 23944
426 27865
15554 24774
15098 22455
10839 17941
983 17495
6797 10976
12214 21446
6862 14517
10889 19982
9884 12835
9067 15141
11107 16614
1499 14412
9320 18704
1394 22224
5576 11014
6482 15500
4192 16623
6281 21867
16855 22857
8864 19913
406 17823
1665 27490
8310 21359
6789 21081
13508 21105
896 23637
18412 25427
1908 24513
17422 26713
23524 25959
3512 18911
1506 10319
17479 21512
23572 24234
8547 22950
9361 26768
12324 23409
8830 12874
8957 19169
9524 10312
2023 9626
4328 17892
1138 10531
2724 6879
15741 27274
10701 23719
18491 19818
19019 19941
9575 11048
11243 23469
3791 22699
5923 21438
5387 11113
7397 14713
6633 6668
9059 20195
12801 22015
18955 25381
1358 17507
12708 20849
9067 16175
21887 27365
8249 16111
2760 6612
15046 22286
10242 20876
2556 10068
3695 21505
6658 20355
2776 9803
21563 28098
10489 11132
4892 27004
7236 23518
10093 20016
3336 4003
7508 18521
6650 11210
13749 23107
1978 5522
3373 15511
5107 27506
5193 15173
4148 21455
3892 23600
6058 18155
7919 16470
8690 27834
11465 12324
4563 10897
10668 18823
340 22216
24905 27373
9252 20786
9432 22553
3632 21407
8349 20608
9621 13976
22277 28156
12006 17438
5327 23932
6965 24948
1622 25901
20309 20605
6196 6972
12397 24395
24076 25995
5904 12493
10986 17803
872 22026
2364 19879
3881 23392
5989 14112
6103 7140
7320 7958
22990 26970
7111 14995
12166 13239
731 18452
904 15547
745 11239
17945 18078
8669 9427
12428 14694
17163 19033
356 5989
15736 15985
3141 16823
6891 13831
18594 19249
10067 13018
9380 14260
15749 22255
1878 27850
2882 19639
4124 10205
3000 23365
2291 25399
18173 18716
6550 25869
4145 5832
6629 15689
15619 25842
4350 4434
18184 25105
6437 22723
4774 21987
9560 16963
6911 22877
26740 27927
1697 23145
3505 9988
360 21446
21329 25571
1152 9094
20367 22714
4506 11169
8841 17819
17933 27243
9293 20758
26106 28240
5287 23239
850 14027
6994 24929
1310 27265
1800 24991
12874 16814
7512 26565
10117 10595
26968 27469
1779 22827
9397 10433
2470 14129
1412 15056
3680 11383
18458 21305
4597 14412
18160 27228
15554 18361
15003 21014
3055 3952
4528 22416
6931 23269
5882 25850
3554 5427
14215 17735
1958 19434
9406 12402
390 21349
623 23919
5815 9563
6288 13073
1635 22404
2296 12278
2764 22325
4510 26851
6765 12558
8391 8571
245 27980
132 12681
45 18082
11743 22511
17373 21266
4336 9447
3806 17279
4609 18491
8036 25871
3341 14452
12090 14564
8899 16001
18484 19153
17907 21915
9750 25658
4009 22283
12778 26571
6177 18192
16138 24219
6239 8081
179 23553
8665 16428
2828 9589
2118 3236
6802 18451
16173 17773
12737 17407
2521 13111
7835 12214
5989 24419
24904 26204
106 27688
11076 12234
2447 23178
5264 24731
7800 11373
1153 8734
11009 11140
10916 20259
25299 27247
11995 15514
11562 16334
1290 7196
7205 7375
1510 2087
22948 23664
2458 7525
1996 2351
4051 18427
1430 8054
7192 24076
13291 18920
1520 7342
1978 10146
22479 24025
3641 8015
7429 13240
14758 21014
4532 27702
8500 15302
17219 17559
1676 13578
360 1397
5096 23540
3141 25711
4024 13366
2838 16279
16976 27963
15348 17782
3331 19817
19358 26955
18651 27458
485 10330
2954 4974
664 7225
2068 16992
10519 24884
21231 23516
446 27175
384 15838
3952 27318
134 9377
2268 24945
792 16702
21917 24299
20657 25220
10674 20503
9574 24406
5493 11113
20245 21753
15536 24854
14023 14035
17920 24999
2150 7065
19130 24589
3521 18823
4260 25800
13784 28266
13484 15628
6957 27168
12434 14359
17980 28211
20837 25197
6678 19205
4226 24512
13625 21683
7518 21980
7368 17661
6848 8273
2748 18736
2779 17053
1925 26689
5438 9879
6023 14389
10763 26169
6923 21674
14971 16331
4009 14582
8083 20238
2934 17335
21721 22647
1770 26880
2225 18942
12836 26237
15497 19627
2394 17017
8676 8817
4218 5770
10512 23254
1361 12485
16775 17512
20682 27328
187 8242
4952 19712
3513 26197
12879 20647
11375 12931
19189 22871
11784 14322
1719 8899
14136 27310
18049 25156
485 2518
11783 14456
18051 24855
8220 11076
9488 13789
17407 19140
7780 14784
1582 15312
3539 6532
8791 27357
6680 7020
2518 18425
1147 15548
2405 12450
15094 23939
7424 9690
14781 18159
8894 25149
1772 4224
16656 26665
7750 15643
271 5874
4395 20805
635 17057
3970 22190
10522 18657
9346 14028
2229 15660
727 13358
2244 27557
17967 27090
9906 20115
1640 6702
2961 23225
3361 16142
4456 21766
13354 18648
19200 24419
6155 23577
7183 9354
11047 17942
12696 25740
9224 18921
14293 24917
763 20643
7327 25283
2427 7099
5825 8711
22243 27558
3858 27690
1043 2927
3210 3311
17823 18924
17057 20162
470 8300
2132 27867
13073 18265
20948 22653
978 14499
11880 18498
6103 27428
2708 8511
7953 22763
9948 21870
3110 7443
13939 15791
17742 22035
12542 18925
984 20675
13736 17286
17137 24494
915 10019
14400 14443
4648 12423
2936 16206
1005 26721
2093 14555
23145 25488
5502 23762
4979 24294
19817 21987
4941 7751
8634 20563
3395 12196
943 28124
606 9730
9874 14104
14611 17194
3442 4029
24214 27566
22965 28031
2344 4627
277 13220
15878 18735
3289 10371
12438 20901
5183 19061
3780 23788
867 2418
373 19455
5791 8251
3682 4581
6842 24861
4552 24032
6870 10884
588 16823
23463 25165
7937 26830
3961 24080
27247 28205
9513 13328
2530 10128
10753 19400
17079 25950
555 16055
27050 27726
8558 26480
587 14480
2040 14828
9838 25381
1083 24890
15271 18280
3141 7927
939 22384
5486 13609
1568 9776
16097 27726
16154 24553
20323 21130
7687 12481
6355 6536
867 22716
12593 12698
2637 17599
18679 26312
4807 22092
8212 13721
11426 25328
1875 20157
865 14093
1755 3708
16555 19544
3853 10615
1786 15592
4325 11637
11716 18735
629 10350
6196 23499
12111 12223
4644 16766
17350 22650
4877 22120
2905 18659
11044 15428
1232 12334
3646 26572
11281 18434
6355 22101
259 21446
717 3110
23141 24147
5481 25327
1925 3431
13394 18169
15852 18883
3871 27222
396 27737
12252 28190
1138 9263
9936 14597
16797 18103
3296 7756
14620 22178
1719 9271
5978 24867
3810 9992
6920 10546
9090 17430
2343 22445
5681 16317
4206 5147
20881 27144
14168 19857
2885 5528
5429 20354
5550 21925
5406 18190
23400 23508
7360 27715
1126 5716
12495 23679
15066 19990
4332 8624
569 21801
2517 9851
8309 11657
10740 20250
2602 24131
11369 14407
12310 21296
1154 6773
18591 27117
22390 28082
2474 19019
581 17214
1938 4105
10971 25828
7081 19598
17648 27158
3825 14873
12748 21616
6490 18381
5018 5568
10131 19635
18 18874
3810 3828
14010 19816
5203 15260
20791 22491
6629 28099
5295 18603
14818 19350
7861 20245
24663 25204
2882 13373
15074 19371
19068 20164
22415 25468
5174 24085
1091 5312
12539 19032
5028 24622
17723 25272
1015 2986
21913 24105
7466 12029
6390 24551
9767 18406
20267 25770
5383 11193
6019 12403
8172 19686
10302 12948
2691 19877
4237 7195
20639 27279
2172 15453
5117 25759
12568 13086
1648 9225
12836 19565
3987 14080
3510 13337
8070 8825
21170 22019
9724 18167
19369 25564
2210 12069
7005 20577
473 2769
8411 12231
598 3362
4552 11747
15766 18362
5691 27068
7956 25472
5623 23467
9093 19536
396 22415
5371 9226
4702 21068
15483 17745
3033 9710
670 11816
6632 12758
4402 21235
25570 27382
2191 3622
1499 2583
19372 28115
1541 10935
12280 15076
12228 21680
13721 22012
5728 16460
18471 26736
18669 19069
4606 13101
5629 5711
7508 25083
4717 4726
15157 18057
660 3733
1106 16905
9222 25339
5839 21729
2428 4505
6333 8382
11655 24306
9915 26554
1477 9128
3090 8750
4213 25181
13728 27988
5375 7820
9699 13564
7707 24843
2282 8236
6084 23112
2393 12994
4626 25908
15706 22511
1552 27954
7945 26981
14609 26451
6177 20630
2170 15736
6227 26259
3326 16360
16986 21798
12252 17554
17306 19800
391 9833
2665 9074
14595 27374
3269 25306
9532 10547
14954 25962
5661 21737
13681 15271
13943 27587
3002 20922
99 11809
11697 18369
10195 20053
4817 20754
5985 26194
1579 20428
13599 20940
10700 21831
1795 23608
9736 20610
9012 21006
7595 17624
356 6957
5728 13741
3090 11851
8191 25575
5815 22040
7977 9720
23143 24517
19225 23157
12590 20279
4721 16045
6239 17263
4340 7484
580 9078
531 8040
4073 6069
2624 5618
20453 23347
16075 24411
9923 22634
11625 19272
9826 13253
12671 18443
16726 23365
2093 3638
2925 16314
7508 24862
10708 28160
11465 26638
5485 20296
2995 7147
17733 26168
11927 26928
15271 24380
18328 25617
14878 24208
12592 25025
10282 13343
5033 15823
8037 20045
14382 25838
3403 12632
12169 19273
23253 24238
16502 22474
18445 20556
9798 13117
8037 25229
12369 17717
19495 24353
9226 18823
8841 23361
7354 9129
5461 19641
4778 18833
4175 25962
20757 23096
3762 25336
18061 27423
7439 13905
1140 17938
6759 22457
16314 19947
4210 15391
369 14995
7283 7979
18360 24191
7968 22232
10935 14240
2537 14323
24904 28198
3491 13764
11928 22232
2133 11269
1141 5324
10874 24799
4109 22814
2548 9823
1589 5351
8132 22756
10444 18533
91 24164
17613 24309
11484 20012
374 3159
6222 7283
3852 12545
187 2050
24065 27824
18042 26449
2314 11813
5390 21787
1819 15894
11384 11653
7328 22371
3892 6914
17769 17819
683 20841
13233 16424
8081 18559
5036 22894
2001 15046
1902 8990
19533 23619
596 27052
9940 9968
3957 19704
4216 15504
12368 17456
9847 17999
13969 24149
5989 12483
4445 18226
15710 22390
7624 12234
14240 18751
10424 23830
3197 13222
14692 24389
4962 15840
11668 19691
3638 10023
5112 8715
25598 26535
11153 11464
14429 22587
14609 23130
7731 11755
2782 23904
24780 26513
7896 25769
15347 15676
1543 18598
21070 28134
9710 11133
3084 20448
88 21245
949 22092
15271 19180
5587 9769
3201 28049
11340 13337
21079 22165
1196 16937
6465 12804
15723 25817
27263 27805
16094 18627
4600 6668
6085 10464
21191 22156
2245 13681
5983 18745
1588 8750
7834 11484
10393 12618
12387 19127
1381 5198
4965 9558
13208 20743
16850 24393
4630 9053
19053 28035
14104 27760
10243 17597
10587 17435
495 4101
914 18436
21083 21201
1967 13685
6401 11417
2660 19509
327 11030
11323 16184
728 27271
2602 15184
7265 23676
20858 27669
229 20238
8911 25248
5284 12444
25866 28166
24105 25995
9111 24856
10454 14082
5065 10833
15976 22321
515 9403
882 21730
2396 23610
19897 25943
5485 23120
313 19829
4188 13877
400 1408
5472 10945
5955 8644
2831 15263
11989 25919
8271 17348
14818 25780
2648 22973
2413 9602
22498 24081
8715 26437
15931 21790
19896 23143
17530 20424
6759 21908
12402 25008
742 2298
14481 17760
4287 5167
15163 16642
16709 18362
7373 7549
8269 9838
7878 14159
23733 27652
6895 8337
7202 24820
7154 19948
5971 12343
4821 5377
1878 24068
16456 27089
2135 4197
3930 14200
14598 14631
6188 25250
7927 19852
19474 22396
9132 15702
17472 22056
19552 26232
7885 13999
5719 14035
180 8931
16094 19469
22495 22992
21598 23918
12344 17431
4826 25961
11825 25639
13081 17512
22078 24240
4373 24904
13796 21018
1920 15620
15178 17957
3935 19714
9476 9614
4386 5641
21473 26372
5626 18039
7937 17239
2154 27887
9067 10114
14579 20442
5725 5943
8157 18567
21356 22345
15282 20318
3311 17958
18000 24067
3082 10230
16718 23920
5237 22449
24745 26754
1680 27125
17761 24752
272 344
21491 28115
1658 10740
24216 27652
14564 26086
7582 20401
8363 19610
8679 27263
12134 13367
6461 14758
4693 24610
12781 21385
4485 8875
5371 11212
14477 22640
2667 21036
15425 16129
4511 15538
19839 28032
6750 21293
12228 24170
9904 18541
12887 14193
4065 21328
1643 2596
14623 24634
22469 28077
11450 26366
1697 9205
343 2570
7877 26974
6517 22376
10242 13462
4639 26397
12837 27675
3856 8952
14155 15392
13985 16052
18235 18529
14964 17141
12326 15251
11254 16526
808 22224
13556 25559
3089 25349
4626 10298
722 17338
8964 18833
13193 23524
2677 3915
9095 22216
7751 28179
8057 10935
22789 23092
2505 14200
6349 7202
7341 19765
9528 21849
16708 20161
7746 7921
14022 16062
13034 22588
2440 27121
7404 19268
23119 27719
711 11049
7205 14418
17020 18463
16258 26061
9636 19160
86 16071
19871 27564
19953 23254
17836 24069
10889 25724
14979 18051
15177 26336
9006 17911
9842 23255
18343 22092
1356 15327
1017 2576
6700 23139
4921 5196
3162 16643
7362 8177
4570 27247
14942 19656
18318 21387
4626 9253
14294 26837
9382 13576
99 19409
3354 14549
218 13062
12668 19127
3488 5196
4469 4844
15401 20109
68 1284
23563 25317
22917 26364
9524 22365
4141 9254
13264 25586
5361 17928
17714 24137
16751 24513
25270 27034
3234 18408
7185 16106
14077 23359
2667 14966
65 11134
2986 17657
9417 17349
13581 13678
3482 11008
2929 11521
8085 24966
16984 19242
10368 11194
2521 3729
21650 25680
1239 10042
21925 24415
17961 26258
201 26916
341 15695
14508 25735
3605 17660
9285 25684
3307 21067
2170 11251
6705 24450
16700 24660
812 2088
5071 22267
9611 15417
671 10218
8985 13512
2016 27495
1605 27406
17037 22901
2220 5566
13977 16234
2233 10216
10 26716
569 22033
1790 2315
23867 27468
25587 26277
12606 22441
2028 19111
7215 14005
5656 18138
14532 27277
7478 21647
6269 12606
14175 14534
16243 24998
2429 13360
1246 11093
15734 20054
4829 21049
1482 21209
10986 26371
1106 7997
6994 21559
7247 15913
6372 22180
7019 9524
2276 9553
8864 27837
9993 12081
5287 15340
12672 26819
11417 21625
7804 9553
14675 22165
8318 13216
1026 4625
1651 6695
12708 13180
6589 22684
3592 26813
8294 8814
4441 18726
3023 21868
13291 27382
12666 18963
14959 18547
3287 20721
5681 27621
594 26525
774 17512
2547 20756
5034 11484
16640 24062
14187 20069
9533 25740
2324 5444
620 24676
18778 22390
16351 27660
19021 21272
3307 4870
2566 18985
3727 12891
6426 21938
11003 14040
6366 18926
7523 9226
9574 13150
3647 3872
6078 9584
7592 11814
4256 20860
1195 10183
820 16351
15980 16678
9890 12539
5623 20315
13619 14242
10047 14987
11028 19670
7003 26546
2321 22399
16998 27514
1130 24759
15386 15747
16333 21753
15292 26801
16560 20817
7744 24392
17302 26736
9871 24576
635 18823
1162 11147
398 2236
7945 24354
10207 26265
7404 12155
1321 14088
8939 24900
4450 26235
19522 20086
1920 25357
3994 20307
1251 1424
8404 25362
10517 25513
4096 15818
10921 19784
4149 21058
14437 14998
8373 12471
6539 26273
3944 16373
26457 26673
9465 17823
16322 17004
1950 14785
8064 9676
20902 23369
11264 15133
17325 19534
9422 12765
8923 11905
11816 23593
1999 9638
8240 17863
1613 3289
3644 17479
6824 25981
1950 3267
7166 9416
2297 22320
5781 6333
18344 18795
1073 21798
3354 26931
6898 8410
917 14471
1746 18655
1342 8719
890 8459
23011 24149
2120 8275
14534 16953
4074 23970
12754 13647
9675 27105
6037 7315
9583 26587
13227 18547
6952 19396
4012 18472
2619 5014
4248 16879
2334 21056
8985 18594
3580 22157
25146 27821
7638 27072
22580 26929
10935 19639
4581 23450
3810 17530
19712 27569
1065 12848
401 10756
1033 20758
15785 18004
15074 24028
18643 21490
4685 20859
1295 25278
3280 17264
16251 23711
7584 25623
3257 12696
19326 21409
4523 26829
16956 17563
711 10391
9394 22603
10952 18934
5780 19600
1727 7236
5475 23608
6001 16909
4642 26589
12067 24297
12264 24444
10800 15271
15478 20053
10598 23535
17778 20589
14999 21032
4715 18720
2440 26344
3762 3856
865 12836
12034 21945
7950 8873
6558 18369
4640 12397
3662 19073
4098 18171
477 25929
5418 12120
4080 19449
2454 17584
11039 20743
3527 23240
13853 15893
8714 14148
14649 16231
8990 10516
18295 20758
2929 24904
4199 4758
13421 16679
1475 10887
11450 22310
8705 11701
2383 12331
6940 24184
808 14791
4178 22553
11342 26991
12956 15446
1713 25865
12451 16377
1308 15803
763 17543
15686 24061
939 15740
14944 21746
866 7591
1056 4959
10971 17407
3396 12668
9192 11138
4102 26775
4381 20906
5976 11006
3354 8806
16194 23767
476 22329
8526 17763
2474 22976
1613 3779
14066 23754
2172 26478
15690 27805
1920 19140
2998 27192
18791 20116
5454 6865
1933 19047
4968 11263
5626 22295
8809 25433
2143 25956
3277 4080
18170 19309
3382 15453
4096 15638
13253 17538
4367 27505
15079 25046
1767 24756
2701 26869
15543 17963
6801 20395
6461 14160
4724 18104
10541 11951
1630 9520
11351 27287
21642 26128
8392 8931
5189 23954
13888 14193
11963 25262
6022 24731
1659 21944
2657 4477
13736 18777
6319 10040
4926 8516
24202 26628
9654 15854
20258 24830
14683 17952
10595 23927
10097 25666
8796 17144
1031 1590
967 2162
3448 28193
8957 12145
4594 7414
14728 20558
3506 6130
1086 7950
12861 13027
8954 23637
24005 27128
2144 20813
7040 25306
25991 28156
5832 9448
17630 21564
11443 25454
5749 15178
18947 22205
18678 21058
1251 21650
1071 17543
2215 11828
4218 16802
4190 22737
21844 24024
9631 21688
14564 18344
11817 13032
4346 23007
3293 17496
1538 27795
3206 19115
4557 15900
867 7140
1456 8764
8424 11048
2354 22119
24023 24064
17165 17779
6562 10160
3734 19276
4581 14311
9708 16737
21140 28237
9730 16467
13025 20722
7725 16665
7680 23172
9086 17530
6085 16563
8158 16491
18229 23086
1020 17797
17833 22956
20370 22599
3501 23633
15804 27740
942 22616
6820 9087
6039 18843
9811 27702
5014 9012
15384 17483
3286 12407
6044 18056
163 13603
1661 18267
18920 24005
4504 6531
6616 25036
16906 21770
23914 24782
8757 23119
11812 25689
731 9909
12350 20355
18425 21633
10086 19254
15369 21359
3380 4637
2758 7987
6382 20947
9595 23209
16150 26407
3406 20046
7880 18251
19895 21459
16018 16550
4523 14957
17238 23489
24862 26536
3279 10126
20427 21864
21209 21296
5617 18263
11746 14228
20339 24104
14581 21675
1600 27170
3539 23170
11711 28055
6177 19736
3663 12193
8833 12386
15690 26168
4967 7508
1412 5183
2044 13171
784 20795
15682 24231
115 8472
811 16190
14491 17260
10674 19857
16131 23493
7050 10581
3317 19890
655 5784
17481 25278
2040 24817
10920 13018
899 9350
20610 25738
16956 21320
16355 19894
21111 27612
3552 23023
2818 22956
12525 14968
7473 16686
9026 24782
17985 21079
17907 20053
12866 23653
19008 22556
14771 23372
11045 28063
1520 21415
3793 21143
10197 21798
3878 22311
19739 23557
389 7198
10277 16998
16552 22044
9268 18808
11113 17354
406 1574
14136 23230
5827 28071
5913 22515
2170 3674
5190 11606
867 22911
7103 15942
3807 6255
2468 11697
12086 18761
22112 22479
4136 25754
12560 24240
26476 26905
2522 8326
14663 24435
9072 26089
17819 21798
16928 27932
6618 10839
18115 25468
220 7360
12988 18370
7604 28268
13960 14521
3654 22487
8579 20092
230 4076
3395 11931
17379 21008
2330 14652
3856 6518
18846 20953
4328 24601
5079 14443
410 17051
691 13980
14588 20816
7482 10874
14691 20986
20841 25428
5747 25167
22355 22557
22794 23569
4623 11251
4142 28211
9879 21449
648 1706
2255 13266
16615 18313
6137 14033
580 24160
6190 14471
3727 23741
5079 23615
4861 8148
3472 14809
3329 10874
5943 20586
334 14809
6243 24069
2118 4356
6225 9525
198 22602
11877 25525
793 20233
10432 22230
5711 11294
4693 18290
9651 13367
20408 24467
8384 22835
3634 8380
5437 27823
1765 24053
1568 8646
14041 25219
14093 23932
4205 5893
25781 27117
18430 26410
10756 17115
5254 26686
7889 25427
485 24131
7419 13839
9801 9841
1138 8817
4751 12092
1475 6127
3556 24648
8081 19348
250 1440
22046 24403
7985 27955
8144 13480
6601 23083
12917 24189
18155 24292
19409 23679
935 27999
1771 2882
13074 24866
3698 26779
13093 14074
650 22651
14777 23916
5687 20826
4274 12056
24167 27382
25828 27001
211 2388
8470 18497
7915 20930
22273 27173
17562 21171
941 14186
10036 26154
7997 21366
21859 24361
16181 17933
2190 24330
4676 17011
1534 8924
4872 14070
11009 19877
6656 9226
1819 13945
9018 24451
6293 6987
3267 8657
10538 12633
13046 22768
11262 18440
13856 22549
13517 19539
12215 22565
4721 9356
4096 16991
16194 18659
11096 14611
14635 18304
18803 23251
11666 18136
1900 21849
499 26438
10729 22157
584 3869
10800 23338
8318 27788
4656 9219
14025 19784
8646 21320
21731 26161
2452 25063
1590 6284
446 12153
9349 23087
13937 14976
2686 13282
693 27074
16619 17923
11319 12383
19760 20235
3885 14129
16056 22713
15942 20861
5815 6672
14631 16668
13677 20195
18816 19529
1499 21111
21228 22180
2120 28053
5412 10150
11877 23593
10472 21834
12652 20028
3471 15684
6426 10942
1694 8526
421 14557
5943 21387
16457 23627
11712 25621
4234 14571
9159 11821
5003 10570
18516 27052
7933 20395
7559 23747
11783 18520
12244 14835
9263 27222
3446 9360
19801 24082
12130 13619
15271 24131
5676 26990
3571 13115
4397 8539
14208 17067
2547 16073
1745 23445
3183 3294
2368 22162
15301 27594
15059 27669
14481 15906
7707 17601
1621 1851
1417 10972
17020 26743
13673 19879
11708 18952
4931 9745
6587 16338
16352 27818
5767 8801
24815 28148
660 20774
10839 26497
6403 23225
3562 17603
12226 24255
23910 26745
4190 5147
13168 13289
11082 15866
11035 18745
299 17422
3646 27347
3283 21167
13111 25607
11255 15335
11783 16102
1350 3126
7131 13885
4172 7475
6269 17742
12069 23444
11565 21351
9524 12341
6188 21523
20423 22156
9011 21616
2849 25708
8500 21162
17526 18293
10487 13827
23929 25012
9367 24145
12331 12542
9683 14771
2002 27841
10236 23411
9524 12085
7236 23799
18633 26787
3287 10205
507 16557
11193 17456
3019 3501
344 9750
14254 25283
9988 24990
13472 13699
811 19082
8026 26161
1644 7102
1112 9657
6591 7826
3961 23023
3734 4201
369 2272
11733 25618
14474 19502
7323 27085
15450 16547
161 10559
19372 26927
7107 8314
14541 27117
4407 25174
17423 17905
2245 7627
25524 27702
2623 18659
9939 19744
24154 25262
1338 28274
10652 14024
13753 18662
7708 21892
7820 14445
7289 23372
12577 12895
7016 26877
8148 16513
7213 28255
18225 27795
14657 23469
4285 10003
1275 10119
4162 16258
4159 14037
18138 24709
3940 8985
3594 18792
11482 22371
6568 24450
20849 27252
9632 23369
5988 11805
3884 20114
6045 13407
19061 24744
12967 26674
1364 11718
14474 21577
15507 24611
3734 18421
16679 17938
11479 20715
12852 22319
7333 14086
10002 19514
1496 13270
2785 18971
2491 6516
19086 27821
9408 18741
2847 12598
23963 26334
3965 10863
7813 10711
16600 19226
1200 22222
17599 24950
2764 8025
8376 24606
8345 27331
6495 21567
8100 11584
8672 13386
3110 3239
7336 10552
20899 23115
6156 23521
5624 8471
10057 11059
2474 21260
11265 26606
1111 13683
15694 24696
15141 18721
18950 23143
12785 22192
345 16493
2589 10464
5483 19632
1782 2466
9393 13682
16467 19162
9860 16976
9198 10292
8841 16094
20550 23656
12114 13086
5505 9305
6094 13831
1511 1850
1655 12929
6728 13937
14757 19124
14308 17836
14240 20901
25034 26230
3859 19221
2121 25074
175 13132
7668 14104
16847 26481
12689 13051
11258 24410
21207 27494
11537 15622
9569 12869
16276 24127
1050 10252
15547 26027
7017 24989
1934 23359
12128 18954
3908 6832
8511 24248
3892 22857
4454 21673
3024 22182
25440 28020
1398 7744
2110 9572
8817 9002
6618 18572
14764 16956
2667 19192
6994 17446
3351 3643
1531 24721
5738 23771
9999 19811
24872 25923
19195 25658
1008 9720
7743 22262
17280 24843
8924 25630
6174 22764
11971 15853
10498 13807
5139 8162
8669 11463
22947 26717
11226 13763
4289 14555
16867 27500
5942 7624
7135 17769
8100 11032
12765 27890
7300 16614
21520 25675
9609 20589
1281 5950
7489 7523
12579 26731
21131 21662
17196 25064
13899 20007
10900 17509
18491 21908
4701 7523
3609 24005
9646 17896
4418 9150
4740 12237
4365 7623
6172 21564
14519 20030
3404 16153
2787 18379
1410 21000
17028 18798
11327 14690
15158 19171
7728 17194
828 4857
5614 21770
4386 21962
2624 25959
9006 26867
2928 21491
18247 22154
7420 17473
16176 17008
485 6914
4623 15705
3114 27727
9671 12918
9615 24708
13513 23574
16487 23070
12689 14534
303 8846
872 26716
9214 27454
16704 22124
15768 25954
2332 20667
15480 18185
14668 25563
131 7488
1124 11954
4595 16656
877 6261
7735 22588
1804 17630
2871 11059
13259 25487
12004 18724
7306 15738
10389 15047
4189 16262
8959 21023
9274 24738
6001 20033
21054 26958
6942 18202
6 935
2030 23668
1745 2447
17111 27495
9261 16490
1138 19775
3609 20786
13851 16596
7111 19817
1168 26114
14893 26709
605 23472
8488 23345
10612 12399
17825 27244
16829 22466
6701 16241
534 27355
14273 23609
4377 16190
7205 23608
13221 19714
6551 12817
13663 16936
16490 24822
7031 22071
8410 24555
1809 15290
16720 26094
17599 18217
8756 15376
424 15964
5918 6518
5344 24884
2782 18018
19222 27676
9582 26721
10692 17953
6158 16953
19909 24947
1229 27790
1075 5081
1230 2276
1923 23566
7342 16404
6749 27834
9330 11755
7188 18206
20314 24899
8155 11480
58 10072
833 25962
2944 24005
1123 16621
16349 25998
1469 26661
5824 8898
16083 16983
15271 25083
15164 17911
8151 11831
11086 16152
14359 28077
24908 25857
13187 17863
2592 4954
6489 27676
9174 25906
24576 24629
3757 25039
17678 24150
11989 13328
18669 26441
10639 16642
4207 15018
6928 8670
6606 14437
2087 20144
798 27619
18798 27849
1104 3762
10053 10508
3750 24676
17693 26099
2215 13841
7124 15201
17926 20195
127 16955
3829 4780
6426 27013
3054 28170
4693 22903
4717 12525
1501 4587
15302 19021
9114 14550
12664 28209
8317 11859
13033 14710
3370 15660
15682 26151
5600 11944
9940 23873
12356 18744
1256 16221
12707 13353
14361 17892
3337 4498
1106 19056
4827 22651
23927 27991
3275 27430
2297 24095
1126 12945
11531 21129
5096 7707
5906 8592
11551 26413
7387 25067
16311 22165
2031 5737
782 3296
1767 21974
948 11188
12610 23083
16240 23696
10222 19819
18704 23296
1878 10199
5204 11295
2914 26788
9543 17851
18033 18690
12042 17896
4332 16362
10844 16197
8853 22474
4422 13542
15297 24290
2856 19007
7446 10041
2003 21090
7649 9982
17504 18724
2289 17441
12565 19154
5383 19285
1437 3040
12214 22322
2718 18848
3390 15047
8855 14177
20722 24923
1776 13220
3183 15900
7584 7707
8057 19670
17821 20841
4606 15931
16553 22357
4336 10685
21759 25904
14964 17020
17684 18154
25174 26092
5582 19133
13970 17823
19382 22842
6127 17429
2711 22650
5661 6040
6355 22653
15405 22674
12128 18709
14965 21814
1234 13354
7984 10662
10326 27882
7523 21450
20890 24326
3125 25542
5540 27290
9704 23106
5629 17110
4717 4751
8706 12484
15871 19105
12411 24828
3101 20480
10219 21994
19115 19874
12913 17293
3052 17568
45 5751
1852 22546
2330 2832
5751 8209
5047 10039
10612 24610
9803 24395
7041 19059
11866 21182
15938 27311
14345 20144
518 15149
13711 19510
15441 27223
2484 10225
108 20666
15804 27121
8855 17207
3014 8704
8756 15987
2648 25981
1605 13351
1027 1767
10586 19247
8459 12049
248 13195
5569 19257
978 10825
15922 20432
10296 15053
3383 20041
3828 3833
3357 23044
2202 22254
8908 26074
2646 11199
2655 11785
12066 24122
9481 27083
2985 7566
7091 12444
2031 22445
9004 25586
6516 13512
8458 23430
6755 10898
5827 7288
11416 19666
2676 5485
13221 24589
12088 16656
11784 22918
8646 18416
9408 23269
10068 21797
14445 19155
868 10598
9162 24432
22179 26373
11696 14228
1064 8220
6562 9867
12520 14727
12399 26503
1899 7337
13619 16083
6569 12474
8372 11242
7927 8781
2274 22004
6994 9119
19902 28084
4849 18553
13700 27084
22290 26957
8430 11080
19004 21647
532 10646
1516 9465
1893 16535
16210 18823
7518 23294
19512 22862
11134 15376
11735 21045
20447 26107
597 8558
2815 4574
5669 11336
9167 27896
3526 27506
17315 21671
25154 25402
199 4120
14876 17898
3440 15232
5189 13294
8190 23526
24378 24950
12572 16904
2764 25559
10438 24127
7023 7260
16369 22326
16915 26845
14564 28211
4422 17421
1878 21458
5079 12941
4260 8396
2171 26093
11636 12397
3056 15009
10225 16276
4155 20209
9626 11128
20622 22734
10972 21345
17487 23608
11417 22852
5344 18304
5719 17213
9038 14143
25666 26134
4068 19445
12551 18713
5669 16402
13455 14171
4977 11836
3819 17077
3741 26865
4369 22606
6749 24242
12250 20133
7014 7344
3936 4581
14407 15969
3810 24274
13086 27805
6309 24873
8624 23363
4232 5071
13450 19900
4669 16328
17158 18002
11221 12979
16197 22857
797 10807
11580 25446
15907 27433
4167 20732
10152 15676
12403 24746
6381 19783
11796 14459
5413 5461
3482 6788
8388 14491
9084 10490
1902 2598
7550 27792
624 25378
5984 17383
5196 18114
10830 17164
18515 18595
23797 26628
2213 10390
14689 25381
175 4860
4890 21390
2697 12357
9454 13353
8500 23402
3728 12612
3051 19968
8040 10559
20391 23104
21628 22172
14010 19853
15608 20045
5899 14124
2414 24613
867 24644
6972 9846
1545 25229
7350 10952
2033 23329
3728 17175
11045 19818
5832 27399
1925 3181
882 5448
24 22558
14555 22663
1360 3805
10935 11727
19813 27660
9816 24610
293 8074
14633 24576
161 13131
14965 23942
20922 23061
16954 22350
14664 17731
4945 14576
19865 23409
10927 18938
16647 24061
16963 21248
22080 22334
10301 19216
9410 27524
10935 19140
1613 25879
23113 27019
16092 24515
12532 25470
4391 24062
3634 22481
12214 25336
11793 26432
14794 27129
5768 20551
4253 8497
8804 22460
1622 16628
2554 17718
5522 25299
11450 19062
10746 17281
7392 7621
3321 20800
19542 21203
16901 17489
17505 23437
10348 15636
20314 22890
15576 22417
7776 18622
1045 14557
6942 26724
11495 12956
201 26682
727 22865
10839 13042
1964 12158
898 12512
4665 5724
4271 14350
8595 16766
10748 15212
2379 9203
5716 12341
4932 26372
19289 24387
2213 4573
12952 19505
13233 27102
11235 16398
4468 7982
20328 27365
12804 15642
17773 21139
12444 20667
1055 25692
6063 19695
8488 12945
12244 16112
2412 11341
16478 27541
11797 18354
1243 9368
9841 18760
3296 8669
17936 19587
11014 26137
20417 24081
4548 8317
2491 21057
7961 8280
14500 16138
2212 8936
2614 11601
9453 23960
3741 26708
20490 22989
19584 20749
3163 14055
15271 17164
616 16946
10740 13724
14987 23104
717 20167
7915 8020
6235 8858
2230 24823
5598 13900
16884 27815
10450 15691
23661 24377
22605 23392
25088 25412
88 18324
10399 18454
7590 27727
14631 21118
18952 23106
3643 9543
5796 25009
15295 25433
923 7170
5003 8875
2635 10178
1936 23600
566 26546
4581 25433
4623 9569
2648 15034
2003 7540
8874 10314
4419 17798
396 6876
2744 17387
2195 20481
15116 15617
7469 23143
1373 16708
6848 23332
4514 11888
17475 27485
10666 11073
8875 10006
19927 22020
4959 23442
8108 10920
23214 23663
253 21225
1555 3321
6065 9371
10185 18038
1727 25977
8070 15365
23431 24601
13214 24445
2944 14309
10012 10369
13078 14487
8664 10488
6614 17416
867 13186
1178 3819
3622 7758
886 23381
609 18944
2392 22267
1711 7737
9285 18867
9690 22562
5576 5979
12651 24689
2709 4185
22746 23710
23400 24600
16687 18753
4967 25083
7867 12363
5716 20504
3698 19537
11565 12226
12405 17341
4581 19715
14534 24224
10785 24557
7206 18373
3273 26016
1197 27771
5313 22230
4599 6785
2128 21244
11311 27314
5252 10838
7861 22344
10166 20299
14830 24589
849 20431
6817 16983
1972 17123
928 5850
2539 11443
4232 4296
343 21372
1116 8597
10971 22265
5844 10326
18247 22842
20235 21925
20130 22035
20657 20754
18443 24023
4044 16129
5126 14398
5373 21659
7213 22308
11520 16957
19140 26364
7366 25831
10496 14569
837 23026
17159 18276
3686 22007
4849 28031
4408 5130
8368 14792
24454 27913
15104 15419
8037 18280
16814 20131
570 2029
6806 19276
7567 22805
11743 26153
674 24055
14559 23361
2443 16119
15201 18533
9080 10427
18906 21158
23396 24921
2744 18775
5964 15517
7135 10688
13032 18626
20558 27458
5574 6294
8356 26497
5951 23662
7608 25732
7419 20974
7397 18591
7536 11286
15259 26161
4672 25403
7827 25997
7260 7626
4802 21798
175 26161
21442 27495
6924 25740
22878 22966
8076 20758
23722 26706
17529 25382
1575 2526
2475 13870
692 4201
11011 25634
9494 25095
1050 24522
22833 27329
12068 24180
21677 27458
19167 20550
26262 26992
7362 7387
14254 16085
3277 8499
229 22225
8241 27436
14029 27706
16383 24408
18431 22821
3770 27455
211 28099
6094 18669
1196 4196
10630 25568
86 26908
3761 20958
5496 26539
13686 17284
20985 25091
15713 22379
1516 19781
25839 26957
3705 21079
3979 18563
19561 24164
5703 18132
3741 22846
15392 22956
5229 10737
19512 21349
10324 13901
10535 13115
6541 20671
9496 12725
5250 8263
15505 15620
5274 22421
3259 10109
1851 17481
14654 19564
6875 10399
4332 14635
19068 21101
9776 21602
22040 27033
5755 13141
383 21830
11150 24287
15748 17511
18941 26846
15847 24552
14108 16366
3750 25012
4650 12137
9338 12708
18199 22843
14197 15844
17643 23346
10645 11151
2894 27462
6458 25993
17509 19383
9755 21453
10920 22210
10333 18434
5691 28040
894 6166
1803 6332
6378 26169
6190 23742
1422 19189
3852 6427
9720 25336
11893 18265
13328 23047
14096 24027
5601 15996
3779 4191
12929 24608
12945 14384
2189 17457
9465 16581
13202 16905
8468 11697
4828 8934
10166 12424
13844 18599
7145 27373
2109 15561
1863 22818
11183 18106
14124 14301
2958 5506
16978 21804
7881 20620
15190 22300
22162 23409
3191 26457
7523 15410
3772 19547
9835 10101
10164 13679
15840 20288
1672 23721
1995 8730
3625 21753
5204 5786
15857 17141
15553 20347
1019 11080
2619 25491
12968 26308
2727 23858
11953 21766
547 8781
1497 3261
6940 22954
25607 25636
12237 13945
20026 21671
6284 27385
1212 25708
13661 24588
15921 23662
13349 22448
11483 21692
683 19517
3873 4801
13328 22581
20332 26840
4571 14672
1036 5371
14135 26689
20446 28235
10218 28049
3000 14546
5355 7802
9784 13522
1713 21619
7350 16758
7241 25553
3412 16883
15971 21859
20417 22607
3532 12474
14684 26212
1294 6760
6110 21493
1573 23214
13663 21003
16785 18667
1039 16369
12927 17097
3648 12792
6541 14679
262 2530
12090 24956
7015 22131
22696 25343
12422 15388
3401 18046
9799 23537
12097 18448
3580 12737
2072 5399
3584 23434
3997 19805
20002 27782
4292 8837
18993 20554
19853 21066
2906 19991
12131 16781
8438 15575
9004 13711
8368 14728
12404 25904
7139 11692
18529 23061
8011 25707
25409 27790
13823 13856
2210 24774
12860 25160
1374 27703
17679 22460
3903 18346
8122 17961
25819 26799
1568 17870
25380 27981
12279 17526
1131 12082
16911 26998
13566 15085
9323 16289
6497 7791
17693 17698
754 22696
17761 22905
13701 27374
15543 26541
24063 25853
867 20758
2595 16928
3781 20190
2339 4156
4078 18967
4726 7223
18932 21577
521 7178
16115 26522
16644 21883
16895 27741
10971 25552
2369 3957
9356 13091
2864 9956
11722 12184
4651 13154
1338 21178
2905 13663
13891 14681
16867 18560
6357 8001
15789 24069
3882 17236
23743 26095
1178 21416
22173 24715
106 911
9002 20760
11621 21770
4394 10427
2470 21423
14140 17879
11786 12698
1728 18945
9114 19172
16642 22882
16899 17737
3522 12653
14590 21792
4600 15162
11242 25962
12402 13663
13405 17660
2864 23060
3859 12538
14835 18001
11755 19480
2915 24410
6231 7758
4563 9782
2958 20092
17146 25108
6437 6773
15642 28156
1484 24066
9536 18452
3728 21633
7106 16438
12740 20654
22787 23042
26317 28278
11030 17407
2314 13597
799 20959
2383 24136
5616 23267
10871 18660
5608 8588
10325 15901
3566 3663
3041 11055
4546 11196
6377 8157
10191 15368
2929 8068
11416 12428
19548 20594
1605 26907
3057 12285
8806 28211
19223 21646
1138 9020
425 21823
3446 9956
501 15031
25410 26993
15321 18537
4221 14695
2186 4211
3566 6972
10160 21552
8266 16755
3864 20754
3399 4340
3917 21939
22983 24498
19494 23679
16623 18845
8202 26594
2206 20674
10230 27417
17585 20096
7350 24136
10344 18817
6914 18541
14873 15804
10478 14463
14012 24937
2050 27923
2105 7330
17819 27085
2004 24848
9136 26554
10967 25232
4139 19714
5367 23153
5284 22457
16879 18117
4087 26717
14156 21505
24904 25903
2245 19039
5900 9699
3806 12291
7917 20027
13780 20222
10873 20773
867 3141
6640 18606
12089 18236
1106 16180
21102 27578
3827 28238
14072 28044
3187 25138
600 19826
15842 22309
4626 27382
22452 27069
11979 24944
12549 19133
9992 23162
7611 14460
12334 12472
1300 16684
11461 19844
24888 27899
396 24448
8075 25629
495 15201
12999 17098
8128 19849
9536 17304
9252 17762
1126 9524
15346 22556
7703 23420
16766 28021
2245 3300
4974 13022
23574 23619
5845 18580
428 6643
6669 16136
5007 20424
10225 15985
6832 25453
1181 18146
21045 28190
7471 25908
16377 21700
13656 24862
19164 27918
8912 17653
3140 25317
10800 14706
13504 27751
4079 21831
341 20162
7783 27296
6695 24799
5008 26497
1613 14546
8679 21296
10438 17981
1126 7695
2003 6187
9905 19410
4623 9703
22519 22857
6444 6793
12465 17020
711 22892
1049 25626
17405 24332
7937 8341
565 27373
17350 22810
1023 4012
18004 24778
14383 25956
5665 21278
15409 22420
6301 24613
3741 11860
25008 26457
4175 26201
16245 24861
8850 18211
16843 25472
13053 23754
2189 18521
5697 24857
12947 24226
24838 25966
822 2262
4282 19275
12877 21502
4282 21423
1657 18950
722 25658
19037 22779
5042 6120
4192 5528
16865 20639
10287 16984
10618 15237
8073 13624
7426 25080
19371 27208
10320 16451
12981 25178
1152 1429
15153 24836
175 13481
11495 19817
9837 18318
4609 17254
7832 14046
4660 20935
11743 26673
17889 21266
22506 23797
16311 24935
3562 18908
2621 15611
2296 5114
9910 24665
1933 20778
12430 14887
6068 7448
764 23499
7772 25981
9375 12367
9558 16884
20078 20735
14933 22156
771 27678
1122 16866
5177 17966
10822 20626
6432 10546
580 2197
21213 28048
14858 17162
17483 21680
4442 19964
8846 14023
8787 22498
10242 15477
20582 23265
3544 5495
11858 16036
16201 20258
11188 24122
15905 20210
2029 9030
22606 26239
13243 20116
14672 19868
15284 22185
18470 22492
5626 25437
5609 8441
15184 22575
13428 24832
16453 18012
17041 23516
9514 14987
9907 19401
3592 10340
14904 19138
10577 18348
4323 14010
1188 24280
12959 13181
9696 24405
22644 25647
4551 12291
5618 22965
5753 15893
3095 14346
15476 19409
9144 22493
9896 12369
199 22182
5463 13442
175 26290
3566 7610
5787 7002
7072 11128
10778 24090
16919 20816
13294 19888
14835 24922
24199 27381
2556 25833
6692 10286
396 16806
8761 25849
3154 4498
12931 24557
6929 17345
539 27096
4591 10195
16488 21480
2759 2869
1 14603
1799 14942
5332 11610
5332 27651
1562 14016
2612 26853
18192 19275
7388 17832
3277 10197
2707 22858
2170 3598
20667 24104
12849 23605
2604 14072
2151 23459
14380 23278
4335 5905
18850 24131
19768 28156
1106 15037
2592 25177
865 12205
11386 15133
5984 11880
1071 18441
17742 21633
12327 23366
60 2482
25630 26207
16949 26643
3942 8841
13652 14938
15001 25978
11744 26459
4388 9017
10442 16478
1050 14272
25100 25180
4561 21038
6825 6832
1033 14798
9036 10051
7128 12356
288 4821
12792 25817
4489 27608
4295 19606
5004 11696
8798 15606
1511 25470
428 7151
21521 25576
11809 20367
686 1830
15205 23303
7083 24377
3741 24852
2053 22022
5641 22110
16431 23976
7512 7894
2660 18649
13456 27652
14942 27983
909 4110
294 10747
10867 28228
3728 28130
17465 17977
16228 20340
3354 27841
11578 15130
18620 25081
2268 2297
3052 17507
3080 26397
19675 21983
10185 28126
1621 17507
4127 20743
6418 21687
21849 23415
22256 27078
22954 25012
20860 24374
1389 9160
16587 25230
3825 25306
9834 23608
1666 13623
9482 28023
5767 13396
21828 27582
1756 12480
17214 24274
21537 21791
5403 22379
6268 18305
23548 23983
9833 20141
11510 21716
16289 19964
8784 9884
14599 16205
2995 22340
4951 27900
9590 9857
1060 12822
4275 24936
2067 18315
8122 25894
14589 18788
7881 17591
129 9557
8650 13125
5699 14136
7721 16498
10119 19817
4826 14090
1548 28056
6367 16023
15895 17948
16276 19948
11319 27531
2475 25175
9847 14613
3972 10755
14604 19023
1590 16530
262 11323
9539 10543
14193 14240
9125 18622
797 25121
14420 15410
1846 14473
2296 12126
6269 22820
1088 15148
9670 24353
7047 18084
5178 26946
8746 14165
16042 16756
7471 18015
4081 28031
303 20171
14390 22688
3878 9604
2247 18799
4676 18682
21741 25438
20424 26189
11500 25917
1174 11985
1840 26010
1761 18665
9294 26740
1498 9583
13515 14474
5398 26786
27087 27222
10100 12916
13338 18287
7089 25644
14304 25409
1178 10321
3053 5274
18061 18870
9403 19787
3678 20835
24772 25175
19879 24187
18346 25735
24979 25626
3257 16587
5340 21833
4719 27279
4775 13195
4049 4075
12288 16038
4457 6924
11180 21794
21931 22227
15996 21304
4933 6760
12573 27158
5449 27470
10318 20000
17967 28013
1140 19531
7836 12792
813 1852
16767 18510
574 11248
24053 24506
222 5832
9523 21882
10222 22278
652 9211
5946 26750
1429 14777
6930 21176
135 6517
2219 25424
19892 20258
12828 22885
13193 21499
4861 9793
5156 23652
14124 15874
4209 7320
14228 23830
26313 27795
4623 15736
6372 18171
1894 10236
8303 15660
7442 10464
16454 27770
14534 26943
10036 13788
7488 16177
7030 9526
12908 24069
8512 11783
1108 11980
5227 16504
23997 27927
7350 19420
8270 25035
8669 22016
4614 14479
7568 25602
1948 4101
18608 23921
17812 20687
2701 12956
10638 24931
3859 17489
5331 6692
17188 22894
3410 18057
4598 5751
11396 27303
13054 15323
15055 24428
5636 12252
191 11227
11382 20626
1851 12879
11799 14691
15676 23000
3444 3581
5930 19876
621 17362
22396 24904
4312 19829
25110 27835
6011 22882
2458 17755
17702 27978
7865 25243
9728 14399
7831 19955
21344 27221
2363 10778
1317 5592
2173 14398
498 4806
5805 11115
6326 22058
7950 24840
4906 17740
11100 13757
7300 19068
2623 15190
20219 25358
1261 15010
5991 22690
10440 19947
4037 26373
14644 15200
6625 17923
15346 17407
8242 15293
54 18082
10184 25773
428 21711
4178 8718
14363 24261
7668 13017
10951 20962
6848 20876
577 10839
2030 17963
10937 27557
1657 21351
1213 13816
1687 6769
5609 12790
715 4550
19138 21041
10459 25586
7529 16110
7626 11634
3008 17763
4072 21317
2031 19757
8151 26031
86 4849
5719 22269
7369 23142
8044 9646
2061 9579
18227 24911
7896 8751
8356 22137
21950 26186
4732 17592
21663 25059
9226 16311
21407 21831
4992 24576
21359 27756
1925 18638
14555 19995
8469 19863
1223 27795
10394 19609
17782 22491
4719 5669
18984 23466
2363 5010
7400 9236
10606 18974
22118 22390
10581 17198
15983 21366
2655 13046
2943 4639
1174 8057
15561 24100
152 7929
12994 20319
3169 8785
1249 15515
16587 23555
2764 10348
566 18627
10036 27091
24057 25853
10031 23430
20222 23983
12947 14374
18657 23461
19064 25634
2605 7312
259 5918
18520 27867
4701 10463
14416 19627
1878 22758
8478 26184
65 2017
9286 25064
26053 26947
5763 24589
495 15676
297 27901
2780 20860
7132 16660
3147 11444
341 7079
7571 22337
18522 21514
21001 27170
12956 19525
20503 26753
15141 17499
14559 20953
12040 20569
1250 14907
12546 19601
24923 26507
12769 19293
18679 27821
7869 17640
4409 20522
10846 20551
75 22997
4845 24950
3381 28074
11937 22301
10161 16025
681 14129
1769 9738
7935 11363
8823 25867
12217 15678
26520 28071
22764 27996
1568 14226
11496 26699
1306 3733
8838 25828
8242 20869
9118 24836
14439 17341
10785 28036
3080 22079
3860 8895
615 21826
11148 11819
904 14021
1806 22610
9905 24280
20816 27579
25083 25299
11096 27373
7420 22256
435 10408
5635 21436
10341 15297
11795 14281
10667 16131
10853 21822
7158 10476
2882 19102
6006 8720
17259 21000
8394 15919
12735 23518
1516 20601
2708 27129
7031 18669
7985 12077
12726 16676
1239 1772
12580 24181
18051 19999
9482 21556
12194 20841
4141 15190
12663 26173
10926 26304
1047 3734
27189 27451
21544 27958
7950 9194
538 6017
8669 26113
6914 9426
17636 22565
917 6253
5587 26503
15426 21456
4394 23156
256 12651
2882 8785
176 5979
21810 26464
6549 13681
14287 25588
6188 13232
12607 13652
6523 12282
25687 26017
7635 21113
1727 10935
13062 19343
8122 18704
26892 27173
21673 25494
10916 23851
14010 20808
5510 12352
11157 12228
17486 26421
7498 8708
18619 26003
16173 18962
11145 12009
2091 20438
1228 13181
7290 13127
7855 11473
7581 12804
8972 17975
1878 2068
1170 8188
3638 21829
6284 24463
660 16308
12875 23843
17251 23428
7152 17785
19546 26844
7928 9931
9293 24069
4541 5949
15297 25925
2879 6220
18034 25425
1907 14342
2368 20579
22607 24057
27013 27801
13546 22925
19874 20504
16515 21929
1773 22460
4863 6320
16957 25189
10157 13437
4564 22729
190 25465
3522 13327
4081 16901
5386 15519
688 28127
5728 15964
15967 22352
17637 27901
528 21857
14901 23843
870 24850
15628 21569
13370 17097
7323 15047
7149 9416
14633 20053
9826 18241
13108 13972
1560 15617
19169 20899
10232 15891
16635 17214
9438 13346
8812 15399
1878 18206
22048 27433
6289 23365
6158 21196
15749 28055
4468 27193
15283 26758
17530 24095
4519 7484
4100 25747
14771 19445
4301 25538
6693 8863
17695 24131
12703 20711
5848 16113
727 23288
13561 18274
15056 22884
10393 11495
14411 21919
6505 11784
2646 3219
759 8020
21577 21804
790 26935
972 20454
8918 12847
12051 22321
17480 23236
12689 26764
7821 20666
12527 15402
9111 20527
16313 23644
15096 23803
2342 21965
5956 23036
17495 18113
15428 26437
4598 5628
15540 19068
23189 24687
15729 16369
872 27092
5867 17773
7346 8122
17457 23722
15338 15424
6342 17404
19210 20008
16489 27042
2289 9423
8150 13744
396 17823
16564 25704
9038 10055
14329 19445
1153 19845
1340 23816
1060 13421
3407 22565
10623 26451
8445 23763
15928 19857
1635 12214
15979 20487
11461 22218
15173 21464
7255 20310
23062 27481
17369 21688
651 27916
3932 22977
7484 9583
7297 23396
18984 22454
1037 14590
11064 18518
11490 24082
514 8948
19194 26476
862 1199
20378 23808
12031 23082
6156 18690
6382 20235
1449 20298
11397 19085
16286 23320
19015 21269
14474 23422
213 6547
12476 15457
1724 15665
2379 6152
11748 22252
6559 23040
6518 20657
10953 11271
12476 27605
5850 10375
2174 11918
7227 12598
17832 24813
14865 26661
12886 20424
2966 7214
8360 26580
2894 18050
4278 26339
7487 26598
16833 24149
6161 19857
22404 23857
7643 21201
16931 18057
16480 26162
1275 8290
17754 24324
11143 28028
16896 24053
4323 17902
13211 15465
22928 24387
5398 22859
18013 24711
8388 26489
7641 19468
22775 24955
5996 14189
5014 24684
1579 22404
2595 7115
7493 12536
7927 8084
14814 22726
8114 9255
17590 22416
3832 21279
6930 27656
3560 22188
15429 21110
2150 7383
3475 5519
8080 24324
6686 15048
718 11795
8953 19648
3228 17524
142 8471
13003 17922
11964 20047
7007 22575
14033 23128
17355 27688
15951 22795
3609 13756
12852 19567
11735 15497
8685 18861
15426 24104
8363 20008
6177 15676
22112 23915
9294 27594
9709 11804
6832 13018
1052 17304
4099 21910
3231 6795
13347 13385
5609 21654
14464 28175
11268 20230
8202 8304
12705 20099
5814 24485
1719 7411
9710 21521
8155 14958
3230 15174
10624 27190
369 6348
10745 13410
6156 12798
829 16720
15996 19286
3329 11133
17490 18637
1783 23336
13343 25593
12447 23340
2001 10330
2245 11020
12384 23062
8884 17209
14672 18689
3708 10244
341 20724
1921 12927
8689 16094
12490 13937
5197 11868
14970 21910
5082 14830
10292 27514
1019 6215
12596 23312
8285 27932
7002 18736
5288 16941
10650 25096
4037 6426
21113 24062
1786 13095
12598 23254
6127 7549
5296 22768
4481 14714
1910 5331
22605 27655
24158 27382
15614 21778
4829 13354
16516 22469
5989 18216
3065 16143
7432 25306
521 27312
9129 20922
10479 10844
22347 24900
7031 9959
18977 24841
18556 24013
12490 14847
11809 24280
7756 23377
3828 18507
10054 22973
11199 17543
8870 15853
2172 24029
9310 14793
14920 21732
9029 15325
27277 27805
19155 25283
293 12308
7571 16738
4675 12227
10244 16232
9959 28273
1181 12939
1609 27821
2944 12792
812 15511
3608 26687
7484 22845
12769 15847
8692 13204
11770 17521
257 15557
12945 27758
5708 14433
8368 18947
155 24326
3757 26053
2671 6169
1825 20899
8473 11603
1530 9573
11260 16900
8644 21041
3872 11281
11551 25062
6495 7611
21623 21958
18542 19553
17662 27029
5711 25856
4249 11422
15291 17999
6258 17982
8596 21060
6142 16599
13184 17550
12556 27569
16194 27767
10837 16814
18491 23947
2412 5146
3904 12069
15920 22154
8536 17509
13813 18798
4087 28217
15367 15829
1925 19718
8387 8536
6268 19287
14383 23567
15294 20853
17565 26584
5691 24030
18454 24120
943 9704
14541 22857
5481 23154
21111 22787
15721 28046
5548 12858
495 8318
9095 20724
2956 8435
8746 16964
1275 14129
13245 13313
14255 26497
1563 14136
11183 22568
21615 22183
27702 27969
5474 13945
11599 16255
1096 8730
10523 25631
18558 21327
12356 21185
9778 22943
13044 20963
17907 21149
13391 22942
4970 22925
21688 27382
4708 21327
7397 20967
4263 6960
6094 7296
5018 11977
18039 19068
17941 27356
6507 24844
3994 8916
10196 23738
7111 8437
6350 28072
9413 17364
16124 25780
347 25174
2712 27693
20891 23295
4021 8057
3816 25992
5651 16322
3126 26634
10076 11718
21909 27324
23734 28116
6490 21413
11540 20663
3383 3805
16090 28121
3201 6589
22431 23165
8473 16853
9001 25658
6239 21354
6097 22383
7626 27617
24708 25422
22326 26031
4570 15721
17133 26447
11273 11880
18362 21622
26358 27008
20627 22581
23952 26554
14519 18037
4766 24683
18505 22783
7229 22923
7974 22627
11115 20637
2701 12727
16317 23628
14023 26312
6970 23736
19133 23653
12696 26670
8638 12139
20205 25879
10397 22156
3041 11237
8870 11522
7931 20914
1178 13150
2776 4072
7497 21673
7520 19574
3728 10937
15480 25893
21123 25830
24637 26764
211 19735
6555 19865
175 12257
3052 13362
2336 15410
12472 17590
1940 12860
14989 15346
2474 15416
19601 22871
15199 27696
7247 14844
17329 26840
2373 20059
8242 24229
683 25331
4178 15391
7058 23177
18473 22529
6803 12033
396 10956
102 14053
10393 12556
25095 28017
18891 25182
9747 24104
9829 16700
19857 20504
8525 11327
12900 22141
10018 27802
2667 5874
13190 21503
15273 22641
5084 13022
563 21839
1614 8970
5089 7566
3826 25842
11444 11989
14767 23997
10886 20669
10794 11825
7885 20355
15426 19536
3790 23016
2336 4703
5100 14781
11138 12400
20798 22035
7101 11089
5584 28209
19547 22603
2530 21613
8361 9200
12295 15336
3446 21075
9991 17219
10033 22162
1005 25160
13112 24641
4191 25344
23483 26635
14389 19407
2957 9563
10953 19537
689 4859
21315 26350
15178 18097
5123 27358
3039 9699
13349 14388
14257 18595
6846 18999
7894 19409
17630 26265
7387 18266
11363 18955
16092 24657
23417 27698
609 16584
7417 26872
14617 19339
20335 27021
8482 9192
11200 11283
4737 22425
4328 27596
3201 10218
1255 1358
2186 8988
9439 21904
20136 24444
4867 23709
8730 22592
5236 25036
6282 14555
621 12236
1292 9557
6707 11898
3173 17975
451 2191
11847 12341
8935 19109
9610 22515
24665 25471
21097 27034
8785 13744
16865 24608
4307 11034
9698 26864
501 24656
4273 13888
21715 23159
18679 24795
2505 24895
4728 18919
414 20690
2707 16192
2733 21436
4790 26186
21631 28127
6144 17782
14150 27455
13472 25272
12612 20586
19031 19298
12982 20490
13844 27879
2677 15942
23269 23553
7577 22421
10082 13036
1645 9111
1365 24806
4240 27805
448 15560
9947 16961
5440 12081
22201 26074
8770 17214
2066 24197
11892 16230
12089 26089
4960 26482
3506 22799
15376 19952
3357 12792
7785 11104
8553 26505
2040 19171
7114 27795
4134 10563
5117 21248
20542 23814
9788 14489
4315 10468
1193 22415
20677 25158
1047 27909
17931 20058
2740 18479
749 18522
14358 14557
10767 11072
10488 21071
12204 19200
6550 23457
13349 20384
10687 10941
6637 7330
17867 23015
2525 4162
4367 15830
15308 24918
17630 23300
20775 25329
6222 28008
17473 23593
10062 21201
11430 16673
4552 27939
20769 26049
9889 14381
10312 24871
12055 17258
7061 17999
7505 20518
7974 14227
3620 21971
10428 13108
704 6809
6489 25555
11637 14743
4360 7855
867 16165
5913 14993
12045 24122
9836 24491
1713 4749
7410 12399
20581 21919
90 10275
7183 26709
6042 14066
7813 18646
5691 7877
10618 11960
6687 10245
4122 14110
2310 9717
4118 19692
3358 10483
21992 22755
8860 23443
2697 8411
11573 14284
2995 10538
8368 20053
6163 25447
23601 23799
2968 21795
11051 22092
1223 19952
16402 21831
16261 17423
828 17657
486 3530
1795 14694
1349 10464
635 19134
14393 19545
18061 24062
4362 23703
23361 24455
15682 17762
14728 18280
6542 19540
11756 16767
21865 25028
2386 17339
1920 18481
14433 14644
1871 23239
6144 7774
20005 20563
11432 24059
7261 18991
11164 23809
20381 28023
14971 25254
17055 21695
5786 9502
3126 14204
23215 24750
2362 10287
13653 24708
22369 27685
10876 12356
14364 19827
11131 13784
1851 22538
1997 2696
4029 11925
3055 4891
4 17462
5587 8886
6555 24904
9523 14855
16684 23170
2283 19531
13817 20816
7485 8785
8865 10856
3022 25773
3873 12956
10061 20639
16888 17577
2929 10799
12423 23361
4782 15595
3828 11411
3794 19839
24023 24122
1 34
71 22287
9839 26893
4597 22806
11580 16955
5441 6122
6495 7614
6170 7737
13091 15027
1904 12838
1561 22848
8341 28166
16823 24820
21246 23415
1243 6576
8161 14694
11185 16196
16794 16949
9215 18679
16175 23361
5911 21625
2447 21623
14920 18296
6875 15284
6117 20538
1056 4930
9060 20018
9018 23553
5599 19368
1657 10210
6579 8982
13114 18417
19965 24457
14771 18704
1590 22971
1565 5069
1017 4559
16311 18211
22214 23705
15676 21151
16806 28166
15696 25035
13729 24326
5052 16563
6198 19625
5850 22890
1387 17100
7057 18910
3286 20791
15729 17568
13157 17326
18448 20856
13560 20986
7943 17455
7162 19759
20481 23254
8434 25917
11580 26450
1621 1767
19019 19691
4151 4269
10188 13273
8789 14131
802 9015
17071 22049
1088 3152
4846 25522
10082 21861
3900 14661
16827 27676
215 15875
2961 13127
22861 24428
13436 22472
7350 8363
11416 17225
6926 10243
424 7762
994 24371
7247 18905
355 27882
21690 22020
11080 17381
1197 14698
16463 20632
253 17607
411 5824
16203 22507
2127 4253
9186 18371
5702 16187
339 11248
4993 15868
2284 11930
1876 8654
1272 27175
5637 20500
8055 10912
1258 16582
12759 23498
15468 19042
9295 12191
1788 2996
6309 23722
7413 21029
14826 23872
14113 16142
11722 11815
10798 21438
18228 27271
9086 17214
15200 21552
19753 25626
2129 18674
11953 12228
21737 21853
17014 20008
1508 1516
3860 14769
633 24952
13927 26457
346 20496
18816 20638
10214 27603
22052 23612
2161 24241
24836 26863
1165 9572
2139 17033
7350 18934
4943 5023
705 12128
16374 27726
9090 27895
2079 5913
11880 25081
1176 25138
2767 20333
9260 18535
1767 14402
4029 10825
7997 14922
1181 25186
13142 20310
1769 19259
25616 26373
19647 25200
1851 22255
1727 11988
17334 25699
13301 23060
5794 22080
20339 27121
706 10703
12230 16437
4827 18408
10292 16430
19023 22667
21079 25732
4108 4853
5381 16038
3636 7997
962 2351
7888 8291
3357 21038
9378 27026
12205 19004
839 6713
4009 9720
21811 28045
3558 9904
478 27587
7603 16113
16195 17892
1086 22977
544 2057
563 27520
10767 15344
9214 27874
13556 14717
15530 25708
18618 22363
9440 12542
6983 15823
12811 22857
15162 15559
5344 19598
9949 9989
20434 22785
3765 25229
361 7626
9398 14987
14874 20455
782 13512
289 3356
20 18732
9579 10959
9488 20544
4455 26968
7384 27908
4877 6552
17329 22055
11715 16314
24069 24329
24428 25262
17194 20617
22471 27055
11059 16012
2460 6707
10298 18962
2635 7410
3204 17470
6996 22343
5201 13328
5068 13649
7313 7503
896 10189
2270 18014
1239 23997
9438 22429
7772 22993
1140 17755
8931 23016
1272 1753
7154 16460
12965 15659
22464 27150
2303 4967
926 2556
18669 21538
1023 3154
5898 15041
22875 28226
7687 25152
6227 22178
12356 19033
16986 22805
11142 14342
14694 17423
2667 25109
8024 9155
16009 27638
3709 7088
4442 11133
626 5387
3274 10708
21920 26975
17220 18363
21984 27541
919 14010
17606 19875
13135 28024
17513 24823
5978 12077
6072 18092
22651 27514
8364 22149
3621 11484
749 3156
2769 26077
7413 21372
22285 28209
5857 6994
17043 22540
9067 10425
9623 24966
1311 19246
8491 10155
7196 11880
11746 18575
7695 20504
23430 28066
8959 11782
8751 18823
8478 20918
787 14033
18681 27014
211 17331
26087 26973
9252 9631
10717 18601
11395 15022
5071 23726
14591 14641
1694 3141
717 6569
19300 27488
3892 27013
1462 5124
1138 13055
5479 21708
8891 16487
4328 20008
16276 24869
495 7595
2648 23369
1435 23722
22040 24122
979 24811
6793 26256
14777 27091
22112 28166
16457 24045
945 13107
1761 8962
8012 13373
9331 22613
4509 23001
6215 26806
21407 22190
9645 9648
2163 15886
4646 22192
12538 18449
2015 12704
15887 16332
15047 18280
4897 19624
13937 16367
6657 24422
349 14108
7923 23331
8798 14002
22323 27816
13224 25059
24156 25740
12822 23165
2447 25246
7759 24880
9333 27184
4823 23189
21746 23657
2141 21062
2596 19101
13405 17793
10646 19141
11289 20324
4332 18619
4476 6446
23519 25922
2474 8269
18824 23286
2075 12039
3257 15665
9356 18437
5883 19717
2001 18422
20906 26787
4658 18843
11878 22902
5861 12428
11540 13387
11931 12586
22040 23277
22390 23085
16700 17259
17791 23807
14016 24415
6239 24028
16090 18454
16092 16613
17530 22425
8481 26740
18411 26273
10956 19289
10375 16909
15083 26264
1103 21072
8025 26173
22330 25108
292 3928
9137 26261
14827 21859
7855 12988
14959 19140
3819 22369
1308 4894
1830 21962
14393 26868
10497 18042
14963 16314
9559 16152
6989 22780
7121 19157
3059 22323
2714 10971
699 26169
6004 11791
5636 21266
7757 12363
1978 27932
5762 26022
12536 15747
6656 8356
3740 27572
4528 6094
2746 15732
13101 28262
9631 21038
21633 26150
1970 14104
788 28056
2302 5691
7321 20045
9878 9903
3484 26452
16026 24172
16489 22716
2230 27966
20550 21984
7541 11231
12145 18369
59 18580
11428 24393
9193 18369
19692 24169
1462 9788
3086 12830
19091 21244
1058 1137
6824 16108
18362 23913
7839 20257
11439 12291
1018 19909
8826 26912
13817 25174
8520 25564
14879 18959
16276 18924
7631 27010
2692 19843
16608 25205
7956 15919
13742 24828
15652 23516
13473 24127
17269 20261
9144 11098
4743 6036
4992 6013
16895 18430
9065 21319
6994 18911
7662 9690
11781 22621
22596 26580
8972 15512
13554 19325
2470 11080
21693 25673
10323 21589
9349 15105
481 19347
1519 27042
1702 17864
7759 19754
22476 27908
11797 16717
1043 17776
19701 21225
11627 20849
128 25165
20469 27248
7080 10015
4328 23201
4758 25345
16071 16953
2986 9116
36 251
5087 8806
5458 22250
12228 17304
10309 16627
15346 22010
10039 12066
6065 21135
8493 23300
1142 25724
19857 22213
5162 5579
2840 26565
17564 18987
12342 18696
21409 25602
4965 20003
9403 10985
12346 21257
4038 12655
8641 17501
2760 18133
15990 17192
193 6177
11416 18874
6210 20886
21126 23843
2490 13806
7065 9968
2536 4379
1565 25057
22295 27353
11954 22292
10000 25433
8824 14468
912 5024
755 1938
23194 28186
11361 16947
8349 16838
21377 25875
9933 22782
127 21029
12287 14694
6510 17047
15676 16526
3065 20398
1762 15236
1979 3139
12371 25984
4381 23710
8814 25299
2269 16016
1103 23459
1181 25940
10318 27265
22104 25732
11093 17322
18457 19504
18575 20313
4729 8923
1358 6531
16358 18422
15851 18024
2293 16004
11082 26307
711 17310
842 27078
14017 26591
7982 26614
13725 26503
7820 17902
406 19952
8437 12754
6402 12997
25301 28277
406 16410
292 1431
7647 10242
6077 20634
9459 16580
2172 3700
1356 21636
8705 11295
23172 27944
20853 28086
9837 13316
2454 23653
15231 26059
6449 22547
16763 18583
24444 25029
22368 24203
4802 10091
9084 25270
165 14024
6656 12602
5906 10488
16390 26824
3997 26764
3593 13362
3080 9004
1707 14850
11026 14257
6232 27706
15620 16963
4737 23978
3024 8039
12222 26389
8421 27460
2027 23868
4949 25355
1435 12312
9724 21431
8925 15180
14556 17928
11207 20831
8982 9156
4039 23520
2303 24773
11119 14282
8229 11842
6824 15565
23530 27745
2061 5344
16041 19909
3481 15712
20789 25734
10189 18411
1508 8280
16685 18115
15672 16276
12794 26568
17214 17530
20833 24324
6816 13215
8373 25264
1025 16121
3488 4142
1299 24265
15629 19649
5102 10354
569 1112
393 2555
1996 11737
18723 24659
7915 11918
19778 20376
2556 10756
4514 10035
15825 16766
5802 9265
6984 26712
287 18462
2556 25260
20661 26030
19823 27558
19203 24068
5377 12114
12965 22080
5004 9784
8368 19219
18910 20982
14055 20309
10279 17530
7664 23619
10654 14793
18685 21632
3456 7915
8327 23194
1426 22232
4774 8096
7907 20384
1177 9850
7368 17412
1103 26322
234 20395
21250 23442
7545 18802
8536 14389
10884 17997
9591 13193
5485 9394
3551 19775
8891 23590
7205 26670
7289 28048
15123 23518
1950 25101
9038 11987
19585 22953
3339 15660
21094 21638
9001 19195
3194 22369
20053 23696
17604 24955
16095 27342
8732 22446
7987 23136
14029 28209
4606 25327
10406 19470
8515 16935
11866 25875
15818 22506
2908 11092
16598 18528
20515 23192
2270 23499
6367 21653
9782 23521
8935 11034
3342 10953
6256 27096
10974 12840
625 3650
2104 16955
6402 8150
20856 23955
3585 22523
9422 25896
36 17782
12508 13085
1867 16472
5108 16956
3559 23244
3821 5313
13998 16198
88 20179
23400 26657
1678 5603
15857 25327
2764 24451
2938 23200
21751 24326
3258 6744
6656 14842
1071 7577
3984 26747
15056 24939
18109 27643
18610 23422
17383 18667
8011 19648
13585 24918
2967 5025
10330 19297
3156 25647
1887 12651
84 14092
13926 25167
187 24219
23352 25538
1037 5448
4257 10490
20859 21592
17823 22871
8063 16129
1014 27782
17082 22497
11034 27243
230 1624
1095 6715
7172 13073
15041 15607
5670 7132
20099 21955
10334 21280
6725 15184
14607 25886
1392 11100
11232 28262
8857 25232
10444 27312
1258 2547
15882 23075
4599 21774
6390 11076
10849 20245
3488 26372
9060 14464
5481 22517
13185 16998
11143 26714
9843 15641
15659 22860
15633 25956
19855 24557
3265 18920
3243 10961
12536 14908
12023 20008
2696 15763
1978 18771
6832 20288
17955 24104
4240 5217
9504 25350
8190 17604
5699 6677
9367 14093
3790 21710
10050 15164
5252 12045
2525 26948
1463 8724
5850 25525
4639 16439
4290 11758
1020 12150
13422 17961
212 18660
1516 8175
4635 19032
4527 7923
10950 18474
8504 20409
16920 25563
14798 18999
3285 24169
9977 13875
5683 13247
22138 24267
3823 5173
10720 20947
4260 20085
11463 24275
16976 23950
14124 22785
19767 24947
8957 13353
836 867
24395 24643
933 25564
18731 22031
17953 21092
25453 26397
3269 16957
7394 18538
21257 23170
7124 8846
154 558
1067 24702
1141 20746
25995 27093
15867 19139
12542 25124
2758 14267
1757 14193
5588 26514
3127 19956
14791 17593
10018 14705
2239 15589
6972 15224
30 20172
11008 24787
24478 25135
7497 9616
6189 24122
3333 12728
4115 13893
6836 26165
8730 18762
1 22581
16928 20354
4535 21646
18046 19960
2646 27587
14193 26546
4386 12479
13421 26432
16091 24482
3995 18627
7617 26848
9696 15022
4954 24061
18083 28085
7774 8264
11880 26554
15747 18402
2146 15357
5704 16538
61 22474
13171 19200
3257 23060
1254 6623
23855 26833
6355 14136
2396 25433
1 16211
1769 23372
3303 4216
11443 26798
12391 19025
16425 17035
9631 24005
843 13910
1129 9176
19936 20406
8434 11716
12485 16963
341 27986
9408 27269
18533 19086
102 26145
14273 27300
22697 23962
4209 17273
25838 27349
15033 18610
11322 16080
11818 25704
12218 15446
7374 17264
580 26147
15442 17526
9472 13988
7765 27174
1538 4620
5124 18768
15216 19039
418 19497
11746 13776
14104 26670
8544 25138
111 11604
8254 9222
10477 25130
20658 26863
9281 13106
12709 16187
8683 21286
8494 19331
2484 17432
5765 23106
7480 25517
8855 23162
4005 22627
9840 13358
3910 13287
102 8368
2377 10626
1950 25738
15893 23676
7552 9348
11657 15427
3475 20233
23239 23319
854 24886
18411 20195
2605 23502
2132 19704
11659 24338
6454 8462
2378 2926
17080 23857
11893 15592
7289 24900
8746 11789
324 16126
5308 27823
17194 17842
14655 28024
6832 18166
8781 9377
11702 13422
365 5782
3377 10801
19075 26148
10080 21545
1550 25525
25464 27459
14813 23666
1072 20081
3708 11295
15742 21791
8459 21952
8318 24791
19952 20288
3667 6009
24762 27978
17391 22491
18177 25306
14988 17264
1148 11526
11279 14033
21358 23711
17594 19715
396 3374
17838 23140
2986 12956
4118 11657
3756 9572
1595 4974
15038 20608
21281 26788
19115 26753
8318 15609
6009 8717
5189 23392
21166 23348
11317 25283
2466 25302
18919 19354
15529 19788
11051 20647
15766 16709
10457 21806
6230 6765
7610 24861
6129 13412
5 14947
9714 17911
3741 14078
15201 26312
7835 25220
10638 16923
27942 28163
1410 4123
1322 25161
9753 24460
4274 15141
6819 26404
985 27698
15977 20875
3435 25608
4216 6850
13878 15548
2894 26663
8688 18775
12116 28060
4194 24640
1722 18792
3760 18282
3887 27203
18711 24138
13328 15074
5691 17836
2317 2516
14555 26813
26945 27313
17795 23899
10424 20392
22772 25240
14248 15292
5249 18478
12839 17563
17604 19704
16205 26243
3127 24628
6042 24659
13312 21378
3634 11260
2302 10160
1767 17175
3709 13889
406 20281
12656 22607
6702 20006
9781 22396
14619 26788
8807 25157
1521 5371
113 24069
25483 27869
5742 16640
11218 26683
9154 13329
11467 19575
2240 13807
8293 15426
20737 27495
15529 26243
7656 9509
9215 17387
19165 28184
3679 9660
635 13909
14340 17671
898 5657
5716 16150
13311 20710
2295 27895
9788 24218
2740 11479
9049 13616
6972 19919
18495 20914
6136 21592
6591 15679
5042 9615
9470 20305
13679 24465
8906 13448
5188 10236
7607 13363
23554 27127
3146 3448
2329 11599
11034 17649
509 7375
8970 22415
9651 19428
6533 12956
10432 14027
909 6453
13438 27800
19513 25658
6762 25383
1075 6501
11262 12461
1294 27044
3186 25073
19034 23150
9647 19840
8220 16259
3256 4574
9548 13440
2412 6836
12954 22290
8814 20611
2000 16772
2701 8048
16404 23422
2798 23874
12123 13913
17 20013
4205 9590
14577 16543
19017 27271
24407 24611
18304 24095
1068 22469
509 10726
8770 9358
8527 8730
20491 26743
11207 23767
6981 16686
7571 10971
7011 24104
1887 24689
5262 23708
9795 23422
406 14770
13272 25658
1905 13203
1645 19951
12056 19419
6405 27970
14523 27648
15446 24610
3300 25893
18297 24766
13740 26624
3592 26993
15174 17782
7877 16369
52 9263
2651 18753
1710 23245
8779 8864
20527 22292
6860 14409
15164 19408
3612 6916
13064 21667
12444 26753
3818 4270
5626 19909
2639 20793
7491 23387
21149 26405
7484 24415
5100 25096
14731 24552
1244 4268
8133 23722
22031 26197
11672 15195
4859 11786
5989 18437
4914 26946
175 8143
7984 21377
5680 8057
3121 7867
1925 26496
11252 11797
6078 14352
4118 16654
334 11262
5913 13101
5246 12517
4252 20477
2078 17209
4417 23024
17941 26419
198 22227
8691 15452
12219 15815
6144 15178
24836 24982
3810 8718
6077 26457
23670 27158
24830 25778
16318 19857
15081 22998
5208 23766
9864 25956
7361 27495
7360 12735
4218 25182
3390 21798
19487 27729
7433 11059
7222 26796
7147 14738
851 22547
1707 6642
1952 17637
12067 16095
4379 12348
6832 17286
8529 9593
6644 17177
5458 22692
3002 23310
9371 14859
12399 17630
11996 24836
23372 24939
2705 17963
12291 21829
6573 20765
6765 22331
8471 10207
1208 24897
17918 18457
27579 27676
2423 2518
14389 23297
14479 25906
1227 16434
17696 24976
14995 20876
8441 22860
10487 18721
2303 2646
8491 14734
653 15016
7447 25270
8612 18412
4624 21189
3409 15772
18088 20243
8806 9226
5295 19938
981 25451
8720 10619
3463 13152
8708 19253
1480 24075
1420 9879
1308 6811
23366 28238
8087 21957
8417 9418
5978 18983
5500 23514
8756 16179
7851 22122
14971 24345
23665 23809
5651 11916
6103 13827
7086 18579
15633 17801
11518 22384
20069 24082
12234 21610
15272 19817
16599 18203
4930 26131
3690 5764
1451 15790
23557 23708
2024 18034
23597 25425
6139 15369
731 11447
20162 20758
1018 16998
3628 14031
12188 19987
1013 16718
14604 19668
21675 25849
7728 11748
2712 8935
3469 21209
14314 17957
7382 12485
8200 15307
6842 19123
13652 24195
11295 26698
22977 24049
4420 25773
867 22968
9253 11788
18920 21123
3296 24829
4909 24234
17851 27646
1510 7987
7930 18784
5398 18481
17114 20922
5988 14261
8985 26577
15141 23911
21542 27274
7837 9690
1870 21914
3734 17713
1147 14789
11184 18261
3289 26363
4167 24904
454 22793
8081 9215
6601 21067
11985 25172
9393 18892
3708 26929
2986 25081
5594 24870
16725 27309
2945 20948
7944 12564
19525 25202
3019 5204
2217 24743
7113 27024
10732 14942
669 14685
6484 21804
2494 13679
2087 7950
9086 22379
21883 24340
8268 25785
14438 16623
4061 11945
4150 14948
14886 17803
10042 20975
18249 18826
9356 21122
9715 13185
7065 19068
5267 14971
10218 11463
9423 17441
20757 26943
9956 10289
4593 11825
2260 8921
8924 23172
425 8999
21042 27882
3420 24910
14282 27954
2009 10659
14014 20288
12536 18232
6869 15856
8144 9339
544 13381
3993 21898
6449 12565
3674 13992
9873 21462
8995 10784
7491 17085
12112 17692
4004 21755
5583 27594
3525 16170
9842 16582
4597 14154
7924 9502
5710 18255
6859 11553
2677 14336
8957 11021
4111 25676
15038 18202
1181 12102
10372 19372
22186 23767
4767 10461
16614 27574
154 21919
7798 8187
13343 18304
6736 22516
11323 14970
6480 24061
9890 25909
7296 17719
393 3944
330 7650
9010 16328
6972 24384
273 23736
10350 21456
15722 24589
9250 16582
9329 25740
2112 11627
1779 2883
10871 24062
5506 8356
6017 19662
9803 23609
7854 17613
21857 22265
12834 14987
6572 17630
15652 21618
12940 24849
4260 18567
7124 17902
13193 24384
7631 14268
6894 10354
830 1878
14662 16734
13926 23371
19973 27303
4067 19244
1795 22379
5270 13393
6891 25080
9784 18674
898 12341
10731 14791
10 16702
11988 12229
7390 21230
9010 17226
3014 27243
4650 28217
8944 15945
17469 19891
6633 26413
18952 25182
14393 19416
16536 25279
8075 15367
10428 11545
6188 6489
12526 19337
2342 14530
23009 23246
2657 9662
539 19301
8766 18926
1594 14881
8151 23206
2003 7963
6531 10598
2329 6972
4332 25219
600 7069
985 17322
4872 23464
13170 16504
6135 6206
5196 27126
5071 13782
2760 24410
2059 19080
4061 9252
11295 18319
11131 14886
11447 15918
10712 17291
4172 26578
7135 26119
5375 17445
8646 14607
4214 15390
12049 20582
10957 27342
3296 22329
1721 23431
548 26196
6362 15381
19615 20337
22012 27503
8070 17169
6841 21891
4789 5953
11551 13269
13137 22238
4101 25140
3592 27625
9939 25725
5344 19731
6402 14464
1559 1878
9615 25758
11483 12155
11627 25713
17220 23932
16194 20384
10146 25810
18717 18827
5930 14961
11003 20528
11927 19004
8781 16582
7290 14452
12754 24122
8753 21063
21792 28048
19086 22471
2373 10439
14783 18603
902 8028
8582 9769
1322 26131
18843 21904
19315 26787
18619 21228
5403 19899
11998 19408
9089 26824
2639 25692
6563 21663
4361 9086
4646 15299
1068 5660
17530 24904
6490 6626
2087 15408
9006 21855
8645 26574
791 7929
12956 19991
220 3872
21798 25025
3071 18653
5323 16932
12690 21925
13927 25505
16467 25837
1860 9358
1469 5864
8924 9417
7412 12853
7938 8407
7227 27821
458 5112
16201 22001
8356 16936
12679 16927
4578 8033
16138 21919
6422 14707
10300 27374
7536 21883
19478 24221
5338 26087
10699 14870
17120 27950
3624 14076
3682 24976
9408 10920
9138 25614
2571 22186
14355 17578
573 15000
2325 19169
1067 4102
6415 10444
11216 17965
6808 27719
16286 17739
6422 10344
2926 11959
22984 25097
10549 14997
14696 18874
1981 18461
5042 27702
3472 7160
7205 13392
19199 23866
24735 25849
7145 19267
12274 15887
8753 25543
7603 25445
9702 12562
9109 21934
9620 25932
8047 19272
18078 23651
6785 7119
6135 19829
703 6753
7713 18054
14651 16832
14137 23733
7568 23971
12669 27721
6832 13447
3781 22167
1449 23487
13718 18934
11677 26829
1036 3933
21633 24031
17535 19217
8246 18507
834 23965
9343 19092
7350 16880
16976 25781
273 24061
20573 24618
7622 11987
7623 14137
12483 25432
8416 10318
19965 22617
4381 27578
8151 17938
14678 19794
22832 24069
1424 18093
6881 28176
7340 8289
12936 15391
22492 26581
838 19344
6350 21951
21739 21825
2245 15216
6495 19004
18353 23983
295 8219
5107 10594
15722 17366
10601 23026
6372 22984
21273 25402
2028 21423
9019 23016
5328 19039
9403 24061
10023 23736
2545 25416
5042 7881
10531 15302
15082 27489
12277 25568
19552 23525
17793 18901
10132 18867
7300 22973
7719 17355
1125 2132
5583 24062
3161 8905
21668 22862
19184 28228
865 9194
9683 16540
5819 16641
21450 25272
10185 16915
2798 21353
8730 26142
1290 15245
9378 23864
3926 22273
5691 14400
8046 17902
10937 25754
8707 19088
8880 20028
8501 9441
5466 15200
24005 25636
4414 4476
5725 25277
2157 25272
4394 5114
5522 21766
2157 25294
11134 24904
12399 23345
5492 17718
7721 21338
13053 16121
8774 21727
1773 10958
4180 7349
14711 22507
11989 12957
6876 7165
13233 17332
4891 22256
705 17944
17823 21149
5008 9056
17080 18714
9603 27021
8773 15573
17961 22746
2648 7847
13910 17787
13343 17277
17574 25740
27803 28021
20675 23730
12941 25891
5082 26343
7700 9535
6677 16504
7213 15077
11958 28106
18878 18983
1525 27867
1 17
13309 19323
6097 25572
12927 19781
1107 1851
16351 24068
23979 24307
24267 25998
21016 26922
836 10887
3423 12760
6017 22449
21690 22531
498 1971
10431 21407
1770 18729
7312 12342
8749 15543
1959 7950
21233 26955
2865 11345
9214 9248
396 7159
4189 24691
9859 25414
17541 21275
12218 12444
6812 12422
1858 21719
6074 12425
8330 19145
1878 13026
7384 17960
867 16038
3624 19813
5857 17364
6495 24223
13345 25746
9834 23143
443 24266
14296 20903
1162 22167
1433 7000
5716 8156
7140 24195
9502 18387
5051 25340
2732 19169
490 14033
16232 16521
14486 26808
809 7881
11113 23467
18277 25556
9638 13861
12447 23881
14129 18354
3993 19419
22791 25277
13132 23599
9572 21638
16743 25918
25162 28175
20333 24236
16583 23465
6987 22166
10132 13810
16602 21634
1500 14346
21204 23459
11169 25959
714 15461
12397 21569
25381 25876
26945 27970
12446 22223
10270 10559
1162 19863
5994 15639
4993 11143
12490 26876
1241 27316
1600 18583
27313 27495
5502 15196
6730 15673
3046 12489
4060 20224
10879 23996
1695 20577
4971 5665
1133 22892
5702 14743
1134 9026
7264 22495
17199 23963
2565 22968
1395 17060
13059 17128
10836 13241
6178 9418
2255 8893
3240 15317
4849 20909
2717 7957
7389 9536
5396 10576
3545 3697
8972 12689
3265 9631
24543 27790
11368 27876
2030 22664
7111 8654
6156 20856
15622 15844
12606 24900
912 15652
5371 15793
16001 25121
867 5678
7268 10050
7623 17338
10152 17426
1223 9356
2274 26043
14276 24351
6676 13926
1622 8841
5177 16838
11064 23365
961 4528
19460 19848
8278 22449
1049 11637
3834 12102
1762 19081
3191 25008
20397 25771
15020 17044
3188 27633
20345 20664
20324 27316
6760 27353
17005 18606
13739 14567
9631 18920
15463 18631
17458 23197
1182 21815
14555 17115
11756 18649
5037 11757
7404 16535
2749 14822
6636 9908
20527 23914
1389 7768
22130 25059
6424 22409
19177 24521
3997 18010
3481 24326
6055 8483
7950 15561
3406 15030
17832 26361
5564 16337
1589 26676
3457 24707
10807 22163
3724 7737
9358 18511
3266 24095
6309 21438
16214 16299
14228 22326
21716 24219
8825 27900
3617 27194
13823 20621
20265 21887
1795 11134
2270 25564
23553 23915
1748 23547
10643 24783
2255 10563
11603 19592
396 19456
2388 12459
2336 12900
8846 19086
865 26058
10008 22761
3667 18115
24122 25845
3708 8672
3734 4026
7524 18683
17920 19503
9186 26688
17067 19470
18872 25530
4326 10759
1106 21086
923 26329
3365 12056
3759 6695
2767 20657
14998 20785
9996 10230
245 18255
15725 22993
1936 12314
4391 26342
8833 15875
1940 23864
1226 20008
1772 12369
8373 27188
424 1039
24997 26885
20876 27821
4333 22164
6707 21859
6116 24061
5979 26663
18051 24888
25016 25868
16201 20554
23925 28245
26148 26989
25712 27349
11197 24715
4849 27172
5579 22026
2526 13448
5517 19116
17237 18230
2807 3970
799 11729
19941 22485
811 24031
15373 18280
10253 12350
6633 17847
4596 25930
10949 27610
13861 18629
5190 25039
8807 11096
381 7497
2525 21080
18266 18521
2365 22227
14359 22968
4123 11455
6270 12913
12712 24905
20524 22205
17787 24504
4806 24576
14402 18547
23133 27161
7134 15236
18225 19439
23738 26134
20008 26306
25311 28238
8655 18865
2906 21404
3591 13405
7007 7492
20480 27117
1132 15173
6931 9560
2986 11133
369 1275
11218 24104
4282 12785
4166 22240
9951 22182
24904 26292
7447 11042
6807 9521
30 4717
14207 21925
6629 8858
3734 18425
17166 18921
15693 23585
4514 5588
18793 21003
6143 11035
15214 15354
1477 8626
4675 13881
6848 9416
1397 26162
11415 21077
4001 8987
1541 22283
5358 25405
15286 23608
18926 27049
12363 27243
512 10954
3736 19524
10967 25291
2692 6865
10808 22404
143 209
12851 26079
20289 28038
3738 24747
13381 16497
7185 20476
9377 27570
5957 19053
1332 5543
3186 8818
9939 22901
514 925
15267 26717
7307 12341
22117 27560
12244 25732
654 20213
10282 22996
2104 16499
8597 10431
5864 8567
7349 11727
22424 24744
19756 20848
17498 17898
21123 24167
2150 14305
18015 26308
2518 10428
2786 10644
10089 13451
8275 24388
10189 11463
16276 26659
9834 25879
12942 27298
14217 25414
17747 22565
20324 27815
5398 7982
16907 27342
3759 17370
9572 19739
8893 25088
5381 7103
13022 19952
8647 21163
14706 21889
1904 2956
14129 26503
7982 25559
4266 8730
18497 21410
7869 17070
4504 16535
12881 27500
256 11443
24101 24208
20204 27920
2230 16648
2689 8304
16326 22581
10323 19310
18185 22965
5989 8940
4693 17232
17593 20550
16986 20953
22702 23683
14969 20479
21072 22121
14915 19100
7497 20904
9357 10854
26136 27509
24040 26371
13328 14341
22167 24101
8593 10279
23180 26974
13042 24999
4043 25397
5327 8846
11292 14695
4902 5894
11541 12812
15530 16821
3638 12427
3666 15808
1634 4686
509 6879
1343 9542
23915 26403
11250 22466
12257 19712
3573 8002
7005 8113
10473 16308
22097 22511
8285 18616
10532 21491
8704 16802
418 20102
19950 21194
8398 24804
12596 20832
1246 24521
612 10450
17686 25657
291 1043
3826 10431
9549 18014
22956 24474
403 9660
1475 10027
11627 21094
1223 19780
862 2010
4414 6489
17513 24280
1925 12378
820 23338
7194 10477
11300 25151
21304 23254
3987 16545
8831 22810
2573 25759
10967 18962
4717 10660
19354 20409
3284 21873
17649 23510
16847 27129
2010 16656
11450 20166
8729 15402
2986 12726
12994 17077
13756 26307
2041 24486
10935 20500
9653 14709
3169 12790
15154 17851
1027 18769
16095 18256
6215 14468
9036 11267
7932 20512
12734 20689
19326 21368
12614 14652
10080 26112
4875 8251
22141 23410
3397 8243
20583 22485
19362 24095
8323 20055
19503 19542
482 17220
5067 7090
10619 13343
25546 28097
1972 16904
19326 22814
582 20332
2212 10777
16619 18286
2743 16487
1721 21987
10842 18136
16367 21610
8806 17422
17209 27325
3488 6780
8245 26908
13579 20309
4914 10258
327 23553
4054 27030
3788 11562
19706 20427
2173 19877
3729 10160
3286 10295
8624 10691
2274 6226
4328 10093
6517 13175
7878 12379
7348 24006
808 21391
3419 7195
11356 22711
9962 24136
8614 22893
1545 18760
4771 21987
9502 25512
945 19704
16334 22322
20535 28044
22617 24457
16447 21195
1462 27501
11311 19736
2148 10093
7017 11787
11766 20402
6584 13240
2413 22238
26324 26613
588 20491
18004 22668
10149 17936
9219 23633
2985 27967
10042 16036
4041 26108
1978 2288
14923 17528
2823 23990
4352 26740
2285 11944
15910 22965
6559 23509
15770 22399
7305 19153
1292 5528
2230 8451
7002 20904
20 2964
7700 23729
9337 9932
27316 28210
9626 12158
16889 18752
5006 20829
4409 20734
11180 12075
18787 22448
8624 25200
22127 23738
5725 7481
1126 21369
12161 22985
18167 26695
3729 5691
14922 17191
14065 21929
14767 24288
7987 19912
6314 25083
5918 7835
5743 16791
9951 18141
14065 23082
1639 11529
18434 20813
11603 27592
3907 11396
4123 18373
8938 28196
2369 14098
15679 17714
3726 14886
1925 25688
16986 25901
561 22321
16328 20656
1177 16656
19123 20200
15429 23857
7106 17835
18001 25163
5116 25969
4152 17228
5543 7384
18755 27033
12194 14241
2280 14832
2212 12266
27500 27938
12602 12851
8223 18027
4974 18453
12119 16187
122 15761
1061 10403
4924 18573
15423 22691
16784 20658
5978 25267
6698 17027
1801 22308
7031 11080
17787 21564
3121 27382
7023 9033
6553 17450
14575 18761
17585 27276
19099 20629
4168 8291
6680 17058
1832 21139
1609 7595
17235 20247
4579 17823
3944 17779
65 17048
12922 24872
19290 22610
4269 24714
11023 17125
5641 21293
6973 21036
18219 23935
7213 18319
8140 17162
1425 8322
11012 23661
1860 14895
6876 10660
10735 13889
13085 26125
1266 14021
11012 24570
2592 7523
17865 27152
12030 16602
10046 27247
5620 17755
14877 16055
17046 26657
23457 24904
24824 25623
1158 26195
8705 21582
5458 23282
9496 25385
213 6477
15493 17167
19466 23177
12518 25233
196 13442
22634 25451
22320 24171
4014 7209
3121 4626
13466 22913
3736 21719
5308 15440
22010 22857
12737 13564
5522 18891
12581 23963
3667 13165
22453 24600
19028 20144
19140 20286
6432 16268
10957 26977
15383 19186
14895 15551
4210 15729
20141 27696
7768 13679
13455 20711
3239 5839
19869 23459
7432 18346
3133 28021
8841 10389
4408 16517
16751 27930
5485 8353
1015 24610
9563 24886
10701 25291
9416 18775
7354 8930
9398 21898
90 12787
2937 18132
5636 18302
8155 27226
5906 9080
11562 25422
15668 23237
12346 12512
22637 27127
11378 14844
15460 15739
15660 19838
17122 23472
9254 25110
4081 21398
3876 20167
1349 20833
9115 22121
5379 19374
10621 18381
25219 27646
13329 17144
15335 17140
1440 24263
3915 10778
5 7224
6394 9717
179 11076
4811 10385
1940 2667
7413 9563
7037 16666
1050 14084
10737 27530
3238 5738
7632 22861
6049 19947
16960 27488
4286 10052
1750 18761
4568 6980
13447 16376
10767 10800
13282 19219
8589 15529
19973 22570
1593 9616
8299 12741
10419 16562
14827 15443
12135 23557
17712 19727
5387 24453
18998 23442
9590 23161
3746 4433
6156 14380
13291 22787
3821 11255
25321 27500
5437 9951
8043 18784
1676 19068
5907 16276
2435 23748
9923 21550
7325 17562
430 6268
9553 19169
1197 3462
21335 28031
11631 26286
9289 25566
14554 23168
341 6965
4866 23186
8155 19678
6177 27798
1508 5941
3947 13681
4552 26973
24731 28238
1991 27415
16181 18187
3861 25079
25371 28211
6245 14555
6601 16150
15451 22409
1148 14687
22667 24904
22324 26514
25329 25865
1948 19862
9049 19751
19129 26005
11251 15736
17922 18100
5748 18649
1375 10961
11545 19927
825 2462
811 12069
4831 21241
10265 14777
5756 21149
2941 10263
916 25366
2767 12214
8132 13899
12493 17364
4306 22902
12598 19086
1955 8232
2764 13343
17022 20046
2227 6671
21111 21123
16253 23214
25772 27424
6738 17785
18359 22514
19420 26866
3675 17760
905 17128
7737 21297
13583 14379
12323 22835
11063 28230
4352 19457
6430 14884
9238 14790
12345 25302
17030 18953
11569 14519
19900 21576
10023 26805
8785 13203
17370 21919
8606 9761
12194 22771
19783 26313
21084 22956
9777 25855
13173 24061
13150 13828
26427 26480
10956 25272
13534 16814
7935 25759
18963 22394
11113 16372
396 14266
1771 25108
7036 18132
9055 11812
17593 27751
1223 23857
4418 12244
3287 9234
18132 24181
22470 22763
26528 28163
2445 13341
1449 23760
15350 26095
10863 25584
5906 26976
2818 16439
18807 18857
6212 9613
15247 25034
13383 22603
17530 27883
1703 5473
12546 18136
3109 4422
1197 14166
7828 26816
16047 19893
14147 16766
6800 18906
21036 27883
865 18609
1158 15236
15392 18095
13288 25929
5239 10478
3818 8074
3627 9198
4414 6342
182 25152
5893 22835
19474 22236
6086 12451
9522 12947
3501 16413
16867 19513
18772 23043
19068 22176
4717 19691
35 18626
1058 1469
7176 11791
1696 12164
19940 22656
3904 26829
15372 15478
12164 24650
5661 14163
15673 20736
13563 19546
10200 17713
23188 26948
17654 26113
6426 10767
11866 13029
1486 2764
5949 21291
7021 7555
14671 15865
10500 25254
15179 19029
17364 26207
9484 11688
6188 16071
19428 21346
7956 15964
1467 21884
5978 7728
7222 19451
10308 22666
13695 14481
18476 19445
1390 7982
3900 24465
4217 17047
21883 26758
10211 18016
11026 11045
11157 23954
14511 26281
21240 27554
14304 28099
15098 24595
3041 11584
17920 22452
16880 23932
1060 6053
20355 27208
4807 15696
14240 17507
14151 24935
10 18366
1721 17953
8315 19329
7960 9863
3634 18472
4711 5196
2146 4076
9006 12835
5397 21067
7073 15267
6576 9424
3406 9543
14559 22688
2943 19266
1593 11746
19801 22755
4077 17059
2378 19824
2303 17214
13779 16664
10082 19372
16759 24723
9799 24415
15149 26131
10003 24272
7440 10811
4197 11950
11039 25034
584 22688
2325 20302
12892 25728
15939 19264
3808 22361
2252 9465
9897 10325
8988 10532
5755 24676
9078 15354
21418 24179
9495 17779
11282 21315
2379 14771
15133 25331
23781 25563
689 1349
9681 10234
1223 23503
5978 27795
3761 8676
5924 25628
9927 22080
11696 19871
11107 23036
2170 25626
11356 24861
12357 12541
2373 21560
16255 21156
10668 13091
13800 16276
1218 12770
4806 12155
3147 26009
6883 8368
6801 9906
1339 8227
12193 20047
4782 5486
2476 13688
16062 22583
1163 7290
15376 16629
1590 9409
11480 19189
25848 27823
2324 5730
8502 18548
1609 12556
23710 27220
900 27776
10498 13054
18070 21925
3972 21683
2003 24898
554 12554
3477 7491
16446 24147
9736 18924
8833 14258
5611 10937
11314 17319
16766 26748
8142 23893
17789 19265
19793 27221
4265 12532
24251 24947
6750 9619
359 17457
1 24342
3101 10501
10523 26455
406 26053
7966 25329
20614 22031
11050 15442
7358 19893
9805 12941
21739 28114
12959 24069
3881 13294
11069 21927
2830 8388
10080 10449
16855 18591
5820 16130
12752 22771
12194 16940
2336 18950
813 13186
11002 22769
20692 22948
12762 17945
24427 24488
2596 3899
7348 27119
7543 21505
4871 5846
18668 21619
19181 22857
4039 17318
4819 14198
913 3731
5117 7195
2530 15377
16261 25564
17071 27841
17730 23422
855 13553
7635 25054
11862 27407
4502 10729
16963 20053
21201 27485
3647 14140
3800 17443
7855 14672
2003 7697
2105 5358
1720 25155
2818 21849
7836 25908
3170 23295
5472 20166
14335 28226
1116 18268
3256 19429
15072 18081
10444 16499
876 21036
13772 14959
6609 15457
12921 26069
15017 21447
17471 27775
2750 14215
23085 25956
9319 24610
17777 27780
3961 17779
1923 2075
2353 25154
2667 18916
9219 21623
16742 25086
6770 21018
7176 15069
3728 12900
10391 11878
10935 14671
22183 25957
3739 26253
4044 25712
14123 25413
25271 25830
18374 26552
5825 13137
20687 24530
10512 23679
19849 23455
15353 19595
21346 25999
4234 24127
6765 16644
5414 15897
12483 14145
47 2094
19183 22015
11340 12655
5751 25247
16039 19783
17550 18896
11696 15665
7950 8048
3463 15282
12099 19153
9842 26074
10711 18646
6590 12522
1586 16203
4626 14920
5392 26053
9000 16400
7147 23788
7092 18673
262 28156
7368 15411
1562 19434
7725 20836
15644 27229
1688 19165
20504 21369
1154 2813
22308 28031
18670 27094
927 13196
1933 17356
14576 22182
11996 24982
22968 27702
3730 12459
11200 19055
5852 22425
13894 18845
9252 15083
6916 22694
11924 25823
241 811
4809 26508
7380 22457
24904 26322
19989 22416
27190 27312
5782 19749
8039 8750
18756 21746
4737 9569
4581 9855
3437 5169
5473 12590
714 22713
1023 12446
15793 28096
2487 13045
1733 4498
10598 25165
7590 23658
11689 14431
8204 21536
1211 19820
14155 17613
12091 27841
3665 11252
4754 25978
18346 21269
2667 24904
12546 17249
6633 26312
1042 4787
4006 15043
2210 26061
7026 15762
7178 15561
1878 28192
9465 22907
1860 12683
7768 24068
17774 27042
12665 23800
234 8310
1482 2880
9563 18909
18039 19909
6513 10085
4291 5236
20613 26373
5706 21614
17140 18368
18128 24659
6789 21462
7634 10298
9141 23884
15160 21016
7523 22543
11340 12434
458 19639
4356 7420
5235 7500
8368 11678
8789 11192
4278 10513
1317 13059
13626 16092
9064 21181
19025 25730
12306 17737
2373 24791
1086 10876
3638 19758
5843 10019
9731 17727
12444 17657
14997 22802
3889 14475
3585 24108
14327 19746
825 3163
17727 19566
21945 28111
1234 2895
14233 27473
17637 18015
13765 18495
15452 23719
7236 25653
990 2587
2087 20466
3384 15657
9121 13091
7453 24405
18390 24306
9094 15519
11159 25773
23267 26571
10944 13350
3729 22787
8151 15282
2880 8937
22768 26148
2842 13177
16959 25163
56 14287
3903 17787
7765 25577
14771 18784
6370 24576
1920 16452
13736 14662
8310 17853
13540 20028
7387 25529
18057 19033
10200 12664
9537 27882
13266 22233
8970 20258
8959 17876
10325 16656
851 2132
6876 16314
11254 14194
15840 18591
11192 20384
1795 20258
597 11809
1850 9814
15870 16357
15721 16197
19010 22227
4614 18603
2660 22581
1335 6703
4962 25371
10833 11248
11550 14430
8159 12252
573 11118
11975 16261
6793 8785
10588 20020
1975 16276
1440 27479
18891 25299
24069 24415
7935 26689
1860 4218
17562 27375
21818 22129
3574 17692
6042 26785
8977 23191
10160 13455
21605 24294
6743 10916
11914 12018
2623 12479
18938 22768
4498 23102
25185 26838
19548 21372
13219 27124
20300 27228
5361 17891
6081 19117
9289 14456
9614 28260
5475 7740
21811 22646
14140 17798
10892 18037
9226 23474
13373 16201
27844 28028
17304 19095
18115 24127
11456 24437
6170 27324
12598 16676
20008 23679
22959 23073
20299 26935
6811 24809
13328 21029
2189 20685
7307 16694
4581 16170
18070 23532
15884 26563
2882 26669
4626 13902
8246 19639
21766 26324
7741 26324
9521 20667
15143 26924
6800 24387
17712 25065
1902 14778
660 5309
10258 24292
560 14258
21903 26503
4110 15670
13234 21438
976 2157
3990 20056
22050 27290
1940 18442
24130 25277
5989 16428
15003 24803
12304 24457
4256 19566
19895 26736
1596 10961
1036 17200
12052 27949
17119 17198
13510 19100
11422 18411
19417 24397
7600 7820
17847 22040
10509 26195
8029 23264
10160 18435
7982 21840
1219 24053
4693 12610
6458 17492
16136 22553
5716 19857
8753 18367
259 2387
17562 17803
11964 21446
5121 19343
16609 17963
12899 13762
7815 9117
4156 25158
5977 14641
2104 15026
4802 14092
18250 22144
1138 24512
16835 28277
10767 17443
1018 26829
4775 17902
7700 22226
8550 23395
19763 20564
9851 14954
19045 21209
10693 11870
11079 22324
19857 21479
10435 27793
197 12793
1268 13875
3051 9398
1406 14396
14454 15386
10839 24616
1850 10263
10323 20562
7073 9851
10393 19705
25009 25248
2340 22344
4082 18691
3329 14497
11631 25699
23910 25295
16255 16829
25382 27994
11370 18042
14782 20159
22778 25329
4240 18720
6453 23442
3354 19199
2715 15870
1142 25977
1852 8855
3644 18319
3141 23762
13685 14682
18249 24598
3368 25944
1915 27113
15639 23400
15749 17744
11080 26360
2345 28109
10990 25689
2944 3609
10393 22471
6848 11273
11300 11987
18823 19972
20842 24131
18786 23695
7987 18020
3728 5725
3248 8959
16205 16827
7910 16001
9184 24385
14927 18556
13697 14690
5485 14468
7234 18549
6239 26784
403 13309
17214 20162
10982 19601
7005 12459
7205 26498
4271 27660
5527 10419
4268 17258
7846 21577
13405 15512
2313 27957
2617 17782
3793 24618
1962 26993
13984 21149
22273 23923
17249 26690
11781 20242
20909 24681
17673 27924
1783 10970
423 11746
6294 8034
15562 18679
3636 21072
4148 24430
13984 27746
9113 26241
5445 10670
22998 25947
7810 15015
11212 21762
7209 26987
5517 17495
10935 17530
1369 24041
12577 23267
19858 22399
16901 21496
6296 22216
17220 24122
6366 10234
2611 24136
4328 23354
6046 8702
16608 25327
13579 28076
10618 17252
2230 9323
4018 22246
7175 14911
17601 20459
12218 23983
4159 18902
16141 27118
7491 27590
6105 20432
6077 16194
8323 17194
440 8959
23420 25952
4708 20369
8750 23614
4051 18053
12798 18820
7518 23932
14864 24836
13388 18027
10397 18817
5839 6569
689 3862
27756 28030
23368 27054
19494 25368
7027 25247
9184 11022
13191 17760
1738 10989
22180 22984
12009 23868
11076 14633
13721 18717
8285 9528
12097 16999
7251 22350
8384 16116
7325 10197
1702 3143
12900 20931
3928 13126
12287 23628
23086 23719
766 6145
10913 11953
3634 10626
19348 21407
1056 18521
6308 19514
3665 15676
1833 19247
7333 23178
10926 11790
1133 5767
326 18812
3406 14057
9369 23061
22218 27702
4573 9462
5846 18910
3483 13395
9074 27080
1434 25349
19186 24412
6771 7846
6794 13536
1724 26526
7878 11518
11916 27760
4009 11545
16257 22799
24483 24727
10974 16955
2671 11316
1755 6898
10416 24224
17723 18682
292 7290
13108 15327
18690 23619
2092 18959
5342 8414
544 5978
6952 11785
5511 11877
24298 27853
15508 26154
9715 10913
8663 9329
6518 10309
19935 27205
21157 26318
8050 20825
14439 21814
2132 7144
7878 27844
2159 4424
9732 23566
2743 18680
3728 6106
1581 21163
2881 22809
396 7469
21024 24502
13658 15612
3727 15521
8434 20091
3197 9835
414 8776
9614 15735
17803 20046
1985 17477
1574 4636
3825 5267
18295 19264
7394 17739
1193 4562
10935 22446
4061 20786
1417 27926
4577 27316
8113 11821
20839 21831
327 7763
253 14494
1776 22587
8447 10170
1284 11998
3769 8679
4581 6350
8082 19008
838 25095
10200 14029
13468 21245
1394 14537
3946 17146
8308 21563
23219 25529
727 20614
11059 22235
21406 23015
11059 19084
17304 17560
11491 12895
7737 10873
14969 17241
8846 12257
406 3354
10027 22821
3042 23307
14662 18777
1546 20979
17414 20801
22425 24425
10485 22763
2148 3344
20715 21000
2697 27953
16684 22824
3257 22449
8905 12076
10467 25434
2250 25426
26446 26724
1573 16036
22761 28175
15883 17304
7218 13819
17040 23083
2462 3848
25057 25505
4792 24828
5033 19451
4534 20765
3909 25025
2831 21681
3456 7962
7030 16604
5983 22387
20084 27352
2104 21922
1117 21205
7814 11059
20744 25542
12970 20599
3739 27464
13598 18398
14547 17771
799 3669
2350 4253
3741 24016
6415 24122
7522 19787
4686 19550
19099 27851
25057 26457
16304 20631
2708 22947
5903 18976
9744 25545
4946 15429
13440 16998
5699 27152
5291 21968
13524 17724
12120 28175
3708 16232
4528 17263
6690 17481
11142 22230
12090 27611
22430 23309
11585 15378
8473 9454
16452 18249
7896 24153
5873 17176
26492 27030
10982 18787
15843 22605
15037 19496
977 14167
10287 10971
12097 14431
6182 13629
11875 18442
15791 24005
7137 9040
15376 17823
3638 26027
7166 21353
19668 22989
6411 22492
6449 17356
7086 22464
8342 9497
181 723
21813 22099
1777 25137
21633 21665
2541 12359
4004 9472
8259 8979
17785 22543
17338 19195
563 6148
341 9465
24867 25815
9552 19845
15793 16602
1308 27347
6811 13597
2230 24902
3765 27719
7206 14834
10075 20625
18027 21821
10515 27792
1920 24637
11360 21716
5579 12110
3665 23265
19169 21115
7695 19874
341 14016
1996 17603
192 5027
12495 20492
3236 5712
15383 24412
2170 14273
1848 3753
18049 24244
4273 24195
25104 26061
9294 19377
1052 20661
5583 23803
3580 4455
7881 20061
11531 27104
18054 21943
12111 24539
18541 25204
15736 21855
16263 21147
7816 27639
23767 24295
6280 22640
5832 9688
3126 12217
3562 18982
2585 26401
26515 27966
6221 6493
22966 26793
17141 28099
5177 23272
13382 16356
20758 25468
12111 25270
3494 26366
8081 10518
3146 17116
12982 18517
15991 20064
4623 9843
6156 11545
711 18403
1851 5767
10304 17861
19721 22333
17938 24503
11494 24181
2 14276
4444 21306
14997 17592
12437 21969
20184 21987
717 3700
10270 15069
10813 16535
943 8779
23973 25730
7976 9895
17782 23316
21491 24127
707 10874
22882 28269
3296 16490
22532 26217
864 9833
1349 15363
2670 19806
7464 25331
7411 15617
15879 22703
8010 11902
9215 9259
15928 26753
21129 23178
13677 23482
18002 25329
2040 21707
18451 24908
12593 13168
26010 26061
14055 21891
319 1121
13300 16600
5620 27404
7353 23206
1343 22301
7861 16436
3665 16477
4256 6196
348 1270
3154 11368
16268 21881
4648 14958
220 4237
8370 16193
4422 10270
4552 14431
4650 11416
4566 27484
7621 19329
5473 10382
15228 24395
13091 17057
1574 8482
14084 23885
8361 22678
18720 19068
7371 9821
3872 21590
13946 18479
25402 28147
1105 20200
15564 25394
1878 25468
17445 23167
5191 21511
2344 8215
1830 21415
17665 25625
17041 27573
22503 24023
6559 14707
560 17747
9396 27940
14954 24939
20003 24674
15085 26497
1840 23442
3411 24246
19566 26665
2349 24572
345 13564
3942 8620
11806 16711
4221 22205
10846 20173
7090 12139
10701 24182
5354 19382
14606 25321
18958 27222
1075 2793
7142 12688
11011 21889
14153 16823
4379 5576
21589 26840
5095 19411
1966 14021
13038 23295
7361 25613
9141 21815
1683 3808
10344 20719
9509 24872
14887 22698
10479 16665
6060 8959
17263 27208
3228 5123
14989 17742
1948 27821
7318 12838
4671 9165
12335 22238
5485 21875
14638 14913
27514 27987
2951 15804
759 15391
15308 24774
18745 21883
8261 19125
9321 13710
21246 23955
1713 18962
11701 20417
22702 26925
16276 23361
19516 24510
341 25986
10935 15910
957 26700
19971 23691
15141 27016
8669 18032
3674 16460
2807 15278
14475 22877
3730 5040
747 17232
5296 27247
6026 14594
2270 23180
19206 27915
10998 22109
3784 12752
197 896
10073 24662
977 1076
16429 24414
10039 22503
16228 17571
5941 27710
17211 24293
6232 20233
20665 23769
10450 24816
10039 13588
20922 25766
16206 23550
10093 20633
10219 21391
24996 26098
13931 27234
1689 22664
10442 28009
14057 15030
16999 23216
3729 7471
18725 23818
11722 20479
21383 24848
143 16571
2667 10066
6914 16340
2883 24698
18544 27145
7923 23307
13407 20550
3203 22763
16215 23366
14275 16152
4952 25306
7602 26677
13686 13809
3287 18474
13088 15717
13619 18318
17569 26939
918 4731
1895 25514
8835 20703
24148 25309
9760 22411
11617 17017
9992 27490
14309 17773
19390 25193
22285 22910
16969 18428
3947 7975
8363 19275
24219 25397
5984 27205
13522 17515
6705 10280
1795 6994
14853 25272
2592 25272
3892 19200
17763 25114
2699 17600
6872 9482
15196 23390
17961 24843
13358 15536
9563 27821
12761 18034
1218 25956
23777 25012
7162 22004
13143 24290
2925 15241
10390 19375
3728 14584
13212 20724
12517 21404
1669 8360
1725 4452
4312 24469
5933 25692
7188 12818
1804 10207
15960 17563
2274 6058
21475 28173
12794 16323
11851 12651
17556 23634
2708 21260
8081 8223
16102 21122
935 13280
403 11047
24069 25658
18516 21409
1163 12357
421 18384
11473 26066
6576 10701
7877 22415
10618 17583
8781 17603
3202 10919
9336 13475
4469 15155
7743 9847
15635 21402
7381 26409
396 16013
11576 23243
11878 20227
6346 17627
10208 22242
2485 23026
20503 22436
4628 11385
16478 21883
508 15790
3907 8330
4111 21506
6811 18371
8705 13595
10530 22947
2818 18787
19540 25664
6968 15251
16263 19280
4405 5275
8645 12974
3156 6402
878 27771
7942 12881
16425 20773
287 19995
15267 18985
20406 25013
24332 27399
5015 16374
1658 21603
4782 14711
22924 24836
5 14974
22311 27404
3690 26946
16640 24627
9563 27569
12374 20047
6182 16915
13679 25174
11431 14969
12782 16966
251 5570
4952 19004
12043 16049
245 15508
11112 12922
17135 22283
341 15789
7813 22476
1574 22115
18897 22362
3843 24502
19545 25259
18607 25414
17924 20227
5258 7758
8801 24406
2761 6857
9211 13894
7492 7528
20539 25561
5867 8985
16514 18520
6894 13302
11809 15074
3397 12657
14175 15443
16550 25966
8410 11674
6680 10292
15425 15992
9209 15735
15505 19067
10281 14886
2364 22149
17398 19348
569 16117
23080 27977
17318 26372
294 17787
957 3800
5710 10144
14984 15024
24904 25577
13853 18876
2894 24502
12218 21638
8830 11128
18871 23246
9380 25455
14306 23265
4133 22463
8441 15997
18225 25503
10681 26467
900 1050
8816 14325
1871 9831
6552 20195
3853 25817
7737 13598
3997 12314
19847 23363
3231 4849
4198 12361
8083 27460
8075 15409
16484 24069
1512 17075
1925 17797
7135 17782
1687 23839
3254 24659
3381 10175
4433 20155
21735 23865
14076 15435
6668 12495
14895 18906
8521 11033
12114 17561
13096 23110
3161 18937
7758 11039
6118 19516
31 27333
20527 22203
9999 25617
2967 13802
1613 3528
1659 10824
19979 22504
26629 27701
14368 17965
8451 18775
1797 15868
18258 26570
3762 16218
2291 26499
8705 23130
14758 25482
18870 24551
16331 17056
1713 15312
13670 18957
10061 18775
1232 6309
16183 27611
12538 19181
670 5331
2522 11056
20583 21835
4205 9850
16210 23730
5737 25483
3714 26546
1720 7804
14424 15297
7267 19546
23521 27538
17422 20544
4149 9771
16274 18475
8304 20272
4766 19516
867 26673
3953 15856
18046 21207
9095 16878
4363 5876
1860 16025
19148 21546
14993 17916
8874 12679
7950 27642
8348 15182
13282 17407
2796 24836
6207 14353
830 25344
13277 25121
7707 11368
8108 11030
6100 18854
24575 24623
3778 13186
2324 7722
17166 27717
5797 18690
4076 25057
4787 22288
6032 13913
374 27918
396 8855
8182 11975
6305 10646
2763 22593
8368 11698
9701 19634
4287 21111
5072 18522
1050 13075
4685 8323
20424 22157
13978 23459
8135 16769
16192 26902
23361 27514
867 7205
7793 26503
741 25011
9701 19833
10814 22561
10393 23345
833 8085
2729 27792
14558 22040
4295 7535
13827 23648
10274 27281
8736 10598
256 13325
5402 16878
3925 21010
10124 14954
13970 16587
21451 26189
16397 16765
3392 19177
8145 15149
20011 24454
13681 20162
16006 18627
9896 27796
17513 26706
14085 15734
3024 18982
290 11059
6926 20685
11151 26232
24453 26668
12708 21407
14468 26361
11548 25729
9663 17603
1028 2647
14483 24041
3781 27227
4954 7839
12952 14524
6012 18556
8798 13412
679 16616
8451 11311
9991 24461
5288 11486
18679 27596
15310 23653
3392 7471
5876 10937
2530 7984
22503 26603
18070 22835
10308 12568
1979 27398
21537 22664
8017 12371
8893 20448
15018 20168
1624 25110
3002 4839
8797 17487
4305 28197
9905 19536
8565 17040
271 8816
24224 24413
10786 15831
12145 19536
7477 22425
4561 15200
4672 25327
7210 8956
6832 26923
8669 11197
11628 22322
6726 14226
1826 20969
3229 27701
4567 8445
4693 23944
4142 18313
545 15692
10461 23194
1239 23663
19739 26503
12479 18793
13817 26141
928 12386
3901 14390
11857 24391
10487 11963
17574 20205
1502 10787
24201 25724
490 15365
26413 27596
964 26227
1241 5168
3281 7758
17832 27696
17762 20670
16453 27153
22079 23094
8831 21703
19320 25128
12049 14632
2845 22476
12651 22156
3287 15895
6472 18883
9578 27359
10839 18628
6059 17865
16369 25564
24663 28136
2648 21761
943 14666
20245 26598
8985 26229
5071 10940
3229 19408
11630 17114
13595 16276
651 14747
4070 16480
2031 4112
6298 10887
6728 22835
2858 13112
15812 22712
8057 18919
10569 26220
3030 12089
16142 26077
9368 25602
11634 16597
3024 9951
4524 13468
7945 22676
4548 14050
10309 17530
2471 7196
12495 20171
14487 26319
3282 14010
7500 14057
15977 22566
6032 18277
2480 27397
3934 4448
2375 16806
9871 22646
18367 18748
10950 15610
10559 10767
13221 23055
6930 13875
5738 18894
1425 14445
14121 25162
6355 27449
18735 25917
21814 24522
12288 21880
22425 28211
12936 25757
4782 16313
18951 22607
11444 23944
1767 7216
509 20313
4394 19301
3648 11541
1986 6037
10828 19081
11475 17495
5866 22517
2186 25250
17630 27197
11049 21290
6469 11484
5498 22229
6928 21673
5659 6209
850 20238
6183 9753
12769 14644
24208 24379
10813 21491
11723 25222
1786 8405
3712 22611
9406 14520
2172 20705
18679 27569
5256 14825
12792 27128
16849 21335
4938 22815
6458 25208
4549 18669
110 27367
11034 15610
1223 8806
3378 13091
6972 21986
3206 21343
793 16428
1307 23365
2471 20034
10763 25174
14471 17239
3412 8011
19780 25986
3069 26620
6537 24738
10219 20309
11847 20727
10792 19787
3140 17775
1186 8064
2702 8660
5430 7555
4422 13111
13057 21687
16276 23006
15936 21790
5438 8405
2447 21766
7323 14559
4633 5694
15442 21727
1 24213
14689 25876
18461 26406
3045 3761
1195 2308
2401 26063
22720 24804
19726 24256
2832 27821
7449 21735
24828 28191
12065 18480
1159 13491
9897 14193
23560 24610
10740 18761
6834 24145
10393 22460
3734 5309
7518 13415
6528 15814
1391 5308
3041 9833
15803 16111
2544 14503
16478 20434
2247 22389
19817 22269
6973 16538
24425 25067
4712 9137
4837 9974
21733 23942
5940 22675
21135 22292
22446 23935
588 3622
17524 18541
729 20267
23041 25217
5984 12708
5156 21539
8855 18003
16467 26450
2635 6239
20678 21498
3158 5414
9281 15736
9550 11562
1860 8954
959 18062
1548 24098
3997 17487
9339 15179
9974 13303
4902 22896
14595 25417
8818 11479
10012 23588
1034 8177
498 2557
1181 26671
12052 19670
7860 21867
3585 9355
8148 18814
6182 24079
16986 18721
3554 28198
14604 24226
10357 26678
1295 3625
5004 17907
1136 4373
7668 16219
18386 23472
2712 18136
1067 28178
867 5549
181 26435
2124 7964
8824 21756
16180 17169
9544 17284
2412 22940
4942 13283
18929 26391
21240 28148
5984 12218
13681 18507
1936 17020
3633 23412
12634 26717
23963 24055
18908 27719
1448 22905
8208 20758
14491 17748
5661 14993
1489 11131
12990 23430
6808 25568
825 9536
26596 26969
1361 15868
11356 19001
393 16373
175 18047
5611 16350
8939 21716
12066 19314
3329 28194
892 17261
11804 15108
2586 6730
369 15401
1192 10450
25453 27016
9738 15428
7505 12392
1508 12241
14421 20944
24752 26659
1134 18078
6097 12644
12257 26413
6239 17398
2227 10320
14633 25107
17128 24309
711 13476
12151 21032
21725 27404
10428 19988
1878 26273
985 3609
2707 11129
1515 10462
6889 14690
18615 26454
4388 12493
5 9798
19817 27314
14731 26244
2324 17910
4595 25893
1992 24834
19206 21338
16627 20754
12531 13851
7013 10858
18920 19886
13600 18592
3727 7553
1105 15776
11396 18526
3902 25508
5042 8086
825 22387
4489 21237
24997 26080
4672 25617
16640 22448
3464 4766
17823 24415
13994 18870
9311 25397
15060 15833
1900 14771
4645 22493
20129 25108
1630 19437
21344 27258
9802 12871
3921 23470
14816 20171
5466 21291
2236 25739
3869 16463
7755 12388
4119 5373
4448 14771
13118 22420
7802 18743
16314 25402
20391 27926
12040 12516
2379 7814
9767 21929
13242 24277
2236 22353
4217 8536
23836 27796
966 7929
4081 6196
16117 20813
14020 14655
8782 11784
10800 24965
15462 24617
14611 25157
10512 17787
1153 24338
1449 15590
1707 3038
13810 20081
5288 10727
12028 18128
14661 16027
3527 23719
2085 4646
6209 14667
1297 5104
14364 18592
6974 22601
2144 20234
14133 18320
711 4081
3979 23254
10898 22873
14124 22517
16922 27271
5691 14364
16184 23422
4949 10232
8357 8869
18795 23379
3300 7205
10971 22205
9361 10949
3300 8931
6127 24783
1440 16439
88 25848
8057 24862
2526 20755
17245 18811
1023 25748
10691 23590
12496 28061
5003 14778
16299 21366
9888 17250
2880 27433
9563 24221
1305 21505
13471 22236
5081 25657
9254 24208
15727 19169
865 20948
13831 20032
12144 22076
11695 16598
5209 9510
12684 22598
13349 25435
17280 20751
25624 28062
396 9226
705 28063
16288 19247
8654 18145
11120 11484
2438 14694
15023 16092
1211 12576
11443 25108
19961 25345
824 16342
13193 16618
3251 13983
16301 23598
185 6182
3781 25318
15133 24601
4043 24237
7252 12968
10830 24952
4150 13386
23833 24321
9367 14010
11294 12204
439 7856
3904 5752
3039 12800
7236 15271
20382 20472
7701 13819
6894 26808
12152 22596
13724 21277
6128 11727
22365 25652
1372 16769
1107 13714
5204 27358
749 2929
8870 12290
18641 19021
19536 21945
1579 25288
15495 22616
867 10672
24495 27051
16436 25453
14787 26454
6968 13052
1489 10415
6972 8384
4209 17241
20086 20211
6968 17725
4550 7144
4550 23524
16126 22172
14631 23602
8707 18102
3419 21852
13848 18464
1379 4214
17784 26790
18349 19546
2243 7207
6898 9838
6789 11378
15967 20578
8705 18931
21325 22339
10639 11251
9180 10598
11539 16901
7150 16439
8276 23045
11471 21789
9025 26622
9526 25040
4093 14708
13586 20618
2788 15942
5729 11930
12286 17664
807 11529
20366 21473
16757 19028
4216 10604
21000 26998
980 2996
11140 25530
7568 16027
18790 27876
11952 21143
13545 25602
343 24023
1878 13789
9696 19171
137 25927
11618 24551
3667 8415
1581 22340
10688 15040
4070 7390
25727 26845
1037 27218
9584 14352
10061 24608
18449 21041
7508 26347
13387 16738
6442 13602
8781 24502
9429 24393
9074 23141
1162 24379
3052 9968
2989 16991
17054 20795
23963 24539
9252 18920
14728 17145
11177 21440
10159 11417
14228 25219
2202 22864
7199 12214
15897 15918
5583 12402
396 8970
9421 10475
11652 26129
1727 11727
5004 19075
16152 20805
16193 25185
18629 25494
17526 24104
16679 21766
6715 21670
17457 27274
568 3895
6078 22048
13699 17423
17310 18400
5832 25567
2807 10393
6589 16452
2375 22829
6903 20616
18950 21149
3395 22882
7884 10548
2447 12155
7339 16803
16117 22634
3810 25343
11279 12581
13443 26672
1851 24474
25472 26994
823 5751
11110 15708
14809 19409
5181 17320
15341 18247
18387 28202
15452 23117
904 6785
14947 24771
6642 16946
2676 5166
3956 25576
6351 17302
14330 26317
17302 19569
25716 26663
2324 4460
2746 27750
22893 25108
11665 18753
8022 13305
9408 23929
4162 7197
5749 25116
3420 24701
8988 28085
12581 24716
1593 8405
18141 23576
5711 5989
12403 26082
11521 26901
12901 21166
58 27372
1843 17076
1628 20477
2598 9590
12427 19289
12234 19749
748 9680
14703 24241
2410 19950
11113 13906
6007 7608
9640 26469
14871 26752
4197 18615
3957 15985
1635 13864
9003 24848
10687 19576
41 21886
13984 24830
10956 20664
6609 27669
6936 26993
3037 11817
9349 18784
14964 17857
6423 22269
15839 24774
12474 25265
17839 24061
10552 19947
7852 21811
16814 27509
2874 28166
5528 21798
7671 8491
866 4575
3280 12633
3744 18316
3957 17214
8831 21242
3827 15355
17902 27084
11728 24036
10517 15697
5588 5721
11295 18059
7086 27642
4068 21579
8000 15377
13029 26262
9799 13123
38 12436
9270 14942
14514 27032
20758 23955
10115 25608
19594 23849
2617 17880
19271 23719
1075 17555
5221 20852
3317 5079
12313 15009
18952 25027
12057 28250
5659 24716
4422 12546
2526 18503
17931 20545
9231 20046
1138 16809
7632 11256
7950 14971
7443 27789
7937 11193
17348 25422
12939 26966
6708 18024
12090 13169
10210 19289
7386 11552
14048 28215
3708 4179
22046 23298
14149 26774
4439 7987
2245 4967
6994 17239
811 19549
22871 23977
1379 5976
15120 20775
5779 23430
10071 24749
12855 16493
26338 28229
8525 21623
6794 8961
19333 26193
10018 22430
12556 17963
10606 14634
22474 27037
23422 25172
5841 22227
13518 24317
1106 4087
1589 25397
4273 26955
4595 15572
5802 11880
6837 27854
11872 26473
8921 17568
5505 10197
12080 12797
351 16949
4536 25915
9557 17048
1979 20701
19042 21493
4939 22416
13347 25064
2520 14364
2803 3232
16744 17337
6734 17990
3051 14939
11023 16001
13864 20754
15493 20715
3600 17471
13101 23145
20504 22213
12630 25966
14961 23623
5081 6603
5815 18909
6250 7838
20125 20189
2499 26990
20116 22105
6894 20448
14540 16230
25454 26260
11677 18051
173 15226
3146 8968
3784 22771
5371 22530
1050 26751
129 319
1360 6646
17022 21929
369 24422
11992 19123
3413 25043
8057 26659
1337 20224
3147 22457
8679 17443
2433 23880
4675 16838
9915 19169
11011 19304
14866 24854
8209 17094
11295 13706
11059 19745
13775 17995
5774 26223
5611 20431
16012 27261
16328 16448
3399 9372
9252 21393
10509 13639
2748 21915
12090 18001
3265 11535
9642 24330
790 17562
14421 25978
19086 27152
17318 27206
24340 25799
4719 26197
2454 3296
17801 21258
24933 26738
13344 27309
16532 20853
16942 18331
11059 16695
438 3915
10952 21564
12262 12910
4788 8055
7676 12964
14647 27221
5632 18753
10762 15493
4846 15251
10114 16941
31 27099
8795 14771
21980 23294
4849 26663
2912 4920
7827 7927
5984 8493
5472 21742
9264 27279
3625 4361
23822 26176
478 21401
18649 23048
5289 7881
6222 24453
11816 24298
10646 26018
5522 7185
7902 26000
18994 23651
5989 20758
19895 22644
15934 20122
19199 26232
23305 24649
2646 6099
7229 15995
5978 25487
16422 27906
6599 18457
4791 18050
23216 27464
4083 5119
17568 18553
11104 16351
7950 10092
5117 13513
15058 27967
8129 22471
22199 23433
12487 24131
13095 22191
369 2986
13208 27627
917 9175
2936 13152
8442 24586
473 21849
7820 19817
4468 21430
4838 21107
9574 9956
14697 21323
10825 24910
13343 24453
20942 23422
16181 26072
2607 19135
6801 13591
6958 8235
14418 20162
4775 25283
18824 22392
14939 21546
19482 27766
13705 27046
8151 19781
9625 19721
14012 14120
10488 26976
5274 8833
735 24659
4447 9263
11880 12754
7229 10587
18601 18723
4097 16283
10116 27279
11531 16102
11180 23754
3287 25343
757 23614
1878 18823
14911 17307
9663 23576
11612 18882
8443 11104
14141 21024
8816 13373
5904 10924
14233 23766
670 13291
14591 23842
9881 13346
3606 19948
16953 24095
7278 9900
18659 24379
400 20136
20113 20826
5288 10900
16511 19234
3793 18945
3577 23522
4493 8291
4151 10384
7290 15308
406 16671
558 16999
7508 12193
11111 11148
15759 21201
17080 25732
7031 7412
3194 22882
7393 15173
21192 21615
14288 23077
19913 28215
5982 10645
3019 7577
18942 24061
10350 17402
12709 26094
21079 24928
1177 14586
20749 21746
5980 20702
3978 27175
6671 21323
10326 27672
8670 20826
8185 19487
19536 21963
7757 22895
2332 2527
13491 16979
4085 16996
8930 11978
13504 22120
262 14183
4737 16026
23941 25278
11241 22319
10937 21768
876 27669
8351 22779
20812 25302
2843 17337
13180 27596
976 26620
4116 9932
24971 26497
8265 18576
7484 25197
15661 18115
3365 7323
17037 17160
17414 19916
9190 19576
11809 16402
9851 23372
4231 25623
1878 7473
5328 6846
215 10115
1138 14669
327 2759
8533 25658
2915 10767
12769 21635
4131 16686
11039 17637
17119 28215
5229 8357
2648 11816
1181 27554
2667 27867
5864 10660
14021 14998
10228 25967
20355 21537
7637 11170
5372 14174
245 5546
325 8857
2491 9923
9803 14273
7277 13661
7508 15224
5181 9949
17773 22814
17363 24673
7083 23785
3708 10629
5614 26596
7365 9255
16979 17757
4477 22186
7419 24379
3059 11581
4737 10216
10848 20224
19570 23454
1692 11657
2414 18120
4288 17575
23292 27795
11893 16274
16354 26025
8155 12540
21026 24232
6065 6707
22882 24061
7300 21653
6722 24471
15346 23125
28 21771
19144 21224
6052 27664
8280 27710
1153 25941
5062 15531
1234 21511
17651 25080
2031 26543
12989 14358
23932 27152
8177 9528
13098 15657
19275 23033
7530 8205
2067 16144
535 7031
10584 24904
24167 27128
3265 7836
3244 12282
9214 22674
2128 13087
8709 22259
4933 20196
15442 22153
3762 9115
7734 27605
2518 8817
9933 17318
9795 12869
4435 24448
867 3254
2760 4717
4061 18920
8924 18745
26986 27715
134 24904
11011 23982
20162 28211
14923 18128
17439 19400
12368 23389
14621 24731
2482 21592
11937 23298
18392 19920
8200 10487
9067 15642
17017 20912
18667 27784
11305 21215
9771 22113
2496 28186
767 14720
1200 15723
17941 25956
1056 17442
2357 6251
14411 25397
2293 15272
25286 27718
193 23932
558 10467
27710 27711
1216 8024
26133 27211
10242 10269
5691 12404
5537 6053
19657 22548
6427 14420
22546 23585
16489 18787
313 20092
3122 25099
20628 25797
9234 22294
4323 17787
4964 17990
9263 10531
21417 24836
1925 17021
6334 20869
6155 24629
22848 24303
7617 24453
579 6625
5665 7413
7704 17633
473 26147
867 21458
10246 12945
18132 23188
9959 19818
4828 8522
632 8112
9271 25161
5003 5472
19116 19429
3624 20990
7898 14758
9566 23704
7600 10961
19548 20008
4463 8837
8030 8087
10048 15155
10350 10961
54 2958
10431 22190
2064 2960
6591 12737
1830 23673
212 4340
3125 18603
4209 17224
11597 19522
2514 24328
15426 20822
16431 18334
8443 28077
2948 3465
13483 16201
7361 15829
1593 14671
12773 23392
11199 26087
14030 19546
8956 27769
4178 14280
5152 21486
19548 20367
10714 21725
16800 27882
4763 7429
1529 27175
8889 20817
9553 23679
788 21692
20388 27161
10621 19019
5003 7997
15446 17550
13655 24611
22087 25881
396 19041
9899 22623
3713 17963
6702 15170
8086 8889
16611 28228
5392 16547
12169 17374
18564 19819
1021 2180
7624 17046
8151 23422
3825 14971
11396 13804
21211 23738
570 4516
8112 18639
3285 20009
914 9963
22203 24755
9998 24007
9460 10061
898 20292
11773 20579
23254 24136
983 8085
4981 24454
2272 23722
20677 23974
5984 7820
1578 20829
6514 20992
20135 22763
6552 10839
17967 19927
6339 19113
2995 4756
3695 12551
9285 15022
1163 4098
4594 15823
11294 15022
6857 24092
19252 22430
15487 26194
2711 28234
152 24954
617 5768
17243 18184
7068 7737
24718 26150
4961 8916
11634 23459
250 9677
15644 20162
6036 25433
19894 21202
9294 11340
23897 27197
1658 6298
12383 17097
3169 23914
1419 10145
12927 28141
6372 11866
4540 8963
3488 24928
17870 23373
3733 14997
3388 25039
3647 22485
11953 21309
17446 24904
5329 7984
4328 23679
17630 25550
7103 20558
5496 6911
12839 16939
18076 24049
6402 16987
14017 20332
424 21209
2710 10257
874 1283
6110 19361
1164 26758
4600 21438
1567 10807
6317 12094
10078 16006
2213 24616
6444 23608
15916 28162
2120 13074
19953 20008
12300 19874
3443 10929
495 1604
24543 28167
16900 22438
8990 26787
4549 20695
6994 20288
4575 8724
9561 24571
14944 28044
8363 18192
3073 13713
24 23719
1899 24405
11997 14816
17438 21734
5846 7609
13527 22015
24364 27798
21333 21801
13437 14916
13980 15247
15323 26273
3496 24831
2466 24049
10422 25612
924 8090
4256 23474
6431 23272
5527 8511
10547 19681
15019 21745
1240 3762
14390 16986
3 5607
9490 21200
10583 27536
6637 9952
10444 20124
9319 12073
7973 17702
3951 6591
12676 24279
11859 21726
3382 22179
11935 14869
4018 15009
14730 22784
14261 22566
12852 25276
25505 27389
6447 27271
6571 16073
4360 18189
5454 13704
20833 22430
6363 11307
9926 12553
3587 20677
23410 25338
7469 28120
107 26804
15561 25155
12346 16545
4919 16430
75 27740
20007 27128
2526 17117
666 1495
18219 22902
17003 17814
269 8336
16036 26075
962 26131
13264 20115
14894 25903
1500 23658
2075 19535
7419 7770
9737 26665
17501 23075
838 8531
10653 26943
139 1142
22025 26869
25102 25564
2830 4650
8280 20211
5107 21481
13917 27719
7982 9226
16377 28245
16389 24332
4562 15027
4456 7969
5895 10228
7069 24643
22841 25602
23116 23721
15426 25443
13471 24275
9631 12837
11216 16094
4367 26247
396 10863
7791 8156
15141 17819
2339 22246
6290 18219
1512 17368
2311 6041
8241 12739
3666 18541
5941 19611
10741 17747
7061 7281
24358 24536
17782 27979
2001 16358
1920 28156
11131 27664
7491 20177
3165 17615
16525 17440
23441 26256
7168 25414
14777 26675
23635 25986
8377 14244
2667 6881
20089 25433
6437 11952
8106 14534
6009 9901
5660 18302
24090 28218
22607 26908
8670 21673
43 27779
21680 25610
14568 25864
14988 18133
4603 15450
12693 20448
20417 25366
5445 12147
23674 24007
568 22766
8868 20179
17239 25879
1186 22976
8692 25021
6830 22651
2530 5728
4422 16377
9253 21123
12551 21402
18097 26081
13401 22699
10248 15026
4980 13384
15397 22472
6547 10618
592 26186
7626 14743
999 24274
21762 22163
8220 23863
5896 25828
4256 23437
17061 24904
19043 24815
11144 22894
6536 14445
6980 13597
15672 23762
1761 15727
1230 10974
13437 25504
8437 8739
473 10146
7286 15004
3701 12757
3134 10751
5907 20632
3789 13475
26892 27607
12655 13475
1069 23972
1851 8880
6297 21661
2325 24467
107 16683
10922 13462
1106 2708
8938 21592
1093 26580
11192 22448
21438 23932
5222 14671
18694 22399
12859 25059
21436 23462
2418 14033
14085 23119
3366 24104
4468 17097
341 10767
7828 20661
1181 16019
10061 12145
13881 20501
2230 5984
7152 15823
9295 21975
15037 26077
5708 9368
2677 19063
18192 25276
8964 20950
14881 27709
495 3665
7981 20258
4956 14288
2283 18265
6753 9884
1893 9528
12944 18030
5110 18615
16351 25588
439 8994
7413 17408
2830 18647
16992 21349
18463 20363
10316 24074
17782 21736
19604 25531
1659 16567
15682 20786
8506 10436
4061 17762
7783 26372
505 20258
1426 10062
4646 17963
2130 21696
3730 21366
13005 26539
641 6657
13447 13515
23143 24095
1468 8263
13117 20230
15297 26728
18412 20729
1015 26554
15747 19672
3828 16751
11594 22706
6246 22392
2105 19877
3762 4388
12333 26016
5708 9616
17534 19712
19615 26525
5850 13945
1778 25311
3336 17028
396 7988
3700 6056
4067 14481
7162 24326
4629 13954
396 5907
15599 22826
9670 23469
10974 25283
14843 21962
7053 17348
116 9354
2928 25992
12659 20691
13759 23921
3294 15900
1559 4251
3305 7637
21138 22326
1978 26559
53 23641
808 23046
10952 27798
9071 14889
3987 19874
676 27085
3534 9252
1942 11480
15100 18387
11480 13766
15599 18659
829 23178
5008 16963
14010 21438
3233 26322
7630 28165
4081 21682
15570 17670
5081 8925
438 27847
2436 5089
21446 22322
5454 22707
11356 16245
13916 16389
5590 26989
3587 12214
7921 24806
939 18260
4247 23021
8248 13756
8334 25930
9417 16176
15496 20251
5435 25329
16961 24557
705 4587
9119 20227
1330 18181
24864 26362
1879 10054
11212 17760
8408 18243
16340 22847
16981 17965
5660 12051
13912 19068
116 2212
514 21988
14572 27611
12785 19567
24577 27089
9398 19829
23388 26898
12561 23846
1209 27467
19789 23993
8871 14604
2577 25130
8977 21538
9077 17599
18034 21662
5716 12945
9824 28150
17254 19716
14703 25810
8784 9216
14989 27490
21216 22507
21423 22052
9683 20491
5200 8902
10665 24793
6914 18593
23696 26526
24255 25410
12869 24637
18007 27471
295 27381
23788 24103
6806 23128
68 16309
14445 21647
1433 21542
5943 10358
7320 16597
12090 14835
2438 9525
1236 27710
1597 15404
12175 12634
4216 21116
10863 25197
1026 25116
6796 13978
3348 16068
355 8926
5336 8413
6497 21479
898 8156
8352 10971
1880 20742
11796 21354
1504 8831
4358 14630
19762 25885
2787 8772
7577 21449
7701 22895
6289 19566
11124 28205
4570 19611
3804 17889
3892 21770
13059 25910
3762 6151
1056 15370
12984 26340
10432 17960
4869 16466
288 574
1507 12633
9795 11361
651 25224
5233 23177
6490 22340
5350 24628
12472 26344
7195 18704
16996 23693
14907 27705
8637 9989
8320 24062
8578 18136
3802 5609
13186 26986
539 12278
19402 22630
1638 23236
9712 13327
8024 22875
152 25059
1774 12692
14727 25658
1652 3271
7162 26660
9404 13216
1852 19171
6775 7434
4121 26465
8638 9333
15983 25260
7059 8924
6930 10706
805 15834
835 21146
4062 27484
10618 14482
5080 7768
7630 25433
14969 25699
449 11020
7497 15722
4826 9505
10968 18631
884 3536
3581 24543
3345 22182
15136 26417
18634 23744
17530 27795
5305 6429
115 14975
12642 16526
5296 25052
11076 24719
19858 21049
874 16586
18615 25139
9710 25912
944 24753
23094 25684
243 9962
3001 5125
925 14344
4603 16547
9432 18520
13415 21269
3915 13683
3378 9154
3714 7200
5393 13464
6907 22956
4012 22273
9265 18414
3141 21346
10532 19670
990 10538
564 19837
9702 27462
7373 7497
2961 8770
4282 9264
1689 11580
7194 8685
9093 25921
10493 17178
6402 12120
3975 6891
11057 26419
19356 26193
22147 27230
2402 10691
11138 18195
17437 19893
12118 20830
3287 25329
4448 25397
13623 25297
10169 26176
11939 13328
3361 15614
4586 23087
6397 24800
8894 18671
4896 24721
12066 26603
9530 17514
4946 13681
11090 18531
5461 7411
15794 18730
14672 23165
9563 12495
18781 23956
2163 6527
1945 14153
4729 19289
5495 15138
828 12956
13168 27835
426 25405
4216 10349
17422 24659
10061 20355
16480 23619
9465 18280
4758 17519
15297 21545
10672 18082
808 19289
5504 22449
339 4098
1827 19827
7846 26851
13763 27327
20003 28210
7975 21086
14507 19222
20041 27867
3229 7119
16727 19269
4574 25617
1870 27212
2635 24028
14920 21139
15661 26015
1116 11257
23130 27857
11920 18615
8284 27713
16413 22721
3945 22190
15250 18718
15441 27306
7944 11951
15064 23997
10652 24127
7737 21318
1858 7119
6471 23782
8001 18560
15924 21372
6269 14912
4423 13405
23165 28194
15830 26935
13620 27495
8137 11295
12074 21671
4258 14393
7450 12875
3203 13472
1097 22607
2382 12006
2206 16516
8382 14534
18188 23430
14120 17422
20253 24703
3391 21634
8011 25195
6094 19155
2748 17938
20162 24127
788 15182
19776 20646
220 867
21456 27279
13776 17075
27313 28277
245 9881
5308 18993
2092 12228
14052 22934
12377 26148
9738 18226
14992 22321
7936 25080
11100 18249
3204 17988
3573 8003
13970 14798
454 2915
1100 16583
5767 18449
22966 28038
9222 14817
5263 9226
584 21999
4765 23664
2665 5181
12654 23995
6794 14095
3741 4864
2260 13845
10488 16111
7390 21938
13150 19053
1718 9247
1842 22021
7374 19375
6560 28194
7443 17986
5064 15839
4549 10090
8970 22271
3336 13927
1325 25902
24866 26135
12606 16901
1999 21552
485 20611
15344 27462
11656 22422
17617 18963
2836 11981
2545 22695
8577 19580
1884 7975
5485 27821
3889 17742
13886 27374
11133 26916
6704 7383
4581 6205
4534 24069
20936 22373
19309 19796
11558 25203
11112 25923
3738 5477
1234 7450
25957 26077
4941 22968
15190 20384
9621 17377
2818 17747
828 17696
3141 3997
8316 12411
1726 1737
13234 21691
1720 23638
11049 25340
972 16837
4756 22382
16386 24910
1741 23038
8758 9767
1878 19813
7442 16919
12709 27841
9252 22787
22422 28158
3893 7390
976 26665
46 18949
3565 21996
3114 5544
5117 18265
16642 23978
19536 20109
1 3290
4302 14933
7603 25754
2702 12817
2067 10416
14969 24900
5104 11102
11494 26811
3511 7484
2280 3532
15429 18876
21079 23915
9038 26744
13820 17720
2001 17742
6655 15084
17513 20708
12960 25262
21244 22919
677 4424
705 16584
10956 21928
823 20021
20406 24976
13609 27247
683 20348
14035 19494
23779 26698
3039 23315
12342 24170
569 17501
4535 16257
5960 16344
6809 8593
16457 22360
6875 19539
5794 8438
11428 28162
10640 14633
12260 15659
12424 16772
3202 20061
3504 10255
16184 25653
9846 10023
15808 18947
137 12323
21886 27966
673 2245
1032 7987
13683 16557
20864 22432
820 14648
16251 24666
20097 27928
3922 21572
6372 24884
20876 27788
21380 27956
1 4069
22785 25617
15182 18308
2432 21207
5063 11296
18765 22983
8357 9488
505 16983
5630 7416
19447 24790
497 21776
11216 17838
8114 11812
5079 21707
24783 24939
1775 2259
11059 18284
13025 23377
6861 21668
6137 15130
1463 14022
526 17415
9322 15845
5051 14080
3331 24601
10935 13266
1917 22492
6590 23536
13553 17838
11878 17245
3700 17880
18280 24193
535 12862
10772 20355
2933 10245
4753 20916
1666 12727
9058 24069
7760 8157
22581 24562
7101 24903
8160 18713
10213 21051
14198 19641
20314 26539
5096 5819
13407 25366
11171 12838
9553 17963
19308 23645
396 20373
14339 22889
5440 27598
20112 20841
20367 23792
11997 17902
10894 21746
877 20231
864 9962
8759 14728
12538 27087
11381 12350
5094 13889
9717 28122
13109 20398
17422 24069
12648 12677
9853 10342
11244 15668
12229 27560
3166 15597
11976 17963
6009 9502
10072 18536
7033 18153
1392 9398
24537 27835
11837 15660
3287 25927
19849 25525
12262 27790
18469 20406
20424 22425
14519 17109
809 17843
874 13808
14021 14235
396 13212
15430 21440
12549 26115
7201 11295
5996 10617
13847 14033
15832 18358
3965 25584
3768 5989
1107 19793
24123 25929
3306 11354
10920 17407
1361 1797
14464 25699
13196 21444
4162 27743
13117 20299
1843 21981
2067 24939
19679 23182
8730 8989
26368 27808
14559 25901
1767 8923
20076 22867
354 19868
7595 19086
9193 10696
12220 21505
957 17281
10047 20441
2339 21857
9923 23193
4422 23229
3685 23282
2132 9843
4584 17159
8972 10264
8000 8404
4379 18673
19721 27923
23296 24265
4072 24395
6914 9266
11092 13874
3241 23242
1813 23665
2628 8481
11439 24395
1651 13752
8342 17123
3587 5932
19169 21638
2420 22702
12776 23997
705 13038
3947 26559
21328 26700
7120 14298
1223 24904
131 27321
2308 25039
8623 25191
8128 25875
12462 21028
824 14103
4221 10920
2389 16656
9226 23628
1502 3881
2352 5166
9239 27567
5449 13726
2031 19321
683 10612
7836 25855
1658 23520
10244 22935
17599 27646
7115 21191
18633 23926
3406 12490
3437 8100
11039 17692
792 10230
1770 9543
19383 22939
22507 25850
2667 18933
16054 18679
9092 10477
486 2075
4109 8924
18541 18947
6584 23593
11688 19621
20949 26753
4906 17285
7002 23825
1432 23035
10805 11253
8357 9952
881 21717
1272 13800
18918 24867
2103 19961
15047 23361
23669 24375
8370 18374
12689 19728
4247 14291
1568 14607
24324 27179
1106 21780
18458 18972
8292 23286
13771 15543
7959 23608
3756 22212
2172 3413
322 11552
7484 26740
3242 7552
12729 18107
18891 27932
1959 9194
24061 24250
8274 20340
21962 26153
6896 12925
8085 11295
3419 3990
5208 21647
25767 25776
7412 21831
15494 25402
9017 15189
11599 25287
1925 13836
6316 20120
14944 21029
11431 14798
8357 13847
6532 17989
926 5711
14478 25701
9082 26902
3816 14513
727 24886
6156 8463
12474 24693
15896 19298
841 27669
5691 8948
17014 21488
22605 26303
1900 5458
7478 25306
20205 22425
801 1181
13626 15023
20639 20891
13223 15758
8367 27140
5978 21859
17263 17901
13032 24892
6800 20390
13405 22254
26911 27697
212 5349
14355 23183
13141 15098
2986 9323
3188 14820
12071 25942
6239 15074
16766 27803
16230 20633
17300 20117
12625 14291
14129 20876
2715 8291
8787 26811
1090 10090
22017 26878
5288 22378
1136 4302
5459 13706
14989 15308
16781 19827
5701 26303
8230 18038
11169 14383
16922 21053
15257 18104
18626 21473
20020 23749
1074 19644
569 24477
6034 21446
2648 23683
12504 15553
13672 25453
8123 16194
5117 13282
1970 7320
14140 24698
19389 22606
18704 25672
4607 13527
4189 19285
18669 21304
6099 6489
3186 5783
17246 20409
3053 5989
3119 12847
22323 22650
7879 9591
17644 23083
4244 21036
2895 15429
396 10015
9375 12978
7950 15781
2383 18810
12660 24594
16046 24804
21080 24565
20667 24280
7202 25699
1302 20054
1572 9382
23842 26640
3733 10913
11463 19325
24806 26968
20789 22046
12204 21766
8027 10368
5351 8438
1153 19445
10430 14659
660 5989
18823 21723
8784 23525
494 17583
3780 20884
6198 25658
490 16987
5492 23772
21941 25819
4626 25607
8926 9537
6079 9047
22651 27814
8122 26244
23849 27871
157 8188
676 10639
17226 23337
15157 15873
17481 26736
20758 25732
19852 22941
16090 19856
16114 24444
11985 21938
17364 20131
6333 27193
8900 22008
19548 23254
1655 11125
4123 14834
7375 16593
10487 14390
5662 27891
12082 14961
787 17264
111 5047
1234 24061
12325 19814
3537 22650
935 4494
3759 22623
18750 23697
1887 5694
1223 7114
12375 25243
19673 26974
13819 25043
14257 15402
22399 24728
9055 13412
8956 16340
3030 6727
10798 13910
9035 26978
9190 22025
2455 16951
7948 24872
25581 25732
6295 10882
14828 25229
7595 18679
6604 22120
16173 19177
2305 4507
7904 10639
9068 10888
22040 26312
13 19193
16076 24811
12128 24976
20479 25468
23970 24410
3296 14998
6868 23899
15676 17963
14236 22706
8376 12521
1335 5699
16157 16644
2418 19670
11700 13820
342 7580
18799 21449
8114 21205
9574 23040
16037 23679
15815 27074
3420 14133
13684 24729
17153 20363
2907 4207
10416 19941
19105 19696
26577 26615
1085 23781
10986 20985
8405 23921
3383 4144
2740 4006
5160 19329
4595 5768
4438 7243
1878 7857
3762 24129
2647 9272
10368 20739
17908 19085
1112 5302
2496 24379
4165 22379
14133 27278
554 27676
11987 21071
6645 26300
25428 27726
22240 25121
3476 4034
9805 18629
9465 25197
2955 11746
5162 18035
12444 12956
10467 10725
19991 22234
3696 22295
20067 20643
1621 21753
7814 24142
11154 22258
10638 21673
10962 28146
9226 20424
12954 13173
9747 17263
18204 27819
806 1770
8437 24608
10487 11727
27374 27867
10547 19315
1614 26787
7205 27085
7555 7907
15072 20799
16511 21876
2240 8770
23177 27988
683 26272
9377 24415
9981 21207
8931 12388
7289 26848
9978 15090
17215 24467
1520 8012
3310 8370
10954 20409
7583 15377
10416 19019
1314 12468
3126 23840
11491 25522
17314 26482
19322 26929
2026 7630
21879 23372
1210 25283
3059 10397
6008 7611
9239 10063
4306 9980
22184 24062
4498 6745
1541 20500
17742 23600
10981 16851
2120 23359
12476 18321
7915 9519
13890 20857
8801 21446
5557 8669
11960 18201
6894 18176
673 4595
19287 25356
12010 21864
13447 25454
9320 23590
13015 13980
23180 25325
3186 23978
19861 22625
18820 21849
24613 27841
710 9563
12424 14564
1417 11592
3667 24612
2096 10559
9367 21362
14748 27087
18118 18909
21231 27805
2542 25459
19576 20622
9001 12111
10434 19275
957 1797
17958 19775
6658 25055
1948 26503
24208 27834
8776 19411
12932 18556
2624 14672
13574 16232
1412 2708
5618 11593
19972 26204
12137 22230
9465 27746
5918 20586
3562 8423
16509 27129
25036 28011
1568 16208
867 14364
9053 15893
5978 24904
18529 25982
22837 27499
25525 25823
19189 25893
18234 27273
3357 7836
20658 24836
13875 19172
15600 19061
10067 15249
22295 25106
5353 22338
22536 26477
12725 21576
21962 22469
25445 25754
10578 19296
4718 26026
369 27821
582 8707
9962 11237
20422 27350
629 1375
5751 26077
11106 26209
21033 23607
21191 23617
92 5359
926 21057
6562 17836
9847 21403
19169 24586
5978 23629
10093 10675
136 4385
24463 27385
17787 23679
2635 25822
11628 14713
5146 9678
7358 17437
7362 18211
6334 25012
1033 6549
3728 3864
12506 22528
2464 3741
21486 23007
11943 15263
5807 8530
5505 12428
18452 20661
17444 20861
6140 21247
1878 24465
899 1900
3564 14494
3313 27885
7639 24330
144 24516
3420 5098
16491 22604
5210 18553
12689 16748
12055 12131
14433 15723
2208 2709
3763 14233
955 5691
641 24422
7743 15142
1416 18379
965 11982
9096 11409
7695 19115
674 17558
11336 11809
8901 20360
1878 14359
15355 22559
10061 11795
406 16446
15677 22987
3944 16665
25481 27407
18577 24823
1871 7356
5916 19005
11317 12733
1668 4061
12311 23376
19271 22482
1197 20408
7360 23911
505 9086
8145 22191
738 20841
7524 27976
20766 24023
18472 21524
9522 16254
15271 18918
3311 3406
9523 13263
15522 26087
2508 16803
5176 18559
17275 20236
570 27088
10921 20366
1694 21680
3381 15321
8954 16250
7832 18046
7205 8931
12851 13595
8781 13091
14055 24503
9495 18736
4027 7311
3940 28094
18533 27569
1266 3296
16149 18302
18133 26038
16794 28257
3644 11261
23456 27890
689 11076
1411 24127
5574 23175
9112 13787
11952 25034
4198 13672
12696 14728
1461 13328
11877 27949
16386 20876
7577 10407
23070 27867
3804 8807
6078 8351
8462 15440
1543 19228
1590 2333
12997 28061
245 1699
23 15308
420 2458
271 9897
11059 19711
4595 23738
23377 24453
13514 18089
18185 23736
11039 14630
13686 20002
13185 20061
13697 18832
12078 18369
5728 14635
8080 27179
15610 19717
15220 15475
27642 28277
7590 15402
9569 24637
17713 19542
11744 11771
1795 1852
5082 8797
82 14519
3957 8841
455 25116
4026 22959
4551 26799
220 8397
20926 21127
18910 26231
14534 14948
2123 3126
8528 15960
13 14835
7148 16245
4767 25617
4633 22048
25008 27594
874 17585
4225 14519
1325 1925
10645 25992
1609 26413
11171 12485
8410 26038
8963 10829
14733 25828
1823 13382
8715 24336
18103 23084
14555 19626
12946 24836
7162 21499
763 18251
2724 21909
2170 19579
1198 4169
2076 18533
8371 26739
309 5731
19215 27087
5299 23037
1399 23997
12887 20947
7025 23105
2213 17264
4159 9704
9690 19066
8785 23608
16744 19453
13839 20831
1502 25120
3670 4732
8230 13438
12779 27698
7911 10298
10175 21393
9185 9724
13332 14642
2981 15935
14946 21909
3024 18415
1822 12952
6501 20799
3665 10350
7119 22223
11571 23598
7229 22509
16311 18185
1900 27224
17637 22010
9060 25364
17592 19827
21920 23074
10394 14681
5984 25029
1878 5605
1468 16286
7115 12651
11143 24362
12777 20944
19322 19805
358 16202
18905 22292
2784 28069
19093 23857
11814 17232
86 6560
158 11462
7635 14033
9795 19530
2191 19031
17422 18688
5007 22829
6205 15829
16547 21074
6127 7025
3378 18107
3382 19126
6239 14445
7323 10389
7878 9696
15505 17730
4305 27105
2754 9252
13078 25813
3854 28052
6828 17193
10704 19584
10332 28162
1843 13054
18302 22575
11408 22768
16917 20112
14276 18988
9517 22559
15893 27540
21886 26753
9296 23608
3654 21048
18324 19281
2679 17212
171 18904
7471 21291
4599 27291
13686 20230
3192 17236
21849 25566
7783 22423
7798 17356
8034 26989
18861 20952
9722 22511
6220 18145
11687 15221
6062 25815
1021 24936
20292 26753
9805 12242
4532 22946
8011 16883
17932 18119
5497 23941
10531 27405
1852 25560
11781 13135
9084 27361
11456 16162
10638 25329
6966 27626
8896 17260
11311 19817
4409 6151
1672 3638
17463 25155
17420 22416
6931 23553
922 6067
6492 11840
2274 25294
24753 24823
770 25409
10845 24127
6677 16092
1311 8066
2040 24393
1500 2997
5272 21972
1056 2764
9847 22647
11076 21932
10674 21369
14633 17407
16112 24290
920 17842
565 6351
4521 20668
2174 6007
20288 21815
4469 28211
3859 12639
1614 18270
12693 25666
7217 20630
23994 25336
6656 25454
9536 18276
108 19670
7227 7595
14481 17281
14127 19195
2373 25624
1136 5122
9070 24477
2494 15493
14689 26998
9531 26190
6495 9215
5082 15722
7036 11494
20448 23761
13095 16781
448 15973
24293 28198
6256 20913
11128 25318
1528 24665
16656 18477
5371 7297
7120 11301
11998 18496
4012 18219
5525 16916
5435 15634
15613 18050
2946 15378
13977 22688
6771 15695
13497 19033
8566 19941
19058 25803
6015 26061
345 8457
14854 24167
10462 26193
8982 22445
13780 17532
4949 23372
9868 26871
5864 14968
874 1722
2750 13681
220 5344
1979 16694
12397 23442
18030 21881
16116 19577
2454 20391
3741 15421
23102 28168
21283 26698
7289 18639
15756 23424
13182 27218
9788 17587
8730 10483
102 13115
7820 20355
21300 21449
17234 26053
660 3647
6578 17252
5418 25603
18136 24211
25276 25352
220 26184
8242 23082
2227 20995
22907 24415
16468 19343
15996 28273
16509 17906
1181 9339
5196 22440
4406 21458
2120 26135
494 15437
11637 19753
24976 27050
7950 9181
6951 8606
3728 11369
21079 24862
10511 22966
3286 13282
21637 23346
17412 20219
1663 7883
8066 11722
1426 25709
5587 27677
17578 22127
2325 19453
14719 19781
3841 17715
8511 13278
25115 26232
1529 25039
5984 24422
9859 13181
14190 28169
12769 16377
17936 23350
18554 23358
3287 3729
2779 6094
14433 26959
16164 23822
5607 6775
7446 8826
8570 10813
11151 18039
19965 21762
12241 18434
10157 23066
22975 23186
19953 28044
18824 21552
14042 18478
11493 18630
6326 15037
4933 8462
13515 17562
2298 11280
429 9525
5672 27150
811 11807
39 11436
175 24444
3793 17637
4726 13175
23399 24861
2189 25272
6076 25945
7576 20565
4253 7152
6489 23391
4325 18208
4197 11028
10215 24764
12726 19819
23911 27016
3106 17407
10185 13438
8887 22762
11462 21068
7213 16668
13920 17580
3121 27811
7219 20339
4162 20715
16961 17427
8291 12361
6395 21831
25306 25433
1754 10230
6085 21919
24883 25327
5734 10294
19445 19845
4737 27155
1113 18824
2744 12708
10998 18420
4891 10091
17056 19417
20775 25494
13592 18366
17541 23619
15642 24502
9253 13756
561 18425
581 21766
2684 18177
2037 7200
20797 25704
18752 22921
21438 21767
801 19269
9151 9388
7820 19739
23971 27405
569 20127
2412 20268
7635 12479
11712 11835
9901 14399
17798 21031
7419 12402
10082 25504
1941 18441
6263 12369
11880 17657
5275 21173
3312 17363
1103 27224
5021 26970
4448 22463
17951 27996
8952 22791
4276 24148
1406 24261
13692 26094
12356 20274
3080 14260
2995 4005
11193 18361
9553 25153
12664 25986
12346 20504
8297 26698
15221 19917
3152 21199
21535 24665
1911 18921
15047 17965
12663 17312
16098 19583
8419 21653
922 6550
19535 24284
2986 27398
17274 18781
8624 24160
10930 16863
10723 26752
10935 19095
25690 25889
8285 20104
1213 13247
10869 18667
346 3689
6779 20587
17924 25871
2252 16629
4907 24299
2150 6936
24412 24613
3585 25178
3006 18553
1592 7115
11585 13060
4567 23657
6017 7114
7916 12910
18302 27373
22769 25373
9418 16184
24062 26457
10434 19567
9851 13370
8801 10309
18704 20476
3865 15804
21790 21993
2304 9082
3287 12890
5978 14667
6605 10464
12452 17592
857 5968
2336 5989
12867 24593
4997 25366
7637 25839
12425 19016
6578 8527
4711 8025
920 6143
11614 22438
18901 27514
7514 14568
10042 22448
20336 28082
5233 24253
7044 23375
8806 20480
17718 26932
2674 13006
424 16333
14746 19576
17757 22230
3086 16627
20319 25006
546 19267
19594 27871
18203 27185
425 19548
7264 26222
12689 17393
9582 24147
21374 27389
2259 9229
5629 16948
13976 16222
7579 13697
9536 20862
5206 11401
16888 26176
7152 20393
3071 25420
16985 25106
4808 14866
4828 21797
7390 22387
7975 13208
3765 17920
14997 19190
19359 24575
3638 14264
20715 23863
17754 24904
23521 27795
18255 26330
2945 27649
17509 21915
3366 11045
6086 14443
14180 17773
9642 12413
4737 5084
4807 5440
2477 26358
2537 16551
2415 3729
9755 17929
9067 11804
2518 6363
5979 7137
9518 25443
15009 17365
19355 21650
7350 19448
15676 19736
3806 22250
20749 21809
24069 24644
18379 24445
5759 12967
11259 25978
1111 22245
1005 21811
2628 21962
8965 14136
4782 9951
3254 10767
11814 17398
12672 26057
2878 5162
15286 23437
6248 22780
9061 26285
21327 27607
3196 17183
10556 16006
261 26756
10776 26608
13264 16017
18494 22164
11742 24053
406 27819
7550 27886
8753 15564
4807 22573
2485 9179
7410 24136
4224 27123
2853 11806
6913 22948
1541 11100
6227 16187
4304 27664
13864 16284
13344 22319
7441 21801
2624 4329
5907 8806
7398 20081
3902 10127
1768 13850
9075 19722
2388 25409
6148 25790
8057 10034
11233 16303
3139 23152
3794 4717
21462 27296
1405 18872
8624 19647
4627 23144
3762 7737
10462 24756
1745 14246
1349 10265
15986 23805
19723 20355
13418 25414
5767 12829
8437 24969
252 26750
3997 14894
15951 19123
3634 20661
19971 24693
22819 23655
7053 22814
11006 23955
10287 12454
5008 9425
4091 25084
2210 22984
20586 22322
166 1908
9368 11082
13021 21438
4255 17891
1565 21003
8394 24059
6477 10618
7441 22810
22483 22790
6110 19042
18046 27494
23898 28000
21778 24575
16308 23987
11953 21849
15108 27715
14044 14480
4571 16267
9337 17818
7881 11483
5359 20537
406 9465
1559 21193
18843 25359
8437 17542
24465 27300
9785 21746
7371 10495
16582 21104
21443 27598
10378 10923
348 3955
5332 24419
9438 11838
16656 18186
21998 23233
3790 18521
501 22274
6848 22420
2270 25740
21962 24379
7355 20405
3366 27624
5134 14947
3441 10961
19548 24028
10230 22184
13486 22306
19819 28044
23619 25039
3073 8694
961 3652
16137 21495
5984 22234
3130 25644
1959 16680
5351 28124
5053 9260
16961 24408
1228 19500
9323 17657
13437 23066
373 4916
5665 28206
4221 12348
1015 3753
10350 15676
2294 15660
12472 16453
4671 15808
25655 26220
8574 21081
21991 24232
19909 25437
45 20941
15968 28211
5522 10756
13756 19830
23672 27725
31 26861
2092 24047
16282 18529
20876 23897
8596 22764
16047 17295
1361 17319
13129 24288
11382 16799
5913 24965
12275 22764
19029 25887
26091 27488
14290 16543
14560 16828
2283 14486
23365 26088
16180 19056
3053 22634
561 19982
20737 25062
19714 25980
14534 15819
13094 20545
6668 8096
3585 13167
6825 24611
18574 27809
9683 13121
6807 17937
3231 18987
11644 17696
16969 22516
16167 21919
3467 16976
1013 24485
7208 7296
1457 26025
4688 15585
6550 18324
16422 22441
11964 22584
14264 24862
7728 16220
874 19103
5691 8990
9095 20005
14208 26540
1272 10082
9973 27293
8931 20692
3944 20352
12160 18641
11997 24825
2129 26898
5430 23764
7497 15039
258 14364
7523 12287
2022 7429
11295 25200
5522 18717
14033 14402
2547 5550
26409 27703
6129 23775
14965 21335
24422 25683
23214 27487
6248 25628
15574 16803
1692 16377
8223 23344
635 14728
20943 23653
6960 7566
1713 14309
5217 9494
2303 2598
3908 11250
23932 25306
21162 21853
406 21352
2330 8766
6511 28134
6760 25451
15233 22516
6282 10328
7648 8108
11080 14971
10906 27005
1828 24339
1858 27996
11352 14044
11795 13910
11486 16901
27013 27042
7885 19548
8137 11014
14851 14863
1574 10990
4833 27500
10612 12218
2888 12870
18594 23719
6198 27034
3241 11492
13476 16988
3970 18491
1379 13032
345 9923
12411 15944
1948 18909
10935 24127
10701 12521
9252 15791
712 2912
6426 25468
13271 13984
10099 19386
9839 26089
3856 5943
1071 26284
20827 22667
18669 20367
15741 20288
19006 25392
14899 26286
4515 17981
11286 12954
4354 16662
24298 26303
64 20562
6222 14464
22401 26098
12398 18208
16006 25563
16955 27534
1817 26735
20733 25597
10460 14950
16983 26547
2187 5296
1853 9874
1070 16092
11748 20225
9226 27819
16500 26947
15285 17440
7420 16187
5109 16324
9631 13756
7986 24714
23686 27246
6220 17181
9084 27500
7966 25494
1020 12373
19201 20956
3710 7145
6812 9631
4226 26154
14760 27119
26005 26870
3598 16094
10871 26601
22040 26340
4853 23945
5540 20355
2245 4849
2041 4291
10362 21876
896 4924
18334 26880
17446 28215
880 15920
8075 25062
24884 25525
14881 20186
22026 25156
11875 12092
1507 13683
18090 23489
1851 12626
12183 24671
5229 22253
23368 24905
5502 21804
5406 10515
3920 14552
24219 25086
2226 24580
6017 9384
16478 16644
14016 22068
15733 25826
10743 13075
3708 14933
16393 26610
17516 22145
5208 17902
896 15573
8718 13267
5832 17736
17973 18452
15705 27158
21044 21831
10444 24568
4087 6868
9635 20366
14521 25333
4216 10614
3489 15509
10028 11149
1571 14971
21260 22659
14941 22476
15543 26138
1137 18907
8823 13262
20046 22399
1795 18823
14862 25261
3810 24354
4423 9170
9528 9940
24575 26643
14095 26535
5477 9190
19337 22508
4477 22184
3051 23278
8410 19291
5485 19712
19610 23657
3469 16735
11484 13820
11331 14964
10022 27520
933 11746
1815 6243
15655 21875
6367 19116
22207 23343
17054 28110
1015 2435
15272 20429
16457 26484
13358 19741
17747 18465
8954 13587
7961 14970
12459 15418
8150 11632
5554 8886
1338 21484
11334 16137
17209 25092
6182 23185
16588 26579
23177 24253
16596 24486
17070 23730
11599 24659
12810 26448
6633 19712
14138 26137
10911 15201
9053 23061
215 21335
18304 24502
4921 23935
3207 18732
9800 24244
20815 27142
5375 16477
1242 18257
5114 19301
21701 25599
5916 19924
5100 11475
10393 19736
14122 17923
1743 27400
14534 20409
5068 27751
1511 13804
1744 15307
7194 8323
1441 26704
17880 24127
18136 19657
1373 23983
10531 15899
1979 10312
12726 15409
8405 24749
5288 18999
10125 24132
20142 26421
11614 14255
1181 9397
4823 22106
5177 8349
7975 8263
8434 26773
3296 17584
2898 5649
569 10552
3625 18950
19130 19627
581 9426
12941 21700
6893 19564
14369 14989
11484 26319
7166 14995
7635 23663
11746 22871
16840 23198
6428 20540
4949 14831
4509 21645
17696 25428
14446 25550
1535 10652
3161 8822
10971 14941
8471 8701
16430 23438
7236 22768
8200 14998
4128 7721
19004 24323
11696 17165
1533 16194
9694 22442
22092 23062
19960 26824
13661 13855
16905 27932
4360 6629
13793 14153
6560 7982
2637 19744
8974 18610
14086 25993
5901 6894
12040 26835
8811 24716
13585 20797
6502 24069
9562 13522
22379 24830
8841 14537
6381 20198
15450 20775
2287 3606
5888 13978
3265 15682
2869 16475
16540 18716
865 27449
18879 23094
12737 23066
7139 7362
1817 8108
1361 18370
11273 15576
8753 12496
17314 25408
5493 17250
4917 23983
11536 16152
16365 22476
15263 22512
19964 20222
18974 21619
609 7012
9993 20475
12309 22905
2189 4955
19294 25176
5636 27373
2954 11710
11133 21809
18682 22556
4603 25755
11799 21991
6419 19797
2128 16026
2986 16607
12321 25604
1840 19758
9610 24633
7205 24148
18344 22763
1590 2379
5125 17171
5116 12709
1761 19584
8959 12292
9165 16973
9223 14443
9991 10529
15791 20066
1573 25032
18522 25344
413 24306
9739 19704
2333 26680
4388 9473
17115 24255
590 13812
7439 12551
11154 21855
3759 10086
9012 18319
3360 19594
4038 21199
7955 14370
1181 8835
4440 18594
2619 3758
11615 21671
18007 24801
1902 2767
11542 21191
4090 17304
1628 25610
4226 17803
4360 11331
14961 26147
1884 7073
3227 19670
5458 15950
16943 24904
1858 3152
6037 23761
8865 17029
21496 22585
9438 18006
5876 25445
4428 5153
21769 25959
1299 18704
7900 9137
8478 22787
1197 24729
389 18164
12660 20427
2719 5284
25193 27046
9705 27060
6500 11416
877 2233
21766 26923
13892 16322
6669 20813
11074 27923
22675 23325
10357 11404
2640 21198
606 12992
3609 9933
6792 27648
6284 27298
6083 17214
10825 24122
595 22581
115 11993
19731 26661
3023 15456
5205 15419
3512 14016
19464 23389
1105 10407
4169 16686
4179 12114
11009 14633
8856 17014
8801 20657
20680 22285
4611 19682
6355 9284
13883 25571
20599 24717
12945 17526
1240 2433
3924 13476
22897 22905
12236 23037
400 16277
17220 28044
3188 27591
865 6355
18944 20222
5222 12900
3727 21752
18679 18692
681 828
1056 8024
19092 21246
17114 24869
12701 27030
4940 20078
750 12837
815 2246
7703 24855
2583 21139
10503 10961
11598 21881
18651 20162
3321 20765
5943 16284
18425 19200
5983 10935
7820 22206
16594 22266
9429 27052
10930 13023
5528 26622
3816 4373
13802 25276
12291 16512
11963 25666
21370 21538
17587 26644
8097 9144
538 23225
17331 25323
3484 14762
14519 20704
12217 25673
957 3694
8568 25459
14922 24681
3734 23128
7915 10309
18651 28128
11101 21735
2706 4667
5715 18528
16542 17149
11483 24160
23206 25267
1511 5528
9884 27257
10846 12492
13820 14487
802 26383
5311 9193
22555 25849
10048 16354
5898 10914
7647 21712
6994 24904
13706 20861
21192 21254
18267 19122
12096 25632
12452 17250
6260 14626
4442 26950
18155 23379
16081 17337
24659 27841
1384 18297
5047 18574
990 18919
6939 14031
4768 14044
19004 21637
5616 22227
4268 17846
6286 19712
21059 25167
1532 8057
2525 10036
5989 21053
7390 14002
22783 25121
17926 25490
10951 12479
6931 11076
9149 18787
11813 20065
6169 17733
1832 18281
10642 26016
18700 27197
2076 6633
17263 21115
6555 23941
1049 24279
1198 9281
7435 25323
2586 12097
18861 24717
1713 4597
2247 7286
1141 19232
23300 26413
7741 21990
6707 18415
19991 27920
11126 26558
22025 26706
10507 17856
20860 22425
1830 18793
17304 21981
3599 13222
3204 27093
3156 8750
1600 22167
11366 27500
14731 25494
8096 24886
8990 25468
7136 25142
1609 8824
9193 24145
21821 25788
2606 15624
10708 25668
10127 25204
9524 27966
1754 17860
21392 25463
4512 9144
2290 22868
13091 18400
7030 8811
3866 23375
8115 9030
13448 25644
14402 20380
3872 17543
14361 25683
7285 10113
335 20679
14588 25562
6857 14089
2550 9055
10833 12270
2864 7200
2466 23658
2176 24299
2324 13039
12088 25564
12504 23433
1311 26176
11164 28017
1920 6516
2160 22634
32 8757
15883 15951
16739 26325
3859 4151
13368 21066
9028 26698
5818 7625
19554 21790
3872 22283
4109 12924
8075 16807
15187 20558
1948 26340
391 12481
13059 27356
3819 26641
1052 3634
8670 18187
193 10739
1843 2542
7400 19502
22230 22421
10937 16113
9755 23882
7965 20462
17165 19573
4720 10578
9777 21914
14389 24554
21832 25257
10495 24412
473 19038
11353 26087
3868 13805
8589 15857
11273 25550
7827 27867
5245 18166
12501 14536
20383 21433
11989 26784
650 5618
958 26931
20108 25097
7707 9211
3848 7194
22216 27270
2031 24376
7031 27190
11657 23248
5540 7410
5284 12945
4589 7437
2169 8512
17344 21820
17318 27500
23926 25623
21037 23546
6360 7655
7647 21423
10189 19254
23514 24640
2336 4737
5284 24164
4081 7205
3547 20916
8312 27562
1864 8108
6156 7081
8715 19758
9528 11471
10842 27667
4626 21139
22425 25287
27298 27385
17097 17938
12325 22329
8786 11800
16157 25253
10127 23159
134 4722
4720 27923
3661 23412
1876 15220
3967 11846
10961 14102
2679 10236
6616 25200
12678 22295
8809 14088
5306 11887
2713 4807
10746 25497
4408 15082
11080 26109
7089 10393
5190 16047
18955 27123
2503 6426
15561 25696
4081 7152
10855 16467
165 15986
8236 23115
10835 18790
2077 15251
1430 21291
17211 19008
23359 26135
10302 21730
5784 25650
67 3872
17506 26254
2967 22319
19952 24232
2516 22255
17406 22425
8955 25011
14380 20856
14728 15548
21003 21242
5519 14029
1499 4597
9072 12062
3275 17383
7486 18461
13455 20664
8477 24122
344 16420
14129 24422
396 18507
130 24462
8816 19189
86 4383
25209 27666
4287 22787
16304 24122
6709 16552
377 14513
5564 12838
15478 18254
9944 21233
15477 23932
9038 18585
4755 15845
2348 22294
20502 23365
7523 16311
14451 16209
5485 7600
3734 20413
7213 10837
5853 11261
14134 22680
23765 24403
13090 20054
16983 17791
188 8669
6973 14667
6408 21010
6182 11971
1884 23422
6656 22425
21359 27579
11785 17059
14001 26659
11451 11514
11880 12945
23380 26206
5522 20611
1116 26857
7114 11599
404 25875
21792 26824
7919 21291
12228 15951
16979 22621
9226 17489
21506 27719
7263 15732
17164 19180
22025 25932
14344 17281
4379 12918
20116 22419
6222 10549
23619 24576
383 1925
3901 13972
1396 17726
3475 22910
3061 8884
10643 20035
22865 28207
14939 16335
1645 4025
7361 26945
3812 8518
7390 22042
10090 19169
2526 18707
9464 15072
10214 20003
10116 11608
2667 17524
7491 14348
5055 6533
510 8985
13597 26688
17718 20290
2456 14162
12372 21213
4964 24093
5600 21014
949 13279
2782 4689
20100 21249
15358 17054
1399 22448
8454 20069
3279 19686
4320 10222
4562 8990
12194 19964
303 17963
4192 12489
20965 22581
12637 16622
4498 5989
10001 18238
5988 10844
9699 22387
2288 15267
2550 10541
12533 15030
15147 16674
13468 26169
12402 14478
3793 20711
5377 9155
1329 20553
9005 16855
3810 17214
8579 23422
7150 11674
19386 26572
5005 18181
1223 18050
461 23227
6450 16263
18251 20550
1312 4211
2966 14594
2986 5389
51 24461
18978 24053
16209 22790
4174 22475
62 867
19286 27726
11744 16985
9001 25270
8983 9179
1505 13630
15894 27842
1104 4253
1139 1483
5319 14430
7894 10303
11975 15286
9723 18267
15004 27586
14492 23732
24427 27075
1951 3103
12581 23141
11229 26085
5973 8764
16697 26017
24062 26026
8291 8690
17998 23307
17429 18096
14911 15639
333 13870
1441 16422
649 25482
8363 25276
10488 17725
16203 22294
20355 23763
1502 17636
21746 28264
13163 25638
23 10070
18219 20230
11334 26190
5890 9980
6488 16373
10309 20754
3780 24773
19299 19641
12708 25443
12344 16328
6641 7881
11369 25596
9968 14584
3348 27048
2946 18406
56 25008
17404 20395
5607 12034
1454 22090
14566 27963
7076 24502
3014 19337
16452 27488
14598 25193
5513 26902
8056 26697
10211 13677
16640 25899
10714 22892
13186 17654
20645 25414
4983 19648
345 22640
5589 14137
5463 23781
13853 24514
18462 22877
8151 8850
4837 16183
1715 13328
845 15530
8207 15543
1794 20201
19153 28052
18141 25310
8920 13261
6495 12020
14141 23094
5852 25067
16509 24502
2351 22953
14466 19581
4026 19222
14561 17726
17 27135
2826 8972
9040 24645
3054 6975
3008 24741
6280 16038
7944 23224
7721 19206
7456 10619
12737 17333
2717 3041
7797 13291
10344 17482
7878 14347
2119 3237
8236 15236
21321 24765
2369 15985
13709 14057
16057 19977
3727 28073
11271 14140
5716 9446
5978 16276
14390 14559
11450 17598
722 19195
8172 26148
11789 24872
14411 23216
1230 27868
18809 21557
19132 26740
10570 22593
630 17502
13477 24299
8411 11396
16032 20008
17931 23490
3098 17818
8471 21353
4791 7375
7866 27555
3059 4919
16311 19566
12715 24354
935 2766
1201 19289
3452 7561
1871 10696
3438 21296
556 2499
6734 10881
13230 18434
13603 24176
12161 16852
1979 21886
15986 16360
7364 23670
16979 18598
21247 24149
520 7493
16131 16370
8517 19273
20909 23590
13623 21269
13243 26612
26429 27586
9523 13872
3122 9272
18837 27514
8430 23722
4371 13578
6869 14443
625 25821
3146 13903
9466 15388
3622 21955
2583 9919
10680 12760
2054 9050
13973 22230
1095 2661
1609 3269
1206 21619
3272 17945
6793 7135
17028 25505
926 6738
8493 17534
6589 13471
2596 20789
1848 26516
18319 25157
476 18356
7029 13491
6992 24841
15341 26880
20387 28231
13440 24425
19445 23426
2988 13295
6382 7423
2408 24427
3256 23579
4574 15284
12829 16656
12619 19976
4287 21688
7289 25402
18645 20657
16184 17131
1144 14953
2489 26676
8202 20336
7015 12729
19089 21237
13548 26337
664 12397
17491 24476
922 16184
4282 8363
13436 21688
7598 27104
12614 13180
20513 22040
3244 4162
7239 21471
6533 12073
6369 8439
1290 16055
24637 28156
369 13216
20956 25834
581 3900
5522 7073
1284 12210
17735 18166
2045 22634
9066 12839
1853 7958
21326 27684
13688 18369
9042 22607
16318 19000
894 11552
867 3624
1110 14447
10837 16442
25008 26026
1614 22782
9438 28159
3399 18700
16325 25315
4878 24603
7400 21251
9762 23686
15523 20480
5551 16224
635 25482
8293 25446
780 1626
1748 20500
5459 23130
13387 15571
5488 12290
3856 7835
425 6072
17584 24260
23376 25174
2646 22082
21228 24576
10264 14437
11925 25301
581 1579
12288 17916
4217 23964
7985 27042
9905 21115
6350 12356
8349 21028
2413 21237
10896 14490
1742 26764
2116 25652
3267 11475
18353 19348
18 4999
3465 6085
5275 13027
10924 27665
7141 11253
9086 9834
25525 26099
20500 25357
13266 18247
18154 24720
1864 13193
5177 14922
23062 23578
5516 21159
25998 28255
17536 23915
1435 5984
19033 22664
3532 7524
8707 20053
5970 16928
10057 11569
132 25597
11961 15146
8781 24804
8396 9416
7015 26702
6674 24999
3743 13581
1936 8990
4110 7401
3169 26322
10825 16835
10606 22468
6903 24872
19670 21097
10302 15069
11076 18674
23489 27416
23931 24949
273 515
12147 23390
9226 23816
9518 18819
11913 12773
14695 18689
9920 25803
6854 26494
3059 27565
3039 21194
8075 22581
6196 17641
21668 27757
2373 28062
16809 20809
2244 22182
19007 28226
10082 18251
11880 19819
867 21359
24425 27942
971 22956
14893 17167
11913 17700
9050 11724
14489 19135
4422 24322
16935 21098
19446 25676
22925 23176
5904 12805
11080 18815
9038 27904
24723 24904
4649 22331
1748 22254
14707 17843
16229 24934
12740 20257
3365 23361
1117 21010
8213 20583
1013 3951
4444 25516
4092 21156
12664 18720
2430 21041
1959 16955
1430 8898
14862 22230
15562 26326
15907 26948
18209 23225
541 24280
21797 26150
11434 22960
13461 16595
2635 16402
3930 6958
21688 25855
18963 24235
11436 14315
16905 19781
6633 14050
13728 22315
9189 9663
9611 25554
374 17485
3597 17513
23022 25169
2040 3700
7031 21746
2435 19771
1672 23521
8933 27366
21849 25219
565 6232
11311 18775
4612 19278
821 13078
6793 13270
11729 20608
2937 11260
12108 12151
6261 8806
9441 23842
7323 20528
10170 17009
1105 19552
10729 27013
3643 4492
7707 12559
23639 24943
5213 9776
1573 20577
1779 19425
15370 25107
22066 27830
9774 20053
7910 22240
18678 27341
7325 22640
1697 25403
15493 28229
13972 17640
9029 19156
14452 23143
1477 2708
9058 23619
5588 13493
2850 25753
3336 26457
22282 22657
51 25472
13041 22344
8478 25634
1823 10701
4051 16639
7453 20562
56 18061
32 10456
18784 25972
3399 11196
14957 17353
7073 26559
4763 22149
23904 28103
1349 4650
15470 22205
154 23574
20849 28044
764 21118
15639 22750
8110 24069
8730 21621
7701 20826
12422 21674
6111 14555
13096 16787
14140 18651
15286 16311
12360 15159
21226 23265
18241 28039
9256 10019
19918 27990
9552 19445
4830 12016
421 15734
11030 22210
1141 6174
18302 18552
16053 24344
1948 15477
9903 17742
10764 27497
11970 18160
1311 21522
11067 11712
5288 10668
10222 24122
2363 24090
18265 22634
22294 25530
4312 26511
7 9443
1688 21345
3631 11230
867 12594
677 8073
1013 9682
1748 15308
16866 20143
10497 24899
7820 12472
3523 16564
17411 18022
1767 27117
9555 15123
13647 24601
24613 24970
867 27579
2981 14434
4217 23155
2984 22024
5427 25680
14974 23061
10303 20008
7311 20765
3354 11628
8886 17513
1 18843
19127 20810
13564 18937
5984 19959
22393 25228
16565 25838
16707 28044
9847 23798
11365 24576
7322 26976
21735 25239
7185 22127
14288 19537
5234 19976
19864 24643
2702 24145
3162 27106
4544 10125
9173 24334
17044 20145
722 13272
429 11928
1273 8917
18832 28099
8075 14446
5240 20083
4649 15248
1308 14780
22278 22804
3851 24294
3 9093
2356 27520
1532 6412
19033 24831
5984 23300
13032 27759
18938 23193
46 25638
2530 21653
14017 28275
4438 11899
12368 16686
2991 10787
7440 10160
3779 27500
12856 26178
18171 25097
3240 8408
16115 23033
16772 21296
10687 12297
14670 20247
10177 17257
2252 18050
4035 10303
289 25272
13888 22746
8452 15871
18524 21800
13814 16131
16046 28055
1 7618
5206 24130
10197 22640
9720 18318
3101 19947
2031 8204
22231 25332
16964 25626
6985 25729
21333 25780
16210 22095
4496 10913
20081 23619
3709 15503
5815 26413
11029 18037
1445 25129
1687 12947
2788 19424
2724 11628
13910 16678
22178 27478
2704 8011
20899 21987
1259 18704
10134 17211
7311 9479
2834 15709
7929 12153
18422 21396
14012 17922
3778 12729
13016 26061
12536 15242
10645 21920
190 2039
19437 26916
2121 8673
11187 27197
5247 17919
912 14534
12472 16982
6422 24317
17951 26623
11614 17981
23180 26736
1 21500
757 23043
2413 21874
22227 27040
8644 21641
6522 7703
1371 11218
13875 14278
11740 22922
1177 3231
926 5989
21010 23102
14548 16413
19139 20657
18959 26056
17273 22422
2606 4732
8958 20557
17550 24104
19918 27013
19539 21790
15031 27681
2609 25238
160 12023
2409 13700
5832 23828
13534 28169
1142 16509
4326 8924
7888 8114
9142 15422
2102 12722
9091 22129
1216 11295
1008 2767
9067 14390
13572 22992
13933 26647
10714 26655
5825 17899
4849 14264
473 14228
3186 26033
16094 21804
19033 23129
15672 24442
56 16856
52 9020
5071 20678
19843 22707
8660 26597
6296 27123
8522 19428
22479 24738
8103 19546
5105 15385
18189 19021
6118 12614
9214 24929
16173 20940
5918 22322
12260 12570
4613 15716
9727 12267
7588 21886
25555 28135
15296 20059
3229 11893
827 1147
8737 17776
4967 17487
5531 21542
10756 15271
3661 27418
580 26559
4162 8956
2387 5918
15352 24369
3689 20938
13152 17742
10541 11260
5492 15518
6288 11606
1538 11975
2782 20633
18348 27268
6506 22446
867 1791
20594 24026
1006 1066
4489 9127
4949 6484
433 3873
6009 26735
19542 25952
10652 27221
12014 24112
2358 14954
13329 17228
3167 26480
16410 20288
10747 14136
1610 11064
1138 3871
6074 17760
9361 18187
13935 24400
5371 9421
10600 18035
9873 19947
4079 10892
7332 12126
14737 18963
10869 13014
11846 15141
3845 6458
12884 22433
17963 24586
1322 22404
5387 22409
3901 25684
550 7977
1770 15341
10223 16511
17492 19093
10242 24403
3897 14930
3910 7765
8251 10726
16739 26715
7787 14828
25262 27969
2427 11490
12397 21682
731 19484
8191 18745
923 22821
4574 18113
1529 18573
8416 20406
341 11107
23453 24295
19546 22794
866 24053
7111 10061
10309 24461
3231 14418
13054 26497
8497 17700
18617 22428
314 16948
880 8840
5022 9732
8685 15854
21956 22998
115 11282
1645 2334
2345 20313
1487 19001
16374 22616
19004 24145
1683 12596
9903 18425
4833 14043
4936 15196
4178 26061
4531 16842
18520 20935
19625 21097
2823 3734
11873 15840
5401 23430
283 22877
18573 20081
4286 8754
5418 12997
5930 12843
17169 27768
9685 17344
6473 19933
14971 18346
10943 23467
10282 18663
12263 24547
2147 4394
8467 16433
1167 7488
13235 19315
4287 20786
2369 2530
14233 19491
4973 25796
6643 24004
18298 20973
16421 19764
3931 20669
7823 10431
10565 25533
304 7059
3264 7351
24723 25540
17218 20960
1023 24538
23078 25838
3882 10127
2446 13789
739 26753
16762 21654
14479 14783
770 24603
7643 25560
16275 18752
7023 14055
5928 16605
23617 25743
8160 21101
20040 23209
8857 18808
10593 23808
1900 20379
9166 10137
4747 10218
1779 23415
12324 25279
3885 26450
12581 20272
5150 26554
21409 24177
8011 12381
1358 11755
10824 12793
5472 24855
4789 25414
21136 21258
6952 21999
18636 22183
16170 22638
5917 20008
10284 17115
18216 23143
3100 4339
12427 25272
6685 10745
4110 21653
13767 15441
7230 25583
14407 26728
6495 26493
15035 16867
12709 23574
1034 22501
22425 27221
17952 24616
14916 21773
16565 17296
1920 23193
6372 22819
380 19584
3712 11094
7797 16484
868 18878
21105 25174
862 10200
8336 22308
4554 8863
11604 19216
9687 20196
9368 27698
6831 14264
12304 21744
9168 25853
20171 21058
2955 13943
8467 19601
10213 11614
7584 23971
20538 22707
594 23547
19271 27042
1006 21564
4440 25610
4790 18568
13282 26591
10393 12566
14633 24503
2764 19753
7610 9882
13151 13450
17867 21406
12703 16862
4246 20991
3708 8494
7950 17270
8785 14016
23422 26476
829 22069
3695 24156
8555 10653
14683 23358
7661 12787
8925 9847
1092 4424
3970 14468
8138 17303
6207 24765
11830 19052
7036 10277
3380 19203
2783 9038
21262 24069
9829 24660
12066 19144
9021 26591
5826 22443
15104 21122
876 20763
2655 26167
1085 25032
1606 17479
22919 24721
9524 15543
17198 23415
14480 17027
7113 16092
12561 15325
193 16908
23428 26126
14898 15804
874 18643
9038 27397
490 22761
11416 19068
17998 19928
6237 13200
6940 20337
2001 15404
8145 11599
8254 22074
15792 19846
412 14031
13093 15776
1859 3566
5097 5461
1163 14588
25016 25433
10318 23657
11636 21798
4419 7910
7710 23462
781 2665
18587 27224
5620 26000
6300 14878
24824 26155
3326 7947
18867 23399
4171 23418
19244 25980
5511 27294
9465 13373
13647 27861
401 25634
6473 17189
3265 20940
2850 20400
10857 16090
5249 19865
15360 22214
6848 7987
22570 27584
15863 16055
8192 9339
3711 24824
25167 27660
10086 26676
21438 22040
5488 27313
19181 23520
6135 22265
9535 17826
1875 7169
16682 22819
8067 14755
24281 24904
5850 24326
5337 15683
5042 19515
13272 25321
3468 21642
6349 8441
6754 19250
302 21296
4537 13802
4248 10033
11857 13539
18854 24806
4063 14696
9422 17856
4381 26728
3154 3733
5731 11904
10012 27570
1476 19127
10652 22871
2505 9842
3277 12994
3366 8290
22251 24325
15576 20302
16801 18796
10607 21171
5500 22585
3420 6711
7985 12244
4895 20745
16725 22865
4665 11725
8016 9065
5166 19348
15110 18384
14288 19500
4528 19723
14576 27514
12706 13109
7328 9301
539 28038
14751 23086
6055 27696
17070 23392
23738 27652
3485 10326
15660 16235
14282 22666
9272 22988
7283 23745
10037 11059
10755 24643
12223 20382
21296 28211
17737 26783
14731 23417
16673 18873
7205 9086
5895 20336
21193 24326
8856 19736
4210 16177
23143 23437
4009 18521
21138 21450
16034 19059
207 356
2321 26200
15376 18507
8217 23115
10013 14317
1410 5226
16956 25886
14420 26023
2677 9826
14657 24637
13847 22310
4101 19712
1308 15266
7955 10800
12652 27996
3410 13910
14036 15294
19275 25276
17146 23143
14407 21828
3327 19900
18784 26305
18702 24032
2295 4962
2314 13410
9349 13609
11192 23762
9280 26654
7546 28161
6506 7632
1239 27835
2016 8429
18473 22293
13078 19650
25414 28109
1474 10388
7053 12363
3916 11700
17740 24708
4778 22947
9487 10927
393 9025
5366 10312
16428 26417
2613 11351
1092 15317
4253 17863
4237 18449
18494 25274
3858 21113
18078 21177
3747 11080
8967 9194
4386 6314
4999 18041
14174 24791
10114 15141
2521 21038
22395 23619
1609 14010
2063 16354
3126 17544
2918 19059
6216 9361
11945 18920
4866 13937
9214 21801
11023 11337
1384 17482
12346 21886
17028 25678
2114 22329
11993 24068
10884 18296
12443 19548
12689 20485
867 14506
14694 15271
9455 26194
5613 5729
1785 22453
927 9918
9473 17288
22889 25610
19602 21671
5196 19188
11709 19086
4660 13396
2150 12774
9123 19118
14635 25366
1888 9252
4342 13071
25070 25433
7307 21739
14251 19033
13422 24872
17278 27024
4853 11082
6309 23571
15235 17146
7536 23538
15366 22255
15229 22787
2103 25109
5775 11746
25452 27043
6522 17655
7014 24939
18062 19233
7101 17941
20499 23463
16599 19753
20891 26143
11678 17027
1770 17515
12542 26017
13405 20964
8607 27997
16187 17473
2775 13458
19552 25366
15211 26054
972 25841
12064 24602
6053 14997
16515 28099
3954 8454
6370 25141
8251 14919
3444 20557
10230 15075
428 11810
13512 26150
5978 20410
8692 12649
473 21766
6572 20667
11041 18272
13029 23608
12565 14559
8411 27912
10263 12804
9291 23853
6776 12874
7185 24876
20839 21044
9816 22522
14994 27010
1740 18039
1858 14178
1672 21665
24056 24241
1613 16400
7626 16291
11022 20766
6608 16727
7375 23696
1640 22814
10522 26169
2411 4257
12026 18019
5289 21079
1049 24690
2156 12262
15082 28159
705 10876
16713 19787
9535 17519
10573 14545
5074 9482
9083 17873
5989 22425
9067 18251
6390 15111
8372 11746
584 4845
5987 10361
406 21675
29 18761
7828 25504
10121 21861
11720 27624
21875 26692
2087 20274
8094 24073
1238 21712
7387 16730
17257 27243
3215 11991
6549 27715
3625 23608
3356 16006
9084 11529
3308 11080
7025 18806
23372 25084
3567 22468
23953 25571
14260 22649
16337 24442
11216 13970
10023 17239
11729 28115
15635 19710
5419 26553
12476 24371
11484 27381
15562 27821
3712 21841
7205 22425
16936 17326
22684 23869
7735 23809
2954 11087
11867 17941
9327 19479
8430 10296
6594 8770
27059 27949
5553 7209
1630 8815
5606 17466
17632 27565
14121 16987
1030 22392
3279 5632
15171 22223
963 10571
24454 25204
3790 21294
650 9311
13756 24005
8970 21473
17944 21617
20586 20657
15825 28277
4581 13072
19941 22575
13755 15534
2888 18718
7908 16014
2170 9569
8022 8377
7442 17593
10115 15875
13017 25460
10209 23859
1758 24005
7592 22420
3501 27844
396 13091
6296 10489
5921 15549
11080 18134
21922 26212
9226 26665
356 27844
107 5004
11594 21079
8290 16532
1165 2832
13362 16338
703 24906
17238 22033
13778 14997
8465 14407
681 17192
11219 13195
6763 7246
7061 21817
4624 7935
6426 27454
6771 19724
4280 17825
5728 10981
16588 23394
11576 13294
4328 18669
1213 14538
7406 17338
10624 20169
17856 18144
4847 26834
15008 28188
18507 26879
8942 15196
5734 18083
1963 3622
1381 11436
3141 10594
23295 25447
13456 17906
6385 26516
425 20016
2569 8864
4702 23655
5089 6773
719 19660
6342 13261
11766 16173
8687 10437
12656 20417
13444 23566
2521 7471
18336 24504
19002 25793
8416 28044
3214 21664
4634 18336
1526 21911
3638 17457
20545 26551
5500 25285
2031 4351
14272 18388
259 11261
3875 25559
14814 15321
16136 17819
4312 9427
12091 21449
9447 13157
8536 23372
11653 25956
2163 11656
4325 20751
1750 14575
4423 27417
16831 21269
15282 23555
3559 15765
1308 20193
4721 26147
3587 15899
11552 28240
3671 28150
10354 17033
9038 19635
3053 23310
3001 27103
15851 16385
13472 13551
9058 24616
5546 14546
8530 19309
3080 13711
4102 14907
6629 18641
10498 22827
10045 13119
13581 20204
16587 18176
10119 26593
8098 16582
18891 23601
22476 25815
6065 13293
1305 6408
25560 27676
10646 11745
7577 17543
4802 22454
4017 19843
2466 14393
18635 26001
4076 11205
14767 27374
16424 22424
3090 6251
129 4666
8048 23698
14187 14787
5163 23726
17109 23205
20354 24169
220 24904
9849 12560
3617 7677
650 14422
22605 28170
1694 20130
19348 24028
319 25185
393 27391
3228 25250
2518 17965
10552 12385
1157 14281
16218 18205
5965 24968
7923 28250
10303 25659
4026 9649
1878 8990
4496 18496
9180 16459
9837 24928
5725 25596
8616 16566
15398 23398
16905 25732
2826 7183
18697 22385
15224 26313
12467 26430
18795 22421
8753 8775
7677 21548
12512 20504
5066 20749
6037 22950
12939 21516
1614 13016
3961 9495
7368 12575
8476 22985
6994 19623
3401 14778
17224 25063
1699 7896
22392 27497
8094 16252
6860 27938
13827 15175
20929 21789
6363 20527
17145 19140
1116 18642
7370 12038
2969 20938
1438 5195
3307 14779
3186 25375
3310 25185
16683 27702
14571 20050
1604 15477
7457 23225
11789 16003
10189 12462
9202 25081
15399 21109
22186 26153
16337 25559
6065 23872
8064 14437
18982 20336
5628 19524
1349 8692
1724 15865
1426 6798
7236 27074
7736 9441
1147 23696
22882 23213
15174 26081
12489 16682
3634 7456
2964 22399
15869 23483
13545 27761
11346 13317
787 18133
7819 16152
3242 11071
6797 10767
5413 21091
17511 19133
17253 18050
12759 15233
1975 20537
1770 8864
930 8957
1482 17196
10495 18041
11499 27506
7937 16905
10282 16276
15749 17641
183 25385
6931 25174
1204 23143
3146 25700
19855 27724
17504 24715
11071 13421
4315 20298
7543 12487
5950 7523
16402 21441
5488 7361
3113 23115
13602 23510
4886 5283
881 17219
8730 18362
3970 19477
2716 22966
16401 21687
5797 25770
3748 8039
13625 14724
7604 13398
2489 23785
7343 12180
9980 21991
14314 15902
732 14234
17756 20846
15090 17757
7407 17482
867 24616
13002 17838
9710 15448
15875 19081
7849 27505
12282 26061
8388 16887
2186 8667
8705 14923
5878 25875
2759 22498
2722 15195
1088 27996
3002 22497
4708 24075
26180 28162
14771 17022
1379 27634
2883 22827
3357 20786
3050 13033
7988 15151
10157 19228
7381 13195
13579 22026
16564 23966
2665 9989
9367 27152
1761 6248
7950 13482
17013 26044
1324 23596
11842 26292
4435 14933
10008 27865
5793 18533
1558 3432
16341 16652
9308 21642
26717 27872
1 22673
19952 27746
217 2625
9781 23930
4535 20537
300 334
1505 9717
18649 25619
5010 5864
21623 27032
14298 22389
9137 27664
6776 22186
3711 24540
16656 27944
18163 23340
4013 28058
8959 22350
4785 23502
17422 21881
14479 16832
25162 25647
4147 23390
17737 22686
4314 10578
7785 24659
3858 7635
11488 21618
6072 22153
17803 17938
9881 13111
705 24283
12754 20849
22409 22570
3287 25699
976 21829
8567 16572
2353 27958
6705 25857
6295 19882
7584 26878
1944 8148
10462 23997
6914 15428
635 24830
5412 10590
18445 19068
6560 16013
20313 21359
24715 28203
514 17692
2217 8925
9121 12000
21906 26506
21832 27621
6412 8465
3306 19153
12498 22549
14424 21192
12557 16328
22012 25356
14814 25329
6103 8784
19339 24304
10647 21849
4617 26681
967 20424
1727 5989
396 15603
4115 13913
1249 18251
18131 22823
8746 26110
7796 18538
9043 17207
18846 26283
11668 22976
13041 13341
7521 27816
7769 17237
13274 25978
2241 17409
8399 19064
13984 18823
9260 13284
13597 18024
198 15112
6728 8384
7361 8075
1878 4524
3640 11773
15840 26546
7089 19675
21826 24313
2272 24264
9361 14435
2272 7820
3522 18128
12805 23251
11300 28236
20417 25059
2542 14671
15708 22842
495 15619
14543 27220
22430 27802
23608 27795
10560 15037
5909 7948
7847 19047
11880 13762
11877 22180
2598 22845
5084 15620
9617 27627
2460 5531
18359 27567
4256 23608
20127 23655
10501 10839
3892 14104
8677 16559
810 9250
569 18361
6283 10701
9377 12162
1815 18945
7948 22023
17689 25105
10488 13597
17020 23600
18823 20258
2682 4556
25043 26464
1850 21399
1462 13985
7200 20950
4178 22634
6361 21997
8314 9218
19482 19728
8555 14969
5662 7788
21202 24165
5010 14511
3970 17244
9144 12728
8356 13673
2638 8309
12076 12570
6255 25039
4832 7898
4573 10778
2205 10807
10600 18078
10114 11876
26975 28266
6008 6238
393 21462
10114 12056
17241 19876
11637 14481
5713 6931
1878 22716
6832 15480
2322 5400
10617 17094
20503 27966
8054 22472
528 15087
838 5069
5201 8491
8735 21813
6937 22607
10324 11729
19760 27914
8048 11627
3888 9991
1239 4477
16772 25257
3071 12890
17543 18988
7532 12823
7437 20504
19122 19668
10450 28275
626 4976
5680 20387
25330 27284
5331 17604
10405 20319
7645 18078
14411 16639
18790 23162
2396 27152
2671 2754
5587 22464
7166 22046
27352 27949
6832 11916
972 15114
15619 19959
6633 18909
6462 19566
14724 14911
26260 26358
505 21149
4434 16232
3337 13564
19598 25366
16767 19597
8801 21473
13134 27194
13091 25229
1197 11215
5197 9968
6272 18847
1833 14193
8220 17159
19343 24206
2882 25108
20568 25314
9842 18823
2556 15214
4316 18195
9702 19030
4550 20243
3331 12708
1112 12933
3730 11107
615 1724
2937 20046
3997 5857
9962 23002
2894 17487
21671 25609
10698 12195
1405 18117
11366 25658
10330 12855
2447 15665
3788 3864
1513 15391
5453 10524
14955 22012
1613 19289
828 4442
26032 28214
2701 22025
7354 11307
9021 26573
1324 10307
2324 6632
10813 17211
14358 15734
19646 19934
13784 17958
14914 24529
6794 25598
11922 28100
2970 23566
17138 18376
7772 11266
11571 13789
6246 23390
17757 18370
18795 21010
6804 26327
8443 24659
5709 10916
1504 15144
5623 23848
4918 8086
9526 12628
14117 14427
25229 26024
7552 8982
789 22479
21943 27406
1475 9378
13032 21138
17050 27949
15435 27844
7349 21577
19118 23207
8314 23935
334 7031
828 16386
6586 17499
828 20841
193 16957
12236 18036
7846 8872
13504 26003
14335 14728
15547 25633
17823 19732
13093 15951
6655 28059
9517 10314
16467 21743
9246 11537
2667 27079
20198 26304
17541 25453
588 9226
4560 20651
2738 10099
10221 16467
4496 22193
2000 21335
7763 16781
8811 17320
8083 19871
4253 16372
17797 18616
8636 22761
13091 27119
11140 12271
17630 21712
17789 26497
8204 9348
7139 12994
4633 25743
11610 19031
23902 27676
7956 12168
20163 21173
24472 25263
16276 20081
24082 26770
5751 11076
23455 25777
11306 20742
3638 23736
8715 9250
6549 6821
3101 18421
3336 25057
21598 23577
67 14431
11096 20617
9683 22094
4484 5266
4381 6188
12730 15368
22790 23258
723 12975
19610 22863
14937 17999
4951 9335
8891 11084
12837 20770
1271 20758
13564 19189
14016 27648
13316 18854
2017 27042
11306 18294
19175 27129
5492 26932
7731 28211
8875 10945
1356 27795
9310 9541
21421 24085
1590 11059
14361 15516
14599 22126
23921 28243
4918 25732
9095 9465
1408 14111
13329 23821
5205 5270
8044 15223
23388 27896
2024 14920
13216 21945
1126 20503
3449 21139
20975 23848
18540 23465
3950 12184
14291 15481
14746 18669
17787 17963
5327 21341
15297 18633
3665 5327
1501 2396
8073 11951
7577 11295
13076 21792
9608 15717
867 7806
7346 8478
439 4752
1609 1729
20833 27179
2677 4992
3586 18496
14471 21169
10957 11413
4133 21166
7205 12800
314 23082
584 8413
17664 26017
12729 26993
20899 24104
1979 26753
4421 23469
21657 26951
17138 27677
11581 14290
7360 21798
15282 21829
1465 5100
1477 6822
3551 7348
3953 13888
14451 24020
16077 17509
8211 16725
2987 7963
3357 3720
17597 18211
1181 7593
681 15804
17963 21304
14895 20086
26363 26892
3197 10824
5549 27501
23807 27353
1714 14974
10871 18260
13564 16963
13699 15505
20528 24040
640 1254
7171 21908
1047 4132
5342 11216
1289 24044
16961 19727
1717 13266
3994 18919
11012 24219
20754 21360
12703 21700
10170 13522
9524 21886
10260 15467
3041 21448
847 1184
2939 7798
7681 13117
1 9264
10318 22122
1610 15360
396 13525
1964 6937
10979 17278
15572 25101
3059 6489
2351 17496
2984 16900
11925 17787
13710 17606
1834 16069
1777 9719
10111 15344
6127 17728
8775 15722
6255 16080
9859 27731
9450 11652
9082 18706
14794 22326
1466 16587
13055 25454
8991 11784
18198 22553
4729 24387
84 237
2375 15686
2667 10144
3129 6453
25602 26333
10654 22192
16317 17923
6448 16718
6001 20483
15493 23690
9396 19128
8322 22700
6973 26888
5609 13091
2880 18300
14471 15460
7867 27811
833 1331
2443 27293
1721 10434
3618 14473
1405 2173
2664 10119
25107 27646
8323 25329
8269 12651
19857 21257
13238 20616
3202 8296
8143 16331
2247 14298
10207 17630
711 3253
10607 27905
4695 17687
9844 21254
15257 17232
3719 24127
8764 13836
606 27328
7407 27857
6248 25210
309 19948
22623 25397
581 15665
2547 11877
17182 27086
961 8367
341 28120
5359 25574
14566 25111
8895 10412
13093 13422
10076 20069
8114 8368
7420 11816
19877 21218
11544 14763
14816 18533
505 8970
7155 20141
269 26942
23904 27928
5348 17314
8001 24502
16771 21993
7691 8380
535 20292
7825 22461
583 10093
396 6626
872 3027
12654 20339
19501 24307
4075 4877
9570 20591
12434 27961
4010 26640
11807 19480
3147 21809
1962 3406
1719 9610
15721 17938
825 24094
11113 15163
3480 11417
3545 22469
14240 15910
3624 20395
23845 25494
24836 24949
4345 9694
18442 27080
9895 14748
24651 28102
16955 22664
13495 14104
11444 24028
303 4155
13176 14012
3508 3795
705 5166
12762 15090
17795 22775
3988 9913
26584 27195
302 27263
22814 27978
6882 11531
331 14962
17731 27241
4770 14911
5055 20789
1297 11102
973 14713
86 20608
6842 8679
4073 24062
542 14878
2072 25552
3124 24828
20008 20280
8973 22048
1275 24823
17423 25177
546 6743
13412 26716
8324 18219
3780 11599
10795 20914
9730 12443
4725 18454
10121 20166
1643 25550
21514 23620
14368 27643
2189 16116
9837 25489
24422 24444
3411 17355
7637 16245
5775 27026
8990 22118
25617 27271
19354 19939
3265 19562
14407 26040
3950 11351
6848 9367
14100 24830
18457 18596
8785 12452
6517 6876
3727 11472
867 9865
1720 13241
6685 8249
10560 11354
6118 12983
4072 9829
396 5530
8132 27612
4244 19192
21438 28253
20263 26718
4188 22040
1068 15357
8817 12555
13545 27822
1867 21126
1058 25265
22579 23829
11785 12954
12945 26235
6741 7878
8150 19351
3137 18106
1302 8695
8096 15201
4205 11710
16956 25449
4178 6868
10587 15995
6439 17112
750 5731
6689 8870
2022 14657
4232 6496
16914 28108
5485 16609
3633 13592
11364 24326
394 9481
15056 23372
22954 24611
18606 25445
15550 19733
10974 24138
14023 16037
9526 16726
13332 15492
9966 22699
7158 14479
20930 26300
2417 16504
2984 12105
12519 19053
3944 6009
8552 11344
6390 17310
5694 10321
5107 19483
13918 18543
2714 22205
1918 16961
3268 8188
8400 19172
306 22679
7354 13055
20195 23619
2807 16930
3599 13924
686 7419
12257 23932
17355 26409
2498 27726
5691 6086
9281 16964
3947 26147
13871 15757
364 9082
6473 21681
2396 27194
228 22876
25421 27164
8596 17951
23870 27977
16330 16709
4046 28058
19992 24785
8812 18527
3859 6847
10219 10741
1441 26898
2646 12663
2759 24290
4583 17486
1768 9962
6738 22835
5359 21000
2664 10747
12994 22539
12114 24726
16152 25071
12617 21269
14873 26344
14971 18970
1174 27913
689 12139
15188 18242
7216 24659
942 10039
16184 23186
16588 19059
2767 16284
20719 22112
11766 21584
8648 9524
22311 25743
11973 12203
3667 25993
18434 22311
16994 27439
14123 19085
14853 17122
1367 21555
6761 26033
12564 15021
709 22464
14633 18265
2664 11627
16025 16979
6004 14713
7390 7447
13598 21297
1133 21566
11134 16094
12124 16944
1575 21605
18423 19291
8248 26838
14852 16911
3848 10477
448 7813
11464 16439
292 3691
6814 19004
24241 27557
3231 15282
956 16587
13340 16665
7750 8363
12353 27221
19610 20008
9723 26063
11809 25919
334 18669
17788 27113
6972 18521
1990 8221
17035 26690
766 13201
7386 14344
186 9621
9948 23542
7597 8708
11250 15997
15056 18714
1103 6609
11867 19425
13844 23140
7387 17067
4295 18371
2755 10771
12999 25371
10508 10941
2708 11193
15925 25911
15008 22581
19627 21484
5932 10330
7971 17803
16427 17286
9473 16437
278 7529
10014 10961
5386 5574
6267 12780
3123 3624
3567 27811
7988 19864
17892 21904
14120 22696
18272 23225
4149 23033
17300 28139
836 18154
17378 25273
12284 26544
15286 16261
10770 19508
18644 20066
6261 9465
13158 14010
1645 10820
811 25393
10080 16855
7018 8586
10723 11266
12169 22335
13091 20558
2048 25893
27430 27983
5108 24494
7374 18836
6077 26985
2061 17593
9069 14661
396 19732
4445 6996
22250 26074
18304 19598
619 21033
600 23609
2521 21688
13313 17460
16379 17061
6972 15428
865 19565
8322 25713
13692 15782
7202 14389
6177 14445
16095 27848
2518 20409
5868 26464
9643 13887
5122 8781
25008 27423
10815 25780
16083 21978
13517 13856
9597 17597
18521 20479
12974 19958
10799 13137
20383 23440
1489 10553
5774 19721
13328 19348
7193 14110
1159 8707
650 25397
10532 27715
797 5618
5637 19091
8671 15973
2290 17408
8905 9421
5874 27013
5512 17742
12839 17137
7322 23267
2776 24395
3342 7348
13261 22334
1770 21900
24104 26554
7950 19033
2520 15498
21269 26413
2379 11995
2585 16065
20417 24937
14821 17832
13784 20719
16407 24577
10889 12768
4009 14438
6700 7853
1489 11214
8606 17765
3613 14640
2518 14024
10529 11327
23863 25104
13373 16582
9300 16439
49 14636
10080 16333
4272 17399
9067 23911
16229 26283
5676 21657
14769 17837
3718 10798
19482 27913
2617 17739
11943 19933
7037 22116
9184 14181
5461 8940
10415 11480
3987 27966
9226 13105
1575 18192
5373 23194
7419 17208
13479 16766
9252 15682
1254 18084
10804 18059
18267 22396
705 3796
925 16923
3867 24326
9518 10242
12252 24624
9737 13635
1178 22035
6003 14136
1036 26622
1852 20424
4861 17536
1858 22127
2681 18369
5838 20867
955 9654
21362 25877
2285 16838
2637 22560
8706 18658
6495 14010
10459 11439
7915 16619
2735 11511
8801 9720
5055 12844
9730 18996
2170 16941
7902 27744
8296 21985
18784 21906
16701 21835
15931 18328
15403 24605
6555 23143
2908 13401
9504 17207
24521 25425
8413 23705
3666 10651
7132 10431
10560 24968
3346 14487
8920 18379
5413 10660
341 1730
7758 20258
20226 26672
1085 1579
21918 26905
18201 27360
463 26364
10618 21147
16170 27614
8807 17889
2530 8057
22894 25110
9552 19376
6876 7469
4041 10657
3793 9368
812 27464
9904 10127
1852 6946
24371 24782
9991 15891
5864 7944
2942 19916
485 24127
7429 22149
2272 12587
6163 19675
10846 26546
7796 20661
4063 19188
19135 19425
20139 26099
1232 13700
18320 19771
4606 22785
12029 16322
3651 14775
8523 21835
17321 21844
11816 17473
1567 22403
4444 16571
4086 21310
13270 18249
12026 12546
9112 19687
2058 14849
12674 23253
17574 18254
8753 23733
4646 25433
10799 23223
14145 16369
19868 20024
23628 24127
10399 19811
16364 25383
9496 26690
13259 22897
5377 13289
15633 23863
9614 27738
23430 25495
7512 27720
13460 17017
15701 17194
16276 24971
7320 26662
13036 18132
23425 24727
2470 24403
10137 15587
5177 17191
2474 4717
1878 28172
20719 25334
13603 19738
6415 12495
21475 21746
18689 20108
1740 2362
3700 15014
2711 26584
19705 24444
2604 23265
2250 3446
4240 16972
9616 10282
7868 17675
5481 15916
21944 27719
24373 27278
2712 4629
558 26507
17561 18374
11368 19982
5570 14314
11094 20388
1001 24811
16677 23863
17963 21269
3651 3970
15760 19068
3128 26539
3049 14697
1824 15611
12388 20400
7945 11345
609 25966
7900 20041
4010 14878
8482 22633
22967 23168
7804 9458
8340 11855
8048 9190
3311 20286
11076 15798
4518 28263
7666 28044
1575 8363
15696 21887
1748 6490
825 3634
12221 20257
5654 15869
12691 21845
17789 18339
2050 16762
10419 22487
12655 18009
3389 3748
10215 14662
2236 11833
9677 20045
4310 16588
21802 22400
20467 25992
2687 10653
21737 24543
24948 25472
14555 23776
12742 23574
12736 21936
22734 24280
806 8875
6346 11076
11727 28156
5082 22082
1609 16957
10079 11654
873 6911
5415 20596
1068 3425
9358 19531
8817 25997
17800 20368
14606 23761
2794 17739
25504 27541
18593 24317
4649 7375
6454 24830
2740 13046
16766 21442
21704 24253
2285 13580
5279 5916
11796 23773
175 8873
13 12855
1028 10871
11842 19112
17133 20635
7283 17228
9488 13810
24147 25064
995 8397
25160 26721
1878 9865
693 23282
1863 3704
1830 18659
2058 6296
20747 25027
12474 13484
4216 23750
9777 18034
4818 17898
4148 12922
5730 19646
11797 12049
6774 15123
11804 15141
4667 17017
7793 27821
4360 27790
1197 23139
16603 22519
16656 26927
22438 28061
14469 15815
10076 18588
401 4456
401 21766
10522 14604
5626 24947
14361 20630
4321 16718
7401 15493
6601 12341
4397 22325
10876 14445
1382 16373
5883 20939
7950 16957
6734 25388
9920 15951
21416 21491
3624 23338
6724 19442
14724 15308
14600 25290
2324 16496
25403 25617
308 7018
11784 26070
2530 18690
16772 25309
4836 17735
14493 15620
4035 19723
10900 14240
542 1162
6135 14852
1761 25081
10920 15808
757 22667
7451 14291
3851 10240
13729 27842
21999 27126
20288 25987
11786 19025
1848 10350
12390 26150
12260 14008
3518 13155
9058 24576
14203 15928
6345 14219
3144 17975
1487 20515
11917 21738
755 25084
12119 16197
4000 23803
4918 7919
1762 5802
11279 19710
8016 23176
11133 23250
21473 27819
478 12412
1808 5899
2037 26006
7374 12684
8552 26507
19298 27113
7539 15612
5080 13468
5095 11814
11801 14534
18679 26413
17220 25297
9737 27229
13428 27218
4066 8796
7489 22246
341 12064
3975 26916
13193 22835
2810 10717
8946 21981
19474 27004
21544 22441
21748 22017
12264 13358
13222 24059
3059 25139
10462 18128
12407 27459
1284 24861
2764 13246
16 8113
10530 25831
4044 25838
4159 22448
3520 9842
15236 16607
5691 21296
11525 22309
5405 9717
10871 20190
1004 23624
13152 20491
10471 13121
21955 24005
3533 23653
7481 7835
7462 25068
4645 13777
15373 19116
19647 20266
6042 10497
12101 17031
16276 21950
8869 27500
11937 23428
1790 7231
20448 24576
15918 19123
19247 22012
12241 15030
18155 22716
9683 10680
12868 16197
4703 11635
16979 23415
7490 21028
7523 21470
23619 25983
2547 27384
4397 11161
8397 12077
11034 22981
22798 28051
5749 28013
152 916
10000 19782
18779 22919
1755 16559
6127 21053
13087 22063
23459 27969
13784 22112
9179 9371
17423 19479
2188 14350
10271 12512
11884 14240
4497 25838
13221 24755
24551 26882
13502 24122
6229 23116
252 23876
4418 19704
17441 25021
6576 16564
19410 26503
2068 2863
554 12361
11826 26057
19843 20538
7079 20442
4802 27443
7297 15282
12371 26128
1353 22143
13074 16743
7986 8863
27111 27522
7522 24061
3728 19443
18044 19477
12722 23143
12346 14384
15091 25120
740 13200
5996 10333
4030 19712
14767 24295
14276 24816
494 824
18073 20166
6940 18304
15064 25318
4237 13564
7600 23298
14156 23497
7523 23760
14043 20084
19371 19548
2401 18267
2064 10408
18958 27087
1767 10199
10407 19273
14895 21999
4581 17218
14384 21343
15857 21480
745 1813
8140 11394
1878 10622
15728 25366
2826 5220
352 2881
9819 22642
3733 12674
5372 20899
18092 26331
14911 27616
12423 18846
21688 24167
23141 25064
11529 12574
10767 14239
9396 26007
12314 15099
7596 17601
6983 25422
1753 25329
3434 13807
12880 15301
6172 21791
174 11092
6640 15857
19481 25321
1767 24904
12170 17551
11682 19197
12260 22651
7900 9654
20903 21306
8057 23075
1112 24477
838 5697
24108 27599
11486 27513
9190 19536
18370 22230
6770 13796
11333 26022
5614 20233
10545 23552
2658 24661
24150 26019
23359 24866
17216 27294
4362 13861
6004 23942
11825 15815
9055 18626
12771 19069
7854 28202
3622 17407
17529 19914
10872 17851
7442 27514
12082 14355
19564 19843
23610 27642
4946 19713
21126 27074
12925 15585
1959 5485
12538 15910
18177 22241
20470 26690
2232 15862
8391 22353
8972 24600
13092 13339
2389 11629
5428 18371
4549 19371
877 17507
9252 11788
9358 17113
20008 25443
193 10512
1510 27689
20417 28082
11262 19183
1398 11150
12244 25309
15765 24538
14796 22907
2929 23377
7839 25626
609 11580
13003 26139
19817 20639
25703 26858
6390 17941
4009 24804
19576 25428
8700 23513
4575 11742
13787 18761
1438 2767
5197 24624
8931 17442
19727 23104
2329 12225
6222 27608
14093 14526
20857 21612
1430 17721
13258 15708
3997 26322
3859 19001
12077 26505
14110 27442
4968 5201
3728 24775
3154 4517
12800 23310
8775 13343
115 18471
5691 20155
2953 27221
26896 27557
2596 9994
1448 7002
9460 21856
443 4535
4623 15391
18011 20749
14706 18259
1 3153
10393 15619
15682 18920
27459 27480
10706 23709
5374 26606
20479 22965
7588 26753
1181 3252
3337 23467
1748 14635
2213 18833
18005 22416
12991 25966
12436 27221
13564 21577
7272 28132
15510 27669
6451 24904
418 21100
1545 7589
15950 19039
4894 7625
11990 11998
18704 18955
437 18320
6849 15796
7698 16964
15634 20880
13588 19216
4668 19395
4623 25626
3735 12832
2545 8635
10407 11992
10287 12403
12134 20635
5728 28095
18631 20564
5051 11049
25634 25963
3789 19867
4216 21802
2864 19223
5978 11154
21790 27057
14840 22278
115 23749
10792 18813
9142 23913
19033 20727
3585 19253
4415 11318
15076 17907
396 5960
9167 14219
2505 18960
3058 18491
9074 23963
5798 13351
877 23997
14625 22340
4164 16271
18945 22548
15791 21139
8982 13031
14557 21759
7612 24603
10913 25299
7200 7847
3265 17773
15402 21304
3339 22116
9243 19289
10029 21207
2642 13419
2494 27579
8876 10032
6930 26769
15190 21003
12302 23392
1823 26584
18948 20028
4120 18852
13059 20061
5309 10913
19892 24069
4866 16905
12002 23074
13003 18870
1482 18255
11079 15492
8806 15376
11113 11294
1505 23852
897 1178
12755 15091
1946 11045
5659 17851
825 3380
12661 25534
3063 7205
12418 25704
3471 16453
3643 18732
11778 19135
8454 22511
8396 28044
10982 23379
10691 13681
11417 12375
15694 23211
16656 21276
4597 26151
20227 25893
3065 16866
939 17108
3889 14216
10476 18603
13272 24622
8939 14500
6965 17222
5089 13978
12447 13516
9718 18669
3043 7033
14555 22131
14003 26115
11814 18917
670 18886
168 17144
974 17198
15610 17649
7519 28232
15731 25732
644 13203
4861 26193
7721 15253
16324 16953
2364 7429
26152 27308
14088 24283
16460 19882
2643 4439
4139 25972
1502 9466
11459 24575
14840 15201
48 22001
10197 23467
18800 19660
19998 24055
6431 18251
7084 8145
3563 4581
2978 15064
9336 20661
12194 17527
10326 16800
8212 21889
3534 17754
18789 25713
15037 25760
1571 7795
1015 1188
787 11674
5028 11471
4192 18132
23963 25321
3329 7099
16712 19609
10264 20611
6932 15106
8924 26758
2988 15839
6549 26743
5412 22789
11985 23422
5864 12109
9406 27835
6267 21166
21800 27332
8012 13363
3852 13699
7211 21032
3070 15723
5423 25302
598 19699
3980 21737
9335 17788
512 20409
19584 22190
492 6998
13557 27757
2335 12943
22781 26505
11701 21582
10838 12045
12611 19672
20730 27954
13830 23113
5353 6972
1361 1556
19570 23905
6335 22369
26024 27719
9339 19269
15327 22885
8802 11465
5832 11468
9195 10274
11080 27788
2232 16191
11580 18057
1158 5055
7721 18742
4885 18304
12983 19371
2529 26518
14148 27669
5671 28006
8846 27569
15189 16245
654 11861
1139 4026
8096 20171
8057 25110
7275 20748
1727 14753
13195 17112
2249 21675
4552 10578
24120 27168
7830 23574
9093 24986
2245 8536
12832 26167
4136 26896
761 23619
18859 24872
14010 25735
20490 27545
9590 13970
1744 2061
20813 21984
797 6528
2677 13852
10652 20424
2079 25409
11148 14925
10893 21955
12753 27368
11932 12062
1167 8502
3733 13362
18464 24188
23633 25945
10990 17156
9243 22004
1689 7677
16611 18428
5988 16197
3575 7821
16238 24621
20297 20593
22086 23619
18880 28092
5690 7963
19123 22387
7349 13033
9783 22122
10321 14879
11255 27418
11121 24056
6512 10149
8924 10990
12072 25283
4827 5855
13495 21770
4963 15284
14898 27758
15694 27702
4728 20409
17141 21480
9322 18449
16184 24503
86 9065
1147 15910
4712 10384
4561 16748
10335 16808
18641 19560
7748 13697
6588 19635
20389 21245
15836 19593
3198 26299
5574 6999
1985 3548
6852 18955
21064 25214
11049 12335
14429 24000
13671 20904
4207 4581
5978 15009
1606 16559
669 19924
10764 15610
17177 26717
13682 18281
5598 19091
18172 21118
8604 11738
11998 23784
12052 14916
8964 21766
24158 28094
12312 27633
17773 21123
598 22288
724 4942
2396 5485
6450 14482
18475 27478
20693 23455
1000 22639
14464 25229
4626 25636
4586 17898
9869 12994
3638 9250
18644 24531
17406 27759
18736 21849
7566 26677
14052 17563
17762 20933
1860 7002
16470 20300
20370 24980
4594 14677
6868 24425
9084 16867
5397 26940
6295 16608
760 10120
7213 12851
705 21304
1551 7415
14666 17728
6498 14351
4967 9738
8717 13208
107 8707
5518 22151
21301 22399
9022 12633
10829 19042
11878 12077
2412 25558
7867 21409
1308 5174
6724 26115
3869 18496
10350 25062
2326 9174
5669 20849
1810 14481
4789 26588
689 19948
22814 24177
867 14596
580 15267
1371 20627
18753 20106
18959 19284
9370 16163
2396 21438
14170 20027
11368 13235
1628 10619
2698 10541
1925 17268
943 7533
9152 13721
6448 9425
15837 20391
6771 23096
24608 27314
3951 9682
605 26182
3848 27759
3383 27867
22833 28120
989 2304
8781 10620
10810 21735
4778 22598
569 16961
3357 25817
6618 23207
11944 25104
22464 25763
8424 18317
10945 20166
8959 14819
6625 11545
18120 28024
351 26796
3852 27664
18827 20996
4964 5075
23399 28056
51 5705
9006 17528
7290 20579
21638 26753
14611 19788
7413 20355
1126 16060
384 12054
11634 14893
414 6498
11609 20563
4606 4878
25432 26819
12223 16597
3119 12020
1879 17393
16979 27844
4031 9260
2351 17057
13029 23780
15208 19057
1399 24224
15531 25857
5112 26400
10757 14554
6857 10609
16395 22998
4162 25104
1344 25622
5312 8717
16899 22790
11284 20198
17457 23237
2189 26027
16140 19803
12228 25971
19008 25290
8880 18521
14635 27129
272 14104
3381 18824
8970 14266
15190 19385
3643 13625
11813 21935
6689 12203
3687 18910
17119 19748
900 18388
5614 5667
17775 21131
175 26839
580 22892
24457 26087
19639 26074
4509 12458
1876 8606
2584 22485
13776 26986
20401 22912
10641 12090
15906 19753
6006 13240
7162 15712
275 14668
1770 23915
1490 25994
2646 22226
6914 8148
9586 14697
7386 24279
1163 1786
4116 21330
5292 5996
11083 22784
19598 20505
13961 17922
9479 11395
17832 22962
18927 27203
17214 22425
9690 11420
197 14513
8486 23901
4336 25714
3390 21623
1105 23274
270 16184
11568 22416
11739 23267
867 12819
11731 18046
17115 22688
14813 15322
11363 23520
23430 23479
21014 27454
14411 24219
18842 23939
1645 22493
2320 12087
7915 17073
8108 18599
1507 17791
3562 5409
435 25978
14287 25008
20848 26098
2186 27913
3006 7942
5726 11081
1689 16835
6320 21904
22052 27121
13943 18462
8791 17735
17250 19601
8990 10727
8416 11043
1467 3381
17527 19610
10312 11092
23451 24158
23206 26182
16052 18281
1178 27652
10932 16627
7885 23522
3802 6784
21528 21601
14462 16220
18746 26653
5878 10943
7975 26201
12594 12767
6497 19115
4596 25986
13663 23848
11975 24935
396 6906
6489 7738
21456 27314
974 7236
2984 16979
3666 17407
9210 20359
24061 25272
5768 7881
18280 18591
3531 21990
15304 22614
14971 25301
6239 19548
13926 18522
24549 26273
5989 28099
2729 12051
1693 16203
23941 25930
2635 18764
2380 27038
5701 26094
7913 14122
1794 9066
5587 17461
11504 22339
9358 9573
16550 27309
4076 21374
550 10921
671 28049
21221 21527
1145 7368
3970 17944
18530 24775
12737 16288
8506 16702
15271 20424
3695 8954
7629 12388
27950 27980
16720 24561
3997 25414
13664 14175
22473 26880
11529 11968
13619 26561
4012 18321
2544 25614
3587 9574
25191 26718
6546 21323
1043 15862
13984 14962
897 13335
9033 10428
17165 19686
406 7341
11241 27242
13538 22194
809 27078
21653 22079
8074 9205
4702 11773
18520 25047
852 5354
14407 26001
14976 15513
2386 5747
4065 4603
9711 17017
11444 20667
9529 19796
15031 15629
120 24864
19675 21695
9279 18521
9427 17975
7600 22046
2425 15292
3697 10990
401 16770
8751 22379
9416 25029
4853 15926
5092 24411
16562 28032
5434 28269
6673 20363
12498 23721
17209 20865
17214 24263
18787 23770
8504 12264
2322 7410
2833 19964
4323 19712
18230 28136
4253 11674
1686 20437
23585 24061
21368 21409
1604 12598
4626 15791
17242 26117
23066 26704
13359 17259
2132 18421
1343 17263
1927 10170
4535 12489
11866 23074
140 2007
18423 19375
7623 19195
8882 10612
9800 20645
3599 19749
137 25059
7950 23932
13384 26974
1672 9869
1390 15354
18384 18557
10617 15725
8218 12406
13355 19584
10560 27129
7921 15293
242 25699
16366 25598
1814 27296
3727 8993
8733 18791
4648 17819
2192 4216
2686 26957
11080 21875
14457 19583
6156 18870
8590 17105
11192 12093
13736 14828
27316 27815
5289 25439
10973 19081
3889 24057
12194 15619
14592 22642
93 16756
18555 24904
12228 24096
9239 18636
18507 25732
15508 27462
18402 18489
2004 5564
11581 19641
7711 13249
10838 22987
14954 23574
15749 25432
2798 27067
12161 22473
7587 14169
22117 27958
12383 16094
3882 7774
11941 17372
26493 27596
2823 22912
1590 8605
13330 25134
935 6249
2445 17098
7491 17699
1178 13705
7878 22605
8806 11948
15678 23163
11569 19745
2519 14191
860 7878
9851 24939
4597 20178
851 25590
8229 9903
9993 18784
4850 15342
8651 18713
2031 7552
406 2882
3818 20731
17902 19816
10704 16048
605 11463
9193 13781
2529 5572
3648 25130
8977 24854
8974 26092
5116 24658
5451 27562
401 28128
7927 14781
787 19375
8331 14255
1014 6222
14515 22452
10965 13704
13892 22415
20741 21850
8586 9642
20400 22285
9038 13449
18719 26991
12667 12847
15480 20321
1119 21508
9804 10434
8659 28016
7820 23983
16603 23029
15791 23940
3638 13472
5042 18820
7840 25727
19696 22581
19653 23983
18593 20625
16031 24051
5097 26429
18930 27150
12072 21304
10760 11042
5680 22746
11879 23863
2141 2922
3010 14648
8236 20899
18910 27328
2150 2849
7091 12983
12720 24671
18365 18764
3420 8273
9362 14714
2135 27588
9536 27368
5528 8057
9895 12030
6914 14356
9058 16164
1180 5857
7199 23015
4024 18651
12733 16554
2324 3454
867 26649
1482 7638
6062 22104
6832 7878
6268 10619
6637 26207
6250 22966
11610 24451
1711 23617
2227 12931
7725 21462
3573 9919
6533 12399
5084 5571
25833 28128
7412 18669
18015 22650
20167 24175
5387 8753
11866 17757
18591 21535
5313 10050
6929 24543
20685 22139
5288 24415
19445 24165
8835 16189
13552 14394
2387 20657
3228 10023
22581 26691
5607 15296
2435 25081
1767 15558
8494 19425
18237 20227
4755 16983
20459 25059
13114 16456
11629 12538
5864 8511
8355 25375
10953 23811
15272 20175
21450 25435
23223 27087
1410 14423
2410 3166
5787 7290
20069 22469
20944 22516
9773 22983
9631 14309
5221 18033
10493 25738
909 14695
15660 20932
796 2693
556 2346
9491 16949
18520 26637
2022 2530
4142 21450
4963 20909
7141 22771
10974 23983
3206 10674
2482 25724
15497 27607
7971 9696
2353 24998
49 11952
439 16265
7386 28059
461 6911
6103 22640
17196 22832
12472 27821
2810 15064
2066 2505
6796 23459
3154 7497
16835 20109
867 20021
13819 17649
3417 4691
23437 27221
16170 22101
3689 6212
16447 20337
5829 20578
1223 22871
3513 4719
2986 8223
14839 19083
1332 18026
10825 23722
13302 19652
8096 10209
111 26265
3041 9962
185 27105
2390 13372
1106 5358
7560 26974
13946 17032
5587 21963
13658 14393
10389 21798
6560 22100
10951 16814
19552 22042
12945 16150
1878 17880
70 12253
344 23643
1999 13291
23361 27016
13511 18760
8410 26717
4244 10066
3915 17479
4980 25200
2583 4597
2205 21345
5768 12105
14618 21566
6830 28128
3175 9864
3262 20008
11295 18302
11388 23738
9847 20799
10225 20632
670 1864
505 13882
13149 25050
396 11107
19585 20893
5069 8376
1497 6604
25754 27681
15733 25929
9837 25610
15540 15964
1349 19537
22264 23640
6491 27792
11956 24690
2280 21010
7488 8151
17537 17963
6763 20726
2767 20586
11045 11262
6801 27756
6215 23406
5142 19503
7323 12565
14120 20053
3773 4367
25328 27127
4022 14264
8681 18348
9120 14772
932 8586
5387 9127
3147 6572
10018 26775
22306 24217
9951 21262
8215 24971
9226 19820
14600 18357
7523 11010
6629 27790
7915 11099
12068 18412
11183 25791
13956 28228
5454 20538
13357 15391
15401 23295
22036 26635
10868 18354
16191 16885
337 9717
5466 14716
23100 23214
13024 16333
7635 10042
6000 15063
1015 23952
23340 23822
4388 20241
16319 22686
245 13699
9465 9590
12498 19868
8190 22421
4471 19528
3447 21605
6529 25513
179 21248
7774 17782
305 2671
7681 14513
4314 13087
3826 24104
12405 15920
4247 17010
1878 19281
11481 13261
1672 26147
1399 15064
19900 23390
3458 20137
1736 10479
9511 25755
7471 13756
1 19211
3393 12309
8739 19817
9285 16094
9591 14694
7386 7839
21616 27567
21423 21945
7741 25602
9539 26980
25504 26176
22304 27078
6071 18556
4604 22426
7378 28010
12155 13152
3069 9027
22035 26925
1249 14795
4918 13721
1841 25181
19259 24095
12361 21958
10817 19309
5168 9558
4218 17331
5691 26167
2904 4378
20427 20541
8457 11780
867 8718
2070 13432
14767 28231
11261 15416
2024 8740
3882 12035
15974 27867
2689 20647
8163 18574
15843 28170
7195 14824
23305 23898
11952 20402
9607 27747
4482 27785
115 20558
17006 25967
14659 23965
1050 25499
9891 20676
1707 11184
16417 20479
11128 16368
5854 9981
11467 13817
3100 20711
3873 23345
5767 26278
7002 10839
3727 9046
15158 19061
3749 24332
7472 26111
2631 16656
8816 10023
9915 26707
7079 14796
25359 27314
7398 27924
18557 27545
17860 23253
7573 15063
9979 15499
4422 28014
867 13815
7950 10798
3572 10637
495 17902
14369 22984
14474 14501
2639 13132
13474 20470
5393 18784
16751 19333
22078 26775
25043 27761
12433 18950
17562 21077
10363 20868
12566 17579
12793 16480
11094 16362
1713 20786
4142 24156
3932 10434
12428 15725
199 12484
9137 24554
8961 12409
14075 25254
12244 23342
23315 25699
3746 27520
16262 27004
6221 7185
19190 26580
27085 27091
14852 25869
1755 2708
16097 23290
11124 18599
8331 12324
7747 8143
12709 13810
10581 25110
13024 14014
1900 19039
12260 19254
10023 21986
3122 11649
17615 23805
7348 14671
25275 26641
1382 5443
6493 9702
23719 25703
1343 7534
861 21811
5434 26737
9242 19917
3006 7861
808 17140
1761 17383
6390 6591
22983 25522
9441 17965
3302 17521
2067 15748
26204 28269
16957 28044
1178 27561
3733 4102
1203 25363
11174 11381
18105 24575
15837 23104
19150 25270
14092 23384
1181 8192
9123 15832
6451 18263
10016 16490
4837 13534
14680 20401
8405 13649
14194 16766
25950 26377
1278 8271
8880 26702
13846 17657
13419 16862
12433 20329
15825 24504
3148 7915
14541 25699
11073 22956
23020 27665
11923 26503
10228 21462
5907 20054
2563 27899
2469 4770
8951 22091
12377 20319
10935 20387
22768 25228
17963 18353
5879 18095
2782 8471
4309 27294
2859 11451
9148 16987
6523 14743
1611 25746
4701 23585
11415 17161
1878 3254
4253 23178
4997 15624
187 3759
7171 7410
12986 27149
2339 20459
4093 11348
1038 4129
5598 23074
6064 18631
16258 23863
7846 12948
8745 10876
1920 7205
396 11122
1688 24557
5626 23688
4098 25174
22310 26584
25128 26943
172 11634
16669 17718
7779 19759
6611 27241
10604 24736
2837 15893
1356 5618
15236 15804
12468 26929
20956 24127
9923 12881
13068 23470
485 5989
3463 27221
2303 14244
11692 14405
9056 26497
20496 27745
509 7258
22392 25329
9631 13155
10487 15141
17489 20258
4536 10871
15300 23918
22870 27640
9107 11919
17788 20265
11641 15080
5792 6444
1993 3634
27579 27664
9327 9891
8236 24049
23521 26181
19147 26751
11017 18355
8332 9583
21642 23934
3718 13195
3912 12976
8674 23186
24774 28081
9439 10852
16356 26947
7314 21033
5107 5609
6857 23354
11226 15538
16108 26525
9033 9361
14090 27162
7126 28103
22339 27004
4149 4634
4223 13323
6154 13844
16989 17747
5602 25765
17468 25188
9884 23825
650 27925
3819 19139
6996 24439
4888 25099
4998 19546
5181 26721
6499 13042
14558 24831
8825 13299
18770 24989
14499 20481
14033 14772
12716 18908
18755 19770
4037 15854
158 27382
16045 19089
16446 24292
7373 18952
3667 26514
604 25042
9314 26640
5150 27314
850 21228
1015 5984
5722 20627
1908 10821
21798 22688
86 7414
15291 24753
16953 23524
23332 23731
19002 24477
13755 20743
17912 21732
5117 18099
10393 17053
24618 25232
6239 21726
2680 16328
1604 24122
11487 17420
13245 17460
17858 22946
3728 11250
2326 17089
6972 25719
967 1112
15048 18710
5721 8872
17593 22222
1695 14548
12836 17688
20381 21556
710 27563
11484 14487
2518 8852
5620 14024
8563 19648
25735 27152
16342 19280
20380 22139
1365 14429
1112 25610
1879 6801
10446 21216
3454 12895
17462 20334
4196 16369
7964 20001
10935 18216
16369 27161
18303 23245
2236 20968
4064 6152
5380 25068
16006 22426
20893 21850
24869 26638
4450 20498
4221 17088
5578 24789
13038 14626
9144 19257
9524 16150
10294 19018
8157 19183
8554 18474
6432 22923
16276 17907
20116 27464
14010 24886
5 24370
2986 21638
6707 18128
1882 3265
1878 26000
8770 13302
6590 20870
2942 24959
4098 14588
7250 10238
9429 21999
9870 16087
2583 4263
2093 5403
2582 9025
1694 24888
2483 10767
19914 25382
13701 15096
14158 15749
7034 15355
6607 14728
439 12319
16476 25552
9058 24303
13780 26683
8437 15272
7390 9536
10432 19331
7512 26687
17020 20363
7508 25432
5866 12910
14959 27042
9314 28140
1924 17615
3586 11922
22634 27746
4780 6714
860 6832
8895 10854
3587 19139
3224 23800
22854 25838
10585 23520
23026 28034
20917 21635
4399 16734
10015 13384
2785 23579
324 4067
9525 14657
9080 11288
1699 24756
2239 20538
8787 27204
18591 24659
9515 14256
3104 10300
11436 20822
7185 27017
160 11290
17353 24904
1045 14772
961 24294
3019 4230
12262 12459
8889 26102
9067 26283
1197 13829
12832 16472
3609 24167
18304 19982
7021 8384
17180 21641
7297 12282
13275 14776
23033 25400
988 27354
17644 17999
15676 24138
5614 22285
7481 21351
10187 19201
13777 24314
490 8753
2135 27899
14609 28259
17584 21195
8299 18775
8368 15017
16171 21016
10255 18908
21635 21656
17832 17963
4227 24127
2295 18591
21798 23905
10228 21761
1020 28213
1722 25595
8345 27908
2883 9874
3997 15376
12562 21616
11718 26770
3634 14556
1350 21693
8955 23418
7318 8377
21927 24839
17782 24849
2869 25672
6198 11402
15847 25636
9214 25468
20953 23361
10838 16505
12403 16794
1348 9268
8594 8675
538 2407
1936 22847
24566 27508
11422 24081
19189 25906
2967 9264
4828 4954
4626 9631
7213 21770
26711 27328
20084 24551
1713 4287
5962 18824
793 25753
155 4845
12675 24342
1951 20008
8835 18131
7162 22344
1116 17248
7292 16095
6177 19494
16547 23510
14942 22581
20744 27611
9351 15762
12168 24069
7295 26284
2664 26869
8829 24136
5989 19140
3015 18361
725 23286
13976 18522
1158 21727
4287 25855
11330 24765
2018 17662
204 19941
1936 3719
17750 28150
4355 24671
11006 13041
20126 22150
867 5728
18606 26884
11753 19550
12490 21522
6069 22448
11629 16564
8398 25083
8220 19595
5569 9144
14228 24157
5336 16905
4339 19181
3449 25636
2388 7214
11657 25321
6649 22497
6169 21888
13460 24306
15627 15749
3808 4212
3285 11515
17559 18820
16259 22157
1978 26147
6058 19952
8924 13402
1870 13291
7750 22031
16957 18346
12050 21000
1093 10003
5485 5815
6431 15432
9053 20054
22847 24120
3167 27515
1015 24280
17526 20339
16454 17385
8850 15049
1073 23401
3683 12366
12801 15532
7079 14758
6562 28074
6112 19761
5393 27737
4634 23265
11366 17730
1852 9590
9572 23265
1795 16581
8872 16276
10282 23524
11261 14202
12033 22729
8102 20543
782 17509
19911 24864
4607 13339
1685 8864
2500 6375
6577 25857
3185 17486
1878 8871
11559 20417
2106 24564
14528 14850
12039 24284
11254 12257
5288 7881
11250 14782
842 4026
13553 27508
13905 15920
21864 26737
1 23366
646 17724
2944 4749
18669 22863
11347 11756
5566 8140
20749 23657
3940 11279
16311 19764
6609 23978
19539 22185
21841 26000
9001 20626
13945 20525
13078 27381
7873 19318
9725 25405
3566 4967
10935 20205
14258 17517
17507 27221
2210 22180
7930 26329
3419 11634
1548 6301
20092 25987
27111 27177
9141 25977
4179 10660
22905 23929
1878 26946
3071 8501
3733 20577
4229 26240
13437 27541
9092 23860
10391 25981
9914 23296
2605 24098
1613 11283
13952 21172
8475 11669
9215 15559
18522 28061
8660 27073
2306 16750
3540 25758
4963 16365
6604 26735
6836 7727
7271 24904
2778 8636
14033 28084
6871 27655
10767 26476
1878 13878
17161 19948
7247 25262
9788 14604
8785 17880
22199 24640
18300 21025
9816 21252
3210 19699
1427 17471
991 3089
2022 16722
10675 15400
10274 13253
17660 27879
11244 16383
1565 8472
8954 10212
155 8368
22736 24828
11244 20532
15703 24228
2488 3887
12052 12740
3484 6127
880 16582
18573 25437
809 10953
12183 28219
22082 27587
18901 21312
1356 15832
6789 19132
4878 17166
1755 11261
3354 22236
10612 15442
113 9488
15368 22770
8010 10290
4009 25653
11041 27684
4200 21790
8959 16780
4321 13721
4790 24166
15508 18304
10888 24405
12711 13089
13889 23699
840 19842
15196 19566
18776 23994
7896 27570
11259 28228
6936 7849
14233 22087
5511 13171
11987 17614
1353 27539
9357 11128
20643 27523
1351 1902
7937 23372
1419 10466
4089 8150
11396 13437
13786 23395
4361 23143
16622 16695
10972 23020
9305 11507
8852 18425
2186 22205
18529 26106
735 9683
3401 14895
17304 18689
3728 26591
961 27003
7830 17846
8796 11590
14782 21939
749 26200
7066 8238
1109 2412
14809 27421
3660 12087
23726 25978
609 15773
25838 26874
10588 23749
4251 19813
973 6004
2447 14671
13649 13924
169 4624
6294 13032
24686 26753
23606 25871
11044 17318
2677 2682
8169 22499
11048 27719
6077 18409
11910 21387
10921 19362
291 8737
2667 8811
10767 12576
16609 24897
7523 26799
723 8079
8960 15251
1164 1843
11223 25448
10086 26643
6139 15892
3987 10674
4563 11164
9841 12200
12342 17842
18178 20069
19354 20714
11657 23581
7469 15713
1618 14531
4926 7203
8271 18368
19502 24563
19233 26798
1645 19257
11854 27942
17481 18823
13291 15723
271 17641
13832 14825
18466 18854
2247 5751
1538 9980
24513 28006
600 17259
764 4187
9558 24674
1767 20662
21582 25059
601 20227
1364 4006
24396 26169
6195 15749
7719 20759
11580 15744
11311 21154
9772 14835
100 25306
16024 19148
10720 21991
1568 16939
2672 22178
11250 26709
24451 27664
828 6161
4999 6470
2294 8140
8268 18127
1477 18891
3528 10967
4571 8787
12228 22481
1414 3639
9575 21618
7205 8818
17696 22109
12690 13970
5197 21462
12652 13081
4626 21123
12218 20667
7835 22322
18850 23415
9704 23216
2745 27982
12145 17513
14088 19409
12808 13095
5691 17057
18850 27664
8676 25857
387 18985
5893 6972
12792 21123
17504 28203
18818 25870
2435 24608
14033 27418
15330 21798
826 4691
3828 25343
4102 14297
428 24004
6486 8096
8057 12369
3162 24783
768 24374
1475 24602
6879 7002
9809 26517
15267 27932
7091 8749
8596 17992
4537 25276
17073 18297
1605 13702
12305 22460
14421 15001
3161 17818
5878 16642
12449 15128
10036 26092
14516 23605
13923 17568
4181 25803
22546 22553
2423 22306
3006 19764
22531 22901
2061 3414
18510 19509
11204 25036
15064 26069
2845 14535
2527 7804
3890 26591
847 25065
21565 21732
18051 21798
11801 12576
2396 2409
1672 7158
3762 8264
21296 25345
18751 25740
8858 19539
17521 23667
11838 24616
13157 20069
8167 20956
8924 17789
4237 9795
18443 23992
6783 22058
12198 25029
2636 23734
1453 2679
14179 24804
1117 26405
9933 15317
16748 18945
22688 23415
17634 27258
2494 22047
4705 24799
97 16385
16754 20275
23553 23655
14270 16976
7835 16334
14876 16180
9782 17819
7083 17728
1851 9734
12569 20620
20937 25306
23422 27932
15744 21813
11383 16413
7042 22240
711 11242
5883 12026
23082 24595
2655 11789
11036 16619
8048 26706
20931 26010
16900 24675
18200 24325
5712 5836
20008 23254
7590 16584
10146 16905
1943 2637
14592 17636
13155 24005
22804 23897
259 25220
1361 17097
5393 18317
18735 23868
21703 23868
1686 3878
1412 1902
22399 26586
1091 18712
12561 20832
3741 6207
1188 8488
10767 17535
11197 13772
554 23633
6146 25628
9962 26860
19484 19552
25175 26115
6857 9717
3389 25452
12728 20600
1613 28085
7287 15660
16026 26908
15453 24162
26414 28147
14326 22052
6528 25174
10026 16640
12374 19940
10767 14646
8094 13535
1421 16772
1884 16905
11238 11746
15578 20666
21990 26078
12225 28194
18630 24227
10582 20646
1852 15271
7092 24750
3890 5731
11348 16959
8746 17543
7025 22530
8414 10844
3778 27196
14660 23034
19443 19938
22202 25012
8261 26670
15659 22334
12561 17939
3680 22721
8150 18522
12659 18275
22275 23338
15633 27865
9388 27472
15189 25250
6737 7830
1866 24083
3389 14464
8424 23396
259 9720
4262 18902
17150 18988
9857 18776
6177 7793
3093 11463
15808 23553
1926 16945
7497 8772
6959 10962
1415 19999
3049 23178
1284 16929
10760 22524
4942 5289
7323 25901
9572 18567
6083 21057
5550 8642
5652 20605
12576 20036
6738 10643
8114 24814
7206 23061
2344 27101
20314 27706
16357 28196
2297 6162
5864 9791
9526 24928
2288 24867
13736 22159
11483 21889
19817 25146
2667 19852
1405 15995
4112 19757
6601 9847
1349 14017
423 1101
15604 19004
14548 18795
19115 27966
15161 17108
14096 26231
15435 26644
16131 23564
9333 15268
10686 19073
14182 19289
14 19287
3581 20449
2769 14224
788 7610
621 15257
5395 22606
2270 9549
7141 12752
3059 27453
2832 7950
2863 23147
842 18154
18517 26053
7972 14860
7647 12020
22690 25630
6173 14065
21860 27298
12573 16080
12371 28106
8225 8558
10837 21296
10160 11747
9388 23879
2271 22445
202 16439
13185 18001
8713 24023
2985 23978
8223 26495
9562 13374
3716 16766
18704 23764
25006 28267
3 15401
1945 21672
19723 26126
1112 24384
21070 21600
18333 18641
4731 12207
7018 24934
16954 20729
18688 19053
12383 25116
4962 17406
18687 25780
11113 15365
2538 19546
5759 16661
10757 23168
3742 25559
5665 18972
16784 26863
8939 19721
9496 15791
10383 24994
3283 20322
811 20537
14340 27478
2572 19691
3377 11546
3059 5585
6680 9306
6116 18316
7648 25997
11692 13282
6130 20437
11796 11987
2927 4708
8601 16702
353 27535
15919 22091
9590 22425
22581 26503
16309 21206
4999 13687
8858 15857
9815 26683
15540 17632
3806 6363
2012 25956
5984 17657
6457 16883
2628 26075
7746 18787
17908 26055
8437 16865
6363 22201
10598 26851
635 20480
4595 14672
3947 17115
960 15561
4436 7950
3128 10263
2104 10248
3680 23831
6926 18823
5473 18468
11091 22226
2093 18264
3753 6495
8120 17966
17193 20005
236 18540
16228 25316
23916 27300
11200 16487
15569 21980
7575 19110
2602 24539
12864 17593
8599 16118
16555 18972
11873 17060
5006 12937
7078 22909
7214 22785
2557 18658
17563 25449
11562 27601
18520 26078
8277 18074
5236 18960
20728 20842
9256 22316
14399 18593
11997 22192
14586 25748
9572 23858
16910 22504
6116 21326
1240 14025
14758 16510
7439 12737
1948 17013
13621 15242
2744 27875
2050 25397
17923 26886
23272 25490
16842 27702
4532 4702
19239 27105
16184 17730
16238 27657
4708 16373
12711 20950
2602 20816
1582 7185
19567 26493
8985 18704
6750 27757
189 6891
12737 18419
9488 17394
11481 18529
11399 27195
12800 23140
8405 28155
9229 15911
319 21171
12881 26958
7873 9683
19680 21130
6573 13787
24591 27976
20254 21687
5734 11877
11460 17779
9918 20361
8730 27138
13223 20953
18784 18952
13926 14520
13095 21258
13091 18626
5336 10462
6898 8269
13091 17965
2102 5890
19857 27758
2273 9438
9959 10765
17120 22068
16047 19287
3354 28085
15022 21633
21890 23209
21119 24443
3802 8278
18425 27013
3987 25206
9833 9962
6871 26505
18065 22469
1725 28186
3406 23811
5676 24905
3903 8048
77 3068
976 23437
8806 22415
21268 23390
4043 6233
5528 9871
10086 27180
1569 17657
17952 26379
14555 18857
894 6253
2724 26107
2764 5387
11875 21811
14672 27211
5832 14049
24444 27788
12349 28176
7124 27821
2445 5877
2170 15705
1060 20583
3186 12244
2592 11905
12275 23973
3870 7581
2940 26676
11579 19817
15749 22538
7118 16245
12397 25626
3 3421
18267 22689
5832 17642
18793 23803
1440 9220
5068 25451
881 22026
12056 28156
5333 25168
4336 19792
6928 16547
16766 23786
13736 16734
7935 10885
1171 22787
16349 17856
7587 16512
10961 18027
9953 21802
19808 26457
9020 27608
4769 27960
8733 22690
7855 22199
6273 18072
1578 8734
11945 28014
24847 25468
7915 14145
419 21794
2284 20053
2724 27324
20211 23073
3146 20873
4671 24551
8705 17479
985 10615
12667 17983
1860 6408
11747 12402
8384 16308
12770 16052
11262 14257
20601 24979
11880 27527
10175 11470
9219 12361
3531 8964
8785 13270
22042 23593
13542 28014
3598 17407
6239 10974
7552 11071
947 15500
7747 9367
5519 14170
12437 13513
11751 22112
213 21147
4611 26318
15365 24472
4178 23942
5310 24053
3622 9226
16325 18910
20953 26283
7283 14464
1851 4456
19677 22227
9874 25559
17917 26598
23832 24081
507 15276
4581 6421
23365 26341
283 16274
14911 24937
2170 17819
8344 16781
4275 16688
8959 10147
6517 8511
21436 25882
2322 16289
6529 27485
11281 14710
24374 25748
7698 11846
4468 17509
5568 23457
4009 8028
2470 25140
9127 19089
11261 22376
67 22149
5155 16368
10175 22728
20893 24799
4866 22184
7371 18050
4469 26168
8785 20245
8921 11457
9590 24900
4528 24122
23271 26932
2293 8451
20038 27110
9582 16597
4929 7213
4730 20137
5691 20831
13244 25438
3622 27296
24904 27879
1744 22984
14623 20235
2830 4702
19579 26261
4086 25121
8972 26657
5531 19566
6971 18996
218 21137
1 20208
19829 21690
478 1218
341 19732
26552 26709
5327 27821
401 8402
9367 25433
1892 3140
4360 18641
370 5058
13424 23762
6357 20641
21846 27220
12020 19275
11501 11997
6257 16296
5522 27883
4102 4945
16584 19614
11562 14407
6771 7152
19670 24082
5295 16201
2324 8532
7890 25240
2701 24967
5162 22954
3689 24011
10090 18044
4440 21025
13271 14270
2288 26559
7830 12855
8801 11562
15377 22020
9268 12968
7523 27108
13772 20541
2544 17228
12452 27013
2494 14469
21746 22825
4591 16953
4107 13595
5084 25453
3712 19598
12956 20032
4689 23904
7935 27025
7471 27243
11630 24869
4573 18472
1933 25555
7685 8493
2283 11030
3634 9536
12653 21759
8605 27298
12357 14452
7623 20490
957 16997
6560 7406
6771 11113
400 14111
12260 22860
828 24280
18321 26584
8426 12623
14050 20348
1556 26644
16152 25656
5989 13018
4646 13658
5433 21421
3634 23593
9748 14914
13299 26795
7523 22379
8920 23672
1936 28263
6124 7629
5339 15517
10393 19723
11268 22787
4408 17525
4260 20624
4767 24883
13557 21266
24758 26097
11647 16478
13097 23653
7269 22196
11484 27021
10792 15015
14440 25381
2441 11756
6340 7443
12229 19581
15568 26718
4179 19836
1561 10745
4164 7650
18139 22416
4581 16757
10662 24360
8536 21379
8970 21150
7791 25302
18115 27503
4893 20045
24491 25360
18633 25623
1966 16314
22416 26280
3726 17803
3734 25952
4087 7084
7889 12723
11658 19529
6300 24288
564 23243
4190 18533
14901 22718
11653 18900
8237 10366
2925 7283
5473 20782
10435 25433
8057 27913
3669 6871
11594 16224
6931 17407
9084 9683
24467 25713
1483 5348
9590 27221
17604 28189
468 6809
10972 16850
14862 14957
2888 19186
79 1887
11168 15512
16289 22734
9215 17630
21835 24781
25518 26017
15477 22040
8234 26854
4072 9004
2447 25230
19126 24029
24384 25793
7023 11439
4024 7997
1349 19143
8152 19565
3545 24275
6928 17649
14229 27136
15063 23513
14396 26958
1133 21915
10535 15100
13744 14997
851 15705
7029 12601
14380 20162
11535 25894
9401 25041
976 8923
10080 27447
13799 23932
340 25274
11905 28035
5237 23619
2889 13576
10016 10402
10595 21133
12139 12234
3167 9959
10214 11289
10876 17963
7896 13041
15730 19089
1273 4717
8318 14119
1968 2832
4226 23253
18331 18424
9812 17067
3338 10320
5782 26526
15329 22604
4039 22546
7053 22045
10678 15032
18738 21010
867 18206
16328 27695
804 16353
3057 6361
3406 10277
12146 15549
15827 17696
551 26907
4990 25578
14033 25039
24442 27912
14098 24990
16500 26538
1192 24909
5569 9111
18078 18465
4763 25090
12874 19867
3265 22814
7205 13437
16163 25109
5893 14723
3812 21408
581 19154
236 27800
2478 28111
2443 10464
4250 22729
8352 18541
17237 27772
12302 17598
5984 9905
1291 3415
13514 18335
17074 19801
11989 18669
7323 14390
7804 18589
10372 21815
16922 23799
3944 17214
24682 25350
155 6001
18920 27612
4974 28055
197 27886
3987 26235
2208 23318
129 20943
3063 12881
11444 12399
7257 27224
10200 23844
15906 24279
4711 27652
92 4640
5802 12945
13487 17557
14701 20664
7073 20871
14515 16314
19562 23597
2093 19156
6914 10652
9511 24182
12927 14954
3745 23265
14590 17312
16293 20234
1201 12452
2697 4134
13192 20146
626 1138
3587 21387
4827 27989
1548 24861
18550 24061
11535 13756
10050 18581
21291 25839
2882 17838
4055 9962
1858 6967
2927 8737
4949 14260
7944 9406
11416 27964
7111 15426
4624 16113
11298 12942
12410 16700
7846 15286
3882 9765
1052 23274
13428 14778
2913 7609
10805 17527
11546 15660
3154 10391
3296 11484
20044 24952
16124 19979
20630 23892
18985 23392
1925 9457
9989 25160
7264 17201
302 4194
14959 19813
24355 27129
17416 17429
12318 16428
9583 24575
24425 26061
8539 14662
21886 24104
17587 19425
2724 15046
5514 21311
1777 19409
1720 15559
14402 14728
3253 15209
989 7986
155 20757
6514 7252
2758 6089
10292 13142
17167 24425
22308 23634
2596 11311
11971 27800
16762 20893
3564 9793
5091 17590
957 11698
4802 12565
1936 3997
16324 18593
1742 9923
8168 24280
1254 16887
6158 21955
1685 26292
1043 8737
5815 19817
6622 8469
8734 13712
14456 17443
4221 18689
10242 27788
7695 17812
5747 25008
6097 14230
4552 20640
15108 28156
24065 27004
979 14539
17550 23827
2999 9663
22020 28013
25443 26265
6746 10245
8408 10492
374 14342
7074 16940
10838 26527
15964 20611
14319 22779
2232 26308
14604 21914
14777 19640
8733 27579
953 1018
4382 10767
9601 19170
17592 18471
2348 27654
16301 17114
2015 9086
12716 24334
26620 27508
16154 25909
13113 18097
1026 12139
4993 25910
1496 24566
1509 19068
4626 27612
10169 24569
16322 16369
17678 20789
18230 24760
770 18463
10462 16299
1 26065
70 23659
10930 21119
22699 26152
11171 24474
3568 13145
20069 23663
21671 22027
4037 26119
14546 14835
1954 9757
5569 24755
4122 27489
7808 21929
2243 15472
11082 26549
12565 16941
14536 18457
9523 13932
427 26765
3528 4933
15610 18824
14606 15508
15133 27279
3455 24706
5075 10747
6707 16216
11948 22379
2878 15349
23152 24564
11350 11657
13225 13580
4095 24823
18300 23016
3824 25629
9378 24057
1834 27200
4581 24859
4857 16940
4425 15108
18249 23978
5071 25978
6019 14291
214 19670
21431 24384
1714 27136
26543 26963
13036 16900
2518 3892
19244 21262
365 2157
18706 20713
4693 27387
4649 19514
16017 26840
477 25826
21767 27084
6968 7625
5879 22226
1008 21446
1229 25488
2637 5816
19374 26169
2104 24586
3728 11562
2943 16439
8454 21083
14989 28176
9917 18438
14555 18257
2261 17714
2628 16814
364 411
13597 27200
2412 9678
3625 14778
2673 23332
12948 27300
3371 21824
10239 22356
3278 21831
5296 25163
23754 24461
481 22688
4902 24320
11875 27080
12660 25699
9667 22987
11214 21970
5159 15480
10834 24347
368 4671
15146 17273
10419 11443
11880 16289
10303 24138
8451 14133
14694 28143
3609 17930
25395 27147
8592 15251
16955 27055
2311 27229
79 1592
2954 28177
14824 25866
12654 24823
13885 27810
4142 4165
3265 4287
15981 27442
1991 26976
4077 23678
3625 3895
15713 20558
11033 25677
9479 21744
10247 20545
15467 21527
16957 25254
17687 20065
14249 21639
1023 16094
22423 24127
828 22771
881 8775
7929 14743
7400 10260
1398 15156
20726 24830
6926 16121
8140 14417
9852 20702
4831 6968
14851 17713
18927 24989
2721 23251
14753 24279
19780 21409
17873 27413
12391 14777
24513 25042
26670 28163
4791 4825
8579 16184
16478 25575
13649 24915
6804 15228
2882 22048
15808 23929
3719 27101
14379 17980
11119 28096
13298 21798
19068 24818
8333 28115
4571 25563
19995 20635
14551 20939
3296 11148
18659 21293
7067 7413
1713 22787
898 4300
12386 19948
17768 27818
6273 25498
2539 24413
10672 17507
7139 11946
13414 21557
8155 12483
46 10591
1640 27778
14342 14783
1075 9847
23312 23427
5441 13875
7439 8478
15693 22948
11115 16596
3994 11295
18259 21790
15429 27746
23663 25110
575 22581
5208 9563
2922 25567
8502 9369
7189 25052
10483 14103
12392 20545
10767 19143
21154 21564
23300 26331
7482 20741
17938 27867
3108 19943
12495 27821
1993 11260
1421 12244
4293 14758
22857 26150
11430 23631
21199 23601
1535 18908
23953 25791
2325 21746
10298 24005
312 4823
8003 26786
9614 17787
8826 16442
12451 13455
6935 22334
13819 15610
2029 12785
23214 24062
18027 18559
966 27274
3188 5719
5539 9038
14443 22954
5007 5584
8922 20487
8168 28037
2212 11244
17025 20992
6885 11696
4188 27970
1688 3643
5378 26320
9662 16640
10047 23449
3510 24789
13468 22716
7523 25294
16582 17489
137 14883
669 21962
10154 22321
505 20384
6178 20195
823 6719
9371 14561
5414 28166
8852 14155
22857 25748
19730 24848
8454 14520
5520 18026
9084 25658
7379 21680
2701 26516
1415 6894
8317 25868
13152 22605
4300 4895
18133 28032
11157 17384
10517 14564
10807 17504
7582 22912
3537 10701
7035 8982
4477 26601
5655 22227
2272 14080
3641 28147
16304 24023
2003 7071
7988 24040
7645 12762
13954 21491
11954 26015
12515 24132
2120 25918
13367 17641
2702 9661
7417 10023
7185 18787
9138 24869
5899 15032
17691 27642
1343 6239
11431 22404
16460 19480
13036 19876
10578 16762
8958 13593
20038 23521
3734 6806
8821 28113
14555 28242
12244 14564
10026 11834
14281 15744
10799 11650
808 16422
8851 11529
3269 3903
867 9601
16001 22338
2908 27308
1482 5226
4644 28021
3989 9942
4822 25468
4249 19164
15721 21766
14024 14442
18413 22988
11657 22665
1699 14332
9443 24127
14571 22172
15734 18760
6324 11484
8274 25035
12629 27899
867 18591
7365 8114
12049 14306
10242 12604
12069 12241
3273 21651
18133 27373
12163 17407
13710 18816
1030 4065
24902 27966
577 6972
7330 16473
10607 25415
867 9123
2596 18058
781 4203
7320 13779
1126 26517
7461 8108
6533 10496
4581 6536
461 14555
19154 25453
11729 27257
16991 23370
7595 23932
20522 25950
10063 22874
19067 20592
6876 10096
2533 26721
6743 19267
21831 23958
9234 24954
10579 18554
2849 18526
366 12970
2547 4009
22835 24783
15832 23764
14789 20610
11709 23932
722 13121
11952 19846
20258 20860
1785 21225
5659 20210
8349 18728
14830 23674
545 13190
9575 27909
2518 24057
3873 24104
12765 22639
17297 25743
16488 20557
18485 26676
4818 23644
5571 12077
1197 1760
5540 15619
18259 24276
7498 17963
6426 16192
10743 27873
14396 20081
1662 16457
3101 9617
18781 26062
1297 10692
4295 5906
689 12391
2832 21438
4979 25276
23119 23935
6615 19845
711 4489
1188 19857
546 27373
16325 19444
14477 27451
1605 26548
13281 18415
19601 20092
22953 25555
1802 25708
6439 25306
19496 26582
117 4222
6493 22200
132 18995
5864 26998
1027 3947
4287 22548
17833 21330
14977 19445
10990 24061
16984 27086
11517 26583
14082 19972
194 5150
13202 25977
16748 18144
9038 9097
2568 24543
26528 28164
9323 18126
5395 24899
23267 24763
7289 20686
6956 9497
14170 23783
8754 17171
6182 13835
473 3649
9239 17457
7105 27298
3084 21205
10645 25957
16971 21049
4442 11627
19161 19190
2803 22965
14668 21589
16175 21798
13624 28109
3444 15673
4774 19314
27002 28193
4849 19266
15377 18154
3358 8730
15251 21935
6350 19565
340 21893
1015 12444
3937 11322
9323 24104
9260 28277
17253 26444
4720 15659
229 7538
9268 16564
4693 17550
4273 24551
3437 9833
1543 24390
5389 11495
1561 7213
21113 27423
2708 11281
12598 14951
5996 22161
16770 23441
5412 23638
11034 28117
1272 24346
437 9938
14835 14953
88 13764
7871 12127
4089 27796
7483 9206
7333 15036
2037 10459
16324 24095
15367 27495
3444 7809
9263 23106
4302 8410
622 12356
10966 21474
1343 5917
23026 23832
14625 24676
24023 26044
9314 27651
4850 18810
4493 12164
21493 25414
4440 7741
448 11184
2248 20935
1657 23736
10959 24598
1978 16905
3944 17165
4927 23119
2528 22541
8291 13111
12229 16599
3759 20741
14797 19404
2606 25993
6903 8578
17220 27569
14082 17730
1867 16191
14491 16887
7897 16428
3810 7205
4475 16915
16181 23051
4633 27926
908 25306
2368 20053
7431 26846
867 3010
2467 16634
9206 25032
11124 13652
13697 14232
8924 20712
1950 21849
18472 27847
10227 22747
14959 16900
12491 16300
4097 4454
6043 22464
5371 22557
7443 25131
649 4399
17319 18370
4339 15723
16893 18653
7869 26643
3307 11989
353 18378
15251 18887
22607 27221
12551 14710
10495 22711
2005 14390
9225 23991
8750 19023
4167 7304
8122 24843
17757 18176
17097 23016
14399 18421
11417 16321
2943 4819
2058 20448
13834 23868
16559 25280
3695 25839
14607 16208
17847 21438
12388 26596
2989 28078
13328 28238
825 23525
18259 28262
9253 27382
11859 23983
406 15429
11975 18924
12551 13564
22763 22947
8789 11322
7080 22424
8775 12228
13731 23346
13373 21387
9733 21460
19847 20086
5327 27569
16142 18461
7015 22663
6129 14260
14464 27087
15996 25657
340 24069
18156 23430
2712 27822
18533 22040
5986 25204
7199 21446
5448 17269
21257 22436
2379 3686
9038 24641
11657 18228
8558 13674
4991 9607
10594 15169
13454 24058
10449 24069
13664 15094
3877 8643
14082 25653
9837 21412
24181 27579
2895 25468
6103 9923
13991 26797
8742 18057
16547 17649
1879 20990
1797 2270
1707 23481
7982 17273
3264 20151
14867 17165
15087 28176
5543 25039
4639 15330
10619 15344
763 8765
867 2878
4324 21246
7155 22359
7651 10743
12437 26063
20042 28067
18039 20227
5691 11508
7888 24814
6798 25709
5326 26808
10393 23679
5956 10517
10846 17304
5367 15445
11948 17951
11491 19080
5 25982
7065 20583
1607 12239
406 15376
2905 23803
6738 21840
12501 19573
9038 16385
18308 23060
21000 24659
18132 25454
6227 12709
4708 9337
9305 21084
14971 18369
1018 1254
9049 15968
8940 22254
9937 25679
15089 18151
20936 26087
7055 21821
288 3708
1870 9252
2344 21753
16760 25254
10208 16742
3188 17787
6514 22763
17636 22642
10042 23848
825 9640
11486 24830
22871 23608
7740 26478
6108 14980
20639 22269
1140 7867
7772 15565
406 7954
334 13038
9676 12006
11369 14239
21377 23665
14091 19434
3300 10830
17636 26892
19368 24466
17149 23267
13596 20835
6672 18533
1646 4278
1755 21260
6615 9552
237 20467
3983 14140
4067 5775
9959 21407
18891 21086
18160 20300
12397 13625
3463 24856
4218 4319
9542 10000
19130 21484
12900 14969
15536 19741
1635 23015
10888 18985
1819 22890
17503 24727
9047 10551
6489 14907
13312 21735
11946 19977
20258 27117
13332 24738
17893 20788
13745 13864
11825 23248
23978 24439
7209 8981
341 8781
11492 13287
4770 17307
7968 16047
8478 18425
19832 26062
11369 23550
17169 21955
29 10740
9188 25827
2872 16261
4943 24797
24461 25959
12792 14920
10479 25584
5397 9464
8818 10652
918 13173
6239 20594
12250 25439
14053 19451
14911 20417
7282 28039
6941 20585
9847 24028
18517 28055
2102 2303
9599 16847
1826 16882
1304 21353
23822 24019
6264 21148
3620 25268
4507 14777
2575 20192
2475 27181
11513 17349
12110 21929
11181 17131
12082 15899
3986 12530
15467 21635
1056 5082
3235 19330
15435 25910
3872 22925
1500 9959
12754 18382
24843 25494
8676 11698
10971 23107
2607 14489
2104 10444
864 8100
9351 11550
1447 17357
3411 27475
22469 24082
3383 24485
11975 24374
15128 17416
2891 12954
10438 23955
10935 23521
21244 27042
6474 16112
5978 24281
2130 24195
7695 17955
4778 8964
4350 6876
6842 25839
8011 8013
18368 25956
10438 17142
1126 2751
2701 9572
1590 22645
3729 25285
12479 17717
4237 25810
22547 23733
3652 14809
6516 11286
10309 25634
11692 13564
8434 21585
19835 24199
2433 9992
6573 26452
3483 23588
8106 14244
569 22226
17838 21405
491 28074
5339 9502
8523 11922
18400 23074
3154 10371
983 18641
10424 13600
27675 28266
13772 19829
21511 24216
11046 14907
5473 13901
1349 13162
8081 20857
8680 23963
16175 16941
3019 3793
5198 20799
7362 19285
22340 24676
9761 10961
331 27468
4665 17992
18386 25414
9226 14541
7386 25962
14976 24069
13485 17883
5288 6876
18619 21275
14766 25523
10672 21373
11535 21688
13220 20031
5150 17787
5266 27646
7671 18640
2494 19948
23541 24864
2373 19937
8128 20500
22152 24326
12982 14974
5263 19764
651 3007
5681 10826
4637 24244
1902 17562
6198 25164
19714 25120
1147 25745
8393 23231
858 14136
2929 16642
16766 22677
4081 13373
15193 22769
2351 17314
4070 18745
18166 24095
16276 16977
14433 20099
964 21955
630 722
3126 24097
2470 6020
12426 24241
1732 7207
16323 17427
19237 20002
11172 22704
9710 10317
6177 25443
6458 10128
6001 24326
7950 20144
12016 20370
11026 21831
381 27462
9460 20876
7531 10525
9129 24624
12321 21456
1562 21881
14303 19801
5587 11252
5418 15343
10767 28014
10321 28042
16210 24656
16475 19095
19827 22716
2259 25106
1644 3211
5984 11444
1457 16354
16263 16342
7497 12506
3753 6348
14430 15762
12236 20572
7916 13257
6322 11405
10244 19941
1141 23737
10924 14922
7324 22683
20480 25468
5060 16595
3797 27412
19016 25972
20295 22404
15303 21980
11501 23679
6517 11030
7621 22331
774 1449
10279 23877
9441 16046
396 21159
18352 24714
9300 17757
26970 27140
14010 17963
5117 26880
5547 14272
3901 22112
8603 12796
8246 13681
3661 23036
6215 20406
1056 5031
16094 19171
9371 16000
8772 25998
3885 15257
783 20612
880 12978
3864 20657
21011 28044
4326 15721
569 15268
4060 16330
8592 18371
851 4623
10242 21945
7429 25432
24127 26030
4770 14012
9699 23454
25330 26953
13351 22229
15169 16963
16529 17838
248 7166
3194 26536
13186 22254
5204 10560
24049 24823
5263 17193
10401 15041
5435 21631
3287 22895
11559 16791
11773 13776
13887 20355
8188 18371
9428 19059
19073 22945
22770 26983
8850 26074
7022 18160
17698 26099
1243 4561
22829 25294
18902 20605
5844 9537
6309 13700
18944 21823
22440 25666
1925 17024
13744 14464
2617 3618
22416 28019
8290 19817
25121 26414
14954 18046
19857 27966
12413 16987
6981 15221
18911 23525
20276 26184
7634 26404
17787 22581
424 3378
2964 21326
15349 22949
1080 3585
11657 27499
9252 25891
7243 17880
6103 24888
13249 13501
14439 21413
503 3126
2080 11172
14907 17647
3154 12506
5416 15396
5047 22301
17831 25137
16942 22744
16350 20431
11196 11237
7758 8243
1565 17634
1371 3826
4309 16203
1176 3528
8438 27923
859 17203
15203 18875
19154 21194
245 8923
8148 20212
9905 23890
16588 23932
5190 21249
2351 12429
17753 24669
3828 16141
17776 20159
9937 24381
8052 14881
11428 15916
3780 19764
4548 5327
12109 12651
23115 23675
9468 27438
17316 19151
8251 23881
5787 10839
12881 16276
5530 11605
4442 9572
7642 22781
12537 22835
898 1188
9720 21446
5336 22575
5300 20210
21476 23288
17817 23162
10985 24166
6325 8169
1358 3762
684 10471
186 4721
1884 17761
12475 18343
7809 18259
10280 20427
5160 12291
6832 9390
16879 18872
10966 17782
13355 23983
12284 17627
7760 14626
5975 17226
3741 11330
22278 26639
12550 23655
9635 21473
13032 14402
3900 6760
15090 20140
10146 23764
9511 24606
735 10323
15883 20661
10707 22346
18059 23801
7643 17333
3786 26744
4593 20995
1551 20525
7213 11643
441 14419
2090 5006
6139 22550
4971 7163
8437 26265
581 17938
19123 23274
10784 15251
4531 7290
6546 14683
3944 13208
11385 28267
9652 27664
2339 19061
15694 25018
13846 20222
5275 22869
5412 9730
644 13728
9466 25329
22399 24650
20677 27790
43 9030
9460 19409
8413 22892
9737 18211
11141 20517
10068 16322
3156 18870
9928 12710
8169 9228
15883 21854
19342 25956
14689 16232
3819 15867
558 6507
20504 26753
2740 12052
2305 2709
1836 24575
9082 26085
22149 25090
1577 3554
6753 20392
21074 25329
8554 10638
12033 13687
20541 22021
9465 16901
9507 18976
7285 13171
6727 14902
4121 18643
7005 8958
18784 24575
4237 21024
17580 28068
15695 27746
3587 3819
264 20467
4693 9748
23759 25708
3203 25930
1878 22509
14110 19434
2022 14817
1361 14954
15926 20055
2487 8763
3720 7832
1800 2671
20242 27293
1860 20904
15043 21984
3169 11515
8946 24746
11880 24608
5325 19169
6832 14961
12388 19655
10346 18539
12376 20601
15470 23929
2273 20005
10917 22229
2414 15216
1920 3967
19567 22319
2396 7502
1645 24856
11975 15376
23434 24617
3270 3419
8432 9428
12786 22630
9185 17917
9252 18034
175 17787
16999 22242
11994 12875
1208 14194
4717 16108
3823 4208
3272 12762
4173 8056
874 3371
19657 26549
4498 27665
4849 18876
1103 9173
2141 2417
8757 18777
4282 26197
24241 26896
22008 27428
22043 26401
137 25533
13534 27375
1755 8309
10699 12394
14778 14895
314 12608
1034 23937
18192 19567
14178 15911
7009 12468
19140 21682
12677 18021
7980 24897
4597 4749
9411 16467
16351 25008
17839 19156
9800 12090
15634 25329
10200 27706
20309 22834
2654 22031
8462 21333
15439 15717
3601 7545
4717 20172
16149 26137
12860 16604
2410 13798
10903 22769
1687 16367
17906 25710
12749 16253
9094 16593
21671 24191
15682 25894
17429 19982
6657 7166
16686 23806
396 27235
7915 8183
5007 25986
473 24392
850 21944
5184 25875
10286 22605
2247 24719
24636 27420
737 27557
21967 24280
17779 26559
15866 18323
8872 15695
18678 26246
15249 17456
2235 21873
11218 23548
5053 16957
14473 27058
592 16094
175 25306
7948 12363
22787 25271
6156 15210
22592 27002
1 11290
14912 24685
23267 25637
20956 22422
19061 20583
21323 22476
9605 28055
11292 20611
2024 19869
10326 27544
683 17049
12006 15623
12676 25580
11857 25956
2002 17965
9957 20689
242 4666
7166 7350
4573 21213
2402 21431
5465 14530
10015 20067
2583 4551
3090 14436
12762 18078
17630 27314
5414 25504
5217 15066
16545 25206
7732 18673
25636 25908
10839 19425
13385 21811
16794 17799
2748 4468
14666 23106
9471 24640
8463 16362
1748 22020
24127 25083
1779 17757
22135 26974
11987 22983
3748 20002
3400 26127
18057 25517
2388 5913
15586 23090
1013 6591
10872 26547
13970 24904
681 15442
20170 23864
11041 21673
4782 8706
19788 27857
8478 10688
16901 25169
14325 18871
3378 7956
2418 2964
2830 24412
3424 26179
7635 25110
1197 1549
9747 23897
1600 4524
13285 15956
7614 12236
22659 22917
9867 10333
6879 27324
3074 11241
11903 16912
972 6362
3311 5344
1526 10154
11239 16589
23336 27126
25712 26874
11281 27129
12137 14957
6940 21929
11641 13973
16181 23845
1591 19309
14167 18320
2518 11035
14339 16299
5764 24746
5064 17744
1925 2661
14208 27210
9465 12927
13679 16288
11595 26057
1878 11382
8818 10391
1343 10303
17198 17757
14884 16574
1140 1258
5725 18708
22348 23007
22871 26663
4579 11993
6297 18758
12646 14572
4700 25999
670 8775
1499 21455
47 18846
18939 19328
7205 23721
5927 11237
10674 21886
2754 23194
13114 14500
2764 11610
7999 15032
344 22654
10935 14807
5537 23846
3382 21389
8881 25634
5177 19979
842 21804
967 17193
9416 10209
656 13142
6806 13968
8806 18115
5473 7556
1672 22308
5728 12282
6832 15756
6183 24460
24229 24509
8258 11594
17020 17742
2373 20165
4971 20587
9397 21240
21266 23249
5062 16404
8441 23058
22451 23171
581 14355
5234 18457
2680 6962
7604 27234
12573 12735
1020 8903
16314 18493
11444 20355
19845 25221
12440 18775
13905 23915
270 26547
867 15584
6679 23012
14767 21962
3446 13416
6385 10152
15985 25949
4758 17710
3234 24923
1801 12948
3456 8704
949 8357
3198 27030
4062 4566
15907 24721
8733 18820
11128 26544
6408 10737
4515 11571
5333 24864
15548 16053
15846 21687
14759 25786
16457 20580
18283 24559
2452 26260
22875 25257
1311 7880
16986 27085
3734 19542
15900 22357
18449 18983
3514 8908
2088 9899
2028 21963
8310 14364
7176 13152
2484 26442
3742 8288
439 2531
327 18541
11674 12684
5296 9487
8872 9575
4033 27559
13760 22457
18823 20373
6165 27744
6337 16840
3605 27042
3434 5107
13381 27005
17961 25494
6961 23128
6646 16429
3850 12959
1067 7579
3950 11722
1449 15033
337 7595
4562 20162
4592 19386
3558 26382
20547 25433
11185 14101
10393 12956
1672 4535
19018 19560
3680 13655
16987 23643
7277 18063
8972 18374
13437 21984
8340 9246
9896 25505
22892 25116
12271 12480
2413 5179
17424 17734
7075 9553
7398 12051
9869 22851
11005 11128
6117 14654
6487 8835
3589 14037
18820 26160
6528 17760
3779 9228
4306 5930
22278 24586
7846 7959
4024 9821
75 16982
8553 14832
3449 16459
3313 9354
3902 18116
4323 24122
19658 25630
9710 13383
4218 24062
390 21668
4237 14228
7312 17298
7144 18315
9362 25058
6072 25443
10925 18421
4780 10207
18597 18885
13185 13649
8750 22363
9553 14302
14258 21199
6517 25831
7929 14675
9233 10342
9752 19078
3793 10723
2008 12342
3326 20579
10845 22722
456 11026
2112 23675
944 19584
1651 10874
12040 12096
737 10584
9569 24979
14371 22716
18287 18547
15244 26061
10929 24344
15201 26413
12411 21120
220 3154
406 8806
19400 23329
5267 19033
3329 7491
1761 24608
11551 11925
187 14411
9195 17869
9563 18533
1299 17378
3294 11340
16591 21631
16480 24616
11841 27643
8388 15283
9902 27087
1323 7498
2671 12333
4216 15543
8889 21815
9250 24830
6042 26133
3718 27194
19188 21685
1755 6517
1389 14648
14167 19576
8919 23781
15108 16296
10614 22686
12090 13295
15972 24691
595 2603
20067 26974
7091 22278
15550 26083
17730 21883
709 2396
15267 25154
9093 18700
1212 10643
943 8438
11592 22048
3047 23173
16767 19997
4942 24429
13832 18308
8075 24401
16624 19898
6013 24576
24453 27087
7731 11842
21102 21748
2714 10920
10923 12158
4282 25349
10923 18281
15301 16351
6355 12356
7608 15239
18302 24110
13081 17878
2027 18208
8510 9638
681 15619
22712 25031
7492 15467
11218 19525
2936 18633
2708 22779
495 14010
11281 15600
1425 28063
428 8910
1085 4825
18813 26816
9599 10328
72 28211
21159 23143
396 15809
11368 12228
5082 18565
6449 20387
15695 25197
18901 24492
9264 18192
11987 25464
5344 13973
18658 23086
1338 24290
4867 17901
16545 19874
13662 20242
1153 7674
3007 19147
1223 7488
20162 24160
15934 24217
3296 23653
1545 5458
20723 26902
5084 7021
5986 13203
9893 15529
19973 25497
14520 21113
4671 9774
11214 19132
12917 20511
5965 27014
19959 20707
923 24715
8923 20554
1650 7783
4967 15224
13282 21079
16909 18931
9189 24746
545 15285
8168 9323
6018 26868
8692 13225
16955 21407
18073 21207
21410 24216
21990 26613
287 4119
3640 21068
13534 28170
3665 6717
4580 25140
14407 24129
14445 22046
1048 23885
4408 27417
14703 15575
19068 20556
7523 19289
9446 18567
21300 25421
14974 22897
12565 17115
2126 11221
16879 26034
1197 26854
406 21887
10813 17274
17407 24148
1987 9690
24557 26986
5903 7366
15837 21944
3383 18745
3759 21716
664 21683
8478 18419
2236 26215
16679 27129
7665 10618
9505 27502
258 6955
5392 9419
21665 27044
1779 5455
5288 11078
481 20527
24122 26340
10767 21810
2769 16382
4325 25034
6265 23092
6239 13831
14008 24589
14133 18815
6746 9231
7196 17513
3972 15308
6948 21729
7944 28275
14513 23069
15190 24208
3648 22026
14092 19408
8761 25743
6798 27418
10280 23246
11473 23408
11262 13038
6865 20846
12063 26724
25405 26717
10189 27514
4954 26186
1399 22184
5292 22676
7079 8935
15440 18772
21462 27273
509 27085
8818 12555
16694 26753
1134 10121
1475 28147
10616 24659
8884 22581
18520 22553
7741 18668
5012 22157
15064 22678
10175 14920
1900 10535
4216 23411
6994 9651
2709 3452
10995 15714
3596 16934
13362 22546
9869 27016
12203 27105
8801 18553
18347 19271
15146 18956
18554 24025
320 473
16108 17483
7213 10954
5292 24789
10868 13716
5010 21366
22 4877
5449 16767
7169 13580
8090 16307
8265 10984
265 12853
25552 25723
12030 18985
11866 16984
3453 19683
15660 20526
9717 13935
18011 23345
17647 18918
2285 8833
2587 3644
14264 15547
15144 23377
12128 12614
13155 17762
4516 11290
973 4742
12109 22487
3522 8964
9205 17186
6830 14782
1962 21577
3337 27300
3960 12598
1830 24062
18280 20313
26848 28048
1181 21069
14342 16679
7487 19289
12941 21291
18458 26271
2714 18947
7800 11987
8060 19271
17636 18033
22055 25596
60 19157
16516 27557
1936 17742
4802 15887
1853 3240
5894 26517
9398 21275
9038 19747
12802 23034
17482 24904
8502 22654
4721 9621
3729 8751
179 4539
4085 14863
2259 6940
3783 23007
3625 23365
9314 24817
3122 21380
6931 10971
6051 23391
3424 3622
11916 27775
6841 24303
1757 11656
24539 26838
14476 19546
19712 27152
18002 22981
13894 22340
2715 16357
18055 19116
11774 25024
12228 25949
18874 21449
1651 19254
8218 18615
13373 18924
22561 25427
9341 16267
9225 9965
25638 26746
19200 21794
4857 27050
13999 23431
13480 21516
10303 20633
2087 12356
11352 22091
14662 18845
6374 11688
11193 13139
14227 20081
2503 18342
3637 5121
481 11009
20338 22521
3287 16299
10677 20137
2714 23269
14942 19773
19675 24213
17637 25034
20557 21790
2801 10647
17149 19153
2179 16587
7645 11612
12122 22982
23775 23811
2587 6190
6566 23743
14157 16188
7646 26976
22233 24862
1635 2250
1182 2303
3169 18787
4395 9270
16668 23602
17837 25525
9560 26077
4438 6809
4593 7763
8982 26963
1052 23521
2476 3922
12729 14555
793 9234
6275 8075
13362 22404
12155 16587
5989 16922
6936 21641
20162 24929
7343 19172
3257 20427
9165 26374
12561 17924
4721 23377
187 20322
1286 22265
4629 22837
10954 22193
26439 27168
2339 23193
25713 26869
12973 17063
14120 18690
14418 19871
13405 22283
3915 9012
19939 22477
12653 24302
5278 22558
24220 25095
4565 26273
12855 26743
10601 17497
6702 27896
3362 6846
3775 17149
10653 10724
5377 8177
399 24836
9716 20258
17318 17895
6842 22387
1979 12346
18522 24278
2815 11232
13142 21893
14763 26469
2958 13900
23644 25848
18182 24589
1817 18442
9105 19699
17061 18347
6749 22511
4302 20828
2559 13199
10630 16439
4695 20065
20309 23496
15304 17136
24906 27932
19531 19585
7458 23510
3531 15056
961 27140
2664 14099
7827 26737
9563 18679
9404 23265
16639 18053
8140 22450
425 10684
2807 17963
8843 15401
1448 21603
1604 17639
15832 17792
14145 25885
6360 17881
11712 23380
11588 19763
2505 8650
10815 23623
1314 11674
11631 13832
13116 20079
391 15684
17486 25154
6517 25876
3167 14658
13425 17211
6936 21835
18826 27488
3674 9281
1840 10225
15717 20683
16574 27297
5023 14676
2988 19526
9957 25368
9056 15085
5522 7975
1741 8298
3608 13072
11895 13965
4581 7987
2452 15667
3068 4818
20633 24294
8695 15734
5455 21391
21000 22531
12076 28203
9179 13649
2929 14464
16377 16925
2337 9708
19482 20053
14851 21211
957 4380
8356 12602
2986 24104
20420 24904
127 18044
18911 20758
12792 13756
10240 27161
12077 16276
12291 21026
14752 17250
653 17316
1466 13059
1318 17373
1589 15511
1133 17779
564 23392
3399 4546
22605 23459
9862 18369
7373 9616
10767 16083
8806 21149
197 27164
3050 7139
4811 16953
7313 7502
48 21730
16201 19892
694 25981
17593 27091
12486 23155
369 7166
165 2895
1106 15672
2666 10256
2185 8785
10937 26896
485 17742
1138 2214
10593 20378
5262 7527
6216 24069
285 9610
8855 21991
12028 13983
1767 4893
5486 16641
816 19796
15377 15531
10643 18550
7358 10088
17963 25433
14245 16984
10243 16121
8884 23366
12927 16905
19045 27393
4202 22287
11551 27821
12954 18769
13369 16131
17146 17653
20092 23399
6776 24379
17686 23657
200 19935
867 6203
7645 18392
17559 17992
1970 22885
7695 19857
3421 6220
973 4737
8488 12218
4178 11251
5802 21831
17118 17883
638 17560
17507 23162
922 3846
10421 20856
4244 6209
8456 25376
1056 26303
10242 21712
2169 8711
439 20068
12792 13291
2518 5989
6905 17028
9822 27041
17598 20166
471 25052
12796 25287
3871 4326
25272 27508
4764 18252
3411 11795
17149 23138
10990 23410
24908 27912
373 7237
9590 14541
23932 24122
3388 24200
14235 18911
14167 20109
1925 9376
12437 18267
2170 7698
8886 10751
8011 12548
650 27467
23911 25432
3466 12024
573 7285
20644 22329
14010 17902
12638 26114
11383 22721
4291 21097
8956 21730
309 16455
6951 7688
7934 15285
4850 18925
7411 8372
9390 17627
6639 10062
4274 14559
14304 25617
1140 8263
19264 20499
13344 26565
4475 15853
3467 9236
15920 27960
4646 15374
7047 10164
9542 17963
6334 14862
7533 18850
935 11660
15897 21511
3126 12180
10157 15188
1052 22496
3059 15540
6999 17742
6766 27054
2671 24991
4914 16367
16467 23894
11264 13218
24578 26691
6268 21665
640 23799
19248 24987
1116 10084
5731 5810
16463 25949
15316 17214
1223 21079
10830 17530
8724 24053
7747 25735
12369 26153
23674 23974
6493 10559
5485 13234
19343 27962
9051 20215
16239 19536
6540 23732
7820 19819
6531 24945
21409 21990
19086 19853
10487 17819
9588 14947
5366 22522
11528 20661
7891 14247
16328 16601
15074 21372
5866 18641
8209 14276
8454 18061
17489 24900
396 13984
1 22630
16373 28205
344 16383
72 11948
5262 8846
7003 9047
15829 27313
12056 14559
2412 12165
22210 23269
11867 20666
1625 10595
634 6940
7019 19874
12199 26617
21102 21730
4468 20129
3719 15822
5104 5802
18326 26834
1129 17309
7624 26507
5200 9956
554 24032
11641 12404
17823 22845
6507 11817
7985 24019
22905 23358
7839 15661
9260 14072
14804 24068
10825 22737
8265 11987
22052 27569
8936 26074
11859 24104
17303 22904
340 23838
2040 16094
15302 21737
9590 25309
6355 12205
17686 21809
24245 26347
20031 21084
1349 9842
12105 16984
2373 17934
7199 8801
18352 25504
1851 9731
20744 25344
15203 17675
11648 16987
4216 7633
25008 25167
1197 26894
3765 28166
2739 21302
11047 25321
4866 6594
8441 8647
4918 16581
15141 20953
7048 7953
9327 21511
13718 24294
5881 22227
1756 7229
24069 25802
12708 22302
11362 23898
6860 18808
9662 26731
18897 20083
18463 19735
3781 10693
7289 20608
13338 24665
1650 11467
6269 15837
4974 11828
4965 11289
10639 27751
3446 25426
5351 20197
3955 16744
8172 24921
8396 11233
26690 28014
14753 22184
6414 13544
770 8858
13444 27507
6881 16063
13992 18171
7426 21353
8785 24971
7205 15376
4742 10449
2619 8388
2093 13329
6887 20291
13564 14672
5864 11657
25542 27611
4737 27652
1482 18797
11128 27227
12696 19899
9252 14920
7647 15426
10050 18370
9762 12389
2759 17552
11692 15182
293 26994
16946 22644
7436 27843
4633 9399
16377 19562
7312 15722
6103 26807
18148 18779
6888 19565
15583 21777
1677 16582
11809 16955
74 4971
2336 21797
3378 11993
3734 18029
5680 24752
13949 21080
16150 16545
11893 21798
21372 23522
2052 19443
5217 17479
16083 18626
3467 24068
9687 25116
1629 8733
17874 25197
14464 15163
4295 18024
861 19085
1553 1812
4218 5336
10320 23799
11830 26552
25272 25410
24613 27239
8413 17094
10815 13512
17200 18646
12908 27042
22787 27238
514 25034
8034 23518
8160 23647
1324 19048
10935 26313
4422 12889
674 15709
2797 16222
10097 19135
126 7584
8717 15123
18491 27190
12452 27469
10507 27988
11092 22610
6515 16627
9215 10393
17754 25329
6706 13484
18708 26641
1462 6609
12412 23162
17318 27258
2180 24936
13436 20087
10874 28194
3420 21575
11997 27279
9332 18004
24848 27101
5971 11430
12920 24444
4407 25253
8511 16958
4101 14050
18167 18249
2521 15682
7981 9650
11571 20959
20397 21990
7374 11946
18408 21077
26476 26774
6913 9141
20138 26978
8795 17105
626 11650
3125 8420
15280 27154
5725 20754
10732 22416
3204 20596
21 25302
8352 19305
18190 20131
14683 26379
12506 24453
2760 27559
14594 25833
3146 16008
12434 24022
735 24343
3041 26599
14536 19504
12587 16835
5496 20314
5978 12629
6299 28184
5540 9997
11315 11576
3715 6931
727 19705
3068 21628
3753 26554
4668 25693
1782 10352
4858 7908
7323 23361
5854 21954
15442 19959
3341 22938
6296 10672
5196 25666
48 10490
8024 14564
810 16272
824 8527
15404 17356
8690 27594
16232 26998
7627 25397
4341 16317
19004 23346
11295 11701
6745 7360
5782 20797
10019 16028
7796 11747
8650 8834
5 7029
245 13472
449 4737
5409 18908
13208 17165
425 19903
2130 20875
12602 21512
7907 8750
1033 15376
5910 14463
8456 25272
10899 21673
18876 27876
3381 24211
3470 15787
8251 10432
1106 23623
6298 7930
15382 19917
828 9905
1555 22821
4456 15777
205 25729
10480 22795
2883 4026
22036 23318
15504 23750
1403 21831
3570 15092
5020 16998
17902 24122
13917 21503
4110 19988
416 11922
12792 20786
13243 23910
4891 18800
11471 17586
8716 27350
4474 11499
1944 15874
1335 8606
8770 16320
16504 17841
4050 27202
8214 11688
7051 15615
9553 17630
1878 19601
3467 7169
13379 23976
8937 9704
3862 4859
3687 24299
9356 15419
2627 5728
2226 21320
18611 22581
20632 24576
6241 18356
9621 11113
5398 6155
14552 28228
18029 19503
11818 21753
5797 23340
17779 18736
107 22959
2351 14905
6535 11904
19326 21026
229 1470
5 19454
8852 23600
1656 21831
1126 10496
18118 27070
7190 16251
1036 4959
7152 20564
8478 9811
2039 20252
3904 14178
7950 27604
5389 12194
2204 24564
17792 25312
13077 25472
10907 27221
6116 7846
4470 28040
1851 9086
11287 11746
18659 20975
6167 8487
19171 27129
958 24869
425 17892
7156 19396
3169 8970
4248 17906
17545 19576
20941 27026
4073 6749
29 13787
8640 21126
2259 9746
17020 24543
4689 10393
12614 19081
20705 24904
1438 7137
3652 5105
259 20586
548 15549
6244 11612
9465 13970
1852 1902
10444 21304
13101 14304
7033 8631
16428 22989
19576 20627
5502 22996
19410 24104
10691 12772
8168 24104
20519 21867
21954 22593
19935 26161
18427 22334
1805 25770
5485 14010
9563 18118
4475 18979
19089 21654
4029 5699
7213 18062
18997 25107
1780 4142
10464 12434
16720 25888
9683 16867
10247 25283
1975 10622
4990 6138
9250 11626
12754 22780
2925 17214
7804 8708
22230 25490
9065 25299
1270 16694
6672 22040
16808 25720
6536 6888
8122 19249
13158 14754
6780 21717
5943 23015
12495 14010
10509 27788
5005 9580
7442 8251
14901 24313
5389 20339
10959 25642
15893 21364
9924 13459
16201 23809
15263 17189
6569 7443
9826 10120
6013 15857
7494 21737
425 7350
2517 24720
2157 9239
15920 17281
13584 26913
5189 7025
1525 5502
19140 25699
16984 22827
3609 24552
7534 20008
9055 23102
3539 27121
7692 8987
2572 22893
8541 18210
9038 18992
15184 22607
7948 11023
4185 8106
1275 21456
13316 20162
9221 20398
14763 18250
25848 27391
12506 24909
8469 27259
5659 14667
4450 16545
3606 12386
8385 25262
5595 19712
26571 28236
13993 18163
6848 21438
9214 14113
14010 24825
5359 20601
23392 24374
15971 17835
26386 27152
23929 25107
13058 17354
16288 23760
15225 18867
5386 18014
3374 25460
2788 18720
8144 25887
280 27278
21380 26153
1804 23904
9569 16679
7411 20956
22847 26786
15217 24818
4336 14415
2849 20958
135 14689
19737 26098
884 14921
505 5496
564 16210
2521 3121
1 22658
6865 10965
3338 26904
6131 25294
15446 15619
19746 27725
4386 12402
2664 18564
3967 16338
4849 17152
2711 15059
1770 24195
1858 7180
4209 10279
17671 23237
1211 13080
3916 7097
1871 23294
4717 23970
14489 21738
7258 9333
13910 16550
7900 24274
12916 24159
10934 15853
5871 7873
2026 19782
4677 6826
8689 20900
5519 22886
2304 24082
8481 12479
8825 16180
2119 7460
2341 2496
4402 25028
6449 18541
2376 5516
9526 27196
18418 28257
17831 18819
1035 9574
7031 17244
4188 7278
5500 20757
18909 19086
479 3126
926 18401
8924 14867
7224 15605
6375 24122
19956 24351
18921 24776
7765 11492
954 11653
9321 25074
6322 11814
8212 27168
1928 27563
6215 14133
10296 17963
1925 25076
18770 27914
15649 17076
15791 20236
13820 14088
1999 7797
7519 8972
5691 14359
10935 15376
24122 24364
7360 15721
16362 18361
15334 22522
5336 7975
722 17502
4384 10831
13612 24053
5185 10723
26737 28211
6377 13527
17301 20189
3194 3592
2383 24319
5943 18160
12493 22546
5612 10326
902 10454
9424 27718
2191 21955
10054 14364
15555 24061
1068 22502
1717 24240
1211 9793
15426 19771
8044 25569
4336 27752
27285 27844
15968 22425
3 12034
4453 7828
3354 13937
11344 21915
24298 25023
3827 22831
17115 23911
11722 19719
18177 25028
11623 26419
9573 21462
9395 21300
17310 24723
9314 13607
18208 24279
5705 26401
8174 27522
2213 11674
6103 23534
7497 17649
424 16311
9720 20657
2637 19222
13980 27224
18577 22031
2024 8898
495 18369
13700 16890
12515 27791
1106 18046
7443 24175
7828 9110
9663 13686
2189 25564
9019 12773
5949 11952
11049 17126
16825 23007
9740 22507
16911 24222
632 7152
9479 24457
8814 24485
2093 24968
1882 2268
9380 17286
1695 15592
22220 25454
8788 26627
3585 15848
7076 24187
9569 24395
2686 7461
1889 19235
17925 24091
10659 23754
5109 7362
11422 22138
16930 22031
1377 17944
2447 3129
7349 17543
9590 25986
13747 25468
20705 22068
14386 20475
9123 9998
2129 19199
12091 18799
24693 27514
9791 14534
9443 10639
4626 25894
13236 25713
13524 27881
21653 26429
17605 19868
17880 23608
4794 8959
1106 18714
10054 14183
1273 16108
8688 14133
16954 25902
16667 27931
5271 15296
14916 18224
1293 3289
22415 24069
1439 19630
23159 24663
391 3377
23298 27197
1498 1863
7695 21886
18749 27649
3598 24979
23217 26691
22278 24138
3164 13279
7552 13594
13363 16401
1734 14473
2202 13405
13945 24326
9502 9674
16901 18481
524 20367
3469 4090
22196 24664
13114 19130
4561 25425
3618 4438
278 8973
23377 25547
12789 21671
14534 16668
994 9424
10760 21847
6067 21717
9550 18708
7746 23029
13186 22784
7879 25534
11254 16890
356 28115
12938 25552
8241 9848
9805 25238
15437 24389
14696 16187
1078 12854
25445 27681
8479 15679
3956 17316
20431 27681
7664 17446
3605 25759
814 8249
4833 7406
4645 24589
6760 19704
14563 23749
14998 23809
3741 10417
1858 8596
12122 16183
7783 17735
9228 24904
1771 17838
7969 26204
13941 21792
3997 13970
22646 26721
2275 17226
12536 18670
5520 9059
14586 27588
7015 7440
15695 27220
2227 20099
3510 13579
11167 17782
12754 27279
317 27689
5342 9864
17314 17496
9296 18797
5288 26053
5485 25550
9277 23465
9804 13234
4546 26877
289 27155
8863 17867
26395 26585
9607 25559
19068 20081
9631 20786
8924 9365
3683 27105
2039 22416
2381 27931
3712 22984
10303 19818
8565 15072
17702 25227
2526 8906
9019 15875
14462 26795
17224 21006
6594 15392
7524 19374
441 25875
297 22320
2162 27093
1698 24145
6384 19309
644 14016
12155 26053
4006 19058
16960 21773
15499 21436
14707 20021
14910 27714
7708 11347
4515 8057
12698 18252
6113 12096
5711 6213
21010 26728
12091 19522
12927 18084
15211 23736
12049 22664
3332 24599
18533 18909
17838 27872
3446 12214
2161 22200
10684 11558
3774 8786
19973 23399
14672 23085
14976 16581
14828 15430
14167 19169
424 15239
6675 11059
3934 23926
4211 26119
86 26851
17938 20046
17027 21206
8322 23299
11880 20622
5008 27016
13892 22326
8374 17176
4081 6222
31 5536
10384 14776
13515 19717
4304 7998
9307 23390
17050 28158
9330 14953
5946 15230
806 18729
8548 23175
17618 18621
8063 26654
21702 22925
21106 23465
12454 26927
9074 23383
2024 3940
12965 23672
17659 23107
2118 6561
19484 25525
14303 26085
9255 16245
8906 25440
3668 17845
14995 27197
6914 21309
22735 23713
19336 19424
18160 26372
571 11228
3004 6348
18430 27741
15779 26053
20789 26084
14822 19098
21717 25706
9523 10964
10086 18427
15610 18019
16414 16948
3362 25420
8356 23197
10346 22433
22349 24056
19170 27068
2604 18665
11311 15619
6003 19311
20441 21136
20170 25064
4975 15561
15422 24972
1823 22650
9536 17201
212 7484
8392 14916
12617 25443
4216 18812
7351 12390
8424 25750
8558 23731
18413 25805
11696 21849
1864 23269
4949 20585
15017 21737
1254 13408
26413 27821
3452 4038
1590 9414
15222 25550
2582 6705
11039 22010
19244 23352
1327 8256
2667 14160
18270 22729
9207 11079
15107 16003
11417 27264
7025 17416
21963 22865
11692 14748
3636 16259
3253 3306
3992 18843
8682 26868
20799 23083
1711 12214
8367 21269
12995 17814
15339 23422
22896 24149
19430 21871
17209 26703
3250 25254
3114 7306
9483 10920
14971 17223
3564 12459
14103 24808
18636 25121
14153 21672
12780 19496
14658 15402
7296 10883
4646 25735
18669 21407
18318 25165
2721 18874
13494 18974
12850 17861
12020 21423
132 6038
12709 24691
16152 22727
15209 21990
12274 19767
19326 22449
155 18101
15052 22317
1724 16435
15729 17905
15749 18338
7210 22425
19219 19482
4489 28008
4149 18420
13243 26207
9730 11444
207 27905
15442 16526
11102 18414
15782 17446
8841 12551
3126 4053
20613 20922
19188 26497
24645 28222
867 22611
18919 24904
12900 22338
2186 19659
9053 15650
11290 23295
4802 27613
3251 18583
4843 12217
22771 22780
9582 22646
13969 22896
2024 9268
7108 28014
12119 23213
8721 15415
2003 15859
15141 28156
7471 18835
10290 26962
6657 14080
6517 18547
1948 27569
2985 12025
9574 11406
8896 9585
1915 20599
12067 17295
3560 16955
8187 17703
20857 23113
8946 13714
4766 17526
22787 27382
2117 21982
18717 24236
1232 13134
7796 14033
23286 27184
13583 22425
7144 23721
15388 21674
7595 22475
4072 15246
16796 19905
19945 23880
10603 23364
18626 25468
11677 15033
19479 26989
17017 20521
582 1658
5994 26382
16989 21391
8802 20046
9493 16803
173 14893
17739 26106
12066 13160
9250 11964
2891 17507
3727 20970
18617 25625
63 17896
7828 25803
2272 2470
23721 27247
16373 27823
3503 17254
13772 19552
17243 17689
7950 8430
2616 23738
4693 12956
23194 27765
8932 27243
3779 11079
3900 11953
4395 22581
11603 24933
7467 13841
7818 19389
4149 23675
8375 19086
3063 26133
4006 7880
6883 26412
17684 24950
3072 12908
7002 19240
5212 27374
8705 19990
2242 9985
17857 19811
20302 20406
9869 12498
673 1432
14474 22649
3227 17379
1869 9399
8751 14100
1884 7982
17514 27954
18938 25052
7804 21904
2340 2598
4586 18384
8820 19088
18964 25013
9548 14730
19273 20661
21407 23983
4894 14761
1228 24082
12444 15426
583 7987
681 21746
21079 25453
3286 18528
3472 8999
4923 17310
7236 9487
20714 21162
4594 15428
17819 20953
10806 20490
326 4216
5458 23887
5403 11692
4524 27795
2129 15056
8935 23196
439 20440
4828 22476
569 24634
7131 19712
5082 22218
9803 20813
12089 19906
21641 25084
15962 18684
767 12564
684 7300
11786 18137
15599 25054
7439 18419
13755 19247
21279 22441
7545 15604
2096 22286
19061 22387
6434 11688
13783 17459
1658 20119
6495 19576
4410 7264
15501 24914
20332 22889
3098 18985
14289 25919
800 24800
3873 5716
6481 8982
6489 27428
2521 4626
3606 11630
8898 27326
11078 12311
1819 12386
15022 25402
12556 27107
23932 26312
5151 23063
4982 24042
5297 8558
14787 17199
8852 15920
3789 9254
17131 25869
6719 8579
15991 22241
9569 17543
2460 22289
17492 24904
86 5666
20666 26725
1199 27934
4 5252
11805 16475
21697 24997
9465 19566
2526 24444
5579 24676
12657 21010
6239 15543
10828 21367
13281 14827
7320 9874
9394 10444
8086 17473
14363 20586
18252 19300
7169 8941
1073 18652
4581 25756
3331 3472
5366 14209
563 11274
10170 13374
15670 19273
7314 11078
10971 22210
12432 21438
20445 22150
3726 11066
872 25513
2984 10581
10672 12798
13668 18483
6326 15922
24894 26178
6458 18273
2244 18982
4371 24935
10854 11005
5691 19285
15184 21102
12083 17955
14666 15957
273 17457
21026 26229
12941 18835
15540 24218
7531 26275
3405 9717
15819 17889
1496 18942
4671 25174
10619 11166
8764 18380
115 24659
6154 20366
6773 7568
1404 1498
18527 21231
3918 13067
3967 11635
16467 26556
14771 22892
3622 4256
13344 18192
12444 16289
13810 24904
15474 20604
9699 19848
319 1293
5041 15293
5667 14392
10160 12451
12606 19781
17194 24904
17477 22545
9614 14205
4267 13831
8751 21470
22785 27271
26758 27685
10185 11971
15549 24458
2327 20008
6087 20770
10748 20031
15375 26565
4307 10638
11803 21358
5922 16641
705 28273
5082 24291
540 16542
19249 28140
14901 21126
6077 26544
3994 5733
6537 22479
1142 22884
21855 27826
18950 21351
9528 14771
5691 6869
11522 18691
1050 12329
10090 24028
1163 2368
4205 4321
12108 13484
4328 7885
7439 18938
5786 24904
11687 19132
13056 21853
18457 23477
2454 11725
9143 21151
10484 19633
15056 19056
15341 23915
2759 14911
13363 16812
4551 10653
7341 18517
11773 27223
3267 4523
11866 17198
8438 17728
789 5453
6220 8654
5775 27801
11207 16351
9193 17589
2763 23197
7355 14154
7911 21130
10740 26276
17375 19390
5502 17559
16480 19575
8963 11692
11612 26829
13015 21506
2578 22460
6257 7698
12506 13235
14040 25247
17115 27304
11712 26228
7491 24256
8730 24389
1218 5772
18414 25582
11288 22966
17165 22425
15435 17319
5701 5705
21151 27736
1179 1925
13021 13577
16619 17372
7987 9194
11295 14564
8959 12189
4037 26507
3702 23034
16976 18107
24500 26992
12790 16814
2641 16333
5095 16803
7533 27786
5609 7087
5852 9857
20668 28142
4489 11113
14016 24540
10090 23983
5678 14611
7538 15225
15428 15900
13428 16972
2588 17258
13564 17407
23442 27078
15190 19863
2479 11199
11440 27722
16581 20258
2959 22542
4305 6182
2240 26160
5042 17755
3121 4287
3718 20782
7296 24505
2491 20205
12737 16870
8145 13099
1301 16203
15701 22310
1782 4724
21213 28195
14097 21205
184 14813
1223 3300
485 3892
1955 16783
3523 11629
25588 26601
11649 14732
1349 14033
4448 15360
8478 14228
19657 27811
1925 21137
1026 26880
1958 13937
3758 10320
18305 25260
24690 26398
11261 13574
4596 6427
9408 27766
6161 16904
23476 25193
14430 25145
1864 27464
16055 20667
12210 16362
16603 25760
861 1067
9971 17832
16457 27863
7533 10874
20583 22409
13225 27013
20645 24708
13597 19934
3742 5903
13081 15185
24406 25534
24435 27647
20031 25555
15031 27853
19293 24552
15442 24601
16850 24589
387 25459
18413 22607
7420 13165
116 8244
7847 10584
10088 18673
2380 19689
22273 22313
841 1482
9425 22240
1906 28262
2963 19817
10247 11317
23085 23372
1416 11977
15391 22249
4707 24695
6030 6220
23265 27143
940 24997
442 11978
17400 23198
17568 22948
1851 3592
862 24516
14733 27001
2705 17831
9460 25443
11925 18996
10114 16175
7603 10937
1158 24823
14563 15571
5543 24576
4252 9557
3528 10371
2131 16276
21950 27301
9074 15905
2470 19819
11541 24200
12066 17091
9316 25095
16822 24593
13403 28103
1767 5525
7236 25228
4341 27528
7487 22883
16225 28008
15986 25422
17726 21569
15666 25608
16955 18369
7068 11171
18398 22209
6103 16852
16373 18985
20661 25557
7377 12132
2539 8397
23295 25650
9590 18999
4965 16884
8220 17373
13668 27179
406 14758
1144 18445
5635 15833
784 23071
14 25844
2087 15414
25879 25991
278 14611
8210 12126
22635 27890
7623 9001
7411 17495
14097 22154
9393 17757
23183 26270
7854 15870
23892 26197
13306 23411
13597 16454
18577 23592
1036 13809
8413 18082
4352 22950
2818 5041
11736 16170
23 7290
13766 27997
7627 23809
6485 24743
11612 13764
12965 14926
25301 26706
396 11590
15629 21768
313 18475
25432 26416
19813 27579
12125 13282
9016 25474
5777 7757
17320 21703
20517 27702
4201 17020
22861 25904
6753 21855
15736 23598
1657 5434
1737 15841
6100 24485
17782 22125
11143 20239
4282 23892
776 20221
9033 11166
7797 11535
3002 17919
5485 15201
9963 14782
7328 7370
457 16686
1672 26150
12068 20224
2375 9395
9105 21300
19130 24393
19061 24519
10393 23904
847 21663
8200 25866
16025 16984
6103 22985
10767 12016
23602 27010
3788 8801
8508 20021
2040 10072
691 15687
790 12596
11657 13000
2642 5878
7058 21704
4326 11599
1422 22311
6842 16245
9738 11376
10464 24292
11439 24980
929 13531
1043 21857
15941 23930
6842 25666
7325 27222
12991 22664
1874 11358
6881 20156
14492 16758
1843 23811
8010 18020
6106 9479
19882 23016
4188 25056
5205 9621
4980 13157
1908 16282
21612 26272
7203 13789
7699 15967
14228 17938
5414 26882
12211 20162
8167 12756
12431 24865
4732 23286
8396 20749
3953 26892
3257 21784
1244 11789
7224 13253
17795 20053
3849 7387
1770 3660
11408 20964
9014 17194
9226 12287
6505 14322
22095 22363
21641 24876
6970 15271
6574 16403
11383 12369
8705 16972
2015 21988
15669 16590
5150 8730
13060 24937
8500 12697
200 21786
11810 17237
1776 7746
16197 21462
5288 21149
11884 12674
371 25163
6379 26442
10428 14629
22787 28263
3856 22322
17232 18104
315 26920
14626 16584
5371 10027
5262 5947
3346 6377
5466 10967
15219 24727
411 3793
3872 11727
872 7878
1951 7403
13111 13756
13165 22902
464 1232
3733 3900
13239 27505
15172 25629
3337 9682
3820 16591
2640 14803
1392 25090
8304 15887
14298 19644
9543 20046
4475 6182
3101 23746
12010 19362
8263 25228
1015 19536
9648 12434
7478 24356
5898 19566
11529 26057
151 21769
2759 18033
467 8000
20433 27469
4477 20384
5089 8869
16262 24774
9575 12773
6404 17507
10821 16751
5371 16850
584 20760
16194 23214
5354 5651
17612 21191
3159 15670
5153 27841
24864 27862
11017 13081
2456 4356
4234 19895
1284 4424
12041 14885
5142 23502
5309 23455
2474 25593
20444 23635
10283 14914
836 25357
505 20205
2940 3759
2283 3019
13917 23935
681 16386
8833 16362
10357 24798
4299 5433
5602 18784
8154 24700
5593 16162
19929 28156
6956 7249
12589 24104
10393 26503
3623 17229
4549 13328
13618 15788
14686 23237
16261 23143
8677 20117
10005 22679
12346 20503
10054 20173
25607 27382
5351 22860
5682 14524
183 17438
5 28065
1900 9821
21879 27906
12939 16162
2104 23561
21811 27080
13619 17449
2780 23941
12075 18985
1468 3900
7213 16984
8816 13363
14676 23140
13232 19068
8457 28272
264 13973
52 22140
11593 17561
3059 5989
926 7236
4102 14342
10061 21456
5751 23369
7141 9410
12228 13343
1556 11424
7832 24371
14055 19064
18103 21904
27821 27973
4046 6405
11846 27155
4329 18645
8385 18317
9878 13443
10639 22775
309 18914
7570 10043
16545 27758
9136 10828
2891 15077
14610 18098
4987 12549
16734 21126
4209 5019
12855 17742
12468 25876
13504 15952
4534 8958
26299 27324
6446 26740
6877 15053
6567 17936
15906 16493
1211 16851
10299 20915
4617 19400
15282 21950
3807 16080
18628 20242
10987 26568
9678 12068
10432 11746
4803 22127
19901 24731
6942 19180
8491 21908
8507 27035
11039 18820
1830 17717
11375 12229
15001 15436
5923 19712
12064 22373
14153 21864
13847 28032
13801 15698
19086 23679
11948 28211
20503 20687
860 22842
4115 18437
9144 21327
969 26503
3086 5943
7488 9239
3712 9005
11562 25336
18665 23850
9523 10992
6539 24549
1688 7348
4870 21247
16433 18861
27759 28217
2872 3974
6760 8155
5768 13937
14001 17222
9374 9882
465 21761
20378 23605
1609 7040
12155 12428
1693 22294
5537 5688
795 7209
7133 22606
17083 17546
4780 6862
10060 26239
4439 27208
6154 16905
5336 23807
11241 13448
18679 27152
9837 21079
359 17615
3059 18717
1814 18906
9129 18529
23860 25012
1852 5827
2206 16593
19086 19712
13683 26133
25669 28120
108 804
11165 18605
3269 7313
7981 8012
23467 27388
4142 9533
652 17869
406 12059
12109 20917
10496 27758
7317 19504
20366 22255
2268 6531
406 15695
25338 27610
4191 12646
2002 6946
1689 28277
12134 18565
7984 27705
9260 23610
5296 21891
7100 13422
20685 26027
670 24955
16905 26559
18738 26260
20123 20633
20861 23825
11987 23267
2520 21960
13557 20562
141 17651
5466 9098
17996 24557
1920 8649
11987 16756
16152 19588
19033 26722
12356 19004
13191 26329
196 7915
7482 16999
2096 11134
4386 24062
11959 16504
3773 17140
14555 19121
3068 22041
1879 27660
11786 27151
2708 18046
10039 15476
4577 16884
3997 6147
3832 10570
4096 23797
11791 13060
867 13878
1767 17523
1900 8385
4192 24940
473 11953
8556 8658
16181 17649
1649 9038
7730 14612
10971 15916
899 20133
10541 21418
5439 27689
8560 23738
1041 6403
3923 18118
9228 10489
4187 12329
25056 27970
1239 25110
19576 21573
1600 4312
8268 16803
8538 17718
21742 23342
17115 23085
22634 24127
3528 25138
18192 22319
13543 27278
7029 18901
1504 5300
9292 11729
23663 25332
9724 10956
1779 18787
3296 23916
10594 27543
3323 12656
1729 27810
16189 28148
24171 27463
7453 27365
4386 25008
6454 21079
2719 14734
904 27093
13745 25220
661 24928
4486 8440
5558 10484
836 9043
15637 21798
31 69
20974 23806
2592 9185
15829 18755
1473 11529
382 4081
6263 17863
4646 16792
3488 4091
20007 25185
16472 16718
1942 10415
5046 19008
5757 22581
3810 16027
3612 8612
16480 22156
19971 27170
6177 26593
2227 18048
3900 22339
3140 13382
396 7720
4230 6176
867 15467
9837 15282
8455 16522
5664 16238
26449 28249
2379 4736
18416 26937
8388 20797
3204 16017
9497 24504
3878 21955
12689 14137
12830 16627
17749 26688
20258 20554
14720 14867
12218 20222
14297 22897
13996 25056
2302 19249
6555 15840
4188 16571
1262 6764
14835 17219
2905 8481
15835 27197
19971 25039
12329 16860
9788 17194
1050 26800
4325 12538
2087 6619
23372 26211
5895 23608
15309 25091
20419 26017
1181 16248
13715 13918
7915 18531
2285 12137
4218 19717
473 14180
9043 18790
12426 26896
11417 20699
23619 28263
3539 22737
11560 26129
3697 21992
22279 26535
4090 10358
10971 24503
16323 22842
577 17482
664 17071
3173 5232
3987 17812
6177 24136
19273 22335
19008 21959
6495 19028
22040 26413
12155 12881
16064 26227
20046 27129
20031 22202
3409 9522
4769 10263
26148 28093
3099 26766
1579 19154
6659 25978
8239 8730
5680 15814
15676 23679
3635 5438
6767 10286
6261 20553
16766 25216
9105 27032
3463 10619
12689 27034
9368 25138
22214 23738
10244 25381
1199 20400
5177 21028
1785 24600
16222 23043
7307 21257
9683 18502
2459 12185
2029 23671
11920 21110
24423 24638
19601 27087
3625 11244
1142 16557
23490 26757
17167 28141
1402 10569
17433 25143
3735 27403
4599 15816
9059 15956
3938 9051
4291 12529
2517 7073
4109 26758
1618 7206
2250 14407
23552 27586
8145 14227
5042 21864
19201 22724
15046 16943
12565 16136
6355 6896
2113 22010
6672 12194
2685 17211
8708 18045
11953 25468
5832 17674
5943 25336
18463 21871
1429 15104
16261 19566
5972 26946
8715 10284
14719 20130
17930 19869
7232 17757
13041 28190
7695 27758
10719 26591
21994 24351
9730 27527
4180 10075
17637 17692
24345 25069
3463 4091
19988 27004
9923 12428
3993 9449
18715 23669
1259 28139
292 2368
17916 24797
867 18823
7587 19499
14445 23187
5391 23290
16423 20339
17670 20702
3995 9903
18376 21856
6172 27758
2124 11854
8680 24716
20523 25209
4061 13291
8906 25644
15208 23007
74 20587
7053 26476
5177 5506
10999 23909
417 18196
13828 18708
10683 24737
5625 12374
11193 17509
25612 27158
115 14534
978 15863
11262 16584
135 12651
15330 27872
19004 21429
12794 23574
7119 24970
9371 13736
13091 26034
3098 20328
7328 23725
11218 12614
14228 16922
1320 3495
7073 18891
12426 27853
2763 7038
3795 24736
8493 8957
19053 27281
5602 22173
2589 22640
26372 28263
8203 11381
10488 27753
4659 6573
4225 17054
4583 23954
7497 22392
1321 13078
9093 19576
3050 3121
16276 18690
1356 4132
251 11167
16629 27868
400 16865
1353 6958
13180 18018
5399 25552
948 18775
1613 14309
15104 19967
1271 23762
6442 20409
1776 16439
865 8317
1915 3059
13534 23688
23310 24065
9804 16934
9239 15666
4535 7441
4328 12956
17709 20227
18255 19612
19373 20775
10906 13381
7802 15499
9012 19356
25849 26792
9337 15913
19819 22457
3780 3946
867 8105
2719 3539
6516 16353
3275 19964
11045 27190
5383 22496
18955 25157
3286 24375
2302 22560
14912 25500
11696 16679
3428 10840
6134 18745
2633 11080
14153 24758
64 12632
5509 23430
10033 19979
2272 27788
5349 18061
8020 10671
21801 22810
7826 22276
3723 3841
10490 27938
14672 21633
6065 9696
9524 17812
8391 20189
11431 27795
1034 9495
2295 17695
12865 14991
10676 22983
5055 18248
8536 16689
2438 12828
19072 20078
8481 27927
2017 22834
5327 24122
4168 18522
4205 15015
11292 24915
16550 18996
15922 18281
1617 6470
1111 16641
24439 24502
11039 14344
5832 6035
1573 7635
3585 24273
18962 25291
10490 16867
9281 11251
24571 26874
14872 21760
2561 22897
10771 26098
742 25103
3156 5205
10524 15297
14755 17727
14380 17922
3410 11080
10071 22676
12795 18131
2529 17007
11718 26283
20031 21849
18651 21010
8598 14016
18679 23792
14244 20235
127 7413
4580 12264
3265 21111
539 27040
16338 20332
3883 17851
1750 10859
15399 18527
8471 23089
7350 8739
7880 25803
637 20789
6710 11508
17146 23524
7420 14696
7784 8515
14665 27993
15151 16291
13113 27520
20985 25653
660 4742
23946 26970
31 24664
12915 17865
16422 19917
1814 19140
19424 24904
22205 23553
6227 8924
13434 14728
3273 18281
3466 7322
16955 17963
7285 9395
1879 6096
9032 25840
11123 22733
7783 17695
10871 24242
9086 9590
7103 11967
12320 22725
3197 23074
12495 24122
3856 11562
3789 9195
19410 27279
18312 18667
9029 11993
21766 24274
8219 13078
12426 14703
9849 23422
426 10935
9215 23944
15561 20857
18219 19247
1417 11368
5114 20913
11465 25653
23552 25228
14566 22994
13901 24162
3805 17302
10721 14628
10852 21904
2157 3069
19567 20633
15429 18280
20906 26083
18624 22769
10496 16694
14154 22832
4737 25432
12264 26503
15101 19087
7847 15410
538 11921
10346 24961
569 24935
7532 18622
742 18926
13252 16257
10511 22878
15615 22571
8959 13098
3566 10023
18371 21935
4009 10018
7478 24838
7048 24671
19409 26265
1334 27192
556 8831
18082 27646
25117 25261
4424 9429
8481 9294
18745 27488
16252 20701
5552 9717
12451 22954
930 13369
15837 17219
9140 9956
11422 15090
14185 18461
6453 14671
1579 3168
21828 22322
9206 12489
4218 26061
3197 23688
2003 19675
16194 16253
25006 25956
9203 14252
19355 21757
11641 20017
17560 22481
2894 27404
10767 13994
10208 17370
7099 28194
8784 24240
3440 20078
13981 27221
15213 23816
396 18867
8753 11521
10711 22410
9396 19636
13946 21377
17193 27189
1158 12073
2379 16695
20783 25108
20734 21315
10719 28157
1948 12604
3667 26848
1602 8856
6094 24586
4237 20376
2396 11254
6864 9402
5977 20510
14451 21788
5196 24057
15247 17496
1116 12045
5774 17393
2111 5277
5064 13472
11648 20002
9747 11187
12433 27719
15516 25683
13276 24624
9082 20069
11918 12887
7531 11314
7000 11244
12864 15952
13186 24779
9569 25102
2325 6215
6896 10548
14129 23771
2369 18906
4699 22020
1278 8924
15853 27419
7826 26476
4288 5971
16867 25321
15493 24565
9441 17597
8939 11012
1055 24506
2294 5230
23897 27314
19941 26998
2324 11136
1006 10207
11006 22311
16142 22612
6190 10244
13293 27990
15814 27502
2105 8162
1489 14832
2690 24936
465 17020
14807 19641
3870 23997
1727 3305
3872 15672
18560 20645
22321 22947
2735 2765
1925 7367
10408 14560
23441 27700
3441 18519
11583 20083
19346 26585
17035 19505
16656 17134
1674 18014
6752 12253
140 26846
8633 23403
6800 25091
20045 23018
896 13810
16475 22481
3423 24008
9788 18892
13152 22104
3927 10904
2773 7557
5685 6171
3420 22038
14635 24006
2596 18669
2087 27661
14258 19913
15128 21273
11005 26125
2387 12287
21275 23584
8290 24608
2305 13055
21727 22457
7223 13175
12581 14160
1878 15687
5518 23324
1029 20394
12369 24288
595 19696
6374 17623
3624 27660
2065 21989
13425 21084
7783 26189
9025 12811
22977 25763
7491 10827
339 4532
7533 10355
19281 26169
10104 10483
25257 27263
4728 8082
2015 20205
4329 8801
3609 19657
1355 14042
3422 4314
10022 13787
22052 25550
19800 22470
11438 26042
1324 17171
1401 25294
99 425
7813 16946
6098 19513
1884 14694
23365 26071
17446 22106
18371 23949
4945 13142
15282 20271
19442 23180
2102 22082
1858 14153
3354 24069
13471 28049
19425 23415
23464 24504
9803 9829
8191 22611
9398 17781
20195 25396
3167 25049
3222 21671
13343 18001
15466 22524
22889 25272
7896 20045
573 4254
9275 22450
4248 15316
26518 28263
15543 19548
10675 25683
16133 22031
10354 21497
19584 20355
15162 26754
10240 18669
933 1672
3020 7963
2727 26608
7065 17341
6097 12337
12628 22187
10023 12193
13168 15064
4026 17250
17067 18837
21026 26372
13809 18316
1163 23379
8424 15734
6454 21725
4295 17749
16767 21892
4181 18251
8680 25972
4627 19068
15341 27710
14033 24693
4050 22463
1423 14233
8799 14000
13055 19775
10420 13278
8676 19856
4689 19736
5448 21207
24615 27613
8192 21240
2369 19354
11059 15724
6296 18084
10042 27129
5669 15133
881 24509
11784 26369
7265 10289
3336 5916
6889 22462
15428 25708
9349 26421
10982 12930
16842 21105
9338 13180
16408 27689
7632 12404
8054 22143
8708 19705
10777 11804
1270 3955
8950 10408
727 27633
16167 20197
7881 9150
21026 21398
16609 19705
5721 8858
1462 25651
11134 25350
5192 8653
11144 11229
5490 23641
15874 21472
10015 20162
7589 25262
10284 18827
6535 22222
7848 11657
1870 5124
7950 27549
11058 18116
974 27844
15011 15840
7536 23121
10115 15832
7495 19443
8730 28044
13169 22973
7275 11638
16373 23087
1609 17787
11786 18252
11952 26244
4742 17767
17150 18874
7591 24053
898 20504
8247 25294
3156 14121
1578 19603
5978 19748
17022 24232
3167 26827
4767 18463
606 22316
5204 5827
5636 25157
6301 11692
1306 16639
3071 5339
21098 26680
14848 18457
6255 12564
14796 24069
23225 24326
15031 27557
4365 25658
2602 17047
1190 11439
1773 19364
21369 24035
3598 23521
731 12275
8707 16643
11506 13937
18019 25329
10340 14555
15094 25754
8098 8781
2694 20834
429 18073
10075 16947
15817 21497
9915 23265
6473 22512
3280 14988
4363 5180
2823 16394
9222 10617
5516 25745
7350 10061
8734 22701
7698 8746
8500 14706
5636 16149
4758 25235
15077 26627
416 16509
13780 20667
20427 22446
13049 22865
18893 23661
9905 26503
4614 25906
19185 20670
3856 20754
1704 10971
4103 11504
3344 4995
22035 22898
13328 20848
16197 20282
4260 21252
1399 7702
14344 17930
5728 24502
5406 15161
3801 24836
12410 20544
755 23998
12807 26896
8190 24955
1863 24368
4649 7783
3731 9559
21386 24997
12428 16823
11540 14563
24851 24915
2560 24904
6823 27105
3636 5003
1909 2167
11667 11804
9196 22900
11224 25611
10062 27418
1942 8711
7923 22586
9808 15012
62 9795
4321 10068
4310 26647
10935 17906
3881 19888
19061 25666
2087 12245
10226 11436
7181 18843
5773 21262
6257 14304
12031 15874
3748 22514
478 15650
8226 8795
3488 20387
5078 17194
7885 18669
20008 20355
49 7042
3970 11419
15836 27702
14156 25730
17787 19723
406 6055
23633 24032
15956 22120
4385 7648
8081 20355
5304 24904
6883 23455
1986 23619
8372 25962
18641 24008
6359 13649
332 24557
1181 5938
22206 23298
6026 11310
3759 24219
6695 16999
24470 26943
15364 22986
2449 10800
11515 23743
4274 14763
1226 15543
811 10428
1573 26075
14194 21269
874 21490
14358 23408
10652 16901
5731 13534
19678 23775
17097 18249
2358 3709
6009 8349
25229 25904
828 2986
16900 17883
20 1489
341 2483
6307 12276
15835 23952
2325 8396
18249 26091
2725 19445
13780 23675
18520 19447
19140 24148
6855 11625
224 11312
1529 1867
853 1961
21601 24212
976 15749
3428 26815
13999 27793
5087 5288
14534 23825
1138 4823
3463 13553
187 10208
22464 23771
14933 25953
2339 19848
20841 27050
2200 13702
11281 20092
1920 14807
16429 28033
12121 17926
9380 25435
9252 12792
20762 24686
4606 14304
7368 27116
847 1249
1171 3019
6980 11775
6790 23584
10988 24727
25838 26059
1609 22648
569 14771
20054 27136
17971 22416
14383 15725
1392 19948
1937 4043
10060 20329
13737 18667
14662 26024
77 21497
19340 25981
15110 21685
581 27129
3494 12324
1113 2803
3238 19014
14588 19419
2387 16334
8852 17742
15305 19712
6551 14775
2381 16354
15432 22634
765 9255
5089 24914
18370 25482
15906 18046
13784 26275
14534 22835
16369 17073
14536 23517
17658 27298
7889 18412
9639 21270
9135 11692
53 19033
390 4966
8509 9934
6232 18319
25531 25838
6078 12724
11559 14911
8603 24738
1527 21252
16065 18994
14867 18820
11378 12219
11576 22549
5110 24904
337 9404
10137 18147
19818 28063
8466 13326
4724 25005
554 6244
8817 25193
13148 17724
3908 8441
25414 27223
874 17418
26880 27837
505 23606
13778 21996
8063 17510
5925 21891
8773 15952
769 12011
18521 23977
17578 18021
21094 26706
4551 15286
15712 25546
9904 25508
4142 18185
21934 24152
19839 28051
1510 18439
20474 26791
1374 28214
4409 25950
2954 25091
9154 24068
2605 25414
17604 24293
224 22265
23388 24008
2539 20172
256 8410
6426 15144
6637 13773
25814 27689
852 13888
6848 17550
16855 23608
971 10642
16228 18784
5342 24922
9574 14407
22729 23830
4101 4580
1878 16983
11292 23244
9682 12737
25039 27514
2764 4209
13927 14280
13301 16333
5978 23269
6239 9847
9579 16436
1999 13899
8290 15133
7244 16054
3719 19189
27179 27698
9385 15730
950 20624
1545 25262
14407 15279
6757 9247
6846 20943
7404 19861
5094 25729
4933 8751
5359 15952
5 14732
11825 16941
22761 23643
11347 22247
17559 27867
17484 19448
3733 18947
9833 12481
4512 21327
19584 23983
24374 25402
7509 16318
14694 23225
17341 26094
2093 15749
3839 20948
3825 7950
18738 25063
18468 26688
11891 18735
11747 27514
15162 15561
5539 7938
7830 25710
24224 26717
6541 12054
8088 19678
1400 16092
881 10441
8188 23372
12811 21462
3886 13379
3341 25135
8349 23056
9465 16311
15666 23372
10189 22230
18911 23977
881 24229
2944 4626
3072 13914
14095 25974
8181 8887
7390 19203
8437 27314
12905 23267
8233 25468
4680 6592
3287 8145
12264 12495
13640 20303
1172 19086
19647 23500
15136 15213
9574 25275
24830 27222
17428 23333
16229 20953
876 12188
4962 25342
7118 16026
9194 10876
4504 28215
4199 8076
4904 15350
13154 19877
7505 7950
7756 13906
855 22972
569 24557
17717 18793
3160 9638
1056 27705
3828 13810
11119 17429
17303 23275
15561 16079
12055 12229
7488 15721
8925 25657
5485 18909
2604 11068
1996 25262
8096 23335
12028 17479
14055 27899
3815 17404
6926 22139
9327 20954
1669 21118
15267 26559
458 4480
8427 19354
1027 4562
8057 14807
3365 9067
3482 26571
3420 13317
4979 9264
5989 9356
9699 20092
10460 20312
8807 18241
7059 22814
7354 8817
9507 17654
20630 24747
2325 19081
4456 10284
6801 10054
4301 16805
6134 25575
8372 27418
5290 21771
20417 27382
7205 25083
24005 25830
13970 15271
23285 24828
15894 25689
6753 12804
2205 22992
4024 5522
4193 13527
13392 15376
5904 27300
1988 3235
3475 10200
20448 22866
14713 18496
16948 25454
9405 12312
5082 17152
19237 20010
11841 23659
11166 25894
21347 24997
18639 20271
13015 22446
96 705
9668 27693
5906 6708
10592 22317
13564 15839
1852 9821
3354 7205
3204 27867
16784 17433
1127 7528
2732 3348
8711 21578
2624 6780
2387 5943
6838 16170
10288 16191
4778 4816
5004 9124
6598 25559
1012 25066
494 21147
23024 25345
7510 13482
787 8878
3845 11888
14741 25748
27464 27487
8155 22925
15335 20100
4543 24610
18708 21387
13847 26589
3306 15377
173 20370
2369 16493
16035 24023
22415 27458
22549 23693
4257 24573
14894 24061
6069 11192
3819 22322
2696 13858
237 21008
16438 27823
835 22877
11193 19482
13424 27867
5250 17599
13937 22183
11917 24101
11080 12354
2536 14534
18133 26798
7635 9406
5348 21551
21423 21987
25817 27342
16117 23521
6584 28166
7497 19900
11403 24643
3746 13060
6363 9061
16210 24450
10483 23763
8863 22774
1029 18463
2485 21444
18823 20162
10957 26151
1349 23916
8816 23355
0 3001
12921 21380
10444 11080
933 19447
12494 15321
3433 24406
26452 26578
13802 21229
11473 23444
758 4089
21447 23738
1795 22425
5609 18847
2132 12397
847 22898
14817 22297
14641 24242
25564 28276
16328 18124
16804 26753
11327 11634
16092 16714
1435 20304
3916 4395
6707 17108
4685 14933
12346 14569
9226 25903
12538 27746
3593 7984
16040 18793
14670 27514
2827 18848
15911 22957
5327 17787
5433 8020
10189 24552
16106 17578
7536 25293
6763 9067
9236 24018
10849 17723
1018 25432
16756 27040
22663 26702
16316 22077
12674 24238
23143 23982
3010 3624
600 9829
2611 23254
5153 14807
12094 26659
10708 26248
406 4519
2874 8364
10546 23742
10517 11928
12366 28126
5458 18905
275 24965
10616 14599
19580 22897
7644 21727
21330 21944
8396 11940
47 10114
15770 23013
8075 17884
17509 22273
4199 16396
12361 14154
8248 25185
1890 8619
722 12223
10655 11426
4101 23679
16803 26616
1349 14609
1601 23113
1878 25458
11337 13239
21730 22001
3484 12047
1986 27819
13038 19183
24069 25197
9811 15691
9869 22539
17478 18092
16077 26336
9762 13533
16026 16245
14233 15063
963 12475
24069 27841
20947 27854
759 5530
16194 24062
406 9881
24904 27795
24274 28056
9161 17404
8781 16051
3280 11674
3186 17702
2525 14763
737 10822
1983 12062
9214 19940
8931 14449
22153 23254
4336 18264
4605 25937
1039 14339
3643 26167
10321 24362
5440 8366
3233 18487
14277 27321
9438 13395
6556 27384
23934 25226
1830 26075
3933 11651
5657 20503
1714 1908
4282 10434
4558 18669
1605 20279
3102 20325
10917 16161
3819 14407
12404 26540
17963 24138
910 11011
8405 13759
17739 17804
7128 18369
10618 17959
3867 6620
24419 26774
828 19169
16194 23257
4755 22875
12554 25945
9686 11473
5450 7158
6743 7145
6910 18520
7813 8113
568 16421
5531 6404
1504 19192
16083 17576
1075 15072
21710 27232
2040 2956
14563 24257
2907 22474
7731 9008
7387 17165
4711 17354
1852 11975
18909 24504
13349 14534
10871 20962
19228 22331
1666 10503
1055 22669
11251 12282
3666 22205
11409 22885
6215 20742
1001 21436
10701 15200
4795 12526
2625 23017
16562 17419
2758 19079
4097 17649
3136 25534
14767 26640
18128 21700
1713 4048
9842 25468
7494 21853
2158 22329
23469 28190
2420 9461
1860 11666
1391 4640
13875 24308
9253 18034
5327 17902
15815 18834
18208 18945
2093 9250
1915 17486
3586 11283
5882 18117
10323 14033
12147 21268
7390 20515
13984 16629
3900 9502
1236 26547
9556 10661
27359 27761
5569 13221
19650 27381
18341 22631
2071 2760
11846 15620
2482 19839
7721 16247
7576 16956
15605 23963
8075 12909
3753 17426
19233 28255
9127 19351
10839 14003
2989 9445
9067 12056
20878 25403
16113 23273
3381 25329
2180 2797
15323 22819
356 27500
6490 26670
2341 22627
9277 20302
4573 6860
6074 24636
11167 17957
21811 25160
1196 26439
1435 6309
9615 11870
1279 14772
288 20713
21351 23108
6059 24828
4903 10646
2333 22645
14728 20959
15731 19627
1604 27821
21902 26127
20131 26901
12374 23327
2288 7073
2208 7702
8075 11022
3410 11580
1459 16969
20544 23619
5079 10160
18280 19813
14092 15195
2905 12479
13492 19347
6885 26438
1027 9214
11614 23197
1067 6105
4316 17695
11953 24577
1335 24221
16424 23950
11417 14673
18906 24638
6454 17239
17422 17592
23282 24334
10464 10839
13790 23921
17860 18272
9889 27734
11177 11832
9483 15110
11626 15758
2344 5775
7720 12835
4211 17763
3974 9842
15692 25225
2124 24121
2245 18736
6879 20006
4388 24360
10287 14055
5794 12260
1587 7709
6298 24687
10023 18911
1951 12023
19664 22830
26815 27643
6427 16429
2399 19011
21643 26476
8156 10674
1713 21139
869 25971
4251 20115
1852 20719
13071 15028
6565 9013
7390 23274
1681 18645
2636 13811
25123 26834
19822 24841
10215 20448
711 21616
4717 12092
10073 13565
4797 24384
14448 19086
9408 11030
2294 16235
14189 22020
6998 21014
5580 12379
13718 18192
11543 25508
10842 23053
14989 24360
8734 14810
8278 14948
346 26436
17176 19462
14209 22789
14167 24104
1767 3354
13127 25951
6198 9084
17232 23083
5867 18962
8830 14288
14697 23608
8478 12551
937 7584
16367 16493
2522 22968
17562 25260
17338 25658
25214 25963
3644 19322
902 24507
939 3326
12411 23947
14443 25012
6278 8167
4625 17700
13467 14828
2160 7348
3273 24576
1233 4942
2212 14706
3286 17978
1107 5434
13476 24033
20490 27393
6702 12649
11113 17126
12242 18015
10393 12218
4507 28076
17220 17787
18243 24169
3767 14288
17530 25083
1795 23143
1736 15102
19967 20310
448 3101
8982 20955
16999 18427
24104 26753
19484 22042
17990 20406
4719 20876
7969 25432
5403 10808
7205 11629
5155 22894
11148 19814
18302 24514
13105 27178
18803 26913
12126 19646
11286 20719
4500 16599
609 22142
15141 21861
15660 24525
14728 22871
8437 8451
14507 25984
1889 7901
2351 6707
4828 14833
19075 25033
14106 27976
12074 18953
3446 8003
1979 3206
5716 22365
25915 27529
12033 16036
8925 14775
5904 18419
4065 17233
11917 14489
10082 19219
26737 27374
9569 24157
1018 2648
11080 22824
23430 24805
3564 17331
12614 27527
1652 8928
11536 11720
10326 14425
9051 23473
22714 25652
6383 8730
11439 23609
2527 25446
13289 21026
638 19095
13682 24101
1764 23448
12451 21902
12965 14719
13404 18749
21988 24114
4097 27667
6838 22101
20565 27659
10961 17520
9988 17026
2686 16965
8945 17687
10189 13789
644 8785
8661 23390
11059 12170
25361 26598
12434 26998
17747 17938
17668 23067
4649 27296
9660 20943
998 14268
3893 27541
18981 26898
21407 26784
9825 26387
1659 11450
1036 4175
4770 13407
14461 18529
8414 27942
10618 21061
20745 25877
909 3435
2222 16225
286 25933
1572 13174
11287 15099
11156 18883
13597 23835
13134 21438
25910 27285
874 21824
15549 25283
4778 10727
7539 18556
860 2336
24019 27844
5568 24127
1417 5065
13123 16210
11711 22245
9286 10841
14912 25893
2630 17278
11192 27867
539 9038
2413 25547
5883 12546
13372 17193
90 10348
20671 24061
7529 17222
8799 19345
3121 14309
229 23395
10815 21333
17507 21864
9771 25335
5004 11494
12090 25805
15712 20021
11121 19800
101 14010
3267 22874
5094 6985
9784 24487
1477 10955
10018 16965
6251 15184
12308 23215
14240 17027
3389 15365
3624 13591
11251 21326
967 23361
10119 16526
18189 22517
774 6586
21079 24502
3900 11504
20880 21631
16353 21798
11048 21759
7283 23348
23597 24072
4717 14988
23327 25634
7288 28100
6506 27719
11111 20988
6113 23267
5091 19494
16551 17964
9524 20701
776 25711
16781 27865
4597 23719
905 10749
7791 25206
17273 20336
2295 7370
4789 16276
7832 19960
18911 24804
6506 21944
2860 19033
1975 6552
18018 19494
18533 22028
881 4108
17170 19347
763 15563
2656 18310
6745 24216
488 4636
1851 20291
3573 14709
2168 24984
9380 18634
9098 24521
4886 13926
6868 14771
23806 25414
17731 26887
9436 26417
855 27746
8074 12403
15418 18921
25008 25588
1611 9850
7945 21798
11623 17941
1449 20927
6914 19947
8261 25956
1230 7820
719 22197
3311 22951
4180 20889
19481 24055
1247 7888
2666 16374
957 14464
20376 23143
7155 27328
11526 14687
894 14778
8588 10846
1291 1878
10477 25012
11040 11484
7737 12794
2179 27346
10742 24405
1819 20483
13736 14633
4321 15298
3908 15939
561 19200
10495 14958
6975 22973
5551 18262
3752 16765
4131 12163
2885 16759
4823 5134
12792 21111
7021 22784
1801 10015
11073 24474
2888 11356
3750 24229
2344 17443
5089 15317
2510 18215
9848 16131
15175 17601
13212 22551
3050 7900
20714 24057
10393 25140
20167 22011
10054 18575
9961 13789
595 13328
5217 22869
21882 26707
388 4623
7222 19538
2615 20282
4195 15251
18553 26908
1306 7354
4677 27262
3382 4037
18669 22071
2518 9739
6261 22720
10833 16144
15808 22205
3544 18436
2305 22639
21123 25855
2146 11743
21312 21506
21746 21809
2320 26584
406 6490
12049 23571
14947 20577
1510 1705
836 3484
2798 24108
5626 13515
25651 26898
26335 26832
23785 27923
857 21145
17390 19172
731 4781
1359 16393
19817 21423
4891 17926
20988 22329
4674 13766
19033 22040
12453 14539
15877 23515
725 18680
5082 6972
9951 18658
6081 24450
1228 9294
2061 22331
943 8142
11432 22593
3802 18206
13676 27495
7375 25879
3638 21470
21633 23600
10050 19425
4545 20966
19180 26879
8085 18055
3296 12827
3598 21932
17090 23426
4580 14129
7940 15106
2002 6728
8830 26457
2651 22651
4282 18192
2495 27087
18218 23384
19857 21791
9487 25228
7753 12437
9214 23489
11717 25238
1719 14631
5127 16036
8096 16037
19664 25999
16905 22884
3301 23501
11281 21798
5602 14580
5485 9353
428 28174
903 1240
1482 2533
11785 26758
15870 18015
9592 17760
7360 16941
867 9356
10028 20086
11817 15659
14082 26010
21084 22421
12726 23722
17686 21058
3970 5166
3730 20792
4595 19868
9509 10342
14141 24187
6663 6861
9472 17401
15766 16330
4468 20138
16386 25881
17606 25074
19396 28211
11322 22399
19586 23994
10083 21738
14364 23423
10421 16478
911 23722
4755 17154
7508 11577
1756 14398
12137 19502
6814 20302
8754 9206
10342 17927
1596 2727
2295 26670
9408 9560
24083 26106
14686 23722
10054 20990
15776 20501
3634 22955
20832 25414
3463 22871
10296 25735
3472 26784
8816 19639
7169 21910
21505 22253
6437 15312
11094 23921
2475 17598
19563 24395
9326 20992
2701 20849
14067 26081
2061 22254
12652 21051
20179 28049
2780 9384
14247 23847
8426 25742
16126 24834
1795 23437
13364 20265
5701 15986
3625 19566
11712 13435
1920 2022
16027 25089
3493 9282
13626 20204
15383 27841
6903 9509
12881 20977
18811 23260
1575 4282
5481 21790
1782 11814
24576 25432
4649 23101
5734 28013
7354 17601
1238 22319
6206 23304
2247 20994
8368 15037
972 27186
16340 16964
18999 26341
17955 22714
6177 8856
11255 20717
4767 23145
5913 25409
12887 18553
16197 23318
4142 12639
7225 28166
9963 20024
6490 23310
439 7253
7482 21919
5691 16422
1906 13093
17375 26269
4821 20713
2530 15531
7114 22425
10512 19736
13756 25636
9327 14062
9874 17318
9614 18245
6483 16625
5190 17298
17961 19249
5196 7002
10160 26127
16063 16722
11281 27841
847 21981
10390 12684
799 6105
9131 21296
21823 27421
1721 22052
2040 26053
5055 24610
19139 25032
1915 5371
9080 11682
21554 25095
387 3641
8075 22936
1259 18919
3521 13484
10460 14044
9683 15457
2980 4650
9361 18823
4812 22416
12246 25280
11692 19826
8813 25112
6147 20205
12869 13625
10885 15950
7917 20468
5587 23298
825 7390
7990 15120
569 2943
8148 22455
17263 19548
3712 26000
6465 19483
8958 16576
16016 21981
23167 27569
22429 24722
3520 14555
3282 12066
2855 26097
13086 23024
24214 26053
9090 16434
9019 10115
3645 9234
5117 15470
3277 13614
5832 27330
18463 19430
20266 21356
19664 20575
596 12689
584 4599
3059 10293
7229 16879
5613 17536
18541 24454
9055 26802
681 18972
14050 27563
5140 8675
22005 26739
10089 27010
5237 10560
4489 27273
7121 21969
2435 19536
14344 22143
3401 16016
13168 16036
3558 10127
13864 25336
140 18280
7064 25761
514 3019
1554 11417
23619 24063
10488 13410
2642 24031
7375 16435
18345 22425
1725 6370
8614 25849
6868 15493
3714 4496
7635 12369
21450 28158
15311 23275
15162 25613
10214 27316
446 2811
1178 9574
4141 5583
11519 18840
2636 10693
16766 20072
580 8413
26 24468
6177 24444
9517 23947
3272 24218
9441 18521
18553 25564
737 24904
355 7517
18720 26954
22425 24127
7947 27824
18906 23665
6965 9154
5079 16065
1438 15239
896 23417
25021 26156
2037 6465
20573 21270
21883 22387
8397 27655
5211 27869
1511 24681
23037 25822
5217 21471
13821 18574
20119 22012
16806 27867
8733 18938
849 3038
11677 19264
3940 11672
4086 10943
3609 7471
8247 25956
11368 17838
7950 14681
9226 11439
1888 21393
2410 13600
5249 9963
4409 26347
13591 24068
9105 21623
3881 9993
15286 18924
9968 17456
6922 13222
605 25265
20166 27905
8579 26986
3189 7031
3400 27698
284 3076
12078 16955
12075 19451
3634 14771
2225 6569
4205 26665
4993 21084
7564 10523
3622 14822
6298 28189
14215 21173
5057 25337
3334 18875
25057 26673
4453 17973
3472 10512
16884 20764
1726 15744
2362 14957
5971 8274
18286 21294
3141 27867
1600 14648
577 23342
14568 26005
8806 24069
19817 26710
20338 27536
2689 21129
7598 12793
14689 15857
15181 16388
4378 26528
849 20480
24062 27927
13077 14186
3940 19717
1823 22323
17259 26293
8370 11093
23764 24939
18904 22088
376 15452
6261 15196
13008 23722
8609 23220
7349 25575
2676 19872
3257 17367
11757 16705
14865 27872
18607 28254
4693 10612
14292 26698
1800 5390
16279 17440
10062 20890
16029 25575
8246 21473
3987 27758
196 16619
535 3842
5979 11486
11641 18654
9422 11340
18823 19639
1582 27433
15910 27867
7447 12223
6940 23082
7921 10746
3098 16307
2157 13699
8184 8807
2247 24551
6562 6960
1347 14025
16593 23353
1112 11343
17398 23254
18228 18723
3359 4489
12056 16175
17760 23243
6337 27967
4498 25869
12075 26935
14092 18218
15057 22616
5600 6426
13887 19525
21696 22159
5160 20347
3436 17481
20403 26093
10403 13391
12177 18115
13192 16576
14995 25198
5587 17112
8090 24715
9356 14713
890 28277
10950 25043
4283 13066
14140 27074
11857 19054
3280 28218
16437 25716
5406 6491
3997 26405
17087 21172
1613 3488
5941 20609
396 10826
9835 13054
7611 18036
9168 23097
13516 20615
6562 8370
12257 27569
20116 26220
3856 8801
896 24576
8478 8852
12573 27013
12316 23799
11241 17546
3483 6296
8421 10465
22058 24842
16976 20394
20370 21416
15004 23619
23352 23645
9432 13977
16029 22607
7024 23605
1699 5206
14606 24554
434 11671
14215 21853
14974 26798
356 23318
416 20931
20737 27033
21450 22379
10427 11288
1820 14527
4861 27271
8372 11475
8212 18211
16148 21315
10346 14583
15508 27085
14352 17768
1643 19819
6776 16640
235 24509
7496 9429
11417 11824
54 14976
20087 24905
21436 25430
9858 27782
11416 12826
5716 5739
15723 20751
3734 26189
3734 17920
971 4651
3337 14710
16781 20187
9915 28044
19223 22634
26604 26656
11529 27500
13418 16367
25265 26661
2567 16559
7435 18993
5505 10161
21481 27042
5943 21446
1985 2093
6737 9214
3922 20651
10896 14583
3059 9113
4999 18267
7974 9610
5906 11682
6972 18308
242 1349
18974 20747
11431 25903
2546 14555
3059 21811
10187 11661
6251 8494
13801 24524
8846 22040
2215 12006
5989 6490
4581 4713
9319 22025
8529 20682
3381 21074
4178 8746
6220 7434
9041 27522
3265 9324
1600 24693
3940 6576
5916 11597
688 3077
13272 27938
5327 15477
10967 24843
15099 16878
14083 22154
5004 5989
2954 7933
10629 27926
1505 2899
1719 14534
22323 26584
3188 22416
14504 27821
7660 11522
18945 25626
1518 3510
17169 23562
3490 15442
3102 21637
20261 24782
3359 14997
15003 24313
396 23127
3734 13495
22814 27600
6672 14241
10535 16249
20441 27560
14247 23870
14637 22686
16333 23736
12902 22987
605 799
9563 9730
8623 19835
4639 23422
5984 22221
6295 14863
3410 9404
357 17984
5861 16947
4290 7518
11878 22425
13208 17779
5055 12073
259 7481
10687 28044
7488 18479
7349 21804
21913 27108
1348 24630
1972 21679
18061 25008
2074 27104
430 7341
17801 27294
9122 14462
9504 18790
1164 3039
3727 25126
5263 16582
9524 13957
86 19931
14478 23371
17683 25140
8567 8569
14471 20338
2954 21505
4859 21938
4562 18645
7493 8987
8806 11486
10929 18173
8718 12846
1927 21248
14998 15047
17364 28046
3069 9737
12957 16326
12650 22764
1050 27636
2259 7707
1831 25059
12982 13200
6972 16369
1228 8179
293 17485
8656 17047
10965 19174
18160 20773
6326 8990
11580 12991
23090 25202
2245 13888
6230 16644
18320 18775
396 3622
11113 11521
3357 24005
13555 15312
9543 14228
8281 11450
3220 8035
5099 20435
9422 21374
10683 23808
8212 22564
17416 25864
826 27753
4782 23644
14344 19876
4965 5129
19240 26116
10838 23446
4445 26931
23455 24148
1074 24934
1782 5959
9974 13692
1150 3546
283 9978
11788 14602
7768 13264
12396 13211
10350 22881
1924 24061
183 6654
1878 13815
3130 25198
5978 15692
292 4239
8281 17941
8567 14925
1878 7768
16939 17870
10399 10963
3763 18600
13718 26930
7107 9047
10630 26187
3826 12444
12444 12899
10935 26498
3679 8679
6965 7079
136 26611
18820 21864
23319 25735
8170 22516
19396 25019
7403 24024
828 24823
7288 27655
11872 27031
1546 12057
15680 16094
21204 23197
18772 18842
580 25299
19289 19787
8954 26260
1593 21291
6881 7850
30 20523
26320 27822
6280 7420
8586 20018
4537 26565
5989 14657
22283 27913
6932 9168
10258 16968
1036 9189
3746 4159
10691 27867
1852 2303
1925 24206
10619 20605
8669 13471
6877 26970
2435 23560
11311 18894
1933 15633
7744 10567
15282 21978
2702 3955
11539 22138
9826 12342
1921 17770
1980 10202
8547 27914
1950 14213
8795 21867
11864 15895
27444 27778
4519 17874
15991 25028
1171 11039
13171 18674
10191 23764
23701 24273
5198 11703
17686 20749
6765 11963
6051 27579
10120 24160
3640 20579
1797 6053
5448 11296
4952 17847
7826 11076
1178 21157
6426 22954
17482 23754
3090 10420
1622 10389
3932 20633
6965 12379
10179 13492
14513 27987
22587 28060
5710 8680
3705 11170
9115 26661
18387 26786
3348 17963
16919 24892
27368 28009
606 20682
12875 23069
4689 6177
2606 3667
10012 17864
8138 18214
3285 4833
2082 13154
9582 13506
20288 23994
11877 25969
1900 23282
19430 19944
16866 25226
2961 17924
15428 16323
20053 27792
9136 27208
12293 14903
2709 4038
9503 11444
6990 14127
15866 21231
3406 27837
15429 20758
12724 15939
7881 12155
5300 12860
11696 27129
2799 24172
1830 7581
3874 11593
7920 10708
19169 24510
5458 17080
14240 24723
985 24520
1669 19190
14033 18137
14975 22988
13847 21201
4070 11447
26559 27932
763 4699
499 6195
14299 25075
11252 24828
8157 11026
12617 20296
7626 11977
653 20549
22937 24745
2447 22793
18684 28242
18921 22914
11390 28082
10146 10532
115 245
21003 26740
369 18679
4321 25228
1889 13156
1645 9898
12811 27795
14153 22539
23679 23932
21578 22644
5170 21484
8558 16955
816 19309
10650 14180
5510 8478
8924 11286
16823 19219
3944 7839
15739 21641
2332 15990
8933 23685
20205 27106
4421 14683
3157 25453
11551 18027
5398 11079
8709 9871
16953 19982
1254 16404
583 2276
12612 22322
525 3626
783 21727
2518 6914
5906 6968
15984 20661
1350 12417
4581 27542
396 9106
2022 7698
19776 26256
11039 21988
3895 17364
9884 11350
4310 18470
22056 25012
13370 18593
12688 20944
19212 24830
2333 12113
10222 12604
13087 16243
11435 28082
19616 22953
1088 8189
6832 18908
6381 11284
7800 14562
23308 24068
12110 17022
18516 27811
8730 10526
5435 18019
7002 24296
1197 23028
3718 15556
9826 12183
14034 15829
18775 27140
13434 18547
3197 16026
24773 27117
4137 9717
12742 25962
7910 21849
12476 19481
2034 5618
6456 18457
7332 25151
18548 25263
697 3439
11026 26827
5665 18011
17842 24784
13422 27597
4534 6345
6065 15481
440 4743
1604 27107
1023 16597
16623 24240
20138 22446
2209 22226
14891 27796
4802 5352
12128 17244
10971 25453
17111 20509
6715 21976
16960 26091
1477 15864
2225 7443
10446 14959
1163 23682
23872 28154
16664 27117
19566 23628
1349 27579
18843 27322
822 9260
3728 17447
13802 26930
6666 23152
7768 20395
814 18371
2396 2604
6860 24554
2342 10360
8948 22010
4216 17737
17779 21766
3780 20424
9460 16865
4646 23120
40 2841
9356 10282
13915 24904
1505 8444
17445 25301
24065 26284
1349 22665
13091 17446
7850 27640
3331 14133
21130 22949
4591 8187
26445 26685
11194 20739
5078 27418
5946 23952
2575 13273
15382 17549
10162 15452
20337 22254
17898 23644
3851 14525
1927 3415
2706 13460
3727 15714
15530 22364
9569 14941
2010 7079
7034 22416
12397 15705
1442 27595
14215 20449
15911 15919
3889 11913
4024 10924
8707 25498
4896 23891
9429 23193
6658 24073
808 18368
1103 8703
3456 14158
4240 26079
2533 22947
13422 24764
11282 13080
10097 11963
8024 11534
4574 19116
14567 27424
5078 23036
9821 16338
14631 20199
2496 21374
4101 7227
22066 27337
10767 24950
10444 15561
14694 23499
11269 23441
13668 15164
18276 22992
12356 25085
14895 16016
7002 20151
16862 25165
715 7205
11585 14106
9662 15082
3925 9055
15335 21201
4734 13192
1066 10242
9739 15141
20131 20310
526 5093
22379 23914
16369 26974
17649 25494
21210 28238
9226 15286
7568 11115
8497 10549
6350 6888
1936 18736
6656 24374
5584 19939
3651 4035
19086 23277
2667 10231
5105 25283
15355 19897
17640 18530
3908 24099
8689 23721
10687 24049
4646 7987
3797 21215
1212 22570
14563 18402
12538 17965
19785 25330
2200 11563
4942 25026
12927 25309
5359 23655
12696 20162
7288 11023
8734 16297
3515 6980
22015 25049
3881 17330
17457 22255
6047 25306
2888 7779
15869 25163
8775 27531
20096 27276
10844 28100
23198 26262
4718 26601
20287 23605
4495 5340
10792 24551
4905 26933
7728 9022
396 19618
731 15951
20966 22554
17992 20480
29 1750
10212 18155
3504 27576
9239 11409
16694 21886
17798 26892
3731 14888
15825 17015
7911 20323
5468 8100
8267 18270
16641 26588
2156 2349
11975 21462
9226 21925
1411 4227
569 11375
20292 20503
26908 27321
23074 28060
1574 8924
1379 24245
11692 16905
8817 20958
22663 26993
245 23760
10907 13564
14916 20459
6896 14376
1361 1579
5252 26178
3233 12155
10800 23469
7885 20367
5649 9735
5288 22871
15284 28121
21908 22457
7956 9154
2024 12451
2386 21293
5057 16984
23465 25319
23 18425
9980 22885
4930 9408
12411 20965
8080 22470
5965 24884
4218 24211
10658 12344
7471 12769
12642 24422
4952 21066
14012 17374
8408 16540
2719 12218
6763 8751
3356 5082
6117 19843
242 2721
11100 25090
25337 26179
12757 16887
13167 21573
20258 27087
10461 16635
4275 11701
4838 17985
2022 22481
7375 27221
13102 13510
13495 22452
3059 4514
1034 14389
15467 23400
6647 18678
7804 16329
2432 9981
12026 19601
2617 21267
20483 20890
17207 23162
10971 23553
20419 21334
425 10090
10937 14703
3437 16166
16664 22845
2126 14901
12641 24994
6182 6823
18164 25928
10692 16869
32 21483
11352 14115
20123 24294
13623 17220
10498 16929
9710 24523
1793 23295
21327 22203
12495 26312
2373 17181
9617 10567
24548 27520
9208 22663
5150 20627
3244 12437
19036 23143
7108 19440
13605 16967
563 3323
11795 27703
9999 18358
11535 18920
14090 20148
13364 22565
1508 6510
83 13664
2696 20443
6426 8088
25869 28092
7323 9067
11626 26396
5246 19785
4771 14080
10248 27312
6190 21260
416 11727
15673 24415
5028 25658
13187 17479
17880 20389
925 18160
12091 21623
20685 24250
1993 3706
13656 22233
10200 16312
2204 15747
8434 12009
11982 16239
3789 23848
8800 15009
916 11544
16360 24061
8344 19827
9847 17040
10680 23647
4278 9691
12249 13294
369 11080
3986 9717
13970 15376
5440 7311
9461 20286
20046 22106
17407 25453
11457 25655
7741 24158
1550 10354
4758 9492
6550 10033
1888 24005
3472 7075
8310 20115
18931 25913
10515 27886
2241 16384
8734 15538
14539 25358
1014 16225
18589 27312
12501 23517
10253 19689
5403 7018
4534 7170
1970 7668
5500 25986
239 8043
4941 22515
16923 25385
6596 7758
15808 18265
8236 17903
14661 24918
2288 15464
3886 18589
10407 17211
13374 16941
19848 24148
11798 25009
6030 23334
941 11282
9341 14993
2034 4039
4101 23254
2910 16876
6188 28099
3760 14862
2189 4457
2671 14086
7407 8705
7976 16937
14662 24764
6179 16334
10647 20239
20689 26930
17393 27660
3667 22931
975 11536
4041 20753
13216 14129
1239 22683
6198 7623
6320 15355
4260 19081
1748 16963
16206 28189
7751 10390
13810 24637
6099 18832
6890 24069
23011 26517
19853 24122
10069 20032
3379 27500
2438 10347
1839 19127
8182 16603
2022 17593
2150 15206
15410 26582
9904 21581
12593 28077
12358 12376
2168 13618
11610 22996
7004 23352
22960 24308
19234 27047
1158 17946
16276 24354
9635 17748
4187 16860
7031 16584
3307 5722
25062 27495
6729 26477
3162 11315
16689 21915
1547 4646
15668 16529
12291 12493
14074 20196
5288 27819
13830 20707
6331 13207
11111 27643
9089 21910
8 6268
10242 27279
489 11202
23066 27189
11819 13181
6707 15443
1044 3683
19576 27197
7420 23593
7277 16067
804 3201
10990 25930
7552 21239
2250 20586
943 8939
5913 12459
17164 23738
14108 25598
1278 14954
25404 25766
180 21079
22516 25978
11133 27917
3734 14024
15447 17390
18088 22290
873 14471
7603 26542
15548 23284
727 24403
12144 18457
8057 9005
2521 22100
11282 11801
18379 27184
5016 25137
17443 19665
2233 22425
11632 24947
6239 7820
2228 15442
13962 23130
485 22425
1779 16984
1609 21269
9842 21237
9993 25035
2410 4819
21038 25855
11140 14398
5331 17235
6749 14520
6672 22471
9511 20382
4237 8956
20290 23271
14082 21910
12105 19135
7296 19828
12356 16188
15957 23785
25525 26400
12105 27356
14175 17349
7953 11965
11368 22248
19753 22309
14029 20233
11836 21696
1707 25399
4141 26457
2503 23631
12651 24448
5190 19760
8441 22325
17251 19925
4439 4646
545 11641
1878 25791
16986 28156
8959 9749
8462 10800
8499 24626
10714 27945
664 17259
14998 21412
9920 15883
24285 26581
7442 12864
8471 18299
27448 28044
10825 13501
7775 24742
15284 20758
23377 26901
5691 9058
1958 4248
16986 26283
19325 20417
1860 7543
7410 20667
7437 12341
4766 5297
6994 11710
3126 4843
19186 24613
10208 16138
12052 21230
16984 18095
5957 23997
6096 22758
3566 7508
19348 23983
15161 21312
25440 27928
3655 19136
1085 9185
17951 19913
16457 23386
8754 25299
867 20395
1491 24485
3265 9253
8300 24189
7852 26721
7025 18686
10261 27599
8896 24540
18255 22832
8750 17801
10794 25412
19741 22192
1 11329
2535 5687
1435 14632
18958 22761
6097 27176
6222 25452
5629 25444
11852 15913
3141 23070
20051 26691
12549 24908
592 26957
11336 20639
4767 22785
3667 23978
949 20308
14706 24543
10077 11522
234 20313
8208 22066
16175 22666
10935 26000
15829 22040
2280 4802
2129 16608
874 3594
439 4641
12791 14681
1315 4767
693 14431
2984 4477
4295 21935
8110 20767
4756 6620
18665 21821
13452 27775
1959 18369
4640 24395
10937 24241
1466 12985
22607 27343
6921 21653
1434 20016
5766 11082
2882 22271
5906 14803
23006 26273
4440 16862
9950 11599
2690 12308
8285 28134
139 13738
9067 12423
9410 26748
15662 26367
21149 27746
26 20664
24104 27758
2665 11145
22934 24580
5832 12500
6902 17539
12166 23945
15174 15348
1085 24566
13644 14591
1317 23619
21919 25086
15633 15999
3793 11082
18178 26740
8421 15680
19180 22829
7635 11128
3589 11807
9459 10229
4749 21732
3810 25976
19900 22895
9640 14772
18533 23254
7394 18384
3488 27795
114 7308
5522 26559
948 7820
828 20622
9441 24804
2104 10948
21154 27292
7171 12852
3858 14520
6227 6926
16292 22511
6462 24061
10378 25329
13101 18832
10490 27500
12185 23505
18430 25435
717 16590
3674 8746
3917 14933
711 14771
475 21261
26231 27105
3631 24593
22905 24032
6514 12016
9215 11859
2759 14106
8636 15163
1713 11535
1075 20771
129 16434
17734 24405
11830 12838
2650 19492
24836 25964
13343 15085
3423 9871
2954 10725
8481 24062
484 14473
13507 20476
15941 26463
18168 23307
14672 23333
18406 19189
6961 8589
2657 27489
1948 25146
7500 23869
12257 24122
7051 16378
1519 3197
3893 23593
3045 12773
3455 15988
481 25960
8501 13113
1468 24343
16243 25953
38 6079
17043 18084
4207 19921
12479 27835
5327 22040
1366 17657
3054 26001
5832 10345
1008 11369
8781 13373
18327 18752
4509 7098
6618 20195
8690 25008
13471 15564
16236 24064
9201 15014
9569 15705
20162 20558
11580 20682
17427 17848
13106 21954
3669 15120
10309 16428
9252 16704
15531 24453
3790 6738
936 1981
15823 15910
19180 19627
12792 18920
4378 14575
17138 24823
1014 22514
8453 11080
8981 9796
609 1689
6928 23051
7320 7522
2547 9441
521 10444
8581 22183
26896 27853
1379 27218
711 7555
8818 12558
2880 22875
16276 23111
20797 23574
4152 7979
18931 22285
3819 8465
11416 24573
48 9343
704 2105
421 20054
3649 13142
5196 6604
6094 16955
10747 17787
23377 27503
21929 22141
4646 5959
2344 15020
10187 15429
14943 18457
4623 8883
1635 2387
15875 24728
8785 8806
10408 19184
7215 9797
10411 12204
4818 17498
2206 3633
11535 18768
2678 15561
4952 12356
3741 20053
3307 22365
7985 8860
14827 25584
15383 18593
22954 24509
12433 20433
4187 27222
21139 25636
4902 21067
7930 10022
25562 26544
2157 18266
1142 3901
21846 26447
6569 21729
550 16031
5515 14392
2198 7757
187 3128
1488 23531
8392 15307
2961 8413
10881 14971
4942 20121
495 7820
16582 20162
3239 22011
13389 28190
3940 21851
1606 15066
9746 14178
14879 17146
3741 6969
10391 23208
6857 10469
2373 16049
22181 22255
9699 23193
17239 19289
11071 17411
18567 20771
3687 28197
7075 15018
4639 9939
5882 19605
7198 13603
9842 11993
4646 14393
20665 21207
3609 5708
1416 23973
3147 3275
1727 17652
7414 27678
3362 18216
3045 8037
9226 11975
23243 24602
593 1023
1899 11199
497 25232
12155 15934
7373 25459
4178 12250
11336 12754
989 5160
13725 21438
20963 25028
8033 18665
15072 27936
22761 27405
7751 15520
17056 18369
5010 19194
13646 20370
7185 19982
15742 16048
7881 10030
4828 19071
10539 13848
6839 11471
14110 14948
20205 27221
2709 27961
22359 22936
1957 10326
611 11450
9704 19721
396 19254
596 23597
3679 7982
1900 16905
13220 21084
10282 20758
9937 21055
7173 11911
10579 25344
1240 9191
1106 8349
24052 27908
3385 15559
1948 5327
26278 26731
25433 27152
10562 18433
10121 27146
16045 22034
11946 17805
25921 26833
17526 20876
482 4190
16149 27795
22650 28226
1637 3745
7223 24410
1477 9934
14182 28263
15023 21404
10315 24607
3 24280
481 1544
19073 20053
5232 15967
3636 11518
3287 7497
5991 8733
27768 27823
10538 27505
1620 19180
12332 21704
4581 8195
6490 22497
3530 23566
768 16901
13362 16855
11682 21952
3244 16258
5283 24966
11987 20137
341 9605
10638 18474
22227 24654
3442 16766
10 3818
10446 11588
12038 20757
1902 2185
15853 18038
19909 27175
1322 19662
9473 14969
7809 14706
2709 23064
13499 27298
13055 27961
282 4818
4524 19813
865 7327
19909 26766
1590 11554
18428 19184
9714 18793
15970 26209
2847 27495
8813 27111
15942 17479
5290 9538
9542 18669
17407 22205
7884 10753
4162 7210
12045 26178
2670 13987
14971 18469
2342 13720
4063 12549
13299 28181
12260 17353
8963 18430
9393 10050
8612 27828
10154 11836
1724 6453
686 22894
11168 15613
7214 19018
13535 27265
6587 21806
14570 26680
25608 26304
5142 27418
21439 26053
550 2938
7591 11822
8168 14384
8964 15894
672 21611
20630 22813
11916 14418
2710 21728
22520 25151
1204 26074
23771 26409
7483 27029
7822 21179
967 4209
2888 12357
1392 25823
9029 26479
15255 20299
8852 22103
4248 10154
12796 24618
5533 24689
2759 21954
5472 19781
23863 26061
2709 24367
3161 4890
9053 22421
3793 27597
11902 23967
6289 18211
8388 13440
17597 21559
1398 24576
14288 21050
5145 20234
10116 24113
11757 22148
259 1635
14534 22452
9621 22197
12030 25402
14539 25928
3063 14807
2668 8296
20355 21746
568 27192
495 8846
12433 23222
21369 27966
3202 3997
840 5070
12073 21727
2869 14911
14010 24122
10767 27013
16260 24721
10740 13787
2935 23615
4151 6847
341 19483
12128 15996
6923 13876
1516 20053
5609 20558
3129 5782
12997 25162
13984 21473
10076 19801
14128 18954
8384 18003
17258 23297
12046 21296
957 10956
8514 24559
24289 25712
16207 27861
175 16957
23803 27423
17491 27358
7999 10916
12356 24341
3439 11305
8875 18712
21352 22415
22637 23288
4169 20046
4218 24491
693 1302
10411 17482
14033 19827
8810 11953
14950 26095
570 13647
12810 15653
9772 21818
12257 12915
2522 18704
4051 6544
4561 23703
7386 21748
9798 27059
4132 6511
11987 22966
13137 15899
18461 21419
10917 12590
15301 24062
8565 27936
7498 19862
5727 10245
15660 22843
2038 14417
5330 6348
5287 24323
7532 22505
20705 24029
1622 20332
12750 23182
570 23671
14133 27279
20544 27976
22454 26327
12145 21456
16941 23046
8511 9791
3420 11410
1022 15895
13557 14288
6974 17382
16879 25530
7861 17723
8899 9205
7758 9465
22381 27882
9231 14180
7380 8594
11266 21680
6429 12817
7111 13647
1155 14136
946 1721
20538 24801
8158 17905
19269 25887
12606 25927
17145 27042
18015 20485
7975 26559
14817 24924
18824 22895
11880 12194
7746 22467
12554 22905
3872 13405
5398 26514
14464 24453
8754 10415
8012 14677
21026 21409
4029 13008
867 15373
13777 23034
3284 11673
15357 17028
5258 7670
971 9234
3098 16602
4256 9226
3394 4075
5722 16386
935 23753
7350 13623
8062 25287
5042 23012
3758 17556
341 24415
3780 4551
17326 18793
20162 20664
11383 23400
1213 23209
15308 16276
22581 23943
6594 10741
403 9528
1228 21293
9465 11975
15633 26820
16617 19725
782 24797
2462 19834
17963 21341
11444 13180
11148 22329
14724 19122
498 3361
9923 10197
5093 14369
5308 11964
14843 22894
6761 26666
18755 28062
21719 21929
17883 23822
12787 21348
4549 13831
12257 14023
1371 20789
15404 17726
2255 27953
19723 23657
3878 14178
2662 4645
16276 27792
220 17938
19127 23618
5554 19757
10845 15939
10924 21028
1606 18128
7844 25828
12148 15480
26713 28181
4719 11798
15360 23919
4808 20112
19023 28061
17259 24660
11040 19835
3066 11094
2068 13558
2206 18547
15169 24863
6550 8498
12826 22542
23679 24122
10971 21079
7632 27719
16082 23995
10023 14249
6479 23654
1194 8333
6669 7300
6668 6877
881 15015
1042 3091
8730 10962
6426 14781
5794 22334
14541 24232
1609 6495
12724 24575
2086 23918
23628 27274
18283 24369
2758 21961
8169 9528
13042 21804
4245 16517
9813 13585
4519 9465
14001 25304
14588 24879
3734 20162
7025 23165
21692 25214
15346 24072
7370 20517
5984 6848
27013 27841
5569 14996
2245 24491
17446 18823
15985 24006
3147 23657
1178 13165
4626 9252
4323 6668
8789 19748
9159 20615
19712 20171
12383 14974
11800 16613
5636 8184
2250 15867
7758 17727
3194 5705
11199 16432
652 19617
10532 22873
3764 18861
12342 14778
11804 18334
13681 21826
22452 24750
1178 1745
3101 22452
2412 7594
9061 14985
2518 18618
5363 23640
920 20515
15468 20537
7015 9208
14677 17547
5983 15493
5388 13688
7617 26186
14461 18994
23905 25106
21565 25636
5641 18746
14064 23915
9214 18704
10018 24507
4274 18721
1541 5989
3126 14458
7111 24608
3314 23729
14586 23318
18464 23293
3378 14555
2764 23060
14428 24059
2127 12199
5699 9193
11049 17785
17114 18408
8437 18764
295 1321
5774 18436
13232 28031
4587 11798
2110 4277
5145 15507
8533 24477
5606 26832
11697 14136
5055 26686
490 21616
15727 25788
20876 21564
18177 20064
1618 11875
426 20441
4933 23930
5906 27753
13272 24539
2863 13844
3585 7903
11140 15995
19566 20258
5647 24586
19448 22278
8935 22981
20661 25212
7147 21156
6257 18704
2518 10286
8435 19886
2764 26802
20426 23932
3192 7774
5687 10910
6869 17823
2826 12689
11380 15756
6255 24521
16193 19952
15193 25395
27361 27479
17615 24061
11241 12852
21266 27373
6832 18265
16878 28055
3795 21340
20008 21823
6801 24068
3275 11495
706 2901
448 14872
20123 26493
2708 2868
31 2562
2547 21141
10876 17381
12682 23295
3141 5434
22448 25678
4868 19277
14106 26253
14344 22309
4008 16092
16351 26601
18755 27495
526 23500
21735 23367
2929 15624
2247 22074
6770 22746
15854 25046
5292 13827
3206 20498
628 674
9226 12639
9683 12672
5978 11322
8893 15712
4824 9847
5495 8083
23656 26322
385 972
5146 22099
6586 24412
424 25468
3585 8760
9425 24855
4604 23619
18265 20611
10787 17303
19242 23483
10269 14855
2121 22342
1 11558
17757 18581
20958 23499
8690 21113
5961 10714
652 28186
5372 23560
5594 24383
14990 17383
86 8756
20876 21904
11221 14431
11267 12823
4229 18193
19874 22436
3976 20703
15572 16965
19304 19952
4967 7982
5304 13994
13391 25242
16888 24290
22581 26569
220 25397
9018 13366
3163 11161
7987 22040
8739 10728
382 8781
10883 11709
1294 2904
1621 16629
11610 15666
359 9239
6348 25679
5032 5962
9396 27461
5335 8055
27374 28231
5879 9685
11460 21414
874 22759
4489 22761
9591 26851
130 23214
20026 24191
13928 18449
15869 24665
628 12111
1537 10786
6391 9442
2383 12542
2302 7406
11095 23345
3113 13623
3154 13343
24359 25971
22043 23696
8875 17883
8406 24828
2727 12727
287 5609
7861 14176
17930 18149
5623 23830
18859 21455
3592 10023
8536 10900
1030 21294
12954 27864
17461 17969
17635 19184
11358 25906
841 6209
1672 22479
22647 28027
8268 11730
16214 20956
4626 15229
1484 8775
8182 20258
8073 25010
13038 18491
13203 27659
25210 27252
8589 18319
21304 21407
6453 14469
509 6753
14228 17543
3421 12034
3117 17556
4528 24422
9229 26925
6702 14131
8287 13616
16794 19521
9878 20804
6879 13585
3195 24267
3685 6674
86 18653
18411 23326
1577 25129
25157 27373
6216 21352
4461 19926
3039 23310
10416 27418
8381 11540
5292 5505
8899 10723
12103 25956
6733 9609
4758 19961
6082 17940
830 1162
5522 16905
4326 25630
839 6501
18161 23007
3565 18225
1008 18708
10493 22687
22426 22787
5150 9093
18409 22245
4091 27686
4551 14623
16467 25481
4448 8585
3059 10254
207 417
16914 19118
369 22040
19801 20069
8434 18735
20452 23711
2767 21387
332 14125
2227 4518
6936 23524
5657 12346
1814 8016
3825 9260
9795 22047
20355 23983
322 23032
6372 17956
825 13475
22147 23345
7166 21423
3090 9361
292 2781
12620 23424
16686 19746
8527 10104
10693 23734
11119 17416
7956 26107
8785 19601
8750 15524
1469 11657
4966 11312
1780 6410
16228 16621
14954 17177
6989 19169
9153 11839
1335 4581
3284 24479
9038 18309
4949 8798
4404 14604
23194 24772
8069 19776
8383 23430
22696 24952
8067 11605
13262 16171
11763 24572
9758 27967
27314 27861
3531 12711
10121 16759
6962 25751
283 22716
12479 18178
2683 8014
21773 25228
13607 21700
11596 21366
9410 19253
5906 15251
1713 18920
24139 27949
1545 14662
8232 28205
1936 8229
17420 28238
4825 8151
9216 17150
17730 25172
7534 11809
13793 22223
5564 25708
2288 22798
3848 16910
10405 27004
4101 14995
8658 17553
1779 23831
1236 15874
2688 28250
25643 25780
15031 25445
19576 20639
13507 23899
6948 27207
8022 18009
8291 14604
7849 22090
15582 22260
16152 18212
1804 22712
13148 25887
6020 27219
17416 20162
8286 19545
4493 10839
2227 26456
12874 18409
9250 12645
4532 18407
14557 15734
3069 25272
22856 26312
14290 21972
11692 16293
5107 16806
10462 13255
7437 7695
220 23469
7600 22206
4211 22112
22344 27678
4 6347
8364 28166
12346 21343
14499 15863
10170 13238
6668 26413
3428 17285
8458 11423
24865 28059
18892 19425
15003 20432
18753 20392
9557 15736
13396 22345
15869 16323
1900 15734
2274 9243
812 15659
11192 19005
899 2218
10967 19249
12454 27523
8080 20195
6351 21491
10146 21766
2494 22531
4101 24444
6523 23052
12939 19269
2392 6844
6497 12346
4811 21905
831 1925
12040 18054
4891 25525
7318 15901
9229 16674
10772 11688
7763 19827
8702 12679
8725 16170
20836 21462
11095 26263
6714 6862
101 18429
4089 20447
1686 25414
20582 24122
8437 10061
1858 23315
15713 24830
16744 21404
10023 24096
24801 28208
4675 8956
17245 25953
10061 16865
4444 5106
5023 17906
5338 17760
5445 23390
1767 20554
3727 10960
7741 18594
12149 18862
4081 9016
1757 17273
16328 25681
15811 20664
9525 22469
3356 21079
8278 16255
13968 18029
5028 15302
1466 10845
14074 20195
4571 23880
24317 25048
14108 26535
15869 21246
12927 24148
2810 23420
9869 12565
10567 21091
10357 27203
23726 28228
2878 21852
3608 18669
15826 19712
1449 11149
5091 24122
9280 27282
7223 19322
19446 27790
8057 27795
9532 27494
245 8720
4807 23578
23710 24971
2227 7798
3698 16243
5978 19313
18464 23566
106 3410
15136 23816
2874 27090
3878 12483
18427 26676
3789 14288
20795 23071
11507 21059
9021 15837
8167 17779
3967 14105
10639 17161
1167 2342
5797 6484
8036 11030
3985 8391
23872 23893
19177 20402
6707 11150
13691 16588
21328 24354
261 23197
18787 21310
21390 25035
5 5786
7538 16979
2247 15621
6868 20238
3059 20645
5348 6832
16117 20459
1609 25283
15620 27766
7417 16847
10844 21615
416 15670
6832 9371
6576 12968
19712 24122
14591 16368
7509 20503
2807 26503
23085 28128
1143 28044
23939 26147
19469 21754
18752 24319
20909 25106
15839 15985
5930 22151
3267 11143
3856 21387
17889 27373
3971 5642
584 6883
4183 24557
11606 27938
3872 21398
3910 16654
3582 24551
15900 18449
989 22750
5395 26819
16582 21925
9152 15986
20141 27328
8588 23593
2894 21815
10363 11026
3903 6495
7710 17412
811 21326
4671 13282
6641 24804
1614 9377
638 12228
4102 19191
21563 25816
5155 6446
5707 18625
1086 12853
19092 22833
1806 3791
4562 21470
24389 27455
11710 25278
3507 25299
2995 15130
16167 23661
22900 25253
4508 15238
7580 16083
1768 20141
7209 9172
16694 20503
7060 12959
1265 4358
1875 25192
4216 14913
15749 26347
13787 14575
17626 25780
6727 26089
6420 24076
4175 19947
4874 27682
5270 18982
4580 23708
2462 3413
7073 18449
7121 26483
588 11975
9638 26244
1072 8983
15899 28061
5925 9250
3002 16108
1168 9794
5042 10889
2771 14564
6624 21293
19642 20776
25036 27101
20292 21257
21335 21497
12278 27096
21606 23619
345 2919
17307 19325
4379 18364
24029 28088
812 3373
8841 10114
1958 16299
13374 13522
21555 22472
17054 19745
4041 10991
2392 22444
8479 23929
17304 19884
3059 6763
2937 24325
21484 27210
2317 5731
3463 27508
13373 27117
10254 10397
3889 14672
338 27957
17201 17396
10990 25557
16187 20661
8715 17568
11295 22340
897 22874
5038 22065
15298 15597
2664 14103
11080 21044
6142 8997
8064 22351
8441 25444
11381 17490
8463 11545
8706 12811
13059 27571
1206 2754
10971 13018
7312 8005
6729 16428
4587 10612
2543 2769
1390 9078
4695 17614
2311 25108
955 11562
10484 23098
24820 27804
3528 19323
2880 17509
1468 4330
18937 24485
2806 25823
8508 15712
11047 11657
11193 24939
5150 13762
8355 21228
904 21829
3400 9777
11580 18540
21022 23711
14106 23925
4943 24659
666 1541
1172 12472
6182 25727
19016 27910
14555 18521
19480 25107
19147 27776
2214 25547
4325 7839
22199 24566
25130 26497
4245 20634
9548 15903
850 904
3045 27405
1616 22025
17963 18369
7494 8500
4878 21770
15245 27966
17973 21554
12276 19890
18591 20956
8604 28109
20480 24160
7442 15952
3781 16858
9416 18491
14712 20545
7070 18057
1940 27080
9683 17338
7751 27394
6896 9023
10081 12983
3637 8730
1274 8434
8797 20733
15201 24122
17120 25610
2961 14753
22819 26273
7701 21707
2708 3401
345 4571
6426 10800
19705 20204
7078 11360
12983 25467
14301 16891
20370 25987
24444 26593
14932 24053
4667 13907
18353 24648
8575 19941
10175 13868
12090 12244
10715 27467
4776 24322
4883 7804
12399 21115
13246 14082
10670 12147
12479 21003
14033 24465
14353 26865
13407 23973
1529 24947
1181 9515
13721 15410
8891 9943
20469 22320
22230 22438
8090 22550
3378 7802
16720 26463
3380 7038
1020 8146
3954 10097
10259 22025
3700 5944
2841 25197
1934 24866
8667 25272
10825 27810
4391 18872
4590 26862
1767 16582
8157 8396
5978 17754
13789 22403
760 1448
4096 23885
13528 27441
11965 15645
334 705
16396 19961
10121 18976
963 20328
13367 25863
7382 27136
11614 17922
574 8672
11275 13308
11758 16616
7020 16354
6842 15918
15182 16723
19567 24403
25800 27726
8770 14672
24780 25950
115 21315
9648 13225
92 10755
5855 27908
3587 13150
2022 8251
3306 4823
9271 19856
5350 19142
1293 26520
12010 23459
13093 19123
11682 14838
620 5579
8762 17953
10216 21545
13810 26053
1075 7743
7599 10701
7676 19538
6121 17193
6078 27433
1508 23455
3790 24096
23857 25732
4286 4828
3638 11439
1830 21003
10446 11746
23845 25329
14407 28221
5691 18591
5290 16465
12418 21673
6876 27102
474 14350
8638 17842
2324 11987
14944 19371
7373 25402
682 23473
7950 18369
9809 24149
9352 19915
2113 16966
10805 12752
2430 23738
4325 17992
12246 18128
11575 24109
1748 16108
9668 21673
8016 15286
6282 15749
1757 11854
14340 18895
16036 23767
6016 28115
12503 22738
8465 9574
8669 17941
4508 17155
281 4675
13683 25157
15612 16727
9717 27736
21831 23722
1771 2539
3143 17864
3406 13784
18336 25301
867 2185
5096 15697
3852 16814
15670 17763
9089 19189
6566 25987
21636 28211
13424 15387
19349 19812
19548 22734
4439 17102
3745 22269
8224 20008
125 7809
10849 18634
1622 10943
10646 28238
9201 12935
7223 12525
14407 25596
22161 23525
5989 6832
1609 22040
12926 14354
19981 25433
8167 22546
7401 11590
11495 27205
21635 22310
1319 13195
1566 24067
6703 18036
6390 9682
12309 16422
4611 6571
8026 11796
4700 17313
5774 6680
2942 26174
1198 16047
17417 19584
187 25241
12538 12603
12363 19326
14758 17422
406 6760
4967 9591
23066 27300
5580 20229
16888 28013
4469 22059
9541 14638
1575 18354
3683 4449
258 3002
24369 27700
12554 23902
14010 19712
3927 11038
7172 12006
7281 19338
4720 16734
9560 22230
7802 10792
13597 22792
14555 23802
2265 27419
3398 14794
12363 24177
16197 16603
967 10080
2006 13093
6094 19033
20683 22009
7721 12298
7 21431
799 2988
7820 9134
16812 20258
12959 23822
867 1389
15879 19913
108 5598
18558 27607
5831 14947
3330 9594
3741 28079
3585 22589
12649 22750
23932 28018
4749 21688
3167 8157
17284 25249
12729 18951
1078 21704
18822 25288
17795 20046
2132 2369
5942 17438
334 21407
7835 23015
3326 13776
3140 6213
10189 27560
1590 13256
1275 18764
14301 25617
7478 11080
6015 16919
15155 15690
8753 12649
3667 10967
3337 28056
4441 5071
6671 14697
3802 21149
3848 17472
16581 27117
12121 27175
1234 11460
4804 13555
8034 17219
18114 24904
23490 26165
17114 23598
13564 28056
909 15482
985 25817
13708 15359
11989 22457
5296 8947
6085 20581
3609 14309
2967 26930
16861 26722
2721 11836
9150 21941
12569 26436
9282 22274
5435 19459
6775 21423
22436 26753
7438 20575
1689 1781
11796 26161
7611 20572
11659 19791
17909 21881
19971 23595
2754 20315
16255 18128
20594 24028
11240 16909
10101 23251
17489 19181
441 7288
17010 25699
19169 23890
714 26328
3306 12722
4820 22430
15477 26413
15391 18384
12529 13756
6350 26784
7950 26413
2712 13954
4031 16890
18280 22720
6188 23864
13813 14288
13408 19876
2717 4608
20633 25683
7559 8929
5532 13736
11306 27252
9710 19743
14017 23619
4031 16766
2619 25067
3179 17097
3091 7085
12242 19750
5520 17307
6244 10050
8352 17407
18280 19134
26505 27536
1 8071
13762 20222
12480 17435
450 20689
3167 7823
18921 19261
1324 5122
2329 18266
473 1579
14835 26189
25302 25463
23926 24824
6595 10393
18050 19848
4188 15199
22460 22681
5989 23459
8561 22300
9730 13674
2518 19639
12451 23615
4168 24539
4802 16332
5461 17075
20475 24636
24005 27382
9185 28158
3126 23787
9741 14657
7896 21229
19195 25270
15676 24610
17914 26743
1339 19669
19655 21692
20706 26083
11379 18038
6623 24225
22090 25833
19221 27269
582 3993
13431 20570
950 22025
3429 24812
2925 10068
7907 25409
902 28134
2832 7361
23106 28008
4573 7457
7721 17542
4548 19741
6182 15485
21291 21409
418 2251
20354 20573
693 13405
17244 21407
681 2986
2936 15404
935 2095
14605 17826
4268 23761
22173 28203
14033 24379
9717 20805
3111 10630
2533 22646
5475 26478
4683 17209
731 19058
13305 20817
2601 20462
2782 16863
16542 20283
21990 27811
11537 15844
8281 24218
3266 9368
14650 20037
15147 16025
18603 27466
485 23799
5802 13497
11712 21073
1724 14671
7075 14050
8605 11569
14003 24616
3877 8290
18321 22650
22833 27114
4582 17732
8016 22193
16423 21822
8899 14104
12965 26676
3856 11369
4367 19760
976 2872
15731 21409
2165 8411
9214 17179
8322 21746
17742 24057
423 10260
8860 10953
7073 22892
10830 24904
18322 20251
7200 8428
1579 6832
7145 18955
209 6949
5856 11006
5047 10301
14519 16695
16127 26273
7537 7923
14257 16584
10563 12051
51 4893
16362 20046
20914 23280
2856 21675
6261 17507
600 16700
2344 19665
713 15920
3745 8515
19479 25083
19225 26935
8930 12892
16919 22120
11355 19546
4532 7290
9358 23799
21649 24469
3728 12214
19330 26269
1630 16876
596 18516
7828 8611
199 22325
19723 23254
11766 22548
424 23736
256 13574
10393 18678
11131 24681
5183 23574
17943 26862
6667 28179
3561 25638
13208 21766
10152 25009
1199 23875
8251 12069
9633 16673
17692 18945
2957 18679
11985 25816
396 5756
7952 17059
19736 19817
7281 11926
6966 27935
15343 26200
10023 18521
18934 19996
4061 9180
6707 7559
11417 21422
20599 22617
1370 27871
16643 17118
22425 26341
2303 4361
12035 21320
24353 27938
7976 21604
15094 27222
14825 18400
18785 20194
11627 26706
13355 15291
19301 20913
5739 17955
14392 24348
544 27005
2248 6188
596 24072
21587 23254
22193 27021
1574 21253
5711 25958
765 7523
13279 23396
24640 26969
2368 19534
10974 20144
15130 18329
11650 12997
5295 19092
3663 4868
16014 23679
2664 26686
12161 25981
15722 26343
7294 24561
9614 27132
3184 8220
7358 16351
1386 20234
3944 8263
25245 26877
16414 27945
4878 14304
1744 10560
1073 20818
1056 20053
6010 24326
10039 11732
2189 6972
9716 24374
13830 24651
15530 24456
7816 25578
9632 13081
2435 17513
7205 14193
8669 20179
20092 25847
19387 22960
4476 6622
21131 25329
12702 22581
14136 27328
21682 28156
2623 16640
5082 5893
16337 21041
10170 10497
1303 9226
10443 16634
16957 18369
22998 27163
3634 12119
3172 5943
2321 16222
4246 25384
5117 19091
1280 7508
14543 17692
17935 24042
13087 25750
4954 18565
991 21067
391 28058
9800 14705
14791 28156
4456 17165
11076 15620
6993 23854
18369 24145
18831 21377
4600 24122
6936 9153
8766 11489
490 12997
9607 17428
4260 9816
7414 16046
3002 19849
16437 17288
5571 21577
3512 6792
10339 20675
2383 3657
11809 12643
14242 23606
2339 6883
10030 18950
7981 13373
4853 14604
14995 16554
5221 26476
4576 19033
14955 26116
9528 23372
2484 16117
13689 16555
14096 27800
15732 19227
3059 7956
10104 16330
4934 22474
13215 25468
1822 26858
424 6131
6044 21729
6667 8498
22384 26812
1162 18680
13957 24164
23703 28074
949 23396
245 21450
1770 10197
6865 9420
23914 27744
25160 26113
9933 26752
4108 9800
1374 28020
4546 25245
15650 22885
1506 17084
13002 21048
10048 27805
5731 12228
7142 24943
4263 22548
25525 26580
15192 17795
4533 16785
4031 15409
6509 18243
5600 7353
7003 15267
3953 14053
13078 19572
17848 25749
8085 14749
1422 24209
7541 23751
10308 27744
17265 17734
13042 25422
6728 15530
2727 23748
10857 18921
7922 23495
9903 14783
4080 7678
21240 21516
7592 20072
9367 24294
8075 15202
6994 20480
16188 17664
2293 23892
514 10124
7406 15297
12282 12397
9895 20321
18019 28127
15933 20517
1787 22724
1558 26922
7332 20782
15105 25584
4272 7949
23182 25559
15892 27500
11296 11535
6609 9874
1747 4089
711 9901
22528 25695
26737 27805
14755 16322
9157 19576
7108 21688
531 24708
2388 5481
5152 7368
17098 23682
21151 21438
18744 19004
79 1519
2865 15182
13438 25664
11627 18564
1568 19968
2351 3562
2556 25956
1789 18945
6708 27770
485 17020
8985 24393
12087 24723
10284 22255
4960 11748
11477 15251
4408 6314
16582 24434
11916 18738
13437 21205
18591 21950
8698 15853
3129 5250
2664 21094
3819 25277
9314 14396
12022 21946
22799 27350
6441 24344
9408 12959
26413 27152
8054 19830
23415 27126
17060 20243
8046 21355
1795 22415
13743 22046
9335 11552
19454 28065
1306 6695
177 6349
4103 7323
312 4110
8101 19967
20020 24706
825 20084
31 27496
25638 27275
3169 28088
11248 11668
17782 26081
20712 27220
545 16525
20507 23312
15418 21853
7677 21066
3859 13989
3993 22617
8114 14727
18027 25331
17640 24775
14515 21162
4949 10106
12219 16885
10790 12984
1630 6271
2530 18083
25306 27903
2252 22845
17562 25445
10638 12890
19181 27759
17966 25580
25674 26099
8220 25454
1879 24469
5756 17823
1165 1309
4849 19469
12077 25273
9163 18669
5466 15346
9504 27959
1056 20931
16475 18541
867 8790
4024 13779
5433 12316
15977 17304
3745 27821
8290 8437
9095 20563
13033 27217
19068 21888
13024 15440
2368 7456
16806 21424
9739 17304
12124 20159
581 18736
1985 19068
27373 27926
5984 14445
7347 24852
14027 15592
836 27462
15387 16083
656 1996
1848 17426
11905 28158
18927 23233
4265 5384
20862 24068
15085 27974
11080 18894
16603 23706
25894 26404
7492 11295
2929 2962
10654 27152
5943 11369
7635 27594
2695 7335
9038 14909
652 22627
12779 14644
5008 20053
3674 15736
7205 18950
23565 25184
6905 22448
18265 18947
1775 12228
5574 16686
3819 27045
9702 28231
21277 26053
3108 8899
9846 12193
1126 3987
6155 18481
11960 16263
5725 8936
10704 12945
3727 6872
17119 20166
14555 22625
953 16040
10389 16986
5072 12496
1178 3279
7871 21927
7231 8520
8559 19008
15236 20667
13645 25095
14250 15678
14409 26709
15429 26313
15600 18381
3329 28246
18259 18454
9060 11632
15928 19874
3354 10462
12865 25062
1347 16943
5079 27597
3447 18354
3169 10956
6879 8750
4414 27927
7833 24096
523 16823
14153 18472
6591 9682
4166 5913
3414 10672
8385 8424
3169 14728
5169 26599
10530 26470
13603 15413
1067 15939
794 8396
7477 10170
14534 15976
7566 27651
16753 25986
1888 12792
6940 13343
8500 18543
6668 24886
17543 22283
15301 27835
13396 22731
6044 7443
5528 12994
2530 14437
1301 1693
12468 14689
5359 10755
899 25503
2444 3620
9187 28258
867 12762
23563 28142
13384 23143
14771 16108
13279 24717
9465 10935
16986 17819
12495 21438
8655 11791
1107 1833
9821 26505
15356 22769
14585 15379
3231 19871
473 22255
9621 18958
8757 14844
5630 22167
2944 21123
706 28187
15527 25254
20525 22890
3862 15621
10576 20131
11141 14178
10674 20504
10170 18042
13378 17438
15528 25377
6107 16823
2105 25616
7345 11773
8542 20398
19827 24935
911 6848
6738 22885
8753 16850
3129 26789
9065 23372
7075 8363
13033 23318
15805 25330
334 3167
6011 24806
26083 26787
381 24589
2985 7469
1543 11805
10093 16195
1950 11143
11866 16979
1589 8438
430 13491
25 10553
8191 10156
19600 21671
13838 24362
7139 8718
9998 18685
6482 25976
6255 6705
7741 13599
406 3650
10432 14635
11552 26906
5852 25708
9185 25894
1645 5569
12092 28155
17416 18823
1160 11580
7609 23185
10920 18265
2606 15492
6177 23679
9292 17446
8785 10982
12809 16337
1871 23972
8003 24129
16467 18597
23693 24343
11702 23574
17077 18708
7150 12468
9018 19140
4371 10484
595 28238
10767 17592
18966 24706
3486 8087
8163 12708
18381 21620
13522 19091
16584 27190
4360 6673
396 23365
1425 6215
7820 10242
22184 22186
10523 20246
8075 16609
13888 17519
518 11869
14335 18719
16801 17831
24232 28039
22449 26341
8891 26908
18661 24233
7707 25161
2474 2708
3728 27582
5926 27513
9126 9556
20258 24374
12256 17924
9356 23365
8812 27805
5229 14625
5877 21899
8290 12642
20480 22871
7479 14643
12399 12956
16794 26053
2972 4068
7747 11080
495 9215
15271 18999
22120 26881
2436 20744
3859 11134
10495 14553
3275 9915
396 19952
6426 20313
20503 20504
862 4941
7534 18669
7375 10935
3624 14648
15672 21377
13856 19883
13250 21906
8974 24442
8182 14207
3574 3729
9750 19779
2112 8156
16148 27030
7392 23822
1559 8018
1440 14606
2262 22046
5071 15233
8388 12924
2027 18269
825 15090
16644 27488
2096 25287
6214 16906
9356 15684
11688 21089
3846 9960
12394 12898
9268 11082
5543 21435
1727 6353
8075 12865
10767 12963
1348 12322
25547 27087
7725 9940
9421 10859
1231 11417
4386 9921
874 24441
3942 9090
849 4422
4606 24349
3287 21800
3900 17938
4493 12698
6062 11893
16897 23972
4333 15151
3964 6896
4661 27257
3867 22285
4919 23161
1196 21998
1171 21990
10523 22332
7915 25987
2093 24461
14280 21080
11080 18354
6313 17499
10670 18870
11113 27222
14531 14728
1777 23418
3396 19127
13480 21240
300 3970
7871 24224
16071 16187
11741 12965
8075 21047
5718 6334
4386 17977
14217 20832
12765 14288
22901 24879
19819 22025
4018 13077
3933 24906
2522 9634
1020 27692
3000 26799
4959 5116
2189 27329
2708 6517
13910 16467
9313 9717
1796 5554
11650 26737
12957 21029
9147 22676
3121 21111
23462 23531
6868 8781
10844 11552
5375 10318
799 25156
14242 21473
1292 25829
13876 22787
4604 28095
7496 21921
25272 26620
14300 20083
22135 26225
10813 16177
14642 24076
5874 28278
9708 20144
19723 28044
16744 25330
14895 18384
3810 25559
1137 1469
5387 8570
13579 22785
3450 15716
3337 11166
13808 18643
2850 6397
14696 25653
4188 26123
12426 16113
10711 19429
10033 27440
286 20158
10195 24955
10476 25965
2587 5381
22003 26757
14948 15182
4168 14631
10559 22605
7246 11710
14474 17730
6227 24929
16362 26154
4230 8699
6960 26690
4581 8129
13091 15508
4073 8690
1238 10242
11995 27654
1379 23649
11094 27015
3709 12201
5065 6517
18285 23361
11049 24794
9572 11880
5082 8775
11868 14679
8396 14944
406 13363
538 13373
17751 23455
15303 22664
20875 21960
18527 24611
12351 20733
6623 14577
1271 16764
10660 28029
5984 20355
9782 10114
15401 25349
1545 7247
751 900
8148 23082
2996 18456
234 1878
9959 19614
12508 22079
10954 26740
7002 27503
9997 22920
3398 10725
15325 25451
13833 20056
4287 27382
1435 15619
10175 26817
3369 23745
1412 12711
4647 15048
12328 19378
22515 27490
8958 18328
5651 22091
15391 15705
2338 17983
11261 26798
12428 15705
7820 9553
1308 4366
20367 25077
6218 25436
11975 26374
2832 16371
4080 19623
17177 19171
21352 23567
2575 3221
14167 22714
8413 20743
9422 12655
6854 11059
1379 4265
8434 21703
14794 17672
3906 11625
24490 26540
7627 27578
4604 4656
10189 21651
11486 13970
3705 14853
2324 7604
20537 23104
237 5822
4702 7995
6994 20162
25744 25828
9446 12346
17416 24656
2066 14555
5435 20880
3734 24057
4394 13597
935 5182
4828 13227
14483 16276
656 10794
23295 25207
2677 3255
8437 27279
1614 13208
21843 24609
898 11847
3218 12968
9061 16118
1534 9920
2838 23648
9606 23952
20430 24999
23461 24181
4181 5855
15157 26032
3416 11722
2679 2921
18497 28168
5767 9590
1052 9867
7577 14941
6948 27897
4328 15162
140 3761
3823 8260
13610 14294
9560 11030
8020 16317
7375 21057
16214 18876
13286 19140
8209 15798
10446 16407
9214 16262
7310 8877
9418 15964
10287 27523
24950 28166
17842 18745
5950 27319
14155 26513
14814 15634
2127 21109
6707 14827
1028 20384
5832 20404
1979 3987
20726 25278
2912 10740
160 4862
2707 17619
3622 27867
18938 21883
6263 10497
3442 11940
3609 9830
9231 25852
12136 18029
5538 7505
17808 27428
2936 21192
11115 13978
21240 27991
788 10126
5433 5943
8596 13081
6879 11168
10019 12301
18824 25329
17999 27936
7312 8924
12134 24824
16999 21919
21952 23267
15736 19704
15346 18990
16296 20550
4519 15751
16251 27753
5710 9989
802 20020
10918 11237
3878 6227
2012 14833
2274 20532
426 17214
2606 16206
6798 11928
15234 23366
25236 26152
9313 22662
6264 7964
101 1641
5128 13804
3521 4142
1412 10560
3609 21111
867 10464
3922 8967
193 6636
17 13333
2474 13227
4414 21003
418 24916
2584 24290
17467 27898
1159 8478
6381 16276
18849 26100
4216 19209
2834 16357
10179 22130
5091 22192
9628 23430
6876 8511
16794 18784
693 21506
11729 13185
4300 19410
11417 26504
1505 11222
18706 21254
3257 20379
9033 25836
9663 15216
10935 27795
3399 5494
4218 18046
1736 27247
14853 23472
6885 22463
23102 26741
20656 23181
16107 21955
10263 25981
4110 8974
7737 26501
19326 25602
3452 25896
3624 19281
7031 12243
1178 3533
13329 22584
220 24263
7136 17342
19442 23526
7888 15171
17525 23767
19442 21733
5296 27769
9932 22566
3539 27740
5877 9179
8753 14378
2309 27299
3032 23785
20554 25716
4514 20160
16304 20334
5336 17791
1755 15399
16622 27385
478 21166
18823 25468
5967 8895
5397 6601
9536 20661
15090 17928
6972 26665
588 16333
7283 25991
3969 15315
15229 21619
11755 14705
21205 22008
14657 15377
11725 25732
2971 24512
15920 21633
1770 27837
6173 8585
9851 18046
542 8694
2440 21066
4949 16519
12534 14480
4051 21919
5056 13112
5832 20025
6517 10652
7230 26049
3128 17823
4061 9631
18682 24209
5890 22885
1214 2662
3143 19219
5734 22112
3265 27382
18818 24854
19658 24948
24454 24663
15695 27986
26433 27685
11985 14474
8669 11611
6738 11483
16160 21484
6942 27462
5973 6202
9865 17404
8400 18253
1396 14598
18793 24062
2647 2657
11746 16430
22469 24739
5174 26041
20980 24068
13272 13851
14368 23414
7114 22449
3039 25977
4181 15883
6170 7897
1646 26339
947 27229
5087 19952
18593 18956
1001 14539
5017 11809
2259 3733
10326 26650
898 15245
17099 21835
23928 25863
17376 22884
6707 24143
16857 27261
974 7538
8588 26446
9553 11335
4216 22483
5621 21606
10342 24872
5537 8034
1331 17495
9502 23764
2297 27305
4451 13765
12827 20977
7923 26889
4603 9228
1402 11122
2146 26457
203 12703
1456 4028
15282 25091
18753 24577
14771 21849
11805 22112
16171 25867
7783 8990
17471 25014
12551 12737
12818 27350
828 5389
3593 14911
13091 20402
10818 14895
396 2246
3972 17071
1814 9078
3874 22200
3592 22579
7560 19442
10407 11816
20133 22421
23363 28070
17653 17922
8317 26413
3793 13051
12939 18131
9388 22219
2226 9066
13973 26469
11771 24948
5416 26371
3667 16487
6613 16906
341 19618
6573 10740
4339 13143
1266 16812
7455 15543
16640 25915
2466 19544
581 6126
2917 15770
3522 7374
8732 12492
9406 16157
1174 6972
9950 24750
17723 26437
8991 15264
7273 12931
14881 19445
19254 22080
8049 9198
691 25377
6315 8415
4462 16587
6994 22415
19171 20719
2027 26056
8818 11877
4581 6722
873 22724
14572 27778
1860 17281
9589 24371
12162 21535
2005 20998
19480 27646
17484 26048
2339 6103
18051 24069
4237 8802
22992 24254
1961 16364
21042 24332
5592 12403
10444 26823
7361 16371
21821 26554
20722 22750
14048 18014
3901 6126
1911 16910
3488 28158
21323 25879
16170 21265
9255 12558
15286 27739
4340 19189
439 11987
7869 21053
413 13460
8030 26388
17604 25871
581 21849
2379 17516
18865 23982
660 11698
5206 25277
14016 16794
2730 17789
12726 16526
1467 25329
23375 24078
13392 18950
9834 20017
11445 18416
13649 28080
18678 22734
3482 9928
1335 4646
8696 23007
17836 18071
8190 24594
17472 22954
6891 21029
11131 18850
794 15996
8990 10982
11817 14926
13140 22888
25774 27680
24934 27025
15875 23437
1744 16276
10046 23202
4749 25607
1155 14971
8705 13443
11741 22959
11177 25197
1978 3788
5112 15918
4189 13054
18985 25402
15300 21598
14345 19565
7793 8846
8363 23892
6315 9334
17902 18731
6703 12236
2624 5507
848 22323
6838 7062
18660 26731
2699 17429
2280 4892
19776 28172
130 26417
9524 19317
26846 27867
7490 27665
872 5229
3104 7358
24897 25301
9583 26825
569 25187
626 9016
10616 28152
19296 21919
208 21600
9491 17856
6348 19739
13208 21086
12689 18374
23698 26356
8291 28092
7349 9699
11683 28063
9057 11688
11562 20657
7550 10576
6221 14028
3614 16170
18341 27510
10230 26640
14866 16170
17484 18574
6927 25703
14309 25908
14592 22312
9943 21303
23086 27931
3762 27232
1528 4340
7846 14697
19400 26681
1589 27923
6426 19601
20491 26334
3493 5243
18533 25203
14232 22236
5852 10837
2611 27821
4693 22153
7702 20384
4090 22625
21968 22000
23 26061
8689 23365
7051 12142
3152 14258
4024 9869
3634 23521
12374 21542
10444 28150
21580 27804
7741 12711
12757 19056
5680 19601
2454 19474
14433 24005
22156 24324
10454 14795
1593 2152
1851 14264
4081 7756
13681 26347
6228 25772
19874 27758
4646 8046
2133 16388
5691 11552
21668 24052
14561 20361
21605 24791
23669 27144
7737 17427
13677 26958
17067 18304
17259 20601
4361 11011
2031 11326
14298 20994
14739 25446
11747 27180
1398 9806
1362 23449
7763 12055
13166 19008
23034 25988
10185 27800
4695 11987
23066 27987
15357 22511
4135 27899
13542 17421
5327 9563
319 15822
1412 5827
18044 18875
7741 22814
1223 14418
3674 11479
3468 9308
511 4178
9109 11298
580 7975
2539 16521
2233 4737
505 13373
1851 24255
23459 23825
991 1075
6342 14738
1107 16847
8411 27896
11443 14689
5433 13233
3685 24274
3670 26141
16246 18920
8086 20862
13601 16793
4096 10593
8394 22091
4004 12743
12600 19546
3160 12705
5861 17003
4031 8133
6871 22106
5196 18496
3932 21573
9816 17830
6931 23929
13038 15542
4672 18921
16907 27612
17871 25105
1405 12271
4951 5002
6052 23562
8673 9321
19445 22411
11042 13272
18521 27464
20108 25414
2351 26482
5510 19768
17323 25800
4216 16537
10121 12302
8001 20927
441 26363
15267 18891
26601 27716
7382 18522
13313 26193
5192 17177
18845 28219
6084 18973
1005 23141
11366 19195
1050 5547
23096 24723
667 19367
1977 23712
8070 26795
245 7162
1419 16795
1604 18533
22008 22016
382 18180
8603 25287
581 14228
8114 13296
21978 23743
24297 26379
6099 24419
15895 22969
7961 26410
3587 12526
15357 15372
10173 22635
23733 27361
14228 16679
529 6412
1 15292
2929 27608
10838 24023
619 22357
14695 26063
889 3609
1795 15286
15453 19126
20743 26786
8038 14534
5989 12225
108 27743
19678 23573
3647 25991
4791 16855
8022 23253
2655 26948
2720 12024
4849 19558
367 17889
7881 24061
21229 26565
17285 21366
6197 28259
5153 27300
14592 18952
21123 21688
4216 20367
16632 21990
12086 26452
3336 19924
19096 23932
2600 22265
5930 22214
5201 26541
1762 11880
10830 26260
12834 23104
23929 27766
13328 17665
3122 13349
9234 9903
1541 17501
24299 25087
16922 26786
2526 18934
5341 26965
945 3643
4159 14217
2494 14038
16939 24599
8199 8750
18788 19601
21793 25828
14998 16901
11759 23730
7031 8157
19247 22295
13513 24063
9071 15361
14333 21165
14102 23675
2539 13574
4700 22404
18304 21857
7707 17067
25059 25133
8706 18415
13173 17456
8816 16311
2277 16991
8348 13193
23983 25207
159 12264
18409 22251
515 6999
9222 25003
111 20365
1370 13307
803 22356
3024 14033
6085 8492
7428 25108
20277 25158
5434 27867
115 20335
6067 23082
12840 24853
22630 26691
4328 21058
11554 27298
4347 22012
9843 20579
5327 19712
22334 24570
2518 17742
2771 12424
2230 16303
21131 24297
6622 9598
1193 6763
56 27423
160 19610
3805 25949
609 18057
406 20758
24616 27420
16957 27387
11395 24457
1746 22061
7399 17983
9267 18595
7216 24069
9896 26457
2741 21495
15572 20437
2489 12965
10670 21268
4369 5500
16720 20916
13697 20310
9260 25301
12274 17676
20941 24611
1181 21516
1379 8378
2045 13575
2291 17200
16640 22186
12083 14384
1308 11562
9252 26266
4433 15888
2192 14317
9560 18265
13820 25813
715 4332
7387 18854
525 20952
12983 20776
3265 10142
13265 17189
16951 23647
17916 28099
11859 18669
8150 28008
4587 5984
19303 22342
3204 5451
12397 20908
2606 9207
9996 18757
18218 27976
8057 14767
14057 14568
10826 19181
4169 8891
2245 6065
16463 22106
5506 21685
10859 28203
5826 6551
13373 21925
3617 13118
22575 26187
7914 24901
10519 22384
16356 25755
2247 10522
2701 11880
8090 17468
7656 21131
8747 24502
6528 25538
760 9645
16687 22096
17535 25310
19115 21886
3592 17455
1767 9250
13862 25433
15344 27013
6349 25704
23693 25962
6026 17889
16194 19898
9495 21543
22649 26476
2206 14641
7052 13882
3337 16077
237 27976
22255 27746
4799 19468
9562 13033
10603 27977
10967 22143
14968 19037
20507 21798
17164 17530
2401 4799
15549 20545
2170 2565
10309 21766
13428 27885
4524 7768
1505 10049
15727 18458
13154 14363
396 26053
2894 3300
5 872
15916 24503
1407 15660
14362 14428
16482 22097
17194 20437
19768 23392
4181 9536
5585 24756
18368 27102
21422 27264
510 5684
5456 23143
3021 26507
6603 20471
14699 16812
9033 14055
15245 16055
1606 18919
14403 16130
2023 4638
6511 11593
4819 19950
10222 26340
1223 13970
8034 12735
4166 20332
12226 13346
4190 5485
11012 16742
1133 17241
1118 4684
1617 4072
12392 21724
11866 25910
1851 3436
12762 27428
3182 11979
11080 13743
11495 14910
9922 25335
17013 27522
13018 21615
12084 18667
6962 14903
13480 19269
10587 14604
9067 20953
813 22112
1216 14564
21067 25652
9300 17587
19362 24260
16125 24161
20425 22939
18724 25397
1933 7798
8814 25951
12839 22934
21983 25600
2669 4387
9038 19485
4603 15120
19712 26413
9043 13428
2711 27605
8973 15431
6299 10066
10405 10986
18554 25174
13370 23315
11700 14088
21563 22593
1394 20797
4769 24207
15149 18548
12244 27867
1736 1953
14817 26781
17412 24811
12495 26413
12915 26340
5063 5949
24241 25810
15102 26745
6956 9355
10668 21473
11983 20155
7367 17582
24094 27429
22550 24636
10107 10810
13789 15973
13496 27852
1959 12356
13999 26530
943 4552
10848 16954
454 7148
4500 24131
15141 16986
3136 7879
11572 26821
8230 9396
2247 10617
16974 23733
6378 14648
9794 19529
3636 5472
11193 24263
3640 6539
18266 21920
18427 19254
488 3805
5691 14380
3504 5393
2427 21083
3638 8715
6562 7123
9022 16515
5112 23437
812 12670
429 6798
8481 26985
9082 18169
3179 7737
420 19068
18614 20863
4454 7900
187 12004
8420 10300
16638 23854
20378 23797
5578 27847
14317 22790
26115 26975
3359 3800
25503 25857
19326 27868
405 13828
10006 17075
2385 18131
11116 15422
17239 27198
3544 4468
10523 11915
634 13081
15660 15994
9524 21257
2596 19400
9036 17777
2039 2967
2342 19257
8938 11507
20409 23583
7693 10381
18844 22581
1289 3437
365 17604
4211 19670
9864 20781
5389 16289
1881 15122
5941 11696
3375 27691
1042 26107
19085 26270
14494 27790
9631 21674
9784 22308
7984 13362
3160 19326
9065 25608
2635 13831
14264 26908
21919 23216
1767 11735
6154 9615
3987 19115
7110 17845
11104 26134
4248 16509
2888 7328
16441 18670
20181 24673
15561 21269
23273 26896
13462 21423
14781 27263
448 2785
11746 26774
11744 11950
2000 8304
3689 3857
5815 12495
343 28044
5747 16856
12361 14604
11619 14501
6753 24240
3650 6818
11444 15446
12758 18947
11880 19576
5725 20657
9226 19496
3959 23653
7416 27423
14261 23693
2292 18515
11549 15355
7918 21438
3580 10197
8140 17621
10063 16323
15454 19614
15184 19941
22901 26469
18572 20647
10720 18003
5485 21466
15731 20424
22227 26658
2941 7328
188 17364
1559 2399
12910 13849
4866 12927
5984 21987
3038 18921
17770 26198
849 21768
20292 20504
7577 15967
8488 23798
5517 8085
16784 24836
14590 26824
19728 25321
3544 8508
7927 21473
9230 24069
12331 21263
18053 22860
4367 9619
3609 27382
1633 18596
15505 24500
14386 25120
20109 22416
13808 17585
33 8096
423 5549
5153 7596
14499 23158
873 14749
5644 17167
19275 20123
21646 23272
9528 25878
3323 18740
588 24290
13985 26812
538 16971
4423 8541
17980 21636
5722 13969
24136 25664
605 4802
9442 11693
5022 22500
10618 18433
12869 16855
1622 17819
289 13033
17559 25805
4515 12959
22630 28090
4285 26580
11363 25157
5393 15122
5695 23849
2369 4623
8862 9396
12244 26737
1047 9575
4782 14571
10512 17644
21730 24629
1114 26872
3050 16027
2556 22226
7289 14677
7457 20293
2210 16964
4979 19275
9462 14409
4321 6587
13211 25751
10506 17696
1466 18481
2894 12696
8716 8781
197 7550
22085 25842
15952 17593
10061 20267
18600 19491
18131 20703
7152 21335
4967 8398
8603 13332
600 6470
12141 16939
3944 9296
3323 18704
7002 27530
5691 17100
15576 18181
18051 25247
1167 10824
1483 9574
12228 23935
5583 21113
5451 12314
4018 4986
21026 28039
23153 28185
6767 27573
6042 14359
2012 9615
4677 18630
22191 26438
6657 23708
554 23157
3690 15221
19004 24533
15401 20633
12359 27469
1027 14402
13527 24823
5063 9252
20421 21577
15129 17438
21421 25042
4331 16584
2093 6965
175 13895
1532 19482
9850 14104
1211 17482
17992 27240
7111 21456
711 22897
18736 22112
7824 25680
1833 5373
21266 26187
1672 13227
14825 19942
14513 16430
3002 14970
1318 17198
19150 21172
14513 20103
3122 14153
2362 24675
17280 20940
7019 7463
9847 26271
6728 25432
679 4953
1613 4954
13154 15906
1592 18946
10279 17367
23781 25032
21235 25028
4408 10088
1065 22763
16209 22483
1405 7268
3734 27013
3526 15843
4233 19721
3866 7044
3287 23845
8684 22194
15117 15426
14513 27056
12583 27431
4275 12127
207 21279
8556 16467
952 14544
4326 25766
24127 27795
17353 19145
8751 19382
867 4737
27152 27569
971 7942
14607 19270
1393 8434
1701 10835
3206 26753
15996 20545
11847 27758
22227 22602
12724 17728
915 13120
1884 5760
9572 19576
19633 21733
19479 26416
14745 24272
3542 8382
6505 13733
7375 17507
8498 13970
14228 19075
4205 28158
2605 21650
4862 26970
18402 27929
17923 24041
6009 25878
14431 21126
652 14227
18617 27498
8679 19847
17238 28036
3598 4178
18823 23816
10041 25459
18295 25409
8085 22678
16296 25262
2031 27869
19791 19894
835 10062
130 10042
8151 24863
2816 7943
16673 20308
21252 24747
5792 21296
6173 17060
416 24395
13244 20008
10052 12567
13537 22630
18122 25329
593 22312
314 11503
12956 19576
4967 8384
8969 25263
9851 20950
454 27042
3554 5978
7199 7835
15477 18679
103 16228
3741 25171
20257 20539
23480 26848
3651 27425
3038 16359
2081 26928
5962 8554
2440 3496
3805 8951
14023 15477
10520 19085
3958 6804
1505 10237
4186 20936
60 22430
24861 26510
13414 23033
12462 14254
1622 21798
2518 12855
5079 18406
1399 25397
569 18416
17097 22426
1178 19442
9234 27100
17590 24023
9020 23577
1622 9067
22140 25603
1052 17473
6374 24397
9860 18107
3272 11677
7270 16152
4832 16253
1479 3866
10209 20841
17140 21231
15064 24062
22960 26560
17164 20611
19639 27117
640 23809
582 9421
1707 2349
16640 22511
2430 10839
22239 22956
5376 22367
2269 5403
2806 13804
19832 25689
6037 19748
11797 24828
12260 14926
5744 22459
15676 18018
18457 23566
4092 24287
12093 26731
867 13573
302 16984
3395 9137
7656 11112
22329 27643
2238 18443
12994 16838
15226 19322
6703 7611
15729 17133
11870 24576
13708 17675
3167 12128
10407 11893
10900 10935
898 12085
13789 18712
7031 26827
2858 16572
9416 12956
21491 27259
9858 23799
3068 17498
15366 22012
726 10002
600 7962
12280 17907
4076 21003
25063 26260
22294 22857
8511 10244
6263 21994
12631 21300
4360 13686
5943 19139
4556 23143
4237 4550
4823 11637
12045 12143
12805 14438
7478 27810
11376 18386
9601 23476
4429 9800
18411 23379
20406 27050
11727 15670
9185 25272
19662 21026
1052 11816
10115 20313
8668 25011
7656 20183
5081 21029
14970 16464
14965 18225
14242 24929
9231 25451
4758 16396
1210 4724
5493 18217
2456 7420
12729 16976
22871 25903
11368 14807
8060 22228
1004 15721
2412 4459
295 13820
5978 16107
16500 27372
11193 26489
7743 25005
106 11591
5603 23504
7401 9255
4693 12399
14426 15452
5545 10026
18059 23580
6239 27720
2810 11295
13422 25228
441 12008
188 8101
387 25402
24171 24848
7255 18190
13462 23713
17017 25801
7912 7954
22511 24689
8825 16866
12498 22012
6072 11603
10673 26368
1621 22415
8923 20370
6154 27129
7836 25607
21058 22087
2859 5255
1782 13707
8384 21826
10476 20770
3282 24136
21748 25626
2089 8465
21794 25435
7021 21294
11363 22010
11251 23619
4763 24171
7582 14680
2288 10146
1902 19061
2532 20162
6409 22010
8145 23225
15146 25435
2359 3676
341 25197
13127 25451
17958 24240
10603 23080
20162 22415
2521 24005
5154 7143
25140 26503
13535 23004
14420 21027
9599 14555
5984 23298
18409 25332
13806 18755
12851 28080
21513 22810
644 3257
18446 28080
396 9465
8208 15146
3997 7982
4190 10269
1944 13141
24 24135
13343 19982
9790 10174
3167 11262
5064 8282
12886 21481
8484 14998
11370 24090
7557 25097
7139 13650
3891 23347
4724 14393
18983 19292
5028 17033
4955 24061
814 9080
18810 21534
2646 22885
11292 11322
10523 20561
5144 24053
13289 18021
13091 27087
21337 25708
1697 4672
14246 22784
5710 24147
8368 8712
16276 23379
21237 28070
2834 28202
22133 25552
20906 24971
1878 26127
3052 7802
660 3900
4402 20963
17378 23296
10490 11047
10508 20533
24582 25301
8846 27821
9103 12868
5638 21671
11305 20586
3910 11492
10495 24613
6330 23611
12597 13173
9093 22581
15897 22917
6931 12533
6651 24325
2283 4671
2041 16540
5880 20896
6604 26758
14748 16905
7902 18425
3859 9095
6163 25638
7976 8348
8858 12910
7533 12632
18009 22244
2177 18458
19434 23040
1579 17016
8054 25636
22446 23408
7103 17444
8075 19804
956 4797
8290 20849
4806 26229
22236 22256
4237 26154
10116 25341
2247 6346
13994 28135
11576 17330
20479 27621
11920 13952
1018 27175
13736 24407
16584 19957
1616 16766
1621 18823
14559 21798
8141 16504
11580 22664
3163 24459
4500 18203
7413 19548
6488 6789
3265 4061
763 1541
6127 16210
424 5160
23697 26488
9215 27631
8281 18078
8025 27026
13920 14022
19061 25059
25634 26927
17379 27974
293 13077
1397 23830
21626 22842
4636 8924
5191 18708
4414 21380
4399 7247
693 16349
496 12253
13089 13208
977 16174
20931 25991
468 25630
12715 14162
14672 21196
23080 23870
4127 5007
2802 8581
10145 13465
2333 20669
12307 28140
3385 15561
4581 14637
11668 16232
9203 14519
563 2759
2250 9574
14670 24576
8370 19195
7910 25343
11495 19935
3872 24742
2966 6885
9859 23973
11751 20719
23430 26402
10714 16006
4181 19203
12881 13677
386 17991
705 22190
25179 25268
13196 25274
9727 18649
9154 19340
1878 13085
19369 20688
1713 9631
7028 27776
8349 17483
10346 12884
15450 21074
8057 26740
1050 21408
15022 28147
6097 13282
14029 25753
2944 15791
24353 24539
10825 13910
9683 9699
4498 21010
14522 15927
406 505
3609 27612
11916 16369
1259 14897
16468 23039
8830 22799
15764 18631
396 2787
8331 23556
12040 15583
10820 15708
9432 19369
8034 26115
8396 21029
7804 20016
5819 9878
15922 19623
1117 3925
1622 10487
2427 11229
3624 5080
2414 17333
3589 7975
2373 13957
4690 22399
1694 2816
2035 11985
1039 15950
16679 17803
8937 12110
11854 12266
1103 15271
10497 24271
867 23338
23273 27681
11484 25936
4612 17189
10173 13515
8715 12291
20370 25102
1443 5602
11000 16511
6966 11261
4442 21727
2470 13743
1038 7387
13472 24061
2396 15880
23055 24856
1188 24104
11218 25788
4457 27011
6544 20893
4597 27342
17097 22595
14129 20633
11814 19400
17678 20008
11124 15597
18262 19641
7067 12000
8151 14055
24068 25106
15792 18149
395 11484
11030 17593
581 9543
3159 20061
8565 9847
1823 3140
10570 15382
17823 26053
4094 27828
12089 13601
6351 7354
4232 6844
10576 17108
18603 27671
209 3684
12495 17902
794 22638
16632 23809
7976 14853
6081 24771
8039 14196
5724 7176
5511 16910
24965 28099
498 4645
13984 16311
2721 19514
11756 22622
2467 15691
16090 18259
20099 21523
288 11295
14719 18084
5551 11504
4121 25595
3152 17178
25138 25414
11965 13937
6105 7017
9509 27429
8846 14010
4582 10343
6750 13391
4360 24543
14215 18425
2373 14181
25299 27932
2227 10409
10799 12997
5013 18044
4611 9843
7986 14021
3147 20749
8905 12124
11157 13086
3468 23934
17135 19001
7147 24516
23650 27261
9968 22162
2748 24312
13002 22947
3609 12792
14981 26691
8889 20909
10169 22183
7469 13416
16626 17696
19865 25309
14724 20601
4022 19556
17894 20668
1848 14093
15117 19536
1211 20757
12564 28029
16478 21857
10369 11480
13250 27989
9973 11786
5997 7469
18783 18880
5224 14426
15550 19138
8310 27756
3784 10805
14830 24298
21241 25729
21725 23365
13810 17634
11497 12753
24053 25333
7556 17237
6539 14604
4085 12742
2686 23553
6076 28124
16315 19817
13550 25593
4498 7002
15964 22785
16823 27172
3439 19647
23409 25361
7881 15482
1613 13841
22162 26498
8473 21269
9253 15682
16334 26641
17070 21053
20818 23050
18662 19908
7984 13186
7443 11118
5531 17120
7323 17819
485 8814
23143 25783
617 8106
16984 25460
8315 9286
7166 14445
18406 19068
7496 12110
7975 20743
12612 21446
2635 20355
16821 24456
11365 22942
4438 14016
867 4524
15996 21617
5795 7490
86 20377
21071 26976
5166 7843
4321 20500
5695 25341
14193 18553
17057 24756
3828 20053
18718 20046
23287 24811
1249 11164
17604 17916
5600 27454
1353 15751
6350 27449
1905 26629
3609 27811
5403 16261
21079 23719
9327 19952
3810 12282
5062 11165
2458 22968
2132 4087
7275 14697
2329 14694
18143 27976
16539 21688
18994 26719
11403 20664
12266 14671
8754 16480
2954 5380
1730 9361
6116 16682
5 11780
24062 26153
22020 22047
3472 12023
17763 26588
1410 26330
6127 14053
23707 23719
11727 14807
4878 12459
1349 13296
19817 20849
5557 9782
18963 19339
6746 9792
4075 4088
7209 11389
18 19419
13661 22613
20387 22216
16470 19372
17399 17618
25291 26752
3947 26917
4581 14111
1306 17938
142 3919
4148 24872
17119 18882
4642 25904
144 2810
15449 22468
6349 21780
12010 24392
15511 15957
5026 10590
17733 20715
16369 24326
2333 9414
18262 19273
16452 16686
16107 26690
1293 25342
3845 18273
7945 11877
6525 27974
406 11975
14920 24005
2510 21079
2664 22025
12479 25054
8734 20149
398 23418
9616 19230
9573 19688
9788 17757
1852 22425
8956 11251
13134 14971
3477 14348
12199 21109
250 14255
9610 9826
7084 17826
4719 7111
755 23372
10925 16455
12522 25056
1094 8073
8225 15421
7002 22012
12440 26916
17863 23521
19164 22300
1699 14541
8786 16092
9022 28099
4439 11335
5470 25328
10428 22634
9858 25557
12558 19468
3059 17397
15650 22739
12764 22954
18538 28124
12309 22897
1223 8703
24061 26375
2255 4134
19639 23143
22171 28194
1162 21962
21925 25986
5843 18679
21908 26126
8145 10472
626 21962
12566 15676
3622 7021
4946 20747
17782 27984
24823 25713
2353 22461
4616 26197
4524 20990
12643 19033
4328 25996
15856 26258
1779 26615
1685 15823
15271 17214
512 20558
12536 20888
2986 5722
4218 24738
13257 27179
3085 17696
8176 16234
10887 20264
23577 24720
2250 24129
706 13100
11535 20786
4096 21202
22452 22972
2022 11281
21450 23437
9660 11953
1142 8470
7975 18315
14437 24600
3764 25920
569 9776
7737 19590
2200 9038
4177 7948
10974 17263
4471 17690
11262 15402
4675 25017
8795 19080
4949 10911
8833 15322
12978 24277
10119 24608
5267 18369
492 6612
3446 14614
8396 14341
16222 18772
14126 14654
1155 24323
18823 24069
7987 18679
4749 14412
3575 23861
11450 21861
11369 22322
4003 4122
3628 8930
18621 25782
17166 25409
7987 20306
7720 12156
413 5410
11809 20848
3961 13208
4954 19784
13046 19460
8096 14035
7830 13767
6101 26172
21831 22745
15283 17752
1871 20545
7975 17273
12092 12109
13383 25137
4151 14776
9007 20328
21029 21746
18145 24109
17782 18942
13051 24072
2213 3522
16763 27573
15009 20477
3287 26267
19139 27576
1958 14696
1213 5683
6590 11237
9710 22730
13952 17586
22349 26871
13888 16905
10847 18629
2243 11646
18128 27814
4885 24774
18729 22640
12369 13168
7225 15815
14096 18369
6555 25278
16328 17226
10191 15017
838 15709
10942 17962
9222 24816
22257 23549
4123 9989
3497 11059
16956 27659
9696 27035
609 12104
17442 19780
8112 12811
3810 5702
1124 24830
3296 18839
3697 20312
9685 11552
2269 5913
2712 21074
19721 25397
14777 24951
11504 22634
3566 28158
1686 8717
1461 20848
12228 17938
3698 21776
8507 23149
5611 26542
4339 27087
1489 27375
1370 26277
12968 14716
4159 11192
22399 24716
9670 14672
11954 12121
2093 3592
4162 16898
3137 10262
14964 27790
15326 18787
5249 21991
21148 21535
16898 22786
1397 14224
11198 11836
2003 21591
17364 26901
660 3598
8254 16187
3062 25416
13419 14155
18016 27189
4787 25267
10330 24127
2732 10064
6177 10039
418 20957
15358 28149
12223 15892
9899 21716
1541 17543
374 24936
10954 11701
3095 20457
903 27990
25366 26689
16480 27905
7582 12437
10709 13062
15108 22810
3428 27643
1686 18001
1590 11004
13761 26431
8351 22048
3070 26333
8251 12121
4456 25432
10647 24812
11804 12532
7293 11560
5861 27746
16756 22229
1568 25886
10111 24643
22425 28163
12792 25271
1695 14027
3307 11485
1889 11987
446 14959
3719 10874
10326 13986
2129 2785
911 19712
23534 26131
8669 17975
5984 21638
11763 25750
7341 13478
1113 5185
15109 22227
12805 14776
11747 13585
7835 13590
4456 17779
6833 19356
877 11483
942 11263
449 1850
16329 22278
16940 20822
220 12551
309 1719
1050 8795
10251 20713
10320 20951
22466 23591
18001 26189
6462 12291
19188 21366
1142 1727
15783 26310
10341 27042
1776 16225
9096 23365
2208 12765
3761 13575
21964 22715
22416 22581
4695 13950
18862 18959
1830 2386
2562 9708
17214 17456
4285 6004
3414 27684
8791 18811
1015 2701
1103 6876
1770 9683
4386 11507
12651 23807
10942 17770
12596 27209
3165 23736
14996 27576
1425 12614
5327 12257
15823 25793
15672 17763
12112 24095
4675 11142
3354 23242
16865 20594
1688 21563
10607 27451
7078 8939
12910 14494
1851 26993
8806 22216
4689 27821
19566 26598
2389 3162
4618 14996
5420 14044
7985 22925
5398 23607
2212 5725
12160 12910
8437 26413
40 341
4085 14895
5165 23023
9851 13509
15377 22925
10710 26017
27825 28211
19962 22460
86 22005
14681 16712
6495 6703
12679 28044
9524 19857
18336 24897
9333 14976
4732 19978
12218 13180
2664 4442
3455 8381
765 6104
8708 16863
10495 16293
2399 10554
1112 11431
2852 6578
10815 16337
650 3776
7975 16340
1814 3000
7616 24904
1787 9272
9940 18436
237 26661
2740 7881
867 21915
4209 25524
14997 27206
6287 23430
5620 8142
12649 21063
91 15928
6478 17560
11880 27019
3734 24127
9704 27923
3389 22761
3882 7093
1049 14344
180 10337
1798 25051
4458 6053
1423 27810
1619 8669
10144 21703
22579 25525
1544 20022
3501 12408
16376 27353
12026 19717
129 21424
17955 24530
10215 27557
9631 11413
256 18423
10691 26737
11438 23587
1605 16385
5815 12726
5487 15530
2064 2852
14 1030
5656 23932
12560 26497
4720 12260
13060 23676
2447 14771
11523 15756
2666 27726
2934 9391
5181 9582
12965 19254
12709 13447
4118 24169
8708 27563
6528 27900
7763 25555
15024 20652
257 24344
20849 24823
7075 10512
12111 19150
18679 20171
13575 23955
12161 14082
2015 19181
13926 24242
19355 26545
4133 8585
4135 7017
2516 9894
1412 25397
3932 14174
16855 23538
5359 15985
2430 8298
423 4257
11637 15906
1028 19432
808 23861
10462 25141
16983 19944
2393 18016
23554 25328
9999 13101
8767 18259
15894 24326
1864 19508
12075 12807
6129 16367
20373 23628
6363 17872
3162 18070
18508 25354
25498 26509
6791 23832
7668 24659
19253 22771
8462 26663
10456 11161
355 5832
1810 9479
8267 20390
5971 22363
531 5312
218 9832
7320 9528
20816 21938
4385 18593
24603 25488
1106 27123
1243 9268
6103 23467
805 10981
16748 20992
10323 22020
1 6163
15141 25901
14728 16438
10768 28206
24167 25830
2589 24519
12836 20948
14344 22010
24171 25748
17004 17763
5506 28239
11552 23665
214 22062
569 2202
957 11812
9774 19482
16955 28126
9441 10284
2714 15037
8048 26686
15470 17407
9969 18507
20558 27483
8741 18816
7587 23917
2022 22254
23890 24280
1736 12221
22511 27660
12920 23952
4442 28273
11059 14519
3255 10286
3059 13909
10344 11755
10540 13960
19771 26554
9452 25330
602 16301
12228 16928
6172 12194
13447 14291
1285 24236
12526 22292
13564 15123
6182 27707
10152 11798
14969 22543
2291 7813
19184 22516
1174 4211
19898 23453
15501 19513
25876 25998
1163 19534
10899 11034
708 18220
24539 27938
6590 17434
6493 11950
1902 4424
15528 28081
7477 10935
16547 21025
5436 10059
3731 4032
5588 11888
8086 21761
406 13105
3762 21710
21688 25830
12162 22355
7071 13356
9795 23272
7200 12220
18206 23755
1349 5724
13705 26884
1440 25525
915 18512
6069 11207
3382 11445
2382 25066
17938 19095
1324 27374
14016 19487
3738 22025
54 11599
19861 25422
15509 16866
4749 26977
2436 16974
1779 19242
9805 18962
3790 10004
25628 26761
6725 22935
6957 19333
13131 20609
15676 20790
9523 26219
25172 25646
12720 16020
1317 27571
16910 17472
20846 22707
8456 19175
1600 8310
16770 27173
3564 19735
12309 24723
11216 26149
3904 6674
9250 20010
19061 20719
3995 23182
7210 24779
8802 28176
5093 20461
24690 26879
1779 14489
7926 21405
24585 27083
401 18736
4902 5722
7162 12415
7381 14144
17170 17785
13622 24864
11034 25494
9717 9948
7234 25281
13180 13328
11395 20328
5717 26503
13615 13879
17214 20823
2664 24831
13910 17902
12228 19123
22983 26835
7060 14941
9103 18876
5716 25652
16482 16605
1181 3976
8551 13351
7455 7875
24444 27309
9763 15852
5989 13564
353 23600
2943 26397
16511 27047
15868 22379
2176 26348
23143 27981
3987 20503
23143 26074
19089 28008
2906 16744
2743 18599
1106 17966
1138 13393
1364 7832
14301 22785
8669 18984
756 8471
3700 9201
17017 17346
203 28074
6615 8734
7950 19155
13978 23825
13875 21176
9857 20205
2629 16482
5941 27646
7928 24157
1241 27603
4930 14064
13091 19639
9285 27545
991 7743
4845 16603
6958 9759
9997 12956
4523 17353
5868 14138
3708 6211
3758 25006
1823 2320
18105 18436
19971 28255
4477 27927
813 20918
27816 27976
12121 14633
6069 15082
3053 12282
16465 18032
12715 25226
722 6198
18355 26052
11251 12709
3080 25725
514 27814
1879 13468
9590 17489
1126 19115
8646 17870
8039 12997
13518 23455
3779 21236
14748 17992
9485 24820
16775 20746
1897 25552
12952 26020
21398 21737
21972 23086
10900 17507
13888 22696
16759 21663
9115 22259
12093 21380
22200 25507
4231 18603
6879 26299
4447 18946
17397 19398
19261 21790
10346 14490
13741 21182
14227 24062
9572 25550
14344 19753
11439 15748
731 17842
11142 12560
18361 19549
4461 14492
16656 21499
14516 23700
5978 23082
12093 15082
10408 23726
17419 22678
7513 14534
24608 27279
4192 6605
12346 20687
17444 23825
3903 11080
393 9940
5283 5430
1658 13787
6512 17936
19806 24309
13585 14378
4236 22059
20197 22334
13256 24463
15056 23085
12404 16349
24206 25902
2508 22754
10728 19366
478 1970
7652 18179
6718 23372
1657 4557
23143 23249
3169 15673
18041 18575
3019 14895
6288 27791
17164 17992
1858 3207
5048 26735
10970 16773
2729 13673
14132 21949
1955 11424
4314 8343
13401 26152
9226 15271
5197 18985
13697 24947
7605 23143
10762 23103
10330 17742
6103 25666
3197 10121
13480 15179
14922 25490
1878 6832
4626 18920
8692 27352
9442 14840
9377 10816
5616 11288
6277 14101
4872 18125
4360 20363
11653 14715
14064 15123
7832 28048
1353 3940
9701 11955
342 11076
15412 16374
13181 24681
6837 16148
21149 22845
3592 8880
4807 21390
6426 21649
356 6099
3741 7882
9654 24274
7867 10967
15231 25838
2491 7205
18941 26405
15603 22507
3959 7981
9134 12598
18791 25391
16951 17358
16890 23265
8036 17407
2272 24422
9053 10493
1163 14452
6785 26481
7063 26098
1850 27071
16330 20224
1153 25221
18619 24884
14465 18082
564 10861
19766 21890
7555 26956
8040 22479
17013 24107
2667 17320
15110 25018
11804 25560
14380 22498
21764 24611
9194 14345
24836 27061
16718 24779
5210 21499
1264 23036
5659 7852
1400 9730
7266 25729
5536 14385
9308 15097
3354 5691
11675 20365
14605 18787
4268 17276
17923 20894
7768 9906
18787 22012
15325 20046
2698 28095
3472 16660
4726 18984
20770 27079
6876 12114
8396 22813
21577 22973
2130 8368
20449 25617
417 23921
7009 26929
5607 6220
23345 27821
2225 24948
15913 26218
9452 26953
19314 24424
9168 16041
4032 16152
9441 26993
19620 23417
9323 11133
6849 17493
223 24618
5917 17651
6493 25507
13776 15468
1397 2447
18791 25984
9226 25272
4076 19893
2943 18729
303 19712
13564 23066
2604 16055
14666 23672
872 24200
15292 17816
6192 23932
592 12780
17328 24005
10026 24062
18354 23431
14339 20554
396 15286
18778 28141
7478 14971
4859 24719
10287 21296
3738 25713
10085 19545
680 10920
3273 24956
22449 23365
10815 21891
12531 26838
13407 15977
6739 21831
19062 27352
10941 23698
8350 17593
1026 10128
11234 19546
3562 16349
16475 17560
10937 27046
14630 17692
8511 14511
6378 27660
3234 4627
90 24127
8451 14540
2151 6990
11148 12325
24967 26495
15222 25302
400 4207
2344 14934
6286 23722
9631 17773
4548 7595
2508 18838
13252 16846
3422 6879
14445 22977
21761 25273
13137 16642
1107 26071
10783 11634
1986 4352
14445 19819
1275 12145
183 4473
1966 9535
4135 8088
6725 26038
15967 21798
5454 20846
18787 25413
2132 11261
14427 22506
8282 20305
1609 9614
621 9847
1245 22205
12739 16131
8099 23307
12228 24784
18046 24371
12601 13491
9065 21333
4879 27429
3317 24005
14227 23883
850 21646
9252 21139
3667 17592
11039 24095
20797 26908
1278 1361
3383 22255
16044 26698
6879 13513
17304 27914
5585 9250
4255 15870
12755 25980
5996 23183
3831 24023
10818 20390
7471 18920
25828 26557
12496 22761
8990 13091
2714 8368
2102 4129
8959 25441
9813 12103
6618 14255
10357 24684
7126 25423
22203 24659
7946 27392
11149 24563
13344 13802
3092 25107
8806 20258
16984 21296
10531 27087
9767 24229
12844 26999
4828 7508
4774 14759
8437 22771
4471 7993
12161 15967
11987 22227
13018 16806
2541 7420
14546 18255
15547 24071
4956 12712
14691 16210
6870 17565
10449 22399
15731 27687
429 5190
9410 23152
1806 26152
14657 25991
17586 20472
5894 22896
8057 10727
20222 20627
6156 14574
9865 14033
1365 22012
7956 23588
5596 11912
12825 23465
1361 24918
2132 3944
5691 12451
6705 25848
1516 6510
4737 7429
173 12490
128 5398
14989 27025
2900 14592
2246 7330
24057 24131
1107 24757
3406 19783
7642 22100
12889 25160
6404 8806
401 3944
4766 11880
3577 24854
5943 9662
14767 22184
4604 8397
14288 20975
2396 7595
6546 25251
1356 16501
17787 24886
23086 24225
3059 17632
16983 24321
8528 24580
1159 4167
9132 14660
6716 26219
8185 11295
4299 14586
9846 17877
9553 17263
14335 21789
8528 17563
20857 26495
14136 23722
5583 5641
6497 25206
4980 19778
8156 25206
4933 21473
3456 17027
7359 22891
2022 8350
6069 19893
11804 17676
10317 25921
8789 9182
13228 19241
6832 16560
16282 22743
16096 20144
9813 24928
1769 18286
396 20281
19952 20258
6300 11108
7031 25127
847 17757
9959 16584
7896 24313
3863 4888
5959 14393
582 9183
18280 19827
11431 24095
7885 15162
10320 16599
3287 6246
12832 26476
1477 20053
1676 9954
6182 27800
7006 18963
12423 27016
2124 11494
805 20369
15610 24339
13104 17904
5368 17919
20307 27490
229 24270
11243 20312
10350 24109
1789 5627
9443 13649
24869 26154
8057 23189
13386 15547
5327 5595
24521 27698
11940 26212
13359 27318
9490 17170
6238 12236
15392 26513
3856 25336
3850 14040
1020 1726
9488 24616
16112 27867
4848 5832
2058 2129
6198 12111
18777 21483
9895 11692
14937 25306
13663 21962
7047 20578
3285 18206
5055 14704
7952 14916
23421 23798
7475 21634
11719 21436
1161 11757
13970 16276
745 1030
11080 21304
10924 17966
8970 17234
4662 23187
5585 21832
396 20479
4581 22040
5168 24674
9346 11735
18662 18953
23228 24023
14104 25343
22331 28267
15988 24706
6455 25202
3102 21749
2189 23023
4532 7220
8746 9569
7980 18725
15330 24267
7852 9074
16462 17481
258 20550
14758 27030
670 8190
17838 19342
19145 27844
16960 24598
8731 25263
2121 8741
7158 21543
7887 26591
10357 21799
11251 25626
18191 20732
5449 17645
3553 20969
2433 25343
4997 18434
3782 17593
7695 21257
16369 23994
5266 21491
16058 17076
2517 25214
5583 20831
18392 24218
4563 8364
1672 19121
2948 21275
6314 12284
106 11795
995 9429
18784 25402
1197 24988
2880 18625
6560 18133
7120 26169
4697 9321
251 17782
1573 21962
7953 23689
5371 22871
4920 14996
3445 16457
14534 23096
18956 28221
17120 18999
10937 13810
9378 21250
17910 21923
7111 8957
21628 27383
602 1401
3758 15633
2469 21364
595 10053
7456 12924
7892 18815
24917 26584
14920 25817
4265 24741
22278 23418
1123 25972
8112 8825
7280 18164
5113 25011
17863 23249
942 26265
1508 24956
21261 24714
16094 18658
12983 26224
369 17787
11880 14167
8533 21797
9378 14691
4442 22734
7346 15184
1322 16829
14942 23794
1118 11073
1361 28028
8985 21366
3700 17610
12067 16749
17546 18707
11111 22329
5540 14944
8368 17027
23665 24451
7647 12708
1197 10458
8261 28163
13999 20008
21228 23442
3788 15128
1790 23738
4577 20324
13410 13597
4421 16514
7384 24575
6404 27737
193 21438
2 808
6402 21616
11401 20460
20069 24062
7975 14228
3661 4367
7285 17837
9671 25250
2474 8807
3863 22226
19396 27899
14671 25444
3684 26684
19477 21029
9644 18963
1622 16642
7647 22824
11710 25564
13509 24720
9774 23269
7502 16277
3892 10286
18591 27702
12260 26087
779 17832
12015 26534
881 9113
9528 16596
1439 17316
4411 14437
150 6722
441 26505
4515 11876
4646 13707
17586 20009
3666 11030
8148 18350
19896 25967
3599 14970
3456 25779
1487 7206
1556 17319
22012 28272
3586 5084
5093 14778
12313 16314
2153 13057
4484 22799
15661 26878
1105 26573
13679 26162
958 22254
3206 10496
6572 16386
6209 19192
13285 24999
3708 26672
8887 22414
1108 11295
8730 14692
7798 8845
1920 11727
9428 23657
7367 25076
15294 17633
16584 28063
2667 6299
1417 6517
15315 21464
1374 3411
10254 16358
14753 23938
7023 9162
1174 11028
10 1676
5404 22581
12492 26094
6449 14082
26468 26493
19139 23015
62 10457
1 23558
620 5162
4012 22650
17030 22439
8794 9809
17383 24967
12204 20379
16991 23885
15853 19540
21341 23932
22639 22923
2396 16890
15422 21666
10146 22012
650 18689
4793 19033
4388 25422
13472 15693
12086 20765
9012 11295
1389 15373
8879 27644
3966 18944
230 9254
4009 24576
12487 15597
8279 16027
12655 25896
3927 10996
13059 13220
12493 15410
4199 17140
12888 25034
12194 19643
10779 25302
15011 27536
2037 15210
6660 12847
14153 23540
2518 11141
1236 19611
3065 5194
344 28006
3624 4524
898 6161
1905 14016
11417 23724
13383 15928
6725 10727
2503 27829
6755 10205
6372 26273
635 10800
16919 24660
1085 1657
5894 25652
5485 7381
9614 16128
6255 28175
8160 8356
9109 26755
16036 22045
4072 16700
1142 11416
11253 12752
17107 18556
7420 20661
8261 24316
19240 25839
3337 12551
6975 16148
3172 20586
1788 16104
4144 12510
9039 18457
11552 25699
653 10234
5175 20025
9905 12444
9349 13105
5288 18950
2636 14999
5244 20611
4645 12402
220 25219
9583 25962
16435 22871
9907 15084
175 26515
13437 18352
593 9043
17503 23425
3756 18589
13912 26742
11668 26038
12171 16255
1209 21834
8478 25273
334 16584
5864 15467
4080 19266
22666 24543
2386 14520
13724 27605
18801 22119
16656 26015
17310 22849
1 19996
13114 19039
7160 16955
17649 18824
2118 23296
2240 23686
4477 8208
6317 12169
2445 25995
1343 2635
10370 15357
6177 18894
5502 25805
8767 19856
9716 15741
1713 15229
15877 21101
17938 18520
12484 17044
16582 24721
688 12118
5336 27932
11580 16678
1462 15956
21944 22446
5941 23455
406 9752
4307 6843
1228 4956
1902 27129
6637 19764
14190 25295
15690 16591
864 13758
828 15258
3914 19043
5978 11327
7413 21058
7813 18601
14012 22607
9012 10837
788 4967
5614 11654
22464 25868
1299 10111
957 14228
1402 22230
3808 19258
4820 7365
11505 17677
10905 25433
25099 27374
2482 21722
353 19582
3083 21433
6967 27823
6888 23083
1162 2657
8889 14264
272 3101
10951 12369
8528 26674
6309 11575
9290 18029
12402 21293
13816 24524
10807 25538
12056 12565
2503 21649
8924 22293
17418 18792
1432 22476
7297 21079
8362 19271
2497 15540
14898 19857
4581 6896
753 6876
5284 24104
14997 18788
6848 27341
6227 22930
5361 10913
6891 12020
177 27686
19710 23677
15968 20162
2926 16504
47 26283
8032 17444
10235 14662
10238 12609
137 23809
941 4778
8781 21864
1767 18717
10517 18355
17731 18500
9404 22031
3293 21974
10970 23509
9239 22889
18667 18737
2189 19369
12260 14033
17504 20265
15391 19496
6589 28049
11580 12356
12426 12980
2333 10886
554 27763
13309 24900
17649 22392
11578 18329
1575 20633
4519 24415
13785 22542
18107 25410
7452 10415
7152 20958
6848 17383
160 11814
7981 16671
6973 9949
10756 23566
3065 8067
15978 21501
11027 17112
8787 11738
13517 14823
6988 10598
1240 10048
16622 20704
7420 8254
13682 24247
2536 19189
22352 23342
1514 10326
13909 26913
19415 22830
17782 23166
7194 15926
16208 24812
9408 11028
11158 28002
6848 13725
11396 14642
1726 6677
5218 18142
13542 23196
1759 18843
9250 28217
20340 21251
8562 11712
15493 17351
12090 24124
7469 24069
20007 22756
3422 23590
4068 16926
12095 15458
18712 27365
596 3121
3885 24422
5485 18027
10830 20480
1051 22616
359 27508
1618 4123
18332 21668
5475 20740
12922 25923
872 13894
2413 11601
4787 25299
16941 19398
11124 14938
10287 27402
21831 25466
9959 14257
5503 18257
425 6177
11148 16198
8899 16016
17558 19099
15052 17946
18679 23766
10747 24173
3667 10293
7111 20849
24174 26941
16901 17507
10773 12440
10882 14359
10279 22776
11011 23884
19686 25523
4491 16418
6257 20550
4645 21610
12601 14947
23275 24636
1378 17047
24208 26618
7114 26313
10913 14228
23143 23788
8462 14818
3665 14457
7937 8964
14520 21293
6573 19538
12270 13706
13446 16117
3791 13401
8304 16354
10036 19368
16016 27958
12854 19466
9710 17065
2157 19236
2539 19037
1713 9919
13806 27495
4568 25151
22163 22565
16554 24163
9924 23655
17017 23735
19116 25710
10326 23989
19574 22594
11449 17857
757 19097
16695 19755
10052 23372
1851 26467
15615 17252
5435 12922
1438 8924
3882 9386
2764 8085
23331 26889
911 15201
11687 16301
23459 25453
1052 10846
812 26676
1942 10971
13166 18272
10419 13187
2759 13407
12369 23663
24244 26568
2748 10042
331 19367
7296 15198
7456 16212
20535 22581
5584 17774
18166 24209
12769 15298
13422 23574
9214 20061
14915 28027
16201 23108
23034 25847
1263 12765
5371 20552
16984 25309
20384 22511
15622 26310
15022 16333
7051 8730
2111 21390
8320 14187
13776 16974
4477 5916
8479 25174
17283 26643
11141 15613
588 26313
3967 6587
3585 10261
3545 22755
7224 12459
5620 24844
12551 26184
3186 6761
16979 16984
1212 14500
16668 18319
19179 23875
8730 12919
10312 15121
5617 22705
8706 9951
3039 21773
836 5691
10425 14390
2227 25956
4023 25975
24629 28056
14959 18411
7408 17177
3393 18911
8575 18704
22180 24360
21927 27561
21240 25820
9488 24623
6103 13054
15792 15856
7063 13183
7827 18155
6671 9586
7147 26489
1435 19959
7869 25402
11997 19096
15228 20956
14886 17965
8278 19262
6729 22536
23585 25294
8959 11691
6951 8654
11988 27751
7508 17454
5041 7746
2748 22426
4478 22581
4142 10330
6594 24309
2304 7789
7798 18258
8772 13220
3633 13239
14227 25699
8478 27702
15713 20480
1950 12478
13515 24216
2277 21202
5 11958
6346 25101
22003 26473
4587 12983
8721 21874
6868 7328
22751 28236
896 27514
19068 24114
4456 11368
2491 9699
9558 10214
2348 13154
3831 26044
10619 15823
15705 15985
16853 27387
21582 28176
808 17747
24747 24902
1171 4263
5699 21980
6310 18574
15537 18565
5658 6182
1706 24096
11781 16155
11030 18265
727 2596
401 3961
2225 22329
20553 27500
5201 26126
418 26011
12440 24049
21436 28185
19763 27043
1979 15245
8291 18032
14971 22464
8673 11929
11898 19375
2157 3165
4682 25997
3036 24823
10199 18651
17482 27876
5715 16184
197 27179
6036 7594
9119 24095
20566 27316
19203 19484
5996 23521
15470 25174
1556 11143
3975 26516
11682 17749
7644 23892
18158 24393
8157 27624
1589 15336
4061 24005
19787 24061
18011 21029
487 580
9640 28032
7753 12564
10012 21794
3700 13179
5386 26226
7982 17509
6857 13172
1672 17273
9005 22570
11783 20935
21387 23015
5458 22138
6707 19836
8246 27087
16856 25008
11192 27374
13493 25344
7190 15251
6848 20171
8909 19699
14814 28127
7227 21438
717 6340
15705 16964
8588 12737
2796 26863
10899 25329
2708 25397
683 9816
2467 25405
21473 27867
2949 9171
2141 15778
12613 22460
9717 22559
14729 14927
7410 12956
9998 27179
7933 9939
18626 27198
11289 28210
17767 24042
8536 24698
3200 4641
11193 14109
442 8930
6668 19853
11665 27817
6862 10952
16641 23415
11102 28104
8925 26784
14654 19843
10245 23673
6232 28209
1171 15196
165 18280
26429 27588
1240 9380
17245 17733
17102 22278
5717 25306
10303 21353
19775 27557
253 12262
1817 23868
4087 10981
17040 17555
17852 22323
3753 4101
8956 17165
10493 15930
11080 17355
8057 23608
18627 24393
5630 28196
17032 22271
8712 26169
5289 9141
8437 20876
9947 19727
5398 17761
1459 5071
7228 25838
23469 24545
14342 17763
9764 25382
1940 10274
3889 19200
11964 21950
4367 9525
8036 19219
9025 21462
505 11755
974 17319
2344 22546
12934 19972
17070 28147
12845 21566
693 22454
1643 27527
16152 18582
4581 10350
2245 9725
16455 19443
2929 9621
10164 11636
378 7162
8462 18717
14583 19877
223 20906
9662 26417
19062 23463
17986 18056
11248 14707
13266 13656
6633 27821
5461 19749
10546 22232
15597 27300
5767 23015
4954 21761
1349 11077
9442 10961
1477 8707
12954 27321
4265 21205
16992 19512
4205 15211
9806 12886
7138 15910
3905 9948
18669 18722
9989 18255
5082 17241
9873 23162
16253 17713
13732 18322
21352 24069
21109 23036
12861 15529
21122 22311
10106 18688
15322 21084
589 2880
3066 27974
21436 24446
3718 27084
3780 24634
11007 27143
6663 21668
15610 23044
15553 23433
10003 23674
2894 17695
14777 17975
9578 9919
8849 27373
1153 19690
18267 24179
1009 8385
396 5408
2795 10646
14566 25233
18769 25194
3683 24942
16641 18093
14728 18591
1878 15467
21293 26740
6578 14103
2124 6261
8533 13362
13586 26744
11171 17443
10800 25560
15702 15734
4172 26452
16320 17294
16581 23628
14723 23377
11488 18014
5252 13284
3904 6618
2980 23289
17209 27602
5155 14789
347 23020
1432 15308
20458 25301
16686 21773
2667 20170
12963 23656
2112 19857
8412 24042
22141 22897
8944 25778
11422 24390
18738 23586
5497 18211
1755 26998
3845 16652
21003 26457
21815 27867
8330 23415
3165 24061
11987 14771
12970 16749
11997 25368
18371 25348
13439 14971
8931 17905
3738 13383
6288 12047
18713 27827
1239 12369
6682 15059
6763 11746
1346 11240
1784 3753
11300 27081
12788 15017
4849 10288
6388 7227
2925 24789
15762 27395
6345 16488
13227 19021
25344 26379
8717 9901
11431 23608
24290 25229
17900 20332
16268 17274
6857 15787
1533 8694
1349 5659
10115 11913
9423 18697
327 2012
19994 25729
1879 20115
3196 19079
14170 20468
1823 3537
18554 27444
7134 13383
2367 5832
20852 22901
1933 25956
6878 27839
339 23070
19701 26160
7256 10019
13203 25834
1622 7323
14929 24232
15857 16608
1045 20054
20671 26097
11008 26907
230 26985
1116 24122
15749 20394
11847 12346
711 3359
2291 2349
14803 26976
12745 21892
1147 23029
3890 25059
9339 16189
25270 26458
6618 14791
6668 17847
1794 9776
16622 21098
6738 16686
6935 22242
6788 12032
14994 16988
387 2542
2748 12506
12979 15164
14707 17114
9716 16249
4 10838
2671 27611
3740 15493
2130 21960
3622 18211
5201 26309
788 14853
12371 18791
3712 25575
5855 22651
23866 26232
20313 20337
26329 28203
6550 8148
13623 14840
1487 28157
3761 22259
12110 14065
5857 17568
14445 16609
18787 22716
4097 9466
2104 23132
16788 22416
26898 27896
1223 23433
11494 22496
2652 13831
9859 26531
3306 7725
16261 23365
3129 15323
24057 27221
23218 26945
4146 21028
5115 8806
13033 15508
10987 24904
7652 22999
7205 20258
13338 16314
2470 6348
10208 24219
1556 18095
58 4422
8730 23789
5031 11513
16859 21700
7228 16129
10090 20032
1000 2341
2259 12565
17037 24970
1538 18287
19223 26567
99 1090
8075 11551
19567 25276
15722 18959
18853 25584
257 10929
759 23362
2991 22095
3161 10861
1134 18015
14741 16903
3253 22953
15418 25617
7508 15666
11534 21296
1274 18735
24147 24298
20842 24851
9323 24280
2067 13208
17433 24836
4659 21634
3851 6840
2299 23143
7289 20950
5197 7881
6495 26029
891 7442
7166 7750
11007 14971
10454 17122
332 22117
253 16433
2245 5989
5326 14817
7033 16477
16362 23974
3780 23912
8246 27795
23520 23820
17146 25420
1830 8481
11452 22130
20328 21251
11528 19058
20697 25181
3866 24078
16564 19657
14242 14728
490 749
7916 15689
13383 20849
11465 22649
1395 5982
2121 9321
13948 18669
8972 22750
1754 13305
7005 24883
9124 19075
7358 14091
2581 3420
12217 12417
8083 11198
3617 3716
2250 11406
14215 14706
2816 18475
1428 24232
7362 19189
5393 14905
7329 27908
2022 25090
16338 27617
8515 23265
1538 3463
7021 27867
17027 27867
17347 25349
15904 17048
545 22814
13214 24254
2339 15283
248 25368
5208 17847
12970 22617
4645 22438
4732 26418
681 13383
2710 17389
10042 27927
4776 11952
5149 7172
546 17889
9563 19086
6801 7768
9550 22791
8384 16506
7975 10146
3512 25886
1640 3953
15363 27761
28 9706
6453 6946
7785 28077
25307 27419
9615 22106
8265 24962
11659 26294
10587 16921
25619 27289
1613 4791
15682 21688
777 3128
14513 18901
2312 25176
4693 5595
10652 17742
9732 25661
5351 14666
17140 17326
23884 24480
8746 17259
9443 9961
8157 13527
17344 18603
9142 27658
6769 26665
1686 18956
8923 22251
1962 15592
13407 14012
8686 25729
20130 23463
1878 25303
10160 14400
994 21207
13673 17941
22226 23085
7639 8586
1373 2994
5023 23140
6898 10660
2325 11043
18665 25461
7956 16489
18963 20105
17823 22216
23955 25280
1018 27905
2961 25451
12956 27527
2326 18603
1099 3419
3666 9594
217 8463
14657 25357
15867 26728
4113 6436
3562 15899
8541 18522
11675 24424
16343 25110
1361 19425
23829 24638
1425 16584
24403 24835
11203 19546
15559 15561
20705 27980
3046 20238
16942 25605
8511 22376
17997 19230
564 25027
14181 28062
1389 3010
8251 26476
8899 18421
1195 12379
23803 24208
8543 13535
19968 27501
7601 20120
7511 8184
17397 25454
2216 19056
7698 12282
12225 21968
2518 9061
8493 10922
14010 17220
11148 14068
18159 20804
7810 26635
7648 7879
7643 8105
439 21264
16901 24374
4802 27976
6746 20286
14233 18600
4390 7733
12568 27744
1196 17113
13777 25988
11134 25287
9377 13534
22201 22266
15348 16002
12504 13757
15001 28228
782 6268
3633 20674
5042 27117
14198 25139
98 9010
3593 4180
2132 18315
6951 7434
9060 22197
10973 14218
14452 20579
11692 21804
5600 17035
17952 27778
4217 11465
14778 26253
14522 18438
4952 26340
3053 13073
245 2592
9834 22425
14390 20953
24336 25410
6215 10304
3859 4256
11397 26573
13024 21665
15562 19853
1116 5252
8730 24357
1213 24142
15956 24999
1944 3848
23906 27033
5448 27627
3121 9631
1525 22797
14520 26740
14572 27671
1745 21618
14576 22183
5850 22285
5525 6051
13382 22323
9945 16695
15644 18167
3401 18906
21881 27029
1043 27467
7595 18909
20849 26356
11266 23691
9398 23863
13788 25067
6333 27168
25607 25817
11483 12606
10982 13440
11238 20251
9214 12401
13771 27527
15429 16333
22750 28186
3802 10800
14955 26260
15620 20053
19238 22870
78 18679
11426 25368
26956 27087
15384 21748
1438 13271
17779 21413
18507 22845
21070 23643
8338 13831
2518 2925
1910 9699
10076 26085
10081 28044
18036 24586
14065 22390
16959 23452
188 17739
1481 7360
5504 27831
1306 20621
16026 24057
13918 25185
20745 26970
2379 24524
1688 27724
1920 16338
19289 27412
4162 26904
5294 9915
3294 20998
21074 27693
17739 18797
10136 16655
5659 13347
12320 18630
1748 3674
20064 22241
16347 22925
24140 27174
6846 25420
6116 21829
577 2255
13762 25060
22659 26518
12114 20713
2131 11622
9543 24752
19394 26364
19699 21623
8304 10956
15175 28013
1958 20758
13054 15166
19270 21602
7015 22625
23309 24613
7938 22229
20836 28194
17036 17525
17664 21647
12945 14585
11167 21474
18210 28179
18151 24172
7233 14391
22769 23372
1928 2426
15109 26598
2650 11375
7360 17819
3169 5600
8251 8746
10491 26698
15857 26134
10584 18419
23183 24449
9733 15130
4422 20113
910 7469
2111 4807
4789 20515
16113 16610
14575 23284
6343 23430
17407 18947
495 5262
1000 7561
14017 23559
8357 23360
16589 18824
4340 4984
8758 19533
245 11073
3734 12136
19496 22845
15130 25160
319 21633
9794 26114
26097 27913
7477 9077
3141 26737
3616 24505
14600 17378
21253 24713
1015 5716
16919 24847
2407 18355
6780 23063
4148 7656
13937 20211
15368 16724
9380 19710
2212 21966
22379 22390
4035 11311
17836 19557
21424 26591
18772 21998
5510 7830
1052 8588
9612 14954
8483 26943
18128 20163
14520 24062
12887 25815
17038 17731
10033 21642
1398 8264
7459 26104
12798 23521
5654 19284
400 8403
117 22987
220 8810
2429 14437
8785 20258
12043 24791
3856 19337
1538 24904
2649 25302
11261 14228
3598 24395
14629 20832
1199 5850
4886 11128
2245 10484
2973 8067
2709 3900
7137 17073
1349 9544
8775 17067
19522 24288
896 1405
5978 20437
22769 27147
27293 27428
7894 27861
9683 23469
20605 27162
10920 13282
15555 25956
21709 22301
7279 19591
24397 25822
8291 14506
20669 22645
15443 22182
8466 13383
14809 21823
9549 10372
4101 23298
5448 22001
11484 13078
8947 18684
19410 21945
2995 24716
14794 15811
6126 7975
3024 9621
11868 22080
17518 25799
9895 18797
13332 14650
19081 20624
13762 17526
6454 22106
3214 6051
7804 16195
17499 24412
9253 20824
2847 28044
1573 23767
7002 15710
16847 20711
23267 25905
12639 22415
12976 23214
14830 14965
5978 22323
396 28179
8963 21804
15618 26982
2339 23619
7732 16219
4737 11846
2667 9074
660 22366
3267 15392
1006 27197
1559 24326
3966 21823
7879 8398
20931 24934
20988 27643
711 6222
3734 4132
18313 24069
17417 21831
8471 16378
8057 23521
14646 24061
1815 12888
5373 26429
9007 17468
27347 27619
17456 25453
8523 23312
1292 5795
5710 7852
15861 18667
12954 15283
22290 23315
19424 22515
3506 5751
5089 21213
8860 17673
15920 18366
5368 11152
19856 25417
3279 26728
11975 13984
16932 25454
13780 25005
1023 8177
12658 20927
3062 27730
334 6260
109 22123
7018 15054
3762 14407
3101 25771
4029 23265
8553 17941
24589 27531
13270 23978
1381 13535
9356 16102
3544 14743
12580 21761
3530 19535
21123 21732
351 6253
12349 14989
13363 13373
5611 7935
12646 22479
10846 20459
14228 22160
9398 22382
18533 18679
20357 24614
13987 15365
6601 7743
8756 26737
1863 23520
11651 18663
250 8356
21695 26918
7777 25286
25829 27756
9239 27508
9465 17507
2305 27961
6510 18753
4024 27202
6433 21735
2085 14296
3488 9251
25336 25426
2605 22020
24085 25614
9954 15255
5878 17858
1370 17205
5716 6439
21242 23535
10128 22035
5352 19884
2392 5071
12399 15676
2579 19396
401 13208
5500 24800
2373 27098
22970 24933
11527 16990
973 7387
3634 14471
11753 12470
6965 20420
5893 6946
14387 16595
25683 27788
7568 7584
17949 20705
18059 24889
24109 28279
10015 14330
17335 24623
21061 27002
8737 21589
21577 24326
1441 19917
2692 19174
10849 23453
16467 25301
1061 4270
23315 25949
3521 24659
1575 13718
7120 8029
3970 23332
7029 10824
22746 26258
16589 18019
4386 25054
12441 17232
1343 22714
17354 17833
14771 20479
3741 14353
11792 17535
2965 19565
1999 21268
2685 25977
1900 20743
20940 21291
1197 9922
220 14228
428 3902
1850 17080
16079 20079
3759 18053
15701 28054
6209 8811
13222 22079
7996 12444
8817 25454
20142 24697
8074 15843
1925 5591
4142 9597
1787 2125
11802 12902
12879 24412
11814 18534
9782 28166
10061 26265
4767 25327
16901 19140
7923 25457
1113 15624
5115 23816
4761 11397
6972 14918
2197 19052
5130 7358
1033 5451
8319 16236
1746 9525
736 18464
9518 9553
19817 22712
5204 12573
3676 11762
17259 22041
2121 19303
14971 19417
25494 27499
25054 25167
12108 16549
16584 18491
19200 21665
6841 21025
543 15425
1878 1879
16923 27693
1060 4716
6847 14776
9915 22025
5551 24075
10616 19990
9800 17295
2379 11569
8787 16267
2752 6634
85 16709
16545 20292
26148 28026
9537 16800
8174 17013
384 6541
1053 25220
4580 13216
15446 19525
2191 6913
2694 9551
4076 11387
1994 18622
13378 19414
749 5476
11878 26069
4328 25155
5209 24808
1600 10054
12105 16979
1744 6490
10270 11183
3287 5777
2604 23344
1573 2628
5944 19271
24811 25358
3953 17070
12709 14696
12090 17219
8087 9437
904 24061
1468 11315
9503 12708
146 3762
14407 20586
9624 17484
8447 15842
5416 28177
7432 25735
1465 9586
14892 25009
4076 25110
9896 24295
23260 26899
8734 15065
3858 21293
16015 27638
8402 16850
9931 17837
14829 16230
19148 21084
9398 27352
369 641
7185 17146
8765 20724
13831 15074
15576 24467
17443 25956
3982 4803
8605 16530
12649 22238
22857 25343
4466 7198
23846 26391
693 14901
1609 5717
8608 22399
12270 27805
8898 9252
17518 27731
9811 13152
8391 17557
2974 23147
14228 14342
15530 16308
7389 22570
4725 13192
16559 19662
7590 24891
21470 24929
9339 25887
7656 10342
12304 22403
6920 6937
19868 23165
4829 26268
19169 24294
3663 9842
8262 19004
7659 8773
770 4936
15184 19019
3790 26879
18114 22255
8202 11748
624 22272
4720 27016
20235 28026
20417 22498
4146 14342
14507 18791
3202 25042
18782 25791
24256 27937
7205 23633
97 22908
16106 24803
131 16850
4216 22400
2213 22598
1643 27799
17263 19169
10639 22180
1770 5004
495 4693
23721 26786
8264 18308
5716 26753
3789 15032
4282 17953
16130 22207
8579 26476
7954 25857
9660 27562
3348 11573
7297 25261
4573 11161
9011 11322
16619 24183
20984 25552
6729 16820
7145 7861
16120 17580
9657 11690
23252 26281
9252 18015
11100 28156
5287 23972
7587 24169
418 27438
3580 18729
600 22120
14072 23932
14648 19813
1335 6008
10875 12879
7846 9086
5447 28211
1374 13910
11961 26268
3794 5413
12346 21369
14681 18669
2710 3879
13054 13807
2991 14513
3010 13591
7826 24968
2018 16473
22769 23986
10925 26904
8770 18727
13400 16957
1512 3326
4422 4626
259 21430
7205 22012
5749 17782
1349 24857
19047 26456
4313 8364
14473 25406
13282 22355
4508 27307
16496 26729
4038 14710
1762 20727
4142 19952
2053 7627
3670 5680
15729 17073
6051 11322
16198 26815
629 17542
2648 23467
15660 23812
13373 20554
1223 8785
13802 22865
9033 22246
9738 17779
7412 21823
10859 18761
15231 19604
10102 19281
1097 22841
3551 14481
12139 28077
22634 23799
16467 27696
5735 6416
12544 14822
3789 9347
21766 21800
6633 26503
3872 14728
3736 21050
7758 21159
18798 27529
11080 19033
2226 14052
1713 25636
2832 6848
9806 13091
12346 19857
14449 22651
14957 25010
20434 27368
17603 28267
3399 9235
6205 7592
6825 21989
11784 14903
4067 12428
4646 19033
15085 27938
3070 23703
569 26989
10935 12228
17073 27358
17017 23790
19868 24193
13832 27074
9214 16961
1935 7896
285 438
1593 26053
10340 12729
3793 25034
2110 11133
3825 8515
13068 27830
6201 19053
17108 27886
4580 14080
2483 12963
12943 18523
10562 10618
1253 7590
1767 9234
6916 18774
7289 21523
2720 4366
7246 14741
106 12991
3315 17169
19900 27492
20171 26340
1 20689
6209 9949
12474 22384
6151 20194
17303 22763
15341 17803
1025 19569
25374 26842
1450 15376
175 17974
4285 11791
2547 15135
22780 26302
25163 26498
20789 25550
4043 14823
812 23106
16589 19900
8986 25274
1349 4453
1833 22292
17429 23912
17510 25838
6131 6977
23198 26992
4809 23277
13242 18462
7956 10792
1171 9268
5088 18481
8977 17639
10097 27802
13150 14304
99 10304
8313 15849
1308 22582
13429 26172
4156 28134
849 15031
8438 17914
11751 13784
7938 23267
7716 9977
1340 14976
1449 22957
9424 25232
5168 20566
18369 19426
4159 27374
19863 24208
19424 20917
16957 25306
3310 16193
8443 15862
1008 7977
24122 27810
19494 23254
2531 21117
4081 11780
12684 14988
1858 22716
7995 15874
14010 18533
4699 10157
11039 20711
7007 10420
4414 24062
22334 25953
8558 27049
18359 26901
14609 25160
9214 15405
4081 19215
9535 17634
8781 9095
6116 21885
10514 18870
6404 22708
7536 10407
5989 10935
8923 16322
17161 22531
24030 26457
8599 17549
3805 6918
8733 8985
3917 24281
5330 22475
3961 18736
11773 14987
11859 26503
3551 11467
20627 21115
1246 27924
7846 7982
8995 15251
2467 12235
7760 16085
788 18050
21462 25343
22966 28268
13706 24726
3858 5641
22814 25602
577 9008
16955 21259
3907 16121
218 5973
22954 24676
10408 20944
3700 28232
13385 25064
837 23902
7732 26576
7741 24177
11975 18518
18262 18874
12111 17502
1625 23927
161 21138
15619 26503
10579 22479
10490 19728
5389 22771
9888 19139
11987 26907
6126 7375
22702 27662
9788 25509
11847 26683
7018 19360
7768 20115
12664 23875
3598 20387
3983 9354
4974 20734
10345 24243
7414 20477
566 8414
10814 15657
808 14998
6290 14865
2344 4380
16369 23143
3993 10410
11592 16268
6773 19195
13807 21864
9709 23361
561 3889
7510 20408
10616 25884
16957 17056
3146 27846
6957 18557
7721 11405
3828 10826
12511 20438
5371 20936
11416 19140
11327 23026
1470 25976
1510 18369
12886 19154
9754 15545
10741 20286
17941 19425
3575 19514
18033 26363
8059 18040
1138 7354
1292 7997
7911 16138
17904 28144
3634 23648
6589 16960
2030 3275
1034 14456
19015 24073
39 17527
21117 23669
15132 22330
14141 15642
9211 18583
16261 16311
10128 15551
12920 27143
14227 24616
232 9324
5301 20724
4472 19318
9428 18036
9868 16610
3923 11880
6669 12864
11951 12069
810 7015
12444 19857
7056 12145
5583 27690
755 8188
11304 18540
5213 25886
3186 15127
13335 18454
19100 26788
20162 21416
13475 17465
9859 13407
1343 20383
3804 20854
14181 27703
19445 25221
7137 26546
2937 10442
2474 8566
10846 25557
12829 21473
1959 14278
9923 18729
9736 10767
9361 22296
11261 26051
8096 11997
17391 21736
11946 13595
6972 12193
289 4180
17787 27642
1349 2484
19536 21456
7900 11479
1684 5341
1551 15955
17509 24939
7702 13168
917 4186
4216 6029
4700 9322
14335 19205
8749 25137
218 1925
10574 18644
7798 17703
12029 26974
3447 10434
48 5448
9616 23619
7916 24883
6135 8148
16385 28236
619 10293
25626 27112
27313 27970
15242 19651
10637 10795
24427 25960
14088 27779
341 26476
10449 11787
24846 27538
7950 26970
825 14033
7523 21913
5665 14809
11107 25513
3128 26173
933 23647
20991 25704
23550 24129
21123 25607
582 5123
3113 12440
11274 15736
11997 27821
6262 24061
2648 6824
14529 20163
7744 24756
18369 21980
21563 24885
8846 12495
2724 7002
14643 21853
5750 19035
5057 16025
1900 3562
3036 10773
10348 25559
200 5649
25060 25181
19468 20114
3357 12837
4323 26413
2205 17265
13713 14419
24565 26948
17728 23730
1962 12452
7836 11535
855 13683
277 26615
7195 16094
967 17672
2968 12992
10560 19171
10444 26245
16016 17235
4563 9281
18034 21038
19691 22461
12495 19853
21011 26914
13370 15282
3121 19326
3634 7420
15179 18294
8932 21673
2536 20092
24831 26413
15228 25287
7974 22639
11295 14771
15164 16900
11562 25048
300 11045
292 17325
4210 26799
25067 27942
10222 12726
4178 9569
9130 13745
11725 12506
899 23312
574 18547
9438 13130
18831 22426
4391 17076
11042 24539
17252 28193
12521 18321
12008 18033
15900 16324
5690 11347
3986 7368
2360 17075
2474 11592
8810 17938
15954 28121
11963 28217
923 24958
13833 22157
5017 23129
7761 8411
13175 25876
12030 18497
11078 18634
16584 25049
8322 20789
8502 26199
11816 12709
9426 21309
14890 25704
2389 9850
5911 23828
3742 19617
8249 19197
2067 6009
10008 11825
2412 12068
811 26807
11340 25896
7179 14389
20129 24895
604 19960
3856 19139
2785 14039
3286 18715
5669 11095
1900 26804
10934 13824
9699 10560
2259 24589
19276 19729
15793 22550
583 23932
115 17057
1878 26997
25273 27369
25276 26493
11091 20179
1748 22958
505 10594
1099 17159
6873 24286
16210 17429
10067 22004
13472 15282
3645 23276
10936 27170
21312 27886
12779 21914
5620 23785
220 1727
10033 11181
3420 22944
10023 19764
15766 16169
4255 7099
4611 14702
17249 18136
16752 21716
1622 11804
5377 13168
1 23544
10330 22996
9038 13351
2631 10325
2628 18793
15576 17215
21126 25262
13875 27656
6107 20299
19733 27499
9919 22100
3137 26358
1775 13235
479 12417
5291 27729
15369 20387
2465 14990
3127 22913
24390 27992
22646 25758
5734 8463
13271 24061
12402 24208
9856 11069
18633 21192
693 21944
3206 26235
12479 26740
4361 9590
5256 26204
808 6594
11754 28194
8397 19868
3036 14393
1959 14136
8806 17880
20931 27751
7929 23225
25163 26270
7364 28162
21180 27056
2744 20639
13956 18726
2596 22772
9747 15401
10348 26520
3967 10495
14492 18081
4068 23393
9465 22271
20446 26351
4979 20123
12792 24005
24364 26265
8677 15512
15493 17037
22425 26061
14981 16152
6703 17232
20484 26319
5600 14758
1412 24939
4675 15808
5731 20959
17416 20480
9265 11880
13416 20712
5197 9150
9438 23696
13093 18745
12257 19853
12538 22871
5172 15182
7491 17616
597 6094
2521 13756
3121 13756
4237 22985
21919 24570
10033 17846
2270 18751
3733 24477
16671 20258
4142 23143
9527 17728
15162 27810
7112 15853
867 15672
17963 25297
19791 24338
16749 24271
20504 27966
5562 8432
5913 17166
15147 21101
2197 7584
18027 18665
396 1730
7162 21649
1576 8692
808 7802
15934 24241
545 23119
1604 18018
15759 25833
1308 8055
8215 10381
5047 10838
2369 24195
9404 22464
10337 26815
11310 23802
8089 25838
6705 9350
24040 24591
2743 4732
17735 23978
12410 27157
12067 16646
7162 10953
9281 24360
7410 11809
3529 24061
11846 17501
2832 12432
17238 23279
757 8199
21798 27337
8222 28150
9108 11003
9388 24792
7703 26672
6348 8318
3400 14433
9252 21688
14277 25336
8251 23866
2308 26770
10015 15286
1748 21620
8924 11785
5213 8528
7189 26645
6257 19735
7725 9358
15723 18435
742 3329
24904 28211
1878 22310
13823 23006
6886 19790
721 18354
3885 26503
1940 20210
10286 16770
1755 27706
4971 7177
17947 26069
3257 26186
2867 16508
23324 23619
11017 11128
17166 27909
19729 20413
14942 17657
4999 19668
8345 19281
20424 26447
18619 24779
21419 26077
18128 21761
7725 16180
27221 27806
15928 20503
11076 23829
4917 21485
16658 24731
21679 24108
3154 26184
4515 23799
13220 17003
16276 23705
22373 23243
15834 17779
1413 20094
10189 25160
1672 13375
9239 25272
9695 22084
4894 18371
12248 20853
495 18533
26591 28130
25967 27046
3765 19503
4468 10682
3638 17671
10496 26753
5711 23016
9420 22707
13121 25270
14237 17955
22128 27429
4603 20775
12820 23369
7286 22389
4678 26832
3045 8817
3080 21944
11030 22222
8712 24396
5791 24251
12755 24697
12576 26243
2303 9590
16357 22156
20162 23392
11192 23767
3381 5777
12155 22640
1770 8802
21929 23907
4938 8290
893 23494
23694 27083
19372 21315
15682 18296
13564 14710
75 23722
867 27922
7600 8391
12689 27651
14600 16851
11211 18225
8290 25996
20665 24371
2556 21891
10567 15084
7524 22454
3896 4938
237 2589
1582 11227
5368 6649
9260 11925
23764 25794
2939 26200
15727 26554
9851 24062
8478 13564
3111 15184
16806 21609
16767 17645
9343 19878
17723 19758
2396 8515
18004 23714
581 20046
2520 12652
8730 25480
15573 17977
7568 17356
10800 19243
15811 26031
1821 11671
8541 9170
449 14794
14778 21377
6591 16870
18808 21409
5743 12041
18985 22565
8841 16941
14642 21323
4182 24828
268 21909
11734 13842
2288 5522
12244 27825
3354 22378
6972 18565
1067 7461
23719 27752
8361 9398
5117 18947
19061 28157
4798 27007
12341 14168
7216 17422
8405 28080
6914 20956
12781 27106
2776 20001
12491 18670
15860 24341
19134 20558
7893 10321
3669 12561
259 26908
7170 22821
4269 20953
14672 16965
19542 24065
16965 17840
3871 23106
4719 19817
16527 16702
13468 24068
4573 5102
2388 19735
1144 21125
5371 23843
113 1263
24122 26866
660 9325
19217 22191
8999 21823
8568 9633
18726 20678
2213 7374
7933 28177
5203 27522
4302 22947
23358 24025
9179 27990
18112 27224
1225 5342
1257 12715
1368 7671
9218 25873
1458 3526
9074 20210
15201 18909
6794 14108
601 25404
9079 23429
7930 21214
14784 23033
12412 19447
1482 26721
1103 13970
3143 9054
8825 14462
12121 17846
19974 21000
6404 14612
2045 13905
7820 17787
20387 23997
17013 20814
19419 26092
18354 24835
14288 23456
3065 20431
3864 23015
12868 18511
4828 9008
17340 25667
2259 3154
8894 12435
788 8348
12994 23647
22858 23320
4612 22512
3323 11274
2386 12402
8841 25901
12220 16184
18520 20041
14752 16373
16071 21955
14464 25926
1090 15019
8281 11623
2968 5228
3084 19640
8003 14709
1162 13926
13444 24704
3146 21838
23007 24579
4995 23892
1878 23338
6482 16094
14604 25660
7596 20108
8715 21829
3734 24131
23482 24240
25009 26197
7746 13220
21987 26503
16623 17173
7407 17479
6147 18572
230 15190
8633 10587
4731 24207
16006 21079
13208 21849
2386 24062
6466 13922
8124 19395
1722 4121
5072 9788
15300 21497
13816 14519
10493 11555
2087 11986
6182 15853
4789 11992
3508 11321
11812 22605
16888 18635
22965 26717
17289 19783
16463 25684
14017 14424
18704 22588
18187 28117
9631 11945
4693 23083
7186 19709
10228 14700
23932 26413
1685 14396
18704 20230
23705 27932
13274 18428
13810 16751
6586 21884
10986 18754
11585 27520
21113 21293
406 867
5590 19580
1181 2385
2435 21353
18985 23872
867 14648
8289 19332
1695 22331
5902 12877
4581 9367
824 21061
4367 16892
10764 25329
15878 23868
2342 10824
10698 26150
2217 5267
5108 18416
4140 11593
5221 18575
19624 21594
11155 13631
13173 23060
7684 18430
4581 22305
17729 25887
9690 11911
3323 22141
9528 12012
12341 24823
691 28138
10907 15308
2030 19081
10041 14592
20131 23106
3015 13304
19939 22910
6789 9573
3666 23553
918 23327
396 1252
3241 11260
1068 8469
11809 20008
16261 27274
7410 11444
2439 14688
16000 16358
14782 20039
9632 14919
14607 24599
8300 23641
1068 20312
6239 22153
11240 26969
22533 23722
1894 13306
220 18050
5489 7861
7465 16788
10715 24575
12959 21077
2598 4627
1158 15442
874 26465
10935 16901
17713 23990
1687 23692
396 22907
10933 26245
2162 20382
5994 12442
14961 26670
23283 24177
686 10819
12151 18154
18963 24614
6317 8470
6832 17570
20449 23573
5907 18837
20387 22425
8635 21845
23979 24681
2366 16237
899 24908
15226 21789
10956 19121
7401 23361
17033 19688
5706 8293
7635 24208
17259 24395
3430 24155
220 8478
20276 21878
833 14163
10076 11144
2164 9717
2288 16905
14556 23857
5691 23615
7836 9252
1009 18761
3852 27797
16814 20962
10845 12282
10075 25560
18920 25607
5308 19955
19064 23982
6793 16770
3741 17607
3977 5305
12175 13628
1767 7353
13343 21997
13279 19965
6239 23983
11746 15782
9179 21258
3752 17042
2955 5831
19753 24279
5102 13649
19857 20503
6602 26691
10701 26379
17898 25513
7898 15086
26035 27160
4257 6546
5722 22038
1085 17120
17737 24795
2958 5018
1108 11570
2293 6934
6832 17407
8323 11541
565 14029
7879 14048
4636 16429
9873 21388
1421 27825
1613 6155
8802 13516
3089 8565
3024 25364
23978 24502
3244 13564
1587 24616
11711 21471
6636 19548
9123 11735
17902 21355
4729 14901
23605 24165
8290 16865
5226 21675
188 24083
12412 18520
3859 20480
6426 22716
17717 26075
598 20470
15007 28224
867 15429
9438 13944
15847 17836
10118 18485
583 20633
19454 28106
8368 11030
6590 14312
3157 10292
12689 24072
4428 7392
19059 26739
3598 5263
8802 24062
2891 10900
5580 6965
5534 27869
6511 22591
10995 14513
12692 25842
1850 23857
10875 15224
14129 25683
4822 23914
19576 24280
759 16901
7915 20894
21929 23082
15019 18534
15727 17065
17599 22634
11727 16509
867 3726
15825 23265
12830 16284
22102 23654
4700 12010
5443 16373
3940 5867
10254 26766
5413 8309
1351 13422
13438 25727
10011 20814
1687 22331
13123 17416
25855 27382
13055 16932
5747 13839
14445 18036
21566 27374
9690 11906
15669 20167
6647 8437
14647 16345
5201 16386
4006 4625
3197 6669
3362 6952
1142 7073
11878 26327
3875 19655
898 7791
4101 11709
26817 26949
2526 19567
1573 16640
18701 23146
11748 21048
3634 8588
10545 21883
1858 13365
2373 20700
21038 25830
6380 25364
78 13241
4671 5632
7236 21057
7602 11830
13374 14419
8730 16774
19509 28238
20244 24850
18418 18867
13880 19546
3361 8868
9006 11350
782 13374
24958 26578
6138 27192
4615 14471
349 6794
1220 6689
12570 20936
175 7747
4954 25273
421 1045
15680 22060
1209 13114
1622 12056
6947 16724
1302 9369
23570 23976
20834 26628
8781 20477
5978 13298
14103 19280
7529 10630
3927 25920
3683 13824
9406 16840
11121 16866
25294 28158
5371 21887
9785 13721
4967 24952
2525 15493
17198 18095
10334 22420
1270 13626
6737 17309
13999 19275
4286 27883
3741 16101
1346 5850
1008 21387
10756 13661
396 9534
14703 21244
18494 24721
9084 26709
781 20210
21516 26361
7003 23365
14180 14695
3634 26094
6290 22426
12142 25433
406 14242
1056 26774
1597 2821
2810 21760
8707 21435
5665 14944
12993 18128
16841 23430
4646 25153
8990 23816
3424 3946
4908 7613
6754 19746
15344 24638
1912 18662
15727 24280
11763 12879
17295 23984
3639 11700
13590 13745
8924 13422
396 24415
9638 19886
11633 15942
15343 21874
20099 20654
21426 24251
7456 11594
13985 26087
11461 23606
1666 7141
19249 21552
10490 26764
6209 24147
1848 11798
9275 16235
1106 3944
6268 25052
9660 10146
24326 25986
8281 19358
16331 25254
24228 24977
16276 25732
10090 20367
14212 22747
15600 27129
5528 15815
880 890
15053 16588
15346 18436
15085 22130
5130 18163
8396 13328
8254 26958
10291 26429
7736 16656
10717 11104
10038 18595
1964 2058
8151 8280
25444 26364
6882 25321
15426 15442
22905 24404
5557 18592
8649 17423
17606 22342
313 18938
21545 23665
1162 18746
9138 16823
1351 14383
11965 26786
9358 16197
12423 17819
16472 20500
273 6480
16337 24665
11192 25678
23930 26767
25993 27611
18346 26386
14920 17773
9708 19596
5481 25617
1052 16187
11597 22186
1767 19827
6456 19976
19453 21746
9359 21737
19341 25433
18679 26823
1275 15426
1103 6705
22820 28194
6623 21969
18018 21438
11950 25730
1404 18939
24576 28061
13788 26092
3592 12729
10764 15450
1114 12729
13438 22710
11128 24062
7459 28029
22031 25142
7428 8091
3567 22887
6045 16456
12199 17479
8515 17691
19033 27152
10240 24185
24622 28195
20342 26795
8054 12689
9342 9696
7478 17056
481 14583
9835 19731
7457 16145
9044 24289
22321 27993
27107 27821
20038 25969
16002 17782
22518 25253
23609 23896
1659 16346
221 20597
19275 19567
7538 12901
3634 14696
8368 10920
17819 23361
2556 12405
10242 12020
1777 5201
7852 24147
22256 26511
15128 19871
12259 16910
15373 27896
18050 18120
4029 19493
17037 22049
12133 14176
4 23757
12276 16547
25185 27887
12939 18294
651 2507
15676 21438
11440 26896
13853 26094
8057 22634
23433 25716
8417 25677
8163 17484
3570 19778
5041 28060
22553 26389
6879 25666
2701 19819
10338 26178
3251 12559
19142 25065
1532 17629
12244 20162
15087 18304
4300 6877
12148 13624
7396 22651
19378 24592
5191 15964
19086 20886
4568 15489
13564 19140
4954 8218
4611 11910
7557 11461
8105 28092
265 28044
4362 9252
205 7838
1621 21815
5212 12369
9038 22229
991 8565
1609 25735
2564 11603
23598 27751
2189 12427
18272 25967
4424 20390
4700 10126
23574 25666
1039 9214
11847 13780
14529 24326
14301 21480
5065 10096
6975 27482
19192 25064
10088 19005
48 7832
13111 27420
7600 14050
2781 3869
14601 25074
11866 26644
17653 26902
15301 25110
23703 26244
17177 27872
2017 5475
5877 17098
3059 4099
20633 23892
2020 15182
19494 26298
12775 17936
4268 19368
4630 20313
12095 26494
2051 13622
7086 9260
1261 23210
19567 23892
17637 18945
879 25035
113 24616
5570 17957
2324 9482
7297 9226
20758 27655
14390 16229
16328 23337
9590 13392
4518 26404
9731 19899
9754 9956
11050 26265
2619 17695
6081 25543
6738 12368
3420 9260
12436 12640
7135 27207
10629 23970
4581 16584
18942 24566
4340 21415
1412 25432
3667 3953
9163 10268
6549 26846
6221 26439
6106 21057
12037 14828
19395 25693
8059 25237
19118 24569
3399 26297
13943 20254
10877 12552
5690 16767
6778 16152
906 25344
18569 26691
1462 22310
12570 23275
5241 18319
7111 24910
12430 26741
10157 25504
7314 14100
8057 12091
6298 10859
10727 22947
13704 19564
10284 14555
8498 26589
505 14014
11991 12270
1056 25182
10367 16843
14541 14830
7755 18021
2974 18745
13556 27270
4275 7871
20224 26367
2293 12708
11586 23144
22638 23271
5111 22004
1054 10500
8633 24573
11080 22839
8426 13445
2569 22340
193 24136
11975 21149
18351 19530
10232 24118
10023 10328
17735 26670
6629 14964
7963 10038
2841 10156
2667 22340
10495 16298
8069 20646
10837 10889
11411 21798
21506 22446
9351 13334
4727 24959
14853 21246
1888 11535
4642 24576
5767 21815
5166 7031
2955 5082
9893 19788
13772 20943
15507 18298
788 808
21618 25781
15444 15749
15257 17990
3164 12343
6227 15654
19329 19331
5131 17417
8533 27101
7788 16131
18823 19134
15225 21849
2966 25833
9129 19045
828 20667
4422 25329
2157 7984
11133 16386
16258 22425
539 2870
13984 20162
2424 21673
6991 7066
11759 15768
2667 27513
19896 23867
18133 19467
15027 17597
2350 24904
4489 23106
8982 11326
14770 16276
11820 22227
11893 12179
11578 14738
9 9375
1851 14555
12612 20657
19445 20378
12523 24300
19325 23081
17601 21944
2221 20224
1819 15866
714 16056
10494 10984
17239 27931
2436 5295
487 1672
10839 21391
4886 25836
3499 28182
4744 10708
10427 12523
7508 25711
1795 17214
16876 20789
679 9524
5208 25140
1858 13793
12569 27745
14129 21423
10916 15407
15209 22654
21029 21809
3850 20384
17214 22996
4627 27746
21648 25137
2282 8925
6396 24828
5943 7835
1356 15368
13619 18507
12612 22791
10128 25299
126 18603
10467 21156
764 5194
4758 22643
23243 23392
8435 27259
2635 7820
17214 25699
7548 23239
9911 18630
1948 26312
2396 15477
3720 15297
9922 25683
6490 28130
12239 22983
13810 24069
13945 21193
245 2274
4676 13370
4666 26880
18779 25287
828 5150
4758 9387
7205 12689
6832 13282
2284 2930
11411 20265
15282 25894
5185 9933
12700 13733
8393 12099
9710 18819
5723 14312
4885 5728
22506 24338
10494 13597
6753 7076
8087 26388
6085 16639
10800 14598
14732 23684
3380 27090
2272 23708
2656 13597
2617 3428
1852 24384
16809 22761
16301 21861
3892 14783
9150 23392
10971 18265
17530 23143
9710 11683
6832 9821
15565 19340
47 20953
4573 9098
23 17730
4826 20714
15829 27441
12469 21244
8767 15284
2067 27353
16041 23472
132 21586
2769 27965
3484 8902
676 12489
21687 21798
9425 22897
154 16999
4110 13513
5505 9923
18567 26753
6182 9823
10050 16984
15693 23843
2866 5072
1575 23892
1432 10230
16749 26915
5716 9524
19669 28166
1377 23152
1169 17850
5802 14251
2132 12388
14052 15960
8325 15758
9043 23182
20504 22436
16178 23007
21353 21945
808 16989
1394 5961
567 17731
19140 25444
11896 12255
2325 21115
8087 24535
3566 9846
12425 17760
13841 23760
120 25501
9436 26640
7758 21545
9441 11710
4154 19594
7410 24444
25193 27681
8168 21638
10318 15727
7805 15169
14830 25083
8944 15189
5048 12228
10490 20637
8673 19303
1614 16036
13195 13700
3041 7094
7910 8657
5415 16017
22039 22309
2474 19941
9970 13778
3724 5040
2571 11192
5 13491
12210 22042
15613 21665
12617 16087
25781 27293
22834 23496
1412 17509
6227 24105
23005 24681
11712 16302
13405 23310
1406 27801
7065 20556
14701 21499
10773 15133
11188 26866
3601 17815
22467 23264
7375 15951
7654 27459
10569 16404
887 6198
15972 27514
7134 28086
17990 25013
24138 28072
12409 24358
3890 10464
1906 5416
9236 17779
396 4620
4272 25782
12331 18810
18521 24474
12800 22254
867 25573
20292 22084
6024 8522
20447 27801
4361 28044
12489 13222
5886 16984
3229 10584
1367 5867
18272 19161
16679 27016
13202 23562
2878 14033
3728 6179
638 18938
9421 20250
10326 21478
25082 25828
11307 17169
5223 16908
4618 12892
14344 24279
8887 13922
18717 24216
2245 5328
1440 2954
11244 21835
17675 24586
12311 24236
5081 9847
16803 26749
19096 22040
8875 25022
4563 22112
11880 21945
12565 23911
4720 19742
3285 24848
5149 7333
15549 26823
7047 24395
12005 18603
11975 23365
19148 23831
860 15037
14235 14636
8872 18824
1229 8958
4711 20162
4365 19195
1978 17779
11922 25732
3585 5934
9572 20109
8917 22835
25833 27221
13792 16429
17489 27221
9532 18073
443 18361
2550 10949
7404 12807
7325 23470
648 17089
14728 16299
8572 13721
1354 19004
1442 5914
10915 23719
1640 10579
9294 14767
12291 24980
14783 22947
8182 25732
12576 18823
1176 4626
8723 10052
16047 20731
14997 22200
349 11694
1720 18679
8446 19133
8963 25001
54 23183
9915 27152
4431 23270
14129 21115
10490 11471
1772 8481
13054 22827
2299 7182
8390 12632
3565 26291
7323 11804
8492 27502
7466 23133
7631 8954
14672 25414
12399 22581
11914 24859
19670 26661
3688 11290
12598 12726
4892 25083
19797 22106
2447 20045
27551 27732
1056 19140
22630 25011
9514 17075
1538 13058
1516 12376
7414 9837
183 27851
9438 21234
9649 27676
20421 26882
2340 25793
5217 12199
1177 12088
4607 14626
4469 16181
7007 7168
6289 27274
24637 25090
600 4211
1240 7661
4468 26134
5293 18496
5486 23644
4580 10393
19110 20390
11295 25986
5919 9189
9879 19414
2325 9915
13683 27706
904 15784
1964 20654
9523 11982
7802 10254
2255 11545
11322 25329
11658 18816
8481 23803
18466 24121
1508 3465
7783 16435
2888 20715
295 11484
9616 21291
15751 17438
581 17803
9119 13755
9084 25321
9227 11291
8952 19008
13669 18427
8479 17846
8963 26735
11705 19155
10543 15843
1315 14033
7975 17097
3975 17426
9416 20789
13559 13910
20458 28086
22191 23253
7626 15600
1928 15207
10822 13121
309 3808
5861 13212
3843 11368
15948 22380
17120 20705
2202 22485
1381 20695
5104 16861
8511 14879
17530 24570
13595 27769
9955 23433
2986 19410
17686 27553
4626 25830
3041 7687
7627 20748
2922 9688
21157 21659
3267 4993
6090 17278
4562 27458
11526 28079
3452 24639
18784 26087
14827 23576
5301 26905
7248 17259
4556 12576
2488 21463
11804 26181
19273 21513
10926 17837
5852 7213
10773 26503
10704 20222
3912 21994
16928 20629
2375 5307
14539 17412
12011 23172
24965 25403
7243 22979
10464 19281
9739 22481
7223 11261
24714 25116
2518 16910
10541 14063
12860 15455
10286 18185
7581 22296
14783 15037
7135 13503
14912 23942
9849 18592
6172 20292
16559 27706
4325 7386
2489 12260
3206 14384
5571 24500
8736 8981
12291 26851
825 19203
18373 26024
9524 19874
880 24856
3444 7955
4627 16083
8733 12798
11198 20238
9772 21893
8730 24808
3059 7802
14509 21419
3186 5120
289 15047
7323 11003
9590 11622
257 12228
727 22031
19878 25498
19061 27617
604 25614
8164 15199
14941 15592
8787 27173
10877 23520
4162 7225
11287 27102
16581 20424
1846 21968
18408 24226
1240 9798
10166 23914
5941 24157
4110 16026
7867 18516
5491 18036
14167 19548
17735 25342
3754 10160
2132 9901
9509 9853
17696 27726
640 25901
8525 21603
8024 10837
4878 18454
19895 23524
15267 16905
2598 2894
15616 25525
4038 9422
15486 23175
4442 24280
5518 10900
10219 25685
20724 24442
13293 22292
18720 25986
3707 18658
7108 25291
2172 24207
21423 27314
3063 7954
10390 11674
1444 2586
12333 18554
17645 18649
18027 26495
2427 20069
10364 27027
15284 20497
11952 20066
11245 15462
1140 13987
19301 19485
20813 22042
3810 7900
15887 23457
11599 13550
11335 17963
3132 15442
8806 20479
2201 19205
15470 18541
3665 7153
7644 24610
12532 14777
3156 25162
1181 13480
4562 9617
6655 9907
18160 25034
10800 15868
15376 16823
6237 22399
3528 5588
2635 19409
3491 17291
13794 15410
11783 15104
18256 27848
2469 2759
230 25167
21474 26081
6427 20664
505 22925
1748 26525
1536 9365
7387 12918
15055 21944
15520 22449
9923 15432
9986 12689
7490 20813
2609 9933
1571 12983
17122 18032
9786 11076
12686 17377
1275 26710
12634 14639
183 5929
4312 20115
14331 16812
1840 7290
2180 9094
23345 24610
603 1970
21503 28203
7361 12257
2386 14939
4165 20001
8160 12994
3562 17601
9829 26838
1462 27352
83 4619
7194 25505
3902 14473
14813 18237
19728 27034
22581 25311
1900 13980
11725 14546
12590 15596
6196 27795
11633 18128
9454 19817
3967 12545
10287 24675
6156 15563
2148 23285
129 14206
11225 25122
20070 22966
11722 27905
854 17963
10956 11993
4967 10830
9769 19959
131 10789
5620 8939
11758 14233
1292 8349
21730 26728
12089 19450
1246 19177
7703 10717
16961 20679
5 23684
1138 10799
20664 22889
10490 11115
25325 25564
3997 7205
7866 15251
3410 15609
14843 27927
8304 10166
957 2344
19481 26334
9524 19115
3287 23509
19243 22459
21506 25904
3892 15464
16907 23703
1860 26690
15464 19839
1505 26216
9479 12304
6576 7252
14445 21823
1075 3105
17437 19867
22765 23143
2225 3876
11550 15762
6355 13284
1164 26148
1153 11659
13602 28074
22098 27111
9710 21144
16679 24274
8959 16123
17108 24492
23 2602
5731 27675
12402 12479
7149 25713
11087 28077
15236 26238
334 16732
787 3280
3469 15644
1787 8581
17165 25182
16413 28170
1721 8437
606 18699
9150 13564
18755 27313
8411 23678
949 25538
1285 1949
20573 21215
1556 17757
25308 25927
1015 9136
11156 16050
7410 15543
5737 21536
5117 16963
731 24094
6350 8430
1282 14634
9038 20279
3595 22647
6954 7185
8384 24589
10510 18904
9090 20009
3087 14923
1232 27569
11281 25653
6059 25877
9747 11045
379 15890
797 2205
948 18669
217 27795
12939 13480
9367 15220
9132 15627
12956 17526
0 14145
3125 13286
15362 21849
16496 23171
6106 7930
12076 22092
11953 20319
2021 22296
3441 18967
8430 19565
20363 25924
23415 28028
14082 27451
4646 18130
8675 13634
1556 18370
12709 16021
2730 22060
7532 12733
985 12779
7948 27052
2027 19734
21742 24187
4811 10260
10839 11867
10874 25570
4018 23215
22368 24287
6318 27961
19706 26463
93 8769
3872 12800
836 21939
9080 27602
2438 13373
5964 19035
8959 21813
12597 23555
23187 25443
9704 17804
6059 20396
13543 15490
1156 17580
22179 23373
10308 13619
22441 24148
2061 13282
20892 26076
10466 25983
11521 18958
10132 12037
14024 15920
12956 17963
4107 21109
9662 15981
21018 22880
11870 17286
12449 20950
4394 5841
23272 24351
5505 21084
5297 8925
24823 26710
3269 25735
15085 17333
6680 6925
9412 19459
13982 27899
14464 27405
25830 27128
11439 16976
3254 27042
3775 23267
1263 15922
12559 18583
4116 15756
2645 18348
2728 5430
1035 14900
12030 16313
25301 27642
6182 25132
15366 21079
2279 24281
1110 13373
6260 27381
8833 25455
10473 25345
635 1878
15221 15382
7023 13029
5586 24904
794 10876
15825 17691
1096 25480
18676 24836
4423 18210
6996 24502
7358 24062
6753 16961
13952 24539
10972 11817
2438 4806
8797 13058
1755 9791
2025 17458
6226 10023
13294 19050
3229 18132
20405 24589
14194 27076
24729 24957
3882 13728
923 20328
9590 28176
12346 26753
14668 17214
3121 24005
5355 22775
16051 24665
10244 14968
7878 27712
11128 24417
5057 12979
634 3555
1688 4999
4131 13533
13754 24042
14302 25137
7110 8925
15763 25081
1355 18478
17586 24158
81 24850
15619 20355
3816 7020
4098 25586
1865 3121
2615 21462
2518 5620
2530 22925
2627 15377
14513 26025
2703 8129
2980 6213
5392 25238
18619 24869
10540 24949
4749 10957
2675 22083
3017 17199
9952 22398
12945 17513
115 2096
5242 27999
16684 23681
14136 27696
20800 22821
12399 24280
7648 21431
4656 6499
3067 25388
2719 15646
10773 24823
6172 16318
8441 16299
10456 14079
3287 14104
24062 25054
19120 25399
7997 15984
3547 7185
8337 21716
3860 9422
12565 15108
9367 17787
11094 14260
8751 21665
16142 21497
3333 22564
2732 21564
4293 14463
899 13980
7835 18318
7154 27294
10515 14231
24474 25408
5540 8048
10900 22158
4924 22900
10125 27693
16210 20162
865 6350
9252 12897
2527 23892
4189 10498
1169 15324
17559 21864
5053 5719
18413 24784
23690 25042
10808 14014
8889 24061
5519 12388
18090 23279
1379 14040
3683 11303
22240 27913
18411 19419
17630 21407
5998 8959
10372 12395
2655 26758
1209 19868
4791 17253
3320 25274
17917 27508
20624 24280
850 10639
19518 20169
9367 25735
22422 24193
2940 26014
14569 26753
5597 8011
11274 14380
23264 23665
13954 20654
21761 25404
867 21245
10023 18857
18306 24299
1251 20122
3947 21641
1177 18507
3711 7836
3624 9170
3201 26113
1640 20744
5168 21837
7772 16108
12939 15612
9560 25107
3779 25165
5711 7205
12403 18237
25833 26447
21481 21919
4927 5618
12468 16958
11727 22254
9001 17338
3885 15401
17592 18823
13752 20197
6377 14487
15666 25977
6108 27898
4781 27352
2031 6579
20282 21462
3463 7984
3582 3862
5590 21909
10284 18911
13208 20352
18947 27766
4720 23672
3863 26041
5390 10530
1104 2551
7195 14463
20321 21840
1613 17492
23143 25547
17530 22355
17356 18214
20633 21423
2031 23351
5433 28022
808 22441
9218 26604
6809 11724
2051 24864
14995 18292
2806 14398
7793 19712
9981 19960
11902 22346
8592 23949
11368 12506
8435 28140
9525 17604
22616 25638
2841 6227
1456 6715
16276 21275
7911 8056
2961 22799
8140 9275
17667 28194
25173 28018
3872 9281
6962 23337
5288 22679
4918 14273
7468 22679
17927 24872
143 15625
356 5930
9638 19326
2405 25629
6714 10207
8349 12805
2679 6864
18425 23600
15350 18400
8182 13984
10060 17561
558 10208
17359 20703
20491 28263
11551 14010
7067 8829
12708 26143
18371 18664
4327 4942
9869 23764
11093 19750
10990 26100
675 8684
12412 21018
8905 9884
22768 23518
13392 16261
6103 24266
13970 21473
9923 26322
23059 25108
14898 27121
4935 26053
22227 22966
8441 12965
11113 13744
7648 23143
3876 7443
3848 22954
6779 7031
8108 26077
11417 14328
3146 10233
14048 15146
18704 28128
24433 25052
731 7390
3682 12128
5084 10369
8039 8753
13689 17014
2001 10114
7881 23392
2572 8614
814 4831
2108 19127
10742 11199
24172 25121
2022 18874
3995 12982
214 18411
3869 5786
10474 26074
6544 21919
16258 17245
599 2420
11411 17779
14708 20950
23748 25081
2410 2937
15201 24221
15068 22254
8063 15992
14464 17284
16441 27094
10242 24294
9591 16322
8983 22402
12803 21637
18784 21484
2681 10934
3007 24994
18736 23721
5205 6680
16922 20642
9696 23893
7584 20906
22399 25329
3895 17905
9090 23911
313 10927
18171 23376
536 7033
3328 22066
1367 19177
12283 24325
678 16131
18756 21809
5415 9601
5063 27811
14556 20031
5820 23797
2505 20971
8546 11717
6820 22329
16324 27126
8264 15128
3735 25949
8134 26545
8085 14631
7438 12076
26976 27770
14301 15418
7771 14839
5331 7948
1414 12733
22340 22390
16789 24341
4603 21074
2916 20898
13373 21149
5539 10055
8970 15713
16973 17016
111 9624
13185 13440
8930 25976
21088 23909
19841 23143
8367 20639
4500 10008
10935 21057
5042 5197
5767 13928
9870 12610
19071 21929
19408 19641
18985 23396
1557 27622
329 2324
3590 23111
2209 21385
638 17842
10935 17507
4065 11239
8122 15184
16205 23225
11725 26253
16734 26978
52 3871
2234 10279
1360 4900
4090 16105
14862 21762
8640 27585
24803 27337
3880 15330
1213 19766
16116 22144
18400 27300
2990 24278
828 11880
16328 17431
1284 13408
22046 24422
16810 19771
12282 14989
6832 25083
14334 22680
17024 19343
6658 15949
26824 27814
867 3701
11266 19971
7003 21165
15248 25866
2516 24018
5864 10260
11535 21139
9923 19781
2894 26204
14104 19140
7963 14921
15090 16422
11013 12303
6457 8011
19085 19885
825 11340
5978 6881
686 2386
1311 6902
7418 11698
5971 24254
9524 16545
4323 19853
13725 14445
15776 24094
7987 9831
6483 7999
8685 21818
14352 25538
481 4974
771 16045
3137 18870
14153 21719
1725 24127
12427 24061
2326 10476
425 15543
2345 16141
2743 7948
7127 21080
6422 11415
18648 26745
22847 23600
16581 28211
4705 6695
11023 17933
22996 24928
5839 18056
5117 9408
865 4581
544 27988
9084 15517
9150 15410
993 14428
11677 23651
10824 20054
4142 16219
18128 23516
6876 14933
14660 17396
12802 22564
6390 23829
1574 9226
907 14777
13512 18938
3753 23892
660 12907
4646 26315
7669 26855
424 10792
10784 17725
8972 11084
782 16187
1462 20140
289 22871
2988 9746
23312 24876
4723 23168
21375 25533
8802 9543
3724 8806
3265 4626
10672 26131
959 1144
15533 27300
15004 18799
3002 6955
2076 4548
6410 10389
1954 8962
5528 24611
240 7632
9617 22968
7230 20769
3618 7971
4599 17458
3201 5983
14043 17322
2208 27879
9590 27117
5989 11727
1113 22191
17963 21897
406 23492
5378 26244
10942 27686
5161 6531
327 21244
18412 25751
7596 17851
8369 20189
18387 23738
4217 15224
5104 17526
11161 27988
2914 20487
11500 18735
10085 26940
19133 20501
3729 21552
1140 25209
14351 20997
2994 8491
16694 19115
11001 20852
7950 9614
611 25651
13262 20603
17864 19880
3071 16267
15085 21891
13820 24586
10282 22784
515 2189
10039 26970
11785 26856
8596 12551
3311 12560
13532 16504
7995 20418
13354 25200
1911 11647
13905 17341
3059 24830
8785 23730
16909 23451
4111 9198
11673 21873
5587 8318
15840 20461
25711 27867
20805 22581
5941 11667
214 867
24731 24913
1925 16242
2518 25158
17652 27766
20570 27309
8325 15211
3967 22711
18946 22779
13158 16818
7608 11486
22446 27719
5386 20307
25096 26458
1645 4639
12647 13164
15282 23225
5001 22384
9884 13097
12110 23082
8565 22660
10845 12934
10845 15736
8835 24815
2961 4484
3249 22093
4114 18997
19990 20855
581 660
5485 7630
11059 17824
1052 23593
4685 9398
16955 18885
6517 8575
11878 19704
6749 10871
12678 16367
2060 7033
7205 19570
19409 20008
11106 23033
14707 17712
4956 26544
3830 6097
12539 20260
22326 27508
9575 14534
12056 22688
21952 23429
8767 22785
13875 14550
396 20860
7569 11612
9390 13463
14031 18180
10423 20297
1645 18561
3009 27690
16739 22198
13480 18294
21650 26264
1031 11059
5975 16328
481 3762
2035 21279
11817 24844
14930 23954
15074 17263
5350 24806
20728 21087
8956 19219
1806 18277
6859 7169
1782 28044
11078 22833
2576 25644
5704 6973
1877 11609
23382 27270
3216 5832
22923 23361
22440 23574
6168 17542
1776 18581
18195 18639
592 10212
21227 22880
11015 19502
15450 16923
7307 12346
22635 22763
10541 15868
7453 13573
25491 27263
11322 27013
11442 21735
2039 19675
4980 20376
9776 20565
7058 12854
20477 23816
149 9260
6286 21438
10050 14489
6860 20049
12120 28061
7580 13937
11964 15182
25169 26726
9465 20860
7443 21729
1926 8100
26147 27087
1075 6601
2547 15749
22592 23345
19548 20032
987 3071
1001 20219
6794 12409
22453 23342
18424 21564
15676 17787
8567 11657
3920 15657
11647 18921
1451 25338
19390 21725
3803 17443
11688 14495
872 7194
12264 22471
3188 23561
3674 12397
10893 27005
20477 27795
14634 21798
5390 15478
13193 25564
605 17422
15376 22427
10471 10822
13111 27501
4183 20579
188 15130
327 3666
6501 9847
8223 9521
5429 16512
14787 15605
1140 25405
3272 7645
325 24158
13405 21806
67 17543
1209 20159
25815 26162
4220 11938
14136 19004
6159 23405
16264 18994
14364 15498
8163 17630
8046 10352
9098 24322
18582 27521
7481 13864
5178 8588
765 4747
17526 24510
10470 15113
6374 6778
11936 25459
5104 18414
7656 25923
1068 10923
12678 24031
2369 8746
3890 19203
3446 14407
19275 26493
4332 18304
7079 13303
15672 16901
2172 28232
16374 20213
4145 7517
609 794
3469 12065
4218 22112
11450 27905
12425 20936
14193 18751
16683 21990
9547 13078
4656 15616
1085 15282
8826 11212
1117 4498
21110 22012
2623 17808
13032 23730
7807 17996
7702 22946
4878 28121
14937 15072
14900 19327
10714 25468
15783 15844
15401 25683
11542 24448
18891 23705
14309 28085
14189 21300
14771 23566
11657 14671
18442 21841
5731 25415
464 22748
5371 26034
9638 15723
14971 25735
1299 3236
136 15410
2128 9042
4087 9306
14171 17193
7847 24904
1308 22563
21851 23125
5213 19270
15729 21559
6814 11697
5041 7921
21577 25525
787 14988
8607 20479
19105 23698
194 19872
1100 20766
4603 14583
17922 27814
13673 17653
16989 25685
16323 17848
3203 15249
8041 23854
8787 11020
5170 17853
19351 25647
11763 13313
8930 14165
332 14469
2800 10341
7937 8990
11546 28058
3041 23002
1023 21294
15435 17587
6853 12797
11987 27459
14609 24218
961 11454
9524 22813
4498 27362
7120 8712
10391 23438
5307 26284
782 23143
2111 7311
9053 13709
7713 22409
9465 18507
15501 23963
22095 24669
11727 20931
2258 19756
3289 16434
3957 11251
12221 23087
14654 20538
1516 26745
25428 27031
825 10407
13456 15603
18489 19672
11503 23082
2882 23274
3465 18281
5084 27155
4217 24384
4966 21349
220 14710
1479 23375
14315 16659
86 20480
18216 23857
215 1047
2690 4700
7836 21914
1067 16952
16593 22425
19477 22963
2324 3646
8306 12723
12205 18369
4827 20410
578 14534
12751 18630
6897 8450
867 10767
22496 22640
26380 27766
7407 24445
3488 11216
1529 24181
6154 16501
4623 23112
2767 4329
21324 21883
16186 18520
4159 11207
5878 8254
944 12983
3961 22112
12426 21768
178 25112
13677 16878
20171 24122
16318 20503
3055 14788
15766 23913
9524 20687
3000 13492
1622 22946
3333 19139
2984 21902
11539 25523
10152 27548
4896 27433
11439 12410
1085 2556
21688 26151
6624 9094
16091 22652
416 25991
3961 26039
19604 25712
3197 18411
12479 24062
10160 17100
14687 15421
10800 15344
88 18051
15494 20230
12808 19827
6131 28159
11080 19576
8352 26077
16228 18873
12612 19139
11778 26218
23437 28158
113 4992
1510 19004
1835 3286
7444 8035
8797 19460
12452 19181
26061 26808
6351 18629
10842 17158
4680 24204
1398 7652
4103 18862
901 9523
2122 14538
9341 9758
4926 15891
2236 4456
7975 23422
24229 28082
6664 14076
10794 12234
19023 20448
6443 20144
13033 24326
11076 22389
2129 12067
9252 13756
10351 21716
2303 13970
11261 25831
9189 18663
1859 4254
1018 22240
3072 18958
2303 3101
5146 13170
3810 25287
14478 27690
3932 18192
218 25902
2619 7387
8488 21925
569 21513
3810 7123
2067 4468
3214 5964
610 17552
7754 12953
7522 18993
7896 25341
1588 27685
10216 11539
8586 9544
14055 23422
3733 3872
3116 16767
13385 20170
3566 12193
16412 21569
24653 25086
16910 22954
11726 12983
293 13255
10363 24742
2721 2729
3856 18066
23273 24241
9847 16555
4017 9420
12635 20814
2414 14958
669 24208
5042 11887
12525 21091
6737 14064
7387 16257
536 3078
683 24610
7725 17640
14389 24451
4209 5009
2210 11251
4301 25972
9095 17823
3279 17115
8824 25306
121 19591
12364 17316
20388 22183
12204 24392
2301 18128
3585 23527
17146 25849
19748 23806
1768 12481
5018 7489
25034 27811
6178 17480
5537 7999
2929 4721
1047 10115
13767 15370
2672 6556
5084 15505
569 21398
6032 12123
10917 22983
51 18772
19240 21505
22026 24509
13789 26001
15956 23443
5382 20045
4445 24502
5943 13864
4766 24221
23553 25174
1990 12512
18753 21153
8973 27433
2708 12092
18497 25139
113 4806
12397 21683
17649 17933
18521 28055
5572 17494
20386 22274
23706 25760
14053 17070
12109 14319
9042 24057
5691 22901
14242 28217
432 19507
3318 17098
10876 27449
2869 9002
24679 25138
9465 20258
22845 27374
12000 20097
1858 26926
10048 11948
6661 27632
7245 28218
18788 24290
3997 8806
5271 7039
12452 18280
5843 20682
1336 12563
10737 26358
7211 21428
5448 27578
5713 9408
10985 14340
8471 10952
2436 11471
2709 22627
14342 15972
9050 22261
16980 19027
8114 20998
14994 21471
11218 20899
4581 19111
21300 21958
13281 15443
8924 17349
660 27218
3727 27200
341 21481
7965 21115
799 16291
3654 21405
19601 25468
1978 22012
5978 10584
8498 14276
2159 21008
7498 18135
262 21696
2611 16037
23598 27514
10009 25266
20412 24102
3609 9252
2395 18041
25490 28156
7963 8884
11631 23029
10646 20132
9642 19089
17883 19325
15391 17568
3679 17171
16979 17501
6951 10350
4414 13168
7885 11809
2024 15792
11443 19941
2677 11295
3186 10020
13032 27218
7945 17211
5074 7003
17952 22479
10600 22440
7441 24557
10389 17115
7548 7950
18521 20291
1113 13305
11591 15609
8502 14577
6489 12474
13591 21251
7469 26509
6848 12218
14513 23630
14971 25306
19414 23454
15493 28223
4361 19068
9532 21207
8025 19238
8520 16369
369 23708
16243 20628
328 21438
1234 9327
17916 24883
1613 20480
2870 9831
10463 15903
1852 3810
11135 11698
11290 19610
5832 16655
341 4265
7084 23590
24904 26199
5776 6065
113 11378
14479 14651
8482 12640
20849 27279
11692 19728
1688 10785
13193 18565
11836 23251
9922 25705
2968 15802
6001 6010
11486 20258
16501 16905
10082 24181
1216 26137
14473 28136
12090 14017
14572 17952
13818 20157
2882 17162
5584 25285
21421 25614
3005 4646
13320 22479
4108 14470
10106 13412
10557 21883
17545 17963
2381 7224
4568 17811
12502 15281
3990 5474
1652 19033
20106 22096
8781 27795
7552 18022
3517 10277
11390 17022
24608 26710
18177 20963
7402 10326
836 13787
15610 22895
2320 23987
2435 23952
6896 11080
3269 7747
19744 27872
7595 19862
12753 20332
9962 11055
12899 17526
5334 23885
4070 11636
7361 25056
8669 25265
12440 23115
2593 16150
16953 27074
6127 11395
627 2769
4629 14814
12159 21624
7664 23910
19459 25003
10033 23082
21733 27043
9246 15844
7563 14351
6705 24576
9894 25068
12576 21981
13373 20258
17561 20442
16928 24539
8248 9986
7798 25956
6729 9525
11192 21380
1060 9137
5604 15834
5986 10127
2780 8212
15784 25139
1936 25959
13106 22799
3840 7565
15652 27831
9084 19481
5437 25492
7205 13564
25428 27050
3167 16584
19736 21564
854 3411
4689 19409
9398 17843
7899 26913
7091 26710
4722 5978
13270 17120
12114 13486
21673 27412
11157 18031
13347 22832
4273 19061
27306 28049
9238 12126
11059 25807
6116 17813
19181 21832
5691 8615
4672 18641
139 28098
948 7171
4326 27537
15731 19326
2150 13644
14552 18726
6999 9903
396 9361
5797 11677
478 19171
583 4581
10279 25083
13209 14629
16961 28036
1604 19817
1740 23833
22814 24762
8841 21798
2894 17530
11299 15552
369 9572
10844 17366
13904 16873
10998 16162
3854 21494
6589 7567
7229 11140
20162 22425
14291 23556
24612 26978
9717 12530
4870 22896
8875 26880
17851 27331
12262 24965
1709 5328
14570 27298
8880 10284
3585 19357
16329 20204
20931 27129
4799 18267
21015 23202
2373 7801
1630 12374
843 1115
11661 26846
12010 12436
7075 27421
15920 17742
18603 25906
15141 22688
1671 24836
2798 15117
7746 22956
180 5461
7411 25323
9081 19373
3734 11327
6365 22667
8974 13772
10287 14474
21105 24131
3406 8802
9104 27086
2032 17360
14705 18001
11657 20637
18050 24148
5004 13827
8973 16850
3476 6635
16286 20347
340 6604
24032 25945
15218 25403
7534 12023
2828 13272
26331 27473
23825 25251
12779 21955
2849 20564
12137 17730
11008 27406
24444 27596
10047 19827
118 9026
3484 20541
14549 21312
11193 24861
14392 19526
9248 17562
1940 7852
5361 24518
9969 22425
13784 23811
17650 24659
14998 22226
10701 12307
16470 27326
9404 25966
6363 8817
8956 17733
12967 17260
7915 9785
11371 17931
25278 27221
15996 25252
18985 24575
12903 22579
23658 27838
2596 24113
21476 25037
7541 11245
19329 22331
8225 14687
846 6636
10833 22156
13699 15508
18069 19221
18626 27013
2048 25956
18001 25083
26120 27011
14738 17314
5505 22640
8411 22154
3586 16564
7999 23821
18679 26212
14941 23619
14985 15212
13470 13478
9213 17408
3962 26443
3674 25626
16035 26608
1178 14407
23719 25370
11157 14930
24289 25838
1456 8590
835 24170
16643 22409
9334 26949
15727 23658
1889 11566
2186 9738
10601 15404
16411 20747
12511 23984
11484 21745
11990 23260
16910 26625
18945 19753
10217 26694
10531 18958
988 21894
84 24954
8437 15401
2985 6707
13303 23823
5675 27966
11804 15047
9315 19701
8261 23824
23764 27058
13010 23356
510 5079
2202 26989
9084 24539
18144 21262
10227 14212
8817 21118
8536 24939
15494 15814
192 25638
7426 19141
240 14772
2254 26868
11247 15833
12246 13443
10317 12444
27654 28251
2607 27356
12721 14971
4029 13249
11407 18782
9906 13468
11148 11704
7852 15144
5485 15539
7038 16997
9317 25987
6230 11785
3533 7893
5989 9086
4777 26290
17599 25957
4387 22319
1075 22647
13102 19100
21612 23722
14172 22770
18760 20424
18997 26672
25603 27782
6896 10753
842 15731
10937 20431
1858 21051
8526 22634
23983 24028
13884 25302
4993 7485
1015 21094
7380 13929
10512 17630
23892 27197
9315 26160
21850 24393
1171 14344
3953 19848
6954 11592
3728 7199
17032 22284
9104 25337
13202 27932
5476 28061
22151 27218
1802 6780
7002 20797
6404 19342
21126 25397
6357 24904
9996 21001
9704 23672
14701 27536
8756 15910
10436 23799
1270 5821
4782 19742
16192 20859
3922 5980
3371 17585
4085 21582
2542 26147
19028 25306
1599 22510
17832 19637
16470 18001
17524 19429
4188 21442
25901 25957
6289 23143
1418 13651
10801 21516
113 25039
1008 2449
4328 27279
1181 23716
3317 20066
5081 10697
3729 25329
11576 24669
635 10449
3238 23557
287 13947
4624 6499
1830 26740
16201 22017
935 27435
396 27795
15184 22787
86 11134
10079 20233
5150 20789
5262 5984
20975 23214
20302 23818
4247 7360
10839 21606
9144 18561
3039 12954
9988 23225
9042 27768
603 1696
848 3059
7679 16656
17017 18390
1159 24575
7976 14748
13181 21855
15898 24850
8618 21125
11207 14753
5032 15610
1357 24781
2719 21809
1216 28080
13744 27087
874 14908
4110 8251
7718 11727
20046 25451
8437 15426
12521 24182
15560 26122
18724 19451
16153 24695
8648 17112
17803 23959
11612 12762
7976 25309
12194 24104
12617 16616
1804 6862
4037 10800
6661 27259
7707 27490
21837 27815
12234 14778
7544 8349
15386 23385
19237 23106
3896 10894
8904 25828
4009 18356
3430 8659
26921 27890
6077 23836
5680 8872
7419 24242
11952 14731
6680 14513
3666 15470
13772 14676
12228 18304
9925 27259
2427 24082
10319 17084
13535 13831
3219 13732
15018 16899
8808 18277
5702 16624
2643 28125
7500 19062
5481 23573
1614 13235
1975 2602
13580 22230
16475 25366
7329 28127
12082 12335
2111 23062
7131 9134
5352 5626
15182 22081
11229 15130
262 9682
9189 11651
5217 18919
369 11580
14069 22696
4024 15616
9459 25013
16460 26568
187 20116
16458 16961
425 17861
9539 14503
3006 8520
8324 23799
8246 14723
7551 19219
6516 16021
11073 22883
10961 14995
6784 19008
8536 13208
3741 7946
15758 23632
7689 12617
19166 25202
5752 23688
8481 17717
4680 8885
5906 8249
2762 10773
9535 13683
17735 18160
19947 22404
4386 19863
9986 27816
867 22901
1840 26061
9058 17775
5721 18259
4468 18959
24659 27574
3377 22962
3263 8185
1469 14999
10326 21740
11746 15635
9196 22814
24032 27955
7005 25409
1785 27010
2389 17524
12559 16763
2270 20067
14571 23719
1730 4519
19794 20846
23312 24908
1887 7115
18571 19667
22165 23941
21319 21333
7325 9923
11559 13093
8770 16679
7497 8775
108 1016
4141 25110
12056 23361
14033 18100
1196 18772
4477 14217
47 12423
10272 11975
4274 23361
988 26077
2741 25721
18999 23433
11056 13278
2764 21883
21791 25352
8770 16922
2421 14648
5057 12105
1225 7737
9420 19794
9959 23658
3872 25991
8872 15429
4919 19463
11060 24478
757 6365
5836 23296
10260 19352
2260 13465
11260 11497
11852 26978
9234 25530
7471 25817
396 8772
2491 17763
5571 15985
1609 8886
13263 13872
2796 3801
14477 19068
6004 23363
9388 11190
15008 19105
12210 23147
14783 22605
15225 27844
20140 28049
11722 24790
4074 16461
10998 21747
3712 20856
1162 21293
4429 24069
7201 27708
25445 26884
8378 21703
4009 9441
568 13367
3491 9978
14242 20758
13221 15497
3167 23548
8350 21878
13404 16328
835 14885
6301 24433
13146 21407
9963 20369
6313 24412
12129 23518
7346 16446
22184 24000
5816 23073
20507 22392
13093 20661
521 15561
396 5888
225 23879
9047 20057
2484 14635
7231 12436
3101 5914
14266 16276
763 20875
18811 24131
957 22441
18265 23269
7783 11461
11162 25181
3635 18984
2635 11495
3598 7626
18222 18758
12038 13139
3733 11368
8014 27971
6639 16791
2341 18259
9367 16331
2396 23722
11933 13329
1036 28130
11128 25196
1229 17166
10935 23193
14456 21227
8705 17588
11537 14197
11997 19494
11124 12607
3478 20605
6925 12894
10559 26167
2368 9968
21692 23822
1842 8674
6565 9717
10388 20967
14016 27989
9000 10495
18489 18586
8657 21849
1722 21490
9751 12683
16814 22716
19098 20194
20151 21641
1828 28232
6888 17644
7997 13391
4945 10042
4581 19155
3903 25735
881 24589
2811 15840
16212 22086
12497 12957
7832 14642
11260 25439
22907 25197
18567 25800
3542 18697
1075 21721
5859 13415
12056 27016
21250 21569
11133 18458
9698 19219
9019 22368
4121 21490
958 23619
4515 15429
8140 21367
22947 28155
19119 21858
3819 12214
19896 25903
2172 13270
22584 25949
6738 17770
21887 28156
15184 25068
2389 24783
5978 17717
11599 26518
23952 26495
393 9296
6562 6923
5866 18328
896 10587
2259 13343
1284 6045
3169 27528
340 1741
5111 20157
5300 6209
874 25595
5321 7997
16633 23954
18084 20130
5767 18521
14995 27279
14982 25617
23776 26993
596 24177
1181 15179
7979 17228
16002 24537
8498 18465
497 21200
5249 22938
5711 5893
14383 18627
8220 27690
15148 19398
9923 12155
2526 19275
12005 24411
18729 27684
17266 20966
7703 15697
13152 26303
22526 25973
2189 16529
6939 15962
7870 13307
7741 7948
11082 17565
10652 24904
20219 25882
2662 22565
25166 26843
3841 24811
6067 15098
12402 23767
6021 16374
11009 15508
9959 15996
2947 3741
8527 15766
4085 8948
1686 18386
1925 15044
18136 20551
18081 25840
23722 27911
22991 27898
4169 28224
10279 12457
7847 14466
11261 13227
26200 28175
3937 11278
2655 12541
2329 20605
1980 8534
3892 17742
3915 12183
1613 25524
7488 21103
14092 22531
12577 25140
11495 19409
1840 4218
899 24450
7879 21431
4076 4941
2823 17920
14276 25439
22880 23086
12032 19747
8586 19360
9838 10660
23254 27821
2606 26418
10172 26969
15801 16152
1673 15716
424 2274
8961 26535
25278 26313
656 28272
1852 24127
9115 12151
12024 21342
15442 22084
11150 16719
9217 16536
12632 18788
2127 18919
8064 24061
13963 20359
5989 10128
300 9381
1020 22412
1382 27823
7047 12324
3551 13222
18529 25796
9215 11989
22464 26392
8880 10023
1621 27652
6188 15540
3069 14236
8441 10729
4999 14724
18280 24127
25838 26654
2250 9956
19703 20594
16742 24219
8990 23372
9941 23390
2802 3788
19835 26319
7982 23914
10128 14633
17407 21864
439 6413
1365 22956
3845 23809
5866 25617
12612 22140
12888 13419
18059 21495
4581 15477
10189 12805
4324 26513
8895 12564
12383 18541
17031 26163
5887 6394
6054 9553
16806 27123
626 12715
2040 20022
16310 26834
9895 23312
5309 17543
3598 25626
4584 19415
18682 18862
1505 23654
10326 17716
3902 24663
19878 22001
10023 25272
3423 15373
19701 25816
15224 23474
5150 9915
396 1814
998 23930
1750 8707
12941 28094
9553 26503
14431 20119
10114 26283
11262 17218
7360 16136
1075 3089
3322 20062
8816 20258
18252 27151
2588 26825
13963 26823
2807 19817
14923 17967
3728 21387
4834 17641
10659 20720
9018 13282
5989 6188
8720 22326
2667 6102
1573 4414
6771 11294
11130 25092
1365 21084
4218 21651
10998 27726
11495 15288
6603 13355
12321 25359
13662 23040
11256 14662
3275 24164
10472 18383
6470 16700
7828 25366
2381 10048
6026 23445
12748 16045
8657 18787
5010 16953
9487 11286
784 11569
1768 5468
1417 17838
3203 12226
15214 26851
13276 21991
16390 21792
11859 20355
5263 25083
14842 19748
1516 25608
5466 8122
22721 24611
1840 14989
7050 16517
12706 20398
5691 24068
10389 19865
6927 26158
2689 15952
610 9086
1023 12674
4986 17485
8478 14710
6372 19829
4501 17603
22783 25538
23271 23789
7137 7803
11997 14035
2118 6511
17787 23254
15752 19975
5187 16457
9964 22328
3397 20409
23268 26943
25572 27176
15575 19721
10800 19827
2371 18361
17159 22949
8209 19710
3053 7698
9683 10490
10821 20820
9923 15950
7049 17833
3318 3928
2087 9194
2709 15517
20251 26254
19398 25156
17509 20950
25306 26386
1113 7641
23388 25710
1435 6348
4408 26153
611 840
961 25341
1320 22541
11049 19320
12717 17014
18344 25915
13490 25414
4162 24139
24569 27352
1920 12565
11336 19409
17166 20146
3729 17764
16428 17397
7985 14835
1188 9816
128 24419
22157 22476
7429 25090
1425 18669
10298 27612
22696 23143
1934 2120
11969 25780
13272 27034
16910 23860
4523 6921
13542 18644
3625 26598
17263 26554
2406 23693
2759 17900
711 16535
7277 22613
16155 26946
10100 16577
13591 27660
6552 11963
1349 2137
11449 19243
18824 25232
4269 14776
2719 9689
5210 24846
19068 25083
17000 17931
9206 14018
7196 15245
7354 20041
11251 15985
10173 22763
15543 23932
1502 11395
13681 17823
7533 25397
18046 23372
7019 21479
2373 6884
3807 17465
18627 22885
11164 20319
3602 16665
8939 28124
16979 22827
6979 9419
6132 6182
9603 20744
7183 17637
10028 13276
8924 18310
259 7835
499 22427
740 25559
1 6133
11409 20931
14823 14994
9676 17438
5694 7115
12447 23188
1843 18366
5915 24040
87 20702
17283 17600
1614 13534
294 23345
1885 4820
5390 15015
10767 18626
3544 7725
14010 26413
15050 26457
488 4054
2484 23144
2818 19148
10787 24690
1693 25530
15013 25552
20597 26674
5082 12537
68 17027
3728 22255
6497 7463
15749 21639
2269 14665
9932 28181
16233 18221
11130 18310
20 11214
20109 27821
1690 25877
21810 28232
3738 6891
8160 22539
2719 21746
11686 15529
272 13495
8312 20480
8196 22226
6975 28170
7673 9464
12368 22885
8501 24645
8424 17603
14129 22416
3853 17322
14399 17783
5950 25847
7290 27013
11295 15064
9521 23090
10127 11543
10070 19640
9444 22329
20748 26083
1930 16034
3272 18078
7666 23625
5267 25301
8588 10407
3666 18265
705 15996
18366 23469
999 15782
1322 15149
1331 7411
15883 16226
2024 9466
3987 20504
24450 25827
7915 18286
3789 26384
14955 20904
9860 27358
2905 27594
6667 17977
3233 4946
11926 17623
22322 23015
15668 26027
12512 16545
5327 18679
7185 22956
8343 14437
18308 24061
1126 19317
10387 19375
505 6221
21438 22525
226 3807
15883 25366
3805 26611
9701 22136
8508 15952
2526 12852
20233 25986
4914 8508
1117 3202
86 22461
1116 24064
7496 20616
9759 16636
581 20427
13373 16812
20615 25710
20179 21327
3434 4189
689 24551
5004 20553
588 13646
4596 4980
6907 13059
2259 5795
21734 22529
21566 22989
24 1544
14663 22416
8478 16288
21761 24888
20849 21438
12717 19536
1568 17137
10952 12066
6417 16033
19335 20285
5497 20554
5716 21369
15869 23919
4607 19183
3101 8899
1556 4993
12983 16609
12459 14993
1543 3712
8322 12614
1532 3705
16092 23122
935 18140
14481 24279
1710 2635
6680 25390
5595 16955
5930 22902
3964 7031
10600 21177
11809 17019
831 21670
1870 6242
3147 15291
16932 19775
1609 10296
16910 22331
10825 18725
782 19664
10006 17543
3439 18235
22425 25732
12614 19693
4965 27363
5815 6848
8061 28035
11870 24723
593 4047
1573 4073
505 21459
7694 11692
7313 27569
6914 24842
1802 3933
4497 25712
7987 12669
1613 22324
7597 8391
14297 26775
1068 14591
4063 21991
20758 25299
17054 17109
2895 17598
7907 18357
7020 14513
15813 18502
18907 25432
18027 25788
10946 18630
18827 22308
22954 25130
13173 18308
1918 27686
204 8566
18406 27565
22338 27913
3329 10827
2757 6350
5177 7490
2045 4656
12056 12423
7643 15085
3287 10160
763 1495
8708 23679
3296 8659
1170 27266
8406 9260
19995 22131
20747 26014
8939 18538
10080 22910
14463 26815
492 20172
17779 25634
7390 21618
15464 22580
1154 4218
7033 16703
7213 28163
17351 23289
3781 11128
7673 23798
7858 28249
10010 22630
12356 27661
10800 12262
19898 23836
3057 23727
2709 27867
3121 18516
571 27513
11128 19863
115 20162
19412 27856
21853 25409
13282 20053
621 8565
4496 7200
6591 23631
4414 11743
2664 13383
12092 14689
7005 21201
13272 25270
6543 17471
11614 19358
7385 23265
2267 15983
2541 6227
5160 21998
811 18361
9141 23754
4389 18677
12341 15236
6882 22570
1913 21831
13234 17953
3163 8405
4307 26690
10881 25013
16666 26077
4535 14007
23333 25230
9491 22363
21443 23500
14633 27954
12513 18614
6177 16230
21771 24265
5107 22996
359 11626
11814 23529
22925 25163
16108 19340
1180 16974
15239 16490
7205 20500
12615 20688
6742 21423
296 27373
6142 19326
11098 27112
4623 21819
21218 25530
15391 25626
11535 25830
11080 14080
10029 26728
23467 28243
5694 13227
11036 26886
1605 26571
18143 27974
12965 20640
4612 21681
14363 27087
11030 26077
1399 6042
16764 22118
10767 25468
8325 27804
19416 26868
5196 27221
14689 25998
2874 5247
18772 23241
17857 18641
7687 8100
5221 26660
10024 27365
15753 15963
1885 26043
4791 6126
8473 25009
18131 21240
11273 15257
1478 11201
3808 14017
2170 4178
396 3372
4702 13800
6924 18398
1338 17753
4381 14802
3308 14271
2682 15529
6227 6698
24971 27042
5658 11973
13551 25272
7274 17657
1761 7597
24438 25174
1925 14485
13764 19325
15526 17850
4535 23553
6821 10012
8720 23016
2031 21519
1541 2022
24415 26053
1609 24221
5587 5607
8959 19859
13530 19372
24979 25116
5595 23932
8705 15955
4414 22425
10714 20887
2061 20550
4189 13970
9251 26184
745 26267
6577 8935
10182 18051
682 2752
2414 5145
2067 13227
9367 17963
504 23930
7707 21409
1328 1574
1622 21462
2347 9535
16265 22655
3700 25850
3140 5705
2210 14635
3401 11193
15260 26565
9137 25590
15151 20232
5108 25886
11640 17202
12479 24379
134 19313
5989 7929
13210 17370
1327 14563
27423 27835
1748 4623
4272 14820
3593 16967
4151 13275
5631 18911
14178 23921
15472 21800
15610 21576
3816 10292
2869 22498
15817 21616
2566 10787
5103 11850
6477 11960
7282 13166
21409 27052
1078 23177
24057 27396
3838 24836
8269 10419
3793 12689
1372 18791
5065 14933
2311 17568
25243 27668
10908 13740
4173 12924
5846 25727
15434 19594
6457 12548
393 20836
6618 11646
11974 21537
8057 22112
1529 27013
12203 12747
681 19576
1178 17089
1753 23629
5093 17032
22338 28272
17787 20876
7301 22955
10961 24897
14964 24543
5344 21683
18368 25833
7722 23871
10687 23698
17656 26946
8096 27569
6686 17664
1925 21670
903 1042
14998 20436
8899 15560
7172 13841
6008 18036
3630 5815
22512 28208
16116 16847
7809 14124
15854 26150
15967 22272
11752 14969
18784 19244
18920 25636
1228 14288
6033 21831
5414 6842
14815 20200
3432 8823
5583 15301
10012 16764
356 5332
8441 11494
5699 25693
570 20280
13806 27313
4407 24438
874 8354
5551 8304
8295 22393
4857 12194
1181 3737
10920 12124
4690 10449
1050 6938
5261 17176
5669 15401
4587 26257
1617 7162
23225 24238
7483 11899
5117 5613
27494 28084
10258 14500
6495 21608
11789 20811
1460 15613
12945 24902
1101 2411
9525 20553
7375 23193
12294 27292
16951 17079
4391 7229
22112 25653
16351 24062
6262 22045
1242 19365
5178 19203
20879 24208
16538 17932
3609 7797
8649 18211
21811 23963
8785 23914
3874 15509
11261 22947
12437 17593
8720 9950
4512 27607
5699 25735
6205 27194
2005 23916
9081 12725
1711 26102
17555 20899
19667 23375
8363 24294
10309 18449
24904 27274
6857 26705
9041 15626
3700 9285
8733 9699
847 19133
12639 24830
11958 18529
5138 13127
12597 24061
4307 22981
2325 6734
22116 22394
745 4065
14110 16292
10023 16976
5767 7508
10913 17763
3415 14349
9617 13332
983 11475
12982 19045
1181 25887
20170 21939
1031 8605
7428 10012
5978 28181
11808 15418
9511 18321
17748 20778
715 10484
4274 14390
2373 4318
13564 26184
57 14871
3325 3705
8145 17422
4288 21250
14106 22570
10974 19348
8288 22274
14849 14912
2240 25732
1999 23703
1851 8715
7963 18174
6893 20538
17310 23066
16784 23931
3944 18891
7380 9794
5122 13173
3465 24956
9539 17018
23470 28039
2670 7100
6257 25403
813 9527
828 3147
11763 22743
7878 24019
4458 18455
3098 23392
6495 17232
5831 14471
2469 3323
17542 24280
14384 26753
3627 20270
8434 11145
1360 19850
7638 17196
4016 6072
19890 27028
15756 22201
3946 8555
8085 9623
17145 27899
1740 18497
21945 27788
11762 13567
2186 10532
11659 24737
7836 15791
15254 21895
12805 23056
6533 18221
12708 14445
460 13062
12517 25330
22597 22769
13892 23180
7162 26476
3296 11260
21293 25110
7842 27712
2832 18679
2469 19514
11816 22418
1628 20480
7320 17318
10114 12423
9012 11701
7018 8128
14334 19286
17760 19837
3620 27856
3346 11627
23283 24921
7002 27324
3871 9020
4993 11665
18683 22157
10209 26361
14524 27374
7525 18615
15610 25329
2926 21531
811 22810
14108 22537
1140 4175
10916 13549
9295 12021
564 19244
5917 19548
1741 3287
5852 21173
3725 16221
10308 24121
2832 27495
5802 21655
12860 23963
1466 2179
21250 22312
8690 24703
14104 17507
9364 25838
2274 26074
7905 10540
4422 25213
9253 20007
11168 16022
867 20856
2302 18850
25108 27017
17562 17838
4581 14816
86 937
23457 27872
7541 13933
6801 24099
1936 2086
8148 26995
7073 10146
26245 27312
5135 8011
12040 17066
7241 9174
478 16560
12672 27034
4866 17747
272 15293
5049 16178
16707 18669
4962 24127
7802 22324
8730 27338
8145 9895
15133 24823
22255 26561
7900 23939
9388 21803
13744 24290
22716 27042
5799 21263
1621 24169
20657 23015
5857 18557
11080 15291
23615 26127
1178 3761
1249 13313
3886 23748
2712 6176
2242 18256
7582 16702
4507 13475
9080 14838
919 6814
341 2954
22416 24403
3940 21674
14023 22471
8220 8704
9788 27352
7209 24821
7750 18192
1322 26546
473 21723
1316 21766
1767 3638
7170 10357
22661 28087
23 26961
2326 7202
8766 17963
2064 14552
19150 23459
14635 18619
1808 22517
4955 9250
19241 25191
9733 17480
9371 23026
2745 16996
2435 15117
7804 20204
8565 20799
2308 13927
12924 17782
9419 16469
4689 25448
6883 16214
7375 17080
5042 5797
4933 20788
15286 19566
13710 19303
19434 27442
21325 21623
11286 19832
20603 25867
22475 24422
12358 14550
2230 3275
14957 20643
5115 12538
12556 23932
2667 21049
4718 21113
22150 26595
11236 24391
15251 20983
10060 23810
456 17254
580 6107
6151 11292
3126 25673
5359 12397
16923 19479
7312 18627
4581 25283
16173 26404
5728 15592
9610 13683
18041 19001
1945 18308
18070 22572
899 15216
2539 27926
9867 13491
1440 22421
20408 24729
17760 22373
6665 25301
12056 15141
13887 23983
6832 22634
6843 25329
5286 27662
10101 20616
24600 25853
2308 26457
14241 16940
11156 18154
16829 21315
2636 16259
15727 21115
24195 26955
2410 10442
4941 9634
6728 9356
17269 24371
16617 24484
6425 14469
8501 14441
1817 23020
7519 12689
15260 25341
18921 21162
8875 26899
1713 14412
8884 18804
16175 18745
13597 16251
3265 23719
112 13972
7836 17762
11416 16353
16346 27908
9311 23915
18116 26256
6896 19565
12868 25350
11308 22903
2818 21084
9737 19362
2012 27479
13364 16307
10900 24425
4340 25245
7950 19004
13350 27742
825 11450
12752 19111
12214 14407
11555 27849
5832 17405
223 8775
18506 25263
19759 22711
898 19410
12169 18262
3622 8098
13222 15068
5041 21084
2894 15003
4360 14964
8859 18589
1866 4827
4204 26908
760 23633
7004 26087
22983 27040
1789 25125
21459 26267
7933 22875
5358 15672
3665 14504
24349 27790
14489 16979
4434 21285
12663 22866
1622 27016
7943 15616
17364 17568
800 23635
4438 7483
4673 9948
6198 19195
2734 24617
8115 14488
6879 20797
16203 27100
2646 19346
9986 26838
19467 27559
22987 26044
18979 26845
5747 20831
16473 21862
14912 21798
7469 20758
12249 17760
17041 22179
14778 16795
11557 18457
21240 25887
7813 26499
11248 24726
683 7464
3205 10431
17585 21824
591 23007
18521 23928
5265 15238
281 22827
22666 27685
4162 7401
17460 27136
3895 4551
2646 5890
16741 23707
21157 22874
6526 18342
11382 25160
15343 22156
21835 27864
17781 20018
10920 20053
9022 9992
555 20841
5984 6348
2526 8363
4509 23566
21753 25163
11580 11795
10876 18369
18294 20703
3828 26846
9117 23474
32 24950
21813 25094
9358 12811
1730 7607
5252 16304
1753 24829
7419 26601
7092 27921
15882 24061
11651 25758
16500 26053
4656 28026
13909 24069
10188 26628
14136 19311
7461 13220
2379 27298
11780 23208
5082 22885
15565 16108
2031 24234
12912 27299
9154 12379
11171 22814
9699 22690
14784 20487
6868 25397
9218 21503
2677 9876
12913 25986
704 12615
1562 22198
12082 21105
1008 25336
6172 26753
396 21288
1209 19945
10701 26549
12732 24088
3197 7442
8456 14794
2986 11444
8633 18860
5102 10799
18894 22031
11480 15891
4748 11026
10114 18721
1340 24317
6807 20348
12873 26601
4563 25757
7964 12954
13141 16184
3750 26591
22845 26518
11216 27075
10242 14093
9999 22517
23619 24616
558 2050
12475 22092
8280 17745
6668 23932
6280 7746
23111 26071
13820 19650
16979 18095
469 19696
3618 17803
9080 12895
10292 20310
18791 27530
3326 17075
9554 22581
14910 26409
8814 23862
13831 17963
1188 12341
4439 15074
9631 27376
1164 8172
825 6746
14971 19371
22182 23576
18520 27052
7290 28176
15185 25260
15716 24301
309 23997
8333 16456
11846 28156
2927 20024
22791 24130
17526 24280
24197 25760
4693 16386
11184 23579
5338 17330
6842 21960
5409 22292
13301 16560
20230 22787
10923 23168
5827 19061
8493 15426
11296 18015
4376 19772
6358 15048
1607 10822
1399 13168
7941 22983
1953 2213
23673 24242
8318 11997
861 22646
13407 15883
3803 15974
5540 10090
10859 25261
6161 7509
5540 19723
9461 27175
21857 24455
15892 16974
3687 7733
10767 20563
3239 24175
7007 13574
16923 25329
5152 11774
22565 27167
11858 22300
12134 24095
7429 22161
7835 12612
6956 21679
5832 22609
12656 25391
17657 17696
1238 25868
3186 14234
125 23249
25036 28016
9115 16281
2961 6770
4445 16509
13595 24681
15592 25539
2878 25509
6605 22440
21091 25381
4582 13971
15216 18120
495 22269
7176 16276
5089 26372
438 1966
705 8486
2141 20761
14402 22139
11414 18662
9278 13387
7891 27977
669 22511
4692 27800
810 21639
356 16493
759 16888
8442 21765
22112 26717
24171 25100
20130 24888
5355 15443
14723 22425
11082 18223
19180 23656
23657 26126
7162 19787
6229 7349
20081 27514
6355 18369
2233 15687
7073 23705
6879 26622
14021 18386
16314 22425
3379 15335
14473 20201
16333 18651
681 5665
18481 27221
18946 25743
19742 21497
7196 18819
2264 16574
1105 25969
12772 20480
2648 27375
19242 26644
7137 12029
2707 25956
17329 20500
13008 15804
14586 26186
2505 11060
9059 16929
16748 17025
10711 17200
1775 27867
22338 26913
1097 14767
3692 12877
210 16797
1411 23314
19819 26686
6518 18318
4178 4623
16242 19343
14991 27313
7493 18489
4535 26807
10845 15985
10495 23309
14727 19251
822 25301
19035 23391
4142 19369
544 2242
1746 19568
7328 25362
20118 25758
10490 23993
1477 13908
8975 14723
16922 24904
7835 12230
22060 27460
8019 25046
2566 9696
14496 19563
17071 19942
18782 19779
8519 25897
1343 14809
26860 28058
11228 26172
17186 23024
6695 19254
10664 14603
14414 23430
1015 26608
10540 14837
13472 20664
13072 14233
582 18761
16949 24885
19605 25850
11034 23510
7886 14653
14971 27995
10337 21307
12053 14513
3293 19337
812 21460
4802 19374
25444 27685
1978 15267
7793 21438
26518 27017
15610 27600
21278 23033
6495 25306
7320 16664
9115 21032
15862 26825
3802 21473
24279 27112
2667 15647
1519 27570
13036 20855
8284 24259
20099 24005
10552 10598
8104 17828
22012 23016
7698 20601
3790 14586
10365 20677
7550 27514
14690 26180
1858 21333
1080 16904
1311 12116
10282 17507
3390 16941
1259 10713
8692 26113
2586 22802
19390 20122
5847 8810
20053 25780
20640 26150
8642 23920
3795 21750
9607 21153
22323 23459
13343 21550
23340 24681
2302 18704
10418 20409
2189 8158
4024 16006
20706 26432
16922 24274
11100 11846
7195 22453
9649 18384
5186 20398
2344 8939
16262 18572
4477 22511
1 22616
7463 16318
12231 27912
11193 18046
18454 22258
2908 24673
12228 15531
10036 21806
14912 21057
2244 16225
552 11069
2787 12361
5620 13507
4767 17166
16954 18762
23324 24600
10484 11047
10731 22214
12199 14599
7926 23807
10538 13553
12436 20623
11953 14228
25367 25632
1538 7152
11311 19819
3269 24489
17022 23315
14604 21861
17756 22707
9922 20408
2420 18525
14584 21118
8011 9683
295 5090
1097 2475
1103 3828
8806 18651
16431 24487
23688 24676
7324 12067
7137 18717
9312 22819
2245 14672
11866 24591
638 24244
1526 5506
1882 17509
9850 12606
20876 21456
20939 23510
1141 17512
6016 9033
9547 11484
4471 9743
14910 20759
4555 13307
15377 16683
3831 20334
4923 19068
15301 21113
3210 21300
15523 26846
7429 19001
1116 19413
999 3742
15136 27921
2393 19140
15425 15757
10496 27398
3978 22295
4504 23754
8242 24509
20503 27398
11517 28234
1239 10951
14276 28092
15448 22116
8485 25599
10132 10419
2667 9949
1412 8964
4237 19154
592 2317
3861 22897
8856 11080
8112 20564
529 17744
7478 18369
2373 6617
6847 8308
2937 7543
3667 11200
16527 20577
1020 1925
3790 13721
8182 13619
3970 14658
11512 15712
18466 25267
8679 23474
16713 25564
3885 23557
1264 18673
4233 8939
14178 26063
19965 25117
877 9465
1451 2759
19361 21326
9111 11098
9253 14308
825 18251
8136 10207
2410 22544
5773 22092
4827 7482
3793 5466
6424 20409
25021 25421
2945 23265
13407 20856
13115 27247
7828 19552
1878 14033
7855 24543
1724 3129
1081 16976
7192 17432
7084 10937
8939 20956
17963 20937
15629 26871
6009 6155
2721 14635
478 2646
12523 22636
16351 26417
17600 26643
13793 19285
631 10174
13937 23013
9843 25794
544 12376
15941 26249
12538 16878
7498 19506
5393 17794
12570 22363
380 944
13484 15344
1986 18471
10653 11028
2107 14857
892 5933
21300 21623
4360 6257
10952 26265
20417 27520
19856 20557
396 9356
24598 26091
10678 25412
9113 24830
1361 23415
22020 26176
3625 4256
1475 19982
3294 9973
21201 25039
1936 4180
7930 18566
2389 6738
411 12689
7948 17933
2483 10625
5338 23189
8872 16487
15056 24798
6480 27508
7482 10086
5241 6620
9746 22634
11444 22234
4 14995
2832 4581
2401 12558
220 581
14778 18906
749 28061
3169 20956
13970 27746
12084 13014
18564 21094
12959 23619
19712 24886
8028 14158
8443 11107
3446 11562
5373 16516
12194 23136
106 17355
13383 19819
27150 28107
15665 16679
1405 4391
7802 7896
7759 14704
3987 7695
3947 9322
2701 3738
7047 8361
10833 14933
6972 8780
23836 25332
3154 12674
8954 20904
15561 23407
3634 10757
11999 22325
5308 18021
13688 21572
4326 22682
6922 27669
15096 27716
5497 14675
3585 23874
21050 23456
23104 26232
18113 25962
1193 23886
2341 13055
3358 8527
1721 19275
2162 3204
9356 13142
9012 18123
10238 27279
1754 23838
8950 16468
4811 14534
24904 24952
9999 11232
12921 22300
9285 12383
14620 23225
16803 18127
7412 21304
894 23396
6944 17209
7672 25088
788 24952
18481 19140
15123 23369
16769 21040
11940 15825
6969 14078
13240 14380
1264 3633
6489 15712
19447 22553
1959 11080
4072 5791
18425 24127
11789 22830
6718 8072
3484 23696
4698 12952
16094 20958
17128 20031
14914 26529
1287 13301
5042 21766
18881 22987
4962 21105
13744 22200
6843 18824
16511 19905
1349 1424
6182 16980
17975 22008
4108 22026
19876 24690
22056 26625
15282 15947
1412 3622
7375 18050
2667 15540
14566 19365
13272 20626
12781 22948
8579 25884
12927 17640
1834 18325
1741 25219
11804 25901
10318 25788
1417 27805
19566 26799
18386 21053
589 25993
15874 24595
15364 25923
5875 9268
10416 11261
3585 9742
20274 28150
4287 14309
8833 13225
3588 12403
21768 27681
16616 22697
6532 11603
5990 7240
14941 18690
9443 26446
6228 19292
1 13802
8974 9795
15426 21353
5063 11952
22283 23140
3395 9654
1066 26593
485 8852
16365 24628
5651 8394
4222 25433
7747 23932
1075 20799
11866 28060
15376 27986
18608 26716
194 10209
15579 21616
16018 16672
11597 14091
15567 23933
13514 22983
3705 26814
8385 18761
7568 27531
3006 14145
17393 21391
1477 23049
16736 24420
13523 21654
25547 26901
745 18603
2798 12572
11743 23214
1054 6712
9141 17481
2128 10821
1108 4758
17851 24157
6085 28030
748 24436
833 20615
16855 24374
1844 27740
12871 22701
8112 15875
4902 6621
10529 19106
126 13483
4806 22651
22670 26283
495 27563
8708 11264
9226 9465
1719 14689
2255 24148
16311 27274
9019 22591
12865 15829
11962 15622
6843 20826
7857 10364
10660 21656
872 20055
3522 4382
4325 8948
18665 23113
3139 3307
8926 26282
8157 9480
3029 22581
14633 20309
8938 18483
13784 24691
17837 23910
8544 26613
872 22340
1275 7130
1727 15308
3366 11720
14180 21313
7320 16974
3882 26674
23898 26538
18588 22469
12725 17637
14244 27775
1680 3650
5084 15985
3710 7529
12769 26266
3643 12550
11783 19447
931 21688
2991 23275
5892 24586
4743 8959
20092 21725
18185 21747
15723 24322
19712 24795
22131 25410
1349 12262
6177 19448
10026 26740
2602 16340
8370 8972
923 22173
3947 25810
13470 24056
14240 23333
13878 19331
3024 18522
13251 22479
2944 17369
5722 12956
842 14743
2342 12564
21831 26910
10384 13054
13810 18418
17348 27876
5832 5911
13415 22780
1349 14788
4414 21689
16713 18441
4581 23345
1067 27827
13183 26098
1535 19367
19723 26687
910 2768
609 3671
8318 21987
3391 7373
6773 12026
13209 15151
19282 24645
1489 18524
23472 26704
5854 21323
1275 10061
20616 23074
406 17874
7821 21577
16333 27221
13810 20195
11335 20633
7519 18374
2867 20653
9179 27865
2585 22043
14471 20272
9589 14127
9429 23415
1598 16785
10326 22381
11286 12924
4181 10082
21374 24417
16523 22049
1893 8108
17103 18440
21829 26027
20503 27758
8282 24721
20876 24444
5907 13810
7561 23257
2706 11655
17639 22863
20324 20764
7289 7487
8361 11295
5214 8039
2619 19065
17929 25368
3099 24616
1564 2929
4344 26238
731 15776
11037 23693
1058 10794
10800 14215
19091 24934
1417 19291
18371 18468
13457 22984
2577 22340
10292 14513
4806 20081
3575 4134
10587 14398
812 27923
5295 23108
24330 28008
2386 8690
2721 10154
2986 11575
8930 21506
22445 24907
8920 24032
18818 19491
22045 24846
5116 17786
1925 25456
7475 26452
7919 16629
16322 26974
1767 22255
5156 23557
339 3928
19420 20570
1820 22666
3585 28114
341 24069
9465 25986
11325 14233
4824 27673
3102 11639
918 15789
4110 14724
9157 14499
13574 16521
25902 27820
3206 19857
18704 22426
6646 21899
22042 25519
9510 12692
10652 28170
5389 9136
10444 14032
19254 28257
22060 24032
8413 27867
5288 5343
2088 4856
20950 23372
13032 22779
15666 18791
20841 21115
19578 23339
6430 24073
2329 27980
8799 14693
16924 26749
715 4563
16953 24360
13597 14838
10022 22904
7910 22543
9352 15259
7959 16656
3489 4126
1199 10200
16627 22892
14340 15668
8017 25391
7360 10487
9585 12967
22430 26443
13063 18461
11655 17017
14257 25127
9809 13969
3081 20168
6519 12434
3154 8478
15713 23133
5708 26464
341 26656
3897 11157
21942 27924
3499 5502
1052 17401
11781 17613
1211 23096
15402 27190
6841 11183
6981 11100
11627 20667
8157 21407
14589 14997
19334 22636
6049 8028
7929 21377
10910 11998
24576 27514
13384 20067
20626 23963
5716 25657
3 5150
21856 24150
21773 22393
16584 21617
1280 13832
15286 27795
12209 27722
25740 26286
11013 18247
6244 14604
5849 23560
18269 21852
13394 19813
5298 9647
14109 17610
11270 28194
20444 25986
5461 26525
3244 26061
3118 16092
9959 26480
19831 23332
7619 16794
9600 22418
7009 26766
3401 11772
15164 16979
7458 20939
1523 12645
1223 23437
6189 22028
14559 26733
8528 14607
11814 21433
3506 20517
9954 20956
13024 24095
24845 25105
13931 15251
2324 21071
13044 15991
8649 24862
7641 11731
667 25308
2966 21006
17763 26717
11298 17631
867 11214
23023 27329
11334 11564
4477 18483
2232 16885
8933 20398
2590 17354
16091 17073
1534 5548
22894 24062
616 4378
11126 18862
23910 25299
12257 14072
1335 11080
18269 23389
15621 24719
15883 23147
10018 11963
3872 22425
8845 25475
2188 15190
5465 7335
12474 14092
14671 14710
12690 22449
16766 17220
4776 24531
8318 26503
19498 23467
17112 23771
8085 24786
9624 26962
3197 6618
14961 27087
5089 13520
8734 12871
19445 27870
4234 13233
11082 13422
3726 17941
2382 28092
824 18362
1288 25759
1910 16016
1272 14003
179 18099
8781 27867
758 5205
20869 21929
5979 16656
22374 26744
12679 20841
2413 15415
13569 18938
18355 22511
14691 18618
22168 22714
7519 8370
24299 28197
9084 17502
6994 18645
21435 26892
2007 19259
609 14136
10230 14891
19539 21562
19753 21748
1392 26003
16038 16439
8057 16855
11534 27263
1380 23173
3296 7915
9492 13926
17695 19289
13906 15163
13669 26507
4424 23213
10720 18790
1609 19816
1814 4316
16194 26544
21504 24450
799 26457
13316 24955
5846 10077
7535 9038
9424 19601
6072 22903
2643 22168
18635 24290
16850 26643
3287 9050
20789 26126
15634 16591
7194 25012
45 25992
1351 16016
11073 27868
9788 13285
4579 18359
1959 19004
21685 28266
17113 17904
10982 25468
3423 6664
2016 26916
13027 16559
15391 26453
8545 10472
8063 15757
13711 19706
473 17165
11066 20427
25904 27719
10222 16315
1935 15749
3097 21421
2138 16170
3845 5398
10123 23879
8321 11417
4290 27810
1178 14581
4247 25901
1023 18959
5302 14244
3247 24379
7982 21885
3871 10531
3714 8624
3364 16663
5393 8385
19326 27651
5229 24200
9250 25410
7277 13136
14157 14808
4144 16429
1761 25788
5041 13668
867 21402
4979 18192
11796 22030
3963 23836
4409 22271
9842 25114
1185 3990
11479 21080
3447 19996
1232 1689
86 28031
8182 10594
3121 12448
12688 12759
10670 19891
7085 11327
4339 12538
2205 25121
5009 14127
4097 22667
16704 23196
3641 20986
10834 21701
1978 7073
12105 25414
2505 25883
7994 25648
10838 24556
8131 25302
3886 5738
2728 9998
16114 19014
5028 9528
24238 26991
7997 8875
8535 20088
7961 13540
8749 15426
7523 8247
1793 12411
5458 15216
6026 11295
8524 23698
220 11315
3283 21270
2388 9999
9252 27382
8872 12177
14808 16188
14860 24575
13064 25727
12761 19601
17501 17543
5522 10146
8205 26572
1848 3975
5554 14128
26311 27642
3387 25400
360 7835
15611 26252
19184 25978
4192 24675
3358 15437
2027 4175
5041 9305
12777 18580
129 6894
3141 12244
8972 28202
7845 15297
19424 27796
14240 15169
15027 26027
10962 23789
1740 18465
7881 13173
11293 15943
6296 25039
2769 20482
18474 24430
887 6001
3407 6295
18041 26725
22250 23951
1632 13847
4965 28210
18037 24418
4465 19070
1545 21483
2388 17141
9473 17578
10296 16609
21470 22415
12385 15617
3789 18061
19148 22421
7836 13155
23060 26324
8833 15592
2937 17036
11261 26717
2526 19819
416 27129
5623 20851
872 14378
19686 27211
9022 22743
953 18871
10541 20820
4386 24379
18679 19086
9574 21769
8065 11712
10456 14946
16135 24403
6061 25405
6609 21789
609 9730
18679 18975
10714 17779
18598 26958
4890 25035
4136 13705
11248 26935
14480 24118
25006 25968
7093 20597
465 17262
5595 9563
10945 18647
3164 15372
2592 17239
10326 23164
898 25206
13978 18160
473 4817
991 5397
13888 22847
5957 9064
3125 9228
1573 14350
12956 21638
25918 28053
12940 17782
19017 22596
24040 24507
9536 25187
8905 19016
7907 27405
4942 25594
18236 26089
9696 22565
7346 12228
4142 18823
12409 26535
2125 7164
9991 11260
2606 9334
3305 14901
1950 28028
10998 27050
16254 27832
1779 28028
3467 25710
2185 5691
1105 27352
9052 26466
4442 12708
16307 22992
10485 22598
13054 16929
7984 24477
5033 25808
9865 25562
23809 26155
3652 7350
12244 21296
10161 15661
8155 24131
1878 14648
20922 23934
10799 13412
4827 10493
4438 20688
22141 23436
9881 27830
3411 13910
20500 22283
3622 24061
5623 15341
1410 18933
11942 17584
15152 26377
6793 10284
1864 7288
5117 25174
14309 14920
10294 14703
10415 11103
15450 19373
603 16968
25081 25921
21010 21205
1015 3275
23619 27428
20019 23629
15823 24061
766 12185
15091 24697
8899 13495
23453 27864
19367 25006
4103 17906
16900 25454
1229 28121
10807 25121
1239 20069
12532 17975
7835 25336
17278 17628
4454 9466
18287 25847
3350 4685
11139 18415
12660 18791
13413 24113
660 15197
14342 16567
9918 22462
595 2003
6627 24893
7949 25782
6455 17847
19982 21006
7908 27279
3472 24017
19280 21147
12860 24904
341 20648
1597 9918
11128 21003
8075 14034
12726 18576
3528 3667
4244 10841
7984 21079
1893 10749
12890 16589
7473 16624
4870 21067
2390 25086
23727 27621
4141 13663
4363 14608
19288 21329
2883 23415
4269 26283
12092 24555
13744 23377
6960 19230
10617 12139
8964 24939
20258 23608
1432 27249
16025 19148
14946 21713
14033 15335
15958 27320
16989 17941
5528 7300
4382 9575
8182 15376
7987 8505
4595 26663
1477 25510
9944 11013
10626 24930
15031 24241
7927 15376
3622 27221
8295 14794
7976 22077
1270 20204
5629 18368
17172 21958
8352 24047
6385 27548
6227 13144
9524 18271
7318 15428
10908 26624
25711 27795
10134 22992
4116 10255
1773 15766
18334 21577
8825 20345
8122 13422
9536 24659
1346 3606
9869 25780
9680 18457
3564 10800
16974 21323
17608 24720
8145 28255
6668 27821
3206 27758
12056 16986
193 27821
5903 20291
327 26807
2550 3712
13350 18360
5328 25343
5386 26137
3484 10887
17874 24415
21558 26866
26930 27788
4397 9035
20180 23008
2369 8805
3196 15131
5821 16329
5564 16428
7387 8937
16187 22256
19383 19647
925 20711
11753 12360
3925 21764
11627 19819
19865 24954
253 28157
12852 20876
2198 25329
16890 24504
569 13405
2308 25505
4246 8641
1184 1550
7360 27016
10857 24120
5201 25919
1008 12695
88 14609
17369 18920
2144 28013
5832 6670
600 14273
3287 9568
7339 9493
1623 2191
835 3773
17991 20448
19733 21889
8054 13899
22134 24259
528 27090
18409 24295
3090 12017
9479 19019
813 8155
20286 22078
10637 24265
1767 6227
18281 20654
14477 23467
22080 26973
19590 25749
11300 26205
860 19382
17337 27327
3718 13134
11712 18546
4127 5667
16095 18988
1275 8437
14464 18696
1375 25217
7779 25174
482 1948
13328 17844
17421 18903
6886 10505
1343 20367
15443 23576
1046 4073
8679 10826
12436 13841
11674 18133
9462 17558
17857 19243
1573 3789
5277 21443
6876 27872
1005 27080
19594 19610
21407 23254
6730 18606
10369 21988
13847 16845
8065 24631
19835 25813
11416 23324
1181 26966
18521 23838
1550 16759
9129 15212
12479 25110
11422 13764
23140 25653
1561 5096
1748 15182
18747 24966
15236 19081
14228 23066
11539 19686
15199 27970
10224 26740
19853 23932
10818 11141
10767 20081
10080 18823
11975 26071
12495 18533
16402 20367
23300 23932
7910 27913
17880 27992
1319 21115
8491 9428
21398 25991
2015 11975
4245 7635
7194 17129
13515 17851
3289 6155
1142 14783
6533 18320
22203 24589
5949 18015
2125 20866
2188 19924
1068 22110
3269 22052
5115 26313
360 18318
22514 27782
595 2384
634 5718
7423 18772
9654 26261
5403 14835
10022 21214
5268 17598
1978 18449
3890 25490
5669 8299
9536 27635
12195 13515
9223 14400
3102 18369
18336 23265
2787 24598
8528 20201
12444 19576
3354 5352
10179 16624
14685 15190
15048 20574
1858 26818
11334 27948
899 25893
3733 9699
8589 8861
6843 11034
8157 12128
8717 16819
3289 6846
10464 14359
10313 18357
11292 21309
14037 18496
8473 22031
9348 21536
6615 23605
5609 22080
4878 23145
9642 25543
4278 14587
11042 20626
8 15515
14686 23218
11100 22393
13271 20245
12873 17177
19314 26603
21083 26085
10854 11128
425 23254
614 15766
27224 27969
21766 25432
5177 25490
8293 8299
7975 16905
16806 19669
13970 26322
20432 24888
3045 18606
11439 18257
2177 11133
569 811
5044 11417
7194 13915
439 17978
1755 11443
4457 17671
7601 17870
515 24061
7368 23462
18159 22595
5968 10854
2521 17034
17263 21407
1462 20786
4218 16702
13534 21610
5325 16955
4806 21159
9194 15996
2379 18037
3326 26284
9631 16246
6605 17941
15432 20605
16092 25479
6807 8223
853 27457
4689 23254
17120 18942
15094 24241
4627 19326
15740 18921
9250 11439
6965 9095
10321 27867
867 16294
6871 22605
2458 26808
19405 26105
2785 18641
1604 23932
7738 26689
5797 7579
16656 20935
8251 24904
17921 22830
10388 19189
18095 21182
5437 7004
18567 19169
14010 18679
3712 15728
10242 18354
2037 12804
15665 15865
9210 20181
14160 26925
15727 16754
2776 7069
18521 23016
7420 12119
20233 24170
1435 11797
23868 25850
14326 24836
10807 14905
12726 19712
18434 20550
10971 20053
1299 2118
254 9351
19289 22996
25433 26651
14989 24918
3784 13234
9590 21053
21798 28156
4142 4519
14090 26060
7783 22696
6508 13113
16584 21407
18034 20007
6756 16162
881 1142
7205 17487
1827 2133
9825 28052
606 12286
2282 9373
13272 23963
7132 13501
3488 22633
609 17787
3797 24848
9918 17497
2624 25139
11816 24594
9285 10132
14768 25559
8151 25547
7381 10588
22227 26759
8054 8248
9751 26358
22688 27016
8924 18556
3002 6649
13411 23261
17967 22440
3654 12017
19863 19930
2919 26289
21761 26391
6348 21987
1033 22829
10924 20332
1480 1830
14038 28166
9092 22954
2804 9352
11846 17259
10826 24155
1851 8450
7429 20998
4444 14296
7814 13247
3086 20754
21056 26074
430 6957
1305 14564
7033 22270
401 28163
5926 6626
10102 19441
1153 22952
681 22734
9720 20586
4649 20852
18965 21671
10540 16784
9698 24820
355 10326
19182 24074
13024 25906
4408 22511
1173 4510
11614 19188
16112 18066
18669 25283
23496 23923
1027 27229
18533 27821
11795 14786
15201 27569
8717 20046
3186 15975
17139 23430
12316 28194
10309 17165
9198 25606
18107 22584
13970 16901
5510 13018
4524 19668
15763 20351
3808 27104
18529 25960
19169 26554
5745 7486
6127 17416
5430 20958
6709 26107
5943 9720
1239 21113
19294 21017
13686 14464
10273 14592
21387 23762
16815 20650
6720 25110
8982 22353
20373 27229
2533 20787
19074 21831
1603 10050
3069 27508
4216 13268
7111 15133
21107 23590
7031 24501
3648 17757
16754 20504
22690 23193
2438 28128
10597 20519
4236 8184
11128 21546
2635 11336
1198 4367
10234 17316
16664 18449
3859 8246
12731 20669
18573 23683
599 13687
689 5864
9650 24238
6126 8810
18625 21891
6682 23993
11504 27004
3052 13343
12052 28156
19335 25158
9536 19137
11786 23110
3052 3300
14731 22548
1151 20859
4115 18277
7360 12483
12829 21430
10063 26908
4204 11634
6448 15188
3974 19764
4949 22871
295 13078
5598 25113
1 26238
16121 21470
1797 25435
975 16152
6219 14971
13909 23074
2144 5368
15854 25163
22107 24450
5609 20724
8962 10393
13161 27914
1023 20929
8156 12341
5824 12769
19194 26905
2505 8834
8098 23727
4672 12262
19064 19189
14083 14097
2274 11993
17482 19990
3410 26409
2387 21446
702 12153
6490 16108
7540 13353
23748 26833
16912 25291
577 22634
11361 17115
3482 26723
17880 19524
13953 25452
9799 17823
1042 4026
1309 7628
3534 13436
18541 25174
1878 2418
18369 20144
19711 24705
10085 26170
10535 26971
3846 25453
17420 21210
3810 13313
1309 23262
8073 27016
7702 17613
16341 19580
11324 17089
406 5031
9603 19138
3634 12709
12778 13702
5818 16736
854 17787
6904 20966
15440 21929
9214 19068
9105 13323
17438 22529
9194 12078
9572 12297
11184 20615
1005 20170
5892 27256
8001 27337
11286 14265
19978 22931
1508 11878
13287 14795
11313 18277
15055 16349
747 1089
11799 17429
101 2635
1199 5667
21291 22548
2677 4715
558 943
13047 25702
15144 28119
7903 21679
14728 21110
20760 21225
7231 15366
20500 25090
10457 12869
1589 14666
12067 25586
441 18033
5714 9614
4509 26502
851 12155
8536 23721
2691 22006
10137 11900
2880 12270
12483 19076
16150 17955
4221 16340
19712 27107
10023 18698
12351 25099
3597 9518
12724 14352
6965 12206
14445 17630
4253 12468
14840 27313
559 20069
13745 24900
9179 17356
7867 20940
5852 18272
16411 18952
4086 25265
7811 9717
8311 25439
910 23926
8493 23897
13199 26213
21201 25242
14610 17741
16055 18665
56 16351
24858 25502
24042 25651
6296 22499
14499 14942
7937 20950
382 20345
18517 27719
11439 24488
10584 17754
102 836
1961 17828
7029 14947
14542 19465
1066 25368
3156 9127
7708 16767
4021 23608
2227 15633
4572 17438
10935 22425
17495 18055
1530 1607
16349 24764
3428 21307
3872 9498
3703 14230
564 25765
1398 3907
3126 13149
3643 27428
62 12869
9569 12397
14022 17580
6544 16639
14065 23506
3101 26640
6818 21079
22617 25117
5380 10169
7824 20500
462 19127
68 6500
867 22871
12963 13032
4321 10456
10990 16272
23157 24032
22231 26457
5133 10662
2376 22507
17938 21416
10391 11479
17566 26057
2179 24407
1013 11292
7626 8784
25903 26927
9979 10855
3428 22179
11469 14724
15084 26600
12994 14082
770 9917
22858 24248
12793 21122
1007 22435
25984 28106
7473 10391
2595 23815
1173 4504
7713 12516
3019 23809
13137 25364
4006 20550
6972 11409
22742 25759
10 23165
6832 18384
23628 26439
9416 23345
2452 26358
4531 27702
15303 19033
1267 2150
16090 17166
89 28238
14748 26743
5493 13810
17963 23932
3228 8715
634 8608
7544 18728
19004 25306
12059 16276
3987 9116
3788 12930
238 4860
3101 9205
3746 11738
10075 15967
21990 24363
7430 8730
1075 8168
15182 19482
2104 18679
3580 17922
8441 12963
17760 22565
731 8954
3218 6870
16090 18921
6040 11821
10287 14957
11990 26704
10228 18853
10840 22986
21837 27316
21100 24916
10137 20378
4719 10393
14181 19014
1689 4952
12388 14029
3172 7835
2129 2878
19443 21387
12424 27805
10156 19510
6493 12657
6333 10535
19448 23718
7188 25435
16335 20726
5255 11451
17132 22835
2587 6725
3532 5493
5286 22008
4116 21483
2118 17785
4528 5091
896 8498
11115 25658
6699 25348
10189 15130
509 27705
4600 14558
18892 19879
7986 25475
12315 19046
5236 19658
5308 22104
319 24314
17836 20087
2984 28060
14557 16525
15452 17168
13794 19140
18118 28044
3154 20156
8515 24504
18826 24598
3418 11451
6820 24790
12196 26260
11113 24007
1587 10189
22555 25108
4834 6196
14182 27702
12040 24767
1695 10824
20724 21473
7364 22462
5691 12908
11368 11751
21139 25894
2189 27185
10188 23343
11039 21849
7538 22103
7457 8022
18825 26152
7392 9216
9096 19566
1727 12800
1852 11281
7101 9582
12754 14129
23099 27879
6305 15117
5128 12111
4549 14289
4148 9233
5569 22203
2905 21003
22056 22954
761 25437
13180 18678
9746 27462
1244 23979
13150 24406
12395 13937
5989 17487
6868 26010
7277 23566
2932 26755
2042 21831
4192 12324
2382 7172
4581 25735
23215 26994
7136 11495
19005 19432
1686 2748
1886 21000
6008 18104
15074 22567
14513 25591
890 4029
21159 23520
1590 20669
8665 13024
1063 11697
313 18251
4196 10015
9572 23713
6489 23165
14924 20650
3861 16301
10090 18669
3657 27115
2324 14935
660 14228
3127 19148
1551 4349
8296 17827
11725 16117
1806 13401
3501 9358
6745 16434
14563 20663
17188 26640
11592 13086
9229 28056
3200 9917
11822 24053
4330 27467
6868 10900
19238 24031
9140 25426
1713 24843
2172 28172
15385 20280
15549 16645
7595 22040
942 11859
8478 17310
538 3439
6883 14044
88 21359
2776 19419
9859 17518
9552 19894
20749 21058
972 9958
3405 21436
14822 27221
5946 23876
4791 14976
1887 11542
3944 17060
3085 14167
2022 17501
22390 23082
5204 15736
11408 12954
10844 23693
5074 24127
10368 26841
662 14174
1551 24899
13672 27032
15716 23549
15679 21696
258 25504
84 1058
11255 25039
7985 22605
2589 18870
13309 23738
13270 18639
4178 12282
13059 16025
14304 15418
12937 19596
9592 22373
8697 10747
4002 21875
3851 4282
16094 18704
9469 23642
3622 4011
5348 25736
13282 16963
17007 19524
1811 25838
2233 2708
5734 17906
1933 2227
8410 26281
18332 21861
8770 17747
19843 20846
19691 22575
6659 14552
7606 10291
324 8818
11154 21650
11444 27527
9264 17019
1349 7429
588 8098
3239 16590
10927 24201
1878 14471
1508 24947
6820 17893
16028 16467
7783 18626
16355 19445
9164 24232
19145 23415
21121 22424
10312 21533
5822 26902
7965 11262
19347 27497
15954 24120
3446 7481
4205 13193
15251 17972
3420 21945
12498 21159
2532 13456
4276 19407
1350 6930
8750 19800
23208 24862
9779 16366
8340 16097
129 1497
25468 27013
24389 28146
8964 14954
1858 17022
4178 15736
1091 14276
4714 24864
12693 23140
13277 26989
10845 19861
3820 25102
21565 21688
3146 9673
2539 5413
9408 25174
8536 27221
11878 19977
15558 25114
21377 21829
13772 23916
26143 27279
897 13409
16346 26580
1381 8925
13332 13810
16333 23437
12434 25896
3121 16027
3537 6294
10593 14427
19712 22028
812 10086
4018 13255
9854 26409
6488 25412
6608 12444
8134 23104
4012 24606
14991 20737
2141 12766
23269 25174
9594 11788
5448 7832
5204 22634
204 6898
17938 23586
8075 25877
14545 26314
1432 1613
3314 21887
8801 23015
7015 24060
12518 14566
17185 17415
7647 24136
11648 13953
7368 23332
21901 26824
149 24828
15693 20347
25830 27364
13438 24299
1440 28141
3154 21804
10741 18628
15584 19813
11809 19548
1008 5918
11290 25861
4447 13032
10389 21641
4761 19189
1863 25570
20679 27016
10792 14973
24131 27013
5724 22901
18232 19672
334 14254
7723 16525
6535 7699
4216 15028
9090 26407
8592 12272
3242 17411
9448 22675
3296 14771
12340 14358
8096 19712
1871 2087
11442 25239
11700 14487
2677 19068
13282 23340
478 18627
18036 22040
9793 27057
1657 27508
16464 19611
12948 15214
16900 17397
7468 16276
7624 24069
16975 23653
1464 23509
11784 12700
6266 12606
5342 25956
533 20334
3947 7073
2348 25748
23082 27759
13851 24486
15158 25260
16767 18649
3738 26869
19181 27087
11366 19200
2648 10600
21798 22985
16 10711
20775 22981
4986 13255
1215 17936
2302 8627
23265 27495
11438 24724
13682 17757
9408 21077
16901 22885
923 27365
5453 9422
933 22187
10335 13435
10419 21359
1727 10698
4607 8157
5256 11409
660 15672
13693 17955
8750 18772
4061 21123
8393 19153
16931 26753
7816 9429
1647 7031
15882 21359
16504 24499
13970 16656
4433 21364
4071 6348
4910 9396
10178 18152
9699 23422
8972 26838
18354 24294
19584 19964
17406 24131
18743 19623
18107 19682
6410 8921
19184 20944
3885 11580
18286 22115
3136 4540
17975 23869
5466 24843
7632 24428
14776 17173
2111 13040
4089 12120
9893 24874
11592 18959
10102 26097
8054 15847
13637 19430
11809 24854
17526 20667
4047 22312
9858 24068
15458 16084
8816 9320
539 5114
22964 23549
1878 5961
6858 27856
4603 22981
10168 25996
11880 25890
9655 15367
14627 24574
2329 16369
1970 3162
15662 16709
13214 17938
24288 26640
22416 23794
6914 27271
13408 15883
22908 24787
17438 26120
11430 20308
1382 19742
11887 25343
7985 25956
17725 19661
5554 20872
15836 22848
9832 11417
828 22025
10292 18384
12505 24610
9375 27324
11133 16289
15749 19198
8183 21710
6841 10270
426 9150
17526 21822
6876 27746
6545 22402
353 24718
16091 19068
23686 25214
6390 22670
3759 23672
902 21391
194 705
3129 14671
16919 20467
8239 14150
10086 25738
17017 24452
17635 18726
10461 21131
3608 8597
2961 25343
6994 19972
18298 24611
13798 14255
3849 24832
8850 10480
424 7423
24294 25276
6414 27265
5283 13376
10264 15512
4866 23415
5989 7205
16136 16986
3741 11526
17912 18920
3354 12002
7917 14170
1142 8155
332 2650
4218 13202
14537 21610
4799 19122
488 23519
16978 22035
13574 22156
3720 21938
9127 21118
3851 19169
5734 13827
106 17383
3727 20381
8785 27042
9055 21898
2577 3648
10865 27044
23060 26856
20643 21084
3324 19286
13038 21407
20321 21955
11218 13317
12506 15531
9301 14280
7804 23858
13377 19222
22047 22901
3410 4580
1015 11880
8730 8752
14920 18019
17444 21570
16584 26480
20849 24601
10449 10792
1085 22404
17823 26587
16249 27634
15770 18884
11133 17696
12051 25992
19551 23184
17091 23561
13605 20041
6221 14069
16919 21138
11545 11877
6252 23768
130 1614
5435 25865
1670 11311
14464 25364
9956 14407
3728 19337
19287 19337
2336 15670
21995 22541
21431 21794
15549 25654
10287 23422
6539 12397
16138 20385
1370 19675
11171 12954
1475 19714
2274 3169
4468 16823
2722 16425
1776 15293
2616 9152
2000 25507
2965 7412
7205 24465
3435 14907
12361 18870
5371 7930
4282 20123
2022 23384
640 25299
2170 12397
13418 20505
13777 20405
3883 27331
8239 22067
396 15376
5451 23060
3394 13604
19203 22042
22682 26867
1116 7122
17433 23931
1885 2740
7692 24919
12754 22712
20480 27814
7732 25833
7956 17681
4614 9174
10747 13184
3990 11634
1171 10767
12971 17115
13517 18113
12100 22650
9005 26000
7262 28116
2333 11004
2624 3528
485 14672
6573 17443
6066 6950
24131 25342
1665 9992
8075 16477
942 23560
2527 15401
20837 21118
809 15003
2712 14180
9358 12868
4256 10015
20007 27259
485 18713
315 3676
443 5153
3620 26114
6215 12853
12253 28189
14471 16219
9678 11341
11641 22705
11193 14791
1596 12665
6703 11714
4108 5229
292 14452
11998 16291
4760 28055
8817 11400
19710 26774
1320 12678
3420 21423
10593 16991
6080 8501
7523 9403
15755 23390
7205 14657
2618 23735
11467 23799
1050 3075
7382 9053
2170 5359
14344 17692
14784 27286
22452 25986
10015 25032
2163 13736
580 23705
22074 22799
187 4051
8669 25421
17785 20958
22210 27766
3389 24330
3819 9956
1360 10990
9086 13970
3052 22546
904 22074
25353 25414
1417 12270
7390 15883
3585 7951
18871 19842
13822 18563
4531 24425
12510 21748
5183 23739
6158 6573
3835 10293
9563 23277
10458 16808
7461 15939
5174 25753
11559 17307
7130 12145
4263 11082
3337 12077
16653 21715
15069 25747
19670 28085
15628 23442
23619 27841
6116 13373
13195 21438
16742 21919
4447 14879
55 17061
3501 23799
8386 25828
4512 5605
867 18626
578 6620
19295 27725
16475 17573
8938 14429
12971 21412
2259 8536
19479 23520
15252 24836
6549 27746
16490 16619
21490 21824
6930 22960
5609 10982
12935 28232
11030 23340
3686 24732
15562 22780
4541 17035
3572 20637
10737 24676
12246 12252
13167 24049
712 28065
9361 12792
13058 19579
6444 12944
14039 18029
3102 23972
3398 27129
2330 8558
3759 24653
2798 21573
1358 11246
248 11252
17 34
14782 27467
17999 24258
3354 17823
353 14778
8675 14505
10844 17011
24955 25468
14665 22161
7881 19645
3550 17768
15008 28238
312 27756
4693 11859
3900 10845
3647 14725
7414 13193
5832 18858
4041 18856
8772 13091
3761 14997
5266 23730
9617 27578
876 18270
2826 9986
2550 16262
4489 19351
11985 17730
3079 15061
21000 27157
13249 14136
4287 13756
9179 28278
3619 15835
4603 12725
20503 26235
6229 11701
2311 16976
5170 20893
8990 15056
237 27974
9454 13180
13831 20695
16328 23181
20701 21807
19040 23371
8379 21831
1056 15479
16015 24384
18011 21746
3062 16836
13425 20392
7353 27454
5252 16174
4556 25986
13585 23574
11484 20921
5692 26481
15753 19594
13195 14971
3113 20899
6235 25323
14840 16526
6832 27078
11870 19704
1502 16949
1456 18380
5100 27805
1133 5082
9326 16748
3780 6221
12056 21798
16951 25950
4550 6784
12593 27887
22186 28159
8723 19250
10711 16946
3441 4078
11671 25469
3885 14468
838 23719
14513 19463
8343 16984
1767 28245
21746 25283
14971 20745
18959 25956
12847 26750
25484 26102
12959 24576
5952 20655
1200 23703
518 3065
7176 22180
15721 21577
8601 19568
7497 25699
2843 16081
577 12742
11804 18721
18824 23845
848 13484
3733 27841
7839 11637
8797 13362
6257 28099
10830 21761
2712 17249
13756 23044
7084 9306
1397 7397
19853 27821
8012 8247
15047 21798
10390 18133
14807 20931
2774 6148
11825 12055
2475 8368
24280 26784
1900 11039
1323 17963
4581 6593
4755 5190
4594 25793
2413 18079
2000 14464
5711 23811
3761 19442
9702 21692
6624 15130
7469 19041
11798 17426
11586 26908
12614 16048
15663 27689
20640 28094
3147 11989
3997 21826
7162 9250
15575 27180
21438 24677
735 3868
7278 22067
4581 15549
9416 22071
1545 8640
12472 22824
7557 8632
5722 11133
4592 17237
1902 18050
257 3443
17649 21673
4132 12730
8964 19056
9779 14095
9080 26688
7031 12128
2267 26588
972 11886
384 9574
18646 25399
7440 10328
2227 2650
16988 23175
2694 4096
14445 19348
135 25108
1614 5630
2243 20959
21971 26114
5167 8898
6609 16299
25049 28063
840 5961
13226 19923
799 848
3582 24719
19576 19772
442 7728
19477 20367
14481 15022
12462 16824
7153 21269
6914 10729
1226 13999
14971 20534
11724 23397
14203 20503
14023 17902
733 1925
11847 21067
2189 26665
15749 26665
9820 15027
1167 12383
16147 23267
610 20245
22787 25894
4332 15508
9575 17632
5201 13180
12910 22517
7213 20804
9884 21855
3728 13828
13054 21942
18704 27584
4217 12714
23781 25956
3787 19009
15825 27642
1772 6905
12805 22230
2821 9371
16868 17254
9324 10812
9330 11020
2810 7703
6688 17017
5630 25110
9019 11913
374 6705
6879 26043
3810 27074
9019 21636
9624 10290
1 23019
2852 14560
538 1769
1833 12639
1859 4648
10404 24371
15835 21353
11314 11917
1034 25295
2119 5563
9233 15313
14961 26324
15505 23422
6531 28263
11556 11821
18305 19061
967 14541
13681 28031
23497 26358
10786 16485
3932 23431
16974 18603
17550 20000
4210 5546
2724 16764
15610 23510
26000 27042
6817 26913
17326 25110
8248 27698
11937 26687
22787 22909
17336 24782
17819 25901
6059 22464
505 15196
8799 17466
4009 28156
1925 21366
17963 27973
10242 26869
21481 22446
16444 19546
13600 15034
1693 2348
4971 7743
5284 11495
22469 22502
15620 22205
10660 22779
5756 27737
14358 23935
20327 22267
3872 22485
7867 27052
1389 20395
10929 15548
14287 20831
2635 23298
12023 17321
4039 21761
7835 21446
8377 14891
1851 7428
22959 23880
115 8405
4947 5849
24363 25906
5150 6177
20639 27314
8200 10280
11113 27087
21554 24032
5485 19872
10728 26228
15202 25062
10080 23628
9837 26846
19168 22507
3126 12417
2274 10954
11148 27643
8001 24439
12250 24056
2518 24131
10496 20292
9251 10935
7136 24769
245 6626
10708 14512
12401 27117
485 27969
2050 16999
18214 28278
2597 11334
1015 10393
10935 28013
14635 15508
12761 24947
8810 20046
12726 17902
8363 10290
891 17114
4302 16521
5416 10421
13704 22707
7975 8560
21479 22436
11094 14474
25309 27825
8803 9214
21380 22186
8313 25150
21942 23369
2225 5839
1349 19640
26134 26288
1205 24407
14148 20278
11261 15184
15376 27746
17017 28050
4606 8858
18143 20467
7746 23278
670 5827
16051 17446
22499 26012
8956 26061
929 18565
8402 11552
16136 21682
17963 23946
1229 4725
7187 27148
8846 16037
11082 19657
3873 23763
1657 3780
4160 22616
1475 11119
9371 18214
12228 16475
581 4237
8018 21193
4609 24976
6857 16717
2619 10982
6843 15610
11055 11584
8307 9864
8533 10129
1402 1940
10286 21512
1468 5336
9690 11433
2077 9080
6062 25953
18513 20222
1584 14728
14677 17080
3741 8401
19552 20661
5708 9268
7588 10496
15426 23855
9490 18394
4828 18379
3102 19004
11989 23983
7010 7590
1385 21776
8329 15243
15297 23306
8529 17832
5097 21653
9796 15048
999 26303
2003 2149
11610 18663
12508 16422
3944 25263
4367 21201
9901 13208
17880 18984
8669 17459
79 1771
15772 27899
15481 22421
5289 17429
3944 8717
4623 19704
10675 20016
7937 15056
4094 13199
1338 2205
18591 27296
5787 21909
25341 26265
10207 21712
17262 24950
23278 25267
8818 23993
2834 24172
1356 9019
7849 18608
14633 22476
35 2015
9271 24603
6350 9381
17013 23522
17598 22384
8810 17803
14065 28082
5913 14706
9438 21487
19790 19846
8923 20251
19567 20123
2506 20887
23267 26378
16544 21052
6809 11899
4081 25547
10022 10740
1430 26244
15233 19184
20627 24397
882 10490
23502 24068
18398 27775
5990 21151
12076 25980
4081 20837
3446 21351
1405 5126
10807 19688
10757 25066
24914 28195
22216 22425
5145 24613
17145 17214
7835 21828
7360 9762
4705 13752
6832 11748
1921 7139
1559 19813
14543 15892
1545 4399
1213 7814
3728 21057
4326 11878
3472 26161
5485 14840
14481 20308
19231 20441
12462 26497
23936 24611
15404 21396
1026 23974
6777 9388
7020 27839
23728 28252
3507 22422
6107 7152
9590 20860
13681 21149
21115 25788
770 24883
5089 9933
5984 24444
10525 26063
3126 21693
1138 22850
14815 19133
19160 26988
2185 5609
5538 10624
5994 16337
1441 4192
14093 27821
4130 21332
6097 8053
3882 13503
1852 21545
1296 3927
16341 22897
16957 17743
8770 11805
1410 8315
8800 10584
15366 19447
8821 12294
7324 11657
15749 26817
12228 14073
11967 20861
16176 23413
11310 21266
3944 21766
3166 9894
4029 24582
10179 23534
877 902
842 15910
20782 21952
4274 16986
8241 16131
5316 10054
2664 14622
11463 28049
25748 27885
3808 6016
1590 10886
4825 11166
10535 17273
9363 19196
5989 16108
6282 8176
4287 24005
5867 10298
2667 5300
11917 13682
9338 18764
4711 8852
6510 27702
2189 11916
5189 24669
16964 24395
4794 15766
24999 26001
3728 23015
5130 17437
10337 23414
10376 14519
8841 21720
4228 24327
2808 11255
2389 11483
10570 16208
12921 13592
16210 17422
1936 18998
2064 25978
11599 20477
22203 28015
11193 20127
11253 22771
1266 14998
1429 9356
15884 17832
5617 16216
374 4136
2363 19424
1878 12594
6945 7873
14703 25680
248 19536
1770 10821
7721 8827
2156 2815
1062 3203
7741 17773
21447 24172
6737 26077
21744 24904
21479 25206
5466 23785
2387 7835
9774 15470
425 25137
23500 24287
5930 18413
18369 25792
16887 26489
8772 14208
6745 20836
1621 25781
11157 22666
828 22734
1393 2084
481 7183
5535 16276
1676 27321
24935 25187
19927 20337
2598 6994
13338 15410
5510 5989
3542 22835
12040 16756
1663 8680
12158 19329
3310 9986
3422 21683
27092 27579
10921 15693
14105 27974
9033 21891
3383 21883
6961 13968
7968 18831
4409 16951
22729 24057
2788 14993
3874 22120
11816 16187
8544 22309
16786 25219
439 8866
5351 9704
1993 24390
13033 21804
14944 18744
25368 26298
18491 21407
11513 19909
7681 9398
18188 21976
1321 11872
19789 23963
19089 25543
15179 21516
5413 25381
70 6752
6232 14029
424 26074
3666 18099
8931 22012
1879 24616
14390 27016
4245 21003
4244 25064
11381 26794
3451 14129
1621 5767
22460 25168
13222 15156
3856 21828
8070 13299
1181 6608
19827 20441
1243 10701
1767 17836
1645 11098
21536 23351
10042 17717
1878 16563
4218 5883
5288 20758
20625 22008
1117 3714
14723 28119
5913 18641
2539 21209
4164 21964
4566 10828
11592 27872
2874 2888
15268 23814
4646 12972
9858 24166
10399 25617
14658 18165
4962 7783
2518 24274
10639 23213
1952 3187
4091 24624
527 12847
12498 24130
7113 9657
5824 13117
4650 15617
7820 21423
1105 11725
7999 17437
7131 22420
15076 22805
1727 15271
8463 25557
3066 22454
5585 13373
4508 19651
12081 22092
220 28056
15216 15950
2691 5882
3484 16016
422 6913
4827 24623
21763 25550
4475 25664
5485 7615
1519 19941
9666 27635
2785 17916
10036 22901
312 27705
13527 14254
1339 3263
1609 17015
5219 27819
7900 16487
1522 14610
3873 24109
15701 28181
16768 22998
5989 15666
16901 20424
10290 14391
12073 28207
2771 26518
5925 17494
3323 4904
4329 18521
11628 27625
11461 15694
1858 21199
16569 21018
7128 23030
10018 14082
9975 16511
12377 23857
14792 28234
9837 26605
6205 21438
1628 7414
2420 17684
13391 14033
2810 6620
9055 25280
15435 20031
1857 7200
2067 2518
4874 14892
3976 15179
7118 11356
11009 23310
20331 24172
2076 4190
2000 7283
8096 14023
220 19480
16659 25203
17112 25966
2259 14309
22498 25366
588 7846
14909 24125
7341 20992
13809 22761
4600 19712
711 25547
2379 14519
3971 9214
3472 3979
1285 9119
15056 25999
21647 26475
15594 18461
14336 18297
10839 24756
6694 18662
4559 17946
17423 23442
9356 18384
4640 14763
25999 27686
6247 9365
1226 3842
10746 20520
237 17379
22866 26812
6917 7987
8766 18353
2103 15464
9923 22010
2839 28126
18211 19304
18751 23964
3944 7935
4600 18679
3882 15453
21656 26657
15088 26418
14892 25081
6801 18280
7590 22038
10844 15216
16016 21544
13155 27128
2686 3296
6240 24400
4858 7350
23915 25107
14760 19428
20867 27729
11678 14480
6301 27239
14997 19601
4295 26688
2776 14273
723 5457
2190 28008
7140 20081
5960 22114
1499 19790
5471 10767
9032 24163
1376 9717
4592 8910
2076 14050
2598 12722
18706 23024
9704 16138
21148 24665
10634 23256
4216 13586
3997 20162
23461 26476
5943 12830
16955 20191
21804 23012
15376 20373
6879 25059
19469 26908
2973 13732
8410 22376
12537 22740
6295 21659
9209 9614
23590 26659
7497 12890
1795 6797
6569 20167
20275 21433
13207 20365
7073 22012
667 22591
22311 27158
3860 11295
12979 24179
13010 14479
11751 22973
3154 13235
13155 25817
11079 16893
1971 15748
8898 22548
7206 10520
9258 10913
3126 24692
7596 14165
867 16823
3053 19704
5984 23708
1065 28226
2677 5614
24539 25270
10348 18087
10654 17902
4220 9303
25236 27308
396 12640
19250 23926
9284 20144
22446 26261
21945 25683
7461 25525
10741 16989
4671 11416
19090 25629
16626 22025
11080 25140
18816 27629
2039 3226
17525 26629
1106 27932
6848 13887
11009 25232
2341 24772
6057 16150
15952 26003
8737 15614
6054 14357
8161 21893
806 2943
2494 22901
11970 19201
6002 22828
15435 25247
10805 14315
10225 21326
8830 21003
22460 26357
1259 12661
2247 8492
8773 17114
11475 26820
8924 23197
17515 23915
4828 5042
19227 19817
6566 18254
3728 16728
877 20553
3660 25976
14378 16094
1178 12612
492 26038
17022 23236
3974 15196
25960 26095
14093 18679
4603 23390
539 23267
3098 28147
2667 17446
193 495
3810 19579
6738 23454
2244 28194
23214 26460
8229 12151
9679 26498
7021 13246
12658 16965
17072 19354
19122 22020
10920 11030
8295 8931
495 5984
8814 20541
9120 13602
12004 14411
13444 18733
3002 26525
3472 14468
3169 6058
3354 5244
4568 11987
9783 21746
3059 17530
2399 8291
7016 25245
4309 12271
1322 9873
5906 13597
12537 16465
4100 20291
3014 21673
13208 19315
19409 21058
4282 13718
16113 22390
4920 15854
6545 15091
16203 22060
22637 25328
3484 14576
17620 23520
13202 13827
3410 11795
22183 28169
21840 25169
17265 21273
9244 14820
17245 22425
14723 27458
2894 17827
4675 17167
16423 27121
14106 20417
9346 16299
1767 21470
12889 21249
1852 7375
11461 27702
2619 7964
8880 19327
18633 24824
19347 25232
4671 18099
18521 21079
881 4247
5466 12322
16942 22522
5150 14499
3757 26946
9272 10720
10195 21270
22656 25907
4804 16268
5262 11080
4936 21480
17533 22658
23553 23929
7707 12228
22017 26173
16384 17409
5151 19071
4445 17164
8855 20241
2650 27402
25636 27382
22560 25338
3902 18230
1234 24848
8054 14731
2882 3997
12257 26340
7610 9846
7867 16632
2460 4209
11790 20676
18994 26232
11336 17202
5042 21941
6433 16570
7303 25283
9395 14514
106 27703
7337 9479
5472 23046
9883 22399
12001 18415
5991 10935
11121 22612
6163 14942
7601 17137
973 16435
4891 9220
13796 21310
1852 27129
1524 8488
4265 17714
506 9717
12444 22734
3411 6048
9038 12040
11134 20947
3446 5480
7375 16901
5309 15308
3661 20226
1204 24847
5865 25289
9067 27432
6496 25978
15317 25096
3364 3913
18787 21849
4833 19692
1925 6715
400 22052
8471 8708
14375 18862
11592 25831
22446 22829
15575 27923
15561 24745
14390 18846
3507 24830
10899 18824
16976 26872
990 25157
4180 5232
15731 20553
1614 18477
9193 9789
7413 11758
4316 8956
4689 18679
9250 24255
4548 5815
2455 9403
3674 16964
19712 23277
477 15733
10623 23309
3532 27976
9438 20662
1351 1910
7923 24890
7323 10425
3447 18934
14574 23526
18001 25414
5876 14703
10407 23593
8500 19021
3788 13598
8043 10610
5428 8592
17022 24509
910 20748
67 9569
220 12800
2446 18417
5767 13832
1180 27851
5284 21638
4047 13724
974 16984
4205 13392
4507 9865
6257 12262
466 18904
2740 22768
6081 14577
18639 24061
25444 27189
23555 26531
1925 27668
1314 22334
3753 23708
7713 12040
5089 15718
7390 20084
4745 5331
6707 18781
3410 3411
600 9803
20429 21154
280 12440
15796 18315
1860 2452
16510 28070
10990 20515
8128 18296
4226 8707
1497 24241
18541 23068
13383 25713
714 5615
10841 21036
12045 26044
22904 23189
1469 25265
5832 13730
10230 16036
987 14392
24870 27872
1925 16690
4325 14344
15676 17630
7747 16957
17756 19843
1198 5728
9590 16901
561 17742
6235 14749
9709 25653
1921 24274
4699 13437
9465 21473
7909 22912
11025 19105
5989 17492
9472 18171
7205 25699
40 406
1273 19467
9699 22160
994 18046
13232 20162
10103 16170
19893 22186
18224 18251
5095 6498
6178 13093
808 18465
14489 17319
5389 26495
9786 20875
6943 8730
2767 25220
1173 2336
11093 27698
21649 27042
3261 9871
22950 25116
19777 19884
23143 26405
4424 23973
15202 23557
9566 11162
15284 25596
881 2259
15178 26081
2825 7932
15280 22748
5216 16152
16437 16534
688 26677
3121 3265
6242 10160
4209 6914
430 21048
4581 17192
1555 20800
10920 19482
24416 26077
8396 13967
8679 25402
12811 16197
23197 25759
9145 26114
4806 5422
2556 19342
610 3566
15391 15736
20232 21771
22242 23216
15945 22261
7866 19197
6127 23495
4217 15547
9665 16637
2616 18883
6328 7358
2815 9365
7471 11535
9568 11034
6204 7465
5545 12114
9720 20754
7701 15610
1188 15727
5778 12356
1878 19978
13408 13686
3510 9383
23846 25437
4857 5485
425 6215
17726 23442
11809 18775
7423 7762
1254 20232
6517 19941
14547 24416
17456 18308
7178 10444
7075 19736
4216 22790
19582 25414
2210 6372
334 5601
17906 28013
13550 14091
7142 12759
14295 19092
705 21617
1319 24997
2233 21798
8117 8959
3666 9560
10580 26162
2488 21748
8502 14974
12096 15583
12552 14456
7159 18043
18575 20956
4789 24244
11539 21048
16153 19445
3915 10630
406 12149
782 12954
245 6454
295 16503
18385 25920
7985 26775
11953 15429
2191 24336
2491 24451
1682 1736
17667 24638
13186 27196
1586 9234
1878 11462
199 14827
7478 18346
16865 25683
12365 25906
9993 26329
15064 22511
4563 6431
8679 10900
8523 17241
8025 9813
10208 21919
7881 10463
3827 17821
12304 26087
18909 19817
8341 26830
3624 13468
387 6166
805 5728
11616 22843
1745 11235
6172 10508
12792 22787
4990 11104
887 22910
3635 27301
10094 20787
13515 14696
12214 24406
8969 25474
10298 19020
6065 15267
4675 7053
2245 7205
1498 4806
19296 22623
2807 12264
5167 8544
8343 28123
4705 20893
8520 17073
17426 23288
18533 26413
26795 28181
22045 23552
2883 22202
15611 19959
3233 15432
11193 24453
17695 24576
18417 19130
11250 22325
3265 12792
9058 24309
4168 14648
10432 12511
17572 18277
18395 25838
15379 20966
6303 24005
13591 23423
4589 8727
16226 16888
341 7484
19183 25283
10805 11436
824 25978
17422 25160
20238 21891
2187 22892
5839 7443
2454 4949
22630 24828
7416 20831
14662 21126
14862 24675
11143 17319
4718 24208
24243 24332
3472 16554
2807 14050
2769 3559
9774 23340
2836 6578
9328 12653
12818 22799
11918 14567
3071 18259
8003 19457
19145 22476
23312 24820
1335 19371
8370 9986
2423 26871
8774 21115
9896 26544
3877 12717
12841 20849
472 24774
9236 10232
5082 12204
7708 20043
11473 24604
1830 25267
23489 28036
5585 15713
19658 21250
2058 26299
6129 24051
896 21416
17304 19058
11777 18230
12965 13261
17963 22046
11073 12485
14612 17073
2171 25729
10173 25415
18921 20714
13398 27144
6587 8128
1724 5222
933 3383
15561 22937
986 10646
7312 10596
22449 22784
4268 23050
9525 14771
1562 13203
19136 27083
920 13093
9829 17071
11722 18311
7768 19813
2147 24809
6898 10416
11161 22382
5082 19130
14835 25805
14589 22702
7675 25271
21225 22453
1722 20096
7975 22141
2517 5387
10451 13690
5913 8500
1772 11834
10437 16827
11495 24610
13756 16119
10618 27360
1744 24869
8212 24904
3709 5679
4921 11998
7159 15843
15133 24608
15345 27815
14953 25999
11348 21426
1317 11969
10309 23754
11539 12807
15443 25310
7053 16184
202 14606
18524 24915
130 1573
1337 19113
4340 14283
13289 15894
5054 7080
3035 8414
7360 7792
11777 16598
12348 28039
1878 21359
6863 23210
401 9495
18628 19425
1494 20182
13033 16431
3401 9851
5609 26438
349 5521
12253 26462
344 27545
476 11111
15798 22321
897 21157
404 3169
13988 26273
369 12399
1944 7002
8441 27923
18117 26016
20538 20846
1197 2540
9059 16989
4097 23510
2647 25708
7243 17120
2619 25956
6995 21800
19566 20554
12991 27703
20823 23953
7139 27016
21053 25893
23571 23722
4642 27719
3121 25636
7169 26139
1392 8974
5304 23902
8292 16674
15357 26673
3832 18647
3041 28058
572 7368
10999 17622
4135 18466
17650 24101
16560 20909
10444 16054
7015 19013
922 13141
18146 23879
9550 9653
4902 26517
6517 27872
16897 17931
6548 22490
689 3582
10505 23619
20410 20858
10782 19709
2619 10849
13737 18312
11073 18798
11385 14996
2320 13382
4085 22203
3845 9685
4216 6159
3704 14575
2474 11261
4126 16713
20162 27458
21798 27469
5117 23553
11877 13161
16910 27044
11954 13984
21019 25181
4671 15275
134 2710
7631 16494
21545 23926
13471 26113
1622 11552
16084 17054
18265 25453
11569 23071
1516 7877
1140 21835
1351 9429
11836 25816
13725 27821
7073 17562
3987 21369
16072 25695
7370 21515
14781 18021
1321 19572
7283 27987
21369 25206
3101 3765
7832 27494
18643 20096
1420 26154
9160 10357
20891 24444
20053 22156
9804 16048
3074 26048
1018 8308
13559 14910
867 21158
8788 12508
6426 24971
24193 26027
17098 21087
8290 9524
18310 23835
12921 23409
12260 22080
24969 27793
8504 19817
11918 27424
1979 20503
8156 12346
2227 17258
4030 13622
4080 14586
4218 9683
10559 11746
5308 26389
2369 12282
872 27418
5327 6375
7843 25433
23312 28215
9043 9504
16154 19906
13062 25902
4642 25039
3640 5511
1011 24589
1036 8969
4193 4607
12374 25623
261 14002
13680 17803
14443 23615
3287 5082
2298 6899
10680 19217
16547 25329
5454 19794
3762 24865
15372 24739
9258 12069
6034 11964
15792 18903
22998 25427
16941 26068
19863 25054
6972 13832
6911 23388
799 25329
6222 14997
7934 9218
15620 18541
13220 24577
22651 25039
11687 13754
4274 21682
3058 7031
9690 19866
10572 11757
1056 19895
8974 27743
21715 28136
10656 25181
11439 15749
15149 28175
2247 18612
853 8104
13676 25062
2869 9179
14520 18061
6220 6775
10015 16656
2532 20338
12374 15547
20764 27316
32 16734
8329 10990
2893 24875
14429 17082
7556 27659
4708 24589
8677 23400
13597 14790
5945 21407
16291 18738
1959 10747
926 4205
2052 6079
13825 14090
22425 27129
20647 22230
21139 24005
11052 18274
23673 25915
2150 7005
4701 15033
4489 6222
11592 12514
14383 18884
20041 22875
9208 25410
3445 14881
2685 27879
4591 7798
1469 27976
4251 23432
3121 7900
22321 25992
1700 7856
17482 23955
16396 19261
7290 19534
14390 18251
3267 11248
16206 18520
19322 25108
7832 20906
9065 23976
1911 10587
1103 10282
15561 20079
10953 16301
11193 14534
3379 14695
9552 12106
7679 26217
15716 24431
3298 28182
8003 12214
853 18805
11924 23013
7773 26780
12459 23420
15428 24842
1755 5527
550 11954
23902 25274
1687 21627
2269 17429
3989 9583
14644 24005
23577 26147
22118 26116
923 28203
9518 19819
3731 16152
7559 18415
16828 25978
3951 6390
3190 17941
15330 26397
7833 11652
17 432
15493 26948
16515 18272
15561 24587
14753 23997
7348 22283
8233 27240
13893 18277
14662 28106
8775 23733
3456 23395
4003 17028
25748 27221
1767 20370
3080 22426
13116 17019
4537 9624
13350 21671
4140 20564
7177 17548
9693 10825
1440 26397
5916 25057
9393 14489
14394 20078
11277 22420
1852 22996
10181 19776
14093 24221
23157 23633
14584 19439
2001 27990
10952 23174
5325 6054
1181 18294
2885 23102
7976 9008
21537 22457
5988 26498
5565 19015
20668 26180
27294 27332
14564 17393
4688 17452
12689 15346
2022 5989
5327 11997
8151 16184
1666 18027
9173 9390
430 27118
16770 18639
2169 4489
18625 22273
4081 16603
10166 21254
17410 22416
15713 22415
12562 23939
5832 17282
9339 20703
16989 18628
4009 14633
9421 9884
5797 16106
11055 13850
18999 24773
2502 7387
12449 23617
14010 14023
2518 24061
345 7998
5269 16046
19188 22012
2852 23639
6205 23265
12956 24104
12709 22418
8357 14934
15499 24074
16036 21308
6896 14468
10532 14912
1378 6527
23643 28061
5697 13516
21832 24415
13185 25208
11009 21932
374 13810
7950 21269
13991 25735
6245 15749
5583 9406
7976 27728
1795 9095
899 21313
8361 27501
7049 15650
2954 26476
396 26587
8083 17813
300 8157
18704 25157
8148 16184
21094 24280
2437 20230
12693 24455
14631 26580
20434 28009
7580 25639
13854 20639
12075 23754
13725 22040
2221 16954
24295 25332
12321 22269
5197 23392
33 27821
21166 25154
1908 25042
21366 22409
16955 18199
3159 5734
5326 17966
485 13292
23929 25174
1515 12308
6528 21744
3304 16238
14776 22892
4488 16230
7118 7429
9851 24371
21491 22295
1604 22471
9614 27378
2392 25978
16770 20646
1529 11432
13970 22679
5327 26503
19821 23107
2782 6177
22180 27702
4732 10800
11191 21993
12162 23600
13440 17069
1510 23294
11210 18828
14002 22276
6150 23226
17331 24349
17524 18959
193 12257
14492 16872
19088 21159
4422 17498
2133 21881
3245 12125
17487 24451
2612 6476
16025 21546
1902 7236
8420 20118
6156 27032
1754 14605
11818 15929
24543 27171
20959 26925
20608 26260
8952 21387
1878 14076
2005 4930
3703 6097
8338 25433
11755 24952
4689 21667
7975 16560
582 14575
13465 20358
3149 24741
13192 19539
2999 28267
19181 23118
2423 14608
4302 10244
656 4234
10937 18921
2080 15981
972 19628
698 20045
6465 10987
18878 21469
1657 23365
6672 9523
10388 22186
3254 22570
6506 21506
11481 14461
3885 20184
19181 28211
17867 25475
9285 17795
5476 22761
17353 22421
13741 17843
16860 18225
14735 26194
9194 11080
20441 21680
6301 24629
7148 27056
12479 20069
2188 12966
3667 8872
22624 28257
21798 24947
8169 11829
2654 17355
2535 22392
2150 17177
2189 15729
13503 26810
7885 12023
6065 14826
6999 24325
1860 9751
1307 5926
8390 8669
19623 25299
9122 17768
5131 5665
17322 17565
113 17952
1755 8511
7307 27758
4312 10054
19817 23418
8802 21207
1114 19013
1049 12244
4422 18282
4945 27514
18393 27445
11692 16311
16129 25838
12154 17340
3944 22112
23598 26003
3024 4782
15981 24062
2276 12135
9654 11812
14371 16489
4693 28214
6869 12422
569 763
22242 24549
9877 27556
15355 22581
5104 19964
12811 17113
12072 18909
21411 23655
1238 19448
8352 11251
19139 27467
1015 25550
2071 21014
18850 27051
12711 15056
17891 20431
17158 24211
1902 27958
26053 26173
2933 22545
1746 24926
11073 25711
11409 17423
20621 22549
23920 24022
1348 18516
16629 27944
4850 17621
7746 17198
6818 25781
825 11992
7478 20209
755 6364
18250 18291
10051 11267
17527 19253
20661 24195
4000 13926
20182 25174
6612 6998
2909 12597
6804 19068
522 18319
14941 25286
13208 24939
13428 21402
17977 19435
933 24790
2496 4038
6254 11987
2198 27243
6318 13099
5734 20265
8781 24415
14886 16893
8515 9260
4221 21677
8770 10767
7144 27883
5763 21504
12333 23358
2381 21577
5886 14016
16490 17372
24182 24606
2527 10334
18718 24613
19784 23176
2133 13503
18945 25034
1789 7839
3487 16552
13508 24131
1851 24804
5989 6099
7910 20031
7185 16953
13844 24723
15771 23375
16168 16863
18999 21149
18694 19331
1527 2772
9742 27599
6517 16232
10644 22960
8785 21649
18541 23929
18867 28056
11495 12708
8098 8971
8879 16588
2778 16102
12654 27121
13423 22348
12508 20081
7572 16588
1438 25564
5845 25978
9120 9865
2708 9851
16046 17130
2270 2518
3741 8225
15720 20481
16835 23265
20397 25250
13807 18850
2144 21359
2276 21904
5793 22471
11251 17161
12423 20953
8219 27381
2657 6776
10885 16470
18824 25494
8620 17568
56 24242
4278 25007
1717 12368
2336 25949
1946 13038
5831 14736
10747 22397
8245 15011
18833 22598
20589 21647
9229 18033
12254 25109
1151 17404
14040 24245
8746 24979
2017 17735
485 3734
3678 24309
1590 12731
2813 4218
14976 27117
18085 24645
21366 23036
619 20160
1465 10048
18369 21353
2414 18169
140 9716
11746 20216
8085 15064
2110 3873
600 22049
11804 14564
3036 4646
4245 19040
3187 5949
5359 14531
9086 17481
971 3264
2565 23520
18190 27792
4364 17399
6591 17310
6515 22237
5669 8290
669 15190
6426 18626
23372 25564
7512 14445
1772 13168
5932 19139
5913 23585
6385 8168
5765 21654
10473 15610
8251 16575
1767 28190
7919 24095
16322 20532
1375 17520
9086 24434
8413 21086
12033 19560
4960 26047
14342 16623
5238 23947
12 26124
24903 25829
2348 3645
5445 19891
406 5288
654 18904
21436 28063
15749 18521
2375 11428
14233 24886
16301 22702
9904 21715
17456 26598
14886 24681
5665 10894
569 26986
18541 26077
10490 20491
2024 8248
14577 15290
13745 18993
16409 22209
8383 26402
21462 25760
516 13663
2330 5426
10765 20284
10712 13764
90 25559
9284 10247
11059 20704
5128 11115
13878 20980
19882 24929
5989 24127
15293 16671
15161 20922
8795 23566
1621 16656
10497 27988
288 18706
196 3296
4734 21790
14402 15275
407 24864
3140 12212
9292 11910
13763 17337
1085 11009
20885 27004
1188 5716
1885 12210
3900 17543
5984 6239
5984 15676
5383 13343
2386 12479
5263 14158
2480 5498
5574 8816
8575 25278
5669 7111
1056 13222
3059 13984
21798 25976
2894 15429
19638 19843
3801 21120
6815 9322
10541 22481
9454 27205
609 19004
1579 23433
6865 20538
17253 18400
2521 12792
11245 14212
3760 27523
9320 20817
799 1807
4417 28032
7033 22065
4890 5440
18461 26077
13756 19185
3128 5288
25610 26189
4629 18136
2221 15048
4226 6367
8640 21483
497 9424
5352 19533
8329 21156
10101 23074
11279 17592
10767 23338
5986 23608
1050 4187
6077 22231
8075 15829
10692 17187
13297 14835
2225 8598
6426 18206
10534 27197
11300 12272
11416 22161
24166 25557
9882 26729
12690 16276
10824 14196
16695 17054
16276 19326
21313 25856
24556 27253
1757 18553
7763 22117
17403 24636
16781 26510
11311 20367
16258 20046
11080 23932
9013 9717
7877 9185
6416 7390
14124 18641
19760 27374
10517 16527
2826 18374
24637 24789
11363 14307
5506 22222
14687 15124
10943 14402
3069 15282
20109 27441
21335 25927
12804 22215
15798 22389
805 4043
4216 20548
1118 27867
5219 27867
20032 24138
5387 18958
15482 26526
14541 19633
18826 21773
1 2039
3858 4245
18298 27690
4287 18824
9413 17739
1538 6972
9702 27453
10033 21000
11740 16008
2906 27920
18678 22234
22045 25017
6182 18910
14650 26157
12069 13515
799 23175
20274 26488
13557 19764
21481 27117
3435 17647
4143 20053
18106 18300
10061 10119
479 1350
1605 18025
5719 17787
2067 26743
933 12628
285 23970
6172 7996
9796 27129
15559 16054
17487 26851
12715 14223
2958 19140
9368 24005
1724 15323
21853 22349
3870 12776
5370 25221
12792 21139
10613 12388
11931 17241
1933 18258
24187 26931
3102 22188
1113 9419
5112 8889
626 24453
12323 23809
2373 19060
1117 1936
9528 23023
10652 24131
9738 10146
7390 8291
10740 18952
220 26358
15784 25115
9082 11718
7610 24098
4375 7536
12 8766
1936 13681
18384 19481
4643 14168
14555 25989
11456 27991
265 4646
251 26081
6962 25627
12927 20130
828 1188
14103 28193
11059 18110
10350 15202
15171 22008
10154 12051
3885 9404
974 22024
16726 24114
1181 16649
18389 22983
712 21180
22607 25790
2748 3944
12090 17742
8363 9264
19644 23829
4205 21692
13161 14795
16208 21447
5288 19780
10874 20197
23086 24061
2518 24846
10625 27662
16722 21000
2925 4649
7051 15437
4681 21881
1067 14439
21398 26986
17795 21954
3257 11294
4774 14820
9417 16429
3440 25521
10344 17219
11866 13059
5749 14433
17254 20462
7568 21789
12111 13272
23996 27061
604 9844
1902 25847
6232 16253
10961 24672
2435 9769
13180 18669
25564 27799
1975 9398
13599 19886
16037 23254
7076 26131
12083 25718
8742 25517
9869 23647
5978 15076
3484 18784
6450 11960
14783 26314
13373 18787
21074 24211
10427 19197
8909 9395
4063 12151
10273 20340
18119 19987
5528 27795
10800 11508
4117 5662
7216 15922
10428 20752
12559 25161
13285 27353
11299 16272
2631 14586
4753 24229
4026 5033
5588 22324
5004 26148
17364 23377
7915 11090
3581 15673
10652 15672
16553 26016
8964 15056
10061 26143
476 6241
15357 26640
813 4595
9946 17051
6697 12411
6557 17164
3482 13690
16785 18312
14498 15452
15505 27155
9316 24671
280 28044
15823 22286
1529 11747
13347 20170
5202 12919
3512 15639
20424 26322
13863 22827
9552 14427
11871 12842
4029 13890
17087 26838
14134 21747
254 15762
6748 22469
5795 25421
7915 16369
8657 11599
4221 8352
24934 26283
5681 23333
347 24879
2334 9350
488 5953
561 26689
1900 13115
17022 24229
2647 25099
6410 27016
13373 26374
9082 14959
24636 25538
4626 16246
8886 18764
1422 11562
5273 18644
5948 22769
20 11361
5588 21885
6106 27288
20263 25191
9552 16339
684 27832
2604 24504
4302 27926
3565 5709
11365 23036
12415 17723
1990 22780
10242 12708
481 22784
640 27247
4974 12463
643 26598
17214 20205
6641 20477
14477 16483
11527 25902
2336 10287
598 27032
6024 24019
222 5940
8255 22796
4232 22516
10846 20196
5079 8435
6994 26546
731 2130
14438 25247
16282 25750
3985 5665
15670 23193
6355 18363
4286 12696
11030 18304
396 23823
9909 26076
13553 27129
14155 24309
8223 21151
11820 14821
10372 15391
19819 26869
5930 7147
8472 10954
12277 16600
2431 11149
8915 13920
10023 21639
5288 17795
10951 27835
12598 22028
5244 22572
479 25673
8430 9194
465 22183
16939 17563
102 16665
23060 23284
8320 25110
12715 18463
21955 23415
8781 12818
23792 24122
9368 15847
5485 10296
6301 23399
9617 26083
10643 25708
4438 12207
5765 10725
16297 26194
4689 23946
3157 9198
22841 26958
5085 11233
7911 10967
8564 23578
3335 11895
19192 27079
396 10650
9067 12565
12979 13682
7188 10263
9387 10763
19872 27907
12580 27353
25063 26689
2787 15037
885 6538
18137 19025
24132 27204
7368 10577
912 24495
17944 27190
4522 8690
13751 26098
7822 28070
2992 22071
711 3700
4537 4798
10127 17782
5331 8190
15477 19712
8108 16968
5414 20313
3131 10643
11710 26851
5613 13673
17249 24211
14767 27927
16544 20340
6263 27573
12506 13182
341 7114
5034 17885
4039 20282
3944 7975
10747 22278
15792 21810
7015 14555
7297 25154
16190 22775
16533 18267
20893 23106
11953 16258
10124 23867
11725 23863
13014 13737
4189 15330
1228 4404
13459 22082
4498 23830
2177 18104
10069 12583
714 21420
10068 17507
17397 26497
6750 12511
14518 15940
1516 16490
16587 21473
15074 19348
15666 21079
20605 22946
7989 18601
1223 5978
5510 16039
1399 14753
1015 19576
8826 18712
11715 20558
689 24719
5839 17986
4522 27423
12139 21610
23626 23722
4492 25454
9339 13480
1642 15452
18176 20448
14853 14958
1141 12014
3169 17592
8807 24550
12428 18591
5071 21502
17186 20904
2286 18777
6878 27514
2788 26954
10487 23361
4162 24779
899 25857
12729 26677
7982 13970
9874 12372
6516 21883
4021 27042
14153 17022
1748 3002
1302 8424
20808 21831
598 13672
5275 22834
933 9154
8788 22236
5082 5890
2460 19347
13424 26737
1732 15906
10393 13180
13852 17479
11710 23143
10947 23459
6766 20230
23799 25653
18192 18354
4967 21815
10672 24915
17695 26670
7277 7508
1454 25833
14771 20046
6612 24410
13856 20621
10541 22676
15494 22426
19056 24939
5915 25414
14264 18911
14798 26322
15897 16061
3231 17564
9744 24425
1198 23469
8478 26743
11809 20594
5914 8899
21438 23277
21484 28140
10935 24148
9236 24095
16766 27142
21043 22509
4352 18178
21995 25109
8043 25199
16953 22688
70 2710
8886 21423
3481 11780
6730 26884
1456 1925
20236 23044
17289 18799
17718 26279
8494 11555
1775 11073
6107 10360
4029 25301
2436 21254
258 5368
5060 14335
6939 7724
5064 24476
3009 10871
11207 23997
1075 5397
388 23112
13191 16949
16183 22369
1609 6814
8376 27643
8098 16426
5151 18808
15534 20644
7741 21291
17501 17730
11553 22739
17369 24167
10506 25433
1508 16718
14965 21636
849 1251
4600 7012
5822 18984
11271 19590
8358 24180
7013 17763
6683 9396
22467 26661
5403 28119
5437 22163
7342 18266
17713 18029
474 669
3938 23473
129 8947
5584 6270
16702 23945
17190 17471
1445 24062
15426 27279
10360 18702
1887 8410
17834 26788
4003 6905
7927 16878
3512 13250
1213 2379
13307 13898
104 16687
13303 24037
18758 27095
4623 14253
3709 11209
10360 25945
1012 10757
11757 25768
5659 25064
10470 22353
6584 21228
4236 14021
12927 23526
20204 27843
16839 23573
11192 18798
4180 24326
3093 8669
972 27063
10641 18334
5749 9006
4484 16016
9403 23736
3239 7443
7392 25019
1026 1356
5749 23648
8051 22220
941 5852
109 25773
5485 5719
12833 16353
13967 16626
478 14475
25810 26896
11059 12095
6028 25200
6482 10071
671 11132
10512 15676
18963 20602
16778 24076
18449 24783
2872 8944
1196 9154
1605 8210
12140 19527
2867 15342
1108 17519
12415 15749
7536 19664
5049 23007
7482 9063
10636 27510
7397 18876
6201 12750
18547 19189
9747 18665
873 23388
7652 8264
12346 20701
20393 21853
2615 9358
2602 15110
1128 19080
15985 25574
3287 21673
6702 14437
17735 18591
9055 26728
9055 25468
8140 14858
11011 20494
24249 24836
9396 22577
9490 21776
3541 3711
19189 27536
1604 7227
1406 12573
9563 14010
6464 9717
11080 25190
21231 27831
12257 18679
21842 27307
7375 18636
2482 10584
4640 10755
4146 25490
16600 22897
2386 25167
9827 23563
9194 12356
20502 22144
16363 23180
4201 10126
7000 21733
19536 21353
7975 13202
8441 22080
6760 11878
1180 24904
3080 13772
12426 25754
5274 16619
4581 23972
17 871
1103 17089
1164 22894
4633 6725
22855 25629
16588 16790
9152 10659
8985 17285
15376 17214
2336 13313
14942 24562
6458 8064
17355 23771
9583 15614
27489 28159
4671 12065
3544 3944
18464 26164
20230 22273
911 17902
5681 6107
6972 21766
16656 25564
2368 18455
8118 22581
21242 26740
10258 13456
187 16639
1720 9215
406 9605
11142 16567
9518 13999
4166 16360
8596 28177
8818 24131
1475 3675
4386 21374
2104 5412
17214 20424
5007 10200
1775 12211
3539 16558
3121 21409
1860 12487
1609 19033
2981 4490
6606 15613
16373 23791
15161 27886
6656 22421
3127 5810
13699 17457
9552 25221
22095 22497
10967 17961
9020 9263
4394 12523
3885 6657
16192 27042
11518 17747
580 16905
21094 24104
1640 22479
3714 8937
10152 24221
4967 17167
7948 22814
14838 17749
3846 11744
17941 20286
8812 21109
4328 12023
319 18001
446 26293
17469 21038
10937 27681
13998 16905
8319 19992
3338 9150
6611 8147
13092 23079
9617 10839
5923 28044
9629 17028
4892 18610
4824 8565
14920 23196
4646 15180
260 1574
11535 21123
11551 13118
867 20313
2324 27904
812 3037
4216 5260
8515 27084
711 11113
8967 15744
20996 24922
14724 22149
3927 10689
14229 18529
2460 10279
813 21366
4600 18533
1712 14253
16210 17070
16457 20174
5213 12141
1864 18541
1761 9454
4367 21146
10170 17842
1014 25364
15610 27243
17727 18211
17176 26077
4342 23405
3711 14343
6327 18713
3859 20258
967 7205
18191 21589
1762 14251
20616 24847
18217 24950
5110 18314
4617 6896
11094 26476
713 7169
8370 26838
20429 26331
1761 21115
10306 20954
11790 15176
22273 26908
19933 28208
4218 22837
7913 20251
11809 19992
899 22107
22296 22841
19136 23694
12383 15366
16901 20205
3587 3856
25813 27050
5016 26608
2677 6627
3019 25957
6148 14106
6077 9896
14854 24322
1322 21512
3366 12194
8003 23550
3484 12086
2709 23456
9441 28055
12872 27795
15551 17767
24872 27429
10570 17186
5728 6422
3940 26549
12525 27559
8705 12252
1435 27633
10452 19053
2372 5832
13941 16390
14390 16136
6017 13578
4709 8075
1421 25309
19576 19959
6009 13208
21026 26764
3850 21077
2340 25177
3564 13037
22096 24019
3113 24104
1609 21612
764 16944
7758 9590
6008 6703
1740 27189
11349 20420
7988 11978
22787 24005
3806 22204
18003 21991
2837 13961
12338 23265
9716 11975
2230 20630
5916 27529
3457 23420
13227 22476
8784 21855
1335 15072
4110 24591
7935 25810
8080 22763
8801 25336
15643 25822
10483 24357
27100 28088
15705 19704
2003 9689
9704 15511
23619 23822
650 4167
6531 6641
6827 17102
2370 9731
2955 24290
1460 8836
7595 12257
6894 22682
545 26451
13289 16635
15804 26214
2172 20271
106 14019
4076 18659
7471 27128
19662 25986
5018 23020
7114 13091
10675 17892
5949 14731
1066 2526
1609 7505
18099 23553
17017 25979
3179 3694
12405 14912
5454 19843
3608 8416
12119 20752
18421 18608
589 12112
8821 21827
19830 28040
11747 28029
17597 21499
8280 26232
6454 18001
3946 14969
15609 26409
3186 14977
11919 21436
24637 25991
12182 20087
8860 21491
16582 19566
8730 25045
3350 23619
13422 27958
17335 22687
8863 22418
4960 15247
11465 14922
2150 3709
4918 15047
1896 15233
2668 2977
3763 7987
17836 18823
7379 22708
7298 19316
1234 10889
15543 21788
5893 15666
18692 28165
20009 25164
13222 27042
16288 17310
18708 20586
16960 18826
1659 24254
18850 27248
6380 8586
16333 26442
836 20250
344 27118
6288 12006
1198 23412
8875 17403
4424 13422
2865 24032
26598 27274
16829 23591
9575 24056
950 27398
21688 26264
27974 27976
2748 8285
6478 25888
12423 26283
1726 12759
11449 12160
3265 14920
12228 19982
229 5961
14145 25564
6738 27562
10951 12988
6865 17055
7056 16865
23788 27170
765 2518
14386 25117
6595 11444
11311 24608
4291 25658
5288 27042
6692 22799
3081 18238
8397 22605
13648 21010
32 14828
5377 24238
10953 15037
17426 18700
3338 14330
7952 11785
1851 7861
9614 24527
12152 25225
10413 10699
14718 24678
10641 11804
13225 22230
2497 24627
3592 19013
17484 20570
9159 9590
22698 24485
10542 18976
688 16007
16362 18434
13111 14308
4519 27986
20410 21131
3598 7273
10767 21649
8028 24970
21766 21849
13935 28185
5950 17681
7905 26791
3780 22012
7616 18209
1708 15660
4115 12123
5620 8438
561 17792
7355 21327
12924 22768
1785 24979
4272 18621
1197 24740
11331 20363
14705 22557
176 1998
825 17304
9746 17656
15983 17211
1335 25822
6308 6393
8818 10935
13185 22441
1600 27660
5743 7643
11975 27795
11746 12886
10313 11390
24324 24470
17597 25294
1306 7975
11980 14872
9252 11296
2602 3599
7621 24395
3475 20400
9791 17753
9751 25875
5756 9465
1546 19241
17756 19638
770 4606
4784 21919
19417 23265
4434 19744
12974 26574
2892 28086
5326 10639
21438 26340
2150 3065
1511 12532
17 27780
936 18461
4609 23137
9408 25759
4280 25072
949 8905
2596 21155
12361 18435
10792 13329
11292 15360
21491 26229
8205 11224
1465 27497
9717 22733
3328 24888
20627 28145
3881 11576
21835 22766
23 3186
2686 8108
11763 16282
4658 24608
5609 14609
11541 20055
6832 13736
9315 15920
18043 26858
6115 17329
2526 7750
22042 27541
14276 21326
1953 16438
18137 18252
7976 26021
21829 26598
8440 27730
17370 25397
7959 24169
13091 13143
11692 14853
6779 8396
5691 24266
5344 26110
7915 26300
4316 6349
4035 19475
26157 27204
18462 20442
3349 26409
7461 24577
12792 13111
6572 15288
17428 25559
21808 22137
2526 13344
12437 21690
2369 4049
19294 21687
1122 9575
754 22543
6437 24843
18823 21925
12341 20503
22624 25241
26626 28077
13129 22186
3544 7473
8235 16636
16749 22617
1358 23978
7047 22593
16373 20836
10242 13482
6296 9228
14926 22860
5117 18541
18910 18979
17446 20162
5132 21372
12835 16180
2130 12051
416 5274
6803 24829
9479 16442
11621 17684
8739 9260
14555 26702
20483 24326
7871 11069
13472 16582
6086 9223
10086 12260
5147 23995
12228 15916
11192 13129
15782 26303
8060 18347
3337 8039
11401 21197
13864 24087
5102 27222
6305 8493
3237 6524
16025 24240
426 25560
7324 11819
13915 15926
12939 13628
10818 23264
9717 11919
4836 12288
17115 25960
7247 17152
2959 10495
6499 22539
14010 19028
14971 19004
19536 21371
23830 26184
10582 24566
3326 22288
2737 7400
2520 6842
681 27121
17140 20717
8209 11076
3354 28116
2619 5031
4274 27085
9724 28158
6356 27121
7273 11988
3257 12204
12589 21638
459 23048
18253 18457
193 17232
4730 10677
1429 26469
8593 11899
18195 27102
341 23455
4828 18521
3167 21407
6825 24407
26571 27096
17377 23260
7031 22190
344 11009
3445 27863
10056 13142
8869 13978
12385 27285
13373 16401
17956 25097
9231 15325
2757 6355
10680 23422
124 3852
6919 15716
12257 13368
9787 11448
2878 9470
2311 7896
10369 25525
7021 18787
2917 5786
8930 18837
10441 22340
6231 7846
7888 14604
21712 22031
2874 24869
18027 26103
1879 4312
1727 3039
3000 11452
25732 25976
10337 11111
3587 25275
19368 24549
1725 23194
6752 11246
1030 16589
614 16330
361 24240
15401 21371
2021 4470
4849 23590
5777 24931
25247 26926
1050 11088
5104 28104
838 14744
424 7956
626 27567
5089 9874
10324 16956
2124 2368
14174 25062
12939 18138
9523 20822
7595 26413
10910 18132
544 3882
9368 14433
3734 7477
14359 24659
14 13556
1151 5710
23937 25825
3856 16284
9901 24939
9751 9884
12257 17787
4132 26419
20162 22379
12830 23098
14677 17965
7920 15785
13699 27508
14912 21766
12775 19587
6220 23334
1020 1456
4670 15452
847 6724
2496 11017
13875 24882
10301 15626
360 20657
16276 23326
10893 27207
4199 16527
2807 7075
6015 8773
13853 22973
1738 2368
2167 3364
1837 20929
21846 23926
15072 26940
14792 26584
6265 7749
1556 10050
5290 19023
7411 20615
4971 21697
9150 23318
1677 16829
16668 23094
6498 14457
8434 15878
9680 20267
5665 18044
8020 13233
1507 22448
11610 27664
912 20314
1851 18107
21506 27886
1361 17018
12865 20737
11738 13083
1 2514
8956 26010
3946 24862
11207 22184
9212 13186
16135 21735
5104 9265
18113 19116
820 11901
10307 19423
4353 7816
12299 16272
23254 23679
7108 25043
280 10687
5504 11235
5211 5534
4789 7768
8368 23269
3500 7041
262 14120
3452 7084
8480 13460
3762 25534
15883 20200
7358 22186
16426 23133
4482 22652
5832 7889
2099 23004
19384 22836
12231 26232
584 9065
23377 27273
660 17805
872 3648
1925 21772
2132 22578
7903 20633
1287 6231
4776 21268
6239 7987
6560 21885
17695 26189
19154 25414
4599 19644
16404 22897
2296 27096
11124 13844
11636 20196
5387 27567
2111 26192
22 25689
6209 25064
10321 15459
495 20891
49 14731
17742 26743
1840 24918
20092 24637
19711 26702
10179 10794
15670 22396
25315 27696
21397 21968
10837 11295
1349 8893
7689 8824
11594 19899
11340 15900
20667 26686
4444 13433
2185 25468
15190 21242
7469 23769
12147 19891
1127 13911
1424 22915
18410 28082
2920 18476
4913 24450
25513 27418
1538 17354
6454 9651
1519 5691
4102 12164
8130 14753
19598 23409
10050 13682
16884 27316
6190 10682
2714 11030
183 22392
5996 14355
21963 24422
2396 13134
2614 9127
24068 28258
11294 13721
10948 21987
9174 24363
3364 4374
2334 3293
11033 27011
10704 17657
22227 24793
12076 20308
4325 25563
10156 22611
20109 24828
11797 21226
7443 18056
14893 18374
5112 10023
8428 10309
3344 14361
15150 25232
2258 21904
19910 26672
8990 21219
8188 24009
3782 9222
7835 11369
10971 16542
25543 28008
13821 24864
23134 26777
8990 17530
2001 9179
13885 22420
18015 26264
5667 16439
8757 9575
15660 21807
24836 24880
3617 5843
7107 28119
1801 5989
18997 27918
2474 14879
1925 17582
9528 17438
2815 5744
11848 24997
9992 14530
5672 19033
28100 28128
8536 11344
2086 6079
16991 21912
1162 14478
16625 26786
11992 20862
2396 21548
3622 5196
10972 12261
812 1589
1556 16979
9693 17121
7980 9260
544 12012
1001 3841
9572 24104
16582 17727
4035 9073
7176 15377
2157 8151
7354 25998
4377 5229
21717 28082
1142 16679
1813 8946
27082 27456
7551 13271
140 25287
8441 16288
3253 7341
9942 19918
1112 23016
12577 24125
14771 23225
3337 8478
2679 17831
9940 21766
7670 12576
14706 20714
19189 28190
16002 26081
12792 16704
8126 27127
8669 19358
9614 17707
8967 9430
7555 16849
3882 17782
6848 8495
23034 25397
9008 13440
21798 24290
4648 17593
4579 19089
11368 21086
609 20682
107 8525
23628 28211
2980 9087
6322 21433
7737 11171
2279 25139
1000 23194
15437 21061
26547 28049
8385 28013
1817 18599
5174 21163
17769 18358
2277 25743
202 9907
2688 7923
7154 24968
5327 26312
11806 16022
2282 27726
3060 22369
1950 16887
5019 19138
4712 7847
8776 16196
24351 28157
17599 26077
4893 13139
4333 21222
18583 25161
2172 5291
17527 24680
8959 20052
4072 12107
5332 21053
25711 26737
5716 27758
14013 25329
10075 14642
10189 27306
2124 9005
7144 8285
13307 20429
13601 26893
12552 19180
6260 6377
2128 20951
12816 19309
218 25076
27706 28039
7248 11416
23719 23954
19900 23845
2518 27790
5984 25140
4218 5816
14770 18798
13830 18665
6854 7717
1870 20723
5181 24147
10878 17513
19744 24224
12363 21409
8046 14393
16304 17462
2303 19140
10717 14851
18381 23547
14215 25409
3828 7468
17013 22987
4216 16612
5797 14941
4219 7571
2105 15393
1053 14175
5081 6601
15055 22723
15793 21262
3762 8801
18817 27611
5766 17836
10997 25292
1878 2878
24720 27222
19020 26752
9319 10786
817 15292
7011 17630
8230 24299
6896 21004
3624 15584
4326 25977
13804 27336
5327 22471
7702 22947
4140 21609
2740 18938
21063 25093
3000 18001
3383 26060
11839 13661
12737 27300
4715 7483
2874 9782
24398 27184
10309 15092
14474 24503
4367 15335
3357 9252
2448 22227
11876 27085
3141 21296
7 5961
10248 16329
1502 14481
5957 8647
23016 23721
6891 21476
20969 26574
12810 15173
2243 8057
9174 17233
21463 24829
989 8972
7584 7982
23237 24029
16326 28238
11540 15571
5775 17239
5787 18724
4477 10091
7472 7502
17193 23431
7413 23657
11781 14155
18690 27684
5584 12913
3285 14758
683 5984
19033 25306
15722 16893
8398 21826
2657 7439
19853 26413
2003 8042
9524 10674
7923 13965
7645 24554
1178 11562
19288 27165
17407 23929
1327 13387
1251 18093
12982 14461
8151 20162
4181 20550
18471 22829
21172 24914
12708 28199
18475 21864
2121 16010
16152 19431
4685 27635
8653 13086
3049 13727
8291 21513
2521 21111
15493 19829
3057 6049
4316 18811
8165 23749
26365 27482
9737 24037
25109 26669
15619 24753
7599 23377
3146 11740
19714 22564
3568 18138
5989 20081
9587 20695
495 12472
4198 27032
2162 15572
638 2240
9502 23738
25525 26148
12244 28211
3265 4422
18050 25083
16152 19214
7919 19109
24426 25509
67 693
1246 7471
20046 21685
805 15572
8507 9951
12228 12506
12496 18359
2521 9631
13091 26068
10208 12097
16767 27307
1878 21097
13428 14342
15897 17286
16227 27700
10444 15943
2648 7728
1043 25962
3967 19759
5166 25433
5708 5875
6707 26594
6370 6692
481 18394
12875 24439
4672 19811
1970 8852
10490 26083
20586 25165
2669 26603
1197 10335
18878 25757
5181 9884
3456 11916
17404 21898
501 16610
11880 14129
13786 23665
15351 21735
8161 13989
2191 16234
18095 25910
5763 6705
6426 27042
728 12183
2202 11647
18417 28231
10052 25084
14901 16452
11344 24783
11354 15377
609 1766
11696 24274
10745 15251
867 12576
16835 17865
3654 7926
3694 3810
6342 20448
19354 27831
1358 25532
2269 26179
19564 20846
12984 13011
657 7497
1713 3609
10791 16766
12653 18128
2105 10027
8923 19289
7909 18344
9526 18993
14155 22103
3073 27110
8156 9524
16080 27013
5978 17194
2556 9784
12214 12612
7988 23666
2813 15120
180 23857
23143 26665
1867 6587
5510 19140
21079 23978
18377 22038
19601 27499
10026 11530
593 24954
6091 10111
1761 5802
4822 28211
5712 23296
8852 27013
7881 12119
911 17355
11193 12368
1882 18684
3414 16682
18265 21526
5731 8992
19123 22042
1271 20794
4967 23721
5084 25273
21473 28055
3780 10653
8818 15672
3810 5306
15108 24059
5315 19361
5754 10953
2210 6103
3287 9873
6771 17979
1697 13101
2096 15376
9950 15843
9536 9867
9858 15768
2764 10447
896 18690
16346 21996
5584 28217
6292 18272
13044 20064
17022 23907
1848 10152
16199 19598
8605 10057
20806 27226
12312 23571
2104 15561
1005 17700
12314 23928
688 25589
16033 25774
7152 27795
5899 14163
2148 17347
11368 24589
22587 25057
3789 9294
8001 16543
21987 23771
12167 17108
6894 16641
1505 18444
8990 25771
13253 18770
10197 28245
2567 5786
457 7473
4246 19315
10230 24062
3065 13562
13736 17742
2189 3961
12322 18015
1169 10009
16025 22230
3182 4992
1082 15464
3997 14798
11490 19801
188 5214
12121 21228
10305 24836
151 19313
3410 25966
14753 17984
2856 5226
22416 23708
415 22205
17203 19445
16979 27967
3674 26061
2029 12066
15559 22212
8478 21798
6738 24783
11150 22865
13832 26347
17302 23333
4870 22365
4954 5084
3726 20427
17263 23983
4424 14941
4623 19932
6007 21473
7610 18386
3881 12927
21719 24509
16815 18044
23433 25986
17097 25856
2679 13306
1767 14683
5110 6913
22830 25253
216 9710
14648 23338
2882 8246
12516 21890
4101 5262
10737 22253
5035 7491
13623 23557
3172 18708
1002 9614
3488 22012
711 18891
4072 7962
834 2723
3598 3674
10280 15852
14851 15529
320 17142
3210 27032
6800 11725
14489 17757
14895 23665
5579 22340
3329 22171
16726 19496
8921 18361
11803 23711
274 24586
22473 24681
425 8116
1777 9416
11830 26677
11309 16238
3545 6446
7213 13349
20311 22299
3734 19729
21363 24997
10495 23696
15052 27142
1251 15090
10239 26008
1466 3122
9488 23361
20195 22096
7478 12356
6745 14153
12254 17726
13984 20258
3141 28211
13385 19192
24326 25913
10614 21116
16748 17637
7836 24005
3206 7463
7512 20008
5371 25154
18051 19403
7512 10952
6246 8770
2004 4851
12994 21101
5089 7216
7101 14123
17474 26052
24921 28198
8291 25270
7626 24240
6299 22832
711 21735
16202 17999
6220 24109
9632 17512
5990 20158
2212 26400
3141 7827
4973 14335
21473 21753
5181 17700
2803 24005
967 10484
18521 22476
5599 9301
13493 24659
19566 22326
2705 3282
7413 15567
1180 2344
406 24069
3401 17509
11011 21165
16991 20378
25810 27932
1925 5121
5431 8096
9367 21724
16640 27927
3152 20778
2087 11080
1410 24539
22607 23719
3121 14920
7601 9066
17093 23304
24152 26755
14254 16584
1 28238
8996 20861
3807 24254
1579 23200
9281 13598
3674 12302
12930 27093
3268 5425
16686 23389
18336 21226
12660 26590
8364 17593
65 8312
8499 26063
2576 4602
1181 21240
7490 26733
12708 18775
6005 25992
15679 26545
4729 22928
5725 6518
14136 26711
6264 18541
26028 26192
43 19650
3780 17568
6086 14400
2349 23579
5472 8875
13211 18412
10845 13649
17847 19712
3810 17523
15014 16706
12369 18793
12843 14961
23459 26583
309 15064
14099 25306
8522 17054
4414 22988
17094 22799
588 21431
3997 22835
2112 23201
1101 10189
20655 26865
17013 26776
2596 5669
2447 3257
5084 10935
11576 22095
9343 13208
26515 27630
1180 25299
722 12111
17176 17668
12836 19550
525 17914
17482 23143
23267 27156
5506 11614
583 2148
3386 9767
18808 20099
22040 27821
21018 28154
16290 17471
16433 17331
6363 18618
6966 17157
5150 9572
7176 10935
10980 23340
7758 9356
18911 20291
8134 26902
6454 11746
8191 13407
512 4551
9066 14607
8478 20491
19081 20355
17115 22226
6177 26687
4395 6978
305 26203
20158 25933
643 23954
15911 16439
1483 12065
1507 14851
3275 19819
3613 7530
4142 11486
11250 19806
15611 23041
1920 6128
8786 24841
9136 15727
9793 16668
6903 17927
2872 25279
3530 16966
13484 14999
904 15645
1072 22224
2750 16429
10635 14024
3635 20232
11789 17921
4641 20791
806 16838
10200 18720
6127 7379
4003 9629
2729 10154
4042 24557
5602 23189
10405 21633
5854 20448
7236 16960
3162 22835
2195 14499
13328 25311
9226 16629
10029 19960
17977 25945
8167 10498
17723 24209
5238 23756
8151 8923
893 17543
3498 27680
17191 23272
3753 12754
9835 10639
16224 17442
1656 8174
15531 17067
22971 27385
2035 5232
359 568
6668 22028
2320 8376
12062 16793
10698 26558
183 26267
5476 26200
8177 14389
23648 25107
3345 27068
11444 17398
2635 10393
8738 16503
2560 28041
10767 20384
5252 24122
8775 10041
8108 27766
6248 19964
4041 11285
17259 20077
7763 17118
70 27998
2117 26500
1658 8507
9691 26339
21654 24472
4248 14696
22879 24015
13420 23366
19732 25472
428 5986
2053 23809
4336 14116
4853 26469
8465 11711
14641 27817
10494 11682
13450 27198
4129 10669
4605 19442
1201 10344
828 15236
6164 10326
303 17664
4782 9341
7362 26061
15031 26177
17288 19071
17259 19826
281 14055
21619 24679
18280 26313
21566 21592
4244 18373
2586 24219
2028 25203
4959 6453
3287 10764
6950 18119
18668 26053
24187 26531
12952 13367
313 27221
15011 26417
17198 17455
18434 22634
23298 24403
12162 27321
2547 10559
2213 14988
12768 16720
344 19779
21356 26695
4339 5466
8828 13568
7707 13235
1117 5354
4924 14817
1321 17987
14853 20234
9368 9616
1515 2677
27129 27751
24354 25343
10048 26168
5691 18496
24229 28190
16725 28020
3841 20219
14838 17687
7390 22237
2094 8392
16276 24774
24371 25669
11932 16793
11552 26590
13091 26507
3779 5332
123 9701
17297 22835
11347 16767
9616 26613
18541 27913
17757 26775
1956 19598
18600 21438
5502 27867
2831 4612
23274 24094
3059 13232
9334 10626
948 14306
9638 28074
2727 10269
2460 6946
2209 6800
1963 13989
4321 22696
6299 20493
10952 19448
21153 26591
15284 22591
7505 14144
14942 25081
14138 26831
9330 25999
18175 26718
4260 5248
1254 10173
16631 22083
8075 14991
10321 15912
16276 18411
14517 21712
6788 12590
523 6349
22784 22829
6962 16328
19601 27822
13796 14887
1424 16641
19522 24965
5818 6968
23060 25922
1970 26984
6459 12030
21714 28150
10953 27451
8167 16823
7992 18579
14862 23502
3285 6990
1142 14479
14451 22790
15997 26364
3598 11634
7600 27024
13913 18277
810 27625
4090 17882
13465 14549
13380 17098
967 8035
9215 15561
1343 11272
8368 14771
2107 6182
9117 11199
17906 22020
4806 24069
2760 19467
8411 9158
5989 26498
9482 13398
10747 16957
7073 25299
6298 11552
10280 25634
690 3844
11167 15178
443 8898
1349 24040
2046 15858
16289 16386
14427 21202
13535 24028
426 25555
17493 23143
990 8159
11335 16955
1719 27371
7877 25564
19819 22416
991 9847
13972 27643
7677 21341
2132 13779
9468 19497
16933 18891
15397 19249
6785 7179
2927 21589
11867 15188
4039 27587
4216 12306
16088 21991
23628 26834
16701 17129
2708 6737
3383 18651
2133 10688
8469 11718
3801 10540
4232 23726
495 23345
21725 26573
4745 25068
13046 14546
7791 12512
4735 20629
2545 10780
2006 2128
13093 22481
6438 6624
2002 2748
2924 18963
10971 26077
8144 21240
22382 24438
749 1138
4009 18400
15375 25341
3653 24965
3970 15996
5626 28116
6898 13002
17056 25735
5436 22537
1574 13105
10309 17779
19760 22216
25351 27162
599 22469
825 10323
6639 16036
17251 24049
25795 26695
6882 12082
3354 5288
16602 28147
18861 23686
10629 19467
3257 5082
12296 22735
16367 23807
3167 3796
7448 21198
8145 10837
13343 22130
6073 14480
17573 22112
8059 11537
2944 26977
12437 24591
15108 17819
2381 13253
8575 20230
12110 19847
2954 6940
12082 14700
1674 27833
13480 19029
5175 5832
6398 23873
14044 14950
7990 18187
4676 20991
6794 14740
2181 25399
10062 11147
1349 3821
23101 25732
11627 13383
582 6573
6177 18018
1477 17810
2767 9720
8954 18704
2180 16398
15829 17445
6940 22340
20472 22323
13530 19631
8214 12382
10023 18167
23106 26978
25015 27638
8338 16154
1223 10279
2685 25655
14033 16250
1142 7158
7798 14466
833 3406
16855 19601
2912 21180
639 7545
3000 11342
13991 22278
7835 18708
11179 13016
11859 19169
24122 27309
2894 10583
10333 20862
393 7725
10451 23267
7467 22004
12606 27221
12145 13806
17077 28272
4218 12225
7254 7978
22440 25066
10067 25907
5383 11121
8145 26518
7592 9260
3192 3882
4416 14777
2740 13224
9214 21725
6446 24739
6381 23665
1697 14301
9356 27426
3047 11868
1762 14585
4952 18679
3648 24200
10185 25727
6848 6977
1213 13453
10787 24238
3027 25513
14433 27698
9782 19329
5722 5894
4162 5827
15370 26380
3137 7543
15369 27722
2386 4886
16333 23340
2061 5511
7471 21706
8056 9296
9205 19943
6305 23748
12228 26172
14666 20765
6584 22042
5879 17344
1106 26201
21146 21201
11065 17176
5850 23875
8148 15916
2883 27506
130 22729
2431 23678
10598 17146
3455 7571
10479 12221
3635 26871
3488 21079
8527 24357
19075 23372
16788 28238
12735 22106
688 5467
9730 11587
11351 21547
737 5978
11646 25685
2980 5082
17828 20249
9162 12947
15348 27984
4287 13319
12647 28080
16870 27300
6728 27447
23143 24904
25053 27445
7741 26752
18358 23420
1239 13168
9907 19558
19927 27085
10114 14559
5984 7011
25259 28252
2635 19548
16091 21710
5 22487
5597 8953
4295 11682
11395 21053
21692 25959
5560 18595
2657 5742
10800 18626
4010 23767
8086 17097
17176 27380
7050 24379
12417 21693
10839 14728
18564 22025
10755 15815
2743 8872
1404 27514
7477 10652
9232 10206
6760 12994
21673 27243
18370 24247
2295 15840
5003 26055
4039 17281
439 9456
10888 23396
11484 25813
18015 21650
3357 4061
4947 18450
3882 25662
23439 26820
18775 27314
8756 27453
7814 18758
15059 26458
9526 17923
922 22455
11100 16452
12304 16442
865 10876
2488 24829
344 18557
2150 9153
1779 18892
13489 14244
3103 10290
13408 22690
20279 23267
3390 15108
3198 16683
15179 15612
9192 22178
4043 6830
3781 9406
16080 27990
14033 19537
1035 27701
16825 20659
9944 25853
1030 6246
5738 17102
6972 13367
7308 11174
3265 9807
10608 18013
9569 20092
13980 15216
5707 24398
1767 26204
9536 19484
8819 9902
867 9672
5896 23317
1754 27125
5466 13422
620 6940
20027 20468
3799 9491
4024 27296
11937 19723
17089 22032
3006 4849
374 14801
18824 27497
3244 24884
17996 20127
22535 24490
13764 17100
10598 14969
5082 5711
17737 23750
7600 17787
2414 6301
8899 21203
7914 17983
8523 24820
16884 20324
8797 21057
5054 27833
4338 18059
11916 15986
6176 18136
22379 25847
6871 25321
11142 12805
15531 23911
13602 18604
15985 26061
2063 27514
211 7005
11444 25881
14696 20661
3889 15920
11515 15710
21324 25630
16847 25781
15961 23558
9062 24952
7927 15910
20862 23521
14189 22161
6930 25118
7004 13191
6259 9282
14123 26721
10792 24061
15306 21545
8025 21102
11164 22339
5655 7332
24068 26834
6697 23599
3357 7471
3528 3845
18132 24723
13354 24171
23208 25981
6019 26086
14051 16152
21987 22464
604 14161
6576 26549
3002 6338
6046 24168
10254 24974
2313 3348
23 28194
4646 23932
17718 23772
12826 13900
6539 13110
14160 26888
27676 27763
8970 15376
2756 2981
16552 27178
2880 3733
8830 18659
3987 12512
6957 25937
677 11951
566 18521
11443 18959
6517 17838
21123 25636
13625 23075
15990 24510
15470 25286
13278 24616
1213 2122
9377 24069
11809 24028
18658 22685
5702 19480
3826 9136
7451 26158
7075 10119
5691 17880
3872 7775
26266 27579
5614 11701
5725 23015
5584 20233
6516 26758
4234 6725
15997 18990
13206 27250
3025 20689
17146 19424
15074 16378
7260 24240
19056 19647
7686 18362
215 16501
5691 23984
13211 16328
7375 18400
18841 21968
25184 27531
14672 24888
23988 26213
2373 6220
3517 18154
10935 24637
2172 20565
14920 25830
10023 10533
4949 23104
220 13036
5576 13091
106 3411
1767 26217
1879 19813
4600 6971
1767 8110
12171 26929
22193 26278
21029 21278
2848 16230
14829 17202
10767 26167
17191 21646
5297 23731
11186 22226
17916 21737
3910 6769
7403 8217
13515 18039
12714 13483
19396 24121
11133 16754
20092 26975
3073 15268
5965 7826
7162 22889
396 13494
19104 22479
22267 22444
8237 20120
8263 27932
22931 26418
7552 9156
4860 23768
5309 24061
967 1358
18020 20639
13637 14172
8720 27508
8945 25464
8212 11011
20579 23921
19372 24998
1173 10653
14954 17509
1196 13271
18947 27259
10532 12506
102 17070
24280 25550
21079 28194
3174 24836
3439 25796
5996 28013
8039 27608
8971 21462
2668 27168
9709 13428
1077 5751
11708 16411
2582 11823
1767 16640
16055 25788
10008 27560
1622 8196
1350 24436
2245 26439
1069 2087
6061 6638
8182 22996
1490 1720
2787 18702
15446 24104
7635 16292
17027 25779
9702 25309
14880 20676
588 20205
5653 10952
27123 27905
20387 21149
9086 20205
505 24205
22515 22575
7854 18387
6595 11989
2929 25547
4645 12139
18369 19014
3333 3587
1820 4821
13853 27562
17816 25259
14596 26573
2039 13328
3804 18241
18091 18759
8741 11658
8872 15661
11042 25270
15749 18911
11809 13328
18358 27906
9867 22418
4352 25641
8924 22418
4581 25306
19242 21849
21671 27679
999 22634
5989 23521
6495 10209
7100 25962
561 2280
8860 22032
4381 5448
22012 27932
7965 11720
369 24510
26209 26345
11347 19509
4299 19765
3969 15173
15673 22545
4175 7975
2748 13282
8826 25972
8145 25290
7188 22799
2151 13978
1761 21763
17443 21400
8566 10833
2022 25357
8972 12649
1556 25482
19206 21482
7561 25562
3024 3707
4366 14856
485 6269
9382 13174
27010 27648
4497 24571
805 11292
745 4603
23684 28065
8596 14258
11982 24819
4481 9362
9260 21269
23295 25283
223 12377
4422 10767
3746 18704
1030 27851
4456 19068
18265 23929
13418 15055
4471 5499
17501 25357
11250 13736
21919 22080
12346 27758
3618 28172
3526 11142
4606 17166
23083 25698
12260 27180
12459 24965
8824 11640
9623 17495
884 13328
416 14807
16052 19199
11936 24921
18211 20092
418 12079
16639 18427
15978 19424
8166 21438
6862 23174
2491 18938
3580 26358
841 23141
12228 19133
22020 23461
10638 15321
3734 11754
851 10845
6999 14418
8310 10767
2894 19868
4610 17963
3088 6896
25828 26296
5267 15591
20144 27661
1142 14771
1516 23920
6852 13325
11884 19337
3139 3206
2353 6754
9402 14408
6771 23348
3940 9268
12040 21292
1579 25732
9948 16950
2336 21024
23882 23933
2002 16311
18631 23134
2163 16995
6103 18883
6031 11529
20037 24087
7601 23441
4289 7150
15410 18993
10473 16396
6280 17036
6161 21679
10701 24917
5571 10369
861 4244
6301 24861
2861 19149
1197 27583
10294 25754
14532 16750
1878 21649
14635 18883
5071 13274
1925 25902
6342 19721
16627 17530
4507 18009
22462 27763
7472 13700
2479 26087
2269 4135
605 16480
19068 24594
11790 26635
23465 24350
16833 23011
3063 24288
5698 10618
9670 28195
17471 18490
1794 12839
7290 14280
8931 14418
6440 7842
9920 17842
7670 16851
1830 23472
7115 23617
4037 7135
19153 21793
3864 8801
6067 15843
9378 22312
22215 23219
1878 26649
6092 26353
12947 24970
4274 17819
1181 19043
4175 24738
3944 16180
498 21589
11252 13780
18497 23142
2907 25062
4583 17186
15496 26695
22160 26096
5042 23392
3985 25005
2191 9716
4216 27122
848 2636
16026 22711
21467 26302
8587 17971
20502 24325
7382 10821
15256 23722
12281 20189
7803 17058
23525 25494
7971 26623
21036 27079
1358 15528
12616 13099
3275 12945
14448 18679
15735 22603
6518 7835
4061 25855
14767 18708
6886 24478
5456 16223
11985 19403
13811 16846
12506 19982
9730 13910
4405 25280
7015 10023
1275 20681
5338 11199
7956 17422
14911 22611
7944 27743
867 2588
5071 14421
193 23083
4914 8499
1871 18369
4336 23719
3341 13721
10457 16353
2413 9127
1412 27129
16994 25614
18366 23811
12452 17193
10388 14831
4581 14010
6198 25270
15505 26476
11080 13561
3059 20162
5680 24612
650 21159
4329 5507
4922 26907
3918 8587
17640 23208
11327 14232
20789 22927
1795 10285
2214 13906
1266 6285
9502 23705
17201 22041
9782 15508
11657 16867
1864 24955
6260 20895
6126 14657
10900 12428
7979 8112
9616 20099
15346 21665
1795 23365
16311 25564
584 25960
9589 16597
786 17586
14469 23896
6498 19411
11141 24098
5510 15085
727 22192
2632 21665
7205 27300
13901 20289
2150 14439
183 3287
5338 11576
18370 25910
12392 18346
3667 24629
9479 25035
441 13374
12086 17416
25329 28074
7111 9905
15791 21688
18276 21130
7610 22255
4138 14914
9157 20612
9563 26413
5071 21498
5344 13564
460 25902
12244 25805
5580 17177
2535 12819
4719 26503
592 25589
280 7820
8143 27225
243 8100
2187 25474
20909 22543
259 26314
1043 24623
4968 12852
6700 25335
3435 17429
5317 9026
4817 13076
13422 19249
5183 26299
25505 25562
15022 18663
17161 24626
17194 27373
27633 27696
21775 25433
6552 14763
12032 27317
12551 23066
1374 12991
15077 25046
2671 27807
23997 25771
3191 11205
2191 9226
6072 7894
18850 27126
7149 21516
8931 13193
3825 7505
8349 8718
499 3439
9045 23440
13591 18280
1421 19961
9523 10890
9967 25632
12699 22267
1999 27612
8348 22254
6633 18679
3041 6217
10957 14920
14010 27152
14970 19611
2136 18798
17273 19763
4237 25182
20964 26419
25006 27468
770 4767
16124 23929
7927 23762
1141 18252
6199 18021
15749 17568
9323 20627
2270 13384
810 16976
13091 24721
5768 23415
7205 19639
20586 21446
21205 21938
7318 11171
4155 17381
11133 21466
978 19370
22553 26103
7185 17578
2325 20742
3880 5965
11147 22511
13668 19148
3518 11001
15441 19132
6668 18533
2867 17931
6037 6280
14606 15330
510 17094
17304 25106
13220 15293
22819 25097
9881 10792
1008 1422
5270 27725
3338 20366
7312 26716
11279 21060
15837 20238
6889 20038
10131 27260
10475 17753
11766 25017
7002 28272
4639 16184
12994 23029
5691 13494
22100 25138
17070 17303
2888 24412
485 23600
5451 27787
1771 21209
9130 9325
21248 23251
11432 26391
12105 22024
10646 15117
14997 25519
10440 25771
8893 21643
6998 27559
4061 12769
3667 7984
600 2776
2647 19432
16138 24653
21636 27171
3167 13038
4076 13663
13115 13609
18753 26714
1905 22226
9465 20162
787 4717
21130 22992
568 11170
10570 17549
715 1846
8235 9759
22016 22750
1815 25034
17422 25641
15310 21880
670 8036
17769 22591
17120 20420
10274 17869
16134 25735
349 8961
577 19140
2318 24828
2435 24910
1613 24603
15308 15839
11746 22627
10892 13654
11888 17224
17331 19560
15264 25751
5250 24950
13059 18095
21068 23553
6349 20797
5409 18905
1067 12238
23574 27324
10713 13557
26763 28264
9178 14281
7827 10983
5155 8454
21955 24393
8504 10588
396 2682
6179 7835
5267 8102
4106 9043
4256 9716
9379 23182
1983 16154
9569 22149
12900 25610
614 8141
2336 4563
12762 17954
2845 23010
786 12424
16428 21909
23143 25309
7555 21335
4221 24098
24061 27829
6229 17791
17001 24617
8157 14257
17057 22759
7083 27923
12979 16979
391 11584
5185 26613
18516 22814
9810 27967
500 23935
477 2461
1228 14641
14527 19322
418 19889
10002 20421
8096 27084
19132 28100
9590 17640
808 25927
3788 10309
18787 23607
9465 26053
11846 19829
22591 28134
23510 25329
8933 25002
1412 3401
12433 23200
15832 21636
12443 14809
23843 24313
1976 8169
23015 25336
11416 15839
3608 21823
16992 21861
10260 10385
150 5468
6523 14989
23713 27788
865 21724
11438 27374
13015 19287
7560 11339
14986 18752
12969 13242
6103 11963
8075 10053
12927 22441
31 23549
3944 17076
2491 7375
1509 6196
17166 20363
5850 22910
8814 24855
15384 23391
3624 10054
2031 14259
4638 15349
9520 27117
9750 18366
7839 19753
4530 9717
9121 20530
21587 23501
569 1688
7193 15981
6408 24676
14103 17901
5466 7873
8361 14609
5352 26876
6937 13852
24659 28077
6707 18658
13852 27857
1382 8825
1928 15074
3842 18369
11710 27404
7031 23299
130 16036
2798 3585
9746 17446
6377 17861
2503 23565
21638 24221
9205 13101
5217 5275
5895 22200
12715 24453
6155 13483
24412 24861
9838 22376
5438 24040
10815 25432
2022 14807
13579 24543
10674 12346
8739 20639
25155 26522
17403 23945
17798 18651
2385 8835
1605 7129
5219 22425
17665 17705
22464 23909
21138 24378
1867 15815
10166 14781
9285 13844
7897 17067
6179 22369
1103 9923
18861 22496
14678 24801
12956 24028
20196 22481
3209 12188
8541 17485
12034 12043
1878 22128
21985 27168
11216 25610
24495 24659
1936 23738
7526 13328
10981 22409
874 14107
1689 17534
17787 25301
10699 23014
2501 18486
949 9349
2049 4636
6235 7916
3995 5134
15442 21438
18832 23830
15358 24705
10393 19525
860 11877
538 15168
13222 19849
478 19346
39 14687
6497 9524
16629 22871
16405 24477
9963 22549
12829 21446
8824 10112
3987 12346
5056 8551
25437 27536
7804 25349
70 4161
20640 22060
16573 24435
3842 7350
7595 22581
1218 17866
24053 26191
16939 21320
10986 23099
20990 21359
3740 28229
7467 21515
8148 10971
7728 26391
569 13186
6759 20356
11486 21473
1713 12792
3712 10156
8182 14798
13789 24616
17263 17963
4565 9301
8345 18870
1693 25850
3014 12363
2186 18050
3667 3670
16959 25334
18333 28212
2373 22804
12979 22024
3689 27745
8852 9903
812 24570
11356 11618
3240 13978
5988 11552
27209 27375
13704 17756
505 4519
5613 20081
25151 25522
13345 21319
9410 16659
5224 15452
17196 27080
11017 20478
4259 16842
5321 7490
16898 17662
4942 7251
25425 27259
8388 12967
9503 15660
15346 18945
11450 24675
12137 14862
15286 23086
7602 12888
19140 23474
20491 26372
353 25042
5711 24384
396 12881
2667 16922
1508 21491
17446 24069
13025 14242
12658 14707
3069 5158
23077 23253
3337 9772
4424 16016
7975 25810
2679 15380
19123 22481
4857 22771
7826 15327
3848 16124
13627 23749
14771 20053
16919 19419
11831 20664
840 5978
16955 25433
3687 10934
835 3661
8092 22581
1223 7205
660 15665
9465 27092
3863 16656
3643 14276
13802 21605
21158 23264
8426 22630
20680 24326
993 19683
4009 19240
3038 19429
1881 4962
2253 8515
6426 7802
8352 16963
6103 12161
4548 24399
10458 25621
3856 5918
2362 9004
23315 25123
22203 27112
1852 16006
9487 18938
13493 24904
3741 15982
2724 15041
3241 28157
15800 22211
5192 8836
9614 14010
20722 26507
3160 12678
23373 25449
21730 24738
4087 22409
23980 27745
1005 23864
11798 26516
25642 27538
3544 12195
22159 23455
16507 17176
1948 24122
7838 12567
14697 20099
18876 26908
3299 8485
14810 20153
7773 15425
1349 27949
4455 10623
5371 21569
9236 21491
679 5356
17757 19425
7149 22738
4789 24040
882 7042
18760 26423
20666 24455
4700 21117
8856 16014
1 18934
10295 20791
906 18474
369 15609
4852 25025
7320 17980
8750 18685
1324 10691
14033 22716
4664 13331
705 1872
11234 24547
7213 9012
5587 25966
9252 22124
8785 18626
1548 27841
2348 23276
4166 7947
12677 26079
12479 26601
406 13091
4039 17507
8492 10323
14324 18464
1689 25297
5371 6065
5966 6177
6213 22344
17121 24023
1853 3797
4192 23094
16893 22324
7451 19619
13048 20068
3634 20862
421 14358
20355 22416
4132 15346
4237 17763
3331 10880
8878 18133
8807 11310
12397 17259
12708 15619
1471 11519
16180 21462
2490 6182
11978 21484
3654 24726
3345 19170
256 11248
13088 27455
7987 10747
3715 14807
7512 11859
15713 18823
23606 26299
4849 8891
3095 11567
5660 16110
1091 8208
13472 14665
5446 7507
1191 3114
8690 26601
10896 24961
12974 20969
13484 22384
2837 3746
13029 27027
6560 17492
11809 13760
8669 21902
2141 6997
6355 13482
1611 18308
15047 15141
12792 25894
2598 3997
11045 15996
15706 16640
9521 21612
20719 20985
4192 5703
19819 20876
11657 11825
3422 23692
650 20732
9487 12954
14675 23143
17446 23955
4136 8172
14156 22253
17422 27281
12257 15477
15893 26094
13736 15756
14330 16599
5943 8801
12801 19473
1462 16377
2705 4883
5625 5857
788 5989
24244 27078
4519 24434
61 13707
11963 21738
12405 12800
23143 23793
16667 25042
18424 26866
8057 28231
8405 9100
7898 16083
20086 27737
8212 28156
26341 28059
16313 19742
5405 24808
4217 5711
14534 26518
9625 26289
2379 18758
392 14560
3113 26682
14464 25269
1583 11059
16922 18615
12878 12945
6702 20497
12864 13504
425 8416
14608 15629
8067 13949
1417 22947
1817 7195
258 6649
2667 6280
12069 19223
3934 14333
6288 25689
4930 12139
19132 24600
17763 24708
2374 22271
1773 7296
15758 18866
12512 22213
17126 17561
1795 16311
22687 24575
8925 12614
9067 16941
6869 13494
24618 26613
12679 22025
5368 23648
6503 26591
8356 11614
2148 25349
16932 24772
7318 25163
17536 26880
8256 15571
3053 9569
2387 27582
9422 13475
9208 9438
23926 26562
4234 12204
18861 27540
8943 19371
18823 20758
11978 22204
1042 13126
15891 23471
3931 22645
19246 27949
11347 22622
18603 23356
19262 22688
6646 10990
15367 27313
3513 18577
1699 14694
2648 22160
3172 27125
478 17152
8188 17635
14486 21491
7114 23608
14393 28044
7325 27273
17757 20647
251 15178
4180 22214
6793 10893
14534 20740
16330 20870
9955 23617
2254 15258
18001 21633
1197 7853
15794 18955
221 20087
9965 11575
1118 19471
23062 27288
10913 18304
3534 22756
2456 22641
13480 16727
3858 22469
17048 18286
3415 13841
21700 27769
1043 22265
6426 11920
8775 24971
11534 23225
11295 17003
8075 27495
823 18690
16886 22725
8364 25090
8718 25030
24672 25062
1005 9074
1430 22548
5100 17980
2079 11191
2170 3640
8018 20483
10473 19961
17429 18952
3380 20661
9035 14844
14481 20265
7511 13542
3944 4087
16013 24781
4162 12558
12262 14494
18605 24131
5316 9427
10303 14809
8959 9916
381 11746
3483 3592
6076 8939
19633 21853
1669 11113
424 8091
10864 25914
24637 25879
22579 26350
6661 16348
8923 9185
3298 16127
1097 5505
13402 23590
8939 12965
16749 23457
10215 14844
15068 21077
8752 27002
15575 23785
854 6633
9648 22079
11252 13891
621 1343
1683 18039
16480 23038
20487 26216
20032 24028
773 9057
1817 24752
17584 22155
5413 10419
3607 15393
18133 20172
11451 17807
8035 19558
22919 25750
14182 26372
6198 24539
3689 20496
4997 23663
10951 24062
2690 8891
4544 20773
7720 25220
13484 16281
4446 18669
9206 14661
1920 17906
2130 9786
5466 23597
16794 26459
11450 26829
7997 23422
21815 25484
8185 27729
8191 23147
1769 5760
22007 25668
13018 15470
4378 25371
205 5094
7343 22960
933 9192
14982 16095
6427 12438
23352 26192
8499 23472
8715 15668
12728 16429
12762 24218
20064 25028
10592 26681
10920 18541
1991 8592
19022 26892
2947 7347
1536 26612
1772 22448
9897 18751
7300 23102
13555 26787
2277 23797
10691 13666
7361 11022
7923 12636
22291 23152
15597 19095
1600 20226
12956 20355
813 12377
22771 22863
1117 11348
11826 13529
5466 15723
12120 21616
3993 26421
12656 21364
8924 9600
15071 26437
5204 15531
396 9616
14511 21296
4315 22430
10942 11884
22650 25317
2663 23557
17963 23298
305 22039
6280 19867
2767 22322
6257 6629
14711 19168
14163 24603
7196 20222
14782 15862
4992 19939
7354 17169
609 618
20480 20608
19662 21981
10951 20069
18128 25699
15869 22902
10623 22593
17251 18076
4666 23915
19837 20936
11049 27273
10598 27305
3947 8332
10956 16369
2635 17963
11496 27164
16770 24566
12291 18808
14972 21438
9305 17319
18051 19112
1528 18209
13299 27900
24309 27933
15357 19924
22416 26503
6529 10062
1878 3624
5504 25128
15182 22254
22550 23352
7907 8833
9379 25164
1833 23730
5525 11327
896 3068
18923 19153
788 12134
8246 21149
11866 21920
19447 20935
16467 17875
13051 23597
6026 27373
3578 11059
14544 20189
21682 25699
2617 19669
2722 21552
10207 14517
19523 22124
27300 27306
9560 27443
15480 17245
13270 14016
8002 14709
16722 17846
15861 16785
18182 18558
4556 18950
6065 26604
7571 10386
17593 20813
11486 24427
24660 25816
12506 13677
8011 12393
17485 18210
3622 4596
3506 8781
14167 19081
2956 8857
12565 15047
8705 9893
909 4949
12978 14470
8588 24042
15762 23611
16296 22340
1 951
12033 26177
270 25651
1292 23094
3666 9408
5680 10733
11597 17437
477 23416
18191 23781
1239 24681
11785 14916
13466 17286
51 424
7820 15305
11916 16322
12194 27121
11248 27017
3283 6467
23359 25918
18577 26197
1126 15928
14092 19112
11654 27706
14242 18823
24955 26700
22449 22845
1421 28211
7809 18454
4142 20860
9601 27068
16024 22587
15464 24868
2604 27821
21000 23476
738 16230
15549 27951
1431 25287
18678 24104
5155 22022
19091 22331
5115 19566
2387 13864
11474 11484
897 19727
6062 24863
23593 24042
7835 9720
13649 17048
14464 22761
1056 6972
4689 8471
4029 13195
7606 22216
16736 19661
15271 20592
5784 14492
2667 18255
9063 9895
9923 10843
3162 24665
8113 25697
15561 27631
7390 17304
6495 24748
97 8551
24616 27830
17743 20008
4826 13583
2511 24238
1005 12581
13597 13702
5047 10952
12886 20162
11716 13834
7461 17146
21727 24610
6893 9420
14093 20008
16794 24457
808 4192
23113 25788
2738 11810
6808 11197
6827 25694
670 18795
8145 20477
14165 21879
6739 25657
4041 11377
21491 21692
2470 23557
8593 17662
2635 22416
19784 21188
17465 24217
24720 27405
13947 20318
2180 2677
151 12148
6715 12516
2208 7758
22953 25091
8500 20393
3727 27144
16098 26616
1178 7560
15894 22285
10054 21242
8015 20145
16404 22240
6166 16210
25729 26093
7123 27136
14104 23016
7166 25443
8295 20321
12848 23997
12911 21968
2003 13353
13282 23553
12868 20282
10881 18274
7861 19555
9881 10420
7862 15749
3819 11369
15506 23994
654 24168
933 2105
14634 18536
310 18963
10723 18824
11092 18825
18568 23376
4334 20688
4967 24783
1351 4424
850 15592
7677 15367
6994 17487
8905 20328
7614 17232
10956 20162
1457 25835
12120 21063
2018 27029
12184 27287
19188 27300
12686 13402
70 496
5117 21134
10328 14555
6517 10833
20279 26045
7979 18808
3649 14817
1207 25341
7419 24062
26349 27087
3151 5352
8924 18938
15493 23103
14383 17838
1181 17729
6814 7950
10859 13091
13912 24589
9772 16003
11603 28171
27381 27726
17695 24127
16914 27536
3442 27142
4386 14436
8872 23286
8820 23520
1445 6652
6516 11878
20837 22641
3425 7635
3075 27776
12214 19139
9320 20909
9490 25232
10638 10764
11847 27398
7812 7929
11963 17819
9423 16562
2945 9193
7478 20144
21955 27124
16456 18724
14062 26899
3354 15573
5513 27605
9388 21437
6506 22861
13832 15224
715 18108
17164 22355
24326 28089
2213 3280
8689 26416
3734 3765
17543 21449
14163 20615
15906 25626
12994 13153
2447 3501
3164 22095
2646 23574
495 23932
5691 23379
17383 20109
8048 9416
9291 10123
3043 22270
9907 17456
7798 9399
5989 8787
48 9981
4256 14694
4495 8945
18415 25584
2387 13745
3850 13032
8837 21949
24459 25454
9127 25269
1999 20751
9405 15536
20956 21110
1870 14731
18630 27262
5055 19576
2304 8972
5211 11326
14082 14696
8552 17666
1487 17076
2986 3275
12694 15361
11216 17097
11902 21697
4749 20178
8785 8990
799 6081
9997 17398
15179 16727
1772 19717
8920 17504
5742 13168
16402 19409
16105 24081
722 9683
18852 22325
8285 14389
23594 23719
401 1159
27316 27603
19856 24603
14960 22998
8155 9067
396 8057
2726 5771
1925 5801
3241 7314
3101 24773
18107 18927
13221 13961
13221 19951
10185 27461
1819 20525
9090 17795
22083 23468
9843 10845
12650 23929
8528 19968
21798 22157
12874 18659
1860 7839
2654 23771
3765 18029
307 23548
11729 21416
3114 6681
11382 11462
6743 11310
7325 12428
3354 17507
7176 8921
23497 24222
3391 26796
18927 20162
19192 27565
4758 13017
3154 22263
23730 25523
694 16292
16724 20958
9506 22449
5979 21794
12426 24056
2543 23978
1421 8560
2427 14303
15250 23736
7286 22321
13482 23288
16315 25735
7368 9463
12084 16785
15806 25160
18304 22222
10941 20533
25309 27867
1106 25732
21060 25116
1972 14070
15941 21570
14504 18679
1331 25962
418 10971
16629 27124
19622 23605
11614 21685
6710 16040
7166 24403
8935 25329
5041 22230
1429 21122
3414 11415
11916 15211
21232 24820
21857 24779
813 1056
4367 17140
9466 18136
23459 26173
400 14793
983 25962
20517 22982
805 3947
6965 12873
11438 16702
4574 25399
18553 25305
47 27488
6299 21002
4802 18218
13373 19952
5979 11014
1851 25527
7802 19182
18457 18703
12119 16112
1958 9795
4217 7000
11020 18226
6560 12316
57 12511
8349 10924
11937 14445
4556 22449
9316 26167
14392 17222
17078 20938
11816 19137
7341 10748
1232 23610
7635 21003
22179 24659
3806 9047
3885 10948
16437 25863
3382 24029
14892 16957
15267 23705
15645 19710
10511 16496
8434 11500
461 5283
10714 22064
14742 18510
4925 24229
4618 18908
24246 26409
2721 26240
13307 25443
18521 18565
3933 14471
14832 20130
14228 19502
10223 10362
1980 18368
8776 20718
1275 22040
4774 10209
10714 26559
21113 22184
14795 18251
5895 25584
18175 19241
2499 8111
16098 16803
7753 12689
7666 14729
5416 20856
6177 9460
4717 10387
17657 20667
24257 27929
21831 24104
5658 13438
22498 27520
441 15820
5555 21831
8826 21299
8185 19126
20408 23028
13597 27770
14543 25232
9115 16223
2470 27596
17782 21474
4037 17041
4199 25412
15843 23635
1620 6942
193 1609
6966 13604
14242 23762
2518 22954
4992 13027
3337 18557
990 5096
7417 16050
17941 21391
9564 26877
1217 19266
2547 17564
425 9553
19131 25865
7830 26077
3873 6848
19830 27698
3644 15416
5750 12573
13677 14153
9636 15632
6176 23390
1878 6870
9671 24790
5485 7980
19273 21261
19411 19583
3465 25725
1613 26514
686 12479
21113 26153
3357 21111
5371 22095
10391 16806
5678 16110
7908 10207
17259 24500
2274 9192
10 19601
2957 22192
10283 21369
10027 20552
17795 19480
12877 13274
21581 23159
13051 15346
16488 25617
2190 13953
16646 19138
9765 23938
4870 5722
10321 16524
5893 25958
9724 25907
5989 18411
1050 3894
9254 9722
13958 25232
16639 22860
4954 22012
7027 18114
670 24594
4854 18145
14071 14571
10243 24105
18682 22693
7149 20667
2129 24689
10889 22036
7743 10310
24900 25564
13564 21798
22735 22789
5511 12869
3780 16470
4906 24708
6832 10128
15899 24472
9226 10849
18342 21918
13431 21712
4409 8806
5751 22074
2518 21955
292 15820
1672 4175
4827 12212
4199 18982
2369 14576
505 26546
4618 9390
17460 27719
1425 25049
3163 12002
24005 25894
13491 14947
24991 26442
22151 22965
448 19356
14771 25956
11463 12410
14209 23858
2058 22550
15074 24688
18934 20123
2380 18614
435 15001
9067 15047
17075 17368
6506 7354
1350 4843
3406 24691
5344 23392
26177 26896
13910 17408
21695 25638
8270 18873
9420 20846
561 24131
22425 27746
4770 22607
15938 25062
25432 27129
5609 19827
12066 19448
21359 28013
2611 14023
9222 17846
2734 7667
13103 23773
3352 13557
6806 17581
6198 19150
5491 21438
16731 23816
18700 25245
5614 14029
5375 25443
11965 16016
21534 26832
11551 17847
606 890
5536 19445
10662 22141
11290 15567
1100 8730
16758 28044
731 13264
15762 16860
12727 26608
7796 17499
8690 11430
16515 19190
7869 14592
21835 22255
21079 22104
21636 23543
9786 22393
2462 23461
9328 15480
1925 21976
25834 27010
13900 24265
2412 13696
1038 24750
13759 16652
20162 20480
16588 20185
9137 23799
10737 22340
916 22141
7695 26753
3420 18248
7061 25657
296 8184
4210 26439
1112 16881
1469 18984
5003 26704
14095 25598
22591 25308
19217 24309
16299 19577
7782 11243
12424 23976
2505 4083
11020 15267
5505 18729
912 25280
5250 18217
2081 2331
25336 25885
9631 21111
10330 11913
3675 26087
10023 27625
10861 16432
12800 16509
2311 26665
3674 8956
7760 19183
2278 9552
12671 25622
11080 24422
1067 11953
1139 18480
2598 18280
1464 7937
711 14938
538 26395
1168 13710
313 23193
11361 23919
5943 9574
1917 23967
6563 25852
14969 19861
337 5150
8100 17434
2289 2533
3051 28060
10589 14768
11326 26046
3146 6520
2462 21132
1979 20504
722 12657
7793 9563
14046 19960
3732 13395
7736 21835
13769 23549
11423 23479
7509 19857
17774 24326
14763 18291
7917 23783
24301 27201
23298 27205
3324 18904
10939 22630
7750 21712
15421 27808
3013 21824
8899 13766
5691 13245
23143 27795
287 14555
9095 9250
17399 25782
20361 23026
15815 23075
14907 16406
16246 28014
9378 11014
7205 13266
14130 16069
20137 25946
21079 23175
10654 14010
6177 7350
23219 27075
3080 22157
22200 25680
13317 18855
7444 14017
96 25433
3944 20836
14549 20859
5498 9038
5501 17664
10251 25356
16131 17124
3966 8597
1621 6404
8166 28253
6228 26663
2547 27165
1144 20556
6310 13821
15637 22066
15423 25157
10027 24602
6585 16153
13807 19140
26765 28237
5458 19039
18154 18525
4165 19826
2407 5572
3808 9033
13229 28268
2083 6097
10315 26424
9252 24005
340 14242
25214 25711
15087 22388
4377 24575
13372 24337
10524 21192
9560 15620
14033 26946
17489 22425
4421 12646
8158 25564
3177 5832
20422 22180
14296 26599
3789 4335
19588 24435
18732 26926
8435 24005
21011 24196
5543 24616
23776 25410
20953 25901
6753 16434
3008 7551
9795 21966
11786 16775
14445 17963
9589 19998
10270 17592
3845 14295
5702 24419
15600 19171
12069 13222
7763 12931
10381 12796
19161 26171
9465 20758
1935 26695
3511 5349
4110 7684
2721 20421
774 9316
10744 12991
20634 23663
867 3457
16538 27669
5463 26204
3598 15736
17067 18366
14418 21761
2269 4649
16152 22581
5828 17067
1713 11413
7951 24108
7870 13023
9747 25788
8896 13203
13227 17146
6769 27954
2065 4321
18254 20053
8151 17730
12051 21942
3948 12396
11019 15549
21831 25020
5326 22882
8937 24861
19811 22517
1392 10662
8143 17056
19576 20222
6120 18908
10990 24766
16679 18736
22570 24089
12056 16941
16187 23593
12931 17118
15814 16340
2252 22127
6790 22555
6534 23146
18591 27890
4626 21555
18313 20685
12771 22927
711 10148
5906 18371
15743 20782
11240 22199
1574 10628
106 24754
664 9569
2022 22149
3399 25245
12275 21060
7200 15693
13483 18603
4762 25759
15875 23143
1101 2905
9150 17599
5682 26627
9336 23063
474 9254
6103 25437
3428 23608
20214 26907
18471 27578
9341 10489
22025 25137
6848 23265
13756 27382
3420 19166
12621 23138
1370 23366
25121 26996
13316 22210
3037 5794
860 14805
4175 12271
1920 17214
15429 16214
8970 10034
12131 27402
2093 7015
22295 23807
4550 8285
396 8435
799 23833
7121 20391
9553 19348
13557 18448
9043 25559
1137 6290
14378 24368
11599 20747
15628 22331
2769 27997
4640 5359
9961 18927
2068 19143
10482 18758
6591 18400
5473 14838
1213 2082
2094 14916
2646 25059
7199 25336
7089 8906
19567 24294
25712 26654
8972 28123
7213 11701
8057 12994
6158 20760
7089 8432
9116 21423
9950 26991
23141 23963
9165 9835
3952 9736
3185 19965
812 17940
867 24354
20931 28156
867 23914
1346 6001
12931 19827
14050 19853
2764 10424
4853 5568
18808 18824
9553 10352
13906 17284
20849 25713
3257 24181
14059 15660
11226 13712
2647 20384
21690 22135
16428 21315
8355 17094
5453 26787
8230 21667
11034 21673
9071 18341
9175 18343
2912 17887
2336 10726
13905 17562
5691 14758
7287 10032
715 23143
711 24062
7750 21763
7833 18437
1399 15190
11603 15676
4646 9367
2710 4161
9193 23346
7645 17119
10364 17782
5710 9949
4986 14173
5660 9626
16190 17722
11366 12529
1828 24297
1658 1750
3689 26436
10012 25769
23321 26434
7607 12064
2456 16372
8349 14578
10835 21754
20206 21964
10320 19753
6578 10483
9560 13564
12646 25344
3080 11924
16352 27768
13373 28211
5485 17220
2648 16108
6241 11175
17724 18138
14194 25173
8706 21462
2660 15173
2589 5221
19856 21480
7325 23106
3287 16600
17092 24112
12336 22025
13600 13798
26135 28053
22770 26210
20384 27374
11124 19095
8143 25735
19025 25454
6773 6796
1151 3506
5010 15978
12402 26740
9408 17407
16939 26836
5691 13065
7228 25712
6903 18136
4626 21688
11282 14372
5267 20911
12546 13954
7068 21766
16037 22040
8385 17603
7508 8624
660 21761
22382 24879
2474 12514
4628 14442
6261 24904
3966 14809
21343 21638
6061 8985
14380 16117
8999 20594
7003 27795
12144 18703
20732 23781
1925 21658
4434 8511
856 6457
2106 18274
2087 15591
4857 16289
4627 27565
6930 17390
17235 17956
6618 16567
13765 17855
8924 23653
4199 10936
7550 17106
8398 10830
4368 23390
22974 23931
19950 26397
3872 15308
3496 23995
1284 20813
7935 14537
1396 25273
5659 17196
22596 25225
1791 1878
17178 18121
16619 22245
5418 28061
13492 22130
6209 10520
12637 25719
6702 15639
6801 27660
5485 26090
494 28193
6072 8010
8488 24610
11535 14920
7320 18551
18861 27725
2862 16824
11026 26408
2483 22670
6209 20170
18348 24126
808 11867
19569 20162
5204 24904
20964 27675
1579 16437
10230 20226
22931 25571
7576 25449
5270 16809
24920 26099
1519 6426
2882 26929
21654 25263
7416 10951
1677 11539
15751 17637
2852 18459
3364 20371
4456 24047
14604 15815
3051 5041
18180 25197
7373 9175
15808 25204
609 17664
17259 24643
6182 9637
8056 9895
4081 8833
14912 27715
20127 21513
5465 17428
13515 13575
9633 14386
14517 17484
21470 27508
1745 6026
8528 27659
3565 11211
2701 11627
3275 9694
10171 28056
14033 14522
7908 21712
1755 8269
14969 27902
1212 7318
4976 17060
84 4802
5327 27107
7626 18704
2986 20667
4010 25812
9607 13017
1762 9265
10313 17022
2883 8305
4259 15346
3652 17639
16668 22606
8797 13888
18673 23412
1456 13836
770 17141
3066 18218
34 19411
10462 14001
10701 15397
8451 10911
1878 20856
9228 27444
13810 24576
10071 15854
4241 15543
1613 26732
13180 20355
5917 20367
14532 26343
261 5506
3586 28100
14060 19742
22764 27731
3142 14563
3186 15672
16865 26265
17480 21261
10326 27064
8872 23193
10114 21798
5792 9498
10619 13464
2875 16957
11627 24104
3829 20365
3786 22636
20304 25842
10023 16116
14996 15837
23845 26464
8086 18636
15446 21638
9850 16656
13235 26787
10982 24971
670 18069
25732 27702
4867 13444
3900 5004
3727 4228
7919 17506
17091 23932
12602 19233
1659 9970
16803 23126
2986 24280
2653 14538
11657 28077
13392 23365
16543 28154
1936 26134
14303 17074
9471 24232
18219 23919
26181 27269
10788 19309
3121 21139
271 17481
1455 24379
7222 19244
808 18727
1761 3113
3676 26920
10473 11473
650 15614
1370 26696
461 5496
13215 20479
5397 7743
10747 17056
3992 18018
8964 12711
5791 7239
10191 12555
1851 26396
3674 7850
9805 28237
2206 2496
77 16126
18679 19494
4218 15120
25699 26313
4914 16968
12424 22012
3169 14758
5681 6983
1529 2642
15874 18462
9907 11409
14 5393
9809 22896
18784 24069
14119 23254
15684 28058
13484 20923
18558 24589
4782 22182
9330 22326
3388 12508
19242 23415
660 21891
12693 15672
1761 20355
7783 26582
1319 20109
2466 21355
16230 20175
12573 20447
8426 22581
5899 22517
6065 22565
1228 10370
9090 11390
111 19420
451 10533
3231 26908
20310 24492
9078 14567
16581 17302
127 1782
7216 16210
3414 26253
14753 27927
797 20502
1240 5206
2619 24638
17341 21866
401 28100
7741 24618
5882 25219
21815 26102
4532 7557
20162 24904
18061 23371
14657 17543
15376 25732
2076 2807
11098 22203
13677 17488
11296 12451
6775 13205
7376 11599
5014 8423
17161 23521
12689 18189
1555 21634
6268 25059
20340 25215
804 13818
21339 26359
340 8806
1854 17360
12090 17518
13329 23588
12294 13403
985 24521
21740 24180
16137 17014
9193 21980
11047 27101
8654 12034
22954 23860
1253 15402
495 6177
7409 27547
4693 12642
11868 16307
577 22965
180 5989
8511 11443
6196 20837
1158 6533
21077 24904
4316 9050
22110 22469
1271 2015
1888 14920
14862 26005
2406 15332
12532 15578
67 17075
14941 26077
9192 11746
11059 23924
20515 21324
13308 28083
1101 27032
11082 26244
11211 22770
12689 24752
7877 10254
976 27508
6871 12077
8318 20891
5738 12181
4642 21944
7867 19657
4388 8855
22430 27293
10693 15939
16026 22607
5020 22240
18265 23553
13591 17393
4092 18225
313 2943
15179 20509
11211 27468
5445 21038
7956 11735
825 21230
5477 20849
4606 24936
15344 26951
4951 6488
13456 21359
7631 26767
5344 16362
11727 22149
1883 20663
16805 21250
2673 9323
7166 28044
912 26539
6301 24412
22468 22887
858 26711
618 22977
514 14344
11336 27279
2573 23197
406 6626
3122 27374
1756 15995
14833 27618
6134 7175
1697 8113
9799 20328
4990 16535
273 27508
21412 27404
3729 28094
9901 16620
13580 22421
15709 24055
19115 21822
7289 18475
18679 26503
11073 12628
19303 19529
12397 15391
8096 15536
13173 20235
1858 18732
9051 15909
4594 19002
4860 13353
5436 17657
3737 5938
9447 26664
9490 11828
12941 13175
11336 22031
15175 24184
4543 20687
10900 15289
21505 26116
8931 16679
13809 27405
828 19576
2882 7428
1071 20489
14388 18708
18454 23017
11111 14368
68 9903
11436 22771
9424 12460
505 21481
1181 10266
13204 21511
11812 20640
4037 27042
11094 16184
8411 25401
5609 24465
21835 25623
22022 22894
2283 10971
11052 11573
13177 23951
1062 7861
5878 22882
967 11975
1748 18381
24281 24457
11682 12895
13647 25443
13960 20032
22 7659
518 2929
11940 23265
5060 6609
1605 23871
2971 26786
18430 26898
4585 10429
19343 25902
133 24069
11559 16478
16452 17442
7881 9671
3533 9008
18520 19900
16449 19337
7623 9084
23736 24061
8036 8108
20831 23767
1056 17423
23007 25832
18852 21859
15550 27578
8669 16157
4415 6612
3139 15928
7188 16218
18717 23730
9525 10484
5959 22527
3484 6573
10148 19078
13896 24271
18059 27828
18302 26187
8892 11567
5505 15370
9710 27134
27594 27835
6533 21727
12886 23743
391 864
7386 24690
14991 27495
202 26397
9095 9226
8299 8977
7913 21300
10531 22850
6497 26753
6682 11168
87 17670
8909 21623
5020 13185
9115 14999
2648 22702
18039 25437
7975 22012
343 21843
16112 16624
3446 11369
18377 26738
18920 28014
14103 21622
5583 26153
9543 16905
11857 23301
5446 23435
16968 21942
9610 25157
4942 8894
4626 11535
9699 11618
7202 24953
24145 26036
1970 24371
2305 18009
5448 19878
9061 17395
2487 16068
11630 18408
15082 21988
185 10994
19049 26207
23537 24829
7354 20527
4627 20758
3323 27664
5062 22240
19262 25578
11784 28265
7923 17998
218 8358
15713 27458
26285 27168
664 4072
1058 10091
5958 16955
6461 28200
1306 3759
4791 28272
19086 26413
6848 15829
3861 14707
17214 23143
18176 22378
194 20020
8080 27375
902 14438
6499 8034
8411 18332
8770 9670
3748 25603
5031 23015
285 18650
872 24393
8655 22553
1979 27299
8740 25317
7209 25541
11416 28041
12385 18479
5069 13253
5660 9091
4445 8001
5442 10743
15225 19145
1450 23032
5020 5180
16323 19590
3488 20424
18281 19118
2254 5400
2396 15829
13813 19500
12514 26062
884 6163
15717 27455
27030 27229
8356 26756
13478 14835
7726 15003
12460 27718
16552 25612
5607 10961
13383 21479
17115 19647
921 6476
19432 20384
20556 24170
13044 21235
867 1315
13619 18626
15688 16047
26963 27869
1941 21000
2170 4623
25446 28277
14541 23365
6261 15376
7975 14912
9736 22828
3733 10197
4286 26447
7282 8861
4519 9583
6074 18438
15784 18260
1230 1759
18265 25107
1253 8157
18927 24069
4680 10866
18308 18834
15918 16362
9793 16576
3607 14264
1978 25299
9782 21205
17090 27870
161 9874
14672 17742
3201 10763
18625 26667
18454 28121
12561 14486
8208 10729
9086 24374
2716 8265
8814 23696
3401 14954
11155 11712
14771 27702
337 16241
6868 9660
5569 11098
814 4295
4905 13664
3400 13455
607 23809
10639 13222
4827 10323
7772 25758
6914 21633
24122 24677
2483 18120
2667 15806
11988 16367
4175 4391
19420 20365
11108 23175
21491 25437
9001 10760
2454 14758
5736 28259
9696 10888
7241 17233
5289 11451
659 23057
2798 10261
11093 11657
20876 24104
7956 18743
9683 26057
11298 24418
19639 28211
16823 22200
1505 26508
14833 27044
8388 13553
5331 11816
5369 19216
4758 12924
1864 2283
84 19701
1049 19753
1056 18560
195 23619
999 10737
18480 27257
8271 27876
6454 15823
2623 19863
787 9712
5818 8249
19443 26635
9234 18117
10462 19577
2823 18029
2611 4101
9260 23265
13812 25552
7047 13575
1140 2557
8212 23433
3828 10835
16856 20831
19184 21498
5791 24419
23920 25079
1394 19623
14979 22724
5377 9878
2767 27582
810 19995
15426 23748
13534 21158
3489 17706
9959 12635
11612 18078
12289 24609
8220 24226
10876 18669
20479 24384
23152 27139
21200 25232
396 14225
8506 11319
25780 27451
12228 24354
20657 21446
3693 14136
21577 24500
9347 26384
6030 10751
12312 14632
14465 23197
651 2150
13706 15064
13906 22644
11735 27565
1292 3580
314 10033
1747 18520
16404 23038
2988 26566
2667 4244
283 23081
4096 18476
1672 22570
183 745
14631 27010
850 3599
448 8113
13336 20158
4253 6517
11252 18354
8511 26798
16821 22364
13597 14803
3843 15620
8318 21712
7260 12947
16284 23911
7170 19966
1854 5011
2997 21614
3052 17239
14082 21542
218 19343
1197 6700
2803 18594
2995 12677
8188 14406
722 27034
4507 25896
21405 22487
20475 22550
8990 17057
7320 11657
6204 17420
13473 24069
7529 14041
4021 20988
1920 14657
5203 10891
17125 23954
12696 18591
3186 7984
3779 10579
9738 15900
3900 22263
1529 27684
355 16389
3208 23169
8819 14643
9378 18618
21252 27414
15682 21139
12369 21003
10181 12442
6997 23325
1 11706
341 9583
2497 25597
2245 14140
5151 21717
8333 24806
4394 24793
25451 26273
782 6841
1832 23074
8905 13364
20947 21991
14611 15529
17509 21473
4201 13292
16851 23573
18843 20429
8723 10598
588 11409
23361 25901
25953 26293
12541 26381
11192 28231
5514 18677
3689 23980
3035 24589
4336 11178
20959 25754
9710 10716
11047 18068
15954 18454
1878 24226
3168 23433
4871 24299
609 2325
21084 23278
10231 27513
3886 27251
8685 23282
9795 10457
11722 27287
8779 13090
7937 21168
16744 20204
7205 21815
6507 16138
17040 26426
3890 5659
825 20661
22304 25504
15402 18491
10879 24836
9408 18947
1477 10568
9111 9144
9264 9428
15731 26764
3210 27662
13888 26258
1609 18369
19857 26235
10833 16469
8799 11843
425 14809
18893 21781
17194 24514
5389 9710
17285 27643
3169 3424
12839 25449
22331 24934
22131 28242
10524 20565
8797 22082
5617 13488
17078 27745
15978 18697
9294 12369
11492 19768
7375 17253
4343 14728
6566 9443
18077 20966
6057 16804
1448 17483
1417 27872
10833 25108
8243 21606
8875 21221
18201 21147
9878 9893
957 26160
1434 15401
20434 25529
8719 21410
16437 23433
7772 17956
1340 9089
21566 22892
8083 8923
12792 21688
5727 20563
6633 22040
3257 26923
570 15385
27 18884
9222 17562
1645 9144
15847 19562
17687 20011
4496 23573
7400 11124
1259 5776
3601 11018
14965 20677
15916 23422
1507 2407
21416 25414
9339 21516
833 13517
15573 17911
3700 15680
11809 21058
9905 15727
10071 27611
1435 2396
11154 13664
9367 10747
4672 14301
10288 26908
396 8246
583 23247
1387 1993
20590 25975
15216 28024
15345 24674
2061 16910
18265 25451
2617 23397
9508 16588
1381 9847
6326 6898
23967 24997
3589 9065
19189 20424
12581 18933
9544 27782
3728 21620
12442 21968
16953 19194
23225 25833
12226 24756
4489 12120
17612 25289
2520 9786
126 8167
10389 27016
4701 26528
3006 13384
638 17938
24177 27811
178 13831
18704 23186
14672 23799
1275 12708
4949 25608
465 25404
3059 7169
8405 14027
3517 22775
17518 23973
5409 26047
2780 27814
10583 26704
441 5289
2426 19202
9436 9598
3003 21883
12512 20701
15236 26916
345 23629
10137 11137
6935 24377
13864 24830
6315 10160
24274 26261
14006 26890
17530 24127
6470 11954
15967 16947
9524 23114
8364 15666
1645 5143
8257 12912
10821 25750
9851 23935
2240 6290
22230 25160
8381 24706
20565 20740
3098 11212
2529 21049
18557 19333
2667 9582
14983 18458
24854 26541
2925 21323
9438 27217
6641 28158
3206 7791
11447 20196
13202 16634
341 14770
22634 27071
20041 21225
6717 24221
765 18267
5113 5238
9260 12865
7458 9466
4866 8770
15642 21194
11218 25919
12423 16229
24148 27117
18249 27488
19064 23143
9313 21436
619 13215
1696 8296
725 11183
12789 27267
23144 27565
8586 12413
22403 27433
14104 23911
7047 18647
3874 24354
4806 15021
12242 20578
18876 20991
11006 19189
23874 27599
635 20726
12631 23633
632 9575
4999 27409
12105 17757
11674 17264
1003 18775
10619 15811
16261 23628
1772 4414
15892 16867
681 27917
16849 17804
14555 26269
6879 28272
478 22885
9541 14317
17326 26640
6857 14321
4365 26819
13373 18318
22471 24122
10617 22799
4521 19484
7170 20264
5826 11734
17489 25108
2797 6301
10454 25305
3593 26943
7394 9359
18062 28255
5691 21902
595 25311
1628 27016
14758 27454
13334 15762
6584 27541
461 13376
11560 11652
21550 26774
21438 23722
6528 27514
3045 21105
4000 11147
19006 20322
809 14016
4070 20196
22857 27666
12414 19821
2563 24201
14153 19285
6782 26410
353 11047
2582 25848
13564 27754
23833 27301
9421 12124
20324 28210
314 12259
15474 25537
3675 17734
17247 18662
4498 18959
8178 18595
872 9285
8303 23072
14490 26779
20636 23023
7881 16867
15829 20737
578 19262
11980 23691
21354 23983
5235 8669
15236 17555
10006 21529
18679 19853
6393 14802
9838 17177
1223 15271
23776 26872
11963 14438
3788 13010
1802 24906
6545 26329
15141 27085
17526 27558
16949 18784
11501 19953
14470 23907
2657 11128
4361 21889
8285 15267
3234 25107
4043 4826
6077 19898
2206 6454
15442 23522
20328 22550
15531 22925
2969 23530
19031 20909
3073 27741
4073 4813
11544 18291
3634 10407
11465 16870
12598 27633
8966 13209
10312 27299
840 4004
11059 21848
17420 24562
418 16306
4707 27870
23598 24869
13888 26879
4967 10428
10871 26545
9465 10668
5228 16658
1257 1767
10665 18405
5495 21911
4407 20816
2981 8744
8349 9625
12209 12958
17933 23633
4051 11747
2664 10209
6868 16022
4347 25356
5396 27792
2280 14092
23265 23722
4711 26585
21008 26661
11746 18927
4198 14514
5565 20098
21024 21079
9159 20956
16917 27860
5724 24360
2293 27788
8775 16850
2324 5920
689 24416
3655 23694
7252 18629
957 9315
23963 23993
6255 27013
21729 26964
1770 4218
7036 22764
22061 25039
4665 13973
23767 25099
2233 17424
26107 27013
7084 15520
7268 25219
15457 23993
23251 24157
49 26244
448 26499
7229 12480
8923 14794
4118 19447
16083 19972
11960 15766
16609 19444
13027 25876
7354 22446
8148 15098
12614 19584
2410 19398
5587 15477
1279 16525
20355 21029
1507 7084
20093 22925
283 19783
19031 23867
5279 25505
10805 22040
7877 18155
16193 26904
7007 9791
22132 24023
22227 26121
1229 19018
5904 7439
11830 27651
20398 24460
22607 24390
3098 17044
8424 12989
7538 17198
10242 13415
19893 20384
7587 22568
10706 22960
21053 22379
49 18015
9253 11535
9229 14707
10800 18206
4993 26644
8931 16224
382 19566
12860 13385
14203 27148
13871 25838
129 18524
8062 22607
11244 25564
7818 13485
860 21973
4834 25903
13759 24031
4388 13659
19460 24861
23132 23354
2087 15996
3410 23345
4417 13706
17763 24411
10876 11080
5906 26688
7541 12674
16513 20859
12860 13347
5890 14104
1878 9123
3807 3989
23330 24872
693 24764
2197 9078
3449 16109
598 24061
11020 26147
22202 24247
9704 16159
21359 24445
742 18972
6751 17471
5162 22340
16546 20702
16953 21527
2087 10747
7945 14042
4531 8456
1949 24708
10248 22937
7414 25793
17140 20100
16823 17779
867 26737
2803 20099
22199 27508
7471 9252
8971 11511
7397 11830
1843 25759
12023 22168
2764 24668
20291 22508
3936 5653
1633 18457
4701 20884
17586 22986
1428 9944
8176 27464
11692 19482
11913 14024
6134 11789
14971 16938
18280 19639
8001 26476
13432 18369
3997 23524
1568 9066
16313 23576
3987 7307
401 18565
629 2896
1178 11565
1086 25306
2455 22766
5102 24453
6996 14069
5786 9271
13464 19268
9683 17852
10050 17757
14521 24053
17922 19199
682 9051
6182 16172
1761 11880
7950 14712
99 17963
14564 21938
18166 25711
21080 22951
1672 8689
2628 17717
2807 17663
9805 27811
20377 24171
11495 27341
957 6290
5520 14012
1799 12983
5162 19979
1301 19201
1306 8352
3828 23997
13906 22761
7417 7726
14755 23188
22401 26753
17760 17788
5756 27746
6098 24047
20308 24405
9432 12696
15696 16307
7533 19883
15194 16170
3609 6819
17630 27788
1102 10326
8641 9898
7205 26313
22644 27087
11232 25399
10698 10971
10449 20477
2692 9420
17955 25652
23225 26991
211 5913
3019 16494
9214 18471
4608 8100
2667 7852
19894 25221
27285 28028
16386 25713
4274 13869
6631 23402
60 23309
14814 20113
3874 4081
650 5756
7577 8940
12965 16138
3793 15346
6676 11128
2789 21596
16471 21058
9776 14607
2325 19819
3446 24406
8707 16905
9273 10156
10499 24993
2110 23626
8551 28052
763 1284
4596 26927
10432 21256
7360 13425
9937 19079
16905 25287
21730 26824
3873 13623
16722 16888
17717 21003
12602 21048
12672 24691
13222 14970
2252 13681
9572 17657
23830 23921
22724 23227
4218 15341
1297 21831
1001 18348
8948 11039
2613 11722
8067 23566
5354 14805
9349 19730
1878 9304
4580 24422
1181 15277
193 6238
10187 26846
854 26738
5107 9096
7318 11217
5013 20158
1214 10407
12740 17169
8876 9295
15482 23795
13566 26497
10359 12155
21258 27865
2638 8966
10468 22430
944 8925
4289 19052
1554 26782
1930 18848
18018 19736
25636 25855
4574 11232
19181 28128
3511 16640
21545 24451
10357 18784
25428 25813
8889 26186
17472 19979
3 16049
13484 25265
17087 22323
4543 17812
898 21886
7286 12139
481 23333
9016 24151
8923 25272
13193 18308
175 23277
4142 22415
19086 22028
16073 23404
4652 26774
6693 22418
5786 18185
9138 18322
9755 17902
17743 17963
24904 25329
4442 26706
11940 14136
4237 17938
14901 25798
17842 20544
6605 17653
1740 3904
4568 26370
25174 25834
14184 23619
3532 4802
1036 23389
13051 14731
16114 26392
9575 16533
16659 19253
20639 26554
3733 21849
23062 25035
19750 24214
11878 23454
1395 16840
23997 27374
6514 24374
16939 19270
17760 26087
1282 22468
13392 14541
2943 6587
346 23980
16402 23300
22576 23430
1153 23700
749 12496
7693 12796
14817 23534
5759 17069
12341 14569
16197 26193
21955 26227
10967 26244
14342 14479
1266 16146
17310 19616
3592 26254
3228 17115
10301 22503
15766 20224
6239 7498
4209 5386
12942 16695
2325 10998
10019 27033
2413 24151
21382 26948
8807 23585
11233 14341
20601 23598
11017 15168
20282 23494
8024 18666
4358 6234
509 11545
588 16435
1 1370
16262 25003
10624 20619
3944 12388
16602 17429
12692 27279
2466 8046
9252 24167
17875 18996
10538 12270
16678 26360
15664 26931
14642 24904
5803 23079
1851 7862
23143 27326
16561 25042
7478 11697
17928 23361
26591 28157
4439 12949
1159 18436
10419 12689
4693 5716
5403 27274
3609 10723
6448 13259
3537 17350
5275 26620
2790 15939
5989 21692
7144 14657
1319 12145
21010 24106
3015 22874
15711 22409
2317 26741
13272 15605
1672 26201
5716 7509
1624 15190
7273 10601
102 27247
10242 27742
6758 17474
16496 27156
12957 13910
16770 18736
21667 25664
2707 21664
9568 17649
3257 21766
3608 6888
9084 19728
5284 23560
19484 24094
4859 24551
10795 17459
24367 27867
2104 16402
7768 11992
4721 5102
24662 27456
989 7770
1936 10330
1923 24284
7576 18463
10007 17560
2665 22646
8811 26888
20324 24674
7923 12057
25954 28222
3881 23143
722 19068
7468 9390
16082 20339
4162 13785
7571 25690
15964 18883
3356 14153
11218 20627
12980 13918
4945 20310
5944 24254
1980 2518
1744 16367
7836 19185
12794 27324
1937 7002
3197 12864
5371 18985
1008 5943
19453 23143
7312 18421
9152 13022
1777 25919
1350 2123
5661 22724
12136 19503
15565 17792
3395 7900
13110 22277
814 14627
11946 24738
369 14080
5189 11576
5554 18534
18663 27222
3041 6371
3837 23681
14633 15808
3753 4972
4159 19005
8854 25221
8703 14418
9011 26956
10154 26913
18823 22415
13389 24955
23619 26131
247 7031
16036 23214
14086 27497
886 5807
23091 24127
10831 15534
9794 26487
596 19750
6525 12355
1884 13888
1844 27121
8301 27480
2015 2191
7543 11415
4754 15304
606 22087
1670 19409
14234 17702
13358 24886
14728 16083
10083 18581
9006 18128
9196 15632
5716 14569
1858 12652
1195 9154
13744 18788
16244 16995
7512 28044
4942 20353
10453 20718
9663 27447
10242 16014
1123 16749
6110 9087
4519 15789
9915 12444
12855 24131
2823 17713
18425 24131
24172 25187
21436 26803
6188 27271
1424 15650
5197 22857
8717 23721
12069 20108
20076 23037
8388 8924
4289 15749
19445 27474
6987 16582
21011 26508
7387 24425
8285 19571
4051 16762
3357 3609
16184 26134
10496 21886
1689 15367
12410 23896
1091 11128
8249 18468
9840 22040
17723 26665
16762 17370
3953 19871
9970 24008
11254 23265
6308 8586
7157 26098
8806 19952
20626 24716
22158 27323
7337 17283
15548 24344
16626 20789
569 9333
7953 13106
17256 23105
15179 25186
1238 18574
5609 14033
2250 25539
8085 17495
12197 16855
3334 15203
1116 8174
1254 1470
15178 17782
5275 16668
24517 25547
13203 21881
7804 17892
849 24056
1366 5053
13364 21887
17289 20421
7201 14600
1144 6936
1397 14206
2130 26812
3634 6227
20778 25017
11948 25257
3598 16353
9989 12860
3910 16871
7490 14776
4824 6601
2410 12866
5915 18951
22712 26331
15642 17747
7758 23365
14989 15244
20073 26926
6595 6848
10532 11905
5042 22058
4742 14795
9670 20637
8539 8757
3714 11348
25629 26209
4693 25467
3903 14971
11330 26865
10585 26193
5445 13819
554 22905
660 11953
1727 12405
5504 7861
6255 24569
8091 8801
8043 27367
609 20406
4026 14507
8880 15749
4671 18541
4693 19548
10086 15511
4454 22981
2999 17603
12985 20916
2874 14038
13220 22956
2542 18784
12773 17273
5008 17329
8939 9590
4340 16726
8785 14728
1858 2351
150 16151
1555 19966
9903 27969
7320 26372
3602 13340
2213 14033
867 19265
12674 17067
1931 26344
8891 18876
3890 6605
7778 16651
12356 15591
13197 21668
6245 13608
5117 11076
1725 4573
17364 19899
9114 26560
891 6015
7467 28177
26232 28108
23162 25287
3566 19121
1302 23282
22438 26497
3059 4429
25245 26297
12209 22949
4178 9281
8845 21984
9717 17386
786 7406
115 21203
4557 9850
9241 16832
3544 9940
653 13966
2967 25276
8471 23999
10937 18454
9769 26869
8956 17406
1874 9622
23948 24829
17441 18697
850 1695
14378 16850
6081 13222
6589 16686
21917 26348
20039 20369
11484 19572
323 7015
26297 26877
12506 25540
11614 22222
15694 24984
1440 15508
131 14378
18951 19325
396 17250
23198 23515
3793 7741
5943 25277
10901 21687
9006 9884
17057 19793
9715 23752
20805 23201
19445 26194
10743 14272
4634 24164
24674 27316
13373 25564
22132 24364
2632 19447
15983 23066
2379 22613
16673 23442
1 5789
6973 10094
2340 4594
7387 25260
7841 9441
10309 14193
9127 16043
17511 25969
15609 19739
788 13193
5676 6965
514 4325
12693 18176
3163 9368
10390 19467
7031 19371
8161 14965
1677 10849
20621 21778
1331 18055
22798 28032
5419 10908
11430 19016
22425 24131
3381 22981
1925 4087
11590 16183
711 2413
15731 20692
16311 26598
9933 16867
1394 5782
2748 6728
12851 14599
18760 21549
1321 26319
5659 18255
15022 15478
8588 12709
1864 11585
1177 7736
12444 21638
12145 16865
4336 26858
89 22581
23711 24635
6962 9010
15666 24451
18819 19183
11878 16276
8054 23353
11989 18377
5071 16969
22724 23388
4850 26017
1391 23279
9193 14712
7057 18752
1112 17487
4102 10042
15883 22481
3544 9774
18787 22956
7668 14471
4729 28158
11992 16058
14418 23857
13468 14648
13284 22416
18228 25327
16362 16683
14777 22008
13236 22581
16453 19559
2596 8115
16955 20144
7877 12936
11636 24068
4720 22334
2012 26358
956 13970
7836 20933
1239 8481
13329 19156
24451 24846
15549 25735
3069 20648
5032 22778
1925 24912
1565 16292
4858 8701
7927 26179
8132 18034
1521 18521
18921 19390
1713 7471
9662 25899
10018 14633
10105 20752
14486 23846
10298 21619
14154 19985
1038 2925
16384 22581
13980 19287
8438 23785
14672 16922
15124 26368
22338 25121
1884 3463
17054 27261
20612 23560
2596 23657
19758 26665
6832 22965
7915 26974
14820 26422
18985 23893
1181 9641
6695 18102
1028 11192
22183 26476
3373 18761
5112 11060
5540 16386
8429 21058
10660 22376
1769 8296
588 1814
353 485
3076 18157
2842 23736
10070 22130
12076 23243
12017 24055
15872 16152
3080 23552
372 18142
811 25180
16175 24351
6172 9761
4796 7379
7586 22884
7721 10928
1458 21623
15297 23926
2031 9658
3326 24065
1573 13129
8437 8493
13733 14322
13553 27211
16340 17167
26536 26766
9725 22884
10699 24230
19565 25049
5228 25301
1493 26068
7772 14092
6940 24945
5327 19853
11911 26009
12093 17584
12075 24904
13442 25987
3355 18622
976 22004
21904 26727
1091 17947
22700 26565
327 12474
16666 23234
13055 17169
6037 14048
10969 23154
4159 25099
9980 17822
5565 6658
5301 10668
17169 22992
5418 27886
3080 24019
5358 25699
15759 22090
1394 11647
15712 24317
7669 23750
14650 23926
1267 18703
6489 27271
8849 27514
21123 27382
14490 17194
7512 17630
2667 24169
4930 14258
244 10593
1101 1487
771 18449
11444 22734
7258 28162
16724 19335
14317 22483
4732 5680
12228 24061
19212 27458
23932 27821
11533 13603
23866 28108
16588 25306
17584 28057
3872 13186
9702 11274
11970 26536
3994 23353
6495 19169
10720 14007
18417 18625
20081 23655
1389 18777
20619 24053
8696 19518
724 13045
5710 6209
6707 9951
2270 15845
9460 27279
4819 24699
10883 18533
19982 20719
9525 16527
7796 8939
23897 27449
1462 13878
13681 22829
2709 8145
22210 27954
2786 8400
3819 11406
2447 26324
4492 5191
1049 18945
5890 7002
4267 11902
10801 16162
1605 21943
19781 26745
2339 25580
7624 14489
15762 16440
21054 26055
2576 7403
14592 27113
12422 27372
629 17402
17649 24268
11562 16284
2348 7467
6039 25772
1878 5549
2073 24829
7469 7956
1795 4142
22265 23094
1721 23245
12821 18556
6557 10187
18532 24127
13192 20557
11172 27963
3357 13155
2212 9226
4329 5767
4802 7521
7459 26698
2906 25911
18607 26879
16401 20258
14240 19762
20477 28158
19714 25765
21929 23176
11599 27795
6753 8596
22996 27841
7112 17963
7416 25110
2030 4634
21875 28003
3666 14633
1008 12214
3922 28183
17742 24127
2311 5497
17870 24580
9993 15696
19819 26503
153 21836
17992 27942
14826 24405
5748 27289
25250 25591
13794 27814
5864 14440
10054 27899
7783 22984
7836 16377
13140 19008
17484 18424
2449 12262
4384 19247
13564 16460
152 12597
6454 20092
10215 12404
2740 4477
23328 27107
15437 17841
23906 26945
9420 20538
8818 14537
21026 22477
6718 26922
851 2447
9137 20640
1293 24131
21066 23136
20778 22814
19601 19717
7185 22048
8615 13252
7571 14688
1836 20621
4721 17377
4192 11450
137 1813
3472 17678
3346 20222
9429 12954
9073 15561
16984 17182
4367 13847
7927 25345
15565 25981
4526 7420
22340 26774
4675 9219
16055 24610
6091 26951
21172 24539
1234 19730
15619 22865
20417 24390
5153 24374
10961 14243
8860 21742
4320 24122
26107 27158
15541 19820
8336 20956
9115 12108
2549 7091
8062 9741
11872 25813
18110 25807
3745 5485
9265 16861
6576 14941
4719 22031
2565 16197
13195 13890
2101 11784
12902 18881
4044 9280
9896 22231
6239 20355
4117 4654
3774 16092
14807 21057
2022 2061
5768 16367
1116 22987
5651 13357
6184 8543
2345 16046
10425 16941
11880 22734
5846 15853
11444 25842
957 11790
16301 21920
24055 27500
8624 10307
11023 17129
1182 25559
2820 26283
12452 27087
8841 17423
7885 24601
9105 23633
1502 13040
25348 28201
7709 8110
3122 11192
662 6455
2416 9251
5756 6062
3758 25956
19212 23628
3098 9491
1982 6443
9524 15928
15425 25712
21506 21944
8120 13297
4347 14800
23063 23082
16867 23143
2518 27868
21835 24080
15610 17933
6322 13874
909 26063
1816 18811
14189 22047
15804 20339
183 4603
7511 25039
15286 15376
5441 7987
1759 4101
1628 13998
1921 10182
12646 20744
11809 26126
11028 26097
6594 18084
11594 14477
8730 27413
12200 18760
6951 12034
6728 13054
2354 19774
3925 6669
2699 23284
2157 5497
3472 5649
1603 14076
1900 3169
6798 16791
17785 18453
5558 8056
7950 19833
6783 14696
1067 8496
13342 23870
3698 10346
9560 14724
5585 18823
7053 25017
10837 15866
7218 25043
21226 26846
899 3125
843 18996
7926 19836
11331 17020
13968 14039
4226 20046
18116 24590
5913 18189
11897 24781
401 22112
3329 6560
3805 13341
3517 11988
9853 20616
21222 23143
9152 12188
4967 21346
9333 23521
3545 22849
18670 22872
406 10480
7315 7913
1695 15837
16338 19055
4109 22473
23373 27659
3208 23895
5466 9582
9438 16826
1438 5979
8766 24586
1643 23763
5601 21763
11746 21725
2667 24803
10425 16986
3900 11164
16276 16845
14424 21545
613 25160
229 8852
1773 20945
9907 22476
20707 21821
3803 14665
16578 25868
16181 18824
3230 17782
9018 11610
3695 6408
3149 24696
17259 23609
12552 12573
1764 1922
8944 23365
1980 4803
11276 24127
9084 9670
3885 20109
7189 24061
10594 27867
15505 17259
1727 21079
1878 7777
16470 18160
7965 25258
5829 8875
4772 5701
3745 22359
13262 21016
6840 8955
19827 23338
13359 27155
14080 21945
13560 22507
3656 20107
1126 26753
3469 27520
13414 14499
10358 27610
2710 6752
5485 12432
5378 26404
5449 5748
4738 18313
17412 18164
3719 7919
1878 25750
3399 9564
782 9526
2596 13967
4700 18884
11289 20003
21473 21562
1487 9989
6514 16425
12657 18285
5982 25992
15561 26037
15611 21903
24570 27035
369 26503
13723 21873
8318 8504
16436 18652
1349 2535
5327 23254
11880 22700
9197 22374
6293 9206
6528 22783
14022 28068
1284 18434
12205 18669
9239 13472
2567 15187
18304 18883
3456 20976
439 15851
15083 15870
862 12664
766 20088
12010 22996
25296 25669
11334 26762
8531 25769
11443 11592
8040 23806
14468 27121
2105 5725
6296 14993
19712 19741
8708 12523
14555 25410
11562 25534
18294 19269
5007 21026
18626 22415
17279 24237
6935 10208
18920 22787
15536 26312
12284 23767
705 27190
7524 25265
20309 24503
8349 21366
1613 3667
21796 28042
4102 4745
16823 27867
7746 26629
2512 4672
7670 15410
874 20096
7392 24924
14544 23447
17388 22701
10733 24752
7293 24069
7523 17965
17754 28181
7677 21767
16457 26861
8441 9617
14711 21497
11059 23650
10442 11559
1091 27722
650 735
638 5048
454 20922
17752 27725
17803 27129
17300 18128
28 5961
3296 18753
7350 24753
1067 20973
2642 9961
6216 20415
25849 26104
337 23531
245 15572
2686 6832
16814 19827
14215 24543
3511 10088
4695 23640
21895 25265
9114 13875
7692 23385
193 8363
862 17977
6007 20758
9881 22716
8147 17731
8491 10782
3872 17214
17486 23455
7610 27841
3053 15670
7744 21010
8070 13987
11795 23771
7502 27194
10800 27042
16588 18763
7261 19003
1758 12790
9226 11811
14010 17787
18087 25100
569 9214
17889 25157
8982 12455
11874 15173
4568 11775
15088 16943
997 8515
4142 17597
1423 12495
5579 10441
16435 27296
4162 13164
7813 25399
16055 23113
21147 27360
24122 26413
17098 24466
22787 28271
11316 14683
5493 23457
10544 19688
9255 16026
9496 27822
15991 18177
10569 22240
1181 19029
7682 10350
1256 15334
4142 10935
14026 19152
8057 9660
4255 28194
16441 18855
1707 16946
8959 22561
425 20008
8730 12347
5734 16509
10280 22446
6990 8177
179 13282
7438 24908
839 27936
11059 15698
5087 27221
1948 22278
1752 18331
22870 27586
9639 18082
5235 19502
3446 18950
1575 19567
4831 26688
10396 15236
9502 15699
659 3777
92 8746
1755 22659
5618 25903
17435 18872
3665 12020
11677 21255
12890 21673
2104 7804
546 21266
2111 5440
846 9908
1 5011
5296 16959
14374 27178
5149 12646
5225 9032
9838 27872
21671 27742
5891 11697
3527 21018
15619 18533
1848 27548
1780 5342
7225 20500
10885 13202
24269 27576
7823 21407
25046 25163
4302 25831
13203 17260
13014 18667
13059 18401
1178 3587
21548 23582
955 12602
498 12564
711 25452
1925 5285
3695 22440
15950 25835
8441 19806
19964 26084
1773 2412
1636 23295
3988 17438
7103 20409
11469 15182
784 9203
13564 27715
15660 23072
1797 15920
933 8715
2954 28055
5430 23974
17889 18043
3139 9524
13175 26798
10934 14096
7048 22763
2518 14771
6940 24509
54 26364
5989 6126
16500 21277
10442 14815
11575 23722
16623 22078
9932 22763
888 1697
12682 12733
9558 28210
1 9051
16659 22771
6220 20165
406 22216
10920 17647
1852 3872
16372 18696
2807 2957
25830 25855
12260 22363
5617 9328
8737 22651
10124 21279
5484 21505
10650 23733
3803 23520
20288 26546
17310 18419
9851 11193
15726 20045
9399 20476
5636 22691
11654 19068
19374 25265
3572 13838
2259 12228
65 17214
16293 24412
16021 24681
7007 14511
1163 1738
25963 26927
4031 23265
18740 19720
6298 16372
11484 27779
6182 18979
10326 13897
9404 18700
7568 7623
4048 15229
6503 19899
3802 14997
17963 23132
7778 24424
12081 19244
7127 15493
11856 21946
2247 4859
4962 10264
3638 7523
6883 25250
4614 6957
5724 17996
15892 24548
20676 23843
4933 6007
9098 27761
8274 18873
952 8842
808 24940
2530 19768
8267 28194
758 2929
327 20578
24841 25693
1936 24057
1082 11592
1540 16243
4391 23929
1496 10181
14728 25858
2718 4243
2339 5991
12965 15575
11571 20081
4059 10646
5513 10495
2311 6972
4605 14794
4649 19251
13992 28108
17712 21849
14140 14961
14524 17505
1338 13298
8856 26806
18679 18909
9009 18523
509 7002
5657 18567
12135 17963
9238 18000
21364 24548
12352 13566
4456 17146
11809 15019
13498 15139
13681 27199
4409 23395
9843 14452
6936 21125
9256 27132
24607 26424
16074 26296
3810 13245
8281 26419
523 16274
13832 15907
21075 25182
518 11113
4519 5219
8891 16806
5978 26273
25302 26720
5024 19686
4674 22449
13227 26438
3712 25366
12536 15421
3802 16276
14735 25717
2617 18797
422 13892
9433 17782
282 8184
7932 14047
9569 15985
22905 23157
3059 3073
7152 23096
12317 25838
3689 9613
16590 22011
4904 10462
475 17967
2326 24363
18381 22497
14790 23267
7032 7368
14034 21767
9808 21445
8407 19934
918 27174
13918 14703
1860 21110
915 12939
14037 21680
1231 10392
4245 21293
7386 11637
12614 23033
17264 22018
10166 24876
13978 27938
8931 12711
8746 15736
4581 14050
2092 3733
4797 16071
4873 8718
15658 22978
900 5761
8976 25145
6956 14070
929 15086
135 10244
11859 20622
13970 26764
2395 9398
19827 27458
4362 19846
12228 12709
14048 25534
15052 27495
904 3863
10855 18146
8462 10450
10309 12075
872 13013
949 1462
339 12489
397 27657
20705 27648
3734 21970
2583 10957
15911 16674
7522 18626
1672 20640
1438 26981
6232 10079
17518 25730
145 15292
10582 18942
4515 10484
12800 18210
5635 18789
18026 25774
3437 7094
18994 27175
3101 24543
344 19333
23686 25949
13 25684
3970 10876
16890 27642
25454 27557
16689 24783
15536 21438
4711 12901
2757 24976
22103 26946
1863 20732
15188 22897
16070 17984
9411 18057
7758 23474
7469 10956
9214 11457
4806 9923
7297 10410
6251 24689
11898 22156
5377 10538
3084 5018
16338 17097
14050 26413
3147 18011
21717 23082
9123 26915
22460 27320
17587 21182
9834 16901
22193 23793
929 3622
9614 27696
2811 2938
2314 17725
3864 7835
8418 25729
636 9823
14380 27987
15263 28208
14588 25174
5327 18533
18428 28228
13127 20046
2460 13787
7608 26665
11444 17901
4248 12271
7734 12212
8746 22900
1858 9055
4931 23679
12893 16991
7758 20837
9551 24737
10449 18823
2206 22489
6255 12573
7945 8947
5764 9799
8620 13124
4906 23422
18436 25977
4256 13989
11273 18725
10352 17892
2320 9415
11630 20021
12992 27542
187 24653
19410 24608
15673 23816
13096 26588
8225 25147
1000 14288
12155 26322
4962 22423
3925 12657
10321 25704
2527 20016
22340 24200
19712 27821
5416 22446
5114 7535
21003 25057
3741 6548
3287 25829
21049 26518
2438 10720
5042 20427
8905 18712
495 24610
6221 19566
6161 26753
4886 26601
891 25829
1795 12287
8243 13810
1632 25399
15779 18070
21407 22153
14513 27393
5984 22046
17865 27441
11295 24855
15224 18898
10598 24945
17657 18221
902 6552
25058 28150
15037 22205
4114 26672
9561 25838
273 4321
14050 18679
10527 16511
2058 27514
13241 20204
10800 28099
834 14518
13316 23175
1505 21468
10322 24499
4791 6765
15695 18010
9306 14769
11670 16490
3455 10386
5454 17756
2759 27616
15941 17401
3285 7202
9999 20343
11023 22340
7990 26690
7893 13165
4378 7813
9067 21798
18743 21045
14474 26476
18791 23665
1126 3206
4017 10869
19447 27867
7192 19985
1852 11483
8808 25556
1744 9196
1756 25823
7990 19109
18133 23249
10837 25701
15292 23728
14158 26974
7623 23733
830 26016
7144 27016
10493 22156
20056 27621
962 17443
9465 18823
18553 20947
18259 20449
13152 28278
24753 28044
5716 24610
683 8488
2262 16854
12807 16901
2118 18704
3708 18423
2172 21397
9866 22469
2375 18895
5620 19721
16736 17725
9231 25244
4442 27951
22048 22935
10541 13425
19670 20179
455 19327
5719 9367
580 7085
11916 19871
7584 26486
14465 24577
2183 15712
8924 17458
1587 20544
10776 11997
1229 4878
8492 27908
3548 28098
1643 23204
4019 22899
4574 17495
2617 17804
21623 24589
369 3753
3634 9684
17788 22403
3059 18823
7033 17994
22479 24409
7176 24127
11141 26882
6973 20170
19933 21936
16525 21503
17530 20282
7362 15508
8825 20342
1852 23857
5055 21269
5989 8478
17880 19669
1027 3072
9024 18202
1349 14423
11080 20545
6426 19827
5437 19879
19502 21251
735 4218
24108 27311
17838 22857
17263 24104
6575 16152
5197 21431
24779 26003
11295 16559
1710 12949
18807 24060
3166 26116
630 5128
7002 23574
439 13048
6877 20745
10668 27611
19180 26498
2556 14912
4965 27316
24011 26436
4072 15664
27374 27716
7695 20503
18608 23202
15869 16959
17634 27670
14082 14748
2021 27087
1929 11599
1432 24928
11080 13213
2997 15542
12855 24057
7797 27612
2948 23326
1058 14865
10838 15227
26319 26826
341 22061
1097 24888
1345 12634
7550 11496
7469 27203
9077 15666
26187 27373
16431 21915
1727 16509
21881 25281
3172 19337
7925 17105
19378 27044
3157 25606
1940 16604
10815 17991
12324 27146
6255 22296
23311 24069
4560 27519
7401 20715
15817 17700
4307 18136
3711 23878
259 22078
3806 8715
201 12440
6637 9192
1440 12274
6341 8753
19625 26838
20529 21671
192 13163
17874 21473
1070 1818
1750 20250
12155 26591
11659 22506
21012 24369
9788 13275
2610 14713
9904 23159
11616 18162
11867 21391
9478 20897
337 21436
12028 27831
8182 20205
6292 10365
19712 24677
11927 20144
9683 25321
7731 22183
7877 24040
8982 27869
12596 16998
3983 16901
919 10393
10046 24450
2246 26207
509 10197
3592 22131
3800 25519
5123 10070
1349 24292
2300 8284
11535 27783
3598 3990
7038 24244
2814 25976
17442 21026
13434 24406
12023 20367
12604 17955
3025 24894
6859 22739
6215 9785
211 12262
15178 21474
5714 23675
3859 13091
1152 17863
7502 27569
9038 22374
18604 27669
19853 26312
11281 19171
4416 8750
6699 21952
18086 24119
67 13405
18619 23655
19033 23660
16081 24331
6290 15920
14491 22240
3587 25577
25174 27420
11311 22319
14736 18462
7060 23822
21254 26728
23396 27719
8657 22956
8048 16957
17893 21229
14353 24765
6478 20661
2227 16451
8620 23696
2505 5119
11186 11199
8127 25881
14873 27622
1351 21544
15349 22992
347 15664
4142 9716
11089 21891
850 13924
20650 26928
150 583
2961 13370
8526 24665
22998 25872
2363 3522
8157 14432
5201 8442
6215 11043
16142 20156
8001 10344
9113 27117
2980 13271
6238 6495
5665 19086
605 24918
6931 25759
334 6377
1745 6399
17838 25956
10114 15108
1769 11854
11483 27562
3406 24240
9424 21323
17804 20747
5394 13770
20695 24028
17329 26469
6736 14552
10688 12737
1920 25090
10846 22481
11444 24823
3482 20279
11331 14372
14666 27923
5102 17752
20420 20705
2560 15624
495 23298
3242 13421
8222 16162
14743 19849
4600 14971
406 14976
4099 25406
17763 22160
8689 16350
8887 9565
2130 11076
13969 22365
17418 27276
5890 8797
3727 10605
18591 24425
10714 13741
3291 22043
26908 28263
9473 23289
8188 21640
8579 14997
968 1970
9524 21479
2110 9093
3002 5368
21470 25294
4749 26151
8656 22787
5670 14136
14564 21296
20575 26133
753 5465
10279 21452
4734 19539
293 10701
1879 7768
2396 8338
21730 25669
4245 13461
3449 20066
12371 25391
11983 23034
24688 25144
723 3855
2207 15672
4717 18423
9009 12943
13939 19761
10350 25009
5703 23188
11264 15676
6176 8366
21549 27576
14370 25617
9487 12052
1302 12340
1271 15134
3362 22688
4142 16121
2036 24109
5435 22726
2735 5371
4130 15286
3399 7016
7623 12111
21804 25953
3236 23296
14141 19879
24563 25759
2982 22884
19770 26295
9483 18541
15110 27179
11804 17965
5497 25564
10241 16766
5010 19424
18911 27329
1851 17115
3472 17861
16939 19968
971 7351
3802 19617
9386 17782
4720 12965
20096 25595
1500 26257
21523 26509
18149 19869
3762 8001
9356 18663
10680 24904
9312 14588
9900 16955
5075 18944
4440 25165
347 23379
18741 26859
2905 3690
9806 25793
10892 22513
20046 24325
9748 17963
13181 16259
3805 4457
2002 14007
4984 16036
10298 17804
15446 23560
12948 18572
13291 27612
3598 8057
8963 14748
8764 17582
1365 21849
13301 26147
10022 23276
11260 18132
13757 23150
10437 24412
1833 6154
7499 11187
7342 22426
15541 22415
19963 24181
11051 26005
13106 25412
6317 26273
1068 23984
4855 12434
15292 25259
23391 27676
11628 27108
711 8039
5419 26430
9095 11815
4623 7698
18669 20796
10111 19864
8623 11484
15236 25713
13700 21438
17294 25608
1014 21359
9524 24530
8025 22654
11696 26528
957 18827
341 17823
9707 15493
9702 18166
12237 24856
13220 27285
25392 27376
11281 20162
3296 8875
14566 16715
7869 12724
18867 27841
11461 19307
872 23691
17250 23032
22040 23932
12785 25640
13700 22962
3372 26584
3872 19482
8046 13707
9562 10170
6586 15383
21633 24131
10407 23274
7571 16779
22415 23823
312 14380
2288 2517
3053 16964
2282 25800
5970 8291
8586 24330
9563 21058
7656 9233
2937 20608
1036 21852
4095 5209
6141 17718
7745 9762
8954 14955
13190 27719
5793 7677
4831 18371
1388 17013
3267 3915
21768 24217
1779 21849
6255 15610
19611 23369
11796 27007
8850 25083
20317 21859
1015 20222
238 23768
3205 17963
12556 22471
19819 20849
12531 16596
21226 21739
8290 22771
13186 17543
22328 27655
1153 8573
804 12541
21211 26288
6771 17354
19819 20789
3319 14781
4101 5327
1143 17963
1222 13023
12212 18281
25046 26150
4198 8909
23997 26069
17615 23736
16373 16665
6926 9635
3075 26800
727 15619
12086 26578
22702 26391
4619 13516
6903 10342
15228 17938
3053 12551
27067 27599
7768 14804
6848 24677
4439 19210
7325 24148
18050 19140
2133 24559
6848 12956
9080 18468
1015 16289
20778 26358
8781 16311
14445 15220
15892 25270
18029 19542
7584 26173
314 4498
22235 24705
3080 9939
2742 26691
11679 11688
12363 27052
23738 25563
8898 21291
26249 26724
6859 21910
8939 27923
4614 24363
16816 27150
10774 19061
23857 25699
6478 15073
10839 25490
14572 26779
9271 21770
18249 21079
12518 26396
6148 24081
1264 11141
16240 21890
1112 4361
1628 17120
8485 14132
21569 21580
21464 26448
78 11940
7323 21798
14437 25934
1851 28055
2168 15694
8810 11696
1085 4557
18647 27816
22309 22781
2954 6780
14287 25167
4090 12228
3587 3728
388 9703
24537 26081
1266 13165
5270 24472
175 1609
20224 26142
11495 16725
4633 6229
18886 27451
11997 26298
11261 16562
237 1058
609 18363
16625 21710
7980 16835
2288 27932
1921 9821
5500 25616
11094 22649
10102 20166
9226 16901
9570 17370
3279 15899
11545 14710
2872 12994
3820 26151
19159 22884
5794 27923
11904 24703
6668 19086
3428 4037
21925 26053
10051 27780
556 2568
10800 24603
11556 18259
974 21849
2954 17443
13186 13405
6931 9408
16608 22834
16688 21927
4971 18044
21766 25878
5085 14341
15536 25786
2801 21035
21855 26536
16963 25201
3374 21178
2245 15739
3102 15593
3206 15245
17167 22984
882 25498
73 5832
4550 19655
8978 14050
13078 21745
15341 21577
17056 22341
6661 12164
569 17543
2767 5767
898 3987
15916 17483
17701 23662
2040 18668
3063 13970
4218 15364
10330 16223
7386 13294
10737 21505
10389 15141
1951 11026
20054 21244
15130 28049
17651 22714
1487 19123
1415 16065
5988 15346
17696 18458
17695 24095
2102 2646
16806 19780
22120 26092
4753 10160
17597 26102
18959 22779
21738 23761
18419 23066
7813 25697
3059 13954
175 11210
24062 24288
6488 15369
716 27381
1412 19171
5604 11295
5979 23086
886 15421
7091 21695
17727 23941
11344 11953
11552 17429
392 4296
21152 26466
9252 21707
4448 16997
16108 22497
346 12569
6177 7804
3014 20775
16993 18259
9670 27500
6678 8413
5660 23369
5977 24288
14073 21901
8463 15670
11229 11463
5725 11562
14891 19971
20827 22114
22238 24192
8436 8959
2483 14987
3118 23122
8493 12717
22965 27562
1878 6317
1278 25787
5348 10560
9979 17724
2339 6765
7495 22322
12955 27130
8251 14633
5618 27795
8483 11571
14599 17479
19039 24908
2373 7039
13033 21577
7007 7528
18796 21350
8003 24406
17442 21291
14681 19854
26157 27220
11935 25419
12754 15133
21182 26946
23254 26687
86 15354
4419 26412
658 25849
4878 10800
22847 23721
4308 9717
17146 25405
4977 26232
1056 10726
176 27606
5791 25586
17399 18060
3674 24395
7804 19991
3052 3589
4775 13021
5630 27594
3367 17845
889 16862
3619 7166
6239 10090
9835 25088
17100 22463
967 16261
13619 25559
9835 23833
8781 13271
4168 23423
9228 27778
9236 16324
6882 13609
12090 12651
1310 9278
14648 20115
5301 24415
12954 20712
3215 20095
10407 16058
5181 6973
1898 14880
116 24500
16517 16640
15592 20392
5346 21037
406 12433
22585 25986
1925 17057
6377 26337
7137 12010
4019 16991
19907 26862
9252 28140
3114 13448
10604 16537
2922 15965
8297 14318
6246 12725
6832 11250
15397 18604
3424 27621
1978 3589
24068 25557
5502 15480
12556 22040
9999 24572
7315 28215
9869 10815
4623 15985
24318 26635
7998 14020
1340 16249
8718 9065
20069 25110
1779 27844
14556 24047
1590 5207
1284 10421
7374 18833
17560 19123
1519 20828
14337 28182
14411 25241
12341 16694
5832 7517
3976 13480
12483 17070
17262 18082
5725 7835
5345 14098
20737 27313
396 6490
10089 25108
10350 22212
23868 26773
4280 7470
5743 21113
154 14954
15265 21569
683 23345
10920 23553
4571 19945
20836 25500
693 21126
4263 12725
579 15891
2245 13980
5696 13836
3757 27514
4349 22606
10600 24218
7758 11975
13266 21431
1979 16927
12405 14728
6591 11836
10581 26153
19909 26975
2721 21915
13422 24843
2163 6832
5413 28061
10935 25308
3867 15894
1593 23703
881 7497
23318 24274
5084 21577
11916 14244
4675 26061
11263 12852
6046 22015
3940 16377
1600 7768
2646 5196
3152 16900
650 2927
2888 24613
9226 9590
8754 10580
6582 13376
8487 14681
974 18095
15443 27686
2113 19162
18406 26327
7649 15942
7940 24851
10509 24054
21616 25136
5832 16548
8592 13597
8003 8465
10619 14794
5734 24241
3989 11322
16957 19028
9915 20667
14947 26222
10848 25427
21356 26612
2110 11627
4742 15515
15637 23246
12493 15175
840 3267
5993 23898
3063 24374
21098 27298
19255 28206
2611 11997
2435 8730
7746 9300
15847 19293
327 22205
6780 22012
1363 19169
18310 21630
8287 19623
17262 18705
5958 28235
20775 27822
6017 17246
10245 15265
8825 20958
4041 5289
23065 24731
21236 24409
4429 14758
9616 21148
4489 8753
20475 21762
1635 25220
23273 25754
11751 12452
7225 13785
10416 13175
864 3999
657 13783
7487 13091
10648 10677
8751 26347
9358 17022
1351 4484
10646 27006
4577 24674
6763 20347
1243 19657
12550 27684
9222 16642
12945 22190
22547 28205
5547 10743
5832 18460
10208 16999
16103 18797
2797 11154
110 8057
1596 12269
21873 25320
289 23372
16856 25167
11191 14304
4135 15772
5448 8283
13516 26003
12055 23248
19189 22696
5859 17787
14136 24145
21384 21893
16188 16697
7048 19285
1234 22105
9023 21004
24169 25658
1 16675
9514 14745
573 9548
14650 15695
11484 24199
17146 27867
1878 17057
4505 17527
3819 8003
2596 20849
7357 27913
1254 24549
15464 22798
7728 16038
14768 22273
14768 27664
7612 18328
4091 17507
525 7328
6105 15772
24450 24887
396 11975
5169 9833
24043 25011
9302 20696
7297 9696
2759 20417
6103 22352
4724 14937
4878 18832
5478 24836
6379 17027
9865 24772
9503 22464
6377 7097
11776 18019
1868 17731
11216 17562
9356 26509
11080 11127
1609 4581
4463 21949
15727 23890
14839 23653
15892 19150
14345 15775
16912 22607
1575 19275
5372 19576
10249 21822
4525 23589
11771 17120
5383 12506
5418 8753
12020 20667
5217 13452
6069 23767
810 22663
21505 27643
8466 16942
18600 25259
9596 26045
805 24491
1630 23327
5321 19441
4218 16905
7950 23906
1740 9800
21207 25714
5485 24122
7758 9494
19735 24965
23140 23310
9264 23671
16798 22758
1721 19207
3803 10767
7243 27980
9973 25646
644 18578
20313 27085
13830 27183
7368 17715
11565 21315
13492 22453
4038 5184
1465 10270
8785 18280
2303 4711
12754 19817
17636 22564
599 7952
17279 24653
5047 12143
8158 23566
2876 7373
8618 10594
11444 15619
1116 10838
4807 7311
7962 27091
19977 25088
1275 9905
9156 26963
21881 25559
15239 19732
7158 18603
2826 7519
18787 19457
12428 23499
3253 15212
313 18224
426 1852
21028 27665
13425 25490
2721 5751
6886 8024
9491 15431
9148 26901
7141 10805
13686 19735
2487 13698
18427 22242
8057 8770
13609 21497
16095 17477
92 9569
7739 24727
660 19363
1609 15201
4678 8164
15195 24374
23944 25550
9034 24127
1343 5716
11365 24616
1597 23026
17715 18348
3149 22719
1 21695
2967 12734
4090 21186
3782 25115
13610 25456
7128 23265
21387 22322
11258 18833
12798 16117
808 16269
2485 18422
8630 10876
19334 23267
10324 26478
7282 16716
1329 26447
4611 5289
8734 16445
3472 21823
19154 22985
13293 21135
8669 10730
6239 17743
3571 13609
20831 25110
1936 9078
9194 20144
18771 24238
11880 20667
4954 19154
13254 14784
23830 28243
17963 21407
18094 25143
15890 18755
1092 20431
5315 27924
10208 14411
18736 27221
16959 20950
669 4141
17204 25329
5533 11898
1613 22996
2740 9487
11416 22254
1442 14039
18400 20092
9550 13474
22017 25669
10057 17054
13108 25260
12341 21369
6009 23422
5953 25969
19811 24572
17763 18883
2087 25283
9782 27085
420 2482
1645 21327
10826 25174
4442 9747
953 1272
1878 7087
396 3314
2803 7741
10487 21798
19086 27563
9416 18669
14604 19374
539 2858
18018 19169
5247 14038
5199 10061
17953 22416
10050 14076
10270 13744
9774 9904
1980 7758
11792 17018
3089 25301
10085 15072
9327 20479
15083 18015
11082 15610
22271 22284
17092 18718
3423 27896
9592 20575
5441 14278
17600 26005
1356 8497
7861 17481
4072 16523
15669 22011
8461 23265
10462 26582
23608 24232
12979 14076
10563 18400
23467 24383
10935 16855
3666 15620
10091 18218
3437 9962
22475 24223
17228 27795
5486 11122
5691 7956
14803 27770
351 24885
767 9574
1158 5389
20363 24543
12328 15725
6013 27514
7031 25049
8158 27944
17922 24390
1182 9141
9696 14378
16842 22423
11709 12842
14010 18369
4519 20860
12049 16853
2702 25551
7935 7997
8481 20069
2431 24040
15118 26043
9530 10165
11747 20159
16102 17058
1093 18845
15056 18046
9361 13025
9281 12397
15055 18908
5437 5773
8793 12790
7502 21438
16051 22476
14949 18940
14689 16958
1605 26723
17022 20869
5832 8832
7729 20630
439 3286
14569 21886
991 23798
4990 8277
9180 27612
3643 20625
17977 27342
782 9251
18160 28048
17169 17768
16567 27482
15367 20737
23392 25154
19955 22572
3788 20657
14577 24131
11320 22624
18784 23062
4035 17527
11585 24955
12452 28115
19704 21852
2902 9038
3864 25336
18920 25830
12964 16216
7392 26131
4562 12427
11771 21493
23830 24775
8632 16878
9858 17842
6244 26660
18475 25748
10839 13513
14658 23731
21593 23698
9300 14489
7880 27015
4142 24929
10215 18522
867 1004
10884 11093
19086 22040
638 22481
19459 19500
10275 17194
2172 18639
6931 12648
4080 27938
15221 17549
15866 18919
6213 18441
16907 19869
13091 18591
19350 19784
1762 18414
13754 19247
9747 20622
21798 23361
13853 15868
4206 14445
5262 26503
1672 24367
11677 16367
21776 25232
2596 22177
5587 11080
11262 17244
21676 25559
2245 28031
13220 19615
7589 24428
1894 2679
20794 21590
21078 23418
4186 9479
4747 7119
1429 13985
11260 19768
3698 10896
6738 18502
3228 27274
313 21057
3769 7108
16026 23598
7787 17803
8718 19551
16700 23609
16639 21919
7869 18952
17823 26405
17757 21738
8168 8565
11048 25568
4579 8781
4646 22980
1178 7496
18486 24284
23116 24952
4766 14652
1878 19827
283 3229
2381 18300
1332 20369
6555 17727
8245 14555
3624 6801
4999 22049
545 17440
6533 24610
24610 25155
11261 23178
4519 19618
1056 9774
8781 25985
868 21562
2015 22871
16886 21124
6342 22203
14771 24062
7769 21117
6994 16299
14503 26980
19438 22172
11331 13495
8767 17166
9997 16386
4805 4929
5359 24201
17530 24374
12587 23952
1142 8364
2815 4672
1687 17584
23945 24636
18541 22205
7982 26764
20884 23062
21768 27557
6075 22569
5775 7869
24313 26347
5430 25327
11350 21855
3587 18225
8318 14393
9461 18154
6807 7464
2362 17319
7400 15505
3440 17103
854 17086
609 20144
10559 20162
19030 19133
7748 20166
3689 12569
8508 8893
2520 7626
16394 27179
13608 24096
2205 10166
11465 22866
22078 23619
3757 16794
7390 15728
21349 21668
8943 19548
22333 26014
8317 21341
18298 21275
10963 14301
11637 18208
4233 26676
15174 16002
1405 16921
32 4399
1417 26000
16026 20601
12680 26995
607 27578
21491 23534
11813 16736
26975 27254
11249 23430
20056 24708
5802 10350
1405 12480
236 25966
868 23964
11709 18679
16767 27470
12811 25760
23219 24427
6497 21257
1339 21669
7760 13527
11444 22700
6103 27802
3270 21130
1056 18265
12363 27811
6848 19853
787 11248
2518 22553
9460 24136
275 18046
6573 7930
24262 26008
2646 13585
11401 14025
13670 20742
7019 16545
2664 20222
12881 15432
2750 5772
9455 22370
10170 26781
108 23050
3441 22853
13535 15072
1332 4043
6408 26358
6489 23157
8685 14358
11066 14886
6931 28266
1275 11640
4111 8586
3379 17338
563 17951
12886 14728
18521 22255
7566 26053
1500 23295
2883 8937
12357 20579
20950 24939
9428 22616
22502 26640
1934 10190
10102 20980
3034 10174
13086 19041
6729 14885
4966 22862
258 4181
8405 10942
25571 28041
14145 25272
15312 17836
505 9465
5485 17963
8432 8962
14219 21242
3400 5691
17586 23438
14499 20612
9591 11431
23 20108
8544 21707
1884 7205
274 11573
135 10833
967 25959
17630 22153
19326 27052
5273 9324
421 13980
8933 20883
27867 28211
16846 18392
1996 8385
13899 24134
1240 6766
1622 23911
7987 11575
9563 23932
3622 20837
5480 12829
9047 21126
974 20031
8510 19562
9584 17283
9590 24127
1180 2894
19576 25443
3921 22724
1142 11988
5575 15063
1373 8416
11471 20099
243 3041
3835 7107
2012 8005
14198 22775
8931 23085
15637 18871
4190 19433
825 1487
17228 21805
7411 18113
2740 12924
7000 24384
7635 24379
4417 6517
3859 24155
22094 24639
6350 11080
1604 19712
1171 12351
18015 26244
2227 13589
11141 22954
7984 27257
5727 6301
11722 27283
12221 21072
13827 18883
3765 17833
7866 10194
4039 16197
4979 13718
11283 26514
5781 18409
1958 10291
2518 12492
6809 16739
23553 25107
15250 26908
2709 12655
1411 16840
5852 9878
9152 17098
16311 17505
1543 10156
4823 27004
4680 10851
12416 19028
580 25999
9095 16582
8962 12956
17527 26806
2093 9991
515 17615
1264 6639
5325 17263
1223 25083
10039 17743
18610 19502
17511 22237
17136 23726
23914 26919
5497 19566
10425 22240
11227 21719
4636 19264
3167 23302
10637 17459
4211 7831
14964 18864
6415 18533
16867 20491
8451 9816
9528 14389
24069 24616
8990 20558
13374 18033
5919 24746
15638 22506
9018 12244
4199 10473
23803 24000
2193 5287
23053 27424
438 9610
14555 25387
8507 21603
14017 17900
18921 23145
1264 15759
16000 20361
16262 27993
7205 14807
16313 21497
16890 21438
8003 9574
6107 24160
9794 22872
7741 12363
19433 26344
2932 8722
4435 22156
4599 9176
20326 20653
2667 9654
2722 17035
8016 12193
4189 16929
4007 14867
2293 12754
6385 25009
4287 15723
19269 27554
21079 23310
580 23721
6623 18658
11444 17550
973 28093
1405 10587
8772 23408
8715 22187
19751 24804
710 19516
8197 10308
4440 27497
4010 8481
14010 21304
1820 7902
4980 8020
2635 26687
8824 14971
18968 20408
9237 25057
14334 17630
1371 5722
14738 24075
19287 24921
21688 24005
13208 17540
4949 7138
3947 22687
2524 22510
5002 24687
21493 25454
1293 13182
6917 27152
5003 23629
15169 28211
4737 15620
7501 24435
20816 25174
7113 16744
13681 23762
5543 22566
11975 22543
6981 27085
15229 27359
5800 11795
2954 16814
2776 7964
23946 24662
4732 11183
4298 23298
25903 26189
12110 22390
14532 23399
11747 13261
2454 14002
13493 17952
18659 21962
1516 8642
3667 26258
23415 27844
20379 20947
4732 25454
7719 22031
16026 25121
7091 20304
23006 25133
259 20754
8734 15025
11944 17035
605 23324
2131 7881
848 22454
22246 23619
16992 22862
18714 23623
3039 4248
1833 20376
1905 8785
21991 25287
14876 15595
6349 12677
15551 19061
9536 21231
9776 16208
7210 11195
3869 27161
14783 27969
1142 23310
3378 18772
21688 21732
20081 26053
1398 24287
10879 14837
1690 21362
21644 21716
10287 20130
23829 24551
8251 26131
3446 19139
2957 7600
1106 22409
10559 23730
11078 24009
8924 14771
7538 22621
19986 25061
3280 12684
23225 23539
4802 14928
18416 26986
24062 24379
417 1502
6229 10837
303 21438
16021 20661
8355 11646
15997 23873
21552 25894
439 2753
15165 17516
9141 16201
11930 18226
10813 16268
9962 28058
8220 11093
17406 26061
4203 24069
20724 22907
5181 9074
3251 16763
3684 9771
425 7894
6673 17153
15330 21132
786 24539
4218 18136
10230 10936
15790 16272
14233 23841
23090 24440
10998 20841
11985 16184
10102 15815
19767 24157
9389 22511
7827 24367
10018 22263
10879 13960
10232 26289
15589 27471
262 16039
7320 19721
478 7049
9189 13809
19663 21673
18040 18613
1959 9367
1182 17073
9436 18743
5754 15555
13642 25265
5984 24610
24145 25994
11931 21798
10454 26729
660 19685
20724 25197
5989 23454
4378 22273
487 22892
15736 16964
26737 27867
3264 9078
7769 24454
1412 8797
16999 25241
14104 22857
2526 27552
3197 15470
5315 22321
2814 27168
2723 10052
9377 22449
14796 25197
2686 21079
14465 15123
8637 17196
6298 9335
12244 23762
20127 21801
11149 16888
4422 17721
5710 25064
13943 18529
7061 12983
4920 14732
6493 9214
13937 14288
431 2542
14113 18529
16766 26188
5832 20294
7263 23226
27758 27966
18300 27627
11397 26270
10541 23409
7802 18406
15014 16874
22255 24474
24061 24255
9252 27259
16289 17513
10748 22743
13892 18740
495 23277
8757 11161
3417 28201
25344 27778
4132 17700
13091 19181
12832 14027
13583 25350
6687 23249
16006 26162
2259 24453
5982 15798
5262 11833
11937 18692
3411 24258
6267 23365
6857 24647
24195 26812
9963 20159
22993 23260
920 20200
11666 17035
1011 16750
3059 10956
22230 22310
14168 21886
4661 7737
8610 12832
2003 7618
97 8210
9408 26859
24554 27664
9569 14228
7983 10364
4039 21462
6786 27382
9416 17263
17657 20503
5621 21997
8944 14701
6106 22095
12151 24374
710 6717
20492 28044
18160 26764
11784 13012
7223 26798
5798 10917
23721 26745
6109 8959
3354 6061
2657 10951
8188 8890
2961 11480
812 25663
8811 14160
19463 20103
10156 25197
14681 26309
14657 14807
2182 17167
6215 12957
17354 17455
8893 9746
23809 24451
11129 11322
10189 14609
4867 16491
23762 26846
10631 16767
10054 13591
15293 20031
11603 27242
3072 5960
22013 25552
13241 20891
8290 22031
23310 25991
11027 17697
1852 2686
13583 19746
5565 24073
10449 18584
7508 13832
2983 6722
2027 7911
742 11133
92 12397
8202 21129
6261 17164
12521 14792
17660 27888
826 15251
16026 27221
15853 18910
8963 10100
42 8799
14129 17138
907 20019
8000 26061
8547 10189
139 24592
20479 27125
13675 21705
10972 11991
11050 22031
588 5115
15847 18516
4798 11579
4082 20311
1613 27969
1025 17302
8419 18262
1474 4221
8272 11080
21058 23657
22581 24435
1949 6107
2967 17901
1240 9115
10678 17656
9127 12562
5002 9421
6535 11439
1961 21982
16939 25886
166 1714
24904 27326
16743 24866
7407 27557
4597 12779
11444 20749
1477 27410
8155 16298
4627 18406
6215 7166
7213 14969
5273 12182
13777 14660
2244 5978
5641 24062
12883 23034
13815 27908
1459 2392
15056 24617
2807 28199
20016 20633
9229 24659
18704 24371
2527 25683
12804 26437
21497 21598
11510 18631
5852 14175
1006 16725
25327 25617
3354 24659
19735 25409
4944 25774
5453 26125
4353 15734
18262 19474
15251 27234
12773 22200
16328 16796
4075 9528
15672 18570
2967 20689
4340 25478
2058 22230
9732 14269
812 22413
5379 23866
11192 12369
7742 8169
13772 21719
9049 19942
581 8770
1871 7478
4633 10397
1186 18105
18945 22309
257 6441
2818 7910
6104 10288
706 26077
4288 24254
2955 11553
3832 14057
3162 24087
5655 18000
1042 8356
9535 26133
10090 20695
113 16480
6301 15955
183 12890
8949 28254
18662 22336
7236 21665
2003 27889
20823 25571
3440 18076
1878 13394
13968 15218
15357 25505
22923 25160
3201 16264
588 27621
8465 20586
4198 19699
1500 11484
953 23369
13240 22254
15964 17887
25330 27073
18359 24278
11119 16664
2197 13301
5084 24500
442 19298
21637 24145
139 10476
14847 15616
16951 20522
6994 23143
13018 22210
249 6489
22790 23347
18894 24444
9928 22227
23445 24839
11079 11988
234 19827
67 22283
19972 24378
16979 18370
515 28158
1178 19053
3702 13777
346 24011
17178 20833
16511 23957
3338 19753
9424 11009
2058 14513
5058 24913
3264 13154
18785 19496
20564 22151
2227 25184
166 3253
3700 11508
17115 18911
6660 19489
5021 5540
12792 14309
6016 11619
9981 24371
1987 2481
7944 25848
13509 25304
18180 22763
16489 20338
12805 24351
8188 21785
10792 26021
8182 13970
20374 23430
7684 23508
11251 11571
24157 27175
1 16374
24379 25505
7687 27328
16044 24863
7843 9542
14123 24903
5504 15652
9524 28087
14060 21673
12308 17485
2410 14255
13456 19223
24061 25249
9190 26351
3121 26261
25831 26717
15623 24728
16046 20291
11343 21950
7975 22996
19326 27811
573 21254
5454 9420
6668 19741
5609 8990
8043 16185
20081 22058
5949 11024
438 24789
1795 9465
10884 14920
11618 22393
1535 5194
20099 23118
17665 26166
3466 4568
8952 13828
5551 14795
1629 11581
26405 27746
17487 25903
919 12444
4876 24061
2555 3550
4498 11746
18074 21425
8151 23760
829 2447
13802 27788
10291 24442
18560 27228
5374 14813
2767 25336
1293 15606
19169 19409
4391 17435
396 27849
13530 21794
3762 3864
3510 14276
4500 11754
7420 24042
7537 27948
6633 9563
9782 11876
2107 10185
8033 13872
18411 19537
22546 22696
1571 24564
24393 27126
5982 10504
13129 27227
2617 7135
3038 14131
11164 11504
240 21503
3428 23414
24292 26968
12820 16566
6935 16138
4758 8617
6373 8011
16184 25095
19871 23189
930 2635
3909 10331
129 20319
5681 18052
19717 24211
1306 20197
1651 4705
22993 26704
13355 20742
3885 7166
5510 13566
10047 16781
350 1925
13209 26785
16855 27087
24122 27821
10152 23892
3091 15857
15376 16276
670 17604
26703 28201
8108 23269
15303 21304
1126 19857
12939 19043
10393 18369
3411 23345
5029 7976
4300 17963
5570 17782
369 12726
13553 19662
25272 25294
2163 27952
5030 5500
2087 13094
2168 24251
14971 20262
5540 12852
14264 24746
4439 16386
4205 8715
3636 7065
1593 21525
2496 14033
6552 27802
6222 23377
10313 28131
19572 27779
12612 23015
1814 3507
6269 23165
5595 22028
5150 24104
10837 14534
9730 16550
14539 16076
12084 13737
8219 11484
19450 26089
825 20813
20836 21891
5084 17541
7442 13504
3507 27229
5711 26498
6916 13733
10496 12346
11307 16932
3068 13764
992 16739
9065 12038
15962 24468
8665 24708
10224 10377
2494 5724
19953 25016
1528 26278
4555 26265
1541 6128
7644 27387
6127 15022
8103 18330
24831 25877
17757 21849
23657 25173
211 17141
13282 26097
2088 20730
4581 13774
4694 22292
973 10216
10569 25487
14667 25064
14473 25886
22834 24856
20789 26869
17175 24065
21149 22425
8901 16131
443 17114
18721 22688
2357 4343
4556 9384
13926 24650
1353 25271
9237 25505
12565 17819
22787 28014
8145 12798
5401 5509
341 17375
8323 11903
20564 23499
4047 9422
1852 3622
2764 25052
710 22464
23496 24503
4837 5219
1967 11311
461 23388
19153 26387
1105 9536
1134 13441
23168 25066
3300 11431
20635 27562
16284 24577
8412 19192
5522 14912
12773 15509
6475 7403
6049 16877
21462 22857
18265 22688
20975 24379
3876 15669
652 12114
20144 21322
9006 17300
1166 2016
1107 9047
2447 23111
6069 22184
6765 20459
11805 12162
10282 18811
14534 21532
17408 20749
5358 17214
2205 15814
8770 12927
13945 15894
9410 22771
6393 24723
9747 20876
21158 21361
804 21806
9636 17662
6641 10533
16046 18521
515 2157
4197 23469
4 16304
19900 22392
9873 21492
9027 15823
319 465
19834 25106
22787 25855
4858 8471
7543 10033
3039 22387
8884 19675
16928 27938
16301 24869
6020 22812
2961 15325
11073 18950
13810 24127
6832 25214
16639 16999
11484 16518
7611 17232
867 5414
634 6334
4240 13005
3961 25564
9744 18591
9590 16314
7581 16192
4950 22994
2709 11315
9272 21515
14912 22226
19712 26312
4493 18173
6800 9012
4225 20704
2945 22307
18755 25762
3169 20558
21095 23785
5496 14534
24415 27746
11274 15020
11812 21928
4024 18315
11327 20299
10507 17566
1600 3624
10959 21000
10286 10497
51 2093
2154 10471
8229 24915
16069 21704
12257 19086
18084 21194
202 4639
1308 21926
3300 8536
787 24904
18036 26048
8500 19633
20600 23034
7407 23130
2104 26265
5659 13385
18718 20901
2927 11748
7007 12109
11244 15907
10447 14514
717 7443
11418 24342
10039 11466
9214 23279
10571 15311
17889 18704
11624 19827
8715 16976
2245 5458
18958 23106
20118 24676
3656 17526
22941 27239
7997 13714
425 25550
20289 22068
6772 12654
16845 20347
25403 28099
2638 10385
7222 23105
13373 20162
6450 22998
18278 27350
13718 19739
6005 7659
14888 16152
1324 8624
8368 13282
15226 17087
14576 18906
4648 17122
15640 24359
5174 23355
2239 9420
5027 25638
13896 16559
3609 26464
6616 7587
6894 26867
16136 20953
1368 23131
711 5102
7935 15167
10426 14986
10446 21855
21719 27759
5657 27758
7498 15543
5659 21002
16276 24069
7205 17530
11111 16198
7976 16316
17173 25490
1747 15654
18679 23254
2569 4108
1060 13028
4617 10592
6280 28181
10855 18699
17723 22556
14043 23074
9944 24600
14001 17814
9788 12762
10714 23621
16905 27224
7070 25517
1833 9132
5943 24406
7562 17229
22687 26104
11653 11894
2039 7963
7228 18395
7756 27273
1459 2064
2708 3667
18627 25653
811 2283
11727 17501
16959 18544
6868 15084
11260 22481
1036 18663
15325 27898
18377 27386
10848 21611
8182 26322
289 21804
17426 25009
1508 23955
19794 24801
19601 20823
34 3343
3753 8318
5581 27991
2667 28184
2396 7677
523 8572
10701 20723
1074 22388
22605 27844
7798 17556
2759 3712
17742 28194
13714 22078
282 17863
11692 18636
19286 27050
14657 24127
137 11552
6300 23371
1959 15611
22570 26981
2449 3564
19300 23110
3162 24047
14766 14768
5344 13036
10444 18669
7369 25985
4708 23893
23053 23061
12391 23829
10418 20235
11421 17098
20257 28205
11436 16555
1937 26935
10287 25172
21831 27515
2045 18811
4999 19143
2275 5975
12411 19989
5895 12886
478 13459
22869 23130
1768 17434
13 1613
5029 22519
6487 15612
1026 10244
14920 21123
9863 18526
2030 7688
9012 14534
3128 16823
1795 7758
15184 26038
6669 15592
19294 21798
7644 8708
9480 19183
12429 23659
11225 22506
9774 10920
5636 18241
9625 19793
6493 14997
14572 22479
3364 13084
3667 8478
8320 20069
2173 17435
18777 22466
19555 22385
14969 26626
492 4717
8478 14976
4766 15990
25414 27669
948 12218
384 3446
4693 6008
948 21407
1792 4731
396 15210
2503 27042
8806 16276
12086 14568
6608 27252
2232 9028
12034 17765
3634 10916
10741 17941
2553 25283
11697 19004
10839 17926
23269 26958
20880 25329
19409 19548
8251 14063
11501 27788
11859 22416
17930 19886
3943 14794
13306 20979
1154 19601
18224 25580
6965 15843
1570 23694
7205 22925
17847 19853
4073 4718
24074 26445
24393 26379
17129 27611
16112 19361
7600 26413
13440 18084
20667 27448
4218 26167
4826 9251
5403 21331
16700 21690
7253 23835
12895 16572
23372 25299
4091 26186
13779 27353
4445 21024
17114 25377
3249 25793
9120 11977
25439 28157
545 1279
4263 28140
1142 4614
7987 16957
6848 22040
7923 15371
18758 26837
5883 19601
6953 22273
1900 14557
25095 25956
11314 23415
3446 22456
1269 3805
12549 19200
17170 25232
23553 26807
967 28128
16474 23146
2031 21836
14481 19753
198 18000
18951 24040
24122 26197
3828 18790
101 23254
3608 27205
7322 22908
782 23696
1622 22688
13131 13773
14783 17020
6427 19647
4732 27326
21000 25090
867 24226
21798 25414
5031 7438
2986 9769
2269 3803
3874 21947
5020 14342
5609 24616
15665 16905
17331 18641
15712 28097
8105 21201
4181 9756
5522 14657
6946 15530
8016 24756
12551 13267
426 11884
6356 14820
3769 17443
12944 21968
4625 28239
6931 9018
7541 15966
7120 25412
550 22948
18850 24495
396 5937
12988 22180
396 25571
14335 26819
10379 25223
2746 24467
3518 13111
8803 21523
3019 11588
7373 12081
2611 4548
2272 9769
570 14445
7176 14598
2605 24057
14655 16046
1975 7154
16900 25730
8138 25017
15808 18541
16835 25301
867 19143
12501 19504
21794 28254
13668 25910
14378 24939
7315 22103
5056 21868
11239 12890
5989 17530
22581 27821
18232 20888
4442 19169
8560 8751
2293 22269
7357 10532
16207 16386
20480 22379
16666 22116
19004 28261
17739 28240
13104 22820
1688 22593
21079 22210
5417 8750
5587 15305
16830 22532
21611 22940
5241 21006
19118 26898
17032 18919
6234 14630
2671 22162
8516 15770
20875 25666
135 9399
4837 7484
9408 15808
7543 13798
8338 12089
10976 12740
4891 9800
2396 15825
681 1015
7172 18603
2121 18816
4168 13952
1331 8372
11360 11890
18190 20946
14618 18529
10978 11569
12099 17149
19140 22925
262 19768
3845 3953
17626 21323
20587 21746
3768 4582
580 8990
11047 13520
7132 16609
10805 16659
11197 23723
6876 18547
9614 10801
14104 21203
18159 24645
1417 26717
15929 23805
8869 17586
20159 23165
8669 23097
5100 11534
12313 28181
12084 18312
17965 18631
9717 16606
5367 15581
6725 19037
6591 27912
18305 25432
9631 21123
9518 17534
1421 20479
1574 9309
19481 19789
4983 8953
11479 12558
4898 22894
4118 25658
4372 4700
825 23274
16136 23361
3828 24232
1670 5669
24904 25824
2424 21038
3059 10224
15094 19735
10967 26379
4552 22080
3712 8191
7889 13211
9020 27222
220 27300
3798 22670
7213 19262
16905 23705
17987 27381
9206 17142
5228 5485
4402 21865
4617 22772
14541 26189
1545 17314
10547 23537
22996 27932
9816 27966
18628 21391
7308 25119
11987 27390
6268 18480
3401 17574
5047 12045
14531 23038
6026 27926
20007 23044
15341 18334
5904 18572
4680 19012
20227 25247
2648 20130
11627 20222
6995 19652
6355 9367
25754 26177
4954 8229
2986 3147
10370 18830
9250 10956
8151 13892
2407 28016
5383 9654
6257 7005
21966 25472
2165 4077
6459 9063
448 1016
11457 16338
17097 25231
14955 18738
18988 23683
18911 28055
11365 13810
2961 13366
25257 27171
1828 12067
21798 25901
14677 21459
3980 21853
1559 13468
12958 15691
13845 22644
9127 15730
5403 7003
5979 21753
20758 24127
14584 16585
10326 26282
597 1777
18669 21078
4087 12388
16457 22196
20816 26092
1142 6620
495 19086
16569 21377
15751 27901
10595 26855
6946 22556
15335 27418
5941 12195
588 27795
7658 24502
19640 23916
10286 23397
12931 20441
745 19201
7205 20162
11073 23365
7009 7150
15672 22546
7793 17787
20480 25083
7741 7867
4474 15090
11348 14708
10464 28157
6616 11150
2628 10042
7909 14548
14707 16258
17630 19707
3767 4542
20657 22322
1271 16983
2858 22966
10981 18386
7858 20802
3201 13471
20222 20667
9613 20938
11132 22499
3738 21252
1433 8398
5000 26604
23719 24750
4657 11757
8670 19109
1800 1914
11411 27715
648 1406
4091 23016
8015 23105
369 26554
11451 12984
20722 27579
12504 19034
2986 4757
3864 5725
4355 14366
12901 22739
14241 22771
1 10646
2093 18993
18498 24280
3701 4291
4904 13817
3970 6759
6254 26631
7902 13575
21387 26641
9810 17060
9410 10805
2195 15720
16435 25665
7835 12830
4992 18919
1853 8533
13384 16656
16253 24855
1137 26661
8750 18784
453 14817
10525 18956
12076 12260
2809 27121
1998 17486
1557 2879
8056 25209
21296 25309
2208 2305
9367 10876
9231 27898
1621 18950
18963 23528
8974 27586
4044 19604
3346 25713
22581 25011
15211 15749
5174 18651
32 9035
14911 22141
1628 9590
5047 5252
1851 9441
10181 14541
5765 22644
4065 18824
7996 22025
27544 27882
11064 17524
19293 19562
25519 26176
7348 24395
3743 7113
7367 12378
8091 13721
2547 22817
6415 26048
22379 27458
6217 8100
25405 27536
2332 8730
5135 6457
10075 20578
11997 25400
7252 22763
7472 21438
8438 24310
7246 8251
3116 18649
14763 28156
1226 16942
25830 25908
10937 12426
5556 25270
5289 6832
21927 23738
4623 12282
5583 25008
3446 4865
1669 14631
11424 27844
5588 11079
22418 24944
9811 19890
7856 20440
3566 15211
4373 27886
2796 21120
14016 25197
6713 21403
5949 13545
566 27867
12726 27314
7976 23111
4671 26232
1744 22830
755 10284
8320 12479
18706 22666
505 6058
5681 20299
9127 26956
6378 13591
3903 17056
1688 23655
17640 28151
6232 9281
7031 25005
10850 15762
14771 25163
11104 12593
1343 25443
6677 22420
21256 22079
12660 24451
1001 18164
6707 7528
8846 27314
1039 22795
22382 25174
8391 11019
3237 3938
8039 15730
5292 12798
21025 21552
7374 11674
5893 16959
5996 22020
22625 25410
4496 22461
12250 12426
22690 26262
5371 9378
4507 26153
2518 3734
16036 22184
15749 26913
20162 21781
10701 19657
891 24884
9701 26221
7368 28101
5709 27046
12348 24232
21753 28158
2718 9647
1767 20258
7320 27296
21716 22119
4870 5894
5342 20733
21378 25496
11251 24395
512 8038
13500 16240
17803 23915
7297 19140
9556 22997
6735 19271
1814 20578
15751 21707
15252 24949
10767 11084
7461 27827
971 2348
14987 27409
3759 25086
22425 23863
4532 24725
5313 9336
1336 23210
13910 17355
6879 12794
10153 16272
11104 14359
25658 26662
3987 19857
6354 24325
13431 26048
6792 7318
281 23068
11710 18999
14959 17214
25012 27759
2547 14377
20053 21835
2547 13934
512 20235
7656 24872
16898 17880
17739 24032
15497 23034
17556 25006
19326 21990
7750 26930
11033 26254
13247 14519
13005 27211
3892 5989
15877 17973
11168 24427
9487 13046
4339 13091
473 20754
13364 21345
17258 23979
10388 22989
8229 25312
15449 27259
1975 14588
8441 8806
1123 28203
4737 7348
1142 22479
3545 11490
14080 19169
1435 18336
5995 25135
11020 20605
10632 11943
19263 26981
9638 22548
14409 23459
11224 20978
10576 18190
4123 12581
961 1777
10944 20263
12363 17257
4216 23258
11100 15977
7475 12086
4849 13681
3477 20125
12855 22295
7830 9005
20634 26544
1193 16961
4037 20613
18533 23932
2408 13442
17938 19247
14979 17524
1757 20379
14895 16846
7561 20634
22390 24509
14114 19320
10805 19253
5128 11350
1533 26544
4282 26493
1921 25626
17114 25875
10178 17527
5116 12804
2430 20479
1884 25810
25329 25494
243 3437
15509 25967
569 23303
12512 13957
2022 11479
10894 25283
854 3410
17832 26563
17894 28142
9729 27843
9853 16794
4029 4600
18679 27563
2677 17479
12040 21376
6620 8443
4952 23932
7797 15682
23759 25401
7375 25699
16276 21941
16806 23762
11289 27316
5787 12357
1184 5249
13643 22903
11212 16673
13501 14136
2805 21831
13203 19684
381 15015
604 20407
18007 27845
3354 8770
16544 27365
7907 15762
8364 24884
3609 22787
1043 1209
12415 12626
15676 19817
15611 26146
19095 19963
1624 16640
16695 22006
5899 15857
5124 24430
9607 25289
21523 21730
4071 11080
5543 9932
7810 13343
2185 24971
14700 20956
424 5308
953 8138
14612 17239
12614 12956
9632 11450
1078 7058
4303 26077
4024 8457
3398 14264
15094 19367
12296 25368
5716 20503
13970 21925
8990 19784
12694 22631
6877 16955
4574 8500
7779 17148
1650 16842
9874 13978
2986 7011
12429 15247
161 25273
788 10875
8573 19690
11080 26255
437 27024
18702 18879
2892 23890
7741 26613
11009 19347
12452 13744
1744 17341
1239 15119
3287 8554
3430 19442
4528 24444
770 5661
880 17179
101 1689
14168 20503
8458 26402
5973 17024
17165 25067
7987 20911
20053 23102
1979 22436
16269 27939
22323 25755
11963 27802
23045 23870
5727 25730
635 19639
2491 10935
11544 17877
22857 26670
24807 27695
8075 23232
10839 10871
19686 26786
4043 8097
7962 9617
1091 16941
1120 10240
5005 15732
20367 22168
5010 13456
86 1613
2172 25850
3852 18850
11727 19615
1499 6437
1959 27661
9803 17259
3979 15157
21390 23062
641 14129
306 26405
16812 16820
2874 4072
12647 13405
7439 24855
6999 21929
7366 24822
5543 24623
1755 28077
9631 21139
2067 2474
10467 23296
5687 25329
4340 4546
10326 22620
3163 5004
5331 12980
16276 22984
3066 23866
2886 3795
3275 5716
23183 23526
14050 15220
1836 12124
5325 26392
5756 27945
6669 9687
18097 21736
6675 19711
14534 21296
1425 13322
9574 25939
3850 6493
3256 6702
86 9103
12066 25297
973 18636
6048 20759
3472 11809
23984 26816
14619 21281
3317 12276
3862 24551
5286 8669
13679 27329
17904 22507
4365 4833
18219 25402
9500 25638
8394 15108
673 7627
362 17614
7820 11495
12631 18718
12495 14035
19723 27810
4423 22731
5903 9507
9590 19140
10309 22541
5032 8554
194 3115
22593 27254
8516 21698
1181 12795
5978 22640
12787 22883
9226 25108
2038 8140
2782 19736
21351 22456
18280 22871
8970 20480
17619 26892
11189 11473
4843 21693
1477 7117
1978 19061
7600 15676
8585 20760
3169 24111
16394 24470
10275 14648
7909 23836
1438 12799
15964 17422
16923 23390
5318 10661
1067 24577
17696 27050
944 24736
5444 10582
12402 22511
13813 16814
8881 24311
24886 26413
8990 13208
14016 19041
12686 26899
4408 6776
10449 17446
14136 15821
19171 25432
20758 22605
11011 25963
3916 24467
3575 20672
11880 14585
7458 23687
3296 24645
1850 16071
4699 7988
16261 17858
14927 19573
8905 20936
1934 22147
9811 27652
1446 3401
1141 18137
19874 21257
2518 7183
609 7950
6179 19443
22698 25046
12814 22616
14954 15128
4118 25036
2351 25287
3786 11548
8770 22441
15970 18700
24299 27105
539 18759
13022 21623
1878 21245
7310 28265
1394 4500
3740 26338
867 17997
2396 26413
9582 19085
1181 8144
1033 21826
3805 8924
1126 6533
10665 22227
4325 12112
2708 15184
10802 13719
19192 21811
1516 12358
1541 13186
19827 21110
3357 19185
3929 26717
1884 6221
514 24095
7254 28214
1803 10198
4802 27816
4971 21746
4033 4990
8279 9528
17865 23486
193 26143
5204 17491
12512 20503
14467 17503
16594 21126
4829 17514
9137 12196
12874 19893
5695 22790
143 930
3900 23856
9683 23963
221 5458
76 17936
23608 24904
5967 12223
14556 22202
5326 21939
4144 11499
16755 17189
7682 8688
11407 18704
240 13190
4073 14478
7930 15369
7142 20678
400 15201
6244 20733
1279 13190
7110 28091
16026 20998
3695 25666
11931 27240
9587 17308
1057 5832
17345 23172
23467 23921
7624 25414
22186 24776
1767 10449
104 12561
2710 4795
16684 26648
9607 20904
1107 20532
3233 4806
10856 17029
5219 16276
16314 20387
2832 13780
7916 10399
2801 27086
17 24836
11794 25956
10284 18521
14167 20355
22743 22919
5499 23952
4077 8411
6453 17726
10225 13741
425 7534
8685 22340
12257 22040
3689 10151
15201 17787
14577 23684
24937 25091
4031 15825
9124 9165
3068 4782
18465 23629
2933 24069
4680 4996
6812 15388
877 16901
4152 18696
14079 27585
2775 14870
23074 24516
8355 21275
7030 26034
2272 23952
1287 17761
4408 14767
4334 9279
9418 14474
5417 16222
11965 12234
7413 20749
6185 19253
917 19244
3565 11177
12737 19140
2635 4154
23415 25415
10488 12024
17214 19140
7210 23422
5071 15001
6732 9734
11766 19177
13536 14095
25247 25390
10346 11735
13735 16955
125 17869
17951 28177
1204 5373
21864 25927
17054 18758
218 5121
14242 24069
12866 20392
15061 26196
16655 24332
6781 18059
14055 17167
15875 25903
3286 23669
9108 11028
6770 18902
7740 12886
22977 27197
508 23410
11080 18288
19721 20119
14242 15429
12754 24608
11070 13212
4216 22686
6832 18777
23 21377
1240 2437
2469 14911
1176 8544
7784 25315
16563 24242
3097 25614
9552 20378
5551 24861
1240 13221
21631 25865
20156 23764
1399 14767
11437 12236
2260 11457
22090 26716
9850 13392
14309 25830
7459 7789
380 17063
6633 17902
4782 14876
774 15298
8770 16905
6106 6549
6874 15347
7741 27052
13951 19132
1223 3598
1851 7508
4391 11009
15951 17842
353 17020
14407 27546
16358 22277
4719 24444
6334 7194
97 10131
8173 19127
11484 19607
14589 19746
2555 26461
770 7955
13106 23408
9643 16423
3432 9088
6722 11733
3411 5738
10652 20205
5852 10900
9491 10017
4373 4945
4457 11010
5798 9038
2247 4886
7528 10420
8201 9302
11963 24659
2997 26427
790 26735
428 1834
2883 18787
2396 3825
5476 8150
7878 18757
656 14464
5610 7861
9730 12957
6426 17394
9713 14632
3592 22663
3161 23062
5663 12501
6539 10959
10326 11446
681 25550
13505 21919
18192 26493
8715 10023
4174 9442
15137 23181
15410 17364
10419 19019
18128 21109
11653 11794
6163 8006
25042 25078
5825 28061
14804 16192
10914 23143
13519 24076
3223 8990
495 7075
21466 22028
3872 8155
14298 23829
5313 13662
19627 20918
1239 27927
7021 16849
10052 26447
10242 24122
13112 28236
19788 24874
7398 19514
9623 19116
17958 21028
3188 22040
406 22415
4509 22604
8244 14471
364 20069
867 5842
3663 6972
14636 15141
258 17919
15077 17415
8734 9802
7772 26635
8491 18669
7907 21853
9085 10966
660 3872
17586 21043
15384 25945
1228 25562
13385 15144
17076 23358
14178 14606
777 9813
10532 25960
5911 9688
11171 24872
9864 21959
8481 24379
16264 23197
18281 25131
12629 24867
2093 9154
7632 26024
1688 23104
4868 24412
13010 20592
3910 21360
22430 27042
12858 21757
819 6861
6177 20876
5660 22691
9279 11110
3718 26598
20366 23392
2665 9582
9358 22548
8566 19291
2646 6879
3273 10493
2245 18607
10421 11931
18736 21766
1294 14410
13724 21862
8474 14793
9816 15334
6933 10618
14471 24216
7360 12091
5121 18638
1755 22575
1970 18627
17850 23144
15792 24363
1753 8935
24690 27587
16582 17005
11364 22890
1151 1878
20109 20639
17714 26725
22627 23194
6708 11682
10803 14095
4101 24136
1374 26409
14666 20893
5587 6848
12441 21438
15163 28175
14941 24419
454 9978
14167 19371
16377 23451
8182 9762
13081 20563
3128 14475
4584 21683
12484 22182
11207 20384
12228 26520
1343 3262
9174 22311
6426 18078
6408 8954
11591 16467
1392 18619
11931 18422
2791 17278
5519 15423
21593 24164
8145 9306
5481 10800
21887 23729
13899 25908
1450 8706
9553 10393
22112 24491
753 26199
14306 24017
12587 21011
5639 26418
17949 27980
16477 24941
12409 25598
16276 18663
11348 14771
18029 22452
3010 20990
9378 14592
17723 17819
983 18113
3734 8899
10845 15705
11484 14088
11811 15443
15985 19704
6994 17530
5614 24640
8605 14519
12078 20948
5039 9614
2152 24158
2530 13741
6674 20959
24005 25043
389 13603
11836 22870
14920 18920
1993 10541
6370 8483
19143 26968
5588 19041
21041 24325
3888 6914
14247 27977
3667 22104
6594 8852
3937 16080
495 18679
7915 25809
2518 23600
3936 23718
9860 15749
12868 16603
3968 5663
6177 16195
9692 26907
13228 18175
6177 11859
10318 13957
2826 13779
9367 14971
12632 16286
14615 22771
2709 13055
266 3286
20477 23628
6486 17902
4367 9436
7538 26513
7647 21945
25973 26295
3885 14080
3499 17559
6939 8979
9038 23220
937 2197
7927 27867
17302 27198
3892 24131
211 12459
21353 26806
5430 27058
5484 9236
12689 23597
14586 22036
23 1840
20849 26686
25011 26280
10584 22544
755 4105
2891 7456
12439 23457
26469 27157
22203 22493
8251 21880
9086 13681
15384 27676
3734 19503
2518 2894
16117 28217
20698 23210
2470 25683
24820 24876
8275 25918
9049 12193
17826 27961
15520 25157
16542 21793
141 7091
363 27870
8523 23899
8898 27698
7584 23769
11399 16539
8246 18280
10750 18595
18379 21682
10106 12674
8835 15179
5522 23799
8734 9451
188 24275
4311 9612
4823 17924
10606 18136
9865 18009
2708 3947
1197 9431
1814 21026
6940 24229
6595 25140
1507 3295
14557 27719
3161 19538
14133 18775
15368 21636
2665 20836
9970 26580
10146 23705
197 7796
6750 24208
13076 16615
10356 15681
11962 27452
8795 18502
2894 9569
18639 25204
5825 10799
9252 27612
1672 23764
10061 23115
6728 24783
1 8884
2929 7555
2148 2527
1762 26682
2767 18553
19086 21058
9590 10935
5396 25421
10767 13542
14038 25646
424 16715
3010 6085
3484 25451
11268 25350
7420 27403
15323 15865
3488 24904
1993 13083
8467 18861
8229 12108
308 15213
7508 9591
1814 25986
7881 15713
341 10956
4476 21293
14907 22810
10113 18627
3841 14539
344 3306
8935 17249
7079 17166
8654 11798
4769 14424
20677 21010
14124 19811
1590 7105
1529 24616
10360 25262
10975 25315
22416 27314
9312 15664
4174 7647
12056 18721
10643 15428
3383 9417
15388 25570
15108 15141
18026 22566
8223 23113
21545 25699
4050 28026
8733 22160
10825 16890
13186 25560
8001 24952
14604 22120
3359 14464
5283 14579
6868 24089
13927 15357
3872 5734
13391 22841
20498 20504
17640 23225
4401 5617
5416 20591
16223 17742
8143 9367
2491 15672
278 6078
5984 23345
11290 17974
495 12726
16515 23674
14507 19190
2775 10699
13453 26494
4853 9788
11878 27710
18971 22785
11310 19267
8169 14993
652 16984
9999 27906
9988 13974
13603 18164
4270 13896
4964 6848
309 7492
10146 11953
7531 24563
5353 21077
12996 15782
19442 22327
2817 12871
11629 24148
635 17712
11623 18683
20046 24577
15037 18560
9560 12737
12647 27129
2708 22995
2810 8351
5718 8608
8465 11935
13266 27296
6794 16366
3944 7725
18782 22932
19463 27056
8402 19531
4355 15933
3956 19722
15922 20832
3390 7360
13168 19424
4541 21552
5930 13343
2882 7861
3275 3539
22600 23467
752 19008
2031 2319
5551 21620
10844 16564
2330 11850
20875 24195
6876 12514
19124 22662
2232 27091
25273 25404
2160 8772
18438 26589
5606 8799
16599 21689
23396 25120
3760 24675
13298 16480
12139 18351
867 1878
6990 7320
8104 14460
1045 19287
5348 17746
11696 27016
4587 23560
8135 23934
1462 10450
890 6971
6924 22209
2301 19116
12160 14964
22256 26946
14618 26758
4513 15996
25381 28051
2289 18781
19021 20363
17196 20170
1372 9308
7726 21253
1600 15373
1053 17349
24021 25035
11888 23550
14814 20880
23309 26283
6501 25657
10201 10287
16955 18669
5845 17136
1551 5937
5375 27194
2259 18304
26810 27648
2521 3357
10332 26100
600 11439
6736 22267
4949 22106
23610 28277
1292 23272
14438 25490
8941 9776
2813 16377
14559 15141
2665 23141
5864 8309
1769 10575
3788 7414
22190 26827
2499 10723
2619 17735
9465 16276
3435 14635
17075 24272
11807 18265
8689 26957
14393 17040
8250 25525
3733 13564
9141 27739
12137 18538
3894 7907
22010 23873
16627 18278
12941 17637
12779 24521
8757 14828
862 13789
27271 28166
1259 7702
17996 23104
16922 22777
7007 13002
7963 11329
13178 17918
7867 24177
6745 16795
18651 19972
12228 14771
16289 24104
19044 22581
14731 15847
612 23361
9086 18507
3321 14568
15298 21359
1 26930
16108 19467
9989 13385
270 18281
7391 26924
13363 19001
15907 18401
25188 25197
2605 9400
8761 18946
8096 17847
1358 18883
2686 21977
6066 18119
4102 4891
595 20535
2883 22230
22941 26053
14388 22989
15741 19787
654 7242
8376 10701
3762 11562
18357 21737
2277 17203
27099 27496
2105 20935
7029 17887
12067 22986
12161 24681
5061 10490
5882 16203
13900 19666
21883 26218
580 11261
1878 10839
9006 15806
9724 9837
7386 15906
4015 16511
14584 21232
18128 28152
17863 22111
18030 20740
11613 16457
8349 16108
3141 16314
8055 27550
19660 25263
2035 10607
3238 21987
15155 27263
4675 16473
19817 27788
6523 22984
6807 21821
17637 19955
3244 26363
3566 23914
21688 25607
10553 16947
949 3185
4191 14683
10967 17280
827 25796
14120 14364
9006 24240
23278 25003
5288 20081
3121 15682
7950 12356
10279 13675
12908 28211
8816 16713
18745 22387
17304 22481
11166 20491
10097 18883
19348 20355
8437 26503
3667 21079
8300 26316
17015 23218
12709 24042
10935 21577
3075 11088
15843 17222
6206 19829
2005 25560
17847 18533
1092 16610
656 7283
12523 12590
2386 25054
4442 5372
7949 17399
4587 24034
16850 17575
127 3147
12097 16138
9078 17562
2363 6725
7927 16112
2945 23319
14471 21410
10822 19998
3623 24102
11800 13698
6868 21891
12506 26567
10937 17375
7289 12711
8990 16989
1178 24406
6177 27197
6331 23341
22956 27512
2880 18820
14106 18592
18541 22547
1349 9733
7635 24062
9089 12800
17378 17541
5639 15722
6778 22727
867 6426
16639 17370
686 7635
13827 15670
20504 25206
8298 11907
7660 16980
7478 17664
6826 27262
19161 21377
6130 16846
3228 25272
13734 24309
2642 25439
6188 18259
16205 23148
3285 14543
961 4282
6255 23574
5585 8923
20290 23772
991 6601
910 24282
5614 10079
3539 23995
2813 25213
8091 25405
2794 21991
8649 22290
20712 23263
7352 24290
1511 9871
7456 12954
22031 24403
3890 27899
7852 9582
21767 27152
2505 10793
15426 27788
11080 26409
9174 25553
9797 12509
15402 15542
1941 25856
7717 11059
11638 20748
10323 24343
2293 2951
5978 8685
11161 14662
1095 1456
20826 23984
2240 19140
22205 28022
21697 22346
9179 17443
6400 26012
23701 24108
4504 23176
9129 13805
15736 25451
6586 24862
23623 26670
2713 21299
1657 16534
7474 16131
4439 8416
15063 19491
8250 27968
2336 18249
3253 25555
1058 13642
4236 18413
1602 12296
1944 9767
10487 14559
1228 19459
5920 17385
5585 24069
11696 12660
5680 18115
16152 16767
12183 22536
2351 13015
11517 23459
20109 20737
1538 24384
17422 18823
22581 22630
7987 15996
8761 14369
12632 27908
19598 28221
3743 5821
14744 15836
5568 10545
4556 19847
3778 4556
10170 24271
5658 8230
8880 25387
17126 19944
15691 24909
16363 17597
16940 22464
18281 27501
10382 12905
7162 11780
5716 24530
406 24329
21550 23186
24594 24955
2521 24167
1226 7498
18823 24830
2412 2736
14231 27792
13046 23454
2928 24059
15470 18947
17175 20407
20535 25311
3273 11596
8431 14547
11300 27733
5691 19684
16246 17961
12056 17819
16629 21988
6196 16713
6703 7614
7849 11365
5146 26130
3876 16590
22659 25504
16969 17136
3612 9688
25966 27703
21312 27792
2191 18878
4221 17684
5485 16955
4548 12257
6091 24638
2152 9616
14196 27514
1697 25488
2373 23334
10041 18784
20643 25019
15883 19123
5048 19095
1732 18392
18334 27837
989 14021
6412 24129
9067 22886
25919 27527
10120 18052
8451 24747
3291 12586
8443 26134
10085 12923
1188 21593
4263 11766
8318 22824
6695 9888
1309 3756
2589 15352
2562 18213
5104 12945
23007 24694
18928 23172
4391 27110
5194 23202
86 11897
425 7410
2393 4229
7857 25382
21465 24142
18106 22104
21761 24904
9285 17211
16944 25492
897 13314
3510 4987
8344 19775
7741 14433
22492 24285
495 11551
15155 25157
4823 6957
8746 26141
1574 16272
6674 11807
21878 25586
8211 28020
5317 14227
2837 21784
16216 19616
3207 3229
24158 27228
2275 16328
8361 11881
6832 19068
14053 18154
22216 22907
19580 20362
13468 19813
15263 21681
15286 20860
16965 25956
17259 20981
18832 19898
9696 23396
6886 13232
22079 24040
12952 25703
5999 8767
98 17226
6209 7852
9081 21294
13091 24069
16118 17395
9115 13484
16187 24158
881 15874
14469 14671
1138 2929
11047 16867
12380 23134
13373 15603
2196 2413
14586 16656
23225 26923
18267 19468
3789 12402
10282 12090
6348 23557
10242 10952
4774 25786
6487 22823
11326 24544
7205 15429
8177 23372
8488 12399
14851 18029
6095 27320
4476 22894
2437 27054
17804 27104
473 16679
2246 6637
991 17040
20948 25013
9778 26041
3975 6385
5042 27879
2227 14697
334 21617
1680 8377
452 4720
14604 16878
2998 6138
2132 22036
6499 24068
12178 22416
5155 26640
799 4429
14471 16489
19122 27015
3167 4607
5330 14129
2509 19651
6243 16246
13992 23052
5308 13329
406 16582
2199 21296
2926 19824
16025 17757
12091 28085
1831 8964
13875 26560
929 18867
14901 24406
21946 24534
2096 27085
6700 9922
1815 14344
13208 22112
24739 26085
7320 27795
6996 21424
2364 20092
7101 25160
3326 9514
7933 21110
8198 13116
18696 19760
2874 24438
8351 13086
10971 12584
11637 27112
3802 7188
2646 9980
4180 22352
20248 22821
6545 12755
12732 23152
26168 27805
505 20235
6868 16340
18305 19171
1900 7935
209 25721
3890 16291
5509 28066
18351 19615
9059 16567
3647 13651
4504 9086
487 23721
5498 12577
8817 20923
2954 16449
12556 19712
1775 23653
16660 19387
19035 27013
7297 15267
7760 16732
21804 27155
11250 13463
2093 11439
2320 7734
15347 25190
1218 13173
8791 27464
20635 28088
10039 11426
3952 16566
12054 14679
18027 24558
16976 19152
17319 27285
21325 26811
5981 6495
656 14123
5339 28211
21886 27758
3147 9416
679 7307
11144 22022
17 1654
21732 25607
4507 13579
13142 17941
9454 17953
5689 22040
14539 27268
4274 9782
10325 16529
2679 10663
2132 25626
3810 10309
3852 15099
1755 14968
1285 18557
396 18950
9614 20372
17563 25886
9509 20616
5466 8054
10820 11844
12768 19133
6587 7375
9933 21518
418 9468
4666 18334
15001 16011
1925 10709
5403 11529
17813 26958
2712 4218
20095 24413
1928 1948
21076 25324
10077 27105
11982 21882
19273 22256
6523 10639
16375 20206
18007 23458
3804 21266
7471 22671
10205 17336
18259 19856
129 9871
9847 22134
13192 28121
12989 14079
22598 28218
1080 23675
446 23590
14145 16322
728 6255
4340 26297
12210 21984
3194 11970
13276 19099
481 25232
13289 22477
4198 26699
7810 12506
2794 19746
20387 27795
714 28005
3058 15402
16122 27262
20503 21886
2043 14136
12792 20415
3789 17437
9336 26366
6668 26312
10954 14534
742 23387
8293 26710
5308 24255
1543 14911
6065 17330
848 16259
3157 16430
9963 17776
11636 27032
12860 17196
3705 7637
5315 17981
23210 24048
9222 10693
16373 21665
8335 21983
1525 3499
4061 26151
4121 20096
15920 22035
6408 21505
2254 3367
15529 16205
16276 27806
21883 25630
12910 20164
22981 25329
7421 9873
18381 18947
3472 8597
3446 24480
19616 21172
18817 27017
5164 10961
8806 10935
12785 22031
802 4525
5760 16013
12078 25975
11387 21962
4414 11207
6705 19585
11913 22536
2470 5984
4720 25397
22060 25177
1293 26363
17033 18208
1365 28060
13970 14418
22821 28203
3856 21446
7949 18621
478 17177
688 19177
14771 21079
764 10056
8213 13827
1138 23106
9638 12705
16126 21628
4537 6177
7478 7950
25454 27042
6931 23915
783 20547
6053 13646
569 2646
13373 19639
14468 19028
10405 25977
8093 9596
19448 24136
6826 10946
3147 9915
8846 18679
18524 22295
13473 21776
3318 13992
9467 23111
14827 25226
26612 26990
9631 12792
867 3152
916 3634
21587 24109
11306 28148
884 21695
13840 23136
3292 7626
11061 22416
4475 8230
24392 24575
1574 25361
3895 13367
485 20802
2762 20152
1423 21438
731 5520
1178 25277
13780 14857
26073 26192
4945 9198
3241 12377
18713 24131
3430 9317
5006 15914
15292 18602
11363 24514
6964 22227
4758 7693
9291 23894
18509 21985
18361 22810
9782 19143
14561 28034
19068 24589
13827 21325
8075 13623
13380 15694
9860 19764
11668 18454
5018 15701
19704 26752
3643 16964
14763 27025
10641 12244
349 13536
1071 24096
18304 19133
16094 24963
9569 23598
8215 11534
6544 24219
6013 6577
3140 22323
2890 18963
14136 21724
2362 27523
5678 11096
4069 9689
14922 23973
6685 27234
6971 26340
3354 20039
13376 22724
6426 12790
1181 5741
10284 15749
3932 24294
686 2623
5371 14691
8825 16373
1137 21072
22497 23547
18732 25065
2942 17308
15743 25729
1239 1399
14758 15932
11023 13294
11754 13343
7111 18775
1878 27660
1133 17214
7626 9285
3169 7740
18219 22787
638 17304
8467 11164
16063 27155
346 2969
2030 7395
5003 11450
7902 9511
3746 19768
17842 20200
14748 28056
19909 21798
1419 20995
8424 26540
8140 26002
5632 23427
8081 18027
11985 26366
16631 16714
3287 4065
16150 24038
21038 27382
2816 21222
4012 25590
18901 25390
7297 24405
14942 26706
1023 8710
8931 22226
5663 18457
11710 18386
10119 12708
5485 24967
4831 26793
8515 23722
11288 18372
9683 24539
14228 27914
4727 14250
2219 4281
1676 24773
9962 13850
10050 22024
8852 20714
7719 26409
4719 8290
7472 27194
10916 17522
445 15088
3947 21846
3006 10325
3770 8730
12342 25525
1375 20937
13186 15672
341 23338
10298 13291
14887 21849
12338 23722
2721 25759
7566 9466
7877 17846
4445 26131
9251 18704
12258 20041
2368 7964
5594 13017
15468 23553
21788 24860
2905 4718
22871 24127
3152 13081
1852 7205
17146 18999
20235 22012
7123 27764
8044 9177
24437 24670
15660 27066
5659 27428
1331 8113
4267 24997
13724 26372
23214 23803
12945 19964
22205 27766
1124 5125
13248 17510
7698 15985
9683 11334
18297 18769
10920 15244
18044 21029
11322 27989
5830 7560
15565 19132
1767 17422
8356 19123
27167 27181
22057 25514
4365 5222
5989 11629
16901 23809
22558 24589
16216 27620
16138 22242
6516 24681
2326 4614
6936 16411
23149 26643
6649 14835
23932 25433
9542 13831
22319 25276
16600 24292
3415 21248
14603 20570
3591 9185
1210 18057
18119 20046
14442 15332
4024 4448
8806 27458
19425 20286
7209 17669
12600 26924
3951 15679
18113 24008
6994 20313
12207 26988
12434 21359
7647 27788
20081 24749
660 14907
3013 17418
7781 13622
1589 18724
4468 8020
10622 25174
10346 26779
15174 27984
12994 22634
4362 8740
19247 20743
2368 14452
9717 17661
1529 14670
1672 20900
2259 11368
14407 25539
14106 15616
3577 5199
3141 10691
16276 18115
15243 18313
6044 26964
9179 23026
10344 24439
10673 15747
14758 21303
10177 27243
3536 22581
1878 5411
5289 23719
23442 26725
11989 20667
422 16369
7667 24617
10529 10757
491 24322
406 7981
12920 13830
10344 24274
9207 14768
10532 13564
11092 26152
25273 26807
18352 23538
5956 25280
10090 27553
8454 26770
21026 25986
7820 25683
3463 17456
2145 10522
20092 22112
4990 6295
2960 25978
19502 27042
18798 18950
2330 11026
2788 10935
1593 8054
1833 26071
10391 15687
20956 22546
1663 18886
7228 24571
280 13383
8261 17443
7891 23080
12066 12416
18412 26367
6696 21530
7224 19753
14270 15627
22339 23310
7357 8057
1211 23573
12577 19334
10464 14033
10965 20846
5913 7619
9074 17196
11456 24709
2407 9487
9442 11997
7783 21770
806 5505
9717 24827
5346 23546
10792 11993
9951 14827
1253 3167
15047 16941
3947 28105
2819 26397
10144 27079
393 3544
12040 23511
4309 22507
11484 19650
2614 26901
13638 25041
10954 21532
7331 13102
4065 16923
14660 26074
14804 26169
4581 7503
9834 22245
3593 11635
3778 9526
10935 12689
25727 27105
10218 26113
3528 5398
6749 27529
1817 5018
13870 18882
6267 24773
16986 23361
7066 16467
8924 17345
5852 7387
7930 12086
12007 16152
5377 24224
15357 26457
8434 23868
18083 26638
7169 19731
24069 27986
8467 14997
3257 10279
21525 22320
9786 19644
7555 23377
20621 23823
1130 21761
3551 25626
15828 25629
5337 5832
15404 23026
8985 9268
24575 27502
1361 12656
18567 20624
9799 27795
9908 21489
9978 15135
1551 13930
19180 22917
1843 4109
14963 17170
881 10245
2209 2344
12336 22394
14942 23575
1040 1878
18163 20151
21621 25173
13970 17727
1240 25980
835 17474
18510 25948
21671 24858
12979 17198
3484 26087
3306 18557
26761 27798
7984 14694
2344 3052
261 21898
10603 26408
5705 7976
3512 23338
1068 10370
19927 20313
2993 7075
25491 27277
7994 20969
1609 25368
3496 11022
8523 21232
17017 24306
22035 23463
11423 23430
4067 5861
10794 21610
3566 10284
9443 21101
8091 26908
7320 8177
1253 11045
485 10405
8801 25426
18358 21070
15795 25405
6432 18100
23538 24637
7211 20082
899 15950
11156 19790
6246 16181
8304 21209
2018 19669
2387 2767
5535 17712
19244 25402
3882 23780
45 9231
7956 11993
13791 25828
1751 9963
4201 23653
4329 17562
4603 11239
14451 22483
10816 27464
2151 10650
6876 27867
18103 25842
12711 19326
10709 25902
10692 13061
2469 15790
15642 27025
2389 6764
482 6633
828 7820
14276 28157
8200 17154
7947 17075
5276 8982
1657 4933
990 14330
1529 21000
7290 14989
10643 26363
1150 20479
8669 26419
6772 10797
6665 21341
7493 14454
12792 25607
13480 25186
411 16748
8352 26061
1657 16437
19042 26447
5904 13564
27495 28277
14197 15622
9264 24294
6972 25272
7477 15920
8596 21199
7443 20167
3946 7643
15899 25603
18610 23955
1152 22827
3728 5386
7725 16373
7299 8990
10476 14783
22502 26085
22664 25443
687 18712
4414 13013
6570 8114
11106 22855
3186 27058
12140 26660
13810 24774
20328 20475
3994 16253
14817 19263
1343 5198
812 5609
4309 22060
300 6377
406 7881
17767 22237
522 24998
5068 21569
26177 27681
13017 18329
2548 8876
2857 15762
17231 24326
13294 24669
5724 22020
8100 22054
5023 23310
8770 11953
1415 6817
641 2470
1185 23175
25269 27782
8289 12987
7246 11006
463 24042
19200 24131
8905 11212
3712 12221
15074 26543
10326 11062
2980 4456
9179 9918
4144 25699
4162 5758
24608 25443
7350 21963
1402 20661
14592 27365
1684 5846
8470 10543
5774 23942
14748 25559
3960 16676
15119 23752
12459 19735
9412 18474
24768 25849
10652 18475
19261 25754
3121 7948
11472 15630
26284 26915
13856 24623
9558 11289
15768 28222
5309 21028
11349 22187
14692 15437
9795 14941
5984 9215
15433 20070
635 22379
2015 13392
21306 26599
2350 21140
18608 20674
13059 19879
15597 24181
8954 19940
56 2386
9012 9271
9811 22968
828 27917
15747 27400
7363 24611
3815 9161
8041 16638
9651 24095
826 16817
11416 13900
1609 13226
4522 24242
7213 11295
5932 18760
3826 11688
3805 23884
9067 27016
1216 16149
16992 21668
3849 5821
6446 16702
12493 24061
8169 18708
20758 22829
7793 20853
7149 25550
12210 15620
11375 24557
3125 11182
16313 27446
23705 25794
18187 21884
22714 27208
12512 19857
27288 27598
15772 18435
7277 19324
3965 7264
7263 19227
12 23475
9252 27364
4110 22020
4469 27805
8319 21037
22742 27684
313 2339
4837 24069
9829 22049
19948 20537
5332 6099
7849 18673
1067 2135
4036 5154
2664 9915
22666 25345
1650 4904
3511 24062
8085 19116
7368 15804
9550 11369
17755 26539
3378 14648
1311 4584
245 5585
1226 11809
6495 7851
1925 12040
17 19211
10076 24082
12703 17280
2527 20633
9736 14940
19091 21862
15225 25482
12097 13505
5042 16681
8781 20724
2969 7515
2067 9527
7075 23478
2368 4569
12736 17189
9708 28241
2061 15090
6517 17177
4623 6084
15069 19130
15661 18945
11080 25049
4489 4721
14232 19748
15605 15709
9014 23619
4484 18082
3769 13724
4700 16664
9215 19723
6879 10839
5072 14604
22636 22966
1110 10091
11484 22916
1913 8379
8597 8943
8394 25589
4614 23470
8209 24419
5832 27351
2647 22988
17487 17530
1349 9167
7335 19765
9959 21304
14291 17341
4020 18464
7073 17097
11011 24773
2373 6030
6972 17073
5643 24157
9144 24075
9825 19153
3842 27779
8435 9314
5609 9865
13701 19178
18217 25957
2162 16420
20274 26017
15644 24756
1321 27031
2811 7318
10023 14555
12912 17039
26147 26559
828 24049
12059 15308
26577 27844
19464 26267
14895 21158
2200 26571
14778 22382
4325 17280
3561 28118
5287 7472
5087 16806
24208 27529
8025 10826
18164 25098
4216 11713
6848 18424
4954 21577
10128 11250
9211 10477
2190 20002
1299 9939
7092 27536
1229 7214
2646 13058
336 26100
14163 15857
8296 15523
16961 17027
17565 24521
3544 20836
4807 25035
16829 19372
3592 25250
10565 18502
2930 14970
6564 22014
809 25732
7202 18367
3234 17397
7315 19748
1440 7746
12246 14609
669 25899
7114 20258
17041 18128
14606 16439
7987 11080
12302 26774
7373 19627
475 27015
3263 17880
4409 17079
3777 11608
20639 20876
19952 24069
22227 24787
11340 12209
14549 19331
5326 5878
22901 27157
3266 5161
4952 19086
13544 27265
10986 13649
942 7171
16972 26079
1208 10825
2427 10076
7756 14961
3215 8216
17636 19687
9503 23812
13776 21377
11311 23897
431 14568
2958 11416
16478 19647
808 16623
519 1255
19695 21671
12492 21138
1767 20162
13470 15673
17416 18618
13232 23914
656 13025
2452 12244
5502 5797
2386 25008
9590 25903
14437 27042
2556 25610
8363 20123
23899 27646
9535 24090
671 10489
20038 21506
10050 14939
6740 26127
5004 7610
15470 22871
9990 23178
15020 24658
9907 19021
12437 18690
20831 27834
13328 17420
2815 6295
7985 27655
4289 25047
1828 17637
3488 28211
1541 16117
22101 23972
25130 27759
23198 27949
7453 14826
5481 17857
13249 13735
22031 26475
18899 22180
2701 11273
3498 26698
7497 18959
1266 7751
21126 24764
11569 12170
6832 19871
11343 15840
7318 21426
18178 27710
26429 27042
1936 26908
13937 21948
4675 18308
0 14270
1881 5393
5882 25530
24576 26153
12585 20393
8924 22130
8679 10170
17349 26006
5219 18472
2527 17347
15661 15695
5804 22581
5540 27527
18799 21300
17941 19358
8937 15904
16855 22010
1059 9015
9593 11820
8939 9704
3086 9574
3565 7121
406 5371
3734 27476
2170 24643
15536 24886
7373 12075
173 9258
1438 25716
17990 27049
20802 26740
2816 13309
10169 15120
4894 10784
7522 21909
13573 17108
5321 14776
396 9327
5041 23278
1402 11819
7975 11261
7950 11080
19879 21024
5766 6562
2128 25853
9441 20291
2518 22035
14160 14758
10806 11763
1920 13362
13014 15861
13646 24526
22184 23455
27428 28275
7155 17664
9814 10953
3007 12516
3056 26931
4967 13193
6616 19647
7975 27932
10189 19974
1507 14865
10644 13875
438 4573
17074 20069
867 26012
9354 12449
21954 22328
5415 21610
16167 21337
1124 12121
4528 18909
8281 16947
8285 15378
13238 19091
15479 18176
13577 21438
10328 19121
4000 4245
4963 13478
4656 17443
1718 27152
5392 11708
4507 19670
7758 23736
935 27477
23056 24723
7227 14023
21094 25081
5950 9214
9306 25308
24608 27197
2026 10000
2193 9367
9548 14404
116 16582
17169 17366
10714 15128
23355 25589
3420 20256
19021 22476
22017 27557
2635 4693
6242 14443
7228 27349
21028 24267
3560 7160
9835 15123
12037 13491
24378 28177
11804 16941
19494 20171
11430 25215
2342 23719
624 19061
2533 10520
8096 24444
15037 27482
6114 10646
6801 7154
4626 28014
11526 15124
876 3209
18192 21423
24935 25781
9792 13042
24586 26301
22998 23988
18280 20558
9739 17842
1217 2943
3742 16270
12343 23189
17442 20692
11747 26176
3026 17237
14697 18048
1969 21831
14309 22787
4056 8471
5797 27469
699 7120
21665 27247
5623 17803
1181 23135
3872 27841
1895 16836
768 7984
25408 27173
1281 17552
8081 28165
19896 20245
2369 28115
22020 22901
11011 23721
8893 27684
19021 22517
4824 8168
17742 27013
7368 9013
14728 23721
8441 11844
4181 8611
9343 18046
4708 10715
13970 23886
5659 12860
6835 11499
3875 5930
7987 10876
4562 19784
5775 27198
16177 18827
105 1056
12369 23803
7492 11851
318 15464
9579 14033
1713 2583
3622 9731
10475 17760
8398 20273
20724 20758
569 25121
7289 23600
3648 10441
10209 14820
7332 12024
3067 8491
13668 21546
1137 23384
22079 23207
10846 25247
22226 26186
3698 8816
17152 17767
5371 23377
22469 26640
22273 22787
4274 21798
14473 26815
3872 14975
7489 17194
7121 9236
9617 21102
7464 19981
3266 7919
3681 5912
22688 23686
1349 5126
5795 24637
1164 5134
19941 22352
4268 23979
792 21330
11486 15713
6299 20971
12793 20616
4031 14194
6517 18791
12596 27959
2391 24427
13530 14336
7842 14025
1606 16972
11271 23811
9250 13472
10373 14519
7674 27099
837 5195
7913 26476
8586 25676
15836 15911
7736 10325
13810 25435
7390 18452
17541 23538
4581 7128
6076 21716
7354 23937
6841 12288
1699 6493
1914 5082
10130 23854
7158 18432
3176 4412
4009 7104
2368 23098
922 6296
11688 16754
14478 21113
7025 26276
10805 22771
1761 7149
5725 14996
18995 27329
10393 14445
26350 27804
12342 27418
4428 19188
13250 22298
11992 20515
2965 8597
2596 11444
1090 21831
10065 24085
29 7930
12598 27821
7497 10282
3515 25151
3484 23392
21159 28140
25062 26945
6972 22961
1512 13776
9320 20041
1679 15371
13852 15066
12642 20891
8283 25498
5115 18823
8343 9104
6857 18936
4295 8249
3907 5691
1936 8852
23996 24836
4648 7323
4827 4944
15896 16750
12983 27208
5301 14016
10321 15469
2256 22445
17102 24444
14591 24739
2470 5262
8902 25010
3002 18381
2302 21555
4101 7820
9992 14989
2905 18793
2782 10512
12956 22457
6536 17787
17649 18808
10393 12708
12444 21094
7923 19928
422 6972
86 8282
3489 8924
271 21753
10662 22729
12244 22996
185 27461
1487 8588
14969 17568
4623 18381
7247 27719
3622 23608
629 2832
1604 4101
18486 23566
15410 23365
1208 22464
20763 25860
583 5595
4782 17898
12531 24486
7019 20504
603 5089
728 16346
22814 28133
14771 18521
5840 10757
7205 23628
9881 24255
4248 4933
922 18628
9703 18973
26176 28060
2210 16340
1605 12778
3355 26686
19906 22014
2227 21339
14014 18645
17476 18220
3400 7836
16490 23455
1948 12472
1009 22549
11240 21026
4427 23349
2925 19947
16421 17351
15674 23901
5004 22160
10619 27123
3619 17527
4072 23609
4552 7407
9454 19086
9072 16793
4221 23269
14034 20737
13337 27389
5071 14560
12493 13793
7175 16463
8787 21839
5267 18669
1878 10464
20354 21215
1829 10646
2605 17652
4314 24600
16139 21671
958 4009
22056 23929
14104 16001
6198 9187
7331 27683
9185 19787
1129 24321
9683 24267
7877 18553
8677 14437
2002 24876
9141 9526
17956 27751
10942 19133
1604 12495
19512 21861
1304 4188
16353 27715
6855 17084
7241 8716
6939 8924
1014 2169
4159 13349
11251 16964
15603 22041
3609 4061
9214 13845
14631 19813
21269 23084
12341 15245
15077 25163
1720 19991
1851 15211
7950 13158
12560 18799
8368 16077
11263 23295
4328 12679
22550 23645
6870 23597
6348 15093
1993 17100
6182 12362
4312 19813
1244 22830
16847 24818
2784 22892
9983 20869
4655 25788
635 7414
21041 24939
7867 25602
5765 27042
3101 13495
2721 5941
14103 26326
740 26088
2518 14672
11395 18618
7839 18945
11192 14767
4693 5325
884 20716
13978 25321
21102 26155
4651 17930
3204 27787
3722 23932
106 27251
3881 11552
8306 21190
1827 6948
6494 7160
7721 22380
11292 19652
492 8966
8690 13926
11133 18709
23809 26919
3265 13756
1402 25680
6291 12947
13358 22192
690 23566
13274 14552
20298 22430
8898 21700
10662 22180
22468 24829
11408 18938
3993 26092
4403 16266
2232 16426
28051 28179
1887 24448
8106 8871
6848 11797
403 16867
8943 15074
3186 21079
824 24927
4287 10298
19853 22804
6315 26418
4831 27234
5053 22804
7944 8128
19308 26073
1365 18787
15048 18231
4221 17747
12650 16910
481 19362
12009 26773
10365 15377
8349 17259
2311 24756
15816 23590
12196 23455
7416 26601
1789 18557
19170 25452
6539 11759
7822 25214
8872 18115
340 24953
10573 22588
11535 13876
20062 25024
8676 18172
16961 20579
10219 16989
2174 7915
21094 21727
2236 23566
7783 23978
8679 9850
8930 25904
9615 18049
9631 15682
2100 22448
24060 26817
19400 20536
3187 17637
13907 25727
7079 9532
7289 8964
18128 23437
6166 17760
12664 16312
17202 24608
3366 12956
8044 10558
7963 25620
17763 22948
14989 19864
396 27980
21806 24520
5812 19378
88 1842
18784 25459
9077 26807
2943 26989
3935 24656
3660 5505
9549 25484
264 17789
6914 18497
8095 28061
15543 21372
1686 11574
9428 20355
13422 22393
7741 18516
867 28049
22804 23932
1644 14011
19652 25329
16386 20339
4422 18644
14183 20746
12886 15282
1710 15442
17770 24876
11368 16338
1066 11997
17747 26507
13299 14462
4492 25471
8167 13807
1213 24365
340 16400
1159 22651
3059 5408
11966 20605
1672 6349
1432 6011
1284 15298
8949 9242
14602 25589
21222 27538
5504 27454
6832 14139
7972 22651
1900 15950
16739 21596
12158 23400
1878 26354
2748 4024
12876 14534
4609 7760
17603 24939
1852 24451
7523 23437
9571 11334
4043 22566
15885 22581
14215 17331
17067 26978
10972 21159
22469 26085
23313 25219
17173 18251
11439 21326
11451 24443
6352 20846
7948 8924
4612 15263
6188 19960
15977 19884
1385 25232
21123 24005
9654 11268
2104 9215
17065 19772
3472 15019
2585 3599
12798 26659
18635 25497
21114 21945
14203 22436
3892 10330
12977 25629
7149 25734
17657 22664
17735 24095
485 12855
5082 18959
8433 21459
13240 22283
728 5876
6177 12617
2548 6025
8506 12204
3287 23964
8634 9095
1112 25121
8642 21713
8875 20166
5393 14679
12193 25863
9358 20282
3779 5621
12228 17842
11432 27428
11629 21692
10800 22785
10639 15748
777 13220
1604 15675
20235 20409
18775 25443
1107 20376
8524 10941
23147 25803
13232 17632
1335 8416
6800 22799
15391 20245
3215 26717
5325 20848
10258 27131
12881 15695
6889 27223
5787 23574
13443 20002
17067 27173
20005 23891
22757 23711
4295 5561
15571 27929
15512 25759
2454 18987
15064 16814
3967 23399
9653 16539
14255 24412
1508 2048
17556 24171
14630 19177
7323 7360
15837 19956
1412 14954
13397 18172
14385 18766
13807 16929
2087 25085
3039 5023
12489 23655
4507 12655
84 25265
7987 20886
18284 24705
7567 27085
8290 24601
4535 23655
825 16900
21438 26999
128 3634
1828 5735
4849 10987
4962 21279
12277 14996
9264 13802
6891 26516
7787 7971
24788 25597
5521 6794
8194 26209
1180 5786
1348 12737
3809 25254
7813 28216
567 8147
24485 24953
13289 28039
9281 12282
3357 9631
7323 15141
17098 23376
23615 26404
6900 11484
1858 6940
18247 23678
8926 21042
396 18538
13294 23392
9805 21990
15184 19691
1061 18704
17329 23399
19769 22347
5632 24374
1032 11848
1306 6351
5756 25468
17526 17657
3197 15952
15282 25272
4630 20140
8206 24061
18136 23510
14215 17857
6156 13412
7529 21266
9494 21192
16984 21849
23428 28044
12227 14955
20401 27949
9590 17530
8536 18366
3063 13091
9420 19843
8122 21584
809 9395
3545 7099
13972 23686
1717 14791
3259 6510
17087 26057
4695 21039
8437 17202
12836 25283
588 3424
23151 23663
6783 15077
3039 26148
3738 20849
25529 27011
770 8500
4188 26295
22587 22956
5327 14050
193 4693
9878 24238
12773 17700
11218 23890
10378 16377
4671 8746
2455 7939
12981 18129
8715 19566
17634 23453
6384 6747
13293 19616
11140 18117
15533 16288
867 4946
2598 26879
9813 11370
1434 25683
4881 24577
14010 25306
14064 26513
12246 13962
6178 25172
2304 12649
3530 19213
2132 12010
3988 6162
495 12708
15429 24955
6848 10222
8818 16276
1568 21602
25048 25426
347 8974
12652 21199
13459 14475
15561 24161
1774 19786
14245 18861
14657 21815
15426 19705
5816 7935
3810 11592
23189 28015
1284 10333
4993 11424
6058 8970
16284 16334
6580 18704
18720 23844
8905 11350
8396 20406
10286 15281
22446 25904
15164 17757
23520 27735
17739 26978
5681 27763
11561 25525
7703 11104
5787 13579
3544 8251
4253 7009
4377 13789
13227 25831
10815 23705
11146 23686
17592 25468
6057 7695
15074 20355
13740 19032
4899 23201
10532 22688
9575 28084
3108 3734
16588 25761
11948 15974
8104 11097
17398 23763
3470 6857
5694 10833
26464 27761
3024 23576
4729 24105
14868 22479
6514 16748
1622 10630
9717 23794
3794 22798
19601 24971
8048 9319
331 25006
17423 21431
6572 24280
9323 24823
16939 17137
13294 23243
5477 26686
24610 27205
18920 25855
1535 18891
3689 20075
24095 27198
3539 20355
16327 23430
21864 27867
12629 19972
20390 27958
11388 22265
14832 18084
10868 24854
13968 20615
3900 27841
6246 19900
866 1055
3188 16848
23510 23687
948 10393
2787 14648
16534 21988
14129 20109
15268 15946
10039 17019
8825 11113
8397 25019
8939 24127
22882 24378
6642 10956
9090 10758
17292 20280
2967 25311
25838 26491
8242 21929
3940 5378
15711 27494
18584 22399
2257 26194
12237 16781
5047 22319
867 20389
7323 16175
9043 11790
7798 27357
5684 8985
3872 14791
10861 14691
19566 20860
1324 22672
5004 25450
20953 24934
2022 11030
545 9047
569 22810
12798 26181
1475 14592
8866 21264
8368 18541
4429 23637
6348 14129
8678 23430
4307 27497
10972 22203
8057 8988
7397 27702
2506 18369
18192 20123
24469 27042
21826 24384
13148 16727
1150 11722
11023 16701
5876 23273
9281 24884
11804 17819
2205 16372
4223 12901
8912 22481
19479 23175
13168 22184
10701 25755
18280 23857
695 27328
8667 11599
19208 22998
1613 14794
3337 23830
21000 23945
16910 19979
4849 6349
3537 24606
15317 25549
4949 9065
16173 27811
3995 12037
11296 14716
3376 16171
10303 19610
10915 15452
4029 4031
4663 16695
13246 18591
16020 21811
4562 6926
15601 25727
10320 17851
272 25460
16124 16910
16947 26812
5347 17888
2376 22041
13362 15672
1371 22038
2303 9086
21377 21770
6801 13468
16430 20131
12009 16874
14731 28054
4806 23459
24836 28256
10641 21296
972 21695
18336 21362
4507 21374
3401 18366
8155 18050
18175 20263
12931 16781
2664 19819
24248 27500
7358 19867
7364 21491
13121 13272
8730 14150
24131 27353
4580 9215
2028 10992
14577 24374
2962 21328
2525 27743
3927 4969
21156 24271
396 9799
8015 25120
9089 13232
3762 7199
18374 24816
11766 20007
19109 23687
10061 25813
3469 22498
12385 13833
11746 19969
4717 5413
2748 14389
14044 25371
6192 25473
5914 22452
24062 25110
6698 14106
15471 18963
20916 25129
848 13303
7386 18945
3422 8151
3728 18323
13307 22364
2424 10670
12335 27126
8427 20307
17902 18533
508 6508
8140 10426
8022 15187
691 14907
2128 16561
1209 11250
5416 25130
13003 15043
10646 22615
7439 13564
19496 21149
12437 16963
23719 24158
1726 1735
22025 26686
8754 19515
4671 23553
5155 20100
7641 27389
15543 19862
3359 4089
24746 25879
4021 23249
10471 22887
14686 15547
4184 8843
11342 23365
21314 25658
3779 27444
16286 24248
5371 20250
8807 18302
21778 22242
2341 3452
19082 20579
2356 3204
5626 21798
5832 13079
16928 20573
2624 12328
11774 20062
5648 19546
7205 16901
20545 20948
10139 21884
19244 26643
1068 18588
18070 26053
5048 17560
7560 27273
8020 24847
22644 25547
18430 25442
107 13650
20319 23454
7945 27517
9038 10382
9525 11438
8500 24056
17955 28214
3790 12193
3993 5371
17530 26313
25079 26547
1733 27362
1271 18842
7481 8952
25412 27514
4269 13275
16783 21801
4300 15220
18145 25080
17306 21118
13861 15792
6898 22376
12908 18206
3843 9569
9811 25865
7488 10308
5084 26110
1809 5810
23352 24636
3139 20504
15464 24057
15435 21182
17893 27987
25317 25957
22147 25693
15328 19114
8328 17103
10456 27969
3890 28157
448 22114
1787 12403
12230 20726
9967 22966
14370 18454
17747 22441
18370 22024
3425 21242
1070 18233
16582 23727
21594 24836
2600 26304
3885 26706
5500 22619
1755 15184
4158 13875
127 21746
18704 25472
11297 14374
86 2880
20671 22431
5298 7963
1964 23619
4035 15442
20480 20558
2735 15582
23152 27166
11746 22058
16717 23571
6182 21263
11677 24218
8249 11682
5365 11795
6446 16368
16194 18793
21599 24836
3997 21149
11030 23553
14409 16974
18780 26258
8394 9706
14053 21053
3260 27076
18944 23083
1819 26596
7360 25901
13707 14393
11428 24900
5893 24384
17264 18133
11253 11436
3807 19035
711 24453
7290 24057
6226 9243
4761 7002
22323 22454
2087 16757
43 11484
11100 25519
1277 10757
1092 24241
21687 23809
17709 21906
12606 23912
5010 7492
7519 23480
6355 9797
10219 18704
10284 24804
17823 22378
7892 10828
14061 15561
24282 25564
14962 16629
3432 6718
2845 26862
5327 7793
22516 28228
3146 22608
11937 27421
18033 23312
4815 7251
1866 21131
9523 12654
554 25945
1888 15791
4301 8090
3012 16939
7611 12236
6498 19583
3762 25426
7502 26111
8956 16127
1878 13558
1210 14632
2650 17258
6158 11634
15024 26887
11766 17421
16413 16682
18668 22468
2823 19503
9533 24156
8725 27614
6760 20151
25628 27596
8963 18521
6228 19134
2150 4064
4167 27467
3881 5189
11214 23942
21919 22119
1632 11147
127 11989
9837 22104
5912 20083
8134 12834
101 17995
13912 22191
8075 8194
2574 16467
6848 23932
21057 26000
11574 23930
24825 27810
2001 12138
18615 27924
7387 24485
2893 18755
6891 21655
4778 7245
12058 14790
9465 21915
7437 22610
2665 24147
16940 21791
10027 23143
17032 20461
14363 24646
401 22476
12649 27273
2320 27605
13297 14953
583 2527
18265 20885
3649 26077
2396 23265
4142 11948
9683 26334
6156 10443
5651 21499
19731 24576
8914 22580
7289 17509
23696 23719
11092 27308
19871 24939
15906 17634
8833 13585
1023 1970
175 3903
12554 27579
22154 22842
3734 18783
1990 8730
813 14661
3090 12966
9847 20572
8667 25250
12759 19184
5371 26421
2419 19004
21126 27719
4316 27621
257 17304
21000 21878
8212 14612
8717 11629
12479 26026
11172 22425
4695 8945
24752 27129
16607 26554
20 12596
11363 13005
2272 13216
139 19378
17747 17941
650 2406
2895 24955
3619 26833
18450 21908
8959 23190
12914 13769
1870 4097
5315 18508
1270 7113
2984 26153
13832 15741
19325 22607
1502 13294
6794 9779
731 23361
3580 5505
13257 17141
11290 20008
6737 20227
915 19269
10894 17311
8159 19990
1164 6367
2112 8488
629 5607
8167 13739
9416 13180
24169 24830
416 16718
3059 19331
11417 20217
8454 26026
3091 27756
18660 24062
2730 26380
621 7061
245 14794
16582 21471
15874 16553
17986 21715
10335 11067
1604 5815
3734 7582
7535 10055
12351 15036
11273 20406
4433 15893
13271 14602
23233 24069
7341 18837
15731 17656
3539 20339
5344 16718
8493 10646
13328 23983
9915 24104
18578 24540
7439 24804
10068 26498
900 7028
4954 8889
1150 8634
22917 25716
14355 16679
10713 14371
13393 13744
17632 23653
22322 27582
5326 24947
13228 18818
3162 24690
23315 25351
18284 25807
749 19237
1076 18369
17595 24836
18919 19461
6241 22329
18606 20122
10200 16253
8988 10602
3741 7347
2227 17801
3059 7213
8454 24379
19274 22194
5362 27698
5815 7595
3566 14402
8249 17749
14838 18024
5189 19888
19985 23074
10641 16772
51 7956
4956 23997
6262 21187
13679 19917
850 12994
259 9843
14016 27010
20157 24964
5416 22296
1878 26659
7820 25443
15077 24955
2605 27004
3279 4012
23379 27042
8623 24473
618 20302
5984 26503
2438 6994
840 23246
175 27821
6594 21391
2658 10564
21518 27243
10792 13108
16941 25901
814 14838
25856 26447
4729 25114
17901 27507
10278 16598
17224 21033
17284 27405
20205 27117
1158 25713
9838 13945
14771 26717
327 20615
4537 10290
4003 4076
2771 21296
590 18059
4091 14586
23857 27018
3741 27609
5020 20166
3759 16639
4271 9662
1942 7452
7568 17586
5204 12001
10846 24068
3127 5791
2790 9956
10368 12813
9183 27192
3944 22857
23954 25434
19857 21343
26223 28137
10023 22865
13581 16744
3826 7542
15015 23333
8615 10160
12528 22151
14916 23193
8645 12783
122 8359
6629 17141
15316 26439
7473 17730
1209 14782
7531 22553
20688 25406
8720 22037
2063 14513
6710 21994
406 12645
11484 26652
5930 26489
15006 23186
19978 24659
15881 18059
22605 26505
3873 15676
21341 22416
4211 7570
1900 17603
7194 22954
8238 21678
14050 23254
18218 22453
23265 24504
5251 11059
10170 22670
257 16053
16305 22445
3791 18277
808 10219
6314 24030
2452 7543
12341 17526
8054 11296
14413 27408
8409 27677
5127 15986
9923 14477
609 2328
18622 23946
20763 27669
1767 10792
24638 27538
2435 12754
2447 5222
24830 27329
1538 26585
18845 23745
12369 24062
405 17584
9843 15985
12479 14187
4216 23329
4943 5989
5992 10428
10741 21391
9465 16823
2254 13707
17155 23385
5267 17056
7796 14609
5140 16188
12424 14665
722 9001
9296 16103
1721 3851
14839 15126
18824 23710
10128 13736
4236 6994
10449 10584
5989 23857
15187 19098
22026 25823
1213 4084
4448 18219
11884 23111
14076 16984
11766 24521
4693 15658
2003 28238
5544 23523
4736 14519
8210 27406
1192 15691
14564 14781
640 28205
1383 11417
4596 17364
13975 20041
704 18841
8703 26320
2454 2885
1148 22846
6920 16268
6707 8720
9059 13240
3961 21020
674 9462
1755 9838
8353 16970
11291 26691
10309 25963
4607 16584
9100 13652
17382 17795
1860 11637
8719 18648
4081 15930
11150 15907
5950 7977
10508 21094
18870 25557
4890 23062
1225 11562
711 8753
10494 14838
8567 18922
898 16694
534 11562
1171 14630
9990 26635
23 2210
3911 21321
1713 6437
974 16979
20747 27464
11392 14961
17560 25991
22799 24598
2245 9851
17166 21790
4070 20200
2195 15863
20184 27314
5639 12657
12410 23609
12366 26050
7798 20995
16065 16447
3997 19336
4328 10119
6973 7638
13695 17169
1606 15399
12711 18516
17017 20414
2542 27016
8586 19351
24042 26758
8241 14310
15064 18319
3310 25658
15669 18281
24317 26365
12257 17847
11783 28070
16947 19062
2636 15939
15425 25838
8003 11406
12783 21587
10581 26615
18115 27795
7734 13382
23102 25192
2908 25236
14556 17128
1860 27530
11522 27419
5989 10330
1138 27222
2185 24105
14759 26422
6489 8441
3276 8352
5829 13181
1448 24032
4693 15477
18694 24650
10090 13831
3141 17481
14206 17446
5442 23549
9127 14534
17738 20137
10395 23430
21505 26358
11963 22430
6914 10428
14809 19381
6226 13455
2222 13313
4045 12231
9002 26735
7861 13032
6609 11657
8168 9136
9155 13168
18775 23295
12385 21722
12264 19817
2822 21623
9180 16109
10935 26764
5289 21119
84 1469
4581 22464
5263 12887
17145 22430
20925 27330
19140 20092
902 10018
9103 25559
8491 21621
1745 17194
8702 25428
974 25910
1197 10315
12754 15272
234 4251
9949 24147
18454 24543
13374 20500
7386 14481
1707 26499
11363 26811
5598 11778
15090 20195
11059 21595
6811 27234
3734 14672
435 15436
6228 15729
10920 15470
8659 8717
22448 24000
3593 4324
5330 27596
3518 21139
478 22290
14244 25214
10603 14247
1856 5731
5661 15056
25867 26922
6261 9413
8155 12551
409 8042
2270 4557
582 4489
5859 18369
3887 24829
20661 22418
3354 14217
4871 18038
19423 25634
3096 15513
13261 22860
3975 10350
16764 28158
12612 14407
7895 20778
9040 22004
3734 13456
11295 23825
2410 3229
3287 10638
15643 17019
2586 16742
13592 16702
4282 25276
8777 9821
4467 15173
19817 21438
21094 23952
18359 23643
8818 16353
11154 25329
7453 13789
31 18244
5627 11963
8647 19784
12405 25977
9887 19127
10612 24028
10741 18727
2139 12612
17605 26582
24032 25956
17129 23929
5162 9470
19409 22153
9808 17464
2708 12656
6623 23086
3306 19333
723 23322
6957 16683
20323 22992
6876 26929
2438 5422
6070 14248
19950 22649
9367 14099
19273 23361
25460 26062
14264 25272
6793 20740
5849 17719
17023 25930
16201 23499
13115 17273
15866 17300
9738 11854
447 25382
13718 20123
10537 20582
49 2024
12411 20076
11923 13908
9751 21653
3933 13232
20442 21118
6305 7685
13741 14635
13082 13391
1936 11078
8455 25163
4101 22206
5107 5434
751 1050
1745 22784
10852 17639
10795 24265
6698 17288
4844 17984
3287 10462
23803 25318
9951 25584
7068 17027
11417 25579
9574 24129
16582 20554
396 21929
7398 19219
9337 24589
1074 24352
10584 19313
14082 20235
4599 18368
7508 8398
11463 26955
8652 11409
4114 16149
1 19675
6514 15639
4581 5171
10740 25738
6215 18669
895 18520
7166 27197
8756 17027
16878 26880
12887 26546
9710 19772
16497 27005
19337 20155
13968 23128
588 7021
13509 23016
4556 22869
12122 17637
7360 11804
3154 12551
22283 25666
23459 26053
11603 25806
10336 17516
12402 14520
4218 7975
11133 20849
5146 15766
12994 15837
11093 26838
13888 17783
3700 22343
4904 10942
12036 15529
9673 11740
3517 4573
15464 28032
8810 10391
19817 24444
17255 22983
9937 25266
1273 13198
20527 21944
12356 17963
197 4373
14369 26010
21291 25602
20064 20963
7002 26299
11082 25602
17458 26532
6065 23893
3997 16953
10197 12428
1967 18447
15707 26017
2760 4415
20362 27867
18616 24506
17945 24218
17497 21007
8050 24290
24410 27559
6280 13253
2348 22693
8185 20867
582 14008
6994 9762
9885 24023
15401 23892
14555 19013
5028 27206
20772 25181
17017 20652
23645 26192
647 21919
16464 20986
6491 18190
873 14979
4833 8279
17988 27787
660 22925
9874 18160
637 21718
7314 10437
1399 25110
3997 10282
11258 27559
2363 15467
10234 10634
13221 21072
4302 26717
6198 13272
17 4069
17737 27563
2686 5289
21136 22402
3666 17961
180 12405
1767 5355
3465 15164
9035 25827
9047 20705
14178 19668
5254 22906
8292 27015
10161 23278
14132 15153
21296 26373
6707 22325
8070 14876
581 16679
10429 12243
10923 20019
3734 21203
12078 28150
5042 5502
505 25732
3666 13282
21443 22058
7452 13357
12134 17735
13343 17742
36 22491
9614 11456
3998 23696
3171 11902
14851 24659
11388 13338
17817 21991
1840 11334
131 14399
19484 21808
15611 22354
7585 17273
18404 23625
16981 24660
3247 7358
4967 11431
12879 24861
3851 19567
1587 17900
9872 11484
4954 7881
15829 27495
21310 23607
1419 6507
12456 21438
18679 23932
3872 13827
23585 28177
446 5977
26137 26831
10670 18281
820 22276
7386 23284
11438 28084
20490 25042
7141 11436
9621 10531
8391 17408
19710 22799
2202 13566
2667 10841
15837 20170
16446 24861
1349 17465
12517 26597
5846 8230
7987 13023
5171 14133
1776 27523
15284 16090
19448 24853
751 14084
10389 17241
2453 26340
15442 19835
25699 27664
9881 18155
5618 7025
1580 7935
21554 22905
7680 8924
21610 26876
2971 14555
1138 6426
7930 27900
7311 23062
12629 17286
7832 22001
25163 26150
12308 22111
6957 25559
21694 23267
15727 17263
7836 18920
674 1944
9808 16954
7373 25121
8300 23230
6070 18667
22172 25474
7881 14369
14276 20654
1105 20661
8036 24955
6914 22546
9922 23139
19178 28159
9895 10989
4829 7488
375 19032
6914 21416
8924 24244
12179 14744
3086 23327
8242 12110
3146 7204
1134 21798
20615 25949
7021 28263
23619 27306
991 25005
11112 24872
11166 11240
3072 23830
5198 16189
6741 19295
7413 13454
15052 16766
1107 10594
18894 19953
1349 27886
4899 6857
7610 28158
8491 23657
867 27660
6106 9799
1604 18679
7732 13427
17462 24122
10859 13123
488 9091
3379 14604
4199 20226
6190 25059
262 15679
9111 9582
9523 10971
2647 9662
9944 11463
1279 13917
13428 19140
2872 17905
2737 22849
7041 25306
9067 23361
5728 19138
5734 14418
20329 25986
20760 23593
4216 16209
2436 25623
14546 18001
6037 15967
5724 10662
25309 26670
21612 25306
7429 11356
365 25435
2004 24169
10854 22627
3219 5890
16022 17625
6517 7477
2700 20060
15968 24374
12098 23816
23060 23707
2212 20532
12812 24277
1840 24006
683 12399
331 25033
11047 11723
17317 23267
11092 22699
2908 22699
3728 17186
10178 22364
5999 19554
8464 25121
1189 7507
11627 19771
4767 10963
4560 17931
448 19947
7732 23602
6738 23016
2233 11878
4703 25059
12541 12958
9699 22331
24623 25241
860 10128
14223 16337
5354 18717
1249 20550
19601 23286
1392 13085
3901 12483
17789 26202
7326 15531
1197 7507
9786 21960
1417 6790
26201 27172
9646 25587
3700 19851
6604 9033
11124 24643
4836 7783
9006 11633
7202 27664
15220 27313
17549 24252
15211 20803
4287 18920
6692 12234
2785 14131
16434 25163
11268 13649
14798 21149
15711 21458
1067 15507
12552 14014
26090 26916
18761 20250
14523 27700
985 3853
2531 5730
4570 20973
12924 27074
13472 27508
1847 23267
24091 26853
20667 26753
7139 18265
8864 26829
16267 24690
2547 14555
3987 5716
22283 23075
16272 27114
9252 18435
6669 14513
1937 6879
19001 20998
18346 23932
15599 18178
1067 25321
7896 21331
12565 21798
15642 26931
17482 20162
19474 22339
5660 24069
16314 27867
9666 27476
9280 15992
3835 23282
3871 16628
12212 23987
11411 13564
4967 6728
16012 21098
7328 12999
10039 26603
4623 9421
1970 8177
2233 11281
2341 5323
7221 9710
7386 19753
7280 14539
5733 7150
14154 26545
22666 23024
2092 7497
25666 25839
25213 27667
4087 14373
710 6848
1253 4609
19138 24393
18280 20162
19531 27054
25184 25956
505 14677
5267 8143
1628 19777
7783 26670
9654 27867
346 20938
9650 15281
17010 23665
262 7830
23897 26593
2816 9113
3381 7757
28 840
1944 24676
25956 26358
14211 18843
8555 22012
220 19615
7104 23104
4353 22720
9148 18359
2803 26717
15423 25935
4144 8924
1788 8375
3564 27790
24251 27751
13192 16090
7536 8924
2849 10725
20998 26181
10054 26573
6426 9214
1152 4941
21462 27374
2375 4304
6178 9687
12831 21831
5 19171
17141 19205
19127 26760
1082 28051
7089 13448
8954 22012
17930 19177
8442 13636
5723 14296
2386 19863
24158 25894
5485 9367
7990 16181
11868 19742
3733 7707
1048 20378
11208 15461
16543 19117
23932 24825
1959 24323
7869 16372
2050 6695
4221 23553
21461 27052
14276 20423
1284 22387
3944 23494
27769 28141
16629 21149
3249 24398
13754 20173
1538 17080
1613 27026
7081 13961
8852 26513
16629 24415
14456 26107
4812 22581
13387 18402
22233 27090
25109 27204
20758 24904
11243 18386
3592 7015
10969 21790
8806 26740
2412 12420
9737 24255
3910 27702
12194 17513
8343 26644
17966 22078
10197 22866
17817 20321
4886 11207
22871 23016
6581 8217
16965 18632
6517 10096
3724 18568
495 22416
5020 27905
3158 25901
7325 14477
3872 5309
588 26439
7855 22666
327 4671
4829 20878
12032 13119
1181 24437
874 10141
3961 21766
5330 24422
912 7213
565 6026
1556 14489
12318 21992
3300 7627
14012 19325
8578 10436
5609 24226
793 6397
15808 25286
20069 26770
15128 17115
5584 16909
327 10815
11069 14781
1745 25935
8690 10871
9168 9944
9294 21003
13567 26920
14989 24774
18285 23619
3401 15056
2709 25397
2555 3944
1878 18626
7075 26311
111 19653
26085 26640
2324 8592
18533 27516
14857 14914
14993 25409
3860 23834
19817 24823
12043 15296
13422 23330
19464 20333
7900 15721
11147 13847
4833 11115
11969 16460
13673 18739
8948 23073
1541 25977
2583 7519
2882 17077
6680 20632
11812 12155
1379 25061
14825 22882
5194 8676
5618 17481
4211 21412
2518 5617
24577 27827
11816 14574
3639 10876
18415 21859
7841 10243
2061 7698
7477 25724
16984 23884
4191 21236
1565 22184
13405 21895
12661 26505
6974 16406
5350 18154
262 12274
21409 26764
7464 20487
6198 23963
13892 24061
9777 20990
2714 13282
13575 19154
1038 22452
3734 13360
5705 12549
16276 27301
19096 27821
6770 17761
23300 27821
22157 22897
13355 28044
14803 15251
14728 14959
2928 13240
1297 9265
4720 22080
12137 22239
16979 20031
1382 12335
19731 21910
7343 13875
13804 25270
17604 23738
10727 18836
18591 20758
9077 24774
154 19579
16499 27534
898 19857
10197 14477
16483 23908
18699 18996
9710 21783
3819 21828
17713 17920
8435 21707
18755 28064
7284 19219
10998 22813
106 9404
9416 11444
4534 18784
4186 17760
8087 11987
16197 26901
5062 17742
2887 20109
17193 25004
13370 20991
16984 25337
19600 19602
13806 26945
13091 22833
6796 8869
10579 14572
21061 24927
8265 27255
2479 18455
8182 24069
14539 25882
3882 10906
7081 13697
6486 25140
12780 21431
2771 12046
269 9930
1784 21423
13209 26774
25525 25962
769 14817
428 13719
1111 24030
2093 25410
20705 24207
10235 15913
18471 18713
5150 13846
8075 12587
1338 23149
9180 12888
4332 22784
1955 5731
17923 27174
2637 23902
16258 26010
16077 17950
16529 16656
11778 23094
4385 26820
15972 17339
26363 26461
1685 21941
929 4797
26282 27882
6301 11356
12688 19184
16393 17399
974 15392
3184 10160
5874 24830
2412 27340
12862 18669
12508 23619
6848 12049
1499 16907
7874 24122
20657 25336
1349 21205
1878 17853
7149 26351
19068 27565
5464 15251
5248 20445
13822 21701
3759 15511
5984 10393
4421 13320
12077 27655
2646 26299
2968 4912
3011 5270
9525 22536
11218 21638
5089 18160
5864 19424
13093 26931
314 13141
5728 22959
14758 27458
1950 24247
2031 21536
7826 14438
6657 24444
25445 25810
10729 27117
15749 25272
1270 19991
5411 18772
1438 23133
1477 21835
6507 15575
23275 28096
15117 23354
9199 9623
23929 25759
7091 13146
15292 15345
14683 21236
1010 18369
19827 24557
8797 26395
7649 22634
10406 17923
17147 22330
7765 13287
18034 20236
4789 24548
20469 22143
16865 27314
2714 26077
7301 21163
2646 4223
7464 21112
5040 12829
8394 17377
7429 26986
9730 18420
577 18242
6177 23892
23196 28014
3354 25303
8443 23036
10838 15347
10449 25299
4949 20850
3279 17165
20724 24415
2491 14665
14840 25062
19171 25260
13074 25918
10511 20913
2954 26260
20424 21149
8810 19655
7154 9569
4066 24611
885 1779
19005 27442
15211 17905
4253 6876
20053 23455
18219 26419
20188 22214
8461 11997
2407 15843
10292 25390
1033 21431
693 17259
15335 16527
6309 20224
13171 27044
2069 14289
9028 21283
16961 21513
17071 24660
17952 25344
8318 24444
24610 27387
4860 25268
3127 21646
18759 26744
10648 20137
2021 14017
1027 19068
7372 19451
3784 22990
10436 11319
348 26597
88 26113
4594 24384
3946 15182
22241 25028
1385 17170
5805 20929
14584 18501
4247 24051
1272 3198
3872 14380
19686 20757
705 9959
26404 28094
10611 15762
3390 17819
559 8454
5326 21491
9575 20676
8263 11242
9664 15786
14288 23194
10279 24085
21215 22532
18516 19326
10982 13366
1963 24904
17158 21074
302 25986
12677 14781
3859 23628
10054 25490
8074 13239
2586 21919
583 25349
23183 25163
12489 16258
25547 27222
4595 20366
2999 12398
5194 10357
18690 23340
13779 26559
2882 4468
4717 19467
10691 23762
5246 25330
17853 20741
26240 26371
20417 21582
21061 21622
1550 22403
13932 15804
25083 27221
3186 25986
20130 23518
7916 14494
11199 24405
12476 23963
6738 7932
17848 19590
9321 14601
452 17818
4424 5941
6786 17755
1830 13335
7096 21915
2564 9260
17478 23191
10662 27702
2151 17586
18626 20758
10407 19484
22269 26503
12615 15438
13343 20836
9122 16665
1937 27324
3041 4013
600 15077
23997 27817
21291 24158
809 16276
4388 20258
24586 26784
7871 23116
6077 7909
13121 26838
1 16152
3183 11786
16632 19323
4391 19605
7410 7885
8438 25397
12008 14012
5440 25035
7929 24481
10646 22581
10508 25713
1105 1885
3066 4072
1719 13451
9043 23162
24115 25152
5989 25420
6209 13385
5691 17846
1434 20633
6459 9895
3846 19154
4448 22214
7206 12720
609 17963
1187 8455
13970 13984
24799 26829
1287 22456
8675 18885
18770 22351
423 11777
11036 24703
2967 7750
12158 20523
1343 20799
16323 18249
1753 24971
4101 4689
4101 22471
10417 23054
2147 3417
14397 15251
14477 14907
7288 24955
1144 24170
15479 20448
16245 20998
10380 23465
17457 24096
3927 13617
24362 27285
7757 27243
833 983
112 7289
8955 13307
24172 27510
5841 15251
4623 22254
6972 9724
3674 12282
13646 26476
4031 8515
18133 19375
4849 21294
11426 19169
9201 16894
8958 19205
4377 5143
3109 13602
8710 9412
16700 21000
9675 10077
22521 22539
17056 25301
4135 8860
10680 16038
21873 27345
11465 22841
4414 21201
155 11364
3265 13155
8209 27997
188 10218
7913 27257
4353 16594
6448 12718
1421 8526
3890 19061
17743 19169
7360 17115
12986 22522
9228 22848
9888 17062
21300 27032
9524 20498
6178 22042
9281 24904
4544 16470
8251 25107
8948 25034
13085 21275
23324 28274
3152 17951
10828 16115
19494 27821
7937 12711
11286 18351
6903 9853
25827 25848
12397 16964
1603 18041
3128 7849
714 19578
10722 17782
5153 19326
13295 26566
15286 24812
156 25433
1887 23617
640 8864
9358 24589
7890 26550
16293 20852
11825 19047
788 22696
5945 19819
5546 17073
2559 10523
5545 21082
8543 11334
2094 11785
9408 23553
9214 27042
1030 26324
14041 17981
3362 15977
5042 8392
12137 22310
9922 22990
20754 21780
12737 13013
5139 5731
20162 24069
2764 3319
15683 22675
7016 26297
14511 16984
5636 25309
16963 17407
17787 23782
1970 17133
2518 22481
2771 27263
22180 24127
9226 11428
9683 11529
10116 17630
7956 15986
2491 14642
6891 25328
4703 24263
2065 6480
107 14104
7852 9949
15829 25062
9923 17562
1134 22440
10971 11009
3318 9472
17260 27005
5372 9323
9123 22200
13512 15782
17169 27247
1232 22748
11552 16197
14912 25960
4539 23553
1005 10148
9344 24122
7022 7982
6263 13187
18218 22454
12188 22151
25468 27458
7195 7626
3059 7314
14594 15894
3197 3648
16922 25414
2833 20749
23086 25102
1629 19117
25421 27987
19130 22403
7396 8868
17931 28150
5651 14894
16928 19789
505 27087
804 10457
10075 22352
26476 28156
9782 20313
6841 15069
14783 26156
5315 23369
8606 12034
7060 23688
3383 8924
17249 17754
874 5137
18086 26663
1948 12973
963 18343
9253 20236
13455 22954
22537 25037
13527 23855
345 660
10321 22144
8657 18272
9601 14608
5438 14027
20719 28056
180 18216
8304 18982
1878 23392
17733 25067
12228 20196
14474 27479
108 5978
7401 16276
9788 18281
19978 24069
13970 16629
2270 21450
8212 14014
20586 26641
19712 22471
16386 20622
7 17761
558 16762
22427 25577
7791 15928
4676 25704
7911 23106
7203 25827
20162 28158
21929 22390
2389 22835
4205 5711
24521 27924
5949 17637
5397 23798
9843 23705
1775 18318
13472 20411
4422 19740
933 24476
23816 24804
9300 19425
14577 22654
9148 27567
22160 24846
3967 23696
14990 15061
7718 8443
4547 16081
15882 23799
1603 24749
7921 20031
8717 21849
20001 24681
2081 2519
2642 14584
13713 18430
22970 25881
4607 22015
2508 16692
5339 25219
1294 21382
580 12687
17501 20931
897 21659
3240 5089
4218 4629
609 5738
10287 15916
15050 18173
5521 8961
2586 13397
3568 13148
23474 24405
1141 16775
21849 22012
8071 17086
20809 25647
8518 21408
5326 17993
9214 10279
21671 24186
20127 24557
10443 23061
8454 21293
17854 24828
3251 7707
4646 22527
7669 9541
6086 23615
6239 23187
1724 16261
4442 12727
3789 7047
396 15580
261 1526
2024 5684
6020 11026
9762 18651
15164 22202
19623 20586
4807 23062
14223 22644
9820 22215
4182 17982
8612 16328
11104 14520
16117 20758
2266 16170
3390 12565
11696 21766
393 9358
9544 24733
400 3269
3872 22254
9438 13919
6603 26630
10046 21955
24665 26363
2435 15232
22581 28238
24244 25106
2738 20486
14240 16656
14997 21646
10232 20391
14228 21577
2369 15391
5031 15962
3484 26578
6248 8688
2326 7427
23643 25452
15895 20255
3733 16643
21984 22160
12511 23803
17027 21406
21849 22892
19042 21384
16676 23218
16373 26118
17106 18901
12024 15112
17232 20572
16550 17963
14389 25462
825 2431
14771 18940
17254 28227
5708 7741
22973 24351
8160 18850
9482 24537
12172 16738
3882 15438
4218 27932
1260 24904
2244 28181
21671 24190
10698 11768
15360 15869
3140 11154
15541 23492
11948 15169
1023 24589
12922 23053
4287 15791
16102 23867
14546 23454
5472 7997
16284 21387
12621 13950
1289 8490
5609 18626
12568 14964
3152 27996
1962 21869
2030 11885
7302 11484
9978 16870
23686 25608
19388 21037
7956 24069
1294 23188
19990 28139
22471 27107
8611 9250
7205 8806
2582 8690
5327 5815
262 5510
2369 25626
6648 24325
13825 14969
10937 22157
20503 21257
15623 19264
17896 25587
13221 22564
15063 15915
17763 24665
10701 18615
23441 23935
13101 25617
939 12067
12361 17404
7672 11463
10189 12508
5027 27275
13780 14453
13909 20162
2227 14330
4149 15446
2628 13813
14789 25738
15836 16190
460 22516
15211 17073
3922 10958
15321 20618
3695 7002
4886 7416
19699 20160
3580 17851
21761 25414
6454 7881
20929 28195
21279 22224
10502 18724
6979 14404
2320 10701
9193 21637
4442 9915
9538 16184
3521 23365
23333 24723
8963 22209
10489 22499
10839 16989
1429 15419
13533 26041
11331 23024
11306 13480
2888 17148
16656 17446
5651 19665
6177 12726
2311 7984
7134 26356
2190 11648
9880 26614
16423 26554
17108 27514
3197 6539
21341 26311
8705 26592
1 15057
11483 14104
5956 12664
13059 16984
17562 17991
13681 27746
3598 15705
5646 8148
18475 27221
21946 22287
2505 14555
10559 12657
3026 11810
4868 10023
8074 11980
9155 12773
1904 5019
9003 10956
1767 18418
19613 25114
7210 8997
7538 25910
21603 27923
2696 9717
15660 21263
21194 24554
20737 26945
4230 15617
22364 24456
22194 26251
18662 20463
13104 23520
12614 21747
17331 24883
6072 8009
25267 26182
2666 18949
275 994
9974 20111
3615 24131
22265 24741
14772 21000
1817 21798
9011 19089
1225 11818
14885 26477
2050 16138
8192 25887
8408 26458
7401 7779
1154 10842
19566 20245
702 26764
14814 24211
1925 4028
2539 6517
24454 25508
12709 19273
9185 14901
18148 25287
7984 22476
16104 18456
2474 14783
2259 15531
3681 9691
755 13855
704 7330
16185 23543
3946 13392
2390 14411
896 13475
683 12233
11568 14942
4255 9776
1560 6044
401 23085
7247 11256
14911 19228
11962 26952
3085 17542
1633 15908
10498 21028
24268 25494
33 19712
26142 27002
345 24148
5850 20680
9605 22939
8675 16188
11197 13642
21353 27788
13401 22610
2189 14145
15922 19999
8990 16905
16570 25239
196 9317
15321 16923
11281 19061
14604 26030
18593 24915
13704 20846
11480 25299
1103 26261
23919 26419
327 16963
7768 14604
9022 11408
2518 7652
8924 25287
3568 18789
16681 21571
828 23890
584 7881
5125 5210
7889 12068
24069 28217
9669 16356
4600 7793
14402 19577
13564 14912
1104 11023
2137 6005
9192 23016
561 12927
734 15216
21725 25903
566 20288
6036 21622
19249 24843
11111 16747
2237 10961
2206 25039
14728 18719
494 6477
4037 23414
1050 10383
206 22135
14588 25018
4245 9305
1200 1593
522 16243
657 16488
11424 15435
9214 20993
7031 17963
6451 13486
8240 8807
12036 16205
19483 21232
912 6042
5319 11550
14367 21114
17555 19100
1107 23950
9726 11055
16509 25991
241 22810
13673 16718
4693 14167
13282 20966
15541 17967
5326 24251
15635 20611
8657 26412
22457 26554
9730 10222
1707 2291
748 4465
19853 22040
19857 25652
9398 21097
797 26986
8930 25262
7416 18061
7323 16941
5084 21194
19188 19977
635 13456
20634 23836
17138 23932
14228 15341
16002 27979
7515 20075
8753 27608
15106 19909
4439 14010
16905 17273
1770 24266
3446 8465
15029 19024
6587 16472
850 19956
18874 18988
3265 21851
21545 24893
14758 27124
1426 11255
8466 9524
259 13590
580 5522
2664 25713
11746 28115
4717 10390
4563 13313
8478 15184
5827 18247
881 17172
9632 11747
2219 24125
22230 23811
7248 14763
6272 15393
6094 7412
19915 23640
6413 13348
1989 9701
12773 13695
545 24872
14179 17457
10646 25011
345 356
2961 20046
16374 25638
14411 25086
19427 27689
3667 11283
2279 14635
18797 20884
16245 19001
16744 27920
13668 17757
3067 11052
849 15629
8975 23377
8709 20041
22344 22570
9211 14851
606 18996
5481 18641
13972 15015
846 21489
5583 13168
6058 17965
5247 5368
6972 13193
748 18457
9907 15428
9426 22096
9929 15549
11396 20672
16311 23143
321 12988
4143 5908
16194 23836
11348 24617
12246 19990
5204 21072
13390 20409
12616 24238
505 8182
4532 23379
7547 8514
5030 8145
6198 13121
860 14053
15695 24415
8168 20799
3928 15466
9528 15900
25724 27705
867 5609
13215 17981
15836 24576
4956 19500
4221 12447
16092 25715
10330 27013
18449 20424
11580 23771
4823 24279
1771 11443
14745 17075
24300 24935
6102 18411
7243 11599
7747 27152
334 11045
16781 17118
10419 11668
13530 23914
7132 21407
12369 20384
11335 19348
5008 26398
2557 9951
17273 24720
369 5984
2351 25435
14867 27764
17662 26988
9472 19887
2389 3863
17779 24459
4201 17742
5371 7959
18712 20552
8443 17273
25494 28232
4233 14666
4974 19347
5989 18425
867 6932
5403 13173
12950 24323
4269 18846
12112 14344
12664 23844
10523 24497
513 7179
15102 23721
14835 27681
1181 13120
25754 27853
13032 25108
10326 10862
1851 16367
6709 14456
12169 14832
24026 24053
9524 12512
341 7726
7820 24422
14564 17676
896 21651
3613 11224
7835 21430
3311 4507
3098 13047
2252 6994
1658 18761
428 15669
11030 25759
1900 1996
546 20854
17294 23121
12271 22060
2132 4623
29 582
13813 15726
1343 24028
7608 8228
14136 23259
11662 22759
3734 10652
1356 19161
6667 15090
20164 25188
7035 26963
19348 23047
10079 25986
2846 24454
1669 8676
10900 22425
3540 7772
7108 13542
3038 23814
12690 23111
21602 24812
641 16477
958 6981
750 3832
731 9925
89 15008
8507 22334
10747 14010
6932 13951
514 11039
17437 21050
2730 7390
24415 25197
3023 22227
15332 25262
6639 22947
2247 11076
7447 18373
10127 15178
664 4584
193 1604
7926 12602
10560 19061
17545 25966
13279 24697
21456 24608
4711 25760
1163 20579
9736 27483
16840 26030
7743 19532
4642 20981
10710 25687
211 14706
4178 24036
485 24057
14057 16998
7477 27705
6615 14427
10400 24325
186 758
10242 17426
9137 19579
2353 15267
3317 3534
9877 10523
737 28181
22432 24347
16814 21566
19966 26578
16071 22688
720 8104
9250 26027
4649 16314
10050 21182
7243 17917
2672 22255
9281 9569
8935 13954
14763 16600
8384 18521
8574 25760
4132 18436
2359 11047
3337 4791
7331 19100
9940 15900
3535 5564
3974 9250
2336 26150
4189 24900
15981 28180
3674 24884
1857 4496
634 17878
5385 19271
3885 11080
1559 17231
6196 24061
569 11416
16855 16901
13888 23710
17792 22993
3849 13977
10882 19775
23730 24669
98 16328
7152 16094
424 28158
11010 25294
1249 4742
2436 24848
9676 15623
3598 12397
7387 27129
2647 3122
8489 15714
8646 16956
8291 28196
13823 18988
3674 4640
11754 23846
11977 26176
2105 18520
18502 26668
15563 17374
14322 22694
15416 15978
12779 26959
10252 20186
16699 25975
15645 22607
9120 23417
756 10952
16170 21152
5016 8174
1015 22734
24411 25250
7043 25793
8772 14844
10937 25445
20251 24069
3386 5162
15918 25504
14867 23484
2894 10830
10088 14091
4130 8659
10175 22408
5047 14517
289 23363
23316 26119
8360 13397
1659 22802
20157 22016
12341 20292
22446 26244
17354 23348
3741 27808
5640 14301
17657 27758
6407 18760
17493 23463
640 14699
2934 24343
18583 27417
17430 23328
67 14901
16121 23754
2045 23955
15561 24610
19835 22876
24131 27827
705 14658
9835 12489
18669 27875
4571 17492
825 7828
5413 8511
4721 11113
20788 24690
4607 15402
1067 2563
2169 10799
5917 12023
9586 24738
3626 19721
6924 24461
15077 16594
4216 23405
11852 23182
4095 4646
13227 24224
1487 2933
4216 23160
1604 4548
10012 18876
568 17905
17636 19982
10238 16085
7011 7820
7397 16164
6219 8041
7987 12356
11831 22543
6757 17357
5194 21118
3380 7828
5359 7104
4454 7701
13715 16113
15072 23798
8420 19809
26312 27107
17097 18704
7205 8182
11682 14803
8120 14835
396 25197
24995 25771
22974 24836
6720 21641
22750 23400
1761 11273
12103 22480
14082 17541
4946 20553
10683 20378
10361 16152
24607 27794
3944 7144
6765 23193
21272 25403
2001 2485
867 1947
14528 14593
5065 25405
7651 9102
3957 25626
11133 11495
17137 24599
1487 26200
15376 26737
8390 28049
18037 21098
5531 13661
22655 23123
1760 24262
9843 15736
8055 13615
4599 21361
4645 5569
14624 17832
2926 21813
18265 25175
7348 19200
20573 26173
3149 24520
3374 22691
3509 5824
17469 23510
9710 25202
7952 13687
16368 26457
1387 13764
1270 26597
4135 6105
24948 27648
2342 24075
7410 18669
19813 27013
4061 7836
9499 23707
9123 27179
565 8807
4833 16974
17487 17917
2061 13171
20504 20687
1421 15428
9236 16823
1900 22541
23342 25487
7869 9584
2329 18560
926 14657
867 26127
867 16749
9575 20740
9124 25626
19975 21297
3162 14771
7341 27118
12947 27832
4741 8012
18591 24127
3296 9024
2413 19089
4325 17692
10533 23237
2635 5540
644 24540
1587 6218
22458 23426
3828 11473
8447 12602
369 12642
6290 23935
4360 17153
2938 15644
6526 23202
3982 9502
1495 19927
8895 18300
10163 10767
6008 7614
2964 4827
4152 17798
19123 25193
18466 21459
3585 27599
4102 25247
11417 19472
4056 21287
7485 14016
4708 9932
12307 16356
13579 27685
6759 13328
877 16201
9016 22140
1613 3762
2939 27560
710 19817
3156 12649
14380 22141
12328 23333
22810 24557
8536 9516
1041 16909
10874 26847
3605 4072
2368 10264
3561 6386
16466 17013
1904 5332
8801 13864
6931 11030
1888 9253
6965 14680
2929 22761
2333 13256
5857 18211
10747 12356
300 27624
2227 7568
15173 26967
1012 23168
17760 18144
13507 19721
14805 22842
4927 27719
21991 25559
2639 4220
5317 24693
16077 21915
3366 16289
2748 17524
10823 25560
3591 14657
4283 24221
11712 26206
12612 21036
10601 27560
13721 27274
4367 20100
3823 7031
14604 20661
19379 22418
7502 13134
5126 18117
13298 22421
6994 14976
23288 25328
22953 26024
438 10778
5082 7497
11789 22900
4581 19387
19276 23128
13108 28095
18528 23778
5886 21187
15736 21000
14424 20179
14358 27224
1942 18069
6308 24330
21139 25855
3204 20382
20661 23525
17543 26986
7668 22857
16411 26585
15549 20972
7584 27627
610 16337
9408 17792
12790 16459
6807 24558
17003 18305
14849 16978
1920 23075
701 23340
1288 11168
1921 22441
7073 9502
533 1435
21032 22121
4365 12672
7841 11710
14473 18230
4162 26061
3103 17019
21034 22012
20953 21798
12711 24939
16073 16961
22210 27517
886 17212
15853 16151
609 17545
1631 17472
4851 24848
19566 25987
5485 12495
17442 21270
21182 23038
3166 8893
1714 5978
17570 18307
1505 6721
3565 6882
6876 21787
13412 18114
8730 15615
7202 11044
207 16480
1621 22255
17401 27078
15536 22192
10393 22046
15097 26136
7830 17604
14140 16285
1533 18409
4237 20909
9330 23111
2457 19916
8891 21888
8064 25208
15853 27105
7374 17791
711 9621
2447 15432
6458 17785
19189 23082
15055 25998
18310 20928
8082 14994
509 26010
8925 11419
19533 22897
18547 19019
3820 24521
9632 22230
9586 27028
15619 20222
12217 21693
21835 23093
2140 12970
19275 27788
18906 28115
2230 7132
9797 14005
24659 26134
2129 9167
6865 19843
11997 25146
12246 14923
20123 21605
3819 5781
1878 24303
5716 6161
5659 19192
192 27275
12056 15108
4860 26500
6200 6707
9478 17567
12284 16194
820 5221
2470 4298
13114 27712
10293 20160
3605 23915
22269 24823
10517 16359
3354 16276
7019 20503
15889 17471
6051 6960
3357 13111
13281 23576
573 17837
18924 27235
5100 22941
9117 24405
1193 23180
15705 20601
10897 28166
246 18474
15452 16592
15543 18669
8831 13461
18679 21341
1878 14447
3522 12684
14816 16114
17734 21345
187 22105
4087 7318
3231 28070
18294 21240
7469 20726
7138 25794
2981 25306
25454 25730
5708 12769
10591 18949
25652 28214
1426 23803
24039 24475
19712 23766
9018 11729
16659 17527
13274 14421
8469 26026
8081 19584
13107 22159
15512 25730
1125 3674
19688 20282
16157 17730
21250 27113
16642 21237
2227 19753
414 14101
15837 26591
731 26573
21981 23016
17530 18823
833 11475
843 3238
4573 26798
1541 11727
14203 19317
16718 25403
11307 19775
12151 13509
21064 22463
19228 19552
8075 13620
13292 14246
10490 23963
2014 8734
3044 19403
13686 23747
8014 27755
17530 27737
24216 24954
23422 26719
15088 25329
19886 21707
2067 18868
2163 13529
3231 10325
8736 9062
22605 27702
853 17014
15493 26067
711 10531
2304 23400
8970 26677
23278 23472
19171 25666
4328 15543
3900 27129
4732 18782
3898 14971
12999 14339
11281 19482
6178 19641
3734 18880
16955 21823
6008 12236
7747 17056
18416 20289
6667 20859
180 3300
18361 19082
8889 20889
11985 25646
4720 15511
15317 25321
9553 15543
425 16402
16588 18809
2213 22947
20123 23892
23143 27117
6462 16311
10255 16594
19046 19216
8352 23721
11610 16149
2894 24904
10462 15038
14995 24608
3333 10820
581 25219
17506 21826
4117 15204
14649 26044
16212 18952
2852 18580
13765 22880
990 3915
5864 21635
4099 12615
3109 13542
7846 23608
4693 7987
12052 12647
7595 14050
25910 26644
2547 9617
8604 13624
7077 10160
2520 20875
10283 10312
9105 12631
5531 18167
15992 25838
9211 27890
929 7488
6725 11592
8609 26907
13682 27501
3751 19053
3634 8924
3454 5730
2679 9299
25137 27278
7582 7909
19233 25849
1925 5696
2141 4538
23664 25775
161 4954
16914 24569
4244 6973
1719 16668
26311 27821
828 1015
1298 5355
10570 16392
9731 26453
6180 27221
8470 18132
6367 10018
12512 25520
17408 18057
4611 19523
16753 20233
19856 22933
1809 5731
14281 27868
681 9769
5542 6639
722 7623
13495 18421
2491 12554
23488 27657
1860 24279
4789 12762
5353 16006
23423 26838
18793 25110
3919 13228
7932 16834
1991 13597
5768 19767
6701 13633
7541 8072
2810 25752
1852 16901
17901 19817
7108 10967
15224 18521
23560 23748
11504 21402
10618 16342
10845 25451
646 1181
15883 18745
9356 15672
9792 21163
6235 20956
10270 10302
13973 17037
13221 19257
4328 23944
13363 20258
4933 10446
10287 16184
7977 10484
22273 25649
9067 17819
11133 19576
12824 28156
5838 13901
640 21057
5155 24739
13941 22588
1878 3090
214 18919
19870 20605
4902 23235
797 22992
16867 21041
7492 9791
5832 20925
5279 26457
17331 25962
21650 22915
8783 26172
12956 17263
10871 27690
11495 21648
10952 24138
22471 26503
9913 21673
9552 11225
12860 19192
5170 14500
7150 26929
18749 26368
5895 16197
16957 21362
12495 24444
4690 6196
1013 10495
10799 15899
6868 27129
6812 26244
8364 22112
3152 12652
17369 17912
4563 27715
1290 20696
14777 19680
16587 25275
8539 11048
3863 19008
6253 19982
19300 27151
19145 22421
881 12506
7846 11064
12437 19468
4216 13188
8988 26097
1800 22479
19857 20498
17773 22787
920 4789
8835 16727
14203 20498
6738 24876
15031 23273
9479 9993
714 10809
6378 13468
18927 23864
15386 18232
7450 13354
2369 4075
9226 16582
21436 27006
7950 19816
3805 4144
881 6940
5614 18568
899 18451
15874 17022
6179 24392
15376 27621
2113 17203
7937 22273
8182 22216
2985 17735
9927 10475
11430 21744
11838 27830
13676 27313
22093 24398
18883 25666
14032 16331
22335 24244
6355 26473
15293 18787
6931 27766
660 5004
1967 5325
25262 26261
3428 13998
8361 25986
4672 23145
9956 11562
5353 23365
9801 25277
23271 28146
11214 16038
7415 22606
987 27204
693 23202
19424 21635
19827 25390
6072 25368
18408 28275
6610 16499
8670 19373
12346 17542
4742 5551
5691 18136
1591 26868
3648 25012
10800 20714
9698 17067
23944 25881
12956 28044
4915 17983
1755 24752
1058 27976
14429 22956
24435 25874
7758 15552
13380 20388
8365 11269
2986 20707
14445 20008
20083 27694
7560 20067
12566 19033
5398 6560
23376 25097
8781 10668
6868 8000
1574 23413
19952 27678
2293 16848
128 1142
1302 15734
11080 16955
13660 19080
1 3490
8443 10717
8637 12720
22192 27821
8295 15910
763 20550
1628 19228
9286 19192
15749 18813
5348 10846
14459 26646
19917 23038
1061 3125
1996 4642
11141 27027
1742 13970
15989 16071
26701 27579
17329 24412
8513 23142
365 4892
8399 22965
4442 10209
15938 24108
495 12598
17674 22675
5780 21096
19548 23858
4295 9080
8560 21450
20640 25590
6657 11080
15592 25175
13836 17582
3599 7681
1034 9528
6503 26414
9657 21995
8795 20398
8811 17496
495 26503
22263 23606
18686 20552
18111 24864
18876 23060
1421 13392
9345 17832
15014 28232
1550 5133
867 19827
2125 10938
19189 26061
863 17963
20689 21229
15792 26404
16314 22932
4440 5782
11786 19300
20109 24510
5716 6057
10521 26017
1695 22973
25240 26550
21631 25329
7176 22423
5040 15708
3414 11191
2336 13270
11580 14181
11652 26739
24095 27486
4029 9260
7791 9524
4729 7736
2740 15578
18369 25433
20877 22500
6878 12793
448 25399
1814 6800
14970 21326
9038 9197
26405 26846
2696 14967
7002 25666
3630 15256
6609 18160
484 13235
1234 11908
10622 11467
25927 26957
446 17145
2250 19139
8484 26552
4544 27943
12599 16847
24069 26156
5978 12313
16877 17764
8622 19670
3828 13276
457 7003
22630 27022
3763 27111
14216 15635
10833 23252
4142 20162
2288 22892
9256 17832
3708 13443
14829 15375
1518 19524
2948 21690
4470 9912
5872 19992
22423 22984
1440 22834
22095 23392
12959 13810
11941 19117
19219 22769
13216 24422
11808 16396
15996 19818
6144 10127
18832 25730
155 4343
9165 11870
8754 14242
10217 24734
22404 22747
20081 26958
2363 7492
22449 23788
10440 24995
7329 15847
2162 27787
21798 21866
8236 12939
11296 11952
8841 27447
1223 18724
7296 17800
6414 13831
369 495
3532 19374
10283 20503
4887 20555
14118 19061
19793 24634
22955 25603
9231 17281
3068 23644
26372 26662
10246 16754
14688 24706
18034 22923
12857 23400
13604 19087
7209 28244
19908 20463
16639 25086
1849 26608
14791 26061
6848 25234
2182 20715
17796 17797
17033 22164
11637 18945
21273 23149
5907 11322
783 14499
18945 22787
8924 11282
13398 13458
8063 15425
3228 17723
4204 5195
8864 23915
14958 16293
8669 11623
7840 13907
7520 22769
10875 15749
5587 11580
14207 26322
7877 10420
950 18567
4178 5359
19584 24753
9285 18217
21770 27296
5289 18116
25908 26151
97 13351
4072 13359
5681 5861
11236 16403
3792 14452
3859 9465
12369 24776
2830 22805
1440 25003
6954 26226
872 4498
3030 16154
9428 26126
3908 12686
2521 25636
10186 24979
12897 14033
4943 17175
3845 11283
9144 27112
6934 13891
1809 24668
12924 20747
8781 9226
12402 21113
11473 26892
8162 25046
1397 4348
5087 9534
4119 16219
11905 24095
3516 27923
19409 20136
6875 21790
7587 9683
24098 28056
65 782
18883 27802
2435 21094
21919 26014
4731 17949
5329 9702
16403 27781
3683 4800
23121 23399
20332 27715
2778 18448
21404 24841
8931 9821
2708 7289
18224 23330
15239 19067
13937 19909
18911 24157
11664 12493
25299 25608
12031 22481
20667 22734
21620 23547
14140 22892
5680 20823
8003 14407
17146 19356
2227 19099
7834 16518
17501 20875
3636 7521
10199 27458
137 16795
7386 22309
8669 12649
10094 20278
4181 25504
3677 6722
2702 8537
4072 12349
18221 28087
18416 20688
11689 25262
2236 17552
6544 27923
19482 24454
23320 24248
8503 16660
16890 24897
7954 12881
3800 27795
425 4328
6495 22977
3672 24645
10612 23560
4328 7111
12511 17474
18755 26295
20037 25623
6608 25887
11094 18276
22650 25755
6100 7827
11802 22987
12377 23111
20065 25632
3359 25603
865 1773
14140 23721
15493 27572
5087 25823
9424 19347
20119 23693
2135 4324
3885 26340
15823 17735
10190 25918
4701 12545
6368 14513
26990 27669
1273 7328
6226 13472
20078 26636
755 4412
16138 19721
19095 21754
16937 23143
1429 14288
14044 20692
5825 21616
7031 21278
9919 13902
15894 19312
5898 25566
1727 23140
893 17763
66 3585
4097 20939
1732 26573
1744 8200
21188 25856
8368 15839
3440 3585
3457 5686
3922 7884
13162 23024
2333 27298
905 1216
1597 14561
152 23038
2329 24326
15030 21279
4141 9722
26263 26495
24136 25443
10056 18663
1814 21377
805 15713
1073 26555
3389 16987
4442 22025
3608 11937
19837 23243
6977 13021
17678 21823
8785 15376
7297 7453
8896 23608
1993 9978
6182 27105
7342 12428
1597 28034
5597 26897
8479 22901
9272 9662
1138 16642
20824 27887
7531 8655
8953 25707
5669 18775
7350 24601
18099 22901
6126 23061
106 1374
17967 18919
650 7396
2874 7328
2648 26391
8128 26444
580 1672
14438 24351
10913 27841
3563 25112
17522 20259
8011 25134
2118 2456
5371 10859
10290 18829
2185 15344
3296 16687
10693 18615
509 5996
17974 27630
9038 26907
14390 15141
18747 18981
5430 8112
19562 24134
13278 14599
7534 20367
3721 14130
1416 13029
10488 24420
2691 13154
11094 14380
245 25272
140 26405
2785 7813
6902 23198
5071 13956
23762 26737
288 4107
1389 3624
3162 7387
13194 26691
17718 19881
2017 15350
7721 19000
1609 11937
5984 26126
1397 16918
10008 19047
9290 26122
8882 15442
10800 22847
8254 25875
729 14971
2536 6042
8008 12281
3933 17033
396 8806
6106 8707
9415 24521
1745 15399
84 9736
10971 16184
11143 23415
2740 12562
1900 17273
3729 11746
4962 17735
1755 21635
2530 24502
21077 24628
20946 27792
5473 19399
3347 11796
8380 9182
11977 15151
11678 17079
13383 13967
4097 4422
3810 5989
7543 21574
4737 7508
15950 22010
3700 10324
3593 22731
18348 27116
8180 13689
2449 27790
5319 15762
583 16195
2342 12037
1360 8611
9532 15711
14770 23584
919 19816
2710 21307
1795 23628
6087 23198
722 23963
8949 26060
18930 25693
10210 21351
17141 22517
11535 27128
462 24957
7752 28238
18720 20861
20479 23994
12385 22956
8064 22976
1451 20591
6891 11019
1126 16318
1944 16184
23676 27520
7073 19075
7861 22385
12684 17264
21953 24945
14636 26391
13124 17997
9616 21955
12397 15985
4288 22992
6990 20472
764 24042
7105 9203
19294 19589
9254 25915
19348 28264
1993 21093
1275 15442
3728 6707
8527 14692
3478 25528
4712 22799
8835 12939
10344 19717
12782 25920
20023 22418
12485 25758
7579 21491
15840 20245
6230 7952
20595 25433
4532 7258
16888 21938
3728 25275
3397 9006
14631 14959
12590 24787
15826 17902
5019 26677
2247 18674
18650 27847
17795 22106
7033 25585
14551 25329
16805 21569
2120 10190
14672 20162
10342 20616
8007 8734
13472 25294
11415 22183
11430 16805
3201 8669
17636 26912
21638 26554
27415 27770
10381 14474
17938 24354
3629 18172
2853 18507
3901 11009
10917 11372
14035 27821
10058 16453
6492 14834
4269 17173
11584 21477
280 23254
7927 26737
6263 13029
15302 20363
9219 21300
12434 24445
4169 14997
4718 14843
8364 18150
7396 9391
15196 25764
2708 11261
18020 25550
7121 25163
1936 6269
14740 25598
8142 17283
10054 20115
2701 20667
3944 21462
14319 22515
3411 23771
23970 24820
743 1492
7387 20719
15261 25306
4646 8125
1163 10472
14487 26257
1015 17630
17052 22156
15048 17859
2706 17017
2592 11831
11356 16026
1635 16334
5314 27337
12356 21647
2759 21798
6728 6738
10935 28051
11518 28266
2342 8599
20945 26551
9240 25433
21257 26753
13591 19813
1306 10874
5758 24520
1421 3293
14086 15036
12773 25219
7875 24795
6463 9702
14650 16806
20802 21360
97 15206
3303 6159
10132 28049
21083 22469
251 18097
9992 10821
23066 24855
24601 27279
12309 17915
26338 27572
2494 23457
1819 5850
3373 21675
10331 25025
20313 27042
10364 16598
11111 18549
10193 23970
8430 12836
8734 17203
24735 25365
11315 15712
3275 5665
70 867
7285 10926
15749 27944
16884 28210
891 16301
7753 24248
4498 21294
12076 26087
10748 14974
3805 12171
652 23456
1538 17507
5511 22149
9737 10921
15152 25950
21770 22834
6861 13197
828 24104
16403 21937
12561 23444
1496 11445
1878 10982
10390 11096
8872 18663
23437 26665
11422 22137
21315 27804
9589 27361
8051 12488
21638 24280
9850 22226
4930 18334
15711 21207
3253 18529
9521 18027
890 16018
17214 23454
406 23823
12369 14110
6020 21533
16910 25012
11690 17142
9225 17217
4622 10943
726 24398
14657 25879
8100 28058
8874 14896
9130 26053
7439 15330
4256 11975
14989 17310
2872 15286
11916 12291
15993 16835
7845 19960
2600 11388
7426 10646
15897 25504
9542 20355
3138 21964
8665 22989
5047 19380
91 2833
3521 26804
19068 27785
10742 22911
22336 24510
1435 15018
9038 23460
6072 15543
14319 24224
5680 15492
4429 19523
8363 19567
16963 23553
4878 20449
19688 20133
26197 27596
10894 15549
3554 22259
4739 8556
19780 22425
10523 27556
24929 25847
19421 20980
2302 17509
429 9532
11720 23381
3591 5782
17222 20179
24453 27273
4742 20752
4102 21402
211 3564
5691 10160
11087 14437
1613 3810
11551 15409
2647 15428
2752 9051
2848 13936
2433 2642
735 9543
3622 18820
15951 20200
2458 23955
14188 22474
545 4927
464 5595
21470 26736
609 25301
11076 15621
12657 14997
6158 17547
1020 4087
3139 27966
12969 17900
4886 12274
13271 13864
9682 16870
6166 14481
7580 14280
8802 27025
11254 18909
4577 10214
18738 26358
2657 8481
22605 27482
4326 23624
3592 13635
1952 9638
25607 27128
7021 10284
15634 19131
4565 17098
18647 22897
10908 26553
13516 22120
115 10559
15293 23099
4661 10063
6355 26058
11866 18581
7073 16905
972 15381
6501 15072
18265 19832
18475 23730
14352 21345
4928 21669
485 21633
4992 17479
9048 10721
7258 11545
7390 17842
21855 25647
8840 27076
17763 20555
1864 3296
2031 9348
9072 18236
5681 11134
22028 24122
11055 26860
3234 25414
4328 16087
862 19660
9268 18594
17627 26544
2874 22112
7571 8381
8381 13831
20573 21026
22253 26358
4009 23525
15648 26605
7557 27702
13790 22146
10729 10800
9662 11369
4420 13632
18318 22422
21172 25270
640 25653
2967 19275
3735 6478
3542 10089
2322 3539
16404 17684
14989 15350
10998 20406
22356 26008
1925 27820
19537 25530
10646 25671
5913 15418
884 28019
16299 28226
7229 23403
4043 5543
10177 18002
13980 17985
7802 27565
11107 20890
8048 12679
3542 24905
12090 25309
5050 8340
6609 8792
14423 18988
12209 24157
169 17561
6633 19086
10608 12981
9345 20112
13293 18905
24611 25660
20635 24061
11214 21225
7600 17963
8220 27640
9314 27566
5953 23219
4090 20752
2369 26497
8508 26958
25960 27715
15402 16584
6731 8552
11958 23620
6886 20036
4148 9509
11710 24087
21440 23867
12052 13110
23847 27977
1721 22031
7252 16173
4595 18651
1526 19731
12524 24553
5010 15983
251 21736
23210 25559
12055 19047
4498 17146
33 5327
23103 27813
11276 17161
7737 9947
9226 20258
1023 7497
406 4299
2993 19712
2462 15865
9683 24055
1772 11743
448 1331
17194 23249
862 2115
7772 13515
4414 18793
2852 25978
4581 19565
2810 5686
5112 14555
5097 19502
6489 14033
14971 23329
12356 27060
10756 16323
12426 23273
3010 10054
18665 20348
18955 19691
3886 27312
753 15209
7525 25353
11953 14998
3328 21163
8558 16271
4724 23909
17497 23026
12842 27190
8087 27065
1475 3098
19565 25127
1904 9933
7790 8933
3611 23186
24444 26197
4791 20092
4719 12218
2500 16386
13328 16241
9063 23155
10207 10952
23269 23929
18369 24973
523 6954
1347 22462
13018 16320
12296 12566
534 17984
3779 20744
17770 23312
14667 16604
11239 16923
8856 23960
9795 13564
3427 22184
15505 16184
4123 10520
18848 19840
9715 25247
20869 24229
16373 18821
22896 25652
7375 18481
1896 4581
6523 7290
3727 18397
10264 24127
8653 22048
8785 27969
1902 6800
14991 15367
21064 25732
7603 25193
17014 17651
20162 21470
6937 10832
6655 19931
4789 25039
6770 14953
16549 18154
22919 24127
19871 25740
8972 19728
21652 27020
5490 26058
17657 24104
147 18464
1288 6606
9689 22416
7961 25412
15470 23608
10326 18863
1194 17894
10800 27013
6728 19154
22537 22569
1412 9851
5180 22349
5321 26497
21029 27843
10333 24068
4797 7900
16905 18891
2304 24739
1464 17262
11311 22269
5522 11953
5659 24147
9371 21396
15248 22841
22318 24864
9884 24240
24556 26873
6337 21458
12341 16386
1475 13047
8220 19750
3762 11406
16362 18619
5326 12489
6776 16517
16617 23372
7368 11919
1069 19004
6515 6942
15661 18471
7337 25035
19853 20222
12356 14345
987 22784
9294 21293
10488 16736
9733 27059
4653 25838
8472 22508
925 23118
9255 19001
12602 22466
5651 8520
9524 11847
6922 24538
2094 7952
16253 18241
17779 20319
7534 10612
21505 27530
10209 19576
5196 8939
424 918
4096 19119
12959 13033
1134 4404
78 10564
6994 12606
7354 20138
2220 18991
24003 25105
660 10913
1878 4050
16094 25653
16435 22423
6466 8887
9987 23853
5869 21497
8933 18502
3186 21377
7832 21792
1452 27129
5008 15166
13359 16523
2462 5178
3575 26371
9250 10023
21914 27124
3593 23526
19289 27702
22112 27715
21149 26341
25443 26784
8195 8648
22425 22871
11416 21449
7106 8825
6590 12481
13036 19398
1050 3812
4498 14228
14264 19556
22479 27444
23162 26670
11128 27835
4612 19933
17082 21794
7962 9829
2832 16957
1993 21839
3251 24516
17404 17977
4469 15690
18381 27014
2027 6149
13170 20224
14088 15402
746 23339
14660 20225
2708 19019
2899 10110
2132 11878
10440 15973
8642 24022
21163 26243
19639 20480
9956 15867
8003 13150
14891 22311
15996 17944
7120 19644
15957 18724
4218 8810
9465 16582
19023 26266
10203 23783
3539 11092
2329 5989
15639 19076
113 17511
7596 21954
1787 10720
13937 18207
580 1978
2361 28046
688 24193
4394 23429
5 2040
2003 9817
11625 17084
3822 13603
5839 24175
3778 15945
4959 6785
23361 27955
20198 26908
17696 20406
7699 26812
7038 26200
10230 14871
11868 26136
4274 10114
569 1541
16650 17003
180 14794
80 3955
19548 20695
16439 20179
9884 14433
13890 26111
4217 8656
4651 9234
2862 9717
3059 26074
9543 9569
2438 8056
722 15457
4397 8757
8855 9590
1719 27532
6848 15619
1434 14361
9645 18879
3053 12397
4026 5525
3524 16096
11080 15996
17500 24973
14436 20828
7031 14032
18021 24232
21375 22303
6257 14301
3522 27371
15207 22353
4802 24615
1465 3769
12340 20054
10833 14879
12812 25156
13651 25552
4277 6172
6221 16336
8481 26153
5700 16957
10368 12481
4966 19512
126 14697
3978 14216
10487 27016
3806 24061
10189 20081
15848 16904
22227 25526
3409 27832
12988 21738
10951 15301
349 25598
8471 15476
16488 19018
6629 15857
12614 23560
12674 23016
10056 19446
14563 20568
5393 17603
22805 27085
7137 21505
18442 25810
14164 24377
17145 20527
19037 19284
20996 21296
7380 26500
6972 22326
5598 27743
4448 23919
9342 27035
1037 1379
2980 18441
14390 23361
4606 21737
3856 10358
1888 18034
4408 19893
21948 22259
1762 13070
16046 16193
9997 11444
24405 24457
13585 15972
7381 11254
10576 16276
23898 24649
65 10830
15176 16201
2096 2162
987 6165
21656 24974
12937 15914
10935 14464
2655 12627
4233 8438
5719 17056
4379 11014
18477 24655
2935 22795
7046 10287
6528 8826
1196 18753
2474 21618
8336 16428
10638 11239
19964 27527
7902 23024
14964 20363
10920 19219
4901 7033
1275 20853
10484 14707
23711 27533
22556 24209
9084 24241
1851 2547
7845 14046
8005 14954
10319 11625
11746 13232
12541 25357
19369 20685
1182 12287
7950 16955
25403 27906
9804 26353
3457 8405
7185 23864
4607 6377
25299 26559
6177 19705
9063 24069
3735 22485
4360 14304
8840 14857
13761 18402
603 5009
5765 25547
2872 6972
5332 8787
13362 27617
21505 23497
5298 19840
9204 18996
4831 8592
2031 25483
22264 23267
4442 17263
747 9435
11808 18921
16188 24838
8895 27974
825 10082
10692 21983
11479 16276
7318 25708
14473 25204
3331 18775
15423 26062
15540 27030
16017 18265
4428 26429
4067 23392
2438 11651
6446 14843
2292 18595
10837 11490
2067 12261
14194 24504
12145 27279
4006 20813
16311 23365
11368 25432
2379 17054
1235 3296
20947 26405
3049 18603
17499 25685
10931 13328
7323 16136
8852 14104
10078 19421
64 7396
13324 28200
19641 20392
12236 17040
8373 22054
18314 25553
21127 21484
3806 9132
24939 27969
5651 7231
6627 15187
6054 10303
6555 25740
11483 23822
568 15729
1652 24496
20355 24073
1065 9813
8872 21885
3249 7043
2283 10029
11677 18392
11932 26089
16289 18678
17523 26393
2881 13639
10323 13517
1349 11462
15907 24717
20437 27632
7456 8151
4199 15610
6463 10042
21919 24653
17423 27078
5815 14023
17965 27087
5769 6546
1573 10042
11729 25102
1007 8734
16284 18318
10405 18315
8733 25391
4828 22634
5588 8521
15088 27404
3488 17530
13609 18529
10228 28015
6536 23932
10205 10898
1025 17569
7205 13373
5252 17462
15749 22663
7850 22328
810 12626
16276 26073
4178 12397
24599 27005
4841 16351
1801 3279
3634 15868
10971 17938
14631 14648
16656 28120
13642 18328
1878 16598
5065 16469
3589 9358
5386 25491
11636 12352
2764 3589
2004 20354
7136 24050
1804 19448
5547 18388
187 16742
2175 14849
1611 24474
17098 25163
10346 10896
10822 15605
13246 20956
3875 15869
14857 27020
8613 27352
5145 14553
1878 24689
1181 22051
9356 20427
5226 22832
3059 18927
15036 16206
2379 13661
4502 8380
7054 13827
5609 8790
8806 20558
3744 12818
4414 16040
3321 7170
4918 6058
13917 16525
19484 25557
14969 24148
867 1040
7557 20108
24261 27123
13343 24848
14383 21377
3056 5978
9349 14616
16751 20195
1555 7170
14679 21337
21182 22202
9238 22227
15296 20165
12982 27545
23241 25418
4038 19868
1067 24611
6826 18630
11 25459
13059 25482
1364 11312
4715 11014
2326 14479
2539 10682
11306 19029
2763 6178
4132 27058
7051 26609
10684 16863
2325 17990
1141 13081
10293 23550
5208 20171
1084 23921
2218 25857
3873 23560
7496 25040
5371 23455
19822 21061
4101 23418
3296 25914
11405 20546
2740 23392
25754 26896
2614 9873
9139 25372
25580 25904
5604 7964
588 24095
11043 23254
8332 22687
17392 19162
609 12721
16314 16901
7438 17636
4199 24693
4925 18959
7508 13661
19025 23973
1944 24309
2852 14552
14807 23857
2888 19001
1851 18521
7438 19714
8963 12952
13772 17145
20868 24742
14763 28176
7990 21884
855 16787
2373 3421
7623 14127
4929 16984
4185 21374
17 9036
13073 21526
8741 19303
9814 27879
910 9836
1036 22949
7963 8977
6538 16312
2844 10167
22117 26510
8618 15011
6848 12598
3741 11602
24671 24708
13155 19185
2948 19948
15310 27080
19409 19981
22183 25437
2039 22630
11789 13422
8438 15511
14579 18462
4593 27402
267 13659
6801 17404
8183 26021
8677 24600
3818 16047
14331 14699
1998 19952
11428 24830
2841 24415
23593 27541
961 10852
18371 26688
2177 18972
1308 10993
3539 15804
4379 20556
5330 15133
11200 24752
3970 21407
3759 14411
13635 23915
14917 19546
14559 17819
7036 19398
23708 26143
2023 15349
384 6399
14445 27527
5657 20504
10066 16020
4717 21091
18589 21371
264 14987
23201 24092
2386 7419
3979 17001
6174 9859
12956 17630
19392 22997
230 24208
14609 16563
16415 18004
11747 13203
5285 19571
6178 21261
7701 26690
4627 22438
12218 22046
8756 18876
12490 23525
969 13180
11114 16328
21386 26885
14167 26554
1815 16246
3727 13964
10407 23525
194 4857
10493 25019
3598 14463
15419 25676
12657 13473
16893 25017
8408 9589
9323 26554
10951 23663
6527 13301
8576 10894
9321 19303
7228 26780
3126 25050
19741 24886
770 20363
8498 21801
21003 21293
7081 26765
10033 18778
400 10654
3828 25559
7867 26404
10852 25349
20503 21638
15923 17178
4140 19430
23755 25658
18265 25960
14999 26661
6255 27514
6053 23719
11916 26799
13878 16053
1727 15834
23576 25310
3114 23523
11047 15605
1068 26640
12449 16456
13523 20118
2443 21000
16923 20775
7413 7885
9129 9704
12110 23506
11747 18155
14142 25105
2600 11182
1066 27788
10160 22273
348 25330
8096 26312
5052 21686
561 27013
3483 24659
12127 27918
18784 22164
20714 21333
1959 9701
5558 25893
187 25086
18562 25991
12169 25116
7359 11427
17095 19716
2381 23620
10023 20010
6076 18538
5728 12492
3354 13970
17198 25032
3865 14681
8799 14467
17877 18386
6071 7539
11106 26345
2137 14970
1753 6451
12611 15386
14445 19723
11692 17965
18471 20558
21188 23470
7473 15687
9942 19035
580 18379
2055 18464
6177 27861
12800 22588
16660 21407
11207 12369
2112 16055
1767 19331
9826 28039
4304 24652
19857 21638
17338 27500
650 19531
25666 27129
9552 22506
14428 24549
16426 19746
2532 23180
3743 13241
5585 18547
31 26194
10094 17320
2087 23008
11436 18912
11357 20287
12356 18540
897 11457
10170 19075
4574 19429
26244 26404
867 22154
21449 22254
21072 23390
2022 26986
1349 3084
8441 10086
2837 13060
9633 20475
15790 25338
4175 26811
4009 15749
8128 18015
1278 18578
4655 23952
7671 11063
714 11208
13300 24861
25287 25405
7209 27109
18471 26083
1724 25246
8151 26095
3337 21384
3788 23994
20637 27500
10508 23698
125 19805
10654 19086
1686 2627
7684 20179
1477 25222
2322 5634
6668 14010
3528 25232
3927 16380
7338 26053
5691 24127
26261 27969
2442 17718
6842 11447
11273 23818
1876 10350
14057 18242
19133 19873
4691 16568
16974 21213
10462 14728
15847 20824
11484 17885
5174 25200
15410 25634
5746 21671
2500 4101
8952 12612
7741 21409
11207 26745
5309 15672
15672 19045
15069 24177
14055 14474
5085 20848
12826 25866
13285 14291
4256 9590
4149 24444
13199 16902
3531 24177
20302 21727
17580 25544
1803 3440
20390 24616
10050 22689
764 14584
17509 18653
14437 22063
3936 20633
21194 26148
14771 23696
3629 7581
4654 16131
20754 21446
13075 14084
18004 19810
18046 19056
11609 17193
421 19383
340 20081
5326 13515
8875 10466
5466 5691
6633 14010
8959 14756
8496 16952
16739 21289
11552 18791
10967 27811
2398 20398
4515 7392
5205 15104
5968 7353
2206 23412
4646 23827
825 22042
342 25639
4978 25433
15971 23087
5315 14064
16563 27908
16184 23082
7036 9751
17973 25095
1920 11100
596 12363
14325 17455
16425 16748
11727 24637
11430 20328
3227 4125
7798 25904
1462 25392
7004 9007
22093 25793
12754 20429
17177 19744
3700 16706
1623 13099
4343 6725
10708 25784
5604 18305
2603 24046
10402 16490
16276 25571
9795 18690
571 13429
21646 27571
13 14832
9478 26194
1105 20813
1545 19287
2604 14632
5808 11657
14228 25107
972 20350
16591 25865
9631 19185
1985 24842
2297 19846
9150 16197
16957 22648
15596 19630
22203 24856
8045 26200
3733 17938
1499 9578
1106 11315
11599 15189
2396 8391
2986 15727
7459 22422
2547 10284
2017 18400
6045 12124
16180 22352
21674 27372
16183 22982
4581 22375
8463 17967
13462 27788
9090 10232
5516 21864
27052 27811
341 27746
18598 23545
14980 27898
17887 18529
4012 27173
6426 7678
5339 19541
5296 14618
1365 7746
4218 7316
1617 22049
3120 11300
12960 24589
4245 19863
515 23736
11150 21443
10170 17515
1925 21830
4391 16921
17170 21200
10504 27640
14857 26683
10971 19153
1782 19544
24653 27923
13188 15504
13135 24507
13121 17199
5832 26849
8398 24952
6958 16636
13447 16948
6023 7179
6054 18220
6722 20709
6350 8580
4047 7299
9512 24158
12525 18133
237 20230
5716 26554
10116 15426
1914 27611
5636 21178
3817 8000
150 7155
12020 19536
12121 19909
5475 21881
14809 21353
8654 20184
7592 7677
9847 20406
2942 9587
2122 18227
1670 19953
4650 18206
21663 25322
4672 24883
17692 22746
2514 25511
8159 13852
10369 23588
10189 11149
22457 27758
10232 18688
11748 18760
15642 17541
11465 26775
19123 20195
2635 7350
4218 27693
11242 14954
4315 15590
2232 10288
14171 22004
14783 18425
49 20940
19817 22192
25302 27838
1206 1966
2990 6380
16220 18760
11466 25448
9425 10569
19888 24450
8733 27664
14519 17054
3197 15166
14941 23688
4420 7562
5326 7036
14572 25542
3357 15682
3342 22742
24 21525
2302 15420
24121 25063
2635 17263
17780 25652
11671 13750
9236 16071
3204 15572
22565 23392
3942 16094
1776 18787
1441 16623
5946 8429
4639 21384
26284 26416
7249 18796
11436 17527
6931 18947
8558 8925
12677 14564
10945 20313
12391 17975
20023 24944
9367 25254
22871 24756
10033 12087
9645 17789
23338 27660
9553 10304
3624 4168
1440 25836
10954 20757
8930 10008
1686 22308
4177 23400
14705 23108
170 10767
6986 11529
20319 22446
7485 13203
8568 13734
1773 6095
9255 27318
5651 24934
3820 13086
4414 8481
6869 12451
18884 20151
16998 21939
7992 14658
4608 17602
210 24617
1097 8641
15443 18415
19891 21268
6773 21213
785 969
2928 22328
7695 20687
8570 16268
10483 25564
693 23922
13486 14598
2722 11666
10489 14697
23791 24075
15282 25833
9477 25693
8846 26413
13314 21157
4116 22266
4571 6957
9648 11917
3296 6832
11625 15338
8707 21159
25112 27522
4205 8091
11671 21849
2084 8434
25528 27162
1342 21719
21333 25156
10160 21902
799 15964
180 11727
14656 15943
24412 24862
2961 17984
8948 17637
2039 3579
8121 8411
11406 24129
9324 24531
15410 26341
1352 9690
8188 22816
27462 28109
12982 15209
16177 18266
10660 12564
11166 24671
10885 18366
13802 22319
9861 19546
24662 27082
3872 16108
1603 17393
14930 20363
10216 14665
11311 23679
15257 18353
8621 15946
2984 19893
21079 23696
2874 7401
2185 17302
2491 9077
6209 17196
4646 9338
568 17351
7930 10859
17336 21207
2837 8787
17756 19564
14326 20658
7804 20633
13494 23615
12910 14124
2303 24148
16210 17416
8730 27002
4116 26074
6784 8483
12546 25865
20201 25886
13540 20470
7523 16529
1727 23310
14783 27538
9519 11090
1306 20893
7929 17267
19134 24127
308 15054
97 8407
806 22640
14782 26104
9751 19748
4700 26585
19449 21730
7273 22117
10645 27428
4596 5590
17760 26870
13392 16314
2686 25214
4080 22640
13193 18521
15730 25452
7328 14588
974 1198
930 22052
9049 10454
1770 14477
3204 8135
9670 20173
6321 8675
3908 15997
7354 18908
11030 13282
3915 11701
4642 21326
261 11614
1411 4574
1686 27655
12184 17598
6839 7568
13432 18092
13935 21436
6470 22049
15987 18250
3719 9008
25043 25410
1246 18604
2928 12651
1795 7205
4196 13796
4693 20707
12506 13042
4029 16890
3753 14704
15910 23738
1529 27954
19314 27720
3558 24663
7031 27159
9004 19706
1589 23785
9379 20448
11300 21708
9536 10407
8324 23662
16194 25562
14807 16509
15930 18982
717 3239
12279 27070
1605 8475
11326 25483
6453 12137
10095 21637
8062 27536
10432 27560
11167 18097
2710 18030
2628 4414
13077 23215
12581 19612
16851 26991
21873 24588
179 1163
13616 23608
439 5340
8437 27197
3323 22607
7475 20765
6372 25097
7432 7950
6959 8730
11457 18090
2951 5147
539 8265
17913 24326
12928 15634
11252 25276
3932 15401
9217 9907
179 27579
4418 6760
640 18791
2246 15780
6191 14140
19373 25329
11844 22203
13225 25992
15990 20451
5215 10871
12562 16446
11304 17534
2587 5096
13211 13921
10263 12492
14162 24543
12094 26273
13591 20115
24862 26498
1 10314
11488 25199
9043 12412
835 15335
7360 11030
10617 10794
22322 26641
5476 20010
5869 23918
13558 27912
81 28150
9846 18386
15911 25525
9334 18351
3885 25966
10756 27795
2378 13532
5289 14690
6519 17404
715 7144
2767 7835
5214 23377
16656 22892
6929 12968
12965 14666
3816 6680
14332 27130
6156 27787
20222 27750
21902 23044
1137 22017
10083 15868
10442 14839
5219 19629
4964 7455
10841 24904
597 26019
23540 25157
9121 18521
9895 15015
3317 26690
420 22848
12708 20848
22028 23277
2677 16559
5217 24495
2969 24011
4754 8950
833 19190
16117 24184
5268 21771
8287 15867
11322 24716
16901 24690
24232 25986
7793 26413
1788 8874
341 20442
4550 25214
15800 23076
9925 13602
6495 20222
4060 16504
20558 22379
8256 18402
1609 17534
16479 22046
15877 23094
6562 9805
18262 22256
9367 25306
21636 23942
5305 28103
14101 19583
26005 26643
20308 22363
652 8596
16334 27582
11853 17941
6541 21850
7560 15265
9432 11783
2491 23408
3059 5354
9710 20516
11048 14662
12708 19475
5852 27942
6879 21079
11015 15047
14743 24279
13348 22966
3406 6710
580 23662
15765 23029
12377 19061
4051 11012
5876 11746
2961 17094
2905 5630
1579 12506
12363 25602
4076 11128
8754 21045
5676 15816
1958 14104
6301 25525
16769 27517
24453 26567
8679 24451
3624 4312
16173 21552
5522 9078
20851 23467
396 18115
2542 10887
4575 24053
1975 22382
8864 26880
14555 21626
19736 23679
3566 15749
1116 6866
9222 13171
12090 21528
4328 7455
2955 11089
9927 24575
175 27630
27164 27886
11710 17597
15442 21679
11039 15346
22044 25300
1920 6587
10309 27564
5579 6940
10959 18249
11899 17662
3846 25525
12186 21809
9638 15792
17395 19463
3026 20738
2 18084
8145 23253
4 5203
341 9095
14546 27876
18959 28128
867 18524
7234 20988
23143 27404
8251 14817
13954 24211
16239 21353
7950 17787
1556 11866
3319 4469
19316 26435
3609 21123
5204 8185
17239 17671
1214 8463
21449 22288
9895 21654
9396 11849
711 27087
6705 17909
322 23474
9078 21543
10014 12473
2152 17997
3231 7877
12639 27854
7645 10769
2098 17860
3467 11946
13148 19043
6972 13721
825 18452
6848 26340
7050 19005
23880 25563
7828 24040
9944 26531
689 6390
15953 23213
2460 22885
7523 15286
16330 16504
14997 27571
7826 9408
18876 27570
15480 22425
7982 27141
16044 23779
18262 23515
8507 9696
7881 28163
14546 25272
1732 4192
471 19688
26793 28268
11444 24280
8889 22996
1900 18760
13914 14969
27039 28087
19878 21730
448 19429
6215 12708
9165 10693
4152 14464
4442 7196
955 14037
12023 21372
21690 24968
17662 21881
618 2325
16225 25452
24211 25329
11456 19162
621 991
19546 27315
11814 25822
12927 23696
2650 19231
1925 27962
3163 13036
5772 27478
15020 15037
12056 20953
6144 15453
9785 25903
13142 27164
9288 14555
21855 28169
16224 21866
6147 7468
9239 19289
2340 19002
24905 26200
737 25982
7228 19604
14697 25157
24017 24586
12369 27374
10775 24997
12346 15928
2648 18929
10118 21383
2436 14650
6363 17169
19496 23365
253 19018
24519 25059
5082 27587
3698 18539
7185 16083
7982 17060
19409 23903
8074 23691
213 11960
108 24649
3720 7845
12551 17214
5989 22688
1113 5063
12411 16443
4489 23377
9356 22378
24011 27745
18351 18799
13087 16354
21569 26725
18192 24294
5808 15605
10060 25986
21294 23721
10559 21470
1213 20040
4859 4926
1944 23082
13746 15660
3873 12614
20812 23533
19673 20376
8039 20542
2981 5267
5301 17823
11809 23187
7332 22966
2067 4918
9832 25243
21654 27464
2668 21985
309 14753
8836 13970
8746 12282
16092 19220
5984 18678
12136 23128
7900 26525
16337 24166
8972 16193
21084 22230
13282 19482
836 17142
4085 13373
1709 13980
5714 18699
22690 23330
12368 25708
21532 22424
4666 27837
11596 11645
3987 12341
12657 19601
234 14364
10170 16253
4101 4328
4237 11696
2388 15673
15282 20036
6968 25818
1043 14782
14180 16928
14257 26827
18122 24659
14964 22666
2561 22240
3826 5150
1630 22788
5691 18155
15320 25062
18240 22411
867 18915
478 22739
11085 20560
10935 26878
11315 17562
16323 19877
8025 13091
4581 4646
599 12033
2605 4110
1876 17865
23437 25564
3810 16094
12877 19184
1140 1171
12674 27021
11809 17743
300 7965
1942 10306
6883 9530
2329 7984
10251 12114
10002 24438
999 27016
22646 24147
22734 27121
8806 24415
1306 4866
3129 6810
6897 7783
6935 22080
4646 16848
10039 25622
8095 20018
3759 25397
3762 9574
7542 22581
9895 22925
6144 13381
15543 28113
5991 23193
18947 23929
16866 25507
4148 27429
3539 12654
16591 22726
460 27668
19021 21853
20816 24565
17684 18947
2708 11443
1438 22570
16504 20224
3257 13556
606 18885
224 2865
11447 16362
7350 10374
1068 14033
1365 7830
4967 7205
11667 19977
682 3938
2869 22026
26498 26879
13165 16376
301 24412
24958 27900
17963 18669
8320 11229
21257 21369
4505 9885
15301 28196
12397 22711
10488 19197
10837 24671
13686 27405
6182 22073
4162 23863
10125 26752
11722 27257
8069 24566
4328 19723
4009 26781
7695 16694
13542 23608
1292 6516
18772 19097
11636 20632
19271 22228
3567 17524
14136 18336
16976 22663
10990 27192
425 15019
4218 6009
664 24660
11288 26688
17071 17259
12476 15605
6229 16688
16901 18791
3717 17910
3874 11368
9891 24637
1319 7472
27961 28076
13495 21203
20363 28099
15792 21707
16219 18203
11827 18630
6445 17023
10189 13810
14077 24866
16016 20390
6319 8377
865 25735
5485 18533
3472 24163
4665 22531
8091 21473
4659 18784
20966 24802
4365 9589
11348 16627
9252 25425
345 5505
1415 6981
3861 18729
8844 21831
18808 23845
7146 19536
23459 25096
15483 17908
18146 20355
1270 25330
6707 17062
14828 19171
2347 23362
20747 24612
7635 8320
1008 20557
3629 16027
2708 15056
7521 18218
1248 21264
6103 14907
12149 16083
23284 23730
5950 13360
660 25219
1672 21006
5787 27025
3052 27198
14792 15116
17003 27372
5484 14442
3575 21577
18437 21990
8340 15002
9590 12606
15188 25487
16471 26738
3742 24372
9915 18320
5142 24693
6370 24303
12438 18718
140 20947
7970 24570
14881 25931
5539 22229
11880 23890
3121 21123
7915 23707
15067 24255
22726 25329
421 1302
8454 24099
5194 18172
4823 17599
714 746
12077 22605
5111 24964
4627 17397
396 13303
4548 8846
24297 24659
3651 27410
11444 12614
8717 18001
17801 25006
478 11553
9843 11261
13844 14024
12730 25158
13424 16914
2496 17222
2686 19449
11749 27575
6008 15257
1770 26812
5735 19138
22311 26107
5000 6707
13710 19529
569 10653
3154 7002
5832 13916
8151 26476
2651 21911
14911 20200
8471 10217
7505 8143
939 23472
4017 6865
844 15401
8732 11216
1097 22897
7141 19253
2281 17718
11649 23061
10668 23816
22624 24653
1397 7782
1860 22012
16772 28211
8846 23932
3244 11361
5019 5332
3265 24005
2951 15401
23365 25699
21791 23090
20834 22207
6278 20956
15112 22227
12953 16803
2216 7176
9859 12220
1772 10026
8394 28211
10039 12566
14062 21535
14181 26392
4708 24755
16975 27767
505 9590
3708 4302
21272 28121
3695 6879
8155 17214
8898 10885
4076 9294
6301 24307
7080 25927
11807 19950
3625 3859
22265 23304
10653 25187
2493 7400
5861 18718
2530 7830
16608 22062
22540 27331
2615 25833
7878 27655
2726 21671
2028 8493
2040 7971
1186 16203
24422 25443
2247 12139
1550 25733
108 24265
15603 17904
13806 21442
4097 7458
10574 19557
10620 21188
18002 27243
5003 18078
16609 23932
292 441
3511 23767
3389 8586
7514 12484
8974 16914
1302 24764
814 19197
9226 19566
6277 11185
12760 24008
11757 19073
2344 16720
5967 7928
6849 18315
14242 16823
18386 28200
4358 19869
11859 24610
21003 27835
15689 21737
8437 12145
3262 9915
2908 22610
6618 11142
2353 17283
23655 24947
6961 16608
11634 18704
3867 10717
14996 20054
15344 25415
3484 13185
5029 18631
11636 17374
25800 26098
8575 19019
4918 27746
8924 21324
2198 18187
1414 27726
805 5602
18641 24146
7091 8353
11047 27500
865 25283
333 1878
21498 24943
12565 14390
6824 19340
17619 27752
7677 27084
1754 4065
17692 20711
11688 14214
6601 20799
1615 20144
744 24341
12790 25879
6209 20278
6573 7475
2339 15723
11048 13736
23006 25010
1717 19884
4343 16348
8025 26736
14255 23197
3882 23507
9416 24104
20416 23007
22568 23492
3488 9837
24172 24935
7536 15283
7141 15426
16181 16923
24215 24322
710 18909
25425 25570
9251 25163
13373 24069
11977 16291
11076 25174
16349 23119
3484 3778
20608 26186
1399 24870
11682 14627
13894 22026
9835 10504
657 24265
5913 27790
9059 25175
2003 25705
9441 22833
3789 14478
3726 10906
9699 18947
17712 24652
5365 25013
1343 9521
20002 25603
13383 26869
21398 23721
17791 19836
19627 20553
6211 22515
9660 9738
12120 15163
2395 11415
11244 16582
3623 10184
14865 15920
16693 21983
11199 22226
7368 9643
4970 17609
18760 27576
4171 26632
14426 14498
14565 14971
8391 24969
183 23060
9080 10784
3420 20844
14268 23930
9766 11904
523 15084
464 7696
11092 26337
9523 10561
4009 14082
1889 18467
5089 25089
5288 15731
7984 15666
3806 8231
1462 14982
2521 9252
22114 26499
128 5835
8730 13001
4645 27607
50 2003
2116 4902
6172 25352
3634 24042
1155 5485
3808 11765
9405 27633
9022 13313
15076 21228
15011 27921
1782 24049
1140 1468
6244 8499
22471 27821
592 9285
17455 21766
12072 22040
6378 7768
14771 25525
14471 22082
3700 19171
11459 16294
22464 23285
5170 6695
13091 17468
2413 16225
7319 25082
3501 19225
17239 27101
14631 14997
12397 14724
7939 27286
3122 12985
21369 21886
18027 20355
13239 23691
1308 6304
15902 17782
8160 22851
3406 23482
369 27788
10160 23615
13151 24047
11444 19548
22290 27321
24069 25274
23267 27580
21053 24419
3559 19132
23742 25059
1564 9148
14555 26872
3359 10549
16527 18673
23278 28060
17762 25607
1140 25602
11701 16688
2721 21692
10185 27105
1368 11850
15660 21507
140 8855
3972 14724
13094 15996
10270 23286
17787 26413
12168 13465
8494 9842
8961 25598
1018 25089
14242 25468
3084 19329
7596 10154
14471 24057
14436 22773
5500 14534
9574 11562
22553 23600
2803 28074
9011 16975
1267 19504
3071 16413
681 25713
533 27279
4005 12439
3970 27190
1113 23456
7559 23939
1688 2763
21109 28139
12603 22900
17530 20162
15700 16476
425 27253
15981 22989
9791 11851
7690 9497
87 15786
21345 24457
8822 16307
8340 28004
9047 22508
1508 11667
5364 24262
3021 13669
4646 10133
12511 24170
4881 10280
8639 10772
4941 26222
12868 25760
13175 19019
17982 24828
5330 6657
8730 21445
20915 24023
3609 23845
20640 26261
20036 23838
13097 19792
17214 22479
9991 10232
3239 18056
2830 11463
958 16301
21964 28043
5096 15520
9141 15286
1454 23737
6506 21759
1840 23372
1974 3796
2336 16435
11096 17194
4627 15870
11307 13055
11534 14781
15646 22416
10876 14971
6665 9260
17366 28100
2293 11311
1604 12264
2648 12216
3610 26814
4581 23167
13535 20695
175 22040
6768 17461
9427 19955
8349 16391
1468 25397
9774 23929
14766 25559
14694 28211
8372 20804
3358 6578
7677 21438
4070 24068
19819 25550
2589 18544
17999 25326
1592 1887
21891 25251
1373 5305
11661 21644
23866 25115
21522 25039
5876 26896
15606 21782
6687 9634
8586 17242
22309 24279
4879 24872
4424 23864
6725 22598
4198 21623
19615 24637
9487 11408
12939 15179
7478 20518
495 27596
825 20196
5166 16584
12618 12956
15963 26523
19819 24104
14826 23893
8886 14995
22436 27758
4319 28014
11059 24524
16549 23077
15814 24254
7896 21846
5639 22143
1967 3539
3329 26922
21123 27612
3734 19943
6737 9165
7903 7951
12956 13328
4507 4542
10054 24068
7272 18267
21536 25483
12848 18035
6859 17713
11674 12468
9155 21339
4737 18249
16640 25505
6848 20627
1755 14731
430 22292
600 18105
22548 23417
9268 26549
14881 17868
6182 19239
8248 17280
13632 21875
4972 5485
7375 19140
20991 23880
24976 25428
23180 25564
16107 27124
1239 4476
1335 5981
14969 27173
7205 18591
14309 18974
505 15376
2023 8969
11610 21733
14851 16906
18921 23154
7670 19662
4598 20048
9696 15267
13682 22202
12244 14546
2126 26594
11348 22892
10767 17763
9076 23159
2261 19347
6055 26851
17404 20661
5824 16591
12612 21387
18336 23722
5538 23722
24062 27835
11973 27800
6161 21886
7824 16724
11943 21681
5613 26880
7029 18529
13528 17963
3419 3598
3900 4237
22032 27365
907 21145
11106 25550
24386 25851
3227 15900
448 23128
7354 7632
25485 25657
16272 22833
187 16167
7926 17791
12956 20876
14369 15377
1993 3491
5168 27316
18853 23576
19257 22203
15996 18491
7114 20424
5134 17453
6093 21358
2995 14781
8075 20588
313 18249
2400 14471
18472 23994
6533 19857
9366 24299
24542 27530
19489 23179
17304 26061
4775 11676
1163 7116
1225 22882
11421 13988
9967 12040
8527 27799
22104 25123
12769 20824
13193 28158
16109 19109
3604 7160
5283 14555
23480 26347
12389 16299
1121 27570
17823 20205
22593 24059
3445 23003
1422 21428
6333 14176
922 8148
1717 18247
3664 14492
25432 26420
20258 21149
3401 12711
8450 17980
881 8719
9430 22072
4027 5440
14829 23174
9542 20032
11682 13597
11710 18211
848 27030
12120 15343
18679 19741
5989 19034
478 2323
17941 24032
17927 20616
15406 24593
13509 17672
11594 17562
3805 8771
6589 9579
6911 15874
15610 28117
15184 22426
867 11382
6408 14156
4417 13086
728 17700
20583 21673
7627 9685
6549 12334
4439 11809
15401 21963
7099 11229
13139 13289
20491 22390
9356 22425
8676 21118
14534 18319
11073 16676
11893 25953
3195 20959
1755 19019
6268 11295
9524 21369
3522 18833
2995 28255
11134 20480
7987 12257
5354 24313
11630 22120
1917 3171
15928 27398
12089 16793
9399 25163
8080 16849
11105 25302
7350 16230
1440 4639
9417 16272
18302 21178
10284 15929
11804 12056
5989 21079
16652 17535
10961 25301
5229 5579
24509 28170
12244 17559
2938 9043
3609 18920
664 16700
7930 20765
10393 24104
17383 20667
1282 15449
6608 13547
18796 24028
10495 19942
4162 24565
11082 14731
3851 5562
11409 18521
18679 23277
3136 14048
22040 27152
11104 28077
6302 15678
9835 25710
7058 27988
961 26970
20162 24374
7323 12423
5176 22040
25006 26358
6994 17681
16328 23985
16679 25219
793 14029
12689 14893
2679 5282
1371 9093
1409 24085
11575 24504
10531 24453
13892 26665
1914 24589
12779 13111
1242 7522
1944 28082
7687 14136
1349 20951
9479 14481
2645 3841
5413 18547
1925 7865
715 9251
360 17372
2344 11037
1772 15064
17037 21080
20016 23892
18773 21831
14560 22444
8096 24854
4493 28262
16511 25682
6687 24874
15470 27766
4440 12363
336 14484
3215 16776
16226 23147
15633 25006
8396 18011
6913 16234
3727 24327
6838 10135
495 19853
12426 26177
12562 23392
14445 23254
12580 21577
8785 10181
6193 25163
7997 9683
14070 16904
10559 20675
16296 24293
808 11571
10298 22143
3069 8667
10102 11142
17211 21491
6198 10760
5501 16672
16112 22784
1209 4595
8381 12172
5943 12829
2395 3532
2892 6934
8794 14882
4162 15493
438 18472
10203 20027
12237 17774
2518 20235
14541 28128
9033 14629
13709 27136
12762 24569
17487 23143
4216 27237
1693 14398
17341 27042
441 3341
4086 4166
7205 19140
5332 16683
3161 5508
17963 22977
4081 10528
2321 22106
21746 28044
3310 26838
7080 24057
15141 21798
18993 24069
14609 21513
12214 25596
11337 15843
392 25978
16750 20671
3121 12792
9098 14409
2981 22367
7867 7919
4671 9835
18905 22692
15047 28055
11992 28009
7613 11255
597 7132
4755 22151
3167 18491
10061 20876
297 17637
12556 17787
12769 18835
3801 20658
8908 21094
824 10618
9539 26314
7576 16939
18630 20375
1145 18904
19396 21798
17905 27274
22914 24776
8246 20480
6055 24904
9253 12689
5551 9709
1400 17408
9847 18944
5432 13999
19393 26531
13410 16736
14773 25068
12302 27179
1925 13062
17486 17768
3344 24221
638 10916
2945 26237
813 25991
6753 11628
2482 12379
10767 25865
5435 9412
13277 22240
2696 13237
1978 7975
1973 16453
1009 8820
6710 8938
9569 22283
9147 27074
4012 8575
3836 23640
10943 22292
289 25219
3997 13227
4142 7205
10844 14261
2986 18498
132 17104
15141 16941
10954 20235
13443 20395
7521 12474
7205 25182
999 25432
7957 26234
3090 20005
10692 23626
21359 27743
12805 21060
13802 20633
19092 22989
8657 23225
2232 24922
6848 17847
7820 17630
15736 24395
2392 18428
10039 19216
1955 4535
13253 24928
2611 17630
4779 10504
1574 9417
17222 22421
12886 18823
2870 5114
4169 11147
1859 22709
9065 13345
14792 24182
6381 22799
2214 11521
3204 19476
11066 17803
21506 24764
7664 22106
3816 9356
1092 26177
21327 24856
4413 10646
872 8753
5165 24759
474 14685
1314 26929
1852 17507
495 1006
496 2710
3037 12965
1628 7487
22326 24439
8326 11310
13252 14895
7358 12874
24620 25776
5071 18580
16955 27696
1993 10712
9951 16022
19827 21680
18169 24340
2170 8746
8289 23794
414 16803
6891 21151
19169 22416
10919 11380
9730 10393
6342 20407
3923 12614
20491 24539
1212 11905
18824 24618
6238 15566
1602 27194
3188 14681
7692 19672
7011 20667
14076 23415
1492 23529
12496 24278
9963 23719
1909 13084
3867 7703
1879 5080
681 12341
3255 15652
14489 16984
8511 22575
4245 24379
4611 19815
16900 18738
10114 28156
10490 21888
428 14130
3125 20744
13681 26405
9465 10900
11479 12282
8924 10333
11041 18033
14846 19443
13230 19474
4221 15470
2882 22216
16901 23365
9466 16547
10477 22954
18421 20743
19539 22933
9491 18144
8192 19269
4889 28138
2247 23829
10641 21192
13590 24406
14971 15549
15575 18724
5893 13124
20018 23643
3089 26516
17750 17784
546 15819
11795 14181
1688 7807
14896 14914
1264 7981
1460 27044
9312 17956
332 3958
11545 13827
5008 18947
4753 5691
6546 23358
19941 25876
1353 5161
16670 25338
13313 25559
8170 13274
248 18369
8264 8855
2828 25658
12696 14794
22409 25669
1324 20092
16268 26766
10041 11868
3542 7861
140 20956
471 2764
5254 19603
12427 12639
7746 14392
9767 12031
15019 20367
24916 27734
3819 12612
16781 24557
1050 27776
1705 12392
927 28142
12997 25647
18064 22630
1833 8923
3408 11484
23197 24964
5198 12236
7947 13776
3526 6269
20064 21865
17399 18621
17369 27612
17407 18541
10425 27016
1445 28180
9251 12526
20016 21904
20312 21992
4933 27004
7463 20498
23645 26073
9795 14380
9413 27795
15302 27222
6166 18219
27084 27569
8081 21612
2035 14380
421 693
2329 3463
161 12196
4251 24068
18520 21316
9618 26691
8893 10101
20503 24104
7494 24056
16949 25702
19604 24571
21789 25549
18746 24208
26753 27758
5396 18190
3729 26151
4827 25329
588 9086
8692 14017
17696 22457
3592 25951
12683 21195
16036 25812
3059 8377
11328 27502
1176 19846
14113 19335
8403 10654
9265 12945
21278 25657
6495 9518
6052 6053
11166 22834
11741 14507
3483 9842
9380 11951
682 3237
4421 20744
13264 15246
5412 20905
1011 1716
19941 21260
957 7522
3015 15642
14243 22206
5708 25602
10639 10943
391 20870
5954 25181
11484 19835
14791 17456
17993 23467
443 19775
8081 19981
1284 4181
5904 22544
19446 26096
5293 22898
5023 16509
9367 23932
6206 22265
7743 22647
9356 19061
2542 7373
3735 12069
20078 22019
6085 24219
6891 9847
15983 23455
1876 7434
19768 21798
16799 18255
16463 22141
3300 8295
26116 26358
9918 23026
16083 27042
12173 25759
14236 23565
1609 14099
2040 7878
14541 27795
20848 21407
5048 24298
4417 12114
5691 27722
14519 18758
12083 19857
19221 22579
8096 19494
10209 25786
5287 18412
3005 14058
3793 11039
14853 15182
581 27016
7869 17575
11498 24860
6618 20551
12479 19459
25309 28211
5325 17963
17795 23140
872 16850
17140 23688
6816 27209
8741 21971
25980 26452
21788 23904
1116 15544
1999 24005
2126 24846
18304 18361
1197 13570
2905 7635
2664 16626
16401 17914
10309 18736
15432 17599
10425 28026
14233 26541
8167 15169
10727 15467
23655 24869
12956 13180
865 14345
16511 27377
1067 19946
10674 11847
15531 21333
1023 12151
2833 20355
13329 23241
23892 24294
1545 21126
6289 17505
11571 26115
19117 27168
13204 26043
5281 8132
6705 20081
473 581
319 21424
7635 23214
18886 25780
7423 22938
13990 18952
12434 13579
1852 18820
24053 27225
4679 18963
3090 3542
1786 8352
7236 12954
11151 14736
4807 9993
10194 10488
4189 14813
12512 27758
5466 9368
11133 21375
4132 20677
8730 28146
6745 12244
21321 26941
5681 15921
17596 18736
1050 24355
4551 20235
3779 3845
9055 9065
8426 15959
3139 16962
5246 9452
17545 18057
16885 27091
8437 9518
1140 25397
2349 17495
957 12954
3916 12850
8424 25262
8637 25109
11784 18774
2943 5505
4089 14961
1921 5177
17599 27914
3063 5288
7733 23722
17666 22413
86 21733
31 16287
1767 18743
8029 11076
1358 24502
5961 7351
5042 8187
1190 8148
10454 17329
15095 15657
12804 25404
14971 27194
7611 10604
14099 26004
8675 25548
1188 17657
8347 25526
8161 21384
19918 26107
7505 20745
4328 6239
20053 23929
7985 8397
3259 8175
14586 21499
13619 21473
4352 4519
8373 11546
4448 16424
3125 27606
1901 2545
8669 18351
3043 8631
1924 9891
8605 11554
9214 22406
20366 27775
14617 24304
143 26123
21200 27718
19957 27190
9399 16958
25080 26848
26 11409
20632 23538
18259 20758
12991 14181
10602 18921
6163 24511
8057 20387
9252 21111
5890 28272
6680 11826
12965 27464
11104 25110
18276 20421
108 14777
20172 23970
11696 17938
5371 20477
7798 9179
7154 20001
2604 19758
2396 24504
1163 16761
1851 10023
3882 21629
9917 25616
12980 15934
15135 18911
13203 24566
8238 10234
12340 14557
9869 22688
10957 11535
16562 28051
10839 13789
11087 12357
7412 28150
13454 15395
11207 26601
9717 25882
18011 21252
10093 21904
4732 8872
1140 4237
11963 13827
13426 24553
3638 25294
19736 23254
12248 20969
24851 25003
835 21201
18059 28186
3040 9553
5745 6182
824 25282
22026 22954
12363 18002
1767 11993
12505 19418
1979 21369
12726 27633
922 16513
9569 9795
9120 17194
26245 28063
2470 5587
2702 27073
2521 11535
6350 10876
6832 21079
5815 18533
8212 23608
11743 19924
17106 27886
9198 14576
2314 16736
1477 8509
8429 12176
2134 18752
16278 24828
7009 11674
8424 12653
21616 24278
13910 27534
5989 22254
19731 20813
12492 24061
7121 14286
22425 23521
18883 19598
2104 16329
1759 17718
18945 24752
19331 19352
1083 23210
3819 9550
8511 10660
7073 25214
15997 16291
6417 19451
3625 23793
2991 3164
7963 16241
5786 14713
20376 23133
15916 16184
872 3661
911 10138
18672 27920
21219 25695
8833 25525
5665 21746
14978 23375
9214 20114
8560 16449
5222 5359
15173 24014
4314 22063
5943 12214
6980 25151
26439 28031
1394 11677
13393 25765
26954 27573
3356 23910
7813 22410
12264 23757
3303 12708
7916 22517
19926 21235
11877 14710
9984 17782
17916 24595
47 24934
1622 17115
6437 17280
10118 12164
14650 27220
3068 15573
2283 25453
9184 12991
3882 22315
1527 10973
17727 26053
2611 27788
9379 25287
7120 24396
5084 8746
5239 9298
5207 14570
9089 14402
347 4165
825 24068
12805 17173
4712 24554
1340 12098
8948 9004
16173 24521
15226 25849
12960 16296
13105 23628
4595 16560
4273 9795
9635 16979
10157 22020
18223 20066
676 19619
4628 25287
4608 11546
6580 15017
16957 25613
15931 19554
11340 22949
13676 14991
742 11280
12252 25329
14645 18464
14471 14579
6498 8193
3488 16201
6957 16141
19266 26908
2387 25220
12488 26587
8659 13442
24068 26673
5327 17847
13488 19616
10461 22627
1770 18334
18309 27096
10230 24693
2882 10727
17692 19347
2823 11295
26092 27743
2015 3622
3128 3828
867 21389
20227 27538
711 5677
1548 24412
15478 17574
4949 18956
6507 11400
7005 27757
12763 19885
7320 11047
10209 13543
9631 18034
3375 5669
10420 14511
887 11364
4477 26615
1975 26273
19956 21944
11115 22283
8924 16429
22205 25957
325 17034
6940 20118
13073 22634
15637 25900
7213 14534
7264 10863
13737 16785
2728 26580
3298 14694
16939 20565
11913 15875
10297 13328
4507 12434
12532 13522
10974 17963
7514 13191
18189 27790
876 15510
8329 18313
1900 24908
18541 23915
1240 27054
15687 21275
10937 16610
606 16467
319 15606
2805 21044
13973 17922
14264 20909
10174 18739
6777 22219
8148 27440
16092 24210
5562 8491
8338 9542
5945 10828
596 22814
11863 15660
23937 24939
1321 25813
0 25564
8437 14133
19704 23521
10502 11817
18507 21149
23991 24525
6487 13120
11768 12751
1972 8342
2847 15240
4785 24068
396 4579
11634 22605
1800 2044
4309 14398
220 13564
15286 23628
8925 11644
5617 11865
8294 19909
191 15754
18211 19566
8070 14462
17599 25691
1830 12479
1654 12823
13134 13195
19820 22415
11416 22288
12570 17760
4758 11295
4807 7922
5088 7982
19068 27030
11908 21351
6182 25506
3691 23682
13277 16001
18878 26927
6198 9683
5204 10280
5832 8358
8356 21685
1340 10625
1036 12156
5485 26602
2135 18049
17945 18173
11868 20527
7911 9704
1801 15920
14317 14451
15962 24528
2618 17017
7350 27279
16968 27131
14779 25652
337 13935
19212 21725
3634 16187
24120 27892
12793 21762
1228 2305
11580 16471
689 15621
10639 22946
3275 18011
3069 13455
8322 23763
1412 11281
13138 22098
14655 17130
717 18056
15375 17232
22283 24637
4287 25636
23134 23719
12576 19354
8333 12555
4510 10653
841 17196
7312 16094
9598 27921
3117 7798
12919 26170
22857 23889
35 8781
20092 26364
22901 23553
10874 20893
6832 20541
11372 22983
3147 15294
10816 26929
5277 16602
2127 7707
3141 17524
17017 22195
9252 21123
4767 23420
13996 27970
3981 25302
5197 22642
24703 27254
12632 21915
9650 20291
2303 3052
5213 8941
7360 13564
7147 28255
7942 15708
21473 22939
4245 10033
18206 21097
17303 17636
5214 21654
7531 22777
12543 16619
5001 23361
1713 11952
5989 19068
3835 26074
4701 23437
17508 25829
17903 21573
20413 28092
605 19188
20813 26139
11696 14355
1349 7120
18300 26787
5445 21268
14035 23254
1911 10421
21380 24062
16223 26991
2107 5846
13362 25610
1411 8849
12652 23362
10379 18678
6005 14564
21394 24122
4454 23510
2826 16193
14666 25397
8150 12120
15496 18878
9988 14098
15330 22225
5917 14233
3139 10312
4807 4890
2424 14309
2270 10015
20467 27976
9392 25464
2263 18004
2776 17259
6385 26197
1349 13291
14438 14998
11793 23936
2009 23222
22976 26717
11552 13863
14520 27690
18217 27646
26781 27618
9999 14124
9811 21913
2566 6065
24005 24521
5989 26525
728 21781
2470 26503
1083 27007
21815 23900
25112 27111
406 17489
2447 17018
6653 18146
0 14581
15455 22832
2709 6367
1850 17114
6832 14418
7031 7177
2178 23382
7005 17331
3307 21247
1225 15182
5593 28260
15739 24491
629 1876
11620 16588
22984 28081
23978 27296
19217 23551
2874 19011
649 3908
6635 21311
313 10935
18051 18196
9826 23470
18678 24753
3537 25755
12908 18683
6710 27835
3257 13370
478 14657
9413 11180
24378 24892
11729 26946
9063 22415
3051 19879
16760 22811
3022 4264
8661 9307
8021 18758
4718 13926
19721 23785
2915 14947
5699 10448
7465 28238
11255 24771
5879 19647
1650 16083
17571 23839
21962 26026
12228 24589
4806 8332
6881 15955
17823 18823
16238 27985
911 1232
7846 16534
21506 23408
