6914 15464
2106 24564
3386 5162
8739 19819
6705 24576
7544 8349
15038 18202
6182 15853
8349 21028
5722 12956
396 13984
16769 21040
6710 27835
4642 25039
9748 17963
2151 10650
213 16263
4245 24379
5989 10830
18906 21158
23060 23707
20611 22996
1197 23028
21398 25991
23713 27788
23948 24829
5988 26498
8767 25617
7996 12444
2301 19116
12010 18911
380 944
7034 15355
14650 23710
351 26796
6746 22973
5166 19409
5338 23275
11136 13597
23530 24657
9785 13721
10967 24843
10242 14093
11471 15317
3231 11916
3205 10431
11652 26129
8541 9170
717 3110
1848 6385
1193 22415
7655 18499
18348 27116
19026 22113
2375 5307
10538 13553
5689 18909
2454 14758
14416 19627
6505 13733
6498 14457
3080 9939
49 8898
9814 10953
17460 18148
1412 1902
9918 20361
13447 13515
5414 15897
15727 17263
2708 11281
1070 16092
8158 27944
8528 19968
2003 7071
6107 22462
874 8354
9280 15992
22338 25121
11484 27381
711 9901
18346 25735
1253 7590
4146 14342
2396 8338
9413 11180
22627 23194
1911 11647
5869 23918
19016 20340
11884 12674
4753 10160
9944 23097
19965 25117
6624 20786
6669 20813
7429 20998
1169 10009
17422 25641
5194 21118
7209 24987
14941 25286
2325 19453
2764 4209
715 10484
4245 21293
21079 23978
13517 13856
10653 24172
11935 25419
7410 23522
14793 27569
12792 24005
10641 11804
5196 18496
11327 11634
972 27063
24904 25577
1195 10183
4632 17020
16684 26648
6801 14648
19503 25952
2110 3873
3440 12604
492 8966
7202 11044
10953 19537
13193 21499
23497 26358
1399 9090
13853 24514
904 3863
1097 2475
16582 23727
6350 11080
3071 18259
3264 13154
1050 26800
23845 26464
9438 20029
1065 11047
13662 20242
16919 26092
7668 14104
5328 6846
999 25432
3587 13150
18039 25437
13513 19240
6136 9535
3627 20270
11572 26821
16686 23389
12356 24341
4549 10090
9788 13870
5759 12967
11460 21118
2958 19140
23803 27423
18434 22634
20724 22907
15499 21436
2255 10563
3246 25828
17637 17692
867 9906
5883 18019
13222 22079
12099 17149
14476 19546
9501 16767
6078 12724
16253 18241
14309 15119
812 15511
4012 18219
12654 20339
24104 27758
693 23202
24061 28095
7737 10063
17094 22799
11254 12257
14353 26865
1138 7354
7508 15666
4906 24708
6529 24082
9285 18217
10006 21529
15670 19273
5597 26897
9569 12397
18635 24290
8669 17915
12674 18959
5550 8642
17817 20321
911 5674
2058 27428
7297 7753
652 16984
3147 15294
7138 15910
831 1925
833 8085
5466 25494
23748 25081
7344 24939
10517 25709
15658 22978
5579 24509
9683 23993
6312 25629
2035 10489
19604 25838
4162 12558
11268 25350
1699 6493
13221 21072
3014 6843
10959 16686
344 22654
5681 14507
18658 23086
19043 27991
13033 16431
1425 19371
11841 27643
8291 12402
2168 15694
3299 8485
2027 7911
269 26942
20196 25557
17780 25652
8615 10160
764 10056
4237 9795
12363 22814
1821 11671
17219 17559
11048 21759
13597 16251
11042 13272
4967 8384
16333 23340
11059 21595
19546 26844
21962 24242
7930 22904
13542 18903
10369 25769
3753 21423
1349 13764
8733 25391
7648 13721
2368 14452
12939 18138
2132 15736
1725 4573
583 5595
1440 19950
2961 17094
1719 8899
7307 21739
1162 18746
1349 3084
1603 2395
15229 21619
8430 11080
3287 12890
9717 17386
1577 3554
1158 5389
2980 5082
10451 23267
6825 24611
16961 28036
509 26010
2186 26825
6975 22973
2491 8733
18361 19082
25754 26177
16309 21206
11867 19425
16767 17645
15017 15089
13362 16855
1775 13235
12124 20159
11306 19029
1565 17634
4525 23589
7830 23574
4758 8617
3592 23776
300 27624
5456 19832
9572 14174
6687 24874
4142 4165
4849 27172
3622 21955
18796 26529
18524 22295
2232 16191
13991 26797
4345 9694
7933 20395
588 9086
4372 4700
25095 28017
20274 25618
22794 23569
7985 14835
7608 8228
3248 8959
4665 13973
22469 26640
16338 19055
731 26573
3816 20946
10366 11810
676 8209
8528 15960
3272 18078
11985 23422
6618 20551
1789 17601
1082 3794
5003 10570
9371 17356
8634 13081
9006 21855
8899 14104
9631 15682
5153 19326
4802 15887
12209 18411
5430 23974
15800 23076
6495 17232
2606 26418
16640 24062
19797 22106
19721 25397
21653 26429
1097 22607
2807 27682
4827 24623
1737 15841
10062 20890
8974 13772
10839 13789
10389 15141
2994 8491
5640 5913
17963 20937
8168 9323
1414 12733
18521 27464
217 27257
2460 18761
5728 13741
2619 7387
1555 21634
6848 24677
563 11274
17920 22452
8527 27799
1722 20096
18294 19029
6994 19972
4039 21761
14588 25018
12979 22024
12089 19906
961 27003
18558 21327
1707 22114
17788 18712
11082 15866
9207 16487
9357 24417
8891 21888
4577 28210
17353 22421
8858 12465
75 27740
13815 27908
8983 22402
4181 25803
11422 24081
22965 27562
1181 15277
1669 19190
15468 26807
11780 25468
19096 23932
3098 13047
17986 18056
8223 20348
20677 27790
2375 18895
17014 21488
688 7329
91 2833
20833 27179
16078 18427
1516 20053
13106 15330
1103 11854
3728 14584
24511 24973
867 1040
5651 12523
12229 16599
4642 7632
4539 9483
18415 25584
12472 16684
21725 21761
5930 22214
10971 22210
12257 13368
515 2157
381 5082
5599 9301
9617 20527
10653 14969
4009 10284
6227 16187
12049 14632
23396 24921
5114 20913
21773 25380
6426 8088
1619 8669
10174 18739
1795 3859
8956 21730
17644 17999
15392 18095
9866 22469
6608 13547
910 7469
11709 17963
15179 21240
3728 10292
7005 24883
15766 21061
17243 25105
11490 19801
14875 19127
1164 3039
6369 8439
18787 19457
9751 12683
1762 9265
14010 17220
9919 13902
4791 20500
19138 26852
5691 8990
7648 15169
21475 28173
5815 6672
21313 25856
13767 15441
16484 24069
1795 14694
811 25393
8182 22996
5386 18014
5917 20367
13952 17586
5471 10767
4331 19957
15832 25507
7172 12006
4563 25757
3093 24275
7523 12287
5759 8388
5440 21390
19374 23866
7484 16878
1523 12645
7365 8368
22448 25678
1787 4517
15843 22605
20839 21831
21929 23506
1396 14598
2087 20466
14407 24129
855 27746
2932 26755
341 8781
12596 23312
3276 8352
14437 27042
23066 26704
12768 16720
16842 21105
13495 18421
12927 24148
7147 14738
18213 23808
9354 12449
9614 27378
3356 16006
6533 10496
10242 10269
6541 21850
17191 23272
3287 4065
5262 11080
14481 23392
2438 15376
6517 6898
11535 21139
11296 14716
27111 27522
8830 22799
11645 27490
93 8769
896 13810
13516 22120
12693 24455
8990 15056
3622 13989
16324 16953
2313 2705
2324 5730
14178 14606
3069 23225
7429 13240
5609 25468
2566 18989
2312 25176
5616 11288
23153 28185
18533 27516
425 4328
8285 19247
15549 21058
17743 20008
5023 14676
10157 15188
7907 15762
1117 21010
3440 15232
2545 8635
3369 24042
5614 18568
23867 27468
11267 17777
8291 28196
22425 24131
16766 19256
9487 13046
13721 15410
10799 13412
1379 4214
4853 11082
4188 26123
3483 18993
5832 13730
17501 25357
9418 16184
2555 26461
9225 23991
11880 12945
7025 22530
6857 18936
13668 16025
654 24168
6669 9687
54 20427
14082 21910
17314 26482
6009 24752
23111 24205
5371 27405
12411 16443
1423 14233
13583 14379
11030 18304
9316 24671
2266 16170
126 13483
13492 17170
825 23863
11592 22048
10061 26143
425 27253
14088 15402
19827 24557
4465 25729
5498 9038
3789 13475
2282 25800
405 1528
18846 20953
1864 27464
12459 19735
1685 15823
6991 7066
812 24570
9761 10961
2702 12817
20639 22269
22323 24606
2708 18046
6929 12968
1361 1797
799 6105
21857 22246
19712 23277
6668 14010
9090 23911
14384 21343
19400 19409
3439 19647
13673 17941
4945 20310
17487 23608
8212 23608
1768 20141
383 21830
1574 4636
11775 25522
9811 25865
9893 26939
7003 26546
17473 20862
24841 25693
5786 11780
9321 13710
1534 11035
1865 3121
6972 18565
8356 26756
25833 25981
2001 18422
1438 7137
18357 21737
1399 15064
7410 7885
341 25197
9289 25566
5750 19035
3679 8679
13802 22319
24613 24970
2210 23534
4720 15511
8806 22216
21685 28266
26231 27105
13681 20162
9999 10399
13396 22731
2786 13875
6832 7878
6461 26905
3219 4129
1273 8917
6667 17977
8081 28063
16201 23108
14666 27923
25046 25163
11444 23763
15923 17178
2984 4477
9854 23771
1 951
90 10348
21387 26641
5522 20611
7410 11444
16434 20617
12441 21438
327 25998
314 11503
20127 21513
1614 18477
13564 19140
4979 18192
24659 27574
14120 18690
6602 26691
872 24393
20013 27780
8940 22254
20302 20406
2374 22271
3037 12965
16449 22875
15480 18185
2581 3420
3379 15335
969 26503
6793 13270
7451 16367
1134 15904
3900 10913
4933 20788
9731 19899
25513 27418
10454 26729
21201 27485
2373 7801
13391 25242
5978 26795
2572 19691
10618 14482
16623 24240
4513 15996
19973 27303
12282 13741
8202 21129
1449 20298
755 23372
4987 12549
808 4192
5393 27737
874 24447
9382 23876
1851 15211
3229 19408
3762 27232
1162 14939
12552 14014
13592 18366
3388 24200
23997 24062
10628 11430
14249 21639
7200 12220
1510 23294
17194 24514
7850 22328
27374 27867
4949 10911
4597 23044
18077 20966
4662 23187
8999 21823
6139 7447
5505 6103
9416 18491
9095 19566
4072 23609
9961 23863
7965 21115
25483 27869
6516 11785
21673 28117
137 14883
6957 16141
5710 25064
6188 21687
8081 10518
8507 23149
8575 18704
11310 21266
719 11113
5371 26034
3759 20741
3357 21038
869 25971
16526 23203
17587 19425
4708 10715
23598 26003
3098 16794
8515 17691
9873 25343
6550 25869
14758 27124
3666 23553
7885 24601
2764 5387
21857 22265
3326 9648
27579 27664
1275 19536
3122 27374
11310 19267
20515 23192
7642 22309
7873 19318
2965 8597
7455 24886
7800 14562
6264 18541
12715 14162
5247 9108
9108 17919
15335 16527
14493 15620
9632 17512
11700 14088
14022 16528
6184 8543
22506 23797
10115 13423
16865 19817
15576 17215
21881 25281
8155 27226
1266 6448
5466 21291
11124 27092
1186 18105
1068 3425
12012 13728
7300 22973
19533 23619
155 16388
10479 10844
17355 23771
535 20292
12136 18029
3501 9358
4775 13021
1695 14513
4836 7783
15375 25341
16941 25901
1182 9141
9751 26358
9615 11870
7915 8020
5371 21569
8251 21880
8296 21985
7364 21491
12684 22598
2243 20959
5846 18910
2760 6612
26880 27837
448 1707
5687 20140
12212 18281
4606 22785
8864 23915
14254 25283
1405 7268
8290 20849
6059 17865
21790 27057
1926 17602
15666 16006
2202 26989
24921 28198
4693 28214
18341 22631
13261 27464
3086 23327
258 4181
11616 22843
5042 21766
12474 13484
6757 22350
1308 10108
10847 18629
5249 9354
6182 11398
8924 22814
5292 13827
16390 26824
6667 20859
20224 21813
3125 13286
2534 3708
9211 27890
5660 23369
2657 4477
664 12397
13243 26612
4072 13264
4476 11128
3197 17593
12994 16838
2427 7099
19565 25127
14662 21126
24886 26312
12717 19536
9755 21453
13542 14308
9319 22025
19295 24855
1281 22388
6298 26087
7325 23470
5989 17492
583 19004
1027 4562
9532 27494
7692 24919
3592 25250
765 7365
7961 8280
5984 9136
23807 24616
6154 16905
16941 24121
17141 28099
18619 19948
23313 25219
19154 25414
18974 20747
1489 10553
8282 20305
16960 27488
12405 14728
1858 15148
689 24416
6876 15184
3257 15354
2845 14535
22584 25949
21380 27956
18533 22040
15199 27696
12910 22517
7839 20257
10077 11522
5395 26819
9058 23619
1843 2542
10714 16006
11199 22226
326 18812
8361 27501
9059 25175
7121 9236
2128 13087
12083 17955
10341 27042
5950 25847
2491 24451
6054 10303
20645 27375
3397 20409
15543 19548
17920 19542
2525 12349
6560 18133
4047 13724
8444 24116
10709 13062
9860 16976
11793 26432
4309 22294
3944 13208
18267 22396
21113 22184
8807 11096
8157 12128
14907 27705
12134 24095
1058 15363
634 6334
13059 18095
17696 18458
13967 16626
2061 15090
5211 27869
16351 25167
1487 2933
13732 18322
457 4834
3987 7695
7737 27108
3728 19139
21564 22734
14033 24616
2189 6972
1796 5554
16116 19577
498 4806
1335 11080
12960 24589
1499 1713
3286 10295
12244 14564
2198 12363
6994 19623
9062 18699
10949 11100
15129 17438
11030 23929
4975 15561
11553 22739
13804 27336
8616 18205
6589 6981
4221 8352
12302 17598
8489 15714
12708 21557
5645 8223
10920 22210
2017 18400
7362 26061
12054 14679
4178 12397
4458 6053
203 1999
9561 24571
18994 28224
10598 14969
8274 19016
12775 17936
113 4992
6879 13513
2443 21000
12479 18178
21617 27190
4085 8948
4650 7414
290 11059
6172 10508
877 20553
15293 21849
7592 7677
12965 14431
1097 24888
13338 18287
7900 23939
14776 24086
9201 16894
23920 25079
3066 18218
8037 20045
1052 10407
576 23140
605 17422
598 24061
13423 25608
11657 15427
125 18454
8465 14407
15110 18384
11080 21304
7350 16758
18662 20463
17597 25294
9528 9940
18409 26544
22764 27731
18745 27488
1335 25822
19073 20053
24637 25879
10203 20027
11443 26798
4409 25950
8043 25199
21057 26364
19769 22347
6601 19857
3296 18753
6251 15184
1408 18429
10230 14891
84 4802
17446 20162
3488 4142
10990 20515
3311 3406
22594 22769
8011 16883
1477 10568
347 18442
9294 27594
573 4254
7015 22625
18832 21737
5332 11610
2247 8492
1138 8108
5832 15683
15883 16226
9575 25857
16106 24803
3734 11327
19877 21218
9333 14976
287 4119
16016 20390
4693 14167
10296 25198
3532 8622
5618 9590
11094 14260
5942 7624
1609 13226
6700 23139
8944 15189
1757 18553
5760 16013
3073 15268
4187 27222
8057 14767
19576 21963
15717 27455
2430 23738
10263 12804
9038 13690
3375 5669
4581 27150
14608 21650
14106 18592
5857 18211
22787 25271
7511 8184
2874 7401
7283 14464
10249 21822
15723 24322
14634 15449
2245 4849
737 28181
15749 19198
337 9404
2853 11806
3128 10263
7328 25362
3522 18833
12888 13419
19750 24521
2657 6776
17423 21431
22919 24127
2631 14586
22448 24000
16553 22357
6860 14695
2272 24264
3733 14997
882 25498
4507 26153
3331 10880
6843 11034
2396 25433
5008 11812
3156 8750
18784 26087
17733 20715
17536 20833
327 21244
9744 18591
10018 14158
7560 21431
7737 19590
21955 26227
6942 27462
3147 12614
16238 18183
1948 26930
24175 25449
18136 25329
17653 26902
4581 17381
19680 22992
12773 25219
1487 7206
1878 26673
22180 24360
967 11975
1756 12480
14410 17080
19273 22335
20382 20472
10209 20841
12769 15298
7205 12800
5611 20431
17871 25105
6278 13739
7206 12860
16687 18753
4784 11320
26413 27152
5197 9968
12652 23362
20566 27815
5593 9614
20397 25250
7820 20639
21656 26657
16803 18127
10523 25631
12639 24830
2105 19658
17541 19154
7551 19219
5442 23549
12543 16619
1952 22320
9319 10786
13513 16963
3342 23074
14156 22253
3805 4144
5010 15467
3257 20427
16993 19733
26104 26698
22857 25699
15727 24104
1177 2631
9179 19827
5620 22255
788 27841
5913 22515
9215 18679
51 7956
17263 19348
5978 24127
1795 24155
9997 17398
12881 15695
23577 24720
4142 4519
11129 11322
6215 14468
3810 9022
185 5846
14886 25525
9585 12967
46 18949
2878 22949
9112 13787
8096 25786
25922 27675
12266 25938
526 14175
3631 24593
9313 21436
3585 19357
10990 14340
11143 27285
6544 27923
14677 17547
1871 23294
1695 14548
11781 16155
128 1142
2894 21815
6806 17581
2317 26741
7741 22814
7603 16113
20041 21225
588 24290
21700 24552
592 26186
6848 14820
5167 8544
11009 23340
14955 26116
14046 19960
7896 16961
3265 9253
1670 19409
2798 10261
3383 8924
4076 14604
15325 23846
5941 12195
163 17412
8872 12177
4089 14961
2198 27243
4340 26278
9535 13683
863 17963
6497 16694
13291 22787
3835 23282
9090 26407
19374 26169
7952 8392
13564 23066
1451 6508
8872 16685
6968 15251
961 25341
4325 24279
15572 25101
7948 24872
20884 23062
7392 23822
4126 16713
20826 25329
11808 19261
1823 22323
3704 27735
19790 19846
16953 23524
4528 16037
10089 25108
1747 18520
14771 20053
13960 20032
1958 19434
2351 26482
1112 12235
3622 11975
14174 25062
13138 22098
12652 21199
7794 24543
14399 26892
9744 14750
787 8878
11111 22329
18328 25617
21903 26503
1176 3528
1015 9136
6569 12474
9367 24294
652 28186
83 13664
18137 18252
2894 26663
15792 24363
4378 14575
2831 15263
7024 23605
9590 17530
8655 11791
5678 11096
1741 25219
15739 24491
11484 27021
8967 9194
6725 26038
1773 24464
4334 14456
3419 7195
7030 9526
18729 21326
1029 1049
5609 21473
3354 28116
1351 14383
1761 5802
663 6355
7961 13540
6668 24886
2254 13707
1027 27229
16754 20275
3259 8175
9940 23873
8719 9800
5691 7877
19212 27458
7541 11245
2949 9171
15883 25366
3146 23603
9532 26589
505 20384
19343 27962
8220 17159
8388 13440
3944 20352
15983 23066
21060 25116
5852 14215
18826 24598
12599 16847
7325 9923
13 1613
9250 13472
4052 19004
10450 28275
4422 13542
11445 18416
16328 24807
3037 6507
14753 15064
18050 21665
505 21459
18832 24603
851 9843
4142 19369
21797 26150
11783 18520
18548 25263
10075 15967
5446 26208
2530 7984
10838 16505
2744 17387
5913 22240
15633 27865
15652 23516
9471 24232
19013 24060
18571 19667
1287 17761
2547 9617
4019 16991
8802 13516
232 9324
23141 25064
272 3101
15423 25935
6848 15829
15330 16439
7233 14391
8035 19200
13807 15224
1085 15282
8705 12252
11396 13804
10146 10532
10656 25181
15766 16169
4906 7975
18160 26372
4454 9466
8136 10207
8247 10372
6680 16102
825 9536
1945 21672
5681 18052
2382 6288
10800 27013
18884 20151
9940 9968
9253 25908
3904 6618
353 23600
21242 25054
7649 9982
10844 16197
17927 20616
12773 25280
3586 28100
4758 25235
14288 23194
18626 27042
7188 10800
1421 25309
8488 12218
17465 25859
8990 26787
17695 27412
9343 18046
21291 24158
12689 24752
9532 21207
4076 4941
16429 25655
11483 17214
7758 15552
17963 25966
2044 13171
2759 5614
9056 22395
13224 18938
3400 13455
9218 21503
3612 6916
5336 13202
8471 19458
9239 25272
1025 16121
9895 22925
3129 14671
2974 12210
1840 19758
5008 20053
9663 15950
396 28179
3705 21079
8710 12769
11575 24109
11366 19195
1239 24062
14240 24723
6966 27626
9626 12158
8633 21218
3333 22564
1321 25813
5691 23984
262 19768
102 26145
15338 15424
1259 10713
5916 26457
12103 25956
15052 17946
2336 21797
13032 22779
3624 14648
7265 10289
20409 21481
10462 23997
14604 26030
2719 3539
8057 23997
15425 26654
3121 21123
7198 13603
9590 24148
3451 21987
16992 21861
11192 12369
4448 14771
569 10552
8384 18565
24811 25358
14586 25748
418 26011
2330 5426
8437 12145
26265 27279
14655 17130
866 24053
5846 8230
9279 18521
18191 21589
10479 16665
7767 24232
10839 16989
7626 8784
1475 24602
17054 18758
2386 25008
9851 14140
681 14129
9704 23216
6790 22555
341 28120
8428 10309
7411 7883
12433 23200
1435 14632
16127 26273
7741 12711
881 1142
4626 25271
23686 25608
23857 27018
2882 17162
424 5160
14835 26189
11628 22322
8447 10170
1944 15874
194 7381
2387 25220
2984 10581
5923 26413
9524 20687
23237 23736
12275 21060
17931 20545
4993 17947
6868 20675
15335 17178
3400 21914
353 13942
8282 23919
14428 24059
15985 25949
17612 21191
25280 27706
1177 3231
14684 15561
5680 18115
23361 27955
891 19666
18053 22860
11138 12400
15196 23390
6351 7354
2807 17963
2724 16764
5734 18083
10950 25043
10440 24995
14471 16489
4548 19741
20056 27621
4190 5147
1213 4084
10665 24793
9487 11286
6446 24739
2776 20001
18276 20421
2491 7375
9538 16184
24068 25799
16762 21654
14954 17177
21895 25265
14555 17115
18649 21907
7931 23280
23361 27016
12075 12807
3700 5944
8552 26507
8284 27713
23267 26378
8343 14437
9492 13926
1830 21962
2712 4218
22630 28238
1397 23830
7837 9690
21582 28176
1199 4127
3634 23648
2564 27821
7758 15286
18784 19244
7984 21079
872 8753
5680 15492
14181 27703
3846 25525
10101 23074
1199 5667
4507 18009
24589 27531
4004 12743
6006 13240
19869 19886
1298 5355
13282 17407
2111 5277
7840 25727
25129 26884
17782 27005
7273 22117
15894 22285
5371 20477
19615 26525
17597 21559
19279 26098
3265 15682
12341 19819
1246 27924
495 4101
3866 7044
4073 14478
15505 15620
2396 13134
19159 22884
7068 21766
8103 18330
14792 28234
2130 21696
18195 18639
17963 20570
6977 13021
6295 10462
9959 26480
9816 24610
4114 16149
11143 23415
11073 18950
7188 22799
12369 20384
11381 12350
18280 24193
23282 24334
15104 19967
20340 21251
16690 19343
21335 25927
14791 28156
8770 16320
12864 15952
23076 23271
619 22357
3133 27150
15315 26448
12684 17264
5485 14468
18823 21470
3663 4868
18369 19004
7176 13152
12161 15967
1348 9268
1762 14585
2287 3606
4671 25759
20303 20495
3381 7757
4920 19117
4611 19682
5406 27886
15434 19594
3114 13448
6526 21794
2120 23359
10849 20245
2291 7813
3903 11080
17828 20249
2874 28166
790 23994
20002 25603
4422 10270
2379 14519
422 6913
20392 25539
25525 25689
6995 21800
5852 25708
12954 22290
2982 22884
10763 25174
12656 25391
369 9404
18795 21010
16197 22857
9869 12994
11364 24326
2595 7115
11599 24659
6841 21025
17996 20127
396 18867
9491 18144
364 9082
17578 22127
3243 10961
5598 11778
43 11484
3598 16353
1904 5332
2200 11563
6448 16718
11473 26892
23736 24061
5177 8349
13071 15028
6970 15271
14606 19748
15493 26338
314 16948
424 7423
17255 22983
13235 19315
1270 17337
9779 14095
7982 23914
5206 25612
1922 2104
2894 17530
6832 25214
4339 19181
8730 26609
10086 26643
5857 18557
13681 28031
7108 28014
8614 22893
7505 25735
19524 24090
14153 24681
7449 11442
9423 15184
9628 24605
11878 26069
6703 22168
14010 26340
1767 21470
10161 16025
2288 8413
2654 23771
15646 22416
3638 23736
17438 22529
958 4009
10391 23438
14150 27455
17847 18533
12900 22141
17910 21923
11831 24378
14881 27709
19481 27500
3779 27444
13193 16618
9950 15843
20586 25165
9253 22756
737 27557
2170 4623
2037 12804
14716 21700
16941 17819
11748 21330
14971 25306
4205 24846
19744 27872
8924 23653
2383 12331
10496 20503
9228 22499
15977 22864
5351 28124
16435 25665
11946 13595
16262 27004
2750 14215
1448 17483
8481 9294
5 2040
13152 24457
15597 19095
8924 11785
3344 24221
18132 24723
28083 28111
12340 20054
9556 22997
2942 26174
3494 26366
10710 26017
11559 16478
23086 25102
8972 14911
23892 25202
13605 20041
9159 9590
8352 25453
2930 14970
10927 11286
8028 14158
23502 24068
19372 28115
17568 25564
17129 23929
15727 18458
2929 4081
18678 21058
3311 17958
1459 5071
17756 19794
9955 23617
9693 22700
867 16749
20032 24138
7695 19857
13222 14817
6842 16245
10507 27988
2837 14106
1056 9774
6706 9115
11692 15037
14971 18346
1568 9066
15532 17696
1589 15336
4523 19145
18331 20848
3542 22835
21856 24150
8750 17274
4807 23578
20264 22550
12196 26260
17446 22106
7311 14568
4080 7678
139 14479
2087 12268
22581 26503
2440 16082
8424 12653
9683 17852
7132 16609
18814 25414
2530 22777
15038 20608
14499 14942
7060 23822
13373 24415
9159 11821
11214 19132
13272 27938
6803 12033
13308 28083
15478 20053
9277 20302
2494 27579
13355 23983
9818 10205
6645 26300
17947 26069
13910 16550
2686 23553
23469 28190
2003 13356
10033 21000
11455 17890
14072 17787
8043 15631
5695 25341
21342 23267
16953 19982
5626 13515
2915 24410
4642 26589
16884 28210
11444 23983
5292 5505
7114 15271
3622 4596
16771 22517
12145 18369
525 6342
2613 12184
971 7351
2386 16351
18936 24092
6221 23143
2191 20554
9561 25838
24586 25467
11852 23182
15481 20019
13692 26303
7698 20550
711 16535
3128 14475
1925 11448
119 16152
12446 22223
17986 21715
12397 24395
8443 23036
17801 27294
9535 17634
10146 25810
8720 9950
1985 24842
18281 21898
10228 18853
6150 7250
18945 22787
21599 24836
1435 12049
12506 15531
16488 21480
1687 21627
4745 22544
16914 19118
3428 13998
4253 21462
14207 21925
11872 14088
983 17495
4628 14442
6351 17302
1981 18461
12836 19565
556 2568
11385 28267
8612 18412
5084 21194
7601 17137
4043 24237
6177 26593
18669 21304
1039 15950
9653 14709
1116 7122
8279 16027
20138 22446
1402 20661
15348 16002
14842 19748
14727 23696
2686 8108
5339 25219
9117 16949
6377 19183
5371 26421
2270 21450
11450 12762
3434 13807
5699 9193
2077 26688
3121 21368
19493 23146
10139 21884
3002 4839
9915 11880
14507 25984
6489 7738
5723 14312
14511 16984
2150 9153
7802 27565
13784 22321
14539 27268
3745 4948
13970 16656
1197 2540
15836 22848
12847 26750
8841 21720
396 7720
1979 15245
12215 22565
22347 24900
752 19008
379 15890
8741 19303
1833 23730
5950 22901
18159 27687
13710 19529
22061 22907
12244 16112
14771 18704
2325 18469
16046 18521
10963 28121
11982 21882
13073 15147
9607 21153
20671 22431
3167 16584
2147 3417
16879 18117
19219 22984
2730 26380
8872 18663
1864 2283
9001 20626
22091 25354
7111 8437
21219 25695
272 25460
1795 7758
16599 27879
6832 15480
18573 20081
2254 26868
1315 14033
2042 21831
3117 17556
23915 26880
6737 9214
8001 16543
837 16764
96 25433
6914 21416
21580 27804
8036 11030
9214 24929
7205 8806
23696 25294
7101 26721
13355 21164
3867 7703
12402 25008
17763 24665
5041 23278
12954 25228
11978 21484
12440 24049
18253 18457
5151 19071
1814 18906
2259 13343
2604 18679
20740 24540
8775 15722
2961 27898
782 11286
5663 12501
9271 24603
9129 15212
4367 26247
3819 25277
18136 18824
3406 9543
10756 15271
11952 21143
2730 7390
13916 16389
23352 23645
23733 27361
7948 17933
22416 28090
904 24061
13428 21402
6885 9991
8515 16890
3354 22378
5989 26525
2905 18793
18057 23932
4339 21862
7741 18594
19525 21058
710 11984
5906 6708
262 23369
2679 5282
5725 9574
12832 20577
14197 15622
14168 21886
7139 7362
24865 28059
939 5978
15727 23658
6280 16038
439 4641
21905 27935
1343 14445
10741 21391
2708 7289
287 14555
3878 6227
16404 23422
14103 21622
20627 22734
10042 26153
10807 22163
7550 17106
7354 21761
935 27999
2873 9051
258 14364
3882 24140
20975 23848
12386 19948
835 24170
4414 10042
4692 6182
670 8775
7419 14287
6257 7698
9535 14086
3233 15432
5150 24823
12402 27835
19150 22692
2040 21707
5611 14598
23771 26409
21656 24974
19495 24353
976 2157
15673 22545
918 27174
12399 15446
4109 11785
7834 16518
10496 21886
10472 18383
21346 25999
642 25698
3472 3979
21650 22915
3354 19114
5894 25652
17098 24851
10638 18474
1036 23389
18216 22446
767 12564
17545 19576
19768 27514
3135 13626
2647 27374
3625 4361
5229 5579
5128 12164
13890 16766
8654 18145
1177 24432
13382 22323
26232 27352
12134 13367
14108 16366
13470 13478
13343 23225
202 14606
13468 14648
10808 14014
11626 13223
561 24131
23544 25638
23530 27745
331 11211
1581 21163
5084 8746
891 25829
2542 18366
3858 21113
9056 15085
11796 23599
3922 7884
5678 16110
4209 5019
3711 24005
1963 13989
7141 10805
15048 20574
597 8558
12956 19525
3551 25626
4336 9447
15894 25689
11571 23598
5989 24127
1125 3674
2040 9314
12097 13505
1610 11064
11571 13789
19918 26107
16456 18724
4248 4933
17102 22278
13715 16113
9189 24746
6416 22237
1228 10370
24290 27681
15119 19062
5504 25128
5728 14635
8596 17951
18001 21633
7047 13575
3788 8929
922 16513
3737 5938
6384 6747
8418 25729
11113 23377
22334 22860
24904 27795
1438 12799
20424 22425
628 12111
13051 16107
20942 22607
13503 26810
16423 21822
8798 14002
22175 24997
6372 12988
6633 24122
1980 2518
4209 25760
77 16126
12874 19893
2698 20470
18491 19818
943 8438
11632 24947
1900 23282
3445 22360
10837 14534
10491 19328
872 4498
3909 10331
14657 17543
16299 19577
415 22205
18038 28197
2400 19107
13619 17449
656 26901
3528 25138
9019 12773
12451 23615
12462 15090
20816 22382
4592 11810
7320 18551
7101 14123
9574 11562
2449 12262
16160 21484
460 27668
5850 19939
3152 13081
6926 10734
7394 18538
7031 23299
7123 27136
20 22656
16107 26690
1389 20395
21459 26267
3570 4980
15582 22260
3634 18472
650 27236
19068 24818
17751 23455
23945 24636
11306 13480
902 24507
17952 26379
17742 21633
2715 8291
13772 21719
13141 15098
11199 17543
9569 24157
113 17422
1979 26753
5041 9305
13059 16984
8304 10956
3900 11953
11797 12049
3180 23267
9293 20758
495 22269
6061 6638
18434 25187
8293 20206
595 2003
8370 12689
448 23420
25265 26661
12288 16038
20676 23843
24292 26968
23341 25467
3675 17760
10808 15410
4110 19988
6390 24551
10177 12363
12069 12241
20084 22438
3052 17568
18027 26554
5330 27596
18163 23340
4066 22822
13969 22365
5822 26902
16806 21424
15938 24108
9697 18346
3780 24935
2236 22353
7381 10588
2227 25956
20081 25039
15155 17486
12306 17737
18825 20181
289 14158
10200 12664
8191 18745
7172 13073
4791 14976
1546 20979
21550 23186
7820 15305
10023 18521
11888 17224
14814 25865
1937 7002
12927 25309
3551 13222
8478 22605
10570 15221
12709 17492
12656 28158
4198 27032
19161 26171
2527 10093
1284 10421
10583 27536
10659 23754
9420 20538
14671 15865
2750 16429
21172 25270
3053 5989
5703 18132
20109 23708
2233 8620
6045 12124
7885 15543
5351 22860
4942 20128
15224 24384
15559 15561
7922 23495
6083 12959
5989 23459
2032 17360
4954 8229
7741 7948
16609 19705
25445 26884
6557 17922
15933 20517
11167 17957
2187 22892
3098 20308
19952 22425
4408 5130
16656 21562
20627 21115
20871 25231
4429 9800
175 7950
11562 16334
6296 27123
10524 15297
2831 17189
21558 24122
2596 11311
2270 15845
5095 6498
8357 9488
16959 25163
11214 13951
6188 15540
1894 10236
7881 17591
17350 22810
1410 14423
7521 27816
14784 26606
15184 16094
5794 22080
13583 22425
7927 16112
11800 16092
929 18867
16984 25337
7755 12388
5150 14499
819 6861
19184 25978
9827 26100
8441 11844
224 22265
20287 23700
5525 11322
187 25397
6546 21323
8588 23593
1134 27669
1478 11201
8935 25329
2596 25629
12865 20737
14657 24127
5155 8454
2110 11133
15022 18663
3231 13828
7960 16914
3101 10440
9339 19269
16154 25909
9138 24869
12753 27368
16806 21915
12033 17140
2369 2530
15976 22321
1589 8438
17585 21824
6555 15840
9124 9784
11113 23467
11963 14438
1020 1925
651 3007
5263 16582
9762 18651
9849 18592
10156 19510
4924 18573
15410 18999
15118 26043
10832 19537
3615 24131
10845 26183
9566 23704
2508 8193
16107 21955
3207 3229
5435 21631
4008 16092
3512 25886
17259 25810
155 4845
9905 26503
4600 13885
3406 27837
24566 27508
8345 18657
11580 14181
14985 15212
22334 27180
3425 19863
12399 15676
11692 17407
6957 27118
1207 25341
22507 25850
7911 21130
18830 26085
14579 14736
6798 10517
8185 19126
605 10097
15505 17259
4550 24315
24268 25494
10653 26943
14464 27405
10393 20876
10446 21195
7977 16383
5953 25969
3892 15920
10800 25560
23608 24232
7278 22067
8182 20258
8734 11226
261 21898
8384 18521
9354 22540
7814 21465
1168 13710
1867 3843
19864 24643
5984 22234
12260 16999
4029 8595
22900 25253
13186 27196
3559 19132
11997 26298
16879 18872
1773 20945
4287 25636
1590 11059
8905 12124
11975 15286
27913 28035
14133 18815
6069 23767
440 8959
7407 27557
4997 23663
1745 17194
1515 10462
6417 13214
7595 23932
9472 13988
19594 19610
24147 24298
4361 23143
8772 14208
4271 14350
19978 22931
23930 27774
16329 20204
1988 3235
7489 20437
16608 25205
14136 23259
14481 20308
7736 21835
115 11282
11797 16717
1755 6898
17507 21864
17509 21473
2647 20384
9226 25564
7040 25306
396 23365
3788 25336
9701 21647
11809 16402
14997 25519
13832 15907
1879 4312
18061 24062
19939 27934
11862 27407
7166 19275
10100 11153
2087 12356
17585 20096
3712 25366
4221 16340
4289 16976
19639 20258
25954 28222
7809 18454
25956 27955
11521 26901
650 5756
18820 21849
7423 16214
2646 5196
11450 21861
3121 4626
11627 26706
23225 25833
15603 17904
8451 20639
4416 13976
850 21646
2582 25848
4118 17502
11908 21351
3617 5843
5691 21902
293 26994
13455 20711
7400 19502
10837 15064
14989 15308
10511 19630
11741 22959
911 22464
17139 23430
22634 24127
14770 23584
5084 24500
2412 20268
8895 21351
1321 11872
1775 14961
3965 7264
10022 27520
12244 14546
23553 26077
8297 26698
64 20024
311 7277
15660 17271
3239 24175
765 18267
13300 16600
24335 26169
4577 20324
11541 12812
13802 17639
1845 16453
8630 10876
14055 27899
18883 19598
18910 19795
10381 28167
183 5929
26312 27107
11157 14930
2648 12216
18225 19439
2518 6914
23601 23799
17791 23807
13093 22481
15897 17286
7643 15085
7498 23561
10536 16991
21798 25976
1851 26396
9696 15022
14647 16345
11444 27527
11878 27710
27547 27773
7349 13033
14577 24374
2031 26543
14287 25167
9138 26509
7929 12153
10729 27042
2940 26014
22416 22581
12093 17584
6365 10652
4218 21651
5347 26688
3753 7820
11439 24980
2712 13954
12341 14168
2037 10459
200 19935
3051 28060
14153 27517
15003 21014
27247 28205
4346 23007
11711 22245
1779 14180
670 18795
15292 23728
15357 22511
6517 18791
8872 21885
4548 5815
472 24774
1541 6128
9098 27761
6685 8249
1133 21915
1621 1851
1317 11969
9174 24363
18029 19503
10695 23134
20823 25571
15444 15749
17541 25453
13328 17420
396 26341
4954 25273
5825 8711
11712 24631
7152 7555
11551 17847
3882 17782
13686 20002
4422 28014
12383 18541
18886 27705
19918 27013
10344 18817
22163 22565
3789 4335
7495 19337
7702 22946
8746 16964
13860 13910
6004 14713
13623 14840
7410 9518
22206 25254
17823 22871
25699 27664
17678 24150
8802 20046
7277 18063
12860 24904
8707 21159
10825 24122
3800 27795
10920 15244
8437 21094
12834 14987
1181 10266
12119 23213
618 2325
17560 19123
9055 23455
523 15084
9038 22374
6915 12403
14228 25219
12602 19233
3927 13617
9114 22960
13032 23730
3635 5438
2022 11281
21952 23429
17073 25564
18298 20973
14480 24118
6891 9847
6013 27514
14851 18029
15011 27536
15991 21235
3734 14024
8550 14155
9992 27490
14694 21893
22775 23653
21739 28114
6876 16314
8957 15355
4917 23983
7144 27883
9157 19576
2530 18083
5775 10027
7381 22031
19712 24677
898 6161
6865 10965
393 9025
2475 17598
16803 27465
18461 21583
1772 14767
2423 26177
14901 21126
25341 26265
7081 26765
19670 28085
8151 11831
1067 25321
4919 23161
2221 16954
13038 26710
6869 15856
3 9093
5007 10200
6577 25857
7185 22127
13334 15762
5078 27418
6695 12965
17106 18901
8202 8304
22020 23461
180 8931
8577 22897
21633 27013
4043 9505
15639 27016
7260 11781
14862 23502
20876 26503
12293 16328
16467 25837
5485 10296
20568 25314
20118 24676
6229 16688
4550 25214
21074 25329
18185 22965
1506 17084
8188 17635
5705 7976
6495 19169
10203 23783
7360 27715
1456 6715
142 8471
958 6981
7524 19374
10216 19061
2547 16615
10270 15814
3466 4568
17961 27494
1850 10263
669 2304
439 2753
2413 22140
8511 22575
18411 24576
3501 27844
867 17599
9421 12835
12369 16040
5382 19331
2240 16905
8057 14807
12124 16944
9894 25068
15857 17141
22856 26312
16909 23451
3311 4507
16125 24161
11276 24127
3606 19948
15543 21788
10086 18427
6549 26743
3071 16413
10623 22593
9881 22716
1824 15611
10242 10952
9260 18535
16326 28238
18521 24474
4605 25937
926 4205
14064 23915
29 10740
15102 23721
143 16571
1672 20640
1635 2250
12377 25732
1105 22042
10282 13343
23892 27197
852 20883
5854 10680
15694 15788
6587 16472
18080 19420
11592 13086
13973 22230
4030 13622
8801 25426
16603 25760
505 27087
21003 21293
7172 13841
1692 23094
20916 26513
4307 27497
5984 22221
9252 14716
3735 12069
9062 24952
7890 25240
17852 20833
8381 24706
11967 15529
16276 21941
2269 20390
7728 9022
634 11541
11987 27390
3728 22338
14014 20288
5326 17966
3210 21300
13822 21701
9368 9616
1380 22272
7031 7412
4237 8956
6209 9949
10794 26661
20624 24280
4149 10393
660 21891
406 14242
18521 22255
21369 21886
2066 24197
3789 12402
23445 25808
3762 7199
6931 23553
2929 4721
11369 23424
2709 6367
6229 10837
5943 9662
9528 16596
23007 25832
8372 11746
12228 24589
26461 28205
15141 20953
2647 22989
10248 26754
16194 19956
4236 26908
11224 25611
14424 21545
4422 25329
2407 5572
18626 27198
396 2787
15693 23585
2475 8368
1727 17652
14635 27129
3319 4469
21000 21878
2065 4321
14203 27148
4288 5971
3496 23995
10908 26553
7277 23566
16447 21195
257 17304
7311 25035
8990 16989
10541 23409
3484 26578
604 25614
5881 22227
9998 27179
10054 21242
13183 26098
6832 23686
897 22874
1887 24448
11729 20608
3997 15376
13214 15282
4564 22729
16014 21712
2635 7410
9074 12581
18541 25204
4945 10348
2505 14555
8698 15853
23752 24872
24232 28039
101 1641
1880 20742
16282 25750
7532 12733
18824 22392
6491 27792
10187 11661
2724 11628
13344 22319
18679 18975
12490 23525
11705 19155
22334 26676
21409 21990
2260 13465
9526 18342
4178 15736
3186 25986
18931 22285
7753 18788
9923 15950
7849 18673
4404 8291
6966 11261
774 17512
5308 26389
15972 27514
8215 14333
8083 8923
686 7635
15736 21855
742 18972
3160 10447
18698 19995
12964 16216
12980 13918
6248 27596
5196 8939
6261 8806
4774 14759
22425 27117
6074 12425
5082 7497
8248 8370
3310 25658
4693 7987
9908 21489
2992 22071
10887 20264
12502 15281
3507 25299
11740 16008
9268 9368
569 2202
186 758
6604 9033
2764 3589
5617 22705
18669 22071
21598 25967
7928 24157
3265 4061
2349 18169
554 27763
2045 18811
16369 22326
14656 15943
3432 9088
13282 26097
1871 2087
3620 21971
21438 23722
789 5453
4600 14010
2150 9356
5583 27594
4343 27641
19004 24323
13553 19662
1683 12596
19513 20331
12757 23829
4258 14393
9523 13872
11744 16759
476 6241
3147 27875
9614 16162
2187 5296
2182 27504
15808 23269
6385 25009
15822 26363
6253 19982
15882 23075
12674 23016
1137 14865
6236 13417
11259 28228
3780 19764
6127 16210
13347 25064
8990 15550
7015 22131
10230 15075
13890 21438
4370 9166
906 18474
11636 12397
1253 11262
26634 26995
10244 22935
3625 18950
22339 24065
8451 10911
2344 5775
9459 10229
7386 14344
12676 25580
18314 18591
20311 22299
6848 19705
9961 13789
2160 7348
16766 22677
1621 7523
12792 13876
1858 14773
8589 18319
14407 25596
1080 16904
21393 24005
8802 11696
3622 5196
4257 6546
6412 8465
3129 14469
7987 26413
4634 18336
1275 7130
11255 21293
17524 26737
14390 16229
7926 21405
10018 27146
14240 18751
3944 7935
14777 27091
6013 15857
4489 9127
10871 18260
5707 24398
4592 10099
495 23345
2518 14215
9970 26580
7101 26330
4218 24738
13910 17355
1 16211
16859 21700
14029 25753
2518 17169
12488 18644
7350 13999
13437 14097
21012 24369
3565 13609
2981 25306
14104 21203
6416 15883
6454 8816
17461 17969
280 12440
5984 6848
7987 10876
16092 24657
10007 27787
5 7029
2066 14555
6295 10882
25034 27811
16989 21391
7189 25052
23410 24061
13306 20979
15869 21246
11166 11240
3102 11639
20564 23499
26620 27508
16955 18199
56 5747
17787 23782
1270 21404
465 21761
7247 25262
6461 28200
17174 23571
3995 5134
13794 15410
10920 17647
7721 16498
8588 24042
19857 25652
6904 20966
4732 5680
2410 13600
1349 5724
15996 25283
4061 13291
7746 17198
12244 27867
15892 22782
2150 14305
11080 18815
1814 21026
1036 13809
24288 26640
346 23980
872 3027
1511 25470
2852 25978
314 11181
3210 19699
6771 17979
4273 26955
19443 21387
18366 23469
11356 24861
9429 20390
8290 24910
7320 11657
3465 5352
630 5128
2170 23520
20664 26095
17848 25749
11614 21685
11451 24443
22298 27133
2458 26808
8592 23949
17803 20046
9757 18843
6239 20355
7898 12927
9636 17662
309 16455
369 9572
7489 15701
692 8478
14291 23556
9214 21725
7877 12936
15817 17700
5472 21742
13169 26829
7330 16473
18322 20251
127 11989
1810 9479
22848 26016
20373 23628
10624 11720
9524 14203
24584 25254
7386 25626
7634 10298
15280 22748
5397 11092
967 7205
11471 20099
15666 25608
18001 25414
9696 15267
16249 23816
3882 13381
8228 24069
17790 24391
11286 14265
2518 16910
6876 26929
4137 9717
17695 24131
22907 24415
16453 27153
4836 12288
3781 22167
9927 24575
5662 27891
9205 21760
12479 25054
2438 5422
9751 25875
353 17020
3932 10434
18305 25260
19952 27678
6215 18320
4423 18210
5466 14716
19242 23483
220 25810
825 20661
2776 14273
19160 26988
5984 23345
24032 24445
17973 25095
21611 22940
20337 26444
7718 8443
9047 20057
922 13141
12657 14997
20504 21257
7905 10540
3282 18678
7172 12047
19164 22300
21123 22787
173 14893
15650 22739
3665 5327
7140 24195
18371 26688
11597 17437
15508 23521
23194 27765
6692 24904
7635 21113
3394 4075
23688 24676
20783 21298
12956 28044
18952 23106
257 10929
12531 26838
18290 25009
5680 15814
352 5284
12671 18443
9002 26735
4205 9850
15977 17304
3354 24659
2099 23004
2230 27657
7539 18556
4301 5971
1181 8835
714 15461
4590 26862
2162 27867
6087 26262
3738 21252
7471 27128
18056 26964
3718 13195
12078 20948
17837 23910
1645 19257
2764 22325
205 25729
10873 20773
985 27811
23719 25703
16591 21631
16466 17013
3302 17521
5506 8356
11625 19272
2813 16377
396 24329
12801 22015
11463 12410
22012 28272
8233 11941
12512 20701
2111 26192
6239 9553
20818 21798
8029 23264
476 18356
7556 17237
4365 12672
7139 13650
23719 23954
23809 26155
887 11364
3432 13262
3296 24645
25443 26265
7950 13158
13015 19287
22855 25629
12629 24867
3122 22894
5398 26514
15188 22897
780 24299
21574 26358
3728 11369
8986 28162
3712 11094
5300 12860
2527 10707
22996 27932
11126 26558
188 8669
1970 18485
24158 25894
13343 22130
3296 14998
16194 23663
1116 26178
5682 26627
2225 8598
1508 12241
4340 14511
12498 14672
5658 25727
14746 19576
15076 18408
3806 27218
5196 25666
5920 10382
24711 26747
14993 16488
4125 25174
9702 11274
425 7350
7769 17237
4949 18956
3477 20125
9141 9526
16401 16671
19620 23417
6631 23402
2552 25288
13223 15758
6188 6489
17114 24947
2980 23289
12108 12151
4237 17938
6773 19195
1361 12656
3990 21673
5897 16271
3820 5466
2132 15705
22625 25410
2518 5617
22425 25067
1515 2677
788 28056
2882 25108
6946 7145
15561 26037
1797 2270
3357 9252
664 5344
5213 9776
2016 8429
3560 7160
19565 25049
240 14772
1112 12933
4597 14412
7524 18984
3700 6056
2882 7861
2321 5052
9536 27368
4624 6235
2050 16762
15366 22255
3169 26322
11440 27722
2458 7525
3098 11212
16823 19219
9053 28181
16772 21296
1722 25595
7953 22763
5782 26526
1066 25368
24904 28198
23116 23721
1510 21637
10425 28026
7368 9463
11169 14383
20162 22379
9939 25725
3819 20657
904 24638
10244 16232
9923 21550
6349 21780
6034 21446
9759 10183
1920 18481
7703 15697
6691 14817
15074 22567
12161 26807
15668 16529
2660 19509
6053 23719
9946 17051
3803 23520
2373 16049
13181 16259
4720 22080
6492 23825
4577 27316
292 10264
23923 27173
16676 22420
11603 27592
22295 25106
48 5448
13374 20500
7543 11415
1286 22265
14944 21029
2160 8772
17028 25505
1103 3828
7096 17859
21250 23442
7804 25349
5595 19712
7848 11657
884 6163
19825 23146
846 6636
11352 14115
18641 25617
10974 17220
8246 21473
11865 13488
230 1624
6268 18305
17398 26013
5978 26199
5791 22799
13909 26913
17966 22078
1507 3295
12228 13343
16850 17575
19910 26672
20292 20504
7227 9563
14167 24104
910 23926
19053 27762
18878 18983
5522 25299
11111 27643
8521 11033
5832 16389
3049 13727
18370 24247
13428 16972
17766 25036
12560 26497
26285 27168
4737 27155
422 3463
19736 23254
512 7423
13364 22565
1719 17791
4067 5775
8785 12538
21312 27886
11479 20715
289 21804
17694 19314
13697 18832
20137 25946
14113 19335
12383 15366
5308 13329
11856 21946
302 8024
15659 22334
14114 19320
9201 12935
18227 24911
7384 23461
2671 27807
8708 16863
6222 14997
5284 23560
1356 10115
4442 5055
1757 14193
21063 25093
2022 14657
20329 26053
4371 13578
2015 2370
5617 9328
9906 13468
11859 24028
16276 16353
14891 19971
16181 18187
1201 12171
10630 11113
7362 19285
5454 19564
6898 10660
341 14796
2518 24846
10442 28009
3979 23904
7954 25857
4424 9429
17120 20289
20099 24005
11456 16162
9858 27782
7803 17058
2093 5403
21269 26413
18319 19262
9662 26731
14532 26343
5852 9878
11444 11989
12839 17870
18412 20224
12063 26724
18588 22469
3361 8868
17146 25108
10751 22824
19280 26346
21505 26358
1 5011
2469 4770
3997 27867
1 23019
12472 22824
4477 26615
25494 27499
3592 22131
19362 24095
2145 10522
2474 15416
6448 26812
9063 12030
1887 7115
828 22025
9922 22990
1575 4282
7885 20355
2379 18758
25543 28008
14445 19348
11880 23890
548 15549
14728 20959
4537 26565
9569 9795
9895 10989
972 6362
7577 17543
1767 18743
2602 20816
4476 21293
17220 28044
9663 23576
1014 2169
8229 11842
22638 23271
15069 19130
12742 25962
17164 23738
19206 27915
27316 27603
21753 23237
8039 14196
24208 24379
568 13367
2483 12963
6487 16727
10823 15906
24794 25340
24122 24677
12356 15591
17996 23104
1529 7596
8403 10654
1375 20937
8416 10318
3401 14954
12754 14129
4352 26740
8533 27101
11989 23983
10363 11026
7796 8939
9084 25270
458 4480
8120 17966
2470 5262
8035 19558
18995 27329
3219 5890
2162 16420
45 9231
7950 17963
113 11378
7286 12139
23574 27324
17010 21545
21690 22020
7550 27792
1744 18811
1568 21602
1613 17492
8188 27266
813 3872
18963 21427
10616 14599
1375 10961
3864 8801
11727 22254
6536 17787
9436 26640
7698 11030
1590 16530
3121 27382
4091 27686
5731 12452
12114 20713
258 20550
24065 26284
2139 22448
11039 17637
5292 5996
1782 13707
24688 25144
20668 26180
10848 12068
1198 23469
19015 24073
19600 21671
23422 26719
10956 19121
10435 25433
11116 15422
3059 18717
6495 26029
8249 16568
14666 25397
8280 17745
1185 23175
1791 1878
11006 22311
6380 25269
600 4999
826 23138
2373 19014
17700 18529
3215 8216
11050 26265
9582 13506
23241 25418
11535 25830
4612 21681
3667 4732
5086 24339
6363 22201
13810 24774
10062 27418
4626 15682
14911 22611
22183 28169
1426 10517
20316 23037
16091 24482
4532 12489
136 26611
3903 16957
21729 26964
3867 22285
18679 18692
14796 24069
13926 25167
7411 15617
1624 27834
14091 19434
13015 21506
21148 24665
7061 12983
7076 26131
5127 16036
3366 16289
11619 14474
5168 24674
19409 22153
456 11026
2381 13253
15822 22311
1060 13028
11250 13463
17259 20981
14894 25903
24 8948
1009 8820
10419 12689
17801 21258
4324 26513
1223 9356
1239 27927
1075 20771
11132 22499
22020 22901
5161 6531
11772 18366
17302 26736
19781 26745
12597 24061
13970 15271
3358 24357
26245 27312
10981 18386
5978 16038
1197 9922
8870 15853
12664 23875
25433 27152
396 20301
17847 19712
914 9963
11682 21952
10844 16564
23144 24127
26515 27630
5377 9155
17586 20009
9210 24673
4484 16016
293 4197
5973 6202
27084 27569
19874 22436
3526 11142
18050 22696
17259 20601
421 14358
6931 12533
13689 17014
2957 22192
14194 24504
4129 6099
8140 26002
4329 17562
14989 15346
12024 15112
1530 1607
683 24558
11052 18274
7426 19141
723 5457
10145 13476
4265 21205
23099 27879
26945 28277
8284 24259
609 22142
21882 26707
855 13553
3727 23741
3744 18316
15996 18491
23208 25981
16263 16342
6557 17164
12341 16386
12778 25670
22707 28280
7789 14280
5466 8054
1674 18014
1876 15220
3337 18557
3157 10292
6227 22930
3162 24665
3269 7987
904 27093
1771 21209
7885 17963
12031 21717
8249 18468
19273 21513
14688 24706
8441 23058
19133 23653
5978 22640
828 4857
495 27821
11510 25745
4765 23664
3727 6872
8730 16774
12371 25984
1558 21016
1134 11672
1748 22254
13282 15808
4886 25836
24136 25443
14634 22468
18925 21534
14681 26309
19759 20953
13210 21885
3816 7020
12288 21880
5756 25468
8456 19175
4039 17318
18780 26258
1604 7615
5004 11953
14534 18319
8161 14694
19382 25435
5802 21831
13004 15493
3753 21945
14228 19502
3961 17779
3039 10698
14520 23803
6526 18342
8443 24659
10982 13440
10313 27530
1486 2764
16095 17477
9710 11683
30 4717
1228 19459
21439 26053
17803 27129
242 2721
4402 18177
13091 26068
8331 12324
11091 20179
4068 16926
13095 21258
12218 15446
13988 26273
3643 18732
9968 17214
654 18904
2547 16073
2483 14987
1852 22425
3872 15531
12689 27034
9638 17394
5389 26495
7021 24068
5815 12726
5854 21954
3337 9772
6448 15188
7350 21712
9553 15543
14390 14559
3651 19862
4626 25636
15015 20321
505 21481
3845 3953
13984 14962
2948 19948
5174 25200
21910 25525
10937 27046
3778 12729
17420 28238
264 1741
1925 7367
4604 28095
220 26358
7988 18351
1605 27406
1132 15173
9834 25879
4677 6826
22296 22841
20657 22322
12110 23082
20582 23265
2986 20667
16307 22992
843 18996
10560 15037
1020 12373
10026 24062
2701 21094
5578 27847
10494 14838
4162 24139
18787 21310
18558 24589
19639 27087
8281 11450
14631 26580
12685 21716
14961 26147
3092 22159
1066 2526
4968 11263
10370 22469
1450 2438
4827 4944
91 24164
3357 4061
2906 27920
2832 27441
13728 22315
14066 23754
5350 19142
15385 20280
4336 14116
2759 20417
193 10739
6132 6182
20083 22362
7061 17999
8479 21248
13372 24337
17536 26880
1417 17146
2267 15983
9238 22227
18458 18972
8334 25930
22180 24127
17092 18718
6549 13681
8081 21076
1686 2627
1382 12335
18520 27233
8785 15376
7927 26737
4081 21682
193 24136
5316 27660
14355 23183
19909 28116
18015 22650
26815 27643
7600 23298
12121 21228
3002 20922
4274 14390
14853 28182
13716 23932
2247 23829
7635 14033
4316 18811
12008 18033
13852 27857
2599 27455
7021 18787
24939 25825
20906 26083
9631 24005
11140 12271
17769 22591
7836 20670
16799 18255
24648 26519
1015 26608
4172 5602
15851 16385
10559 10767
16584 19614
19741 24886
14445 23932
25581 25732
4770 13407
4705 20893
15893 27540
8959 16780
4822 22379
13565 21823
6928 24340
5716 9446
420 2458
7708 18649
8182 13619
3376 22407
2874 14280
14048 28215
17263 24280
15252 24949
11963 25666
6832 11250
12506 13235
1104 3762
7603 27681
1018 25089
16214 18876
6424 20409
15376 21149
18920 28014
23491 27041
21438 23932
1033 22829
9753 24460
16743 24866
11994 23333
6028 25200
514 3019
20821 25273
20159 27467
11666 18136
2701 9915
1754 13305
22761 27405
12093 21380
6530 18556
6237 22399
9480 19183
7246 8251
3892 24131
1178 27561
7290 24131
974 23415
8807 23585
340 1741
9884 12835
3634 11957
9847 20572
15470 22871
10676 22983
3026 19386
1448 21603
14911 17307
10971 12099
8479 23553
20789 26869
6012 18556
5614 13810
11050 15442
5175 5832
11039 17692
13293 18905
11771 21493
5681 24160
13465 14549
7176 24127
17319 20031
567 17731
7758 9590
12632 21915
14272 27422
6808 25568
6055 26851
7491 10827
1596 12269
15128 17416
1600 7768
14198 15852
17145 20527
7031 25127
24608 27279
11998 23784
12437 26003
237 16003
9342 27035
4587 12983
2593 16150
15297 23926
6177 11758
11008 27406
2936 15297
16457 26861
9044 25838
18406 27565
2922 9688
17022 24232
10917 11372
2466 25302
20805 22581
4036 8104
16276 20081
23619 24616
3086 19423
10119 16526
4162 13164
2885 27797
6879 25059
6188 28099
9388 21803
2646 9980
588 20860
9614 17707
26404 28094
15853 27419
5637 19091
9666 12879
5734 24241
12300 18679
6204 7465
2671 18554
11030 22210
2243 15472
24206 25902
2009 20720
3121 13756
6609 18160
11408 12954
5694 10833
15660 27066
6116 21829
12363 19326
5670 7132
4572 17438
14672 18050
7836 19185
19154 22985
16296 22340
12837 18647
3580 17851
9777 10812
625 25821
13681 21826
5691 27458
3401 18366
6667 28179
6889 22462
6848 6977
11812 12155
17061 18347
4144 11499
6495 7611
1940 27080
1112 23016
4214 24245
14827 15443
8279 9528
16261 17456
49 26244
9786 21960
9904 18541
2986 23298
2769 14224
7029 25982
12307 28140
22118 22390
21014 27559
14335 19205
1056 27705
19691 22575
3203 13472
18947 25204
12312 23571
15462 24617
6594 10741
12561 15325
4156 22591
19748 19913
1239 7635
12274 19767
10279 17530
8011 26897
19147 26751
851 2132
5084 15985
15370 26380
7101 26314
8251 28108
8145 26518
9300 17587
21421 25042
7342 20480
3089 6601
2112 8156
8297 18939
16901 24451
396 24069
13038 19183
17787 27642
7603 25445
7315 19748
9020 9127
9314 26640
11331 23024
1106 22409
5247 17919
927 9918
7571 14688
7111 14129
6220 6775
2227 7798
10638 23390
2172 25834
22565 23392
21712 22031
2596 8115
1851 8880
5150 13762
12492 26094
10965 14654
7744 14003
10279 12828
10008 27865
8493 10922
711 10531
3257 13370
14342 16567
18752 18810
16961 23279
9847 24028
25433 26651
4233 8939
10946 18630
16760 22811
7417 7726
17863 23521
5829 8875
2791 17278
8411 27460
2022 7429
11425 18458
4993 11143
8031 16072
22135 27168
4502 8380
10326 21478
12241 15030
5717 16938
11457 19549
2024 19869
14606 15508
2586 13397
2308 25505
22334 27464
3779 11283
15144 28119
10519 24884
16686 25229
6743 10916
12128 23152
15392 22956
13336 20158
10464 19281
7060 23688
1096 25480
14053 21053
20849 28044
17340 25667
10076 11229
20162 24127
7975 14672
1289 24044
6695 18102
13021 21438
1789 18945
3390 16941
13367 17641
918 13173
16602 28147
13493 25344
18934 19996
4035 15442
11030 22205
3141 27867
9105 21623
815 2246
8746 22900
5117 24934
19569 27198
4849 19469
12517 25330
4355 26077
9214 13845
1125 2132
2293 12754
11057 26419
6147 7468
9685 11552
1 11558
1951 12023
9683 24131
11809 24028
14429 27701
3398 14794
6703 18036
15623 19264
11311 19736
2302 5691
12284 19683
953 16040
10309 11180
7005 21201
26439 28031
14792 24182
793 14029
2009 10659
14519 20030
1350 21693
10720 20947
11399 25636
7783 27702
8470 10543
3253 3828
1795 16581
4328 7498
12792 25636
4493 7017
5989 7929
5509 28066
7002 27503
3329 14497
19941 22485
6163 25447
4492 25454
8669 25725
3818 16047
10097 11963
16525 21503
24056 24241
23932 28018
22273 25649
976 21829
4700 16664
12737 16288
9362 23819
16369 25564
14025 19784
3728 6106
8324 23662
12129 23518
5511 16910
24053 27866
3599 12994
15376 25732
9189 11651
14519 17109
10065 14537
7176 14598
6176 21074
10166 23914
12318 21992
9846 22766
12705 24158
1275 10061
11080 27688
9241 16832
9552 22506
14996 20054
19205 20497
2067 27353
17 1654
7065 20556
10352 13707
11781 14155
14110 14948
2518 22729
4445 24502
2750 13681
841 12581
18517 28055
9662 26417
13245 13313
23470 28039
7439 12551
2708 12656
20481 23254
9361 26768
24378 24950
2413 9127
15549 26823
10951 14843
22965 26717
6931 23929
4591 8187
8508 15952
14383 18884
14380 27987
14955 20904
19421 21764
6478 17560
6303 24005
8775 17067
17607 26865
488 4054
18280 21149
10652 18475
19445 27474
8478 28056
6226 14360
14598 14631
7401 8974
6841 10302
19289 27702
16640 20384
2813 15120
14437 27016
1417 12171
522 24998
6848 8495
17823 22845
3820 13086
16037 22040
9001 10760
9252 11535
16018 16550
8872 27503
2375 15686
17169 17768
1519 27042
6879 21079
17762 20670
10833 18547
17092 24112
268 22449
10559 20675
1756 7229
1719 18319
18676 24836
11106 22855
12576 19662
1755 15399
17681 23928
8816 16845
426 25555
8923 19289
12606 25927
11158 20422
13800 19727
801 19269
6841 12288
5484 9236
13101 14304
14288 21050
9410 22771
13564 14912
20444 25986
10381 12796
13345 21333
7321 20045
19274 22194
7468 16276
2686 8324
4524 13468
3121 12448
14104 21864
14457 26616
4422 17421
19712 27821
7114 22425
1477 9934
13038 15542
18998 23600
967 8035
4408 19893
2031 13371
12437 21690
24662 27456
12952 26020
12679 20849
920 13093
731 9925
11686 24774
1920 6587
7327 25283
1138 9263
16362 18434
15128 17115
3197 12864
22688 27016
19271 26777
11674 18133
17067 27173
21998 23233
14604 28092
4737 20162
9660 10146
6437 24843
9524 20701
6961 20343
1349 14033
8589 24874
1933 15633
1412 15600
12426 15031
3141 15376
15249 15845
13010 20592
20722 27579
8010 10290
16673 20308
10296 25735
11307 13055
6672 12194
7031 12187
16827 26617
6907 22956
616 16946
18947 27259
3469 22498
9238 12126
4973 14335
13413 24113
17836 20087
1385 25232
10538 12633
19633 21853
12811 23706
10131 19635
12437 15952
10517 16527
6727 23004
972 9958
11409 27274
11079 15492
396 15580
5966 6177
635 3169
2385 5198
9356 16102
1732 18392
8243 24616
7357 28085
13415 22780
19753 25626
13212 23395
11430 16805
12140 19527
4072 9829
7576 20565
24241 27853
9760 22411
23275 27923
4017 19843
3338 19753
220 17938
3727 12499
1278 17177
11859 18669
5104 16861
13681 18507
936 18461
11073 27868
14358 27224
21080 22951
16411 26585
17763 24708
4076 19893
11653 25956
1497 7461
429 15711
9049 15968
23356 24252
10900 17507
18704 20476
20016 20633
16901 26341
8357 13847
6408 14955
18386 20992
10956 26027
1456 18380
8933 27366
495 7075
3382 11445
7005 12033
12110 19847
2744 23897
1768 27328
1902 25847
3156 6402
2456 4356
1049 21748
14804 24068
3772 9614
10118 18485
17166 21790
21369 24035
10647 20239
10764 19373
5327 18679
14954 19871
5262 23708
187 2050
17001 24617
3358 10483
2262 16854
15717 16584
4531 11773
9338 12708
9209 15735
5978 7728
3648 14625
12651 23807
4753 18496
12056 12423
8451 11311
10389 16986
17914 26743
1985 20567
369 12642
10127 21715
1204 26074
21972 27931
21636 23543
12759 23498
14242 24069
181 27007
259 5918
19714 22564
1234 24061
18850 23415
13751 26098
16193 26838
8256 14563
2852 23639
8764 18380
13328 16241
396 15603
25043 25410
3414 11368
15422 27658
8667 27502
16441 18855
6737 14064
14644 24521
18402 27929
12350 20355
481 18394
18799 21300
18720 26954
1050 19147
6773 7568
22570 25321
1138 19775
1 20689
7730 14612
5392 11708
7975 26201
13878 20980
6003 19311
9820 19382
4072 21000
14334 19286
6872 9482
11003 14040
14055 15916
1293 3289
8054 19830
8142 13507
25525 26689
341 26476
17397 25365
19657 27811
8349 23056
20689 26930
3947 26559
7360 9762
2288 25468
6026 23445
19421 24611
14798 19760
24412 27841
9067 14390
17303 23275
994 18046
9693 17121
5815 20296
12034 17765
4287 20786
1959 16955
16092 23122
21000 22545
16942 22744
14471 22082
1543 18598
9499 23707
4693 12610
5206 22311
13093 14074
23309 24613
9237 15301
4770 14012
10225 21326
2624 7975
1068 10370
6059 22464
246 18474
8972 26838
17253 18050
6801 9906
11218 19525
6914 18497
22321 27993
18224 23330
3337 12077
7121 23502
18945 19753
9148 26200
17080 18714
16922 23799
381 15693
9427 17975
14683 23358
5293 18496
18305 25432
6809 16739
2375 22829
6026 27926
16421 17351
17788 27113
9842 26074
17169 21955
10453 20718
18050 26663
650 2406
19992 20367
30 20523
19913 28215
7396 9391
5042 9150
17902 19494
13347 19192
16739 22198
340 8806
14226 16939
15808 25759
1123 28203
14082 19972
5665 18044
13228 18818
8349 9625
11722 27905
15679 21696
5499 23952
898 1188
86 8756
17737 27563
9867 10333
847 19133
6517 6876
3781 11128
6279 25025
21506 21944
2206 6622
21692 25214
1716 22770
12660 24451
70 4161
15123 23369
4178 26061
23914 27744
5288 15731
7720 12156
10875 12879
9813 13585
5688 8750
1503 10646
9218 26604
4003 11743
20764 27815
17619 27752
10846 26546
10815 25432
3149 21806
918 23327
259 25220
3437 24136
3741 4864
18219 20230
113 17952
9260 28277
13387 18402
10800 11508
13579 27961
8785 13203
19143 27912
13401 26152
7987 14971
2883 24698
9574 14407
2938 15644
17198 18095
7497 24752
22162 26498
17222 20179
20366 27775
2926 19824
2555 3944
2460 5531
14419 18033
16117 28217
12372 21213
2144 20813
273 359
14748 18867
12194 14257
3622 20837
10394 19609
23882 23933
8036 17407
7212 8290
7050 16517
11989 25919
11150 13832
4694 26055
5353 5643
18682 27867
5701 26094
582 20332
22696 26463
962 26131
521 10444
1163 19534
7318 8377
896 1405
9479 12304
13739 25338
4265 24741
14489 17319
1690 16957
2351 22953
2666 16374
6107 20299
17769 18358
21744 24904
912 25280
15426 24104
12983 27208
19594 27871
9221 20398
9104 27086
17787 23679
22095 23392
11781 13135
16955 21823
580 18879
16091 22652
4844 17984
15571 27929
13711 19510
1469 5864
3987 26235
12356 20144
14666 23672
8391 11019
973 6894
14558 22040
1628 27016
406 13105
3427 18798
5113 25011
13603 14539
17423 24384
17901 27507
2093 15749
5160 21056
18902 19017
2244 28194
1174 20672
987 9286
18305 19171
3186 26666
12753 27899
14302 25137
4313 8364
18911 22255
5124 24430
18816 20638
4101 19712
7389 22570
7187 14203
6975 22605
106 26409
15281 26539
10239 22356
10713 13557
8492 10323
12228 24096
12092 26798
14981 16152
15749 22538
201 12440
7346 12228
15825 23265
5710 6299
3854 21494
12253 28189
7869 21053
11124 13844
20272 26888
9349 14616
24904 25824
1977 23712
5965 19530
16457 27863
10434 19567
15468 20537
9426 21309
14228 27129
14568 20800
3090 11851
441 15820
13392 15376
3424 3946
12674 17067
5115 20258
1030 16589
3873 12956
9070 24477
14853 25272
3862 24551
3995 12037
6528 17760
1733 27362
3638 14179
2863 13844
2163 13529
19047 27560
7651 10743
3919 13228
2826 16193
25330 26597
925 16748
9012 9271
4185 21374
7236 21057
1360 19850
2542 25459
10346 18539
11416 12428
9847 16555
19861 22625
5696 13836
3453 19683
1426 19899
8479 23929
7241 18314
1640 20744
2320 25755
1368 11063
2350 4253
7152 20393
1768 5468
13099 26374
11795 14181
14080 25683
3480 11417
6760 8155
4774 14820
17501 17730
11113 13906
23318 24274
8958 19205
1085 9185
12939 18131
12612 21387
3188 5719
3997 10282
1429 4853
23140 25653
515 17615
19448 24136
1800 22479
18472 23994
16288 23760
16986 21798
2040 19171
7772 16108
12454 26927
9301 14280
808 22224
8990 10727
13127 19734
17458 26532
19086 24795
18133 26798
13598 20676
5660 9626
14277 24061
5691 17880
5003 18465
8108 26077
2015 19181
9239 27567
18876 27570
6392 18963
6177 14809
17798 26892
16550 25966
13044 20064
13999 27793
6526 12389
7363 24611
19610 20008
7875 24795
5876 15327
4029 13249
4689 6177
13523 21654
17529 19914
2418 2964
5427 25680
10672 24915
7429 26986
5485 7615
6237 14229
7804 9553
16565 17296
6897 7783
6568 24450
10920 27954
3231 14418
7707 9211
11996 24836
180 5461
2647 19432
1432 1613
6503 26591
546 17889
4060 16504
4092 21156
8818 16276
13597 19934
727 20614
21029 21746
689 1349
10935 27795
14753 23997
9061 16118
1609 17787
5918 7977
11987 22983
4240 25280
17032 18919
22277 23896
3605 23915
1733 4498
19369 20688
14782 15862
1199 10200
1410 19612
9621 10531
5028 28195
6860 24554
15610 27497
3852 16814
953 18871
10917 22983
4395 20805
15741 18280
24577 27089
3934 4448
23898 28000
9063 9895
9535 17826
545 7934
5680 24612
3608 27205
3845 18273
1551 13930
1163 1786
197 27886
13193 18521
6657 23708
14689 25876
12162 20366
7772 17956
3413 25043
18369 20144
9323 24280
17507 20205
5923 18679
15713 18823
25482 28028
1460 5371
1050 18388
7997 21086
9569 11416
1853 9874
9410 16659
13557 19764
20953 26283
422 16369
11262 15402
5196 27221
5284 24104
18128 20163
4237 8802
956 3028
8603 13332
22702 23683
270 18281
8655 22553
2498 22738
2194 11857
4352 18178
765 4747
9237 25505
4216 11016
16520 26089
15499 24074
15536 24886
5461 8940
15736 25451
3719 24127
3810 17530
898 21886
3265 13155
7600 15561
17507 27221
14605 18787
23113 27019
7208 7296
130 1573
17115 22595
6523 14989
10128 25299
12346 19857
3746 11738
18884 26324
23343 25221
10348 14954
8956 19219
1092 10294
5003 7997
6171 21433
15676 18018
7531 24563
17202 24608
759 15391
2816 5451
3869 5786
2373 7377
13658 14393
6062 24863
9503 22464
11087 13087
4954 8889
10488 17725
16767 27307
25683 27788
14964 20146
24659 27841
13794 23365
21398 23721
6126 7375
6936 21125
10806 20490
8730 28146
9897 21753
7626 9285
11260 11497
1654 12823
1443 5602
8140 17162
1223 27795
15233 19184
2757 6350
11055 26860
18430 26898
7869 19982
20370 24980
8318 11997
14033 28084
11073 24474
18241 23249
8144 13480
3259 10109
7139 18265
15435 17587
1788 25845
6408 9939
1843 17076
3886 23748
7577 15967
15928 19874
20573 21026
1875 25192
11975 26071
8322 22700
340 24069
1613 4791
1950 24247
669 22511
5901 16065
5978 22323
1878 26659
19199 23866
8983 9179
8869 13978
13831 20032
8785 23730
843 1115
6745 16795
16184 25653
3344 25683
1117 11348
1833 14193
18679 23254
23267 25637
4391 12480
2572 25849
9784 18674
10547 19681
15225 17198
9563 9730
7582 20401
422 2329
3210 4198
26338 27572
9944 26531
16098 19411
129 1497
3287 19900
9104 25337
12948 23500
4671 22870
1772 15064
18567 20624
2348 26186
14923 17479
9416 12956
24586 27215
2010 12661
3940 26404
10125 27611
194 20020
8075 11551
13823 18988
13649 24127
14129 15804
1088 15148
11614 22438
1284 22387
4583 17186
1228 24379
1621 17507
8182 22216
14792 17350
2986 8223
15155 15690
1350 10706
9922 13482
14445 20008
3756 18589
3345 27068
15987 18250
4776 24531
22991 27898
175 13895
2302 18704
6294 13032
6771 7846
2547 10285
20261 20387
9959 28273
3882 26674
1754 23838
13112 24641
3622 24061
21682 22857
2655 26948
19294 19589
2304 12649
26120 27011
5071 18580
14340 17671
13706 15064
4579 11993
14363 24261
14937 15072
10770 19508
9336 11340
18676 24982
5441 7987
8588 10846
606 20682
16006 26162
17345 23172
17182 27086
23266 27185
356 5332
10404 24371
21139 25894
3647 3872
21821 26554
1281 17552
9569 12069
9530 17514
16584 26480
23194 23456
12092 24555
92 8746
19817 24444
2664 6172
23143 25309
14555 22663
13672 25453
22712 25031
23514 24640
264 14987
18567 20771
1902 27958
5217 24495
20685 24250
619 20160
10511 16496
4103 22481
7927 9526
15346 18945
5621 21606
7047 24395
15707 26017
13046 14546
9506 22449
2989 6597
19067 20592
15716 23549
1645 11098
1103 9173
5820 26628
12325 22329
13875 24882
635 20726
1729 27810
18070 21925
14727 23237
623 23919
2247 26077
19343 24180
24159 25602
20988 22329
10157 25504
7374 19375
13679 27329
753 15209
9578 27359
10838 15227
21623 27032
21849 22956
2455 9403
742 18926
11252 14453
1822 25703
23206 26182
4021 14611
8734 12871
19868 23165
18269 21852
7166 24422
6914 16576
12496 18359
12244 14835
12945 27758
57 10230
19819 26869
5731 5810
17499 25685
8785 18280
10093 21904
11063 28230
13788 26092
5269 8016
5879 17344
20880 25865
6703 20572
5620 14024
1358 3762
8372 25417
3741 26708
11542 23617
15239 19067
384 15838
9252 17773
715 18108
2189 26665
6305 10646
7921 15325
3446 4865
4148 21455
140 2007
749 5476
8460 24602
3060 22369
1112 20695
11817 15659
13521 28188
17990 20406
18302 24514
5055 12844
5183 23739
9923 22010
3419 4943
396 17250
7382 18522
8925 25657
10957 11413
4035 9073
20469 27248
3518 9631
2476 3922
5454 20538
11182 24908
6931 18541
1153 24338
13042 21804
2646 27587
15247 17496
49 11952
782 23696
797 20502
4557 13384
3630 15256
3033 9710
8087 14087
18180 25197
5832 20404
7917 20027
5587 8886
381 8751
4764 6556
2489 27923
11710 23143
4405 20117
15829 22040
19566 20860
14464 24453
2616 16185
18413 25805
2928 22321
13190 27719
3805 6918
17735 18160
5284 12444
1541 16117
4076 11743
20566 27316
8251 23866
7473 17730
18708 19443
2035 21279
5957 9064
16923 19479
6774 15123
4442 26950
11241 27242
7325 14477
5861 26880
10405 21633
6940 11193
3113 26682
16959 25334
10871 24242
8983 9365
4724 15549
3860 14769
19479 23520
3936 4581
26380 27766
11814 18917
5042 8086
11348 24617
13806 27495
335 20157
2112 5150
1027 3072
14705 22557
2672 15011
1023 12151
997 8515
13575 19154
8265 11987
4073 6069
7695 26753
14369 22984
12049 23571
538 26187
6857 23354
14276 24351
4111 8586
2272 27788
3126 12180
5079 10160
7392 16422
21436 26803
7419 13839
3389 22761
14465 24577
6064 26162
17503 24727
8717 21849
5843 18679
25361 25437
19288 24751
15155 25157
5283 13376
13185 13649
19358 26955
899 1900
20444 23635
18481 27221
11964 21446
6462 16116
10639 27751
3564 24965
12111 19150
2635 28044
2236 26215
14033 26946
18044 19477
14489 16984
12479 14187
12754 22712
4207 4581
9294 24379
3841 27116
11233 16303
11417 20699
1772 13168
1171 20711
19982 24589
21980 23294
6170 7897
12346 26753
27314 27861
16984 21296
10405 20319
67 13240
9525 22469
12860 25160
19328 26698
4778 22598
2535 12819
1823 22650
3265 9324
2236 25739
15832 17792
8163 18574
8785 8990
7855 24543
3125 8420
3289 3528
3670 26141
20020 24706
13282 17221
12612 22791
22152 24326
7647 21423
10312 11092
8176 16234
8878 10387
5614 10079
14240 17507
11877 14178
8680 25972
13219 15791
16055 24610
7382 12485
5539 22229
7092 24750
12848 23997
4657 11757
23857 25732
5827 7225
1018 8308
21842 27307
8363 9264
17422 27281
19368 24549
9399 16958
8959 25615
5485 27821
657 24265
14486 27175
6085 16563
8338 25433
8620 23696
909 10525
5084 15620
14557 15734
3748 24330
1538 26585
23300 26413
9487 25228
3053 3598
9250 10956
15548 16053
15645 22607
8967 15744
21904 23892
3748 22514
9250 13367
369 11080
7023 9033
16744 19991
2112 23354
3279 19686
836 13972
10234 10634
13142 27514
1694 24888
21759 25904
11183 18106
12391 14777
14474 23422
18074 21425
16203 22060
8191 22611
4780 6714
13154 25850
17937 18027
19192 25064
17586 24158
18138 24437
16540 17558
12561 23444
11059 19745
14413 17399
4918 27746
2205 15814
2324 6632
11987 23640
16772 27825
4026 9649
16619 24183
5751 14297
4205 8715
8956 25067
4523 11475
9788 17757
3729 10160
1900 26804
22163 23872
25572 27176
15305 22040
1042 4026
10119 19817
4510 26851
638 22481
1213 13816
8738 18623
12452 28115
15133 24608
5003 26055
1534 12858
19962 22460
9944 11463
9067 10114
23781 25032
16026 26908
11246 12253
2664 9915
9788 17587
20945 26551
369 24444
26476 26905
9690 11906
1306 10874
14491 22240
14701 27536
7318 25163
12266 19652
7488 9239
6219 8897
1860 9751
7635 23663
9465 12538
10831 13755
7532 22505
4312 20115
9150 15410
3156 25162
11076 15620
6682 15059
1382 8825
7419 12402
6842 8679
327 2012
13408 13686
1644 14011
8096 27569
17227 18667
6533 12073
19717 25507
7300 21653
5511 27294
344 16383
820 11901
4725 13192
17580 28068
11375 12931
20292 26753
14517 21712
9640 12002
13111 27501
4039 21462
3354 17823
863 15807
10660 21744
660 11698
11221 14431
1714 1908
19505 21619
14683 21236
6372 24659
2986 24280
2635 11495
6796 17586
8591 27016
6927 26158
4192 24940
8437 24608
2928 25992
9494 21192
16924 18630
30 19375
973 7387
4607 13527
19091 21244
20996 24922
5716 27758
14368 17965
19522 20086
4175 19947
297 22320
14464 25926
3478 25528
23428 28044
7081 13697
13591 20115
8891 26908
3753 6348
6705 24450
1806 22610
6495 24223
3404 27201
9413 17739
7136 22465
1925 21366
8481 24062
17422 24659
3186 12244
9268 18962
23722 26706
17530 20162
13697 14232
4086 13978
220 8810
7930 15369
14499 18692
10313 18357
4332 5728
7743 14937
24397 25822
3383 21883
1795 10935
16986 17819
11426 25328
21491 21692
11352 14044
2121 19303
4828 8522
3987 9828
5486 11122
3874 11368
10274 17869
20849 21438
833 27896
18021 21026
3901 11009
609 12721
14672 24127
10427 12523
2797 16222
21358 23711
14782 20159
81 6182
12979 24179
23497 24222
5145 24613
7700 22226
13416 20712
7877 18155
7982 21840
5722 11133
5575 15063
5832 27972
10458 25621
2925 10068
5502 25805
8910 9238
2849 18526
6342 13261
4355 8687
2474 21618
6859 21910
2491 23408
9805 27811
505 10027
5258 7758
7031 18669
13216 24422
7200 19223
8251 23197
7975 23422
5865 15723
971 7942
4096 10593
7987 12669
3039 5023
21950 26186
7614 22168
398 23418
16937 22338
9631 18920
6378 13591
10321 15469
1900 17603
4581 6888
15158 19061
15356 22769
8429 12176
4216 23411
1270 5821
16840 23314
5057 16984
2499 8111
230 26985
16979 27844
12030 18497
25006 26358
2635 25341
13433 16492
21987 27191
5978 11154
4328 13999
2816 21222
1317 23619
2709 25397
2466 8046
14140 24698
4685 21000
5099 20435
5386 27424
12004 14411
23633 24032
833 11475
3401 16016
10390 18133
21221 21527
16679 25219
12217 21693
1267 19504
17269 20261
14418 21761
11444 25842
3625 19566
4475 25664
11080 23652
3214 6051
991 25005
9747 11187
2668 2977
19525 25429
9210 20359
9884 21855
1533 24493
12927 14954
4847 26834
497 25232
21813 28183
25160 26721
2852 18459
6981 27085
4911 7878
24831 25877
4671 8746
8202 20336
19658 25630
11381 17490
25272 25410
10495 17400
7080 22424
12030 16313
2474 8807
187 10208
506 9717
3733 3872
7832 19960
4123 4244
8878 11674
621 991
1780 6410
12010 24392
9650 10942
6925 12894
4933 14031
7346 24861
635 17057
3741 22846
6743 7145
2669 26603
13167 24049
9215 19723
5084 24779
7937 23601
3554 6967
4942 7251
1851 23821
21378 25496
13875 19172
16053 24344
3690 9320
6261 9413
3310 25185
19154 21194
13121 25270
14088 24017
3683 24942
8478 25634
12518 25233
7484 26740
11244 16383
5620 19721
3791 13401
16851 19662
7854 15870
4029 27194
13711 26397
17727 26053
3383 6127
14625 22340
10540 14837
10808 22404
4608 8100
20421 21577
11111 14368
5669 8299
609 16584
19463 20103
14076 24179
11977 26176
10652 14024
5044 11417
5678 14611
3095 11567
4782 8706
9717 21238
7976 9895
5967 12223
10539 13848
2048 13290
9005 22570
6198 10760
9747 24104
25525 26148
18116 24590
4765 17763
4493 12164
6254 17936
24326 28089
21761 25273
5031 23015
5918 22322
11958 28106
16346 27908
5267 17056
4218 12026
18655 20293
6880 11868
22159 23595
825 22042
13262 20603
10650 25096
10152 15676
9539 26314
9001 25658
3484 5602
10798 13910
12508 15090
25638 27794
4698 12952
4983 8011
3922 26165
19242 26644
1020 1095
7734 13382
789 14572
15391 26453
13655 24611
14884 16574
15962 18684
2571 11192
4096 18476
14001 17814
17795 21954
4962 7783
16415 18004
20066 26244
10767 10800
684 10471
22117 27958
5288 5343
12754 18382
4965 9558
15082 28159
6680 11826
2413 21654
24121 25063
8393 23231
7718 18015
15747 27400
425 7885
3935 24656
4121 25595
10207 14517
13954 21491
1140 4175
5691 14037
13038 27190
6804 11385
4253 6876
14473 25886
1421 12244
14055 14474
726 10002
18119 19987
512 8038
7249 9497
5071 21498
18276 20323
4216 17737
3430 8659
12716 24334
4507 13090
3734 13968
10729 22157
9706 27220
8238 10234
4322 24323
10219 20309
5001 13810
18027 24558
21694 23267
7419 16132
1412 8797
4556 23143
5393 17603
11866 21920
12237 16781
16884 24674
12388 20400
3826 25842
5695 26930
5752 22112
21100 24916
11756 16767
581 22696
16803 26616
7103 11967
2029 9264
6126 18050
9948 16950
16829 21315
23 1840
2087 20274
5461 19641
9676 27611
16487 23070
19893 22186
4232 8950
18141 19662
2664 9497
9472 26273
5397 21067
14991 15829
13249 14136
6330 23611
6103 22640
4029 25301
17302 27198
3715 6931
2002 14007
4708 21327
933 11783
13220 15293
2179 16587
129 319
749 3156
4546 26297
7007 7492
6298 24687
15785 18004
11080 11705
18046 21366
13329 25493
18746 26653
6305 15117
8230 9396
16431 23976
18869 22967
14280 21080
19411 19583
10129 24055
8746 17543
11080 13213
7370 20517
15149 18548
2322 7410
8454 24379
2460 7930
7195 17819
7206 27079
1251 18093
3779 3845
5262 8846
2157 3627
11807 18265
9489 23826
11916 12291
20233 25986
3162 24690
16276 24354
21995 22541
4771 21987
3853 25817
19139 20460
15147 24509
2912 21180
1748 2605
18281 20859
1950 25738
12257 27569
546 6026
13615 13879
3291 12586
1979 20504
16385 28236
14057 15030
1045 4347
7417 10023
5070 17341
15911 16439
3733 18304
26528 28163
4010 24379
22429 24722
24864 27862
7531 22553
1324 10307
5585 20558
16334 20586
18591 20956
7731 11842
4180 24326
1045 15734
2702 9661
102 13115
2361 26429
5590 21909
4029 16766
1580 7935
6239 23187
6728 8384
15723 18435
8818 12558
3643 11836
17176 19462
8391 8571
8816 20258
3265 12792
657 13783
15443 23576
3015 22874
19287 24921
348 1270
9698 19219
18187 21884
16478 19647
5326 22882
15474 20604
3882 12035
13623 15829
16328 23337
4109 8924
17535 25310
12536 15421
569 21801
10056 19446
12501 23517
600 4072
577 6972
12521 24182
8403 25975
6127 7379
13682 18281
6807 24558
14727 25658
7205 14418
2929 12120
24640 25986
650 24799
10127 28136
11333 26022
7413 9563
5359 8746
4177 23400
15554 18361
1878 18206
3828 25343
9203 14519
6523 12282
12082 15899
22581 23943
291 1043
9461 20286
17742 19189
10665 18405
6722 8978
11439 15748
5396 18190
5348 6832
3338 18203
14407 26001
10193 23970
5082 22082
14692 15437
7369 25985
2751 9524
2991 17303
5081 6603
101 2635
8467 18861
2826 7183
13190 23278
12656 21364
1068 5660
2539 16521
20553 20721
7651 9102
12796 25287
16276 24069
7976 26021
6142 15910
17 34
6514 20992
16261 17423
1054 6712
2974 18745
3733 3900
2288 22798
9007 20328
5942 17438
15446 23560
2584 19884
9093 25921
8880 19327
19780 21409
3967 19759
5390 16569
7576 18463
9847 23798
16171 21016
17563 25449
48 2671
4133 16038
4594 7414
305 26203
1056 18265
10882 25205
4496 22193
15120 15610
4954 18565
1719 9610
6931 9408
10309 20754
1878 23466
11634 14463
20423 27908
13513 24063
13343 18001
21767 27152
7439 24855
1117 1936
9038 18309
6584 13240
11473 26066
1674 2547
20321 21840
8021 18758
1154 6773
4463 16120
418 21100
9308 21642
88 18324
17928 23361
688 5467
10309 12075
2546 14555
14215 18425
1645 7355
16955 17963
19576 24280
7846 12948
20051 26691
18793 21003
2467 15691
3503 13527
11260 26260
15018 20168
5978 8685
16032 20008
9226 23816
638 17842
2995 14781
6562 9867
4246 8641
9115 16223
19394 20193
23952 24422
6479 22102
438 27847
2102 22082
13626 20204
6239 21407
4699 10157
1395 16840
735 13805
1188 24104
277 26615
7508 9591
11067 25621
4165 11361
13394 19813
4552 27939
10029 26728
3664 14492
16309 17027
19033 25582
341 9465
8090 22550
19161 19190
12615 17236
14389 19407
1916 2462
7833 11652
16301 24869
10979 17278
24721 27433
4774 8096
10280 20427
4057 15660
7375 17530
3467 16976
11946 17805
3229 11893
13647 24601
4598 20048
1581 22340
12043 16049
1180 27851
6956 21679
3592 22579
9774 27766
340 12179
8048 9416
2526 4282
14023 26312
1257 12715
3780 20424
17432 24652
17331 18641
14148 27481
1193 23886
12997 25162
13168 19424
11804 12244
10488 27753
2483 10625
1770 4218
21326 26299
7413 28264
7213 21296
15175 21359
7073 22012
5371 10027
2823 19503
10457 16353
25083 25299
1108 11570
11295 12403
19731 21910
10173 22635
8753 8775
12051 21942
19045 21209
3167 23302
4829 17514
173 26273
4946 20553
25105 27060
19144 21224
838 25095
9772 16003
6994 9119
15928 27398
1672 24367
3861 22897
5876 25445
12014 24112
29 1750
2986 21638
1593 23703
16510 28070
18138 20742
7899 26913
13737 18667
20966 24802
2980 9087
4051 25397
18007 27845
7354 11307
12908 18206
3283 21167
6077 7909
23830 26184
10309 28166
16967 18907
710 19516
6176 13954
14534 21656
6848 17550
220 867
5326 24947
18302 27373
1809 15290
16901 20424
4391 8633
6934 18399
24576 26153
11239 16923
2054 9050
19181 21832
17484 27809
11648 13953
2157 25294
11591 16467
1677 16829
3162 27106
813 9527
10559 12657
14947 25982
2170 3640
3121 21139
22340 24200
15064 25318
1979 20503
25308 28134
16573 24435
8424 17603
2609 15751
797 25699
19978 24069
9710 19743
406 7484
7616 18209
18876 23060
9290 18029
3789 15032
9804 16934
13931 15251
7929 17267
14349 23251
10185 13438
15847 17836
24032 25956
11814 21433
1106 10815
8552 11344
7365 19001
19289 24784
2396 5923
1670 19953
1878 7087
10624 20619
14082 14748
1382 16373
4514 23607
922 6296
2112 23675
15435 27844
7772 10354
2288 5522
23066 27300
300 334
16699 25975
6365 8750
15461 21420
3801 10540
14481 22095
3633 12746
3987 9116
3634 23091
374 18051
2413 5179
12308 23215
16734 26978
7621 22331
8557 18221
16361 20790
4826 20714
3726 17803
13647 20689
24904 28181
1852 1902
5348 10560
976 26665
2132 22578
5695 9518
3762 9956
12218 23983
4159 11207
5797 12452
8208 22066
5219 8703
18249 23978
21000 23945
1329 9356
925 16470
15867 26728
4174 16725
1117 21205
12792 27128
3727 20970
5744 6247
10760 22524
391 15684
8977 24854
3457 24707
12728 16429
302 4194
5832 20464
5535 17712
2269 16016
10672 26131
15672 25991
22040 26340
7497 8772
12210 21984
3293 19337
9730 16467
13373 20554
59 18580
7478 25735
9851 23935
7567 16452
1688 3643
3083 21433
1579 4012
18823 20258
9693 10825
910 25623
16041 25019
24500 25525
6058 18155
15672 22546
2096 22286
1 2514
23310 27751
12213 21671
3015 18361
725 11183
1228 9294
6480 27508
15622 26310
13051 24072
17211 23066
12835 19742
7536 11286
151 17695
13820 27381
8168 8565
8134 12834
25254 25306
21000 27157
18300 27974
10029 21207
9942 19035
2927 21589
15349 17081
11812 25689
11281 21798
9063 23155
6879 26622
15259 26161
14513 27393
2176 24299
9248 15405
13688 18369
5288 19041
8967 9430
4178 11251
10447 16333
10639 11251
7950 20144
16769 27517
1645 9144
3634 20661
356 25165
21123 25607
8750 22363
10761 16276
3545 8454
10183 25849
16480 19575
313 20092
16437 23433
6914 9266
3296 14661
10282 16276
8364 27947
3810 16094
5600 7353
8786 24841
17789 26202
18764 19506
10509 26195
15882 21359
7486 18461
4026 22959
18195 24425
11008 26907
5065 6517
9077 11251
5846 10077
2721 14635
15981 24062
4512 5605
92 6587
9185 25894
4414 12369
4954 26670
1228 14641
4233 7083
10813 18442
4596 25986
183 22392
17098 23376
19337 25310
7455 15543
6072 7894
15561 24587
3385 15559
10986 26371
14304 25327
502 4567
17393 27660
23926 24824
8985 9268
14228 14672
4781 27352
17754 25494
4184 8843
2826 12689
2389 18565
4858 21407
3154 20156
1964 23619
374 27918
152 7929
9496 12725
19953 23254
9064 21181
9699 23454
12128 23381
10165 24287
14433 25817
16156 17990
6865 22707
5950 13360
111 19420
1538 24904
3126 24097
103 16621
1429 21122
3437 16166
19170 25452
4257 10490
10263 25981
27654 28251
1259 12661
18136 19657
429 5190
2270 9850
1886 21000
3634 7420
10298 26752
4551 12291
3634 14696
11479 12558
7976 21604
18736 22112
1878 13789
22227 23640
20309 20605
12419 25160
1143 1425
1068 8830
6738 25708
5651 24934
18192 22319
7909 14548
22242 24549
45 6841
3765 27719
5584 6270
9575 18115
6637 25630
8478 17310
17497 21007
12647 13405
22734 24104
6940 23082
23863 26061
22607 26908
2882 13619
14728 18591
8720 10619
1843 13054
11306 18146
16283 21673
947 27229
1787 15876
3585 22589
170 10767
14600 19354
3938 9051
4252 23327
13721 15282
12033 22729
9271 25161
25657 26683
2401 4799
11599 20747
9575 11048
13447 16376
5062 11165
23310 25991
4218 15341
5111 20157
3025 20847
2424 14309
8183 26021
9086 25879
190 25638
867 21245
14703 23273
3617 13885
18217 25957
20274 28150
16203 22294
2959 22542
1757 11656
7360 21798
5864 10260
8767 15284
755 4105
6239 17263
22894 25431
17307 22607
12443 26340
1193 16961
8096 15536
27179 27698
495 26503
4282 10434
3287 16600
4024 9869
6528 21744
9274 24177
12370 17013
4085 12742
17953 21092
5149 7333
6994 11431
595 25311
2255 13266
18801 22119
5763 21504
7002 18736
17194 26281
7191 23770
13408 22690
19857 21479
2470 6348
6589 9427
13492 19347
2966 7214
2435 19536
4807 13019
4584 17159
6519 17404
11241 22319
11916 18738
24427 25960
4768 14060
2399 19011
11336 11579
7836 13155
4470 9912
15236 26682
10318 23657
14970 19611
9650 15281
2832 12495
13550 14091
2588 14994
7576 25449
5438 9879
16094 21544
21692 25959
12506 25540
14344 22309
6848 14306
18793 25110
1600 27170
4591 7798
3900 5004
20831 27834
3019 14895
7366 24822
18817 27017
2934 9391
20645 24708
1533 26544
11975 13984
7804 18589
580 2288
3521 13484
14971 19004
8187 17703
7450 13354
10499 24993
11644 17696
5893 22835
17598 27287
11692 19826
1371 20789
7003 27795
4693 23944
6072 8010
13329 19156
24305 24815
7591 11822
4599 17458
14912 25960
508 6508
1294 23188
6545 25261
2311 24756
21717 24595
14681 26265
7323 23361
1795 18823
1769 5760
18777 22466
23121 23399
867 10672
12260 14008
4648 7323
19474 27004
18700 25245
10071 22676
11712 25621
166 3253
867 22154
11416 22161
4742 10449
19641 23619
18765 22983
5832 24332
16867 18560
24862 26031
11147 13847
18343 22092
11395 20328
10231 27513
2002 6818
8844 21831
27277 27805
2625 24042
7497 12890
12051 22321
5371 20936
6495 14704
18679 27563
2039 25011
14448 22856
1573 2628
14136 21724
10473 16396
2895 15429
2807 26503
4959 6453
14933 24703
4435 24448
18228 25327
4802 27613
10479 26578
614 8141
5442 10743
2840 26565
23620 28106
4828 7508
4123 18373
25250 25591
16480 22156
7498 19506
12228 19095
20381 28023
9316 25095
568 21542
12579 16856
406 18950
9368 25602
9460 20876
5728 22959
11154 21855
16210 17070
7101 11089
1437 3040
7358 27817
18906 28115
1876 6951
6914 10428
4971 10894
1677 16582
26571 27096
11187 27197
11657 18228
2030 17963
7361 15829
14852 25869
10399 25617
17170 17785
2789 21596
13089 26201
23062 27288
1596 1666
16671 20258
2883 19242
2701 24967
10935 16338
9795 21798
495 5717
13087 16354
24396 26169
19140 23474
7183 26709
12569 20620
7438 17636
24965 25403
7296 19828
3585 23527
307 18818
10326 17230
881 11368
7252 22763
1617 26163
6449 20387
1508 23955
15893 21364
3127 5810
22479 27778
2239 19843
16594 21126
1767 3859
3185 17486
8933 25002
5 19171
8831 13461
588 8098
7915 26974
4576 19033
396 27746
1026 4625
18904 22088
1200 1593
10907 24918
21423 21945
3381 18187
3086 12830
3957 15985
2232 27091
20921 27779
899 15216
22923 23361
2077 15251
12111 17502
867 5609
6350 21951
4646 25433
22814 27978
18359 27567
4766 24221
13832 15741
9478 20897
2227 12673
728 17700
6426 11787
20 11361
86 3570
9730 12957
2642 13419
1362 26570
7560 25955
14666 21142
3741 6679
17273 20336
3074 11241
9587 20695
9925 27259
973 2002
1425 16584
9438 13919
1814 24638
8785 15968
5854 9981
22871 23016
7381 14144
904 15645
7375 15672
5122 8781
9899 15957
12487 24131
16919 24847
1906 13093
4468 18959
1548 24861
4720 12965
8483 23619
5691 24030
6707 17108
5146 26130
2144 20234
3569 9051
25130 26497
20205 27106
2530 7830
1074 24352
15163 25263
13814 16131
131 7816
4397 4399
1590 14519
5043 26691
18626 21473
7975 25810
22650 25755
9558 10214
1658 18761
7410 20876
14604 19668
19268 19647
10746 25497
25919 27527
9701 19634
8478 18425
4233 27923
2441 18510
10016 16490
1365 21849
18166 25711
3586 7533
2082 13154
7159 18043
7007 7528
15325 20046
13073 22634
8224 10747
973 22711
9348 13031
8959 9916
1644 22280
2150 15206
7276 23093
13443 15474
2191 23143
21542 27274
22663 26993
6215 12957
17904 28144
3484 23392
7758 13989
97 9038
11082 25602
9035 14844
7694 11692
7264 10863
2344 17443
12506 13677
25960 26068
5998 8959
2929 4489
7457 16145
1852 19171
3254 24659
813 17253
25867 26922
15874 17022
9229 14707
7720 12835
22520 25151
16414 25689
9005 21633
5293 22898
15665 25246
288 10251
20219 25882
19849 25525
5592 12403
12136 19503
4671 11416
14072 19004
14167 20355
11650 26737
300 3970
5369 19046
745 27851
12069 13222
10419 14689
27313 27970
1568 17137
8938 28196
25981 26807
9065 23976
18270 22729
23086 24061
10951 20069
7023 7260
9782 27085
473 24392
2031 21536
1331 18055
9389 17717
13705 26884
6996 18279
10595 25559
15326 18787
611 18656
6891 11019
772 8824
3273 24956
11580 21987
21473 27819
2882 8785
5012 22157
6883 13024
3573 8002
3378 18107
3288 6183
24174 26941
9053 15650
10467 21156
7477 22425
14242 16823
13595 16276
14599 17479
4647 15048
248 18369
20235 20409
2518 6363
4076 21003
5943 8801
15437 24389
8094 24073
3877 18303
9747 19169
5989 19076
13438 25664
11275 28083
1223 19780
179 7290
11964 20047
13656 24862
19895 22644
11023 11337
2216 9089
18331 18424
20728 21087
6337 25174
4286 27883
5699 21980
9959 10765
7175 14911
8705 13962
23215 24750
24623 25241
11177 21440
16504 22099
14706 24965
1338 2205
13389 28190
11207 11597
21587 23888
2567 15187
7512 20008
19940 22656
11047 18068
1435 2396
2324 3646
4101 7820
9634 18396
18484 19153
797 26986
15883 18745
23565 25184
18167 18249
6533 24610
18517 26053
4006 15043
16584 19957
902 6552
21516 26361
3169 17592
9785 25903
7404 12155
8024 10837
16552 25300
2702 2777
10800 15344
12690 13970
14499 23158
13355 19584
15808 18541
16024 19148
14675 23941
4072 24563
15334 22522
24299 25087
6660 19489
6709 26107
10050 14076
17482 20162
10876 17963
8060 19271
7410 12399
5428 18371
2402 10691
8493 17534
6372 26273
8290 22031
12959 24576
7550 11496
8686 25729
3223 8990
4003 17028
7145 7861
4514 20160
786 3990
3506 5751
11460 21414
11696 17165
13954 24008
9222 24816
9858 15768
3014 8704
8502 22654
16079 20079
397 27657
5387 21366
8036 8108
367 17889
10243 24105
12040 15583
2031 4351
17214 23143
296 19008
14657 25879
12779 26959
9123 22200
1272 24346
17817 21991
220 11696
22061 25039
3293 17496
3865 15804
25034 26230
7974 20423
2024 5684
3742 19617
1779 18787
5690 16767
21828 22322
13980 17985
5403 19899
13297 14835
4198 7352
651 25224
4325 17280
20503 21257
14136 24145
12246 15955
2083 6097
356 6957
5510 7830
262 2530
1057 5832
19548 20594
13585 15972
9867 24921
17657 22664
867 17853
13180 18669
4394 24793
25403 27271
2373 20700
2993 19712
808 17140
10623 26451
16814 21566
4566 15536
12931 17118
1 22581
2667 15806
8243 13810
4829 20878
6879 12794
11901 20541
8075 26140
14015 19812
5764 21158
9560 18265
15376 26737
6139 15369
5984 24280
5568 24127
9720 25336
9788 26589
5502 15480
7005 12459
3599 19749
18171 23376
160 1373
4336 27752
4949 6484
2389 16656
9575 28084
5741 26966
9198 20310
5330 14080
18001 25684
9398 23863
2582 9025
2764 11610
3872 24742
2667 22340
213 6547
12308 17485
10937 22157
774 1449
5989 7725
4971 18044
1767 10449
17304 21981
314 12608
13515 18039
505 10594
10998 22813
1399 12369
12690 23111
7814 14519
340 4445
9549 25484
4058 28238
14463 17819
22473 24681
4414 21689
2458 23955
5864 8511
12228 17304
4442 27951
18354 24835
1275 11640
7732 16219
11030 22222
18712 27365
288 11295
10660 22376
15064 22184
9849 23422
1526 21911
8454 11387
4870 21247
2436 11471
18040 18613
20675 23730
12056 16941
238 4860
14635 15508
14534 23096
826 16817
5102 9263
11766 21584
514 925
9533 25740
9776 20565
14809 21823
5767 18521
4055 9962
11429 22899
5989 14024
1197 23323
18033 27684
15014 28232
1349 9544
8454 14520
10273 20340
16189 19043
948 14306
11880 26686
1489 14832
10242 18354
10036 26154
7257 27224
9442 11997
2381 16354
9341 14993
7185 27017
17079 27463
19123 20200
18818 25870
20371 21295
14783 26314
13600 13798
20639 27279
2635 22416
2849 25708
1672 8277
9536 22042
10742 11199
9573 20282
15989 16071
45 20941
18254 21928
609 1766
8385 24846
3140 17775
4148 24872
788 24952
12910 19243
4388 12493
3585 24108
20559 22604
7141 9410
2163 27680
4833 11115
737 10584
836 7930
10540 16784
4091 7881
1925 12040
21577 27841
10643 18550
7538 26513
5716 25652
197 7796
78 10444
4832 16253
11754 13343
6635 23381
4455 23143
10490 19789
16025 16979
13032 21157
9947 16961
10930 13023
13489 14244
1137 6290
5749 15178
10471 13121
160 13829
3740 28229
11746 14043
3059 10224
14263 22416
705 14658
22205 23553
2039 19675
9234 16879
877 23997
3084 19640
8057 23608
2137 6005
4211 7570
13272 15605
10407 12709
425 10090
20726 22568
8707 9665
25259 28252
18772 23241
1879 17393
19991 22234
2205 16372
3231 11486
1519 6426
7932 14047
10712 17291
1127 7528
18747 18981
5767 9590
8503 16660
9214 25468
626 9016
17930 19869
11880 19576
1204 5373
23984 26816
1141 13081
9397 21240
11461 27702
1240 2437
17530 27883
12615 27005
799 26457
17093 23304
3300 10830
6842 7002
2133 16388
12506 13182
9225 21933
16800 27882
7692 23385
1714 5978
3025 20689
3213 8639
23554 25328
5468 8100
24352 24862
745 1813
193 495
220 9089
7826 11076
9651 24904
11054 21901
6848 26340
9542 10000
8057 27913
1545 4399
19115 21822
10836 18672
14001 16855
13945 21193
6188 23864
396 9226
16260 24721
22919 25750
8340 27493
3037 5794
24828 27370
6441 16053
17194 25935
1267 26502
823 20021
14280 24438
16170 22101
6661 16348
3265 11535
1876 17865
9399 25163
2150 18830
14809 16955
4302 7115
3608 26687
583 23932
1105 23274
24764 27224
21671 27679
1030 6246
15985 26061
5642 25343
6717 14361
9465 15271
8692 13225
957 7522
6403 15617
1934 26135
10742 22911
5907 13810
19396 27300
21341 22416
8483 26943
3140 11154
11634 23459
305 22039
21412 27404
3510 9383
7416 18061
8075 23698
9019 18225
22993 26704
16527 23412
2874 22112
12404 25904
8500 18172
6381 20198
8318 27788
17412 20219
6931 12648
14508 19493
14380 22498
7867 22814
2579 19396
18318 21446
13564 14228
11718 24082
21407 22190
6334 20869
22425 26341
7758 11652
4831 27234
3541 9587
8589 15529
23359 26135
2063 8049
18002 22981
24774 28081
3564 12459
7984 13362
2648 11816
9056 26497
9304 11360
21919 25397
11725 25732
3779 10579
867 25468
4696 19250
4043 17954
12698 18252
4658 18843
7510 13482
8707 23520
1197 13829
2381 8064
18471 18713
8717 8787
15874 21717
5594 24383
1372 18791
15155 27805
22819 23655
16600 20195
4887 10986
13810 17634
3158 25901
1462 24904
2522 4462
16788 28238
6985 25729
2708 11261
4669 16328
7756 14961
14361 25683
10156 25197
14829 15375
17079 20522
396 20281
16403 21937
14386 20475
3940 6576
872 25156
13242 15874
2086 6079
8899 16001
18051 25247
13293 21135
16478 20434
1689 4952
9720 18318
9940 28100
11094 18276
12532 25470
2347 23362
18971 22785
15919 22091
5128 12111
4039 22857
6789 7725
3872 7775
5832 24932
7833 23857
10838 12045
13991 22278
25257 27263
6798 11928
70 21473
25623 27220
3793 9368
24733 25452
11340 12655
14153 18472
1727 25977
3747 11080
481 23333
3885 23265
2031 26963
3968 4509
9956 10289
24358 24536
5330 24422
935 4494
495 20891
3307 22896
15364 19717
5049 16178
15267 25182
9702 19030
10228 28015
13958 25232
1878 6664
2398 20398
13091 24721
6629 28099
10039 26970
7205 23633
4809 23277
333 1878
4061 25855
854 3411
6076 28124
3484 18784
1138 9020
18324 19281
21638 26753
19212 21725
10162 15452
16249 27634
14959 19140
10156 25575
213 6477
11641 22705
921 6476
3572 10637
21094 23952
19760 19971
14551 20939
3734 11980
8808 25556
967 17672
12300 19874
4626 25908
5852 10837
18281 27501
7797 13291
20841 21821
143 21306
3872 11727
16261 27274
21158 23264
16753 25986
1635 23015
3759 25086
554 22905
3167 11262
13291 21291
1952 3187
7414 25793
4146 25490
21 10379
6855 17084
14130 16069
7522 21909
12922 25923
5315 23369
505 16656
19406 24506
16641 23415
15360 23244
16957 17743
2386 12402
18259 18454
3727 11472
12309 22897
11348 14708
649 25482
14160 14758
6043 22464
11182 12498
3238 14181
2222 16225
401 2557
6163 18934
17906 19927
9051 20215
6263 27573
3944 16373
16845 22984
5372 9323
5064 13472
8261 17443
11105 25302
4022 19556
693 24764
13804 25019
1154 4218
5155 22894
14546 25272
17781 25263
1968 2832
3762 7737
10431 17963
10923 12158
339 18411
13329 20285
825 1105
3885 26706
14989 23099
14065 23082
16852 22866
7896 20045
21001 27170
11545 11877
2832 18679
6161 27558
10775 24997
14113 16142
8679 17443
11140 18117
1003 18775
4671 13282
1026 10128
1820 4821
22422 24193
349 25598
5496 14534
2051 24864
3598 15672
23379 24659
7877 25564
15731 20424
25163 26270
1389 3624
7984 8145
1622 7323
1340 12098
11034 28117
15190 24208
4721 9356
6848 18424
461 5283
4445 8001
10736 20615
23590 26659
12720 24671
794 15996
6342 22203
7209 17669
9055 25468
8906 22319
3488 28211
10181 19776
4347 14800
6848 10222
6773 6796
3902 25508
14763 28156
406 22415
722 6198
8543 27221
16411 18952
7908 21712
349 6794
8295 14794
11274 18867
7278 9900
1634 4686
21829 24061
1332 5543
874 3013
17599 18217
8177 15530
18941 20947
7057 18752
7148 20722
6172 20822
689 6390
5551 9709
17067 18304
5368 11152
7152 23499
7105 16530
1152 1429
9712 13327
1167 8502
7442 10464
5358 15672
7860 21867
1959 9701
19062 27352
9854 11080
10444 26823
488 3805
7350 11264
8772 13091
1246 19177
25299 27932
8410 26411
9821 16338
10339 20675
1600 15373
3537 24606
8857 18808
17791 19836
14153 17022
9358 20282
13688 21572
13078 25813
3119 12847
9071 15361
9490 18394
23198 26262
650 2927
13736 14662
15437 21061
8172 26148
15753 25870
1640 22479
17662 27029
16124 25012
18234 25067
102 14053
9922 20408
20123 25640
23981 25849
19068 24594
3986 7368
5385 20182
473 17165
23119 25904
1604 4548
4867 16491
5295 18603
2825 7932
7496 9429
4568 25151
2521 17034
7136 11495
5147 23995
13029 23780
15317 25321
8057 8770
11963 13827
19823 27558
5540 23522
3360 19594
1150 10389
3080 25725
3024 25364
9184 24385
2305 13055
14490 17194
13244 20008
6356 14820
9369 23061
13293 22292
2423 15629
9136 19576
6426 18078
4386 26577
14634 18536
2188 14350
7545 8222
4545 20966
660 5004
14155 17613
22381 27882
22042 23525
9264 19567
16763 27573
22426 25402
589 12112
4418 9150
943 5351
12709 19137
23143 24904
10598 27305
21347 24997
3695 25666
9438 11838
8447 26766
12959 17883
22180 28081
1789 5627
911 13910
8875 17403
439 26194
7772 15565
15660 21263
7289 20686
19871 27564
8586 14836
14342 16679
18434 20813
5832 26849
20282 22857
18920 22787
1161 11757
6355 12205
7205 25083
2320 12087
19721 20119
13359 27318
20667 26753
2396 21438
6633 26413
9952 22398
4326 25977
11629 21692
3539 12654
4552 20640
9843 23705
1737 11080
10639 10943
2922 15965
21398 21737
6454 17239
8806 17422
11066 14886
3228 8715
19580 22897
957 10956
8975 15144
4603 11034
4597 27342
4719 19817
6896 14468
5622 26554
11151 18039
11838 27830
6728 17524
14532 22358
23254 24136
15575 27180
1800 2044
599 7952
4061 24005
1181 15183
1622 11552
8211 28020
23910 26745
16251 27753
26476 28156
11875 21811
9096 19566
12858 21757
135 6876
5738 7464
12261 13227
21293 27690
1604 5815
10782 19709
10874 26847
2270 25564
26911 27697
705 21617
29 1658
1103 21072
9536 21231
5162 22340
3197 20813
5128 11042
11451 17807
22785 27271
7877 18553
21441 21945
2607 17757
13216 21945
10080 26341
2664 8416
810 3592
18591 25601
8855 18003
16527 20577
7404 12807
22606 26239
108 11345
4923 19068
3932 18192
6103 23467
4886 16351
12234 17046
14949 22618
6431 14390
14233 23841
4979 19567
22893 25849
1105 13093
4599 21361
10845 15939
5082 16006
1385 17170
7136 26738
2539 13574
4308 9717
2340 25177
4442 5372
15357 19924
6483 7999
8085 22678
7918 21438
16414 16948
14290 16543
4941 7751
3765 28166
1800 24991
14244 27775
7128 18369
11371 17931
7512 14445
1201 10344
12154 17340
14713 18732
3283 24946
16170 18246
1106 11315
909 3435
17923 24041
1137 26661
2759 17900
4951 9335
17973 28013
9293 21374
18258 26570
11300 12272
13905 17562
20573 26173
853 27457
2364 7429
16167 21337
12643 19033
1858 26818
4009 25653
10574 18644
9907 19401
15642 28156
18521 21079
5620 13507
24565 26948
18823 20162
6700 9922
3338 20366
1959 12078
14766 14768
10287 16184
9715 10913
3665 10350
4581 8195
2342 24075
368 2182
10101 19091
25894 25908
4087 12388
10360 18702
1212 10643
6363 8817
2282 10998
3684 9771
12635 17013
14993 25409
6876 10833
15052 22317
19383 22939
27950 27980
4607 7760
7700 24219
3666 5416
7962 9617
3788 3864
18369 27050
5416 16276
16751 20103
5853 11261
7323 16941
14654 19564
621 5198
4216 10349
15242 19651
344 5303
4791 6765
16627 19236
6429 12817
5326 5878
20020 23749
4468 11539
12356 27661
11144 22022
22553 26389
9375 12367
26193 27490
3730 16404
10787 24238
4650 27042
6523 14743
19972 20162
15980 16678
8348 12285
12551 26184
9231 27898
7956 11993
3323 27664
581 1579
16025 21546
2912 9588
1529 25039
2002 10308
1361 22352
1155 5485
3345 25225
5014 26626
1001 18164
10029 19960
1145 18904
485 18425
13424 15387
11047 25042
18796 23983
4474 8305
6876 27867
1438 12230
25754 27681
1040 1878
7656 9509
1196 26439
17857 19539
9495 18736
3227 19670
11045 19818
13700 22962
19463 27056
9466 23510
11463 24275
7877 11916
8398 24804
1085 1657
2912 21719
13480 25186
17338 27500
1878 7473
2976 22679
3019 7577
14479 18603
4315 22430
24521 27924
20831 21415
9532 15711
5141 18135
12199 17479
4136 25754
23693 24343
872 12812
6016 22441
9706 10100
16770 20646
6506 21759
16276 23705
3558 24663
14383 18627
2880 18625
1888 15791
1841 25181
2268 24945
2882 17838
1672 10487
5445 21268
2357 6251
8586 16987
1039 16369
3247 17947
1181 21069
14464 25364
19900 26267
5180 24611
8280 26232
8159 13852
13772 14959
7481 7835
8242 21929
3741 25171
12396 16328
4204 11634
12836 19782
17304 20196
10227 14212
5155 14789
22020 28013
6462 24061
12830 23098
11985 19403
12957 20222
5042 23392
11 25459
18522 24278
903 27990
913 3731
4671 15275
5146 6757
554 19225
12094 25451
9067 17819
2616 9152
6117 20538
3759 17370
8246 28211
11975 18518
9127 16043
2373 25624
17891 20431
7101 18413
11505 17677
1954 9757
12677 14781
23143 24415
4665 14082
9536 18452
10865 24461
14690 26180
17822 23526
3329 10874
19627 20553
2445 17098
12324 26055
13888 26879
9226 23628
12979 15164
12403 16587
13813 16814
11111 16747
2767 5767
18853 23576
2942 17308
20831 27423
10619 11166
10954 11701
1817 18599
5554 20872
20876 21353
1657 23736
5530 11238
4440 27497
12389 16299
6956 9355
11975 18950
7471 22671
13917 27719
108 1016
13600 16870
9154 17222
448 8113
11421 17098
7350 19420
8705 25280
717 5839
20734 21315
3767 19459
24203 24287
9511 20469
5029 18631
5989 18411
8291 8690
18348 27268
15335 20100
3845 11283
4563 13313
7228 18395
10323 20562
10687 23698
5396 10576
2436 27101
3204 17470
9963 23719
425 19903
16725 27309
2510 14199
14964 28099
15531 23911
273 4321
14339 19566
12980 24146
180 10337
12428 15047
2326 24363
19893 20384
19081 26392
2888 20715
478 1970
2818 18787
5 23684
17383 20667
3980 21853
14784 23033
17730 25172
8675 16188
2638 10385
16828 25978
21283 26698
4245 13461
13175 19019
3856 22322
18362 21622
11465 16870
13744 23377
6314 24030
1107 5434
14995 27279
7015 26872
8813 25112
6517 25831
1422 21428
16413 22721
12067 17295
9536 25187
259 17523
11356 11618
15091 24697
11098 22203
1822 26858
3591 17763
8688 14133
3925 18651
1299 23296
113 26200
10839 13513
5327 18909
4807 7922
14959 27042
25110 27423
22775 24955
580 18379
1340 14976
13780 24104
10624 27190
16228 17571
9404 13910
5716 5722
19878 25498
22716 22871
868 18095
10961 18027
4942 5289
14534 23825
16641 26588
23476 25193
4741 8012
3472 5649
4397 8539
13282 25453
11973 16915
5798 13514
10741 17941
10462 12308
4561 15200
4514 10035
198 24654
3231 7762
1579 17016
688 24193
14155 15392
6679 7244
19531 20230
1023 12674
6804 19068
6883 8368
1178 21416
26297 26877
14044 25371
5960 21122
6868 17733
10622 14588
1440 7746
999 10737
4484 22799
11311 27314
7832 20906
4627 19326
2521 9631
850 1659
6425 14469
3188 17787
3773 20100
3101 25771
7760 16085
15052 16766
13527 14254
12689 18189
2233 15687
4581 16170
14728 15548
10811 25263
278 14611
828 19169
577 7375
2454 2885
220 19480
6363 7354
6426 16786
24372 26892
1761 13180
1384 18297
13900 24265
12402 21293
16 10711
17028 18798
14424 15297
12055 17258
18218 22454
5641 24062
681 23170
9915 17657
20644 22329
1142 14783
5765 27042
13831 24028
211 12459
9408 23553
1830 25267
19216 22503
5691 8948
15644 27229
823 14151
2619 25006
6372 17956
3643 4492
12881 15432
8734 9451
8588 12709
1572 13174
13191 16949
16770 20740
12758 18947
5943 21828
2636 15939
8151 24503
6182 14004
3990 11634
1196 18772
8463 17967
12506 24909
3727 20381
10935 26000
3169 14728
18721 22688
20639 20876
2482 12379
11207 13168
14907 22810
21256 22079
3194 22882
4469 15155
22711 25090
15996 17944
977 14167
3394 13604
9416 25550
8875 10006
10833 16469
16377 19562
8022 12616
8040 10559
5166 7031
11627 13383
5749 6753
825 2462
24653 27923
10039 15476
9234 12881
8811 24716
3727 15521
18611 22581
223 12377
5779 23430
2447 14671
514 27814
16467 27991
1373 23983
1693 2348
26135 28053
2227 9150
8618 10594
19219 25214
16547 23510
705 4331
4097 7458
8046 10352
26405 26846
24570 27035
9367 25735
21373 21633
11260 19768
15141 16986
19832 25689
21537 21791
5336 16905
6178 17480
3850 14040
21091 25381
17329 24412
12040 18054
6453 14469
15661 21086
1672 6349
490 21616
854 24444
9776 19968
3186 21377
24059 27004
573 21254
183 23390
16681 21571
24613 27841
12808 13095
10921 19362
11674 19375
7414 9837
11866 26644
19516 24510
9425 10569
5434 8182
8140 14417
4702 11773
23510 23687
5510 16039
1218 13173
8128 25875
2410 4819
4630 9053
23676 27520
11001 20852
9254 9722
13443 26672
3973 20479
17120 20705
13088 20683
5288 22378
4007 14867
14393 19416
12868 16603
202 9907
15891 16557
14309 25908
1651 19254
10643 25708
6824 23384
22882 28269
5252 16304
17823 22378
3624 19281
12952 19505
1416 18379
1814 8016
6450 14482
3852 15099
18541 19219
9638 13861
481 19362
17146 17653
12801 15532
13361 15292
11518 16475
4175 22479
7019 7695
12785 25640
2737 22849
17249 26690
6027 10646
10114 18721
2396 20582
14477 27451
19238 22870
16784 20658
25452 27043
8155 22925
18354 20631
411 3793
4735 20629
15767 20097
4515 8057
25910 27285
7997 13714
16301 23598
406 16671
17965 27087
915 10019
4992 24576
1144 18445
11292 24915
16987 23643
1909 2167
325 8857
3765 25904
16961 19727
10972 21345
22634 23911
5267 15591
17013 20814
6426 20313
15672 18570
7893 10321
3805 25949
762 19844
10279 24085
12411 25211
14010 21564
5407 25286
7043 25793
8806 20758
229 18392
1993 13083
2973 8067
4489 5102
9839 26089
24232 25986
1609 26642
4778 13327
1936 23928
13072 14233
16536 18565
11082 26549
13645 25095
16395 22998
6930 26769
324 4067
13420 23366
8157 10431
15718 26552
13093 20661
7758 20258
16461 20291
24098 27841
6525 12355
20603 25867
22469 22502
2341 7809
6349 12677
1430 8898
3541 3711
20134 25214
2651 19319
7915 17073
5681 15921
12076 12570
5804 22581
14276 28092
9526 24928
5818 7866
3463 24856
19788 26617
12356 27313
6832 25453
9001 21847
12218 26554
7113 16744
10464 24292
9229 16674
14997 17592
19130 24393
6363 8160
3859 8246
13804 25270
2715 28202
16239 19536
20502 24325
25825 25904
1330 18181
9625 19721
9430 22072
2768 6267
11009 25232
583 17892
20906 26787
6495 21537
7403 8217
3110 22011
309 11295
11696 18736
312 4110
22415 25468
10461 22627
11748 11978
7077 10160
4986 13255
6807 8081
1234 22105
6702 20006
1055 25692
7439 13905
11261 22376
22998 23988
7073 7975
12591 17936
1023 24589
3562 18982
22536 26477
9544 17284
12204 19200
14748 17992
5540 19723
86 16071
1574 9226
23173 25708
24991 26442
605 26182
396 27849
6449 17356
4831 8592
2177 17040
23915 24563
16652 17535
6086 14400
5989 19140
7647 9905
10301 15626
4749 14412
6879 8706
10273 14592
4360 27790
22787 27238
19049 26207
15047 17965
2270 4196
8795 8933
2617 3263
8802 14228
8596 22764
10407 11992
13271 14602
4717 18133
1137 18907
16840 23198
9788 17194
15286 23628
4037 23414
4949 23022
16258 23863
9858 23799
17135 22283
18784 24069
18281 20654
10763 26169
6870 17565
11335 19348
4444 14296
23045 27977
11416 18988
17204 25329
12941 21291
3864 23015
2518 22954
20115 20990
3872 22588
24148 25309
24608 24823
7802 7956
229 8852
10440 19947
1925 4028
9889 27734
4050 22463
22550 23645
7150 12468
1142 25977
7158 10476
12554 27579
2899 10110
10888 23396
26670 27296
874 21490
18409 22245
11340 25896
1979 16694
10326 27064
1335 6008
1134 18078
13810 16751
10646 22581
3506 6130
10396 15236
4933 10446
16284 18318
4282 21712
7956 10792
6586 15383
4618 12892
1694 2816
3700 27807
2623 16640
923 24715
8472 10954
21231 22910
7205 19570
4828 9008
8441 11494
13093 15776
7557 20108
1448 2421
3589 9358
10335 11067
4607 14626
5290 16465
11059 26490
1180 5786
767 14720
12706 20398
759 20553
16961 20579
10646 22416
2003 8042
14293 27605
8263 25228
4340 26297
15922 19999
10052 20161
18224 18251
10023 18911
293 4018
8802 22481
6594 18084
10471 10822
7737 17848
1795 14541
5521 6794
26758 27685
11771 24948
25174 27420
10372 19372
15442 19835
18251 20550
20086 20211
5859 17787
4580 5587
7869 18784
1112 2303
27306 28049
6677 22420
1442 27595
16959 18544
1440 15508
5716 9116
9226 19820
12606 19781
15260 25341
5618 22425
11320 22433
3838 11949
9243 19289
2191 4256
6426 12790
237 19701
14997 22200
20151 21641
2024 3940
14023 15477
1630 3790
15048 23568
19289 22996
2015 12704
17695 26670
10393 18369
2563 15144
10747 22278
16362 18361
7083 27923
8579 25884
14539 16076
25380 27981
15157 26032
7647 20016
6201 18204
7859 13350
13724 21277
18461 26406
13046 22104
814 4831
4945 18901
588 21431
9600 10333
26110 27751
1043 22265
8349 18728
9251 25163
5907 20632
25772 27424
2111 21390
9438 18993
9117 23474
8352 19305
22634 27071
1284 4006
3370 15660
3358 8527
1776 16225
2714 23269
9443 9961
1398 24287
20047 23289
8992 11010
5079 14443
672 21611
11662 22759
14584 18501
4044 9561
17963 23946
2369 24195
1528 4340
20417 22498
3262 9915
15795 16668
5016 8174
1635 3728
1398 8264
1537 10786
7740 13203
13286 19140
2202 22485
19727 27686
1966 9535
8657 18787
3741 27609
6640 15857
108 5598
7194 8323
11286 20719
11973 12203
24019 24384
14507 19222
21525 22320
6022 24731
2240 8770
14043 20084
2519 14191
7210 20001
22035 22898
10939 22630
11569 14519
5728 13125
5384 24187
1779 19242
2168 24984
8424 23396
3608 10444
7429 22161
8268 11730
14371 18787
4627 22438
18772 23043
25746 26347
805 5728
15695 27220
19138 24393
12068 18412
13553 27129
2163 6832
23409 25010
5681 27763
5151 21717
11193 12368
4974 13022
2306 18784
11049 21290
21131 21662
1246 18604
638 5048
2163 13736
3904 6674
19858 20470
2651 21911
18091 23267
10050 16746
3076 11987
21226 23265
18662 18953
1105 20813
4003 5916
4293 14463
2667 5978
23380 26206
9127 27273
27444 27778
6246 8770
1407 15660
7739 24727
8924 20712
15367 27313
312 27705
11670 16490
4878 12459
1755 11443
3192 3882
7303 25283
1795 20258
11430 16673
19481 24055
12873 17177
21501 24143
3484 26087
11963 22430
5198 20799
7149 25734
21692 22284
22607 24390
3784 13234
14947 24771
13078 27381
15077 25046
15247 18442
24904 27274
20503 24104
20041 22875
8733 12798
2658 10564
3714 4496
17057 24756
2269 3803
4326 22682
18876 25922
6705 24616
1350 6930
7224 13253
7205 17487
1394 14537
1266 3798
25184 25956
5437 5773
3581 20449
2146 15357
11962 15622
15069 21025
3093 8669
18133 27373
8841 16941
9193 9789
2008 17980
2908 24673
15729 17905
20490 27393
23141 24147
3345 6214
6139 24539
1593 2152
5402 7000
1920 24637
21000 24659
8078 19672
3513 4719
11383 13655
6889 20038
14322 22694
2575 7454
13360 25658
5861 12428
10935 16855
15476 19409
12101 17031
3051 19879
23146 26757
14033 20833
47 20953
526 5093
2353 6754
3002 23547
17922 24390
17078 20938
2937 10442
10369 21577
3317 28074
18295 20758
12971 16679
9115 21032
8182 21149
23929 25759
24611 25660
2858 22966
1587 17900
10393 14445
5288 21473
11709 12842
1138 10531
20384 27374
8784 23525
20697 25181
26260 26358
8787 22498
805 10981
580 2197
8924 21883
15621 24551
8040 22479
25414 28109
10844 25953
24412 24861
609 10876
16632 21990
16794 26053
26601 27716
10206 12339
130 16640
107 16683
13282 26077
17988 27787
16910 17472
10741 10839
2197 2288
4217 5711
5949 18015
2433 9992
334 7031
8785 19601
11156 19790
5516 21864
3624 24052
16035 17590
5416 15396
24638 27570
24923 27579
6785 6837
1745 23445
6894 17562
8158 13553
5660 22728
3257 12696
3856 21446
4507 16888
19530 22719
9345 17832
4096 21202
3456 5263
9043 23162
9776 25886
20355 23763
21637 23346
7923 27749
1745 6026
430 1925
11167 14314
5864 12109
3264 7351
14853 15086
16749 24271
302 21296
19390 25193
9837 18318
12737 13013
12941 21700
16206 23550
21730 26824
10945 20313
13744 14997
24244 27078
22404 26875
6134 18745
20076 23037
19346 26585
16673 23442
5458 22138
17757 21849
22537 22569
261 1526
10549 14997
23593 27541
12807 26896
14431 20119
6976 22146
9542 20355
13937 23013
21886 24104
5214 17364
23288 25328
19735 24965
14138 26831
1568 25886
4081 8816
3468 15097
14106 20417
5311 9193
2163 15551
99 425
140 20947
436 22998
4209 17273
20892 26076
7194 25012
17287 22581
731 4781
10014 10961
14317 17527
4332 8624
1544 20022
406 13091
10733 10972
15766 18362
3842 18369
15443 27686
916 18291
4332 18304
3821 5313
7255 20310
3179 7737
25794 26459
8956 12282
5978 12629
1630 23327
20162 21470
9600 22418
21333 25780
10068 17507
3053 9569
6327 18713
6059 23610
4101 23679
3165 23736
5691 13203
606 890
6685 10745
16346 21996
10794 12139
10971 25971
7469 13416
15162 21438
3828 7341
4952 19004
20 28169
7944 8638
245 2592
7844 25828
7699 16947
7915 16619
7869 17424
16627 22892
16439 22956
16922 24274
18054 27366
14029 27706
5717 25306
25993 27611
1036 26622
17499 24934
6267 12780
5767 12829
7463 20498
14599 16205
11340 12402
1160 11795
13134 21438
3163 14055
387 6253
15312 17836
1864 19508
7225 14724
14358 14557
4081 21398
21075 25182
891 16301
2189 15729
1181 3976
16898 17880
2031 4112
15947 23555
6926 9635
5930 10942
7421 9873
2007 19259
15251 18482
7523 15286
1270 3955
13583 25350
7061 12117
5174 26041
1535 18891
9115 22259
10454 14082
18775 26265
17852 22323
1290 20696
2329 14694
8396 9816
5064 17744
17828 21982
8122 19249
1144 6770
23305 24649
6672 22040
14645 18385
14577 16667
5403 11529
6911 22877
13575 23955
19817 27279
424 5308
6177 12617
18607 26879
5569 13221
4508 19651
13507 19721
107 356
4853 23945
2869 20760
13101 25617
18412 26367
7979 27795
13373 19952
5913 23585
27167 27181
9489 21564
15300 21497
13036 16900
21498 24943
5746 21671
889 4440
1863 20732
873 14471
6135 22265
7354 27719
7758 28095
3728 6179
10971 21541
18115 27795
11494 22496
16369 17073
3666 14633
25214 25468
1422 19189
4247 17010
10160 13494
9129 9704
7478 24838
3852 27797
8739 22457
9601 23476
14380 20856
3617 19086
7005 15418
3139 20504
19686 26786
10105 20752
473 3649
5488 12290
11218 23890
12423 20953
230 24208
809 10953
220 3900
11612 18078
12506 18304
16700 24660
10309 14193
3944 17076
7693 8816
17912 21688
10293 20160
15308 24918
24023 24064
10050 22689
17482 24904
4833 14043
24539 27938
4509 26621
6702 18646
25167 26026
19247 22012
17435 18872
20342 26795
10645 27428
152 6268
18516 22814
194 2676
10146 18891
3440 17103
21901 26824
8924 13402
3147 15291
3585 27599
7972 20835
6174 23497
19086 23792
18191 23781
5485 23277
6830 14575
13863 22827
19762 25885
13802 26930
18533 18909
252 23876
1624 16640
13830 20707
8304 20272
678 16131
16258 26061
2954 26476
8414 27942
2470 27788
7047 8361
19686 27211
1882 15840
4737 11846
867 15932
8104 11097
1840 14670
18351 19530
16944 25492
19099 20629
2370 9731
5984 24422
7420 22256
5989 13564
15906 17634
14534 20409
21891 23283
19753 22309
12250 25439
21687 23809
9738 15900
23803 25318
7420 12119
5149 23178
21690 22135
10348 19414
14851 24659
14399 17783
14980 27898
5731 11904
11104 26134
11409 21684
949 26421
3401 14778
3894 7907
308 15054
2389 9850
11816 24298
13032 14040
4292 8837
7142 24943
15857 22062
14876 28205
7737 21318
15951 20200
6522 17655
17469 21021
5722 16386
1969 21831
3802 18206
204 22659
10792 13329
7018 24934
8047 19272
17726 23442
8899 9205
21537 22664
9420 19843
19813 27579
18682 25410
13054 21861
1459 2392
14402 20380
17804 27104
9020 23577
9285 15022
3185 18985
5346 10207
14223 22644
5381 16038
6846 20943
6495 11213
15789 24069
11534 18021
19990 28139
8588 12737
7545 15604
4162 16898
10524 21192
1780 10389
9582 19085
11484 20012
14080 23708
17057 20558
2517 5387
3019 7108
16194 27767
9643 13887
18994 28108
1914 17952
1449 22957
16223 17742
15546 22416
1817 21798
3758 17556
18669 21538
14301 15418
18095 25910
19759 22711
11210 18828
23911 27016
7746 23029
14979 22724
12948 27300
6760 20151
3483 13329
1477 25222
14941 20985
14771 20046
21929 23082
20367 25822
2334 4960
1635 12214
2351 17314
15622 27452
535 12862
396 5888
20621 23823
3165 6196
13741 21402
7783 22696
1878 14648
8741 13710
12075 18724
4861 26193
9517 10314
24061 24255
12822 23165
17673 27924
16013 24781
3519 16152
23143 23249
19075 25033
43 19650
23198 23515
2898 5649
1014 22514
17975 22008
13219 26066
17194 18241
9986 27816
21024 21079
2617 22786
12196 17465
8151 20162
6983 25422
1795 7205
11653 11894
10197 22866
952 14544
705 26480
12709 13810
5725 18708
5827 28071
6448 9425
2656 13597
19576 27197
5619 17500
12649 27273
5821 16329
2487 3814
7890 26550
1061 4270
21066 23136
4280 17825
8880 18521
7324 22683
15997 26024
19091 23074
208 21600
5117 9408
2232 15862
10756 16323
10230 24693
1317 11246
16515 19190
12679 20841
19298 27113
2081 2519
5219 18472
11079 22324
152 9234
14568 25864
13245 18779
7721 8827
14699 16812
16979 18598
13825 14969
865 25789
11599 15189
13374 18033
9086 13970
6498 8193
9061 9545
19853 27569
3420 22944
20031 25555
14672 16922
5448 14642
4414 6489
5252 8174
13193 25564
938 7915
5510 19768
8349 12805
8437 27314
5087 16806
9287 15084
8246 14723
3337 8478
6215 12853
106 27688
1852 18820
4720 19742
294 17787
11990 26704
2322 16289
6838 16170
1039 16276
1900 18760
6594 8852
2003 15859
25445 26896
5008 16963
4518 8544
787 17264
14457 19583
21476 22865
8388 17069
13291 15723
24820 24876
1575 20123
259 7977
1832 19359
22104 25309
11920 13952
4143 20053
21566 22989
13050 19289
3341 24478
7741 26324
23383 23963
6579 8982
3794 28032
10501 10839
16963 25201
17847 24122
15302 21853
12525 21091
3554 5427
1434 15401
10407 11816
15731 20553
1030 27851
251 17782
19785 25330
3728 25275
13920 28068
1522 14610
5831 14736
26261 27969
4701 24980
22870 28157
7603 26542
18807 24060
21098 27298
8085 24786
13486 22306
6254 11987
12426 25754
21555 22472
9970 14513
1214 8463
10052 12711
6042 24659
15561 16054
19061 24519
6708 27770
7205 9086
18787 23770
911 6848
1481 7360
16330 16709
11558 25203
16144 18423
2041 16540
1349 12262
22596 25225
6758 17474
11629 12538
8291 26458
5577 12058
7949 25782
24172 25187
1936 11078
11100 15977
8310 27756
6848 13725
12341 15245
13142 14576
4274 14763
6256 20913
22160 23193
20182 25174
24241 27557
9791 14534
18948 27867
12369 27374
1075 28027
7162 26476
4245 20634
11729 26946
5309 15308
1874 9622
3788 7199
13232 28031
8424 17460
4282 17953
3794 19839
13017 18329
13204 21511
6182 16980
7987 9194
4964 17990
1399 14753
7402 10326
12988 21738
11431 27867
4871 18038
2810 8351
22421 27506
18219 26419
4949 20850
25725 27924
1958 14104
16351 27660
1270 13626
15141 16941
3053 12282
916 3712
11082 18223
2296 27096
610 9086
3236 23296
18352 23538
22882 24806
14695 24098
8010 11902
9380 25455
6754 19746
12936 15391
4216 23750
15360 23919
19706 25214
14368 27643
3915 10778
19351 25647
5102 17752
6001 20483
7114 27795
5337 5832
15695 18010
1920 11100
18427 22334
18314 18455
12158 20523
13316 22210
13016 13161
20758 27655
4565 9301
13054 13807
5978 10584
967 16261
1117 26405
24122 27810
3172 7835
17138 24823
8094 20695
10317 25921
4326 25766
16026 22607
3599 7681
5681 6983
3379 17338
3729 18435
20677 25158
6296 9228
24858 25502
6760 11893
2001 17742
10208 17370
6196 6972
9226 11439
1635 22404
4523 17353
22008 27428
6248 8688
24062 27835
495 19086
22178 27478
7360 15181
56 16351
1947 20286
4350 8511
8624 12971
11603 24933
9022 16515
25043 27761
1814 13106
14675 23143
24410 27559
4162 13785
9895 23312
5177 21646
2278 9552
4883 7804
6286 19712
5878 14907
20550 21984
11832 25159
7835 25220
5602 18784
10846 20551
747 8081
24723 24782
15397 18604
1578 8734
2954 11087
7573 15063
2894 18050
11142 14342
861 22646
16184 23082
13864 20754
8899 18421
13905 21402
7144 14657
22663 25410
2107 6182
2769 27997
691 14907
6506 22446
2759 7975
11746 15635
1056 15479
10082 13036
5989 11988
10429 12243
5704 16538
6687 23249
10061 20355
3875 19655
9367 21724
18761 27180
24950 27646
3617 16766
24442 27912
8029 11076
17374 24139
11416 13900
12657 18285
2709 14369
2402 21431
7668 13017
7360 25960
11953 25194
17537 17963
9683 24539
4289 19052
546 25935
8864 19913
9471 24640
2635 7350
124 3852
10868 24023
8991 11784
4192 12324
24681 27913
13946 18479
3186 26033
7182 20758
14838 17749
22946 24595
22651 27514
10390 12684
5832 11468
14167 19548
2667 5874
3337 22946
11597 19005
19347 25232
20794 23941
3667 24752
7796 14033
16487 18115
3689 20938
18072 22678
17727 21925
10547 19315
764 14584
10280 11424
13359 17259
7364 23670
8977 15484
12508 22079
13875 14278
5287 15340
2425 18602
18999 20758
8604 11738
2700 21134
20661 26030
86 18653
12119 22256
2556 10068
17269 24371
24094 27429
2172 20271
10825 27810
3952 27318
10308 24121
9514 14745
1008 25336
19085 26270
4414 26153
16929 23342
13894 18845
16317 17923
16609 19444
1162 23767
10845 12934
2850 6397
2954 10725
3567 22468
3024 9621
13844 14024
1710 21353
424 3378
3987 27758
10677 20137
374 14801
20406 25013
12512 20503
24419 26774
14228 20046
2584 22485
9141 23754
6224 25284
615 1724
14989 23896
7950 19033
5248 20445
8134 26545
6085 24219
14522 15927
8586 9544
14010 21304
1759 4101
8785 25468
15597 27300
14552 14906
5153 27841
4497 25712
7984 19354
22649 26476
485 10405
4703 17456
3417 17209
2526 20755
6718 26922
12341 20503
3841 20219
2233 17424
2813 5883
3865 14681
12141 19974
4728 20409
13240 14380
24612 26978
7328 23725
17253 18400
13195 13700
8564 13123
1726 1735
689 2247
3993 16749
5327 5815
6669 15592
858 14136
4205 14776
1688 19165
16197 26193
17115 18911
11356 16245
6098 19513
3988 17438
5850 18931
11058 18116
13059 20061
5989 19570
2132 14696
11286 19832
17349 26006
3724 16234
3634 14771
2657 7439
6972 13193
7185 23864
4037 15854
15149 25225
7243 27980
17111 27495
6821 25769
14771 17022
464 15280
5057 25337
5377 12114
1840 11334
896 19877
1293 15606
9583 22841
1397 14206
3041 26599
6077 26544
4701 26528
17097 25231
11811 15443
967 20424
5531 21542
5865 25289
4842 16337
12689 23193
24823 26710
8036 24955
8318 14558
7075 10512
19130 21484
7200 7847
18950 23143
14588 20816
17509 21915
17704 23375
3430 19442
10093 17892
4009 24804
3825 17251
3228 24336
17586 22986
3636 5003
18418 24682
11080 25049
2611 27788
5943 19139
7438 20575
10747 19957
9703 18973
24945 27376
8824 14468
6775 13205
514 17692
23553 27766
16660 17963
7007 13002
19657 27761
16238 24621
1657 14894
787 19375
5971 24254
2016 26916
125 19805
7176 11791
24279 27112
4082 22299
15869 23919
3409 27832
604 10329
3154 12551
9012 19356
20925 27330
12483 25432
12438 18718
6291 12947
5702 10179
21697 24997
8182 11975
7131 9134
24500 28248
19692 22666
12416 19028
867 13815
971 5969
4009 10018
3143 9054
14378 24393
6998 27559
18249 21079
24842 28211
22283 24637
2024 15792
14904 17592
8924 17458
23516 27573
6749 22511
6158 16953
4577 16884
7439 24804
12424 27263
1015 10393
16905 27932
14663 22416
3793 4776
2180 9094
6377 17861
609 12078
23143 27981
658 25849
1387 1993
25016 25868
12994 18708
5344 13625
814 8249
12447 23881
21207 24371
7299 8990
2379 24524
5638 10944
7080 10015
19275 20123
640 23799
4352 7581
4202 22567
1037 14590
10495 14825
3575 20672
11011 25634
16992 21349
303 19712
23701 24273
22650 27128
14867 16335
17967 22440
5166 7843
1015 26554
505 9086
4763 7429
17535 19217
19952 20288
24005 27943
1878 26127
5295 23108
7627 21053
7320 25658
10799 21616
374 13810
17787 23419
331 25006
8876 10032
4712 7847
23983 25207
2039 3226
9321 19303
12404 26540
4806 24069
19005 23767
3568 13145
7905 26791
12612 26641
5999 19554
3141 23762
11631 21804
39 14687
16906 21770
12952 14524
846 9908
3257 8506
2067 10428
5125 5210
12257 26340
1527 21252
8394 22321
12403 18237
629 6595
16102 17058
10230 21001
3872 22425
9323 17657
3399 4340
19186 24613
2654 17355
4581 14637
5295 19938
3065 8067
8683 21286
2163 27952
7836 12792
15690 26168
22079 23094
5472 19781
4763 25090
7945 21798
3114 27727
1402 1940
1699 14694
11484 24199
1925 19343
14193 18751
18208 24279
2677 11295
23558 25726
644 13203
868 7423
16939 25886
5390 21787
4561 25425
16984 27086
13 23372
5198 12236
14390 16136
3139 9518
19116 19429
2314 16736
3264 25219
20393 21853
6862 23174
13864 22322
3608 11937
9294 12369
5743 21113
16261 25564
14461 18529
13344 27309
369 5984
9683 20491
6584 23593
12199 21109
2664 16626
17080 23857
4416 21127
15283 17752
8044 9177
10587 14398
14378 24939
18046 21207
13772 20943
3587 25275
23358 24025
2250 8003
14720 14867
14637 22686
6539 11759
2859 5255
12356 27060
18718 20901
9405 12312
769 14817
11597 14091
11488 21618
396 18115
11409 22885
2200 13702
2024 9466
11655 24306
12086 17416
12462 14254
12082 14355
758 5205
1776 4993
4067 14352
1851 10023
14853 14958
19691 22461
10600 17993
23955 25468
4423 27417
18208 18945
9416 18669
13785 22149
9888 17250
1414 6054
19857 21886
18192 20633
28 5961
5941 23455
3323 12656
3337 27300
590 13812
4477 27927
18744 19004
5988 11805
12 18926
8148 18350
2272 7820
8470 18132
10707 11902
8657 18831
7962 27091
6903 24872
1720 25155
2815 3038
18267 19122
9799 13123
396 21929
6879 13585
4010 14878
1782 10352
17592 25468
23434 24617
3488 4091
14941 23619
2648 23467
2803 18824
13383 19819
420 24991
20594 24026
16001 22338
8816 16401
7523 25294
11836 22870
5008 15166
3239 18056
15721 21577
3441 18519
16082 23995
7074 11080
5062 13440
3357 9253
12393 26897
6301 19501
10717 18723
3488 17530
1801 7205
8343 9104
2882 26929
3728 13828
17326 25110
2047 16328
341 7079
3625 9590
2677 3255
11456 24709
8806 18115
313 2339
19877 25630
14195 16616
19238 24031
16222 23043
20726 22135
3465 15164
14024 21633
14969 22543
6404 22708
10432 21256
15166 15470
3449 21139
3681 5912
2764 27123
485 21633
15343 26200
4651 9234
11040 26319
3995 9022
3275 18011
361 7626
1993 24390
15847 20824
9605 28055
18629 22419
7670 15410
8404 25362
4205 5893
6587 8128
5242 14552
12228 15531
20026 24191
1224 15749
23635 25986
3942 16490
6572 24280
9525 14771
23157 23633
1836 22431
444 17659
6408 24676
8959 12189
22031 26475
3733 20577
1900 5458
22464 23285
5301 7079
6274 20805
6244 26660
111 5047
5758 24520
65 782
1389 27660
10287 24503
755 1938
1914 24589
740 13200
490 16987
1606 28054
607 27578
7869 17640
12718 22897
18692 26999
449 11020
9683 11529
5918 7835
16138 19721
10280 13677
5096 25157
1971 15748
11953 21309
3195 20959
3810 27080
10358 25336
6263 17863
7162 10953
3858 14520
8151 23760
12641 24994
14473 18230
15493 21080
9981 19960
274 11573
9361 18187
6182 10934
13184 17550
11682 19197
18009 21374
14145 16322
8924 17345
8669 21902
13962 23130
5691 23118
3874 22200
2787 9645
18554 27444
16149 27795
4806 26229
564 23392
10132 28049
10369 13611
16458 16961
7586 22884
21963 24422
878 23007
15398 23398
18122 24659
13227 19021
3059 10956
14791 26061
9527 17728
17140 17326
9579 10959
2602 24131
14044 14950
283 9978
7701 15610
17526 21727
16880 23932
526 20780
13291 14309
8712 24396
7820 20355
244 10593
23078 25838
45 25992
16856 25008
13266 21431
21418 26679
4035 20639
4504 6531
12415 17723
68 9903
19372 24998
6832 20288
49 9919
4693 22903
5289 25439
890 8459
396 18924
21792 28048
11006 19189
652 19617
19440 28014
1767 11993
1742 26764
23375 26821
11840 23825
5448 14590
3114 19954
15782 26303
1795 9226
296 27373
1858 22127
14392 24062
5984 8318
24150 26019
25236 26152
11576 12076
15228 20956
7464 21112
1387 13764
2413 16225
16565 25838
396 1795
1852 3728
18280 20162
194 3115
8939 16138
4136 8172
23178 26766
4421 14683
2665 9989
582 14575
21884 24412
5205 15104
15087 28176
6029 14913
8150 28008
6886 19790
1212 14500
3121 4287
13572 22992
1768 12481
15722 24589
7367 17582
4610 17963
15064 24062
10972 21159
18302 26187
7617 26186
6646 10990
11863 15660
6255 22296
11810 17237
7499 11187
14274 23529
1005 9074
11020 26147
629 2832
21503 28203
8351 22779
2803 3232
10861 14691
4902 22896
13161 14795
16682 22721
11274 27462
10532 13564
7889 25427
16781 20187
15157 18057
10003 23674
4314 14437
3484 25451
1223 26322
9465 24830
22217 24864
24682 25350
15496 25757
8679 22829
8705 9893
22624 24653
5661 22724
16687 27053
14633 20309
11200 16487
3091 9645
8757 23119
3975 10350
12250 20133
7760 13527
867 16823
17037 24970
6054 18220
10673 15747
15793 16602
7836 9252
2767 20586
1129 9176
5983 15493
11914 12018
2488 3887
4534 21799
558 16762
8924 17789
15095 20819
2682 4556
2110 9572
634 17878
6700 20408
5630 28196
16941 19398
8488 12945
10451 13449
20816 24565
7980 9260
22295 27353
10767 23338
7783 22984
13682 24247
5161 23987
7428 8091
10767 20384
23006 25010
2301 17569
5676 26990
9724 10956
6604 26758
1358 18883
16930 22031
6591 11836
21475 21746
10102 19441
8985 24393
12709 16187
8018 20483
1601 23113
2970 23566
16351 25008
1741 11907
11983 23034
9524 24530
1878 9672
19639 26074
7898 16083
1270 27920
26142 27002
3597 17513
15057 22616
3317 25329
24069 28275
9702 12562
18177 25028
3251 18583
1 15057
3122 20384
3742 8288
12093 15082
17907 21149
3944 24450
13202 27932
20786 24005
10660 15107
4510 10653
12757 15107
3724 18568
4097 19109
7937 8964
9040 24645
3029 22581
3163 10033
7068 11151
5540 8058
1573 6069
6220 7434
5890 22082
2044 23358
10232 20391
1475 6127
8495 19935
20869 24229
6062 22104
22977 25763
18255 26330
20942 23422
10961 14102
10320 17851
14814 22726
3050 7900
5766 17836
12945 16150
12849 23605
20500 28156
11528 21412
9837 26846
791 7929
17041 26373
19432 20384
1020 17797
9095 9226
1609 19033
7959 16656
13037 22517
9041 15626
5617 16216
6172 21564
2469 24937
2518 10330
6301 11356
852 13914
3534 17754
786 3419
18155 24292
341 20648
4436 7950
14342 15972
17980 21636
4162 23863
7529 10630
2607 19135
14055 24503
341 20442
8182 20205
14491 17748
4594 15428
13766 27997
6575 16152
2413 21237
3204 27093
8437 26265
13927 25057
19004 21429
7497 15722
10188 11225
7115 12651
3269 25735
1180 5857
7021 10284
4 5203
5950 7523
21194 24554
7222 19538
20078 22053
17257 27243
21748 25626
5662 16131
10230 22184
9772 14633
25856 26447
24360 27702
3810 13313
8875 17883
17394 27830
7239 14994
12114 17561
18061 18870
4954 21761
11113 14056
5579 22026
2883 9874
1775 27867
2968 5228
8036 22205
4263 4307
25491 27263
9084 15517
942 11859
7337 9479
7839 19753
4096 22207
12893 16991
5445 19891
4737 22425
2284 20053
7081 19598
13945 24326
9496 15610
10207 10952
9834 22425
11042 20626
6147 17574
15321 22895
11770 17521
332 2650
14783 22729
12677 27263
8814 25299
1106 18714
542 1162
5363 26190
18743 21045
17196 20170
18192 24601
18944 20222
1257 5010
10767 27013
11004 20014
2972 4068
8867 27833
8711 25647
160 12023
5246 9452
10805 22771
4332 6188
5546 14546
4388 13659
20879 24208
1 26930
5593 6756
17847 19086
2386 14939
3354 5244
2905 7635
3934 14333
9652 27664
8804 10393
10774 19061
4142 17597
650 4167
1622 20332
11529 19481
1834 28007
203 1176
2582 15369
19275 25349
1140 1258
12605 23372
9869 26201
10368 11194
2679 10663
13473 24069
287 19995
3826 7542
23328 27107
650 18689
23183 23526
4758 13017
20410 20858
621 9847
539 1849
9927 10475
6642 23579
20517 27702
16901 24690
5278 22558
5485 5719
1449 15590
2651 18753
18743 19623
569 1688
787 14033
16471 26738
15553 19068
5436 10059
686 2623
15117 15426
7354 17601
9676 12006
18994 26719
13127 25951
6517 25876
18787 22448
11457 16338
18272 19161
23459 27969
13683 16557
15311 23275
2997 25428
7880 25803
15722 18959
17742 24131
14396 20081
23016 24252
899 3125
23372 24939
6017 13578
14783 17020
14393 17040
4142 12639
4507 25896
13188 15504
18300 21025
13017 14863
9664 15786
3674 12397
596 18516
8601 19568
17653 17922
18027 20355
10954 12171
600 13359
10951 16814
15837 21944
5315 27924
1840 15308
1797 6053
7783 16842
3126 25050
11985 14474
5583 27690
10829 21869
7081 10225
15271 17214
12088 16656
17570 18307
19867 22103
6263 22575
10698 26150
6590 12481
197 896
19289 19988
5300 6209
763 17543
9912 22156
11847 25206
10531 24453
1925 25076
1767 13883
20930 26300
1508 26899
3059 7802
1236 26547
406 9752
16268 17274
16972 21163
6894 22682
3727 23778
3250 25254
7708 21892
12066 24122
7841 11710
5579 11023
10767 17763
23 7290
8846 26413
1613 24603
2410 19398
10885 16470
15088 16943
6935 21919
276 8391
8603 25287
14864 24836
23957 25682
11296 11952
8386 15186
7099 11229
6331 23341
7123 21093
1937 23574
19424 20917
12097 14431
7703 11104
11629 24148
8781 16582
9835 21228
16582 19566
17108 26025
9042 27768
173 20370
7002 12794
193 26143
6868 16643
10844 28100
15713 26665
6990 8177
1112 5302
3682 24976
14976 27117
7945 26981
24416 26077
6990 20472
21565 25636
17264 18133
5716 7509
24847 25468
5277 21443
18412 20729
18823 24830
13517 18113
7114 11599
3954 8454
6962 25751
12228 19133
13329 18993
7130 12145
8734 13712
14264 16534
22017 26173
5466 13422
17238 22033
2782 18018
8684 23230
4310 16588
17399 18621
4024 13366
3689 17078
2150 12774
4038 5184
18421 20743
11491 22983
19705 24444
13597 18024
18604 23417
2667 15647
25610 26189
4924 18249
130 22729
14478 21113
18562 25991
12805 24351
15536 19741
11066 20427
4595 14672
2915 14947
17404 18137
22928 24387
9154 12379
2895 24955
14970 26131
8001 24502
2419 12595
5721 8958
4209 9992
949 23396
3592 6282
16311 19566
3279 16462
18018 23254
21064 22463
1746 18655
3634 24002
16181 17933
245 14794
15426 27279
2743 7948
1605 21943
9234 27100
9231 25451
1446 3401
17933 23633
6555 17727
7873 25372
25009 26197
10532 21798
14102 23675
1185 13697
6478 15073
4875 8251
838 8531
4573 7457
905 10749
4063 22308
9524 17812
5525 16916
12493 15410
2390 25086
8875 24636
7768 13679
1666 10961
17238 28036
6317 26273
19853 26312
19033 24831
2065 21989
20841 21612
7984 22476
823 6719
3140 6213
10952 27809
866 8724
8852 15920
12479 21003
2832 7950
20712 27220
12374 15547
9272 22988
11244 15668
5006 15914
15250 26908
2701 11627
6591 11469
3901 14390
5065 14933
3414 16184
898 12512
11517 26583
6753 7626
4287 18920
5418 8753
2867 17931
3735 22256
10757 23168
2172 5291
1223 13970
20527 21135
17604 24293
7025 23165
874 20096
10264 20611
14609 20990
1978 2288
5764 15432
17140 18368
19169 21407
1852 16901
3712 25575
21712 22319
3378 22584
12036 16205
12227 14955
12219 21913
13091 20258
11113 15365
3807 24254
14633 16963
5433 5943
14104 19140
6026 14689
4498 6745
10296 15053
12160 14964
481 7183
6633 19712
14167 19371
3944 16180
2325 19819
3528 19323
14471 16219
15847 19562
8290 12642
2369 3050
5087 15500
4645 22438
3561 28118
18016 19541
10908 12467
3447 3932
15874 24277
274 10352
5234 18457
8075 12909
9968 20871
7745 9762
1067 6105
9528 27336
11846 15505
4532 6552
1561 22848
16514 18520
13654 16935
11788 14602
5899 18641
15939 19264
2711 27605
7768 9788
13362 14582
7783 17735
2341 18259
7361 27495
17598 23734
1543 9300
10967 22143
10054 18575
9574 21769
10560 16353
10888 23872
12969 17900
205 7277
3265 13756
17193 25004
5348 10846
5236 25036
3054 27482
12377 20319
6843 25329
5500 10079
6547 10618
2967 19275
23 26961
1545 25262
4599 27291
1152 4941
689 15621
15357 25505
6177 18018
56 16856
14795 26176
458 5112
9433 15174
15271 19180
9260 17787
1327 8256
2421 14648
4815 7251
14783 18603
17022 23236
12043 24791
12356 22664
21523 21730
7255 18190
8816 26662
9222 10693
872 3661
5085 11233
16276 18411
22581 22630
3449 25636
9082 18169
288 4107
526 19031
4500 18203
10075 14642
295 13078
3099 4821
3197 15166
16258 26010
22440 25666
17630 26265
16292 22511
11017 20478
11253 16659
20875 21960
9080 12895
2260 19727
4221 17684
7073 10146
24917 26584
10157 22304
11809 15074
1210 4724
9896 25505
3765 25229
11648 20002
22624 25241
2362 10287
8011 25195
8469 27259
5860 25960
7847 14466
2667 19068
6779 8396
1289 8490
12649 23400
7362 18211
13148 16727
14048 15146
9847 18944
9347 14187
12855 16493
22781 26505
2530 19768
20737 27084
1259 23584
2798 21353
11689 14431
13809 27405
8080 20195
10646 25671
12672 24691
9152 13721
8908 21094
14043 23074
7108 10967
3227 3294
11030 18947
10849 27304
2038 8140
18541 22205
9746 17656
3488 6780
17373 25710
1933 25956
10972 11991
18963 23740
7073 16905
7598 16696
3944 20743
16182 24398
1275 24823
8554 14192
10972 23873
14390 18846
10906 27005
2517 24720
27545 28006
15928 26753
16774 22592
53 23641
4639 9939
7963 11329
1767 16640
11757 16705
10306 20954
5371 17416
4174 9442
5594 24870
16027 16974
14626 16938
7707 18583
8432 9428
1822 12952
13839 20831
14881 19445
15715 23034
18541 24454
5342 9864
19909 27175
1188 12341
18682 22556
21015 23202
7213 14969
12040 17066
15596 27200
9098 24521
17586 17804
10369 17195
1141 19232
17511 22237
11953 27016
3872 14380
9250 11626
1398 9806
3590 23111
11991 16512
8924 14867
12976 23214
2696 13310
2206 3633
9986 26838
396 22907
13286 13428
13573 17108
8530 19309
9752 19078
10127 14473
18554 25174
2270 2767
693 14901
5004 10170
19853 26503
8717 16819
1510 27689
15614 21778
1860 7543
8551 9038
2503 21918
7166 16672
2058 22550
8818 9699
11729 27257
16341 19580
7365 8114
14561 20361
18629 25494
1417 11592
15528 25377
18495 20914
10560 11354
21377 21770
1848 3753
550 7977
21835 23059
11495 19409
3019 25957
6261 15376
8889 26102
8835 18131
21748 26878
3169 10956
24156 25740
14445 23254
20695 24028
17773 22814
14981 23048
824 18362
9920 25803
3801 21120
4828 8934
5763 6705
17492 19093
1272 13800
7323 25901
12374 19940
2586 12097
8814 23696
6261 10935
13250 22298
2179 24407
9884 23934
6869 17586
2063 27514
14146 25263
14242 20480
2063 16354
8108 16968
8565 20710
4528 5091
3989 11322
21671 22027
3233 4806
18021 18434
2364 24187
9621 25093
4365 6990
15347 25190
11047 15605
11844 22203
12023 17321
20601 23598
16656 21499
12102 24437
11813 20065
10042 24776
8721 15415
8895 18300
4693 12399
16901 24374
22636 22966
21038 25855
2016 27495
15085 22130
270 20980
10673 19752
12131 16781
5371 17768
7822 28070
19086 26503
1606 11793
16957 26399
1308 22582
8874 14896
401 17165
4560 27519
3746 27520
2937 7543
12690 16276
18471 26083
887 6198
7205 17906
13187 17863
5716 16150
11758 14233
9253 12792
11123 22733
10477 25130
14333 21165
9023 21004
569 24172
11719 21436
9638 26244
4289 14555
3741 14353
9651 24095
5531 19566
2964 22399
3641 20986
3856 18066
11880 24280
9358 22548
2333 27298
21448 22054
3863 14586
5089 7566
22905 23157
3068 23644
12504 19034
3461 10523
10313 28131
14232 19748
1858 13793
9818 26848
23143 23982
19176 23292
16455 19443
10805 16659
16475 18541
7820 14445
4581 19565
15791 23940
9783 21746
8708 19705
2592 9185
7845 14046
16369 23143
12108 20041
13724 26372
4456 17115
1817 10733
1538 13058
9160 10357
2967 7750
4468 27193
9358 17022
424 5494
2547 10559
7963 19588
14867 24668
8677 15512
9518 9553
539 8265
23442 26725
7185 22048
26201 27172
104 12561
2948 21690
8500 14706
10326 21042
7360 23361
14529 24326
4507 13579
4216 22686
24392 24575
5 8775
13423 22348
15722 17366
10935 22446
10323 24343
20099 22203
13263 13872
1318 19398
15055 21944
14153 21864
12775 19587
1630 20874
6727 12089
2470 23298
10487 13827
7531 10525
21126 27719
5609 13261
13087 25750
10807 23872
9016 25474
2535 15610
19183 22015
9863 18526
3296 22329
8368 8712
5943 9574
1863 22818
15087 18304
5829 5983
6658 25055
10208 21919
8333 16456
25080 26848
16210 17416
21801 22810
983 8085
424 15239
13241 20204
3853 27698
5339 19541
11884 23111
12700 13733
3718 27194
4162 7210
6788 12590
19731 22079
14898 27758
811 18361
7805 15169
717 3876
7619 16794
3643 27428
7927 16878
3366 20667
21055 24381
21677 27458
8826 26912
10018 22430
7312 19092
18633 23926
3598 12397
11539 11854
13485 14024
13856 17722
14396 15376
11665 27817
828 5389
14489 21738
6199 18021
20893 23236
9747 20622
16644 17501
4081 28031
4438 26988
6426 7678
12495 14035
5437 26087
23372 25564
22790 23258
17117 18036
2811 7318
11634 22321
14438 25490
5263 25083
17999 25326
810 22663
1023 12228
15869 24665
8924 23413
26860 28058
4216 10604
1540 16243
7397 27702
18753 20392
11696 21766
6994 24929
9920 15951
24894 26178
3158 5414
1314 4253
6849 17493
15085 27938
545 10551
10900 22425
4942 25594
3803 14665
1852 3622
3802 25468
6490 16108
4766 24683
16181 26072
7255 20131
12538 19181
15911 22957
7826 15327
5 11385
1942 11480
6258 17982
10645 25992
14317 22483
2063 14513
13649 27751
11049 12335
11457 25655
21113 26153
18678 26246
6705 25857
17481 27867
5852 25067
2034 4039
1068 23984
14574 25976
711 11242
2515 12403
764 21118
747 9435
9231 25244
18416 20289
3952 9736
4781 22020
2245 15739
15481 22421
8870 11522
6741 27844
15530 16308
4282 20633
11720 23381
13870 18882
396 20258
1851 7428
1349 8893
3575 4134
10046 23202
3700 28232
4328 19548
2895 25468
12759 24010
25699 26638
20367 25077
7016 26877
8990 22118
10061 18775
22013 25552
9726 11055
4217 8656
22364 24456
19481 25321
2967 5025
1782 22168
22173 24715
396 4579
6729 26477
6832 13736
20671 27885
2767 21828
1394 5782
6656 12602
20355 22416
9383 20478
5377 13168
24965 27790
10687 10941
18159 24645
11334 11564
22875 28226
8314 23935
3819 9574
6586 24412
13757 18874
13173 23060
2603 22581
7461 27827
17916 24595
4699 7988
2067 10416
7341 23521
2768 15550
9137 14576
5566 8140
26132 27265
1138 13393
518 1122
21523 26509
509 5996
22783 25538
5923 7677
16181 16923
14976 25862
17797 18616
16865 20639
868 18878
5087 9534
92 9569
3012 16939
1285 18557
4090 20752
1488 23531
9922 25683
287 13947
18706 21254
18586 22630
20081 22058
8499 26063
971 22956
11725 23863
770 24883
7972 22651
7881 13173
424 16311
10292 14513
3655 19136
18000 22227
14814 22923
6801 7768
13861 18629
3593 4324
5497 23941
1858 21051
19995 22131
11997 25448
2245 6173
3762 24406
1993 17291
2721 18874
11480 13766
14104 17581
12762 24218
1530 25962
22112 27715
418 2251
19240 21505
4582 15386
1598 16785
23377 27503
13003 15043
17125 23954
7990 15120
2131 7881
2826 5220
10612 27911
1199 23875
3769 17443
13709 18462
949 3185
25666 25839
5554 6185
5435 25865
16462 17481
3788 11562
18287 23237
1592 5694
13623 23557
5924 25628
6415 18533
4417 28032
7002 9884
106 9404
9737 10921
13062 19343
12437 17593
4389 18677
2628 21962
1172 19086
13064 21667
6962 23337
21798 21866
21948 28217
5288 17795
14427 22506
8931 16679
18669 26441
20417 24390
102 27247
2087 15408
12158 19329
8506 12204
584 9065
9825 26387
1173 27864
15662 16709
2638 8966
2225 3876
898 12085
1030 21294
3726 20427
7021 14082
2410 3229
11444 21058
9124 9165
1848 26516
19567 24403
8523 23312
16953 22835
5327 27569
19386 26572
3885 26503
1186 1937
9196 22814
35 9395
3113 20899
13676 27313
11557 18457
14942 24562
17165 17779
4141 13663
9799 23537
387 10041
12833 16353
4336 11178
23333 24723
6968 7625
9973 15900
6250 7838
4721 17377
11444 12614
5496 20314
12752 22771
9399 16110
11688 14214
2521 15682
8200 15307
5802 28104
12765 22639
9860 18107
393 16180
23113 25788
7919 16629
3165 17615
13856 19883
22379 25847
3257 12204
1162 21962
14728 18719
8151 26476
14182 28263
21835 22766
1386 20234
3398 10725
14268 18122
9883 22399
87 15786
3692 12877
9330 11020
17076 22905
4614 9174
13358 15536
4329 12389
5273 9324
1994 18622
5585 8923
10076 11144
7442 12437
9336 20661
2872 16261
2670 27923
23260 26899
568 11170
992 16739
12056 22688
1275 22040
757 6365
4729 24105
11417 14673
10637 17459
13491 14947
4758 17519
6426 15144
1609 3269
10326 18863
1643 2596
1310 27265
19541 20551
2905 13663
7523 23143
7360 22688
16605 27318
8089 25838
3294 8220
272 8899
1790 23738
7909 23836
5296 16959
9557 12568
2654 22031
11580 23952
9205 17186
14893 18374
1769 19259
4312 6801
6072 8009
9563 23277
3303 6159
2503 18342
5536 19445
972 15381
7014 24939
9090 13091
2945 20948
5042 27766
7243 17120
7950 17787
7987 11575
11309 23014
7828 9110
1973 18012
11327 14690
8775 12228
10140 17017
9323 21638
4966 19512
731 19058
7999 17437
25626 27112
9250 21237
1707 2291
8824 10747
4640 15468
7551 21412
1914 5082
544 27005
1650 4904
1658 10740
17017 25979
478 13459
11080 20759
19169 24586
6494 7160
4220 9303
2865 11345
811 12069
3240 15317
22696 25343
21194 24309
26331 27473
8645 12974
25786 26422
11576 23392
4831 14627
3326 16360
6037 23761
645 25081
8765 20724
2905 12479
10857 24120
13 22973
17478 23191
23722 27084
2429 14437
11922 22965
749 6402
1497 24241
10784 15251
26975 28266
7205 14193
11133 11495
4926 15891
9154 28008
1 13802
2177 18972
9090 17430
11551 27821
1563 14136
2596 20789
6489 14342
9928 12710
14393 28044
16640 25899
3851 26866
1767 3638
6801 17404
20500 25357
18784 24575
1657 18950
7881 9671
7390 15883
11948 28211
3674 12282
11610 16901
5174 21163
3592 18176
8899 15560
8954 22012
12357 12541
10563 12051
10490 21888
9736 18924
867 18748
1676 24773
7585 10155
19173 26932
11113 14464
1852 7205
564 10861
3947 20148
4362 23703
12727 16662
6466 8887
11368 17838
3762 9140
16428 21909
3762 8003
4233 23785
10934 12366
4477 16194
9523 24819
18618 22363
4581 14010
4236 14021
16842 22423
5359 15952
245 7861
26493 27596
3759 10578
2412 12165
7881 20620
1606 18919
1555 20765
3482 26744
4587 24034
705 5166
1843 4109
21798 23361
1830 12479
3455 7562
113 9488
12879 24412
2908 27308
15164 19408
9367 14010
4110 16963
16963 21248
17040 26426
9012 21770
9572 18589
16254 27832
13947 26483
14536 23517
7635 25054
292 17045
10226 11436
5296 22768
3357 3720
8468 11697
3125 18603
9816 18567
1116 17248
12495 20171
15178 17957
13597 14790
2252 15271
15401 20109
12493 24061
19019 19941
19567 25276
19482 19728
6499 22539
2180 10717
18409 22251
3390 15108
11077 21449
5906 27753
5297 8943
3279 17165
4071 6348
830 25344
11484 17885
18472 18650
8140 9275
19021 22517
10652 17742
6633 26312
13210 17370
4272 17399
3287 18195
19021 21272
2544 14503
15489 22655
3307 22365
749 2929
581 27129
14648 27756
4623 21819
9159 20615
23703 28074
7007 10420
11544 18291
3006 14240
5185 26613
369 24510
1721 22052
916 22141
16460 19882
10910 16291
10399 10963
2637 5816
5588 21885
22464 27150
11346 18855
10935 21577
12917 20511
10290 18354
14781 27263
18446 28080
14672 20162
14558 27970
9598 15011
9214 10279
9607 17428
15710 22390
393 22519
19294 21687
3197 23074
18353 23983
27326 27790
7162 19759
13663 21003
14392 24348
14584 21118
1678 5603
4162 7225
16468 23039
6425 25849
17990 25013
19811 22517
22449 22845
25057 25505
7594 15800
15621 24719
3608 21823
14467 17503
6424 9864
9860 19330
22605 26505
14954 25962
1043 15614
5383 22496
7348 22222
16979 21849
4862 26970
5989 25278
2542 22010
21821 23113
5399 25552
17433 24836
5734 7945
15250 17457
9741 14657
21878 25586
7773 26780
7141 15426
588 24095
7972 14668
8817 20958
8846 24886
17161 27751
5028 9528
9614 17787
4974 18453
2530 8057
17743 19610
22163 26915
10711 19429
17407 18541
7512 17630
20069 25110
15187 20558
15263 28208
2381 10048
2210 16340
102 16665
8098 8971
485 12855
10321 27867
1666 7141
11677 24218
7031 28063
1213 2082
5520 17307
10015 25032
1324 21297
1727 11727
3873 5021
14428 23619
3820 13422
2830 11463
1271 18842
7772 19340
15934 24241
10826 19181
21057 23799
9479 9993
4429 24069
2110 4277
3694 17097
6981 27488
4562 27458
15184 22607
4562 15027
19325 23081
9642 24330
12121 17926
7571 16738
10509 24054
15163 16642
21334 26017
15644 18167
23151 24379
313 19829
8536 18366
12155 16276
321 17757
3743 13581
21392 25463
19409 23903
23080 27977
4409 17079
14589 19746
5003 10600
18027 26103
7660 11522
12067 16646
16639 22860
6731 8552
4766 14652
4192 12489
9479 16442
13097 18321
20763 27669
8350 17593
7086 27642
12443 19548
364 11229
5201 13328
17020 22847
9590 18999
2677 9826
15087 21857
22422 28158
438 1966
1504 5300
6792 27648
15954 28121
2245 6065
4081 11049
13970 21925
715 7144
1980 10202
18997 26672
3058 7031
6058 7114
3023 21868
6286 21438
14825 22882
6846 25420
11115 13978
538 11921
15985 24395
8730 18362
10124 23867
4930 14258
3287 25829
3856 5725
16095 18988
1741 18035
5080 9427
9416 11444
5327 19853
15791 20066
8219 11484
15151 16291
6334 10189
6848 7987
13209 26785
7051 12142
15035 16867
6931 18265
22968 27702
8437 26413
3399 10990
4024 5522
8318 21987
22326 26031
4029 20737
14642 24076
19275 25276
18110 25807
3196 17183
14727 19356
12593 13168
8454 21083
15030 20232
1138 16642
7560 27273
4772 5701
651 23566
6142 16599
5210 24846
18689 20108
2320 23719
10509 27788
16114 24444
11872 27031
15404 27990
8150 8753
10606 14634
7018 23839
669 25899
7933 26476
14473 25406
4408 17525
9098 11920
7121 26483
135 14689
2040 14828
1405 18872
15418 21853
20836 25500
16581 28211
7610 11692
191 24539
5193 15173
5984 23560
8261 24316
25006 25968
9915 28044
8964 21766
1058 1469
10464 28157
14174 24791
1199 27934
19552 24950
4192 6605
3426 23596
10604 24736
10670 12147
4881 13106
13047 25702
2944 26977
1178 25277
11028 19670
6134 24270
10877 23520
1867 15298
3845 9685
7073 9502
1107 19793
265 28044
1030 26324
14591 24739
853 919
14228 23066
9767 23082
2386 24062
22028 24122
9264 24294
21545 24451
15309 25091
4626 12792
11192 22448
1361 19425
12029 13681
13683 27706
13405 15512
7152 21335
4043 14823
9915 19410
21798 27016
19290 26236
6832 27078
9586 27028
1771 17838
2283 3019
327 4671
10300 27374
4290 11758
5828 17067
3036 24823
13808 18643
8982 26101
5609 27565
8858 19539
9250 23233
7111 10061
10876 18669
22987 24023
15423 22691
13437 25504
6753 24240
3845 16652
14445 22046
3878 12483
8785 8806
770 4767
15768 25954
10555 16659
425 8999
17562 25879
6931 23915
23496 23923
6684 16803
11336 18764
10366 18664
4061 17762
9250 20010
10884 11093
175 8143
13871 25838
9398 22382
19271 23719
5638 21671
11868 19742
5614 22285
4009 18521
14298 23829
1008 11369
3141 10594
16201 27864
3445 16457
7869 9584
1559 17231
150 7155
17289 20421
1285 26824
7702 20384
7195 18704
22720 24804
7647 22824
22379 22696
17487 18553
6908 15355
4316 27942
3359 11521
1680 27125
5941 27646
5788 23143
5130 18163
727 9840
11370 24090
3565 5709
16158 22518
5071 16468
6930 8400
4065 11270
9536 19137
10937 24241
6462 12291
14421 25978
5706 5826
2076 6633
1882 3265
68 12060
12024 21342
302 25986
5716 25657
11334 27948
10717 18601
13918 14703
11331 13495
19768 23392
8705 17588
13609 27247
18158 24393
14611 25157
2427 20069
20636 24080
3447 18354
17630 21564
24610 27387
2496 24379
152 12597
3273 21651
22020 24127
8459 12049
6244 10050
1041 18716
19731 26177
1105 28009
15130 25160
8886 17513
8455 11600
1683 18039
825 2431
10691 23762
867 16623
7478 17056
9523 10971
15652 27831
25 23717
1621 22415
3819 19139
23719 27752
25273 27369
2484 23144
4944 25774
11980 14872
1489 18084
1852 11281
12908 28211
56 2386
2344 4380
19242 20233
8781 27867
18775 23295
12869 16855
8120 13297
1281 5950
12512 20504
660 16308
13668 15164
12318 16428
10223 10362
8214 12382
3257 10411
15426 19536
6495 13038
2334 3293
15062 19546
25624 28062
1254 11875
3080 13772
8212 13721
6914 27271
961 3652
22515 27490
19494 20171
6057 16804
17785 22543
3449 15791
7919 19109
580 22892
5004 11696
15843 23635
564 19244
1948 4101
1218 17866
16490 24822
8520 16369
3643 20625
5505 9923
17446 24904
6669 19419
4581 13774
4097 22667
3858 12402
6264 7606
3622 4011
1429 9356
11667 23455
2387 7835
1498 1863
18860 25384
16632 23809
20447 26107
20809 25647
4302 27926
3940 17930
3638 14340
2172 18639
6357 8001
2795 10646
20615 25949
7050 10050
2958 13900
6514 22763
22153 23254
3908 8441
12612 23015
3974 20376
904 14021
19675 21983
20053 23696
13282 19219
9968 22162
6289 14532
5875 9268
5839 6569
1590 7105
10393 26503
2311 18211
6594 17747
5434 10594
7009 12468
1908 25042
7387 16730
22393 25228
12501 19573
16787 22942
495 12708
5878 17858
9465 20258
23330 24872
11141 24098
14534 15819
1066 27788
2767 25220
1609 21269
3354 17507
867 24354
1228 9422
9524 21257
187 22105
21422 27264
10646 14081
8770 11480
7018 15054
24127 25083
15610 17649
11283 26514
1462 22310
2837 13961
910 26848
4367 15335
11757 25768
7646 26976
12045 26178
7751 15520
9389 22511
8807 17889
16297 26194
12397 13625
7878 15225
3592 19152
5277 16602
20507 21798
9764 25382
14666 23106
2527 17347
3566 21346
13316 18854
9092 23860
13373 17364
17806 26048
1229 4878
1820 14527
2518 25454
14185 18461
7590 11262
14817 20998
11260 18132
8304 10166
12354 26493
18019 28127
2243 7207
3136 14048
6175 8444
6555 12647
17760 18144
19494 25368
9788 13285
8603 12796
6177 19409
2079 25409
2604 20857
21285 25405
711 21616
16542 17149
5047 18574
17214 22372
22015 25049
11288 15112
2826 18285
155 11364
457 16686
18747 18921
6370 23619
313 23193
418 10971
1426 25709
3531 12711
14503 17018
13460 17017
14703 15575
3287 23964
3399 26297
10050 16984
4756 8361
2247 11076
25428 27050
15857 18641
5003 18078
5150 14129
13165 22902
4421 13320
7325 17562
3763 27111
8150 11632
2061 5344
2611 23254
3504 5393
6439 25306
18046 27494
16821 24456
172 11634
2375 20576
1697 13101
16340 27571
20131 20946
15271 24713
15376 16276
7610 28056
6879 20797
2767 16284
11184 18261
588 11975
11825 15815
4573 26798
7914 24901
21381 21436
6037 6280
13264 20115
16330 16504
12789 27267
14729 14927
3609 21123
377 14513
2964 21326
16478 21883
4256 6196
2536 19189
4475 8230
3805 12171
6158 6573
1266 7751
7457 8022
10137 11137
1096 8730
10012 27570
1888 21111
8825 16373
19546 24547
18015 20485
6056 19851
15731 18833
7982 17492
7043 24398
3286 20791
7950 16955
4641 20791
10497 27988
3859 24155
24011 27745
8804 22460
6936 26993
4967 24952
5528 7300
15493 27813
14171 17193
9638 28074
7561 16194
7089 13448
6856 11006
1240 10048
6780 21717
3836 23640
12346 21257
7644 23892
1519 24726
1628 20477
3944 17165
1417 19291
7381 11254
603 1970
6958 26172
17880 19669
2499 21480
5510 23454
20210 23963
5986 13203
4002 21875
4216 23258
1867 16472
4188 15199
10772 11688
7758 21929
5964 15517
11161 22382
20222 20667
19853 26413
14718 24678
14873 23995
1468 11315
15857 21480
14748 21804
2832 4581
19855 27724
23552 25017
15310 23653
21746 28264
2470 23557
9131 21296
1142 3901
35 18626
11716 21703
24095 27486
12173 25759
6257 14301
9300 19425
4256 11975
16180 17169
17076 17285
7523 26799
6045 16456
2615 23733
6642 16946
18485 26676
23934 25226
8961 25598
16062 25544
13422 22814
5820 25221
11657 22665
8555 22012
20744 27611
3312 17363
22390 23082
6608 16727
17568 22948
8898 9252
1689 15829
23315 25123
16622 16695
6519 12434
12561 17924
217 8463
2527 23892
1979 14203
22130 25059
12052 21230
1762 20727
474 14685
5196 24057
1027 19350
9750 19779
11148 11704
3875 19876
20070 22966
10346 20628
3634 22930
5630 18793
3186 25227
8070 26795
12549 24908
18255 26721
18 13222
1686 25414
2022 7698
6907 21849
11305 21215
8801 9720
19727 23104
11975 16261
6026 11310
8483 24576
14215 15302
11768 12751
13412 23082
1232 6309
9082 20069
2185 2619
10462 19577
7352 24290
2722 21552
4424 19110
825 19203
215 7152
2983 6722
15531 24453
23143 25278
9838 17838
1101 10189
19390 20122
21605 24791
21353 26806
6633 27821
19424 22515
19180 19627
5583 21113
1933 19047
6384 19309
10490 16867
3667 22104
588 5115
3688 11290
3194 22369
6007 28055
12089 16793
421 4373
8376 12087
14555 18257
23098 25704
6531 28263
6750 27757
18320 19771
603 16968
18430 27741
11012 24219
14771 26717
8091 24224
13410 18371
7807 17996
7285 9395
5325 21533
5445 21038
6216 20415
16041 19909
25838 27349
5229 22253
13459 22082
22503 24023
6698 17288
8855 9590
14668 25563
18760 26423
5716 5739
10255 18908
7262 28116
18190 27792
2186 19659
4004 24244
22984 25097
19445 25221
2803 20099
8533 10129
4430 10772
5656 23932
7111 24910
5020 5180
7561 23257
15228 24395
22847 24120
8223 18665
6232 16253
2061 9579
6385 26197
256 13325
10328 19121
3002 14970
13736 17742
14104 17186
7361 27033
5683 13247
15570 17670
7492 7528
4109 16083
11363 23520
2728 5430
4012 8575
8818 15672
25699 25976
11946 14055
19142 25065
6196 19896
8481 24379
11728 24036
3574 21525
3169 4822
2124 11854
8003 21924
12452 19181
11147 22511
12186 22416
5989 18425
4581 16584
11471 18633
847 17757
15870 23143
3609 9631
6078 26643
15993 16835
8824 25433
441 7288
10807 25538
4256 9356
23034 25397
3306 11354
18521 24804
4201 10126
7216 24069
1906 28262
3169 24111
897 28093
19819 20876
18947 27766
21436 28185
12324 18572
1609 22648
9136 10828
5344 19615
723 12975
193 16957
8654 20184
5943 18760
7371 18050
1050 6583
21018 28154
14445 15220
13121 26838
7311 9479
20503 27966
1358 6996
17458 18705
5661 21737
7891 23045
14738 24075
6199 24232
2067 15748
19179 23875
7774 8264
11636 20632
14435 25725
19329 22331
684 7300
16467 18597
2664 14099
8167 14153
18033 26892
9851 13509
16953 19194
21435 26892
9215 18692
19819 20789
2718 4243
11562 20657
2087 25283
5201 20355
989 7770
18252 19300
13109 20398
1412 5183
14024 17759
7379 21680
6116 21326
2112 8488
16268 23400
9454 11495
17060 17779
16617 19725
22798 28051
17513 21963
12204 21766
12331 24319
9945 16695
16149 18302
825 23274
5085 13328
17263 19169
11331 22666
19223 21646
1851 17481
5787 13579
16855 23608
7561 13337
24154 25262
11076 17159
22430 26443
26690 26709
2305 2709
14473 24659
4838 17985
3793 12689
14194 16766
9214 16073
8005 27353
23459 26583
19169 23890
5728 10981
11597 19522
8063 15992
6868 7328
18910 25727
271 8816
11495 12956
7114 26313
5348 20641
12607 13652
180 14794
221 20597
10221 16467
2677 19068
2958 5506
3440 3585
7014 7344
14569 26707
1979 27758
9144 22203
10854 22627
15231 19604
15862 26825
16457 19445
3 24280
5564 16428
10788 12816
1288 25759
16682 24611
2735 2765
13623 18369
1238 18574
6625 17923
3411 24258
2113 17203
15995 21043
2473 10462
11121 22612
3472 11809
14867 26809
23300 26331
15727 21115
21000 23476
660 27218
5667 5687
2177 18458
20667 22386
3492 10745
12886 20424
9774 10920
9847 25657
4719 12218
6914 15428
19496 23365
2102 5890
11080 16955
6268 18480
6244 8499
2004 5564
16016 21377
9272 21515
6226 15027
10920 16963
1483 27168
13552 20078
13521 23947
1035 9574
4806 15021
8167 15429
8265 18576
8830 11128
18057 19033
15226 25849
7440 10811
13349 22448
2236 17552
5344 19598
11444 22920
12043 17181
4891 14907
10752 15762
7584 26878
1970 8852
3431 8021
3805 8771
10160 26127
14534 18364
334 14254
5024 19686
7412 22307
17584 24260
599 22469
5429 20354
6444 6793
194 10588
25330 27284
5178 8588
15860 24341
8801 20657
272 17920
10692 17953
15064 22678
22784 22829
1197 1549
22580 26929
17198 26946
7606 23955
14050 15220
7478 21647
7461 15939
15450 16923
12958 15691
18037 20838
2210 19829
3704 14575
6273 18072
21544 27958
1586 16203
850 1695
6065 20145
18059 23580
12773 23577
6205 23265
8578 18136
14389 25462
2092 7497
3798 22670
2894 27021
3940 26549
17095 19716
9214 15405
22218 27702
6253 14592
3149 24520
9339 15179
20834 26628
9067 15141
2226 21320
10618 16342
14624 17832
24451 25699
5 11780
2373 19937
609 3671
12493 17364
2577 3648
9194 15996
10924 20332
4782 22182
16810 19771
12230 16437
224 11312
7031 24501
9563 21438
1423 12495
7477 9077
7881 12119
13090 20706
10068 26498
6538 16312
12209 12958
7331 17555
3819 17077
16184 26476
282 4818
1809 5810
19080 23566
24371 25669
8255 22796
8011 25707
2275 5975
7758 17727
17347 25349
6086 12451
1948 24122
9904 14473
2814 25976
11674 17264
11718 19801
21746 28044
6656 9992
10669 18919
13800 16276
6560 10874
604 7832
21714 28150
13970 15376
11495 27205
620 6334
1223 8703
16208 21447
5351 20197
14941 26077
23377 26901
6988 10598
638 3634
1940 2665
25973 26295
485 6269
13086 19041
4328 15162
4054 9897
5104 18414
9109 11298
26148 26989
25019 28116
963 10273
11026 26408
17495 18055
14916 23193
207 16480
1688 20127
25174 25834
609 14136
4096 19119
20639 27314
9805 12242
15666 25958
14604 24226
4918 8086
745 11239
1349 21696
3270 3419
4540 8963
21971 26114
2938 15693
5100 14564
25440 27928
2555 16180
7813 26499
3817 8000
10185 25727
6994 23994
5087 27221
18308 24061
4689 23254
6490 6626
8772 16349
5751 25247
23312 24908
5082 18959
8145 10472
5170 21484
3795 11321
14300 20083
6226 9243
7289 23372
7635 23803
8157 14257
5327 5595
16866 20143
3770 8730
7484 14767
1496 18942
9803 17259
4719 26197
854 17787
2386 5747
3247 7358
2836 6578
16150 21886
6551 14775
19086 23277
12294 27292
5609 14033
3350 4685
17943 26862
9917 25616
15595 26978
14590 21792
2339 22246
24406 25534
18278 27350
13917 14557
4806 16794
788 14853
6879 26299
7101 25160
2547 15135
18533 26413
12287 14694
11636 27032
12327 23366
4693 11436
8954 23637
6814 19004
11870 24576
1518 3510
7263 23226
13455 20664
3421 12034
903 1240
4386 15301
5626 27175
505 5434
4626 15791
6045 28162
9148 26901
4504 23176
5818 8249
11080 18354
16964 25626
6360 7655
15208 19057
107 5004
4171 26632
9408 15808
3063 7954
7211 21032
6686 15048
799 23833
8544 25138
3605 27042
4350 16232
324 1460
19664 25999
13853 27562
3709 23699
11229 26085
11580 12356
20027 20468
17097 18249
4367 10062
282 5733
5564 15428
10740 13724
22814 27811
13081 17512
13853 15893
3965 10863
13426 24553
12648 26419
11893 16274
14787 23963
18869 22820
13199 26213
6549 12334
12908 27042
783 20547
15293 18787
4508 27307
25911 27024
8122 26244
4711 12901
10776 26608
20409 23583
11838 24616
1 26065
14987 23104
15874 20418
4138 14914
15074 21372
21832 25257
20956 24127
8754 24950
7820 22206
17161 22810
11256 14662
596 3121
2459 12185
14798 21149
16797 24617
10287 14474
2565 23820
18792 25595
10618 26346
214 22062
21121 22424
1424 18093
9607 27747
1621 25781
3486 11987
18591 21950
6696 17017
11614 13054
19016 25972
9119 19350
16627 17530
2759 27616
12109 14319
544 5978
2556 15214
8034 17219
8200 11812
902 8028
15015 23333
7342 18266
15133 25331
6517 28240
8923 9185
5850 24326
14815 20200
3851 24294
9184 12991
13982 27899
12518 26396
3638 7523
4628 25287
3265 5867
396 12640
2003 9817
8033 13872
14748 20950
17654 26113
7188 10263
1545 5458
4469 28211
6326 22058
4149 18420
2769 27965
1748 22020
12437 13513
6846 21079
13316 18648
17201 17396
8846 16037
722 15457
4989 26315
2454 18987
3300 8931
3761 19442
5951 23662
3861 18729
1259 28139
4671 9863
2740 15578
5587 11580
2267 26588
7076 26931
3122 11649
12711 24177
3099 24616
23059 25108
867 10935
19281 21359
806 22640
17424 17734
7283 25991
2141 2922
770 24603
600 4211
10846 25247
2111 4807
5529 21671
20832 25437
9569 22951
7397 11830
7938 8407
1410 5226
9660 27562
867 2418
8145 12798
11368 20162
13202 15316
14958 16298
6287 23430
4442 17263
4717 23970
7343 12180
1978 26559
3317 19890
11671 13750
5960 28082
4323 25868
26737 28211
11784 13012
1107 10594
10947 23459
19095 27932
9875 11453
22112 26717
3781 16858
4442 5984
7310 13012
18018 21438
21794 26546
15357 18746
16311 23608
1773 22460
5204 5786
9250 25272
12242 19750
26179 28211
12119 20752
3066 22454
20579 25421
10189 19254
11993 18823
2484 14635
22764 27996
12225 21968
5476 28061
9260 10825
3169 15673
7472 27194
3265 9252
11731 18046
200 21786
6972 15428
3864 25336
3133 28021
9592 17760
5087 21149
3741 17607
17795 20053
1230 10974
1505 18444
640 1052
12495 24122
1713 18974
21554 22905
20387 27795
8810 27129
5636 8184
15149 28175
6616 7587
19454 28065
3345 22182
10951 20962
13091 17468
22564 24851
3424 26179
9030 22417
3238 23557
6209 7852
2617 23397
4226 26154
237 20230
2028 10992
396 9616
17041 22179
5543 24576
5710 9949
22581 24221
15426 21963
8973 22048
5794 12260
12363 21409
8588 11816
490 15365
14082 14696
1282 14634
6707 25382
4562 13032
3465 24956
4440 21025
5989 6099
5525 6051
11104 14520
6671 21323
1023 18959
4758 12924
7314 11078
18999 24773
8104 14460
2061 5511
908 25306
4247 7360
560 17747
13884 25302
3488 9837
8003 14709
7635 22511
22635 27890
9090 16434
10884 17997
9294 24062
1657 5434
9189 18663
4051 11012
11677 23651
12534 14480
22296 26958
1324 20092
9222 25339
5354 14672
346 26436
816 19309
19033 22040
14414 23430
11041 11274
12056 18721
5089 9670
812 17940
10248 16329
1707 6642
8895 23833
3539 20339
1614 8970
192 27275
4581 13072
8702 12679
13533 26041
13116 21438
21233 26955
7067 7413
3452 24639
9560 22230
10755 24643
20634 23663
23 2210
4365 26819
448 3101
21327 24856
21594 24836
15637 20818
9038 13449
14596 26573
1075 21721
20647 22230
9698 17067
2452 26260
4898 22894
1091 6255
2271 22445
20836 21462
4135 8860
1651 20893
1142 2505
9614 14010
728 12183
9086 22379
1881 16412
6104 18351
14012 22607
15986 23805
812 4856
10116 25341
5004 7610
10559 26167
3192 7774
4693 17550
10234 24709
9833 9962
8935 13954
11551 13269
7836 11535
4475 15853
19354 27831
2592 21913
1613 3488
5539 7938
280 27278
12523 19646
4226 20046
7736 10325
634 9909
2336 26150
22656 25106
10450 15691
13032 27759
670 13291
15087 22388
1350 24436
12331 21263
3793 7741
15175 17601
1014 9060
10563 18400
973 6004
2028 19111
1851 3592
424 16333
20786 22671
1272 10082
9473 16437
4818 23644
12244 25805
18041 26725
9465 18507
7177 14944
717 22011
10883 18533
16890 24897
18951 24040
20578 20625
9225 17217
2460 13787
24836 24982
9518 18819
865 11080
15508 18304
19860 27143
4097 16283
17057 19793
16923 26690
10308 27744
12908 24069
1566 24067
6215 14133
17754 24324
21766 24274
492 6998
5832 18858
5817 25011
4178 5359
13241 20891
5448 17269
22798 28032
6355 9284
4519 9465
24224 26717
16941 21798
7820 25683
4096 23343
1741 12179
1774 12692
18591 27296
8128 19849
1209 27467
3738 19819
6665 9260
9811 21913
4386 17977
12649 22238
11049 19320
19196 28076
11934 27445
9895 20747
18344 20974
6637 19764
3872 5309
16951 17079
13779 27353
957 17281
13186 15672
9590 24127
884 14921
23215 26994
898 15245
1541 25977
23973 25730
12606 27221
8976 25145
15766 23913
3732 17329
8251 24884
15293 20031
15373 27896
25817 27342
828 11133
9490 19347
15905 23963
3121 21409
11409 18521
6728 25956
2265 27419
9660 20943
1058 14999
13524 27881
3609 7797
13893 18277
8896 9585
13015 25408
4962 21105
789 22479
12319 24809
10309 27564
18907 25432
1223 19952
11040 11484
2721 23251
14728 21398
3841 17715
11866 17757
2764 8025
15540 19068
11186 11199
24820 27804
3422 23590
20492 21438
17482 27876
8054 12689
9491 16949
495 7600
2547 21141
10833 14879
7760 14626
26498 26879
25669 28120
4949 10106
2360 17075
18302 18552
9590 14541
14215 24543
14032 17686
6134 11789
4268 17276
14228 15341
1948 15477
4373 17108
3231 6832
6867 20909
2991 22095
12508 20081
21941 27272
8122 25894
1013 9682
9526 25040
3741 26938
20635 28088
4192 18132
7383 18272
6667 15090
5261 17176
23073 23738
8491 10782
1228 4404
17441 25021
24294 25276
881 8775
4737 10216
11543 25508
14181 28062
322 11552
3063 16932
3296 18839
16956 25886
21725 27404
2700 20060
20633 23892
6668 6877
4343 17177
7202 9698
15808 22205
4435 22156
16900 24675
11171 17443
5506 21685
15011 15213
2689 8304
4549 13328
8669 12649
6849 8830
20891 24444
6207 11330
3338 26904
9377 12162
8381 11540
866 4575
4498 21294
4471 17690
17480 21261
17530 19140
2186 9738
6939 14031
181 723
5162 19979
11148 14068
12510 21748
2841 24415
21688 26264
15377 22180
19164 27918
3729 24526
16431 24487
2648 18465
7162 22344
9572 11880
5255 11451
6359 12010
13173 14277
14285 24828
1431 25287
4211 8057
9285 17795
1925 21772
2521 13111
7585 17273
16901 21188
12287 23628
10149 12591
1469 8622
21917 26348
16467 17685
7853 24740
3950 11722
16830 22532
6179 22369
20378 23605
2530 22553
2583 21139
14096 27800
13057 26689
2330 14652
14443 25012
7002 15710
14207 26322
1211 19820
1992 24834
18522 21237
15703 24977
802 26383
5047 12045
8405 24749
9150 17348
10 23165
2764 23060
745 4065
22857 26150
3406 23811
5037 11757
499 22427
2348 21218
13668 17757
5196 6879
1773 6095
345 7998
18436 23693
2525 14763
1861 13128
9115 22121
20431 23273
15713 20480
16929 26898
6138 27192
14555 14841
30 19467
14120 20053
13585 14743
3710 7983
2412 9678
2274 3169
1438 25716
12346 20687
1650 13817
14915 28027
19601 20823
16939 24599
12538 17965
9270 14942
758 28061
21000 28259
7939 14555
10743 14084
15098 24595
6255 12573
7508 15224
92 10755
9574 25275
19646 19934
8018 22300
11449 17857
7907 11192
3449 21123
1834 27200
353 24718
16557 19678
9229 28056
4846 20983
3610 26814
3488 24904
8974 16914
3617 7677
1870 26584
1475 9378
7493 18232
1184 25534
9471 25986
156 25433
16582 25108
8732 24846
5484 14442
15847 18339
17433 24949
23269 25174
1417 27926
20936 26870
17931 28150
4295 9080
5510 26497
683 23345
21071 26976
4574 14131
10512 17644
874 17418
23292 27867
10612 12399
2616 18883
6402 12997
7497 9616
18146 20355
2614 26901
15823 22286
15672 16901
13222 15068
6097 22383
12423 14559
14156 25730
13165 16376
2881 10692
3074 26048
8095 28061
838 15709
17067 19470
4700 26585
2872 25279
3933 17033
9769 19576
8835 15179
3872 13186
12368 23389
3738 24747
2104 26265
4110 16026
5876 10937
10943 22946
16582 17727
3203 9737
26232 27640
14033 19537
3511 23767
9219 23633
5794 22334
599 13687
1687 6769
1958 9795
17198 23415
19061 20719
9893 19788
20491 26334
1483 12065
20040 23209
12752 16659
8155 9067
11614 23197
13422 24764
16547 21074
20328 21251
7677 27084
4870 5894
23779 26698
3828 5493
22650 28226
240 7632
337 7368
111 19653
17975 20346
4283 13066
16736 19661
5711 23016
18016 27189
18 19419
3900 23856
9504 25350
21372 27875
9215 9259
1142 16509
10436 11319
16941 25639
14689 15857
8441 12965
3940 23535
8152 19565
3348 17963
15694 24984
10639 16642
14153 23540
22605 27655
1936 26908
1477 27410
327 11463
5042 22996
6722 11733
1609 14099
1545 21126
3277 4080
2620 27537
11594 19899
8036 19219
8480 24306
22275 23938
11509 24460
10345 24243
22161 23525
3848 23929
264 13973
8291 14154
24780 25950
14772 21000
2460 10279
16328 23181
20142 26421
14106 22570
12689 14137
4209 17224
8426 13189
1713 6437
14017 28275
4342 13071
7231 20792
11174 11381
11261 22947
3253 22953
7728 17194
19223 25010
8624 19647
812 22413
8614 25849
22 25689
6179 19443
9923 14477
6838 7031
6994 12606
8830 18659
3274 10708
8641 17501
15404 21396
4617 26681
12602 22466
6674 11807
15941 21570
17031 21000
11727 24637
8251 14633
11471 17586
1878 6832
9253 11788
7491 27590
2206 6454
9640 14772
8809 14088
12423 16136
23 10070
867 6096
6932 12474
7894 14995
5832 20025
6309 24873
9058 24303
25317 25957
10675 16195
571 27334
8833 15322
6319 21835
3962 26443
13686 20230
11867 21391
763 26381
18651 21010
2679 13306
8151 26031
9012 11295
23719 24750
4642 27719
21473 22255
1399 7702
14297 22897
180 11727
6104 10288
12939 16162
6301 10171
2130 3951
4825 11009
23932 25306
625 3650
10837 21582
14965 23942
9656 16403
24280 26784
2744 12708
8559 19008
18234 27273
809 27078
4101 14995
6182 19239
848 27030
7086 23298
2858 16572
4974 12463
8491 18669
6601 12341
6773 18160
3650 6818
25758 25981
3964 6896
17651 25080
1292 18605
4355 15933
12384 23062
19153 20919
5019 19138
16850 22547
9523 11982
9408 23915
793 25753
7564 11681
17145 19140
15920 18366
7126 28103
9089 17140
1349 26968
4394 13597
7078 11360
2202 13405
10408 12759
9137 24554
8579 13564
10284 18521
16212 18952
3002 4221
7601 9066
1936 8990
8501 25420
15315 21464
22097 22511
3300 25083
1927 10170
877 20231
8608 22399
3683 13925
15442 25368
1342 8719
19614 23560
12562 23939
1394 5961
1863 10323
25021 25421
2997 3970
21968 22000
3504 27576
16847 24818
683 10612
3870 7581
5054 7080
3667 7984
2165 8411
16112 18066
13564 23830
20290 23271
6073 14480
10018 22263
6215 21029
3638 11010
8954 14955
15610 18019
9795 12869
16416 24232
7999 23821
7793 11997
2303 3052
12203 12747
8357 9952
15147 21101
16301 21861
1134 16041
14995 25443
17781 20018
18359 24278
23550 25277
5436 19391
7813 18646
9784 22308
17889 21266
1590 27298
12956 20355
6110 21493
15635 21402
2173 4391
13127 20046
16562 28051
910 2768
10119 24608
885 1779
4417 12114
13980 27224
5190 11255
20705 24207
874 9775
8669 16157
11513 28116
3414 18304
4294 17075
9004 13711
4555 26265
20158 25933
18082 23978
1878 18626
22334 25953
5369 19216
3296 23142
12954 13173
16276 24869
10057 11569
14517 18574
6489 27428
8948 24965
396 8246
15967 22272
1526 19731
1234 24848
4134 22992
1676 8482
6177 11859
5051 14080
441 6510
17774 27042
11696 20046
1462 15956
5288 22871
23799 26397
1776 16439
23833 27301
21654 25263
3273 26163
14344 22787
20195 26457
17473 27015
1688 24557
5777 10638
5279 25505
1887 5694
19939 21026
16751 19333
2592 8151
20363 28099
21449 27004
7747 25735
16550 27309
8886 16289
2607 27356
4579 18359
1827 6948
12230 20726
9252 21393
9312 26141
13637 19430
245 5546
12128 25049
6555 25740
8250 25525
1919 26265
2906 19991
19250 23926
4445 26931
9835 10101
2470 3753
6830 22651
6017 17246
4607 22015
5331 8190
12677 19053
867 12819
1644 7102
5978 20410
19839 28051
11710 17597
2326 7202
1090 10090
8443 10717
2782 19736
12992 27542
17851 23251
8318 13216
3484 6573
14464 18403
2329 16369
27816 27976
4186 20936
10185 18038
3024 8039
8564 23062
3932 4282
17509 18653
1349 4453
11893 21798
10953 19273
13689 16555
4721 26147
6091 10111
6490 21413
19894 25221
15100 18387
4949 25299
19064 23982
4131 13533
20227 25404
9073 15561
11261 26051
8690 27834
8478 26184
14481 15022
21615 25260
5079 21707
10185 11971
5284 11495
11254 21341
8363 24294
20409 23291
18648 26745
13906 17284
8045 20661
18798 27849
10346 24961
10532 22873
1371 5722
16276 17907
13405 21806
226 3807
10715 23893
10437 24412
10935 17407
11450 19062
3923 12614
11603 25806
1505 2899
8386 25828
17028 25678
7182 24653
9179 21258
6728 15530
2826 7519
6248 25210
14352 22112
5971 22992
807 11529
1176 19323
3708 10244
782 13374
1679 7923
4004 9472
18297 18769
20956 25834
823 5751
522 8216
12399 17630
16311 26598
2332 20667
18508 25354
22743 22919
5042 16681
3167 9959
2066 24895
10420 14933
850 20238
5530 11605
14167 19081
17446 23955
2520 14364
8075 18755
15478 18254
13996 27970
2022 26986
6531 24945
3372 26584
2667 9074
7835 21446
6493 25507
18985 23893
16766 20815
588 20205
10350 11880
8665 16428
24062 25008
5989 9086
2053 23809
14827 20825
10036 16276
9141 12918
4869 16466
2535 22392
1193 4562
10328 14555
15913 26218
18538 28124
11712 16302
15670 23193
14474 26476
12810 26448
1878 2208
2435 15232
4717 20172
4802 12565
8349 16108
6947 16724
7469 23143
5359 14531
10990 27192
7495 22322
19890 27028
9788 25509
13468 21359
16762 17370
7246 14741
5117 6931
1687 7018
9959 19614
5017 11809
15094 19735
3728 28130
13388 18027
17115 19647
166 1908
2823 22912
13592 16702
2336 18249
13527 25731
5433 21421
481 1544
12304 21744
13888 23710
3364 4374
14427 23605
4256 13989
1991 27770
8650 8834
7963 25620
15561 23407
15157 15873
1061 18673
4740 11201
3718 13700
21545 23926
11827 18630
3039 21194
17457 23722
16808 25720
13497 19033
7176 17161
5449 27470
1216 11950
600 9803
7297 12282
2311 7896
1343 9847
17506 21826
860 21973
7919 17506
2339 25580
1112 24477
20535 22581
20109 24510
674 1944
21119 24443
3463 13553
11216 27075
788 12134
9465 27092
21643 26476
31 5536
2542 10041
8299 25679
13679 19917
16504 21813
6238 24662
10449 20477
6410 27016
13114 21484
3128 9813
24510 26554
11851 12651
598 27032
7780 14784
11104 28077
10767 26167
11608 21809
3592 25951
16695 17631
15218 25403
8087 21957
3440 25521
3845 5398
253 19018
5167 22548
10638 16923
3101 23746
899 15950
6869 10160
1650 7783
1229 27790
13193 18308
21770 23770
17214 17456
2864 23060
1445 24062
20851 23467
3573 8003
16193 26904
8048 26686
4780 6862
1814 9078
12403 24746
16020 16603
8112 8825
8835 20703
1609 12556
2834 15709
4945 23399
5197 10863
18877 25838
25504 27541
11416 25699
4110 8974
4442 26706
2894 19868
12762 17945
18192 18354
15910 23738
989 7986
2436 24848
2686 21977
23496 24503
961 1777
2015 13392
10082 25504
8982 12455
23520 23820
3403 12632
126 18603
22891 24864
1240 20460
5022 9732
4289 15749
2152 17997
7036 9751
4009 14633
2510 18215
23754 24461
12655 25896
1817 1893
10541 22481
15432 20605
14710 22160
11941 17372
19086 23679
20747 25027
12076 22092
7977 18086
9623 19116
22256 26511
25269 27782
438 9610
16055 23798
16457 23627
25016 25433
16313 21628
8899 22452
3667 8415
7358 27650
3686 24732
9582 24147
6239 20071
1567 27365
10756 26520
573 3766
7798 27357
3712 8191
9631 12837
7879 9591
7758 21159
8764 13836
2619 17735
2845 23010
20869 21929
8872 9575
20789 22927
6693 22418
5466 9268
4175 24738
4422 24322
7086 16609
1015 5716
9052 26466
14572 27778
6085 10464
4933 20760
15601 25727
5725 6518
8939 13507
584 22565
18708 26641
2635 9553
9769 9815
3416 11722
15584 20990
10619 15811
9710 24523
15077 15854
10082 19219
9683 15457
4355 17574
10424 23830
8251 13222
5373 16516
6560 12316
21953 24945
22861 25904
19982 20719
2150 14303
10090 20032
976 15749
5256 11409
1243 10701
2530 15377
2643 4439
31 16287
10972 12261
4906 17285
4442 19169
15428 25708
4353 21330
999 3742
24836 25964
7289 12711
16316 22077
11465 22866
16831 21269
13480 18294
11143 24362
7018 8128
1603 14076
15167 22770
6656 14842
2150 7005
4675 26061
10484 23098
1322 26546
10496 14384
8155 14958
6680 25390
6848 14010
25607 27128
19964 26084
9783 22122
12752 19111
20817 21166
14258 17951
3643 11786
1795 22415
5519 27842
5117 11076
8493 12717
5104 12945
23643 28061
10307 19423
20922 23934
21438 22031
14212 22747
4221 10920
17963 19348
2596 25713
758 25603
3683 4800
1490 25994
8454 21293
6244 14604
2272 23722
4287 15723
113 24069
5159 15480
23696 23719
23143 24517
7230 20769
4282 21423
9575 24056
4649 22331
6174 9859
23995 25081
4097 10842
2362 24675
10169 15120
25301 27642
18679 19086
8069 16770
11382 25160
3896 10894
4077 23678
1586 9234
14023 22028
12169 17374
9483 10920
8195 8648
2874 4563
4097 20939
1167 2342
3384 15657
10642 26016
6107 10360
10504 18526
3030 16793
21123 27612
3300 24954
14679 21337
2101 3948
18823 19972
1516 16490
21688 26151
4993 11665
10421 16478
926 2556
10303 21353
16227 27700
4791 18557
1456 4028
6239 9215
15609 26409
3971 5642
15296 17181
9804 21030
10379 25223
5344 21683
11078 18634
1323 17963
9236 24095
4249 11422
7957 26234
15854 25163
3636 11518
1950 21849
19177 20402
15124 26368
16829 19372
2059 19080
8556 16467
10166 12424
12589 21638
8963 14748
15384 21748
14522 22634
1181 12939
11461 22218
9730 18996
12281 20189
17370 21919
2667 6102
14782 26698
4949 10718
7555 16043
11431 14969
12658 15736
4563 9281
1840 14989
26774 27706
11919 14539
14556 24047
1266 14021
7027 25247
10300 17028
3791 18277
11347 13873
6756 16162
4646 19033
3816 6680
11794 25956
3729 25329
1438 2767
3662 19073
8285 18616
2525 21080
7734 12212
4044 25712
17141 21480
13527 15402
14029 20400
18794 21813
21272 28121
488 9091
17061 24904
4532 27702
1091 27844
15562 23932
2677 19063
897 19727
4509 22604
7878 16850
1297 21831
1487 26200
2981 8744
3665 13049
1477 25510
8848 18457
9388 22219
8368 11678
9379 25287
4293 14758
8067 14755
22200 25507
12155 12881
5519 12388
14397 15251
12211 17467
3141 26737
7355 22026
2917 5786
11039 25034
8888 15133
8448 16055
1256 15334
1074 24862
18784 26305
1152 17863
4456 25432
18462 22877
6086 28040
4118 25658
4260 20624
1551 22606
13676 14991
10814 15657
15201 26413
8665 24708
5415 16017
7869 17575
4209 9683
4853 9788
5718 6334
3090 6251
5580 20229
14196 27514
7069 23609
3156 18870
20837 25197
2364 15642
9701 16777
2596 4617
7489 25329
1178 11562
3311 22951
717 6569
7471 12769
696 1782
6081 24450
8606 9761
9234 9903
7702 15064
4188 13877
9415 24521
8959 25441
11675 18354
7446 10041
15605 23993
4675 6868
3346 14088
3051 5041
3537 17350
9115 20923
27347 27619
18941 26846
3315 17169
9788 18281
7923 17998
3127 4523
3141 13424
9786 22393
9421 23379
6784 8483
86 9103
3265 25636
20658 26863
3331 14133
488 5953
8547 10189
3872 27841
7867 27052
9356 10056
4229 18193
18554 23358
2334 15122
712 2912
9858 10846
23708 26143
6594 21391
15861 16785
9519 11090
2526 24294
11299 24842
11307 16932
13329 23241
7320 17318
12029 16369
129 5528
18795 23379
13276 21991
12304 26087
3947 17115
7011 7820
1532 19482
4218 18046
20902 23369
1 18843
5042 5728
20777 22108
4623 16964
2522 22968
3275 17383
7885 15162
3700 12935
12598 16676
11094 20388
5354 18717
20307 27490
10760 11042
5100 25096
8493 23897
6589 18249
15224 26313
18219 23919
15370 25107
4295 21935
4167 7304
20786 24521
11486 24427
4192 5528
1732 2243
12556 15201
25612 27158
18932 21577
13002 25935
1071 26284
13098 15657
238 23768
10801 16162
10080 16333
16373 21665
14165 21879
3916 24467
8435 24005
9810 27967
10652 28170
7354 13055
3006 7861
712 28065
11618 25421
10097 27802
9701 26221
14355 24184
12715 25226
21384 21893
6086 9223
72 2517
16312 17849
1677 11539
5229 24200
3983 16901
25813 27726
18272 23225
3980 24572
14083 14097
237 21008
3881 11576
2093 9250
24608 27197
13711 20541
2247 7286
14390 15141
15720 20481
10488 13410
6446 26770
5102 9020
4640 10755
8151 17730
3493 9282
2545 11680
3629 16027
1028 11192
270 24689
715 4332
957 16997
3463 7342
9359 21737
6768 17461
1529 6705
17513 24823
4162 5758
3265 19562
12105 16984
3038 23814
3755 21274
1067 7579
12818 27350
11035 21757
10313 11390
6268 11295
6239 13831
15665 20045
7124 7136
5832 20294
3373 23216
1897 25552
7985 25956
20893 23106
3836 14956
17003 18305
17262 18705
1014 3389
11375 12131
25273 25404
7826 9408
10767 14646
16957 28044
7386 15906
5201 26309
19123 23274
23382 27270
16291 18738
15911 25525
15727 19169
20963 25028
15412 16374
6743 19267
64 12632
7911 9704
15402 15542
7342 26951
19552 22042
4168 23423
1453 2679
8219 27381
7469 20726
7693 10381
877 11483
16914 23762
8977 23191
3279 4012
6637 26207
3270 22949
535 3842
12495 17847
1142 14228
5721 8767
2280 21010
9903 18425
2961 13370
22344 27678
22324 26514
8925 9847
3043 22270
1772 10951
12088 25564
5536 26861
2997 21614
11677 26829
1550 25733
12282 20601
1435 12312
6489 15712
13111 19023
22319 25276
8889 20817
611 840
2424 9631
2996 16104
13984 16311
8985 26229
4859 21938
3275 9694
8123 25332
17533 22658
10238 27279
9066 14607
7937 21940
18651 19972
19914 25382
11484 22916
1685 8864
18115 19601
344 18557
2834 28202
25503 25857
3758 16829
1275 7111
7386 14481
11236 16403
22650 25317
1573 3789
1213 2653
2216 24068
4159 19005
3147 26009
11866 13059
23890 26554
26312 27821
15064 26069
24851 25003
9736 27483
187 20116
10621 18381
877 9465
927 28142
4471 25970
5990 21151
1230 11591
2637 19744
25921 26833
13756 26307
13608 24096
19194 26476
19669 28166
3944 12388
16989 17747
18713 24131
23372 23910
12366 27105
3379 5128
14556 23857
23467 23830
6280 27403
15020 17143
2986 16982
2214 13906
4316 6349
12185 18174
2077 9080
11166 20491
8882 15442
21768 24217
8022 18787
8894 12435
13002 21048
13484 15344
22470 24470
11868 16307
21762 26005
17536 23915
5413 28061
5551 24861
4328 27596
4789 11992
17455 22259
4981 24454
7944 8128
6156 8463
11623 26419
7947 27824
5517 17495
2396 11254
6231 7758
18682 18862
2706 4667
19147 27422
15731 17656
1238 25868
22160 26096
3266 24095
24904 26795
1071 20489
1769 9738
4163 23251
14689 25998
9631 19185
7475 12086
1878 5549
8781 9465
2810 11295
7289 28048
7543 21505
3925 25414
22323 22454
6495 10880
9874 14104
24836 27061
21187 27133
14129 20876
9272 9662
2283 10971
13874 26869
6177 10754
21536 25483
670 8190
1888 11535
21353 21945
12511 17474
2895 11953
8464 10807
3997 21149
23133 27161
17782 26081
19868 24193
10039 13588
5296 9487
12565 16986
8054 27698
6966 27935
836 18761
23 25545
16185 23543
5135 8011
808 7802
9869 25937
957 20041
23180 26974
16560 20909
12385 21722
1767 20258
24057 24131
10312 15121
3206 15928
3665 11252
4321 23133
488 8924
4650 7188
8754 25299
13396 22345
2454 3296
3304 16238
7351 12390
11363 24752
1349 22032
9553 19169
13076 21792
15700 25552
7935 25759
22498 27520
19601 27499
10420 14511
8810 11696
911 17355
8793 21552
20129 22773
17819 23361
19971 27170
1734 14473
21637 24323
11286 25334
23868 25850
11281 21057
4110 14724
14228 17543
770 18463
21304 23254
2738 20486
14403 26294
132 21586
13380 17098
10494 10984
8781 20258
16164 23822
17832 27696
630 20929
1228 14288
5749 23648
8795 14771
17219 18001
917 14471
1343 23983
7029 14947
17635 19184
15313 16418
12965 19254
867 27756
9337 24589
5289 14771
3759 16138
811 22810
9873 21492
13274 18428
15749 25432
10814 22561
4702 21068
13564 14710
13685 14682
6965 15843
18911 20291
12404 27719
5559 12981
13512 15782
1504 8831
5183 23574
3289 6846
1972 17123
14534 26943
11809 19992
8011 19648
21026 24232
6529 25513
584 25960
4782 25039
15178 26081
13680 17803
1727 11368
13041 13341
17606 22342
8669 23097
1329 26447
9896 15050
15604 19004
835 14885
11428 24393
8127 25881
12805 22230
1827 11269
12207 18578
3283 21270
13564 22688
3204 23721
4151 8308
2227 3758
12561 20832
1138 15899
11762 13567
9705 27060
10346 11735
13504 16919
9617 21102
12647 13164
14288 19537
1365 13582
9788 14604
7285 25997
1747 15654
185 4475
4811 10260
13537 22630
22742 27684
2373 24791
2259 14309
25716 26663
4804 24068
3942 8620
3762 6151
2986 24104
3287 9234
2632 22568
7584 26486
18591 21535
12377 26148
5527 8511
3728 22255
12010 23459
4173 8056
12067 22986
4162 7401
16754 20504
10160 14443
17723 26437
7885 11809
15512 25759
7956 12168
9662 24062
10948 21987
8705 26592
13077 25472
6586 24862
6517 10652
15549 24458
24949 26863
11076 25174
9090 17795
7478 11697
257 16053
8875 26880
12703 17280
22183 25437
990 5096
17692 22746
974 25910
327 15470
725 18680
9639 24950
12848 18035
19970 27374
15251 26688
12693 20448
2667 25109
7031 11262
2385 18131
5448 21207
10023 14555
4603 7966
6728 6738
9281 13106
14711 17201
7793 9523
6999 14418
5522 14912
12981 17527
3726 10971
11459 16294
19460 21057
6930 24882
17193 20005
6150 23226
10368 20739
17169 19775
19341 25433
5089 9874
21654 27464
11193 23372
7963 14921
12562 28240
2252 22845
17097 24393
1507 17791
3757 25039
10298 22548
11917 24101
4256 23608
25444 26364
5583 14520
6315 8415
11619 14501
11795 13910
10061 27314
9989 12860
16673 25972
8835 18294
11757 20053
478 17152
20668 28142
10007 11165
4496 22461
8145 9895
12392 18346
18620 25202
86 11134
18255 25860
7112 15853
24939 27969
11985 21938
1878 17880
3161 19538
668 9581
22401 26753
2803 28074
3745 27821
16751 24513
1162 26740
3368 25944
24595 28082
12399 12956
15017 20331
12452 17250
640 14699
7458 9466
10042 23803
13820 26319
2811 15840
26266 27579
9296 21267
3652 14809
3210 9105
17683 18679
10524 16206
14830 23942
3762 3856
10106 18688
9250 12645
14048 18014
5725 7107
9507 17654
9356 10282
14922 23973
522 16243
988 21894
439 11987
3978 14817
3872 9498
27705 27895
7933 15037
3555 11612
12468 26929
2536 12389
5669 11095
17566 26057
650 14422
15203 17675
19058 25803
14964 24543
1212 11149
10974 14809
12489 23770
15001 16011
7132 21407
19570 23905
1925 13836
2255 27953
10260 10385
7145 11643
23103 27813
24729 24957
20758 27746
13392 16261
10799 23223
8317 11859
454 22793
1448 22905
1239 25110
396 7988
4199 10936
4700 21117
30 20172
15391 15736
4216 11713
11261 16562
919 14010
20914 23280
15679 17714
8587 17971
8811 17320
2709 24367
19835 25813
6816 27209
814 15743
17922 19199
5989 15666
22348 23007
12754 15133
12512 25206
551 19606
15550 19138
10355 27786
1830 13335
18386 23472
3842 27779
1713 15312
6450 11960
1034 14389
10889 25724
26028 26192
1672 26122
24543 27790
5475 21881
4173 5516
15543 20367
17963 18353
487 1672
1604 19853
11499 24749
5943 12214
15349 22949
916 11544
13355 28044
10436 23799
16117 23521
15565 18524
12232 16170
19145 22230
10041 14592
13619 17530
4799 19468
3162 18070
15619 18533
5774 19627
5593 28260
4141 9722
16684 21456
24362 27285
2130 8368
11836 21696
369 2986
1614 13208
1672 22479
14997 19601
17612 25289
6586 21884
7361 25056
4550 20243
7729 20630
1163 23682
12939 14812
6857 23201
12650 16910
10254 26536
8846 12257
8085 11242
9615 24708
9252 21021
7911 10298
2252 15840
16766 27803
12228 19982
9569 12869
15050 18173
22231 25332
2407 9487
17530 24904
17637 25034
134 24904
7002 19240
1690 21362
8367 27140
12199 14599
8242 12110
19944 25197
9970 13778
4076 24208
3753 23708
9846 18386
1925 5591
2295 17695
8846 22040
25291 26752
2064 2960
15017 21447
11113 15163
17076 25116
2883 22202
9379 23182
6725 22935
9623 17495
19037 22779
21192 21615
6252 27265
2227 20995
7981 24069
8173 19127
3101 9205
2024 18034
10844 16603
3354 13937
11268 13649
3708 16232
1680 21336
2641 16194
12761 24947
16152 18582
14240 23333
3438 21296
6426 9214
14595 27374
12411 27877
5922 16641
16563 27908
15426 20876
953 2600
873 22724
4175 26811
5091 24122
5028 14409
23324 24600
4023 23347
16403 20488
1432 24928
12110 17022
14264 25272
18262 19641
1658 6298
3331 10061
21505 27530
2193 5287
10643 24876
14520 21113
1532 8057
6498 19411
2070 19980
7323 10114
20710 21872
8441 22325
9577 14571
2097 14087
23353 24659
3788 20657
2790 9956
6495 25822
8344 19775
9700 25266
18907 24904
12338 23722
16310 26834
5716 6439
282 1878
10294 12426
17597 26102
3399 26877
1762 26682
6668 19712
23295 25447
2072 5399
6814 20302
3843 24502
573 22215
1469 14999
1860 17281
476 11111
20679 27016
1103 27224
10121 18976
16393 26610
11868 20527
10529 11327
6294 25280
19701 21771
11569 12170
1727 5309
17017 24306
11073 16676
3395 9654
3889 24057
7933 22875
609 20406
4220 11938
4102 14907
11300 11987
23997 27927
898 6497
10215 20448
8588 20196
3198 24317
14378 16850
8837 17580
2719 21746
11357 20287
14694 23225
16015 27638
9356 15684
16878 26880
21675 25849
12945 14585
11506 13937
9528 9933
16470 19372
4717 27559
11326 24544
10595 21133
21326 23052
6526 9806
2015 22871
14998 16333
6367 12151
14190 28169
5352 17945
14840 15201
11070 13212
4646 18130
1131 12082
2187 4550
12906 23549
1611 25746
20876 24444
12690 21925
4671 6931
5472 11518
11484 11700
1331 8113
15696 16307
6529 10062
10653 23543
15457 17199
3797 21215
10207 17630
11214 23942
2244 18982
5181 17320
6861 13197
16276 18924
4941 22968
6072 25080
7596 17601
7443 22011
17501 20931
5152 11774
9086 13681
4893 25472
10393 24104
12646 14572
2104 13116
2030 4634
14778 20390
1962 21869
4142 16219
11013 21233
1925 25456
3729 5691
398 2236
7835 20657
20109 27441
6198 12657
1762 12945
14941 23688
961 11454
897 22696
3718 13021
11295 14534
2283 10029
15174 26081
867 22716
7536 21883
178 352
18477 24655
6216 21352
19347 27497
2132 13564
9933 15317
6903 9853
9291 10123
7275 11638
23396 27719
6072 18092
23044 24630
14215 20449
11336 11809
240 545
12442 19776
396 17823
3741 10417
1435 27633
5734 17906
1775 12228
8941 9776
4102 14342
3997 17487
13032 25108
867 14767
17723 25410
19935 27205
10215 14844
1878 10935
6017 9384
6806 19503
5768 7881
8891 18876
16928 20354
2589 22640
5710 14667
10941 23698
1232 15240
1925 17582
2987 7963
12939 13628
1005 20170
3187 17637
7728 15734
13972 18651
13530 19372
2505 14200
12851 26079
20722 26507
9568 17649
6154 20366
9523 21882
20081 27514
439 7856
11484 19572
245 23760
6707 14771
14411 25397
6782 11652
14133 18320
18164 25928
3622 27221
21826 24313
3753 24104
2619 25067
16137 21495
23929 27766
13866 19690
7162 21649
5724 7176
358 11644
909 4110
23437 26665
13754 22074
6686 17664
17138 27677
1242 22082
11140 14398
3275 5716
17054 28110
10006 17075
8321 11417
513 7179
99 17163
384 6541
20711 22010
21008 26661
19002 24477
4597 20178
15293 22956
12309 22905
3741 6207
2616 23738
11039 18820
3456 22135
19425 23415
1543 14911
4332 22784
3974 9842
16784 24836
11039 21988
20837 22641
16621 25316
9842 19539
1959 19004
3644 15416
9256 27132
14681 18669
909 15482
259 21430
7410 18669
12504 13757
13937 18207
957 12954
14633 24576
20838 21098
20965 22581
1 3490
25043 26464
5023 23140
3828 18507
18442 27080
5676 15725
13725 26503
20 18732
10219 21391
14294 26837
10833 23252
5355 15443
12544 13047
2245 18736
883 21114
9873 23162
3337 23066
16262 27993
420 19068
4209 7320
8931 23016
4295 4831
3253 24453
3559 15765
3038 3256
1966 14021
18704 21166
14741 16903
606 9730
6153 23007
9038 9197
711 18403
17987 27381
9078 17562
6809 27029
1542 25650
5978 13299
609 5738
19118 23207
3381 28074
15892 24548
5658 18910
8251 14817
17 11267
21113 27594
8902 19329
19453 23143
8990 19784
2471 7196
10792 18813
17613 24309
2659 4004
9727 12267
9250 18730
10005 22679
15330 26397
16187 20661
3956 19722
10214 27316
4248 22265
3695 8954
2919 26289
6738 23016
2344 16720
2447 21766
9455 26194
867 22911
8816 9320
7639 8586
5658 6182
4061 7836
10622 25174
12383 14974
21246 23955
11197 24715
6753 7076
638 24244
15422 24972
8685 22340
3722 23932
1417 10972
18267 19468
341 10956
8424 15734
2494 17037
27164 27886
24217 24293
13193 23085
9367 14093
539 9038
15573 17977
7065 23312
7205 8295
3872 19482
1871 7478
13171 19200
3280 14988
9330 25999
7105 9203
9858 25557
3059 17530
14403 22207
1138 22850
6417 19451
14090 26060
9528 25878
5214 21654
3667 10733
11064 17524
957 1797
11059 22235
8190 22421
7855 27485
15950 27224
19658 21250
1023 12446
9614 11456
4649 15248
1613 14794
19317 21343
1668 24005
11572 23375
10181 12442
16026 24057
12981 25178
22369 26433
1597 15404
337 21436
10899 18824
2348 25748
5827 23911
969 6388
14129 17138
1948 12973
1489 10415
17678 19169
13271 13864
806 4324
12105 25414
16318 19857
13338 16314
11675 22879
14194 25062
626 5270
659 3777
1942 14327
19964 23763
8465 9574
20608 26260
10275 14648
9033 22246
3804 21266
292 14452
11729 25102
3206 15245
9963 14782
11783 28070
14546 26189
12768 22002
14697 18048
10867 28228
2185 15344
1587 10189
7260 12947
3100 17438
626 8750
396 6626
581 14355
8341 28166
2170 24643
3265 20940
4328 10093
10900 10935
14124 18641
3230 17782
10446 14959
14739 25735
8510 9638
16205 26243
12787 21348
23551 23806
8251 8746
898 10674
197 4373
10121 12302
12302 26774
3871 18958
13663 21962
11515 23743
5888 13978
2247 24626
6618 26497
17906 28013
10926 11790
10042 17717
216 9710
19312 20804
439 15851
19033 25306
289 27155
3357 24005
6495 23932
9410 27524
2764 10424
15548 24344
20290 23772
11565 12226
7963 10038
21796 24908
1755 15184
11048 21126
14771 18940
10639 18814
4885 5728
18820 21864
4108 9800
286 20158
11989 18669
1732 7207
9986 12689
5681 5861
2539 3549
24445 25612
20621 22549
2024 14920
1786 8405
11417 26782
765 7523
19140 24148
4415 11318
3242 17411
12444 22734
16979 17198
7429 25432
18400 23074
3712 19598
8025 26736
9194 20144
16441 27094
5252 16174
11408 20964
16328 23985
3890 25059
26087 26973
15419 25676
25272 26620
3987 7307
558 2050
5420 14044
7828 26816
7317 23885
12632 27908
31 18244
4347 19287
25140 26503
16607 23890
10998 27050
4130 21332
1719 13451
5984 25029
1870 21914
17314 17496
13187 17479
8565 18964
3539 27740
5071 14421
7632 26024
10807 17504
12069 23444
11636 21798
1122 16866
1851 8715
8076 11473
2885 23102
867 10767
9336 11786
10954 21532
4394 12523
12968 14716
24326 27934
13981 23279
16988 23175
1801 8781
10427 19197
8634 20563
4725 4861
19322 19805
3331 3472
3811 9710
632 7152
12693 15672
1178 3279
7670 16851
20535 28044
5534 27869
4908 7613
6609 15059
9185 14901
1433 7000
810 12626
1815 25034
7881 18688
314 16184
4827 20410
9790 10174
18138 24709
18178 24062
17114 20922
5659 24716
6055 23480
6801 27660
8493 15426
12428 21246
26572 28007
12956 27527
7091 12444
6262 8138
19180 26498
670 8036
18718 25176
22390 24509
7597 8708
2491 7205
5839 20167
15711 27494
1050 27366
569 15268
11695 25219
18646 25399
3587 5932
3690 10678
15443 22182
12578 18167
1361 24918
8909 21300
1346 5850
638 2240
9179 9918
3827 28238
7213 20615
20665 23769
3201 13471
10219 16989
7852 20448
5868 26464
12228 26520
2399 18435
18741 26859
12145 24608
8676 25857
13106 15645
26232 28108
5180 22349
10487 11963
15829 27970
7546 28161
8017 18791
9556 10661
5485 24967
6128 11727
7287 15660
2833 20627
7103 27687
22190 26827
1322 26131
4563 8364
10232 26289
2547 9095
8931 14449
13227 18547
10308 23024
12854 19466
2494 5724
3069 25272
5409 26047
9717 17941
8846 27569
9454 13353
4768 14044
11168 15613
9114 14550
7828 19552
6796 13978
17442 21026
3790 15739
2311 6972
3080 22157
447 25382
12303 15920
11025 16152
7987 11080
22897 26531
6221 26439
24703 27254
1706 10839
15357 26640
24123 25929
25173 28018
13590 13864
15091 20142
10639 22775
1068 18588
1713 24843
16439 19950
2604 17691
3666 6931
17864 25769
7179 9786
20768 21671
1958 14696
18911 27329
12857 23400
21649 24469
2169 10799
4420 25773
9524 12085
2325 20302
19640 23916
1075 5081
14420 21027
5383 19285
3329 6560
10181 14541
8836 22151
3526 6269
7592 20072
6381 11284
9411 16467
17735 23978
3160 17692
3947 7073
28051 28179
1403 21831
23315 25699
6431 15432
1567 22403
13484 19374
8501 13113
25967 27046
18265 22634
6507 9342
11689 25262
23437 27221
7927 9465
13556 27270
19396 28211
19143 26968
22637 23288
22834 24856
20475 21762
5493 18217
1365 14429
4142 10330
1171 21990
51 24461
18385 18464
11294 15022
18627 24393
2673 9323
1561 6120
1713 7471
14513 19463
6879 7002
12733 16554
14555 25989
13512 18938
14847 15616
7490 26289
12696 27016
15399 23516
7209 27109
22179 26373
13888 23286
10714 13741
4831 6968
20097 27928
6366 18926
2245 7627
4646 10352
179 23553
19271 27042
17118 17883
838 13165
14895 15551
10800 27254
4701 23437
12664 25986
8344 13776
16754 27758
8350 21878
8430 23722
19979 23929
5112 10023
14065 23506
24122 24364
53 19033
5131 17417
16646 24297
1006 27197
8829 24136
4645 13777
20292 20503
4317 23430
11755 19480
1713 25865
9033 14055
1240 2433
8884 23366
3205 20627
3137 10262
5272 21972
1672 27867
102 17070
8746 12282
15063 15915
1795 11811
7478 18346
15267 27932
10863 25584
6091 8385
7879 8398
443 17114
6507 24844
1181 9397
3995 18627
24659 28077
5852 22425
12341 21369
9192 23016
14777 24040
10879 13960
8373 12471
26340 26413
18001 25163
22340 24874
1101 2710
7635 23214
5579 24239
16991 19445
9558 11289
21457 25462
14651 16832
16617 24484
1036 28130
4519 14016
17098 23682
683 20355
16901 17489
11842 26292
10463 15903
18352 25504
1421 8526
4964 6848
8775 24971
11416 27013
3819 12612
7023 13029
14607 26674
4774 21987
19843 20538
22516 25978
9077 26807
5389 22771
1944 24309
6148 24081
15467 23400
5114 7535
24454 25508
12546 13954
16622 27385
613 25160
4291 16673
15962 24468
13036 20855
6363 9061
11133 26916
899 20133
2853 24238
15626 18424
13097 19792
7536 25293
19127 23618
7635 24062
7021 27867
14064 15123
12994 21577
9963 17776
23273 26177
11709 20171
3186 25375
12395 13937
1139 1483
8954 16250
20109 23952
2646 13585
8801 21473
24318 26635
6560 7406
12802 23034
292 4239
5583 16351
3728 27582
11647 16478
21375 25533
11240 22910
17739 17804
1163 12357
10054 27899
406 4519
3987 12675
8212 11250
17245 17869
7508 25432
10060 20329
3956 17316
8938 12976
5166 19348
21740 24180
22968 25484
8717 13208
8757 11161
426 25405
3562 15899
9879 19414
8368 10920
7559 23747
7956 17422
660 1727
6767 11816
13134 14971
9312 17956
13182 27939
17375 19390
14157 14808
10205 13599
21587 23501
11913 22536
7297 7453
6868 14771
1975 16677
16991 20378
9547 11484
7644 27387
14474 15916
1600 13468
6215 9785
454 20922
1126 3987
8696 19518
248 11252
9737 10023
4205 9590
11047 17942
13679 21973
2521 9252
25834 27010
4622 9002
3944 16665
9583 25962
3121 16027
10636 27510
9022 19990
816 19796
1617 22049
6280 7420
17739 28240
3666 26077
14691 20986
15826 19712
17188 22894
22778 25329
11710 24087
4321 28272
19140 20092
1830 24062
20503 21886
10945 18647
4484 5266
11401 20460
13909 20162
9626 11128
21252 27414
3825 13195
396 8772
262 7830
12341 20292
1620 12768
9814 25823
2797 11154
25121 26996
10296 16609
2529 26518
6923 13876
7297 10410
9082 26902
5150 5540
1412 12711
17562 21077
11783 15104
385 972
3305 7637
5081 22527
16454 17385
4336 24488
7036 10277
4301 16805
12945 17383
18409 25332
5003 5472
16627 18509
14108 26535
11366 26469
12757 19056
14711 22507
15225 18867
548 26196
24422 25683
5540 13180
3186 11606
1430 8054
20248 22821
19835 22876
23463 25165
8210 16385
20480 24804
3952 16566
9636 15632
92 17259
27356 28049
3828 10826
12660 18791
21296 27263
9993 18784
3832 22897
1269 3805
3463 22871
5146 22099
15981 19178
5537 23846
15954 20527
2339 9699
16403 27781
9176 21774
14916 20459
13976 18522
8215 24971
6801 18280
2624 14672
5252 17462
12792 16704
12872 27795
10318 22122
2694 4096
13821 24864
8081 19981
2739 21302
13684 24729
7550 21312
2667 10144
14971 27995
5107 25468
20378 23885
17514 18480
14816 18533
482 17220
16449 19337
18136 21074
8329 15243
2500 25881
15446 24610
13185 18001
11311 22269
22769 27147
5153 27300
584 13024
7830 12855
4810 25036
11746 14228
12304 16442
7456 25199
10242 24122
16695 22006
18402 24257
9005 21149
17407 24148
874 10141
2984 26153
1696 12164
8481 26153
19733 21981
12876 19315
1033 5451
10951 12369
24581 25250
12952 13367
9065 23372
5587 14129
13301 23060
16766 23786
6707 21859
13111 13756
12843 14961
2022 22149
2435 8730
12554 23157
18643 20096
22425 23521
18568 23376
1013 6591
3547 18287
1754 14605
9950 26991
13534 21610
15990 17192
3544 9940
16311 25361
4568 4695
9722 10871
277 2818
11696 27016
11399 15319
4504 10901
6923 21674
5793 18533
10764 25329
3362 6952
3279 21835
14140 17879
21313 27632
11907 25238
5716 27966
10015 20162
8245 14555
17701 23662
2354 22119
61 13707
106 17355
3545 3697
14636 26955
12773 17273
3593 22731
10660 28029
5485 21875
8443 26134
2539 12261
8001 24439
16038 16439
11630 17114
20434 25529
10387 13327
3826 12444
3566 10023
21364 24548
15676 24138
14542 19465
11552 16197
3141 10691
6158 22688
8795 20398
1699 7896
12614 16048
14767 19522
4000 4245
20637 27500
20226 26672
16112 19361
14297 16900
984 20675
3862 15621
1613 10330
17529 25382
6156 12798
221 20087
1925 16242
5288 5756
3390 12483
3712 14736
10223 21876
3206 10674
6881 28176
7945 27517
2894 24031
1142 23310
11562 16284
12663 26173
22561 25427
3947 13681
8624 24160
21881 24659
14612 18560
12617 20296
8982 15207
5583 9406
18760 27576
6116 24061
6577 6705
9524 21479
27121 27740
9120 11977
139 1142
13425 21084
5669 8290
6675 11569
8730 27338
1996 11524
13372 17193
17196 21811
1181 8144
16527 16702
11866 28060
2648 15565
12011 23172
12434 13579
10959 11439
17164 20480
16286 24248
315 3676
3068 4818
2389 6738
15096 27716
14660 25988
16153 24695
16955 28235
2837 21784
3735 12832
10935 20427
14215 14706
15141 21798
4216 13586
13644 14591
1138 2190
9906 20115
3631 16336
13208 20352
1755 5527
12280 19082
3161 8822
10869 18667
9406 27835
4646 14393
16954 18762
24405 24457
5813 18617
13991 25735
21491 24127
3851 6840
19760 22216
15009 17365
24720 27222
5984 9748
11805 16475
9944 24600
11568 22416
13718 25276
7810 20436
6832 9821
4325 7386
4216 6850
1838 25732
3699 15488
1762 18414
4135 8975
2929 8068
5600 21014
686 22894
2978 20187
24069 27819
21735 24992
12210 22042
4469 22768
15660 16235
4463 21949
1290 7196
11880 16289
11717 25238
7926 12017
8669 10730
17239 19289
3176 4004
12565 19154
3239 15669
24444 27596
964 26227
2692 9420
5609 10954
22090 25833
10290 18829
11375 16781
12433 24830
15660 19838
5033 15823
7695 17542
1306 20893
10050 21182
21151 22464
4618 9390
2701 12956
1425 3977
5197 23392
11096 27373
18891 26559
8930 18837
2763 22593
17485 18210
5621 23686
4836 26670
16905 26559
401 18736
8511 26798
4933 24171
3820 26151
12614 23033
14557 27719
261 8356
922 16184
16576 21790
11985 25816
5244 20611
22998 25872
507 15276
16094 18704
4616 26197
181 19316
9260 12865
8177 14389
7410 17630
5618 11593
9850 22226
25381 28051
6589 16960
2689 15930
12538 13091
22511 24689
1375 25217
9547 13078
9421 20250
4216 9953
5485 25550
9346 16299
5082 15271
3177 5832
2740 12052
1543 3712
9579 16436
11059 20704
22202 24247
12434 21359
14335 16299
6087 21230
324 16126
1463 8724
4892 18807
4325 12112
9460 27279
5336 23807
13748 17251
3122 12985
7881 15528
23396 25120
9356 18663
3378 14648
20857 21612
8329 21156
3752 17042
25800 27726
6735 19271
2508 6277
7601 16770
8322 23299
17509 23372
7656 10342
1883 20663
629 17542
15174 27984
15074 17263
6749 8454
4754 15304
16314 22932
22119 24653
137 16795
5691 14359
25046 26150
6509 16928
5224 14426
8206 24061
15446 15619
648 17089
8730 14521
976 27274
378 7162
4645 5569
4758 13959
5913 7619
14851 16906
5316 16351
4737 15620
158 27382
10797 17232
1249 4563
4381 14802
1761 17383
4244 6973
10114 14390
15068 21077
15836 24576
11106 26209
3518 13111
8478 10688
211 8320
6722 20709
9850 16656
14014 24665
22502 26640
21614 26480
18690 23340
22857 25748
2686 26957
21244 27042
867 24644
2270 9549
7290 15244
9222 13171
5749 14433
10013 14317
1181 22051
14558 24831
569 26989
13480 21516
1459 16969
11262 18440
8200 17154
8226 8795
19717 24157
6446 14843
828 27917
237 20467
8488 9816
6800 22799
8988 26097
1353 6958
6342 18427
5943 11562
7141 22771
137 3622
2027 4365
5075 10747
4889 28138
19217 22191
1468 3900
1520 8012
23914 24782
19867 20384
51 7162
19188 21366
2690 12308
760 7643
11045 15996
2837 8787
7468 22679
12860 13385
4122 14110
7656 11112
20345 21874
8188 21640
18430 25435
17027 22791
7950 12205
14627 15251
3415 21248
15441 27306
15562 26326
12779 13111
25901 25957
25309 26670
659 23057
10957 14412
776 25711
705 21407
13610 25456
1551 15955
1311 26176
2361 28046
6172 20292
21857 24455
8730 22592
18120 28024
2755 10771
19294 21017
14633 22210
10415 11480
7387 27129
21366 23036
5722 22896
4282 8363
2141 6997
19604 25531
6227 13144
15286 16311
16457 24045
10393 13180
5403 24922
6539 14604
2483 18120
8963 10829
20067 26974
1979 3139
24287 25843
15582 23684
22352 22485
3714 8937
23582 23722
19104 22479
17782 27979
23183 26270
9401 25041
16239 21353
2379 22803
7502 21438
6640 18606
8860 23920
9833 20141
8508 20021
8656 17047
1067 12238
6612 24410
14871 26752
12095 26494
2460 12828
340 16400
2562 18213
663 7950
1426 10062
12729 16976
15523 26846
12110 23506
596 12363
12274 15887
15409 22420
473 10146
4237 9103
406 23492
4169 16686
5283 6676
8924 22293
8592 11813
11985 19025
12927 22476
2740 23392
4009 14582
8093 9596
22203 24659
8242 24229
13405 20964
10116 24113
19408 19641
16401 20258
11818 14766
23904 28103
2997 27190
21036 27883
13561 18274
8645 20969
641 2470
1379 27634
4918 13721
7819 16152
2187 14140
1112 25610
3790 26879
12414 19821
4237 17803
10326 23095
9804 26468
8012 8247
1116 19413
11935 12805
2392 25978
4274 27085
4926 7203
5500 22619
1464 23509
19127 20810
2602 15110
8445 23763
2336 7375
12495 26413
1979 10312
9151 9388
11773 14987
18285 23619
18801 24935
21778 22242
21716 22119
20367 22168
5834 6097
8398 24904
9465 13373
23082 24595
1240 9191
808 8770
16122 27262
9196 23590
2888 19186
12765 25977
6065 23893
8675 13634
2333 9414
2130 26812
8977 17639
21029 21809
15311 20475
18824 22895
11416 17225
12312 14632
2348 16203
11059 23924
11244 21835
4424 13422
17649 22392
16154 24553
5156 23557
5949 12941
2999 28267
2413 9602
16214 16299
17056 25301
13681 23762
7375 17080
8168 21638
23921 28243
1625 10595
6496 25978
10358 27610
3289 10371
2628 22186
23265 27495
11866 24591
9252 18015
21373 22378
20515 21324
10680 18619
2938 15541
5730 19646
4365 9589
18791 25984
5273 12182
5168 27815
3167 27515
14814 25329
9222 16262
7137 9040
3868 13805
4693 26344
22990 26970
23705 27932
13756 27382
8963 18430
17611 18918
1460 8836
3586 20991
369 22040
3471 16453
6222 10549
1605 7712
804 21806
2667 9582
6244 18870
10619 20605
13725 18679
8408 16540
17599 22634
26186 26846
8754 21045
1721 19207
4009 22283
6863 23210
731 15951
20188 22002
10218 11463
2521 3729
4878 13101
54 14976
2157 8151
203 12703
19341 25306
7289 26848
7987 9367
19627 24589
8074 9205
183 4473
2671 12333
15471 23528
8003 11562
16077 17509
2329 27980
16289 24823
681 21638
1998 4797
11340 16194
656 17985
3961 11626
4041 10657
14724 20601
6937 20103
3006 8520
17099 21835
18398 22209
2436 5089
11216 16094
9782 10114
5016 25137
3850 13032
18418 18867
7213 19312
7132 16660
24828 28191
7290 14280
9349 18784
7461 25525
17842 24784
17329 22055
1360 3805
1713 15229
11945 24167
10393 23904
4666 23915
15297 18633
9488 25482
218 25076
2080 15981
18865 23982
20483 21193
3544 8251
8460 27288
13060 27616
5292 24789
22194 25741
5505 9774
4733 8887
15084 26600
492 20172
23283 24921
15518 17718
3373 21675
2977 17763
6216 12792
8368 14728
24221 25301
5300 20210
10746 19710
14846 21387
9837 25610
25123 26834
5336 17791
10493 22687
13806 27142
13286 18083
19895 21459
8817 27123
23011 24149
5295 5997
17159 22949
18285 23361
9739 16859
2709 22627
10480 15470
6702 14131
14827 25226
1769 23372
4483 16794
9008 19611
15505 17730
714 16056
1814 25986
7120 19644
5296 23389
11492 19768
9881 13346
5485 19872
23214 27487
4414 21113
22560 23188
5203 27522
5000 9218
650 25397
1635 13864
11048 14662
11859 21726
6337 21458
1251 1424
7752 28238
1878 20856
16026 20998
588 967
18567 21638
6126 8810
12411 23947
11963 25262
20765 26452
6103 18883
6662 18625
7097 18669
24358 28027
20130 23518
1142 8470
19189 27404
5702 14743
6962 9010
1482 7638
15578 20666
11598 21881
11128 22826
1882 16629
12921 23409
14520 27690
19388 21037
9685 17344
3254 27042
3296 17975
9236 16823
12721 14971
2957 9563
3892 14672
4703 25059
877 17507
9129 19045
11443 25108
3987 20503
10344 24274
16046 17130
6030 10751
17880 24127
413 17017
19817 27292
20162 22248
16941 26068
11554 27298
1164 5134
15598 20088
19217 24309
12560 23482
15341 26880
14309 27382
14380 17922
9896 26457
11975 26374
12444 15426
12371 18791
8413 21915
1066 10242
10957 14920
9623 24966
1573 25032
9788 24218
11163 13565
24108 27311
8855 14104
8134 26902
26053 27651
20458 28086
24011 26436
2563 27899
10188 13273
9638 26400
11193 15531
867 27296
12278 22983
7713 18054
12121 19909
18284 24705
7876 18921
14339 20554
1645 24856
3922 20651
14136 27310
5060 16595
22857 25343
8473 16853
1221 3169
11471 23437
19183 23332
1851 10284
13299 28181
10222 24122
396 12881
2324 7722
20477 28158
12257 18533
16540 18716
16708 20161
4321 13721
370 5058
6081 15209
4581 18815
13021 13577
6555 21723
18647 27816
17526 20876
17530 22355
16377 21700
11801 14534
3185 6545
187 3759
3117 7798
1020 8146
13195 17112
8275 25918
15910 22965
5786 18185
8741 21971
1917 23967
5128 6922
18185 21747
14672 25414
15464 19839
4826 9251
1181 9339
334 21617
13392 23365
11895 13965
5080 7768
14082 25453
4275 7513
22460 25168
1500 14346
17747 17941
9361 14435
1732 4192
4676 25704
16142 26077
13597 14838
19099 27851
9208 18823
18160 25034
8807 11024
16351 25588
14407 15279
481 14583
10100 12916
10287 25172
8128 20500
2678 15561
1994 5806
1129 1704
21760 23420
7453 13573
4258 8236
6222 25452
22605 27844
8237 26572
3851 5562
1050 12641
5313 22230
2522 8326
4581 14111
5831 14579
4456 11368
10197 22640
1795 10668
5797 13302
21059 25167
1979 7437
2273 20005
16175 24351
9835 23833
8492 27502
20227 25247
23971 27405
12468 25876
2986 19410
18810 21534
2708 6737
9328 18517
13364 21345
14572 26779
18959 26470
8909 12631
10800 23338
10607 15376
25403 27790
888 8767
7154 13992
4689 23946
11444 16386
8540 22559
23738 26979
11954 13984
3873 12614
6377 13527
2787 12361
13112 28236
4962 15840
1013 3951
6170 7737
581 660
14126 14654
6437 22723
9738 10146
11789 16003
12274 22621
988 26077
2232 3001
1853 3797
16855 18591
13906 27405
3797 27412
4532 4702
15928 21257
9683 27034
19306 26466
2712 6176
8463 15670
21751 24326
7382 13090
3876 7443
2170 12282
1505 6721
10213 21051
6552 11963
9643 16423
16700 24796
16017 26840
1694 20130
18920 21123
7495 19443
5047 10039
3354 14217
13812 25552
1940 7101
3141 17481
5415 20596
14021 14998
705 16584
4935 26053
7866 19197
2093 3638
3849 7387
6207 14353
8734 15025
10965 19564
13801 24524
6958 8235
18187 28117
2441 19509
1181 12795
16623 22078
295 11040
17014 17651
12353 27221
22 4877
10907 27221
12765 27890
2188 15190
2064 2852
16206 18520
19623 25299
23162 25287
14977 19445
20958 28267
9590 24900
3987 12512
8966 13209
11790 15176
7975 14912
18893 21781
22269 26503
3925 12657
16366 25598
17392 19162
1819 5850
2861 11334
4147 23390
9252 17394
4406 21458
5984 21987
19061 20583
425 12023
20257 28205
7587 22568
1226 3842
2617 7911
6065 23872
9523 10992
9541 14638
2245 13888
12939 18294
10747 22397
15791 25908
6400 26012
1008 1422
12126 19646
17335 24623
882 21730
4577 10214
21232 26670
6658 15949
12851 13595
14939 16858
5959 14393
4248 12271
4672 19811
13943 22877
387 25402
4943 24797
6763 9067
10622 20363
24090 28218
11927 19004
619 15152
4842 10982
4671 9165
7987 13840
11551 26413
12569 26436
9884 19469
7150 11674
4287 14309
11095 26263
245 7487
21636 28211
19498 23467
8607 27997
11759 19191
5217 12199
25810 27932
7392 24924
7350 21963
9255 19001
15292 25259
7323 10425
6891 21151
5168 21837
3140 13382
6077 16194
862 2010
18265 18947
20379 20947
11171 17782
4325 23608
6065 6129
22734 24280
7031 12243
1558 3432
10835 26846
10274 13253
13933 26647
15213 23816
2065 12918
7287 10032
4253 6517
6590 11237
13192 16090
3204 20382
6201 12750
6876 8511
4993 26644
17563 17870
11314 14437
17795 21944
7846 16534
1622 12056
15323 26273
5677 13744
8558 16955
7209 19248
17027 21406
580 8990
3472 16745
16092 17862
11224 20978
6209 20170
15768 28222
1693 16203
6054 9553
16623 17173
5223 6495
1761 26503
4408 27529
220 14228
21628 22172
6490 28130
11637 14481
17630 24017
2225 24948
2190 24330
15184 22787
569 21513
20856 25366
892 17261
7488 11854
1638 23236
8355 25375
2330 8558
27263 27805
5609 8790
16363 23180
1530 13557
5802 21655
3801 20658
18800 19660
10215 18522
6414 27265
1795 9095
11396 18526
4117 16131
6591 21696
10673 26368
2518 4711
4332 14635
5587 11252
18059 28186
3892 26670
2802 17593
7422 25435
1645 5569
13718 26930
6081 13222
16809 20809
340 25274
2937 26260
2353 27958
2529 5572
2010 4624
5585 18823
1511 24681
9367 19004
10248 22937
6182 13835
19789 27500
17489 20258
10391 23186
12800 23310
24503 25247
3531 8964
4964 24093
8596 27996
21409 24177
16126 22172
10800 18591
1405 2173
14288 20975
700 18963
3354 16276
1294 10309
19739 26503
6093 23711
10127 15178
4433 20155
17112 25966
6049 16877
15874 23082
18078 22440
5725 19139
20537 23104
2023 15349
5001 22384
18019 25329
20308 22363
15231 25838
3161 17818
20789 22046
6288 25689
2452 25063
10002 20421
6151 11292
13455 22954
8889 20889
7872 21438
1055 24506
23218 26945
396 20860
4037 26373
2642 25439
443 22866
17020 24543
4097 6843
20162 23392
17120 20420
12147 21268
1244 4268
3014 27243
4568 26370
3382 8185
891 24884
3544 14743
7947 24081
3915 8705
9596 26045
1609 17015
22466 23591
2144 14776
15840 18591
4307 18136
8797 17487
2596 26390
11965 21811
18720 25986
3154 12228
4581 4646
7162 12415
1614 27494
10618 15237
21436 28063
5353 12780
4997 25366
6994 20480
20557 21790
12111 25658
11351 11722
753 5465
13792 16429
21300 21449
18015 26264
4332 5344
19723 23254
225 7256
1092 20431
7914 17983
9470 20305
6587 21806
6240 24400
19952 27746
24274 26261
7537 7923
3437 7094
15284 28121
155 19976
16090 18259
20162 27117
3538 19711
4169 11147
4784 24219
24830 25778
1508 5941
9038 9097
1952 12888
10638 15321
7867 20940
19356 19947
9323 11273
1600 14648
11971 25727
7871 11069
16080 27013
2925 16314
21642 23934
1925 20147
10419 14968
14645 18464
22871 25903
6405 27970
7577 11816
8841 12565
8499 23472
16092 19260
7644 8708
3915 12183
5448 19878
2379 7277
15305 19712
10367 16843
9179 28278
15792 26773
604 14161
2530 24502
1762 15236
14227 20081
6273 25498
165 2895
670 22421
882 7042
6981 16686
3582 24551
9038 23220
5628 26730
1726 6677
4097 17649
6062 11893
3728 7199
8148 27440
16766 26771
764 24042
691 25377
2446 18417
4857 16289
8820 19088
16750 18618
25828 27001
5655 18000
7903 20633
22184 24062
9274 24738
2152 9616
319 21811
13135 22016
17998 23307
3357 13155
16175 23361
15712 20021
598 28081
8090 17468
8411 12231
12439 23457
3512 18911
8852 15392
8122 22787
5056 9038
2121 8741
18082 27646
7137 16369
6738 17785
5698 10618
3845 22324
6876 12114
11590 16183
13227 25831
9563 12556
21344 27258
17951 27996
1856 5731
14576 27514
13253 18770
7461 8108
22710 24299
14057 18242
2796 26863
11444 22234
14344 19876
943 8779
16697 21534
898 3206
10704 16048
1657 3446
8142 23893
7158 21835
6432 10546
10742 24405
175 23254
18947 22205
1887 24689
5206 8003
3141 3997
14264 24862
1275 12708
2213 4778
867 18206
2324 4460
2210 24774
20141 27696
6094 16955
22330 25108
13464 19268
7637 25839
13681 21149
855 16787
8925 26784
1381 10697
5270 27725
7320 27296
3566 22379
1373 8416
10160 22273
5979 11486
1534 9920
2644 3005
4123 24671
14767 27374
6105 15772
6699 25464
6832 19068
4985 8188
16463 25684
15711 18073
2944 21123
12449 20950
6763 20726
416 15670
20279 23640
16314 20517
1402 22230
2598 17530
24450 24887
6165 27744
9829 24660
4693 11859
15463 18631
3366 24104
19956 24351
8539 11048
2445 13341
6510 27702
1211 15529
16529 16656
2665 9074
19061 25397
811 23404
25366 26689
9526 17923
1 9051
16686 23806
3634 20862
581 17214
6622 8469
11460 17779
23090 25331
23605 24165
1745 25935
20563 27189
1858 17022
17827 20989
17501 23075
5332 8787
11551 15409
7231 15366
7296 20368
19212 23628
5700 16957
20640 22060
7948 25602
8754 14242
4244 10841
18034 27259
11366 27500
3764 25920
1871 9831
1609 5717
5901 6894
10672 12798
7309 22604
8349 14578
9214 27454
13208 17779
2865 15182
11606 27938
808 16422
12768 19133
332 569
1449 15033
8924 17349
11248 14707
9702 28231
23295 25650
1605 6963
3009 10871
5725 20657
9141 22034
2708 19056
20292 22084
6883 16214
18572 20647
4629 24211
14445 17963
12312 27633
6608 9339
3019 18986
1344 9486
17657 20503
2715 8834
7971 9696
8758 19533
3051 9398
7815 23149
9105 23633
18808 18824
11281 18050
15477 23932
8408 10492
1368 20969
4395 22581
19109 23687
25204 28136
5961 13125
9696 23893
5071 22267
16633 25261
5117 21248
1454 23737
13552 14394
15628 22331
13202 16905
906 24430
25275 26641
2279 14635
16759 24723
4766 24510
21022 23711
7919 21291
5869 19262
14474 17730
1602 27194
10520 18373
1718 27152
5036 22894
6725 11592
23214 24062
25542 27611
1316 21766
11746 18927
8656 22787
8039 20542
18827 22308
5122 16051
577 17482
443 3204
14631 14959
7304 7972
4589 8727
229 20238
24620 25776
16426 19746
3518 9324
2245 14140
1878 19813
15837 23104
8775 24589
3570 19778
7009 11674
5292 7961
2543 2769
16157 25253
16413 28170
15344 26951
2227 17801
2676 19872
4579 8781
2396 24504
2097 8087
8096 14010
18225 24720
6973 20170
21294 27304
68 6500
4339 24931
16602 17429
8368 17027
3850 21077
904 15784
2388 24965
18224 25580
9237 15050
4067 22095
17782 26881
4132 27058
12234 19749
17779 24459
7721 19206
6309 11575
9250 25493
1047 16501
8799 19345
13024 14014
10156 22611
18635 25497
3139 15928
13437 23066
9909 17878
825 6746
12490 21522
15493 26948
4218 15120
23832 24081
8288 22274
16157 20661
13422 23574
14636 15141
9569 25102
9084 19728
20201 26836
9419 16469
2556 22226
2943 26989
9968 17456
17880 23608
5208 25140
3598 5263
18468 26688
8753 21063
5389 27019
3129 26789
5353 6972
215 1047
0 16976
24908 25857
215 16501
23936 24611
1001 18348
2065 6480
21462 25760
22479 24025
11534 27263
10344 11755
17228 27795
17795 19480
14769 17837
763 1541
9092 22954
5898 16219
14038 28166
629 17362
6290 14865
24042 25651
22141 22779
25444 27071
10387 19375
16224 21866
406 16582
10419 26764
2635 15442
262 5510
3674 15736
1092 26177
10830 20480
22079 26429
11261 15416
8939 24900
12726 18576
11150 22865
4468 7982
414 19411
6061 25405
83 4619
812 1589
10848 21611
6322 11814
130 4414
13299 14462
2526 8906
22202 25012
13484 26661
25422 27819
576 5023
21945 27788
5665 27553
881 10245
9373 9489
525 7328
3542 10089
3789 9195
1613 3734
6019 14291
21431 24384
554 6244
5338 17760
19010 22227
2701 9572
1365 1779
474 669
2596 20536
10969 23154
20778 26358
8715 24336
10942 12768
6589 10959
8555 14969
1374 3349
4364 17399
15406 24593
8169 10489
505 16629
12614 23560
7372 13722
6074 18438
11746 21798
12750 17682
5492 26932
13114 18417
20491 26743
483 15216
1767 8110
19249 21552
9846 10171
8364 22112
115 8472
13649 23647
4980 19778
5774 11531
22338 27913
16642 18548
13648 21010
536 3078
1162 21546
6516 13512
2170 17259
12956 16386
5589 14137
18318 20754
14930 20363
16554 24163
3997 14207
24772 25175
10242 15477
3141 15910
920 6143
3609 22787
660 13362
1682 6797
1847 23267
340 6604
3954 24557
1928 15207
2618 23735
8438 25397
6523 7904
5327 24795
6298 9335
20099 21955
12495 18909
21813 25094
14516 23700
21891 25500
23673 25915
23102 28168
8802 24062
15938 27311
1850 9814
18061 25008
944 20458
4562 6926
7900 16157
5210 18050
19896 25903
16072 18697
2905 21003
16933 18891
15426 23952
10618 20999
3797 24848
21000 24395
8950 16468
7756 27405
999 23942
3140 12212
14158 19612
16288 20276
18510 25948
2293 16865
9198 25606
7784 25315
14264 18565
7263 21557
25876 25998
17120 18942
4656 17443
1417 6790
10974 25283
10062 11147
18825 26152
19537 25530
5832 23828
5703 23188
13701 19178
11107 24069
1717 25116
12145 27279
13041 22344
17903 27037
3598 24395
1804 6862
6080 8501
11712 23380
7917 20468
2671 22162
1137 1469
8806 10935
12711 18046
22104 25123
12760 27896
12012 12164
10298 20747
7867 19657
3642 22416
7354 17169
11539 12807
19546 27315
19594 23849
9179 23026
7600 17963
6760 25451
12260 22363
7269 21184
1867 16191
6254 26631
13316 22882
3946 17146
9165 10693
9528 21849
13778 26580
5390 10530
9337 13221
3719 10874
15424 19272
3788 3856
7205 16901
8679 10170
8022 13305
2547 5550
17530 23143
11804 23911
11882 22772
8384 24096
10494 16454
5331 7948
6869 23615
16365 22476
17013 23522
6798 16791
11773 20579
5691 6372
14130 16653
2340 4594
19978 24659
12151 13509
20129 24895
2850 3934
6753 16961
7836 25830
3059 6188
5196 6604
22889 25272
4205 13193
8012 13363
3063 13091
2003 7697
19139 25032
7536 15283
19678 23573
20947 27854
20332 22889
3588 5123
4065 11239
9206 25032
17770 24876
7798 25956
5181 9582
9327 19952
7878 26394
2255 24148
17224 25063
16349 25998
20046 22399
4914 16367
68 16309
1023 20929
5622 6495
3109 4422
23267 27077
8506 16702
8525 21603
393 9296
1724 25246
8073 13624
1306 25810
25829 27756
262 21696
11342 23365
24900 27221
4905 13664
4081 10528
12291 12493
3024 14033
4596 5590
3521 18823
6860 27938
4248 8305
4259 15346
20276 21878
17656 26946
3006 4849
8562 11712
630 1629
11026 17688
9625 19793
2002 2748
1767 18717
7881 23392
14676 23140
1438 5195
12207 25564
14823 14994
7497 16181
28 1431
5964 12573
3790 4217
11369 23550
4081 9226
2394 17017
1548 6301
7610 18386
9582 26721
3917 21939
21079 24928
13945 20525
16814 20131
5580 17222
8525 21623
5569 14996
1510 24145
4730 20137
3634 26094
24378 24892
23377 25547
2210 16964
20083 27694
833 25962
5200 9956
369 1275
11809 12643
18000 26658
2436 25623
5613 5729
10346 26779
3998 21036
1091 8208
4325 7839
22791 25277
11947 13132
679 16616
9356 13142
16901 25903
19361 27169
19536 20109
8474 12159
12876 14534
4581 19387
1745 15399
6008 7611
11580 18540
8891 16806
384 25277
9420 22707
3228 17723
16578 25868
14611 21266
861 12763
2247 18612
8937 16083
10053 10508
13473 24127
1024 4940
5532 13736
6817 16983
2188 12966
5587 9404
10325 25564
959 23587
5815 26413
406 867
6345 14219
1571 16794
5302 14244
12425 17760
17509 20950
5252 13284
7494 21162
10061 10116
12424 16431
13676 25062
2813 25213
11818 21753
9089 19189
5932 10330
7813 22476
6352 20846
1500 26257
8475 11669
9614 25301
14621 24731
727 2596
17836 18823
14175 14534
1056 20931
14777 22008
6954 26226
22593 24059
19409 25137
6965 12206
14938 24018
4886 5283
11172 22704
6085 15384
2701 12727
14771 19445
2004 24848
14215 21173
11431 23608
4000 11147
6015 7659
6026 11295
15286 23086
18241 28039
16656 17446
19513 27206
8824 11640
161 10559
9714 17911
1849 12278
20109 27821
13682 27501
173 12100
13970 14207
3512 14016
17754 24904
14607 24599
21296 27867
8057 10727
9874 16928
14309 17773
10219 18704
3872 16204
1116 17064
3266 9368
1469 18984
5447 11948
25991 28156
16904 17123
3411 5738
5256 26204
4086 15478
867 21514
1765 24053
1833 19247
12593 27887
11440 26896
16906 24659
15749 27944
1659 24254
874 18792
10438 17142
7988 23666
19275 26197
4594 15823
19601 25034
3572 10795
15366 19447
2544 12555
429 3773
5027 27275
4328 12023
17963 23932
11350 11657
11484 11872
10501 27830
3819 5781
12397 21682
6318 13099
8824 14971
19200 24131
14459 26646
17141 27790
6801 10054
10639 23213
5213 12141
4301 21052
24454 27913
7021 27744
11148 22329
7768 9906
9543 20046
14604 21861
7473 10391
4682 25997
13468 20115
21067 25652
8248 27698
3842 7350
3689 12569
396 27795
4360 11331
22206 23298
1784 6495
5198 20144
17834 26788
2333 10886
17518 23973
12397 16964
3269 7313
4660 13396
3826 5150
12469 21244
7985 27655
7836 25908
8647 21163
360 13745
19082 20579
1568 14226
3586 11922
396 15286
17339 27514
3379 14695
24425 27942
24569 27352
6455 8582
4675 13881
4414 17717
14588 25562
505 16983
3905 9948
12724 21053
808 22078
2615 25833
13495 21203
3062 16836
2288 15267
4942 20353
14989 27025
3063 24576
11297 14374
15314 21735
11623 17941
6078 27433
20397 21990
16311 25564
19086 21438
3825 8515
21873 24588
1 21365
2939 26200
10419 13187
4674 22449
15224 18521
12197 16855
13102 19100
6394 9717
4885 24774
15293 23099
11545 17372
12090 27867
23254 23679
36 17782
5624 8471
17941 20286
23183 25163
4926 8516
7976 17488
22966 26793
12449 15128
2776 9569
6793 8785
7065 20583
12318 26417
14407 25539
26793 28268
9805 15217
2708 23372
4749 21688
1575 9264
20127 24557
9371 13736
15251 18371
15222 25550
23 2602
16238 20807
7840 20702
21041 24325
17399 18060
6198 25164
14961 26670
4127 5667
24127 25732
7382 9053
21518 27243
6230 16644
17717 24062
2635 18764
3420 24701
356 27500
22089 25617
656 13142
4009 14555
14500 23730
1295 3625
7243 17917
15251 23949
16476 25552
14407 20586
23743 26095
1556 18095
9597 17597
10687 28044
13574 16232
3069 9239
9334 18351
7704 17633
3947 22687
10215 27557
22416 26503
14133 27279
9512 24158
3607 14264
6113 20928
7352 20430
9710 19771
4575 8724
1092 1424
5848 16113
14912 23942
8426 22581
11096 17194
7741 21291
18361 19549
664 22049
17037 21080
1851 15749
25848 27823
3088 6896
17603 27969
5839 24175
9704 23106
1986 18471
6008 12236
21994 24351
20008 25443
10251 12114
4518 28263
14997 16426
7478 22420
3192 17236
1570 19136
21554 25095
2336 10287
14603 15074
989 8972
5941 20609
14325 17455
5796 25009
731 19484
5008 11149
15009 16394
9086 9834
18823 20373
25623 26787
10816 20116
4192 5703
11192 28231
8802 13107
23392 24374
11009 19877
9043 9504
4268 17846
2506 18369
5878 22882
10215 21126
5677 9148
814 21952
9993 20475
7079 7982
11702 23574
3728 11746
13 14835
7975 18891
5150 13846
15857 26134
5283 23388
6595 10393
3054 22605
7390 18592
5267 8102
6074 20936
10205 10898
2197 7584
4732 10800
108 21460
797 5618
8396 11940
5748 27289
10924 12136
9654 24274
13777 24314
6627 15187
2664 25713
1604 15477
545 4927
635 22379
15749 25272
15967 16947
16384 22581
18454 23017
14755 27760
7900 11479
1687 23692
17789 18339
1591 19309
8956 27769
10691 26737
21668 24052
4199 24693
16731 23816
1889 10860
10538 27505
15341 27710
15600 19061
21688 25271
1936 8852
14687 15124
10626 24930
8486 15996
5711 25958
1266 3296
14999 26661
7108 25291
22199 27508
319 23454
3127 5791
12116 21000
9816 17830
6096 19813
24976 25428
3446 7481
341 5301
722 7623
19314 21154
67 17543
17832 17963
23701 24108
2247 15725
11535 21123
16985 25106
18442 21841
15286 27739
3728 17214
3612 11784
11164 18251
20023 24944
6773 12026
22471 27055
14029 28209
1545 14662
7604 28268
15345 27815
10800 19243
9851 18046
24864 25168
7595 19086
12863 18478
21470 24929
11274 14106
396 2682
4802 18218
3587 22322
14758 25482
2470 26503
15162 23858
4942 12435
1851 12626
21016 26922
439 20068
22983 26835
6728 13937
13262 21016
7927 26179
8852 14104
806 16838
17167 20611
12434 24022
23480 26851
6916 22694
1993 11260
5392 26053
12275 23973
8096 14023
17727 23143
20514 27260
12431 24865
2646 23574
7350 12852
9238 14790
3227 4125
474 14350
2787 15037
6261 22720
16258 22425
23472 26704
12556 17963
11203 19546
14184 23619
15508 27462
16333 23437
11559 14911
679 4953
8388 20797
1249 20550
10093 16195
7015 22663
881 22026
1 14220
19089 21237
19576 20627
7442 27514
635 25482
9716 11975
9080 10488
12342 18696
11671 25469
4778 7245
26892 27173
4758 25345
17560 27665
15074 20355
609 14289
211 19735
11648 16987
10490 20491
14890 24089
6172 27758
1606 22469
8846 14010
10061 12145
7568 25602
5538 23722
4431 23270
15470 20053
9306 14769
332 24557
7915 25987
6894 26808
16426 23133
4218 4319
10191 23764
3378 14555
22399 24077
21390 23062
22644 25547
16576 19539
3581 10313
12689 16597
727 22865
5018 23020
4268 17258
16457 20174
367 7404
15454 21350
9544 24733
8167 20956
4017 9420
13236 25713
16184 18628
15974 18386
21174 25181
10102 15815
1636 23295
13235 13343
19783 26313
10018 14633
11411 27715
20527 21944
867 7087
18686 20552
14301 16891
337 9013
896 18690
22379 24929
9214 20993
3885 6657
635 17712
9880 26614
15456 22227
6065 22723
1180 2344
3148 7915
1056 4930
17762 25607
14104 25343
7728 16220
12792 21732
16403 17316
14491 17260
6469 11484
1415 6894
8080 16849
14555 18521
5680 8057
18059 27828
10600 18035
19537 20166
16736 24420
4891 18800
7158 14479
14981 22581
396 19456
179 1163
3997 26405
13590 24406
14555 28242
17838 27872
9956 14407
1088 27996
3470 15787
6552 14763
872 14378
20073 26926
8151 16184
7974 9610
1604 10883
8264 19871
8588 8768
12991 14181
10956 21928
10047 20441
8091 16149
16581 20424
5721 22185
5884 7704
1571 26440
2474 4717
7220 20189
2929 11521
14392 27401
24324 24470
8633 13941
2561 22897
6848 19853
5651 16322
6410 14390
8364 17593
19601 27822
9447 26664
15869 22902
23437 25564
6881 9333
2944 25830
10327 25557
814 13931
4960 26047
5905 13204
15110 27179
13649 15952
1475 14592
439 7253
2001 15046
5217 8427
1240 12787
4717 12092
12711 21990
3993 5371
11809 20848
14995 24373
9406 20831
920 20200
17146 25420
6839 11471
9369 20103
3544 7725
8756 18876
11369 22322
2462 19834
5424 25770
6698 17027
8893 9004
2096 10559
11251 11571
13876 22787
10950 21455
6272 15393
13977 24803
303 8846
4704 7306
26476 26774
13807 16929
15983 17211
13847 21201
18118 27070
15541 22415
220 24904
13076 16615
21484 27210
3565 11177
4556 19847
1033 22404
4827 25329
406 4741
10320 16451
14835 24922
4742 15515
5102 10354
24723 25540
8318 14393
3634 9684
1940 12860
2162 3204
1034 2748
19042 26447
6765 16644
13282 18265
1049 25626
7797 24005
15148 19398
5020 22240
15375 17232
4141 9254
2039 14472
7635 14520
20581 21919
12111 12223
21107 23590
5618 21725
6301 15955
4999 6470
5681 27621
8462 14818
13003 26139
5540 21908
18160 26764
187 20322
6182 18910
10444 15943
7601 23441
21377 21829
15893 26094
10881 18274
19927 20313
6824 15565
20230 22273
3587 12214
22799 27350
4076 9237
16069 21704
6178 13093
10462 16299
1254 6623
7384 27908
9857 20205
16199 19598
3011 14309
14779 25652
9767 24229
14471 21877
6817 26913
22300 24062
4686 19550
8733 20417
11192 14767
9640 26469
17283 26643
3306 19333
872 16850
929 13531
16134 25735
18732 26926
6907 13059
6971 18996
8645 26574
9920 17842
23663 24295
7477 28170
15430 21440
968 1970
15827 17696
10584 24716
20142 24697
8049 18384
11119 16664
24453 27222
21072 22121
15443 18141
4386 9921
13074 24866
7740 12886
1587 6218
140 18280
5327 8846
16159 26978
20633 21712
8155 11480
929 4797
17956 27751
21416 21491
3287 3729
12989 23935
3522 7374
5640 14301
5028 17033
17097 22595
10354 21497
15676 23679
19474 22236
2882 17077
5513 27605
14794 25272
11416 23324
3354 5352
6871 22605
13226 19923
7411 8372
6170 11628
15432 17599
13329 17144
14228 17938
1884 16905
9550 11369
15250 18718
638 26172
3420 5098
23213 26077
13764 24548
9473 18999
21737 21853
17369 18920
10674 19857
6824 7772
12937 19596
7505 20518
628 12223
5735 6416
3944 18891
13185 22441
4189 5332
22770 26983
2189 14145
505 9590
16584 27190
8850 16369
12493 15175
6891 18969
20758 22829
5552 9717
2527 11308
6597 16991
1878 3152
609 7012
18736 27221
17922 21801
9905 12444
4218 24752
2920 18476
12479 26740
7323 10389
22322 23810
4168 24539
17468 25972
862 28249
11069 21927
16784 17433
4489 4721
17941 26419
3203 11677
867 17911
220 14710
13704 14654
7879 19762
9198 10292
3188 23561
3405 21436
10298 26978
6006 12162
2944 12792
20742 23345
1686 27655
18319 22452
1629 19117
396 11590
11148 18109
20367 22714
1124 24830
22721 24611
21257 22436
714 21420
7927 15910
7289 8628
6841 11183
15027 25272
5042 9615
3897 17153
941 21173
396 21159
3082 10230
7812 7929
5691 19684
10652 15672
9999 22517
26083 26787
18403 19237
13350 21671
8977 17478
1126 9524
10646 25011
1858 14153
3101 19947
1920 19140
1449 4315
17423 25177
11461 23606
10356 15681
6763 8751
8946 11759
14699 19281
188 10218
1607 12239
1755 8309
4756 22382
13777 23034
7938 23267
7252 18629
20876 24104
12690 22449
11649 23061
7202 18367
15248 25866
7360 13564
8812 15399
3589 11807
10189 18411
14839 15126
1543 18951
1884 17761
1270 19991
14010 20808
609 7950
12927 20130
15979 20487
9460 12708
5168 16884
10015 14330
4551 17364
14881 20186
1568 8646
400 10654
11743 26153
11580 18057
4809 26508
8618 21125
1516 25608
7420 14696
6979 9419
20218 23600
4548 16037
25903 27884
2435 9769
5598 27743
341 7114
14082 27451
15083 15870
5504 27831
18589 21371
183 23060
10638 25329
22441 23775
20053 25498
15977 22566
10169 22183
2995 24716
9117 11199
7179 14389
11659 26294
509 11545
3944 24939
5002 9112
3287 21653
10629 20172
2589 5221
17563 25886
8091 26908
5537 7999
1466 3122
9826 12342
7584 7982
3734 8899
2469 21364
2261 17714
813 20918
396 13091
9123 26915
13131 13773
6026 8807
925 23118
7687 25152
4081 6222
12001 26393
18555 20475
12399 26503
16679 18736
3201 25160
17 19211
757 7271
9466 17649
3624 19813
24575 26643
19189 25893
20092 22112
11252 24828
12056 16986
21304 27159
11264 13218
7446 8826
4325 10041
4586 18384
6729 22536
18564 22025
2045 13905
9121 12000
1253 3167
21470 28158
22560 25338
16386 25713
13625 14724
5950 9214
1768 15853
6004 15758
744 24341
1178 22035
2318 24828
13008 16035
17715 18348
3483 9250
11141 26882
24444 27788
3889 14475
24453 27087
18143 27976
14555 18857
735 24343
5978 28211
11630 18408
17320 21703
5079 27597
1809 24668
4850 26017
7210 22425
16323 19590
10061 21456
1451 20591
2000 8304
16261 16311
15031 23273
16812 20258
4479 11052
14993 17916
1720 19991
8291 18994
3414 16682
9223 14443
4061 21123
19973 22570
21222 23143
3733 18959
1213 24142
18411 23379
10828 22734
11962 27452
3101 9617
16328 27695
20758 21473
4061 9180
6085 21919
2103 25109
4929 7213
974 17319
12388 14029
6868 9660
8953 25707
4221 23269
26143 27279
4323 14010
19639 23143
18927 21000
8924 9600
7401 11590
6197 11229
13157 20069
18145 24109
9698 17646
9173 9390
754 22696
2067 9527
15887 16332
5319 9351
8730 10483
8717 15123
7982 26173
5370 25221
3121 18920
2283 18265
23316 26119
3186 17702
5150 27314
588 27221
8287 19623
4689 21667
17100 22463
19273 22256
12415 19995
10421 24457
4597 22806
20378 23808
13784 23811
14666 17728
10160 28094
11465 14297
1335 5699
1711 12214
12437 13101
8802 15798
15562 18679
21844 24024
6867 7881
9572 23713
4624 16113
4260 27966
7703 23420
9192 27981
6036 25433
14190 25295
9603 27021
17437 21050
16113 27557
7031 25005
3160 9638
9330 11755
1925 8021
264 17789
11711 28055
5170 17853
1228 14359
1014 8753
19853 21066
9681 10234
5775 17239
9658 10627
22784 24232
7111 15426
5412 10150
3530 12039
15957 19189
4973 25796
12424 22012
24131 27664
8368 14480
899 25503
972 25841
7397 20967
1240 25980
2030 7395
5516 25745
2298 6899
13168 15064
3598 14463
441 22605
17087 22323
1687 16367
17398 19348
22897 22905
10114 16175
7820 23897
3446 14407
16582 20162
12798 18598
7368 11919
16888 24040
11942 17584
3638 25294
6493 9214
20279 22264
5568 15297
3066 11094
8587 20383
10773 14393
1949 6107
3101 8899
3400 27698
1936 13681
9792 13042
1606 4107
3282 12066
14703 21244
12409 26535
1676 13578
19348 24028
5672 27150
7827 18155
2240 26160
2530 18690
728 24324
5950 7977
3634 23593
9536 16059
7450 24171
5485 17220
2539 24413
27942 28163
6084 23112
18211 27217
7048 7953
22253 26358
569 13186
14094 24406
23672 27725
10785 28036
5989 17487
3869 22848
1285 16324
9042 16026
710 24221
2148 23285
12426 27853
22845 26322
5062 16404
867 13573
8705 9012
11531 24575
19477 21029
7289 20950
1404 13810
2304 24739
16900 25710
10504 15004
6065 8254
14777 17975
7758 18959
16567 19408
18787 22956
3562 8423
9993 15696
887 27681
19189 21053
1688 23104
9638 15723
18187 24069
19089 20649
8560 23738
6449 12565
86 24491
9425 22897
16631 16714
5629 25444
13994 18870
10871 20190
9631 21674
11710 18999
1321 19835
17595 28256
1317 13059
2614 11601
3401 8964
4312 9906
542 14878
12904 18894
4195 15251
4074 23970
10680 23647
1370 17205
13428 24832
10472 23077
9951 15443
3255 15652
19313 22640
7362 19189
13217 16015
3806 12291
8519 25897
113 24616
15341 18334
13134 13195
9841 18760
108 20625
4287 17773
10961 17520
7954 18993
9285 13844
5602 26578
4866 22184
15665 15865
14534 22835
10054 24469
15762 25525
9378 18618
24122 27569
9639 21909
5289 7881
5601 21763
8575 19019
788 7610
10559 21470
1516 12358
2302 7406
7635 9294
5578 24789
2623 15190
4878 21853
2018 27029
2198 7990
20008 23679
5502 15196
13709 14057
19442 22327
9252 22124
12887 20947
1281 2136
8000 8404
17756 19564
21204 23197
660 3872
6832 18384
7617 26848
21450 28158
11026 12929
2990 24278
13264 17611
6740 26127
11304 18540
2648 16108
3872 13405
1254 24549
7021 21294
1367 19177
14976 24069
15686 24061
9333 27184
9252 24005
47 18846
5466 5691
10344 21024
4004 8924
13024 15440
11960 27360
3762 22784
18059 23801
4407 20816
9248 17562
4436 10825
3784 22771
1374 3064
1178 7560
416 11922
6865 20846
10357 26678
9524 20292
21162 25409
7523 16529
25349 26727
2169 8711
14433 19750
12260 22550
3035 8414
7915 20532
4442 24280
10332 26100
509 7258
1652 3271
6702 27896
4788 8055
1833 5373
3754 10160
15941 17401
19723 26687
2701 22025
8158 15211
10242 12604
13221 15497
9901 20959
17214 22425
8238 21678
714 22713
23077 23253
8152 23319
5518 23324
3591 13405
1770 23915
21829 23736
5096 15697
14761 25818
342 25639
218 13062
8931 14418
477 15733
15308 16276
3287 16299
7761 13679
8746 12397
8990 13091
1487 20515
22216 27270
5048 24298
12093 14520
2260 11457
12930 27093
640 25299
4695 17687
9696 11428
4708 8414
4274 23361
12090 17219
13771 15543
1229 25488
12459 24965
1767 26217
10855 18699
7644 24610
16949 18784
9165 16973
7990 19109
3780 24634
16108 19340
8256 18402
3602 13340
16290 25014
12531 28040
11218 15727
21325 24419
9268 18808
2624 25959
4784 22080
10728 11712
1689 23300
1223 23503
1314 7150
7907 27405
7224 19753
4282 25276
1349 13291
1349 27886
3645 9234
12411 20965
3420 21945
27751 28156
22576 23430
19712 22028
8806 18280
12204 20379
16922 26786
18785 19496
5621 21997
18128 21109
10660 12564
23342 25487
7744 10567
5522 16905
4968 23657
5156 23652
14421 18428
16077 26336
9816 27966
11115 16596
3592 10626
14767 24288
8285 25299
11677 15033
11307 17169
6495 24567
52 22140
11465 22649
1402 19680
4959 5116
2259 9746
18107 25410
3542 24905
21642 26128
800 23635
11746 21416
4901 7033
21835 22255
1394 22224
7520 22769
11925 25301
15637 19842
2018 19669
1270 16694
2537 16551
3591 14657
7075 19736
5579 22954
9727 18649
7053 22045
16441 18670
5459 13706
7089 25644
20545 26551
1048 23885
14833 27044
341 21481
21280 22977
12855 24131
9569 15705
18694 22399
7149 26351
4782 16313
6876 7469
2159 21008
545 16279
2788 15942
10579 25344
4427 23349
16226 25803
18583 27417
2905 3690
5326 12489
5716 8156
10954 20235
3947 21846
22871 26663
13491 27393
10487 14437
3194 5705
8408 19513
21111 25271
7350 23254
2253 8515
10550 16928
1163 14452
17749 19070
7176 15069
4165 20001
18854 24806
6633 22040
15633 25956
12839 17563
12048 24064
8188 21785
3852 13699
2208 12765
1806 18277
1605 8210
4519 27746
18575 20313
1672 22570
13963 20359
9263 23939
8167 13739
24052 27908
7419 24379
5837 18752
13291 18034
18090 23489
566 18627
4858 8471
10978 11569
1171 24158
22549 23693
7354 25454
3338 14800
20064 21235
4035 21441
4192 16623
1672 21006
1645 2334
12342 25525
1410 8315
1052 10846
2446 28231
11281 27129
5165 7231
7927 28211
9590 12606
7598 15419
7047 18084
24295 26457
10090 19548
7341 13478
20594 24028
14033 14772
18931 25913
1956 27229
26209 26345
193 6177
14811 25330
13245 16094
3978 27175
215 21335
5665 20587
8188 23372
2785 18971
13168 24062
10593 23797
7743 22647
6037 22950
11073 25711
21491 22106
3085 14167
23372 25084
5979 23086
17842 18545
12459 25409
22193 26278
14363 27087
2160 8040
11989 18377
9294 26075
14994 16988
1228 12402
7728 26391
8959 16504
14901 15211
10668 23816
6555 14013
806 6103
514 22010
4516 4616
1858 2351
1795 17823
1333 20579
1412 3401
9594 11788
5174 12578
14361 15516
1112 25121
10487 18721
4306 9980
7707 11368
12983 26224
1851 3436
12965 15575
11258 18833
14103 26326
6759 22457
16176 23413
4740 15281
3491 10712
2967 26930
770 17141
584 21999
1243 9268
915 19269
6618 11142
6298 16372
23932 27821
2111 23062
18250 18291
13802 22865
9141 15286
11534 23225
10408 19184
13282 23553
1942 7452
10440 23194
1635 16334
3667 26258
3428 21307
4139 19714
3872 16108
3967 6587
7471 18920
396 20479
1510 7987
7944 12564
11859 15400
16722 21000
16362 18619
9810 17060
1445 6652
9438 27217
14723 27458
15120 20775
2585 22043
6989 22780
12940 24849
13373 24069
9260 16835
7139 11692
8702 27050
21447 24172
3101 13495
1672 9654
1295 17481
11757 22148
8669 18032
8963 14822
11077 14423
7523 9250
3916 4395
1767 19827
20904 22012
15840 18553
12437 27751
14488 23265
21079 23175
23759 25401
10607 25415
6097 8053
14228 22160
7195 14463
660 20774
3156 12649
1015 24280
969 13180
4617 22772
26053 26173
15676 16526
1425 25049
18582 27521
245 1699
6894 18176
6736 14552
18712 20552
13702 26571
7149 25713
18166 24209
19189 22696
3841 23195
11953 24577
477 23416
5978 22340
20876 21904
4515 10484
20958 21118
1578 20829
3039 23315
9869 12498
771 16045
14281 15744
9869 12565
8318 21712
5687 10910
14572 22479
3491 13764
24869 27025
8361 25986
20480 25083
21315 26350
10711 16946
425 7534
14109 20867
7443 19684
19750 27924
21906 26506
23361 27514
22390 25445
7802 10792
17285 21366
253 27790
17158 21074
2186 18050
1848 25009
16593 23353
15079 25046
14755 23188
10417 23054
2392 18428
5 2518
9059 13240
872 22026
7638 17196
12957 21407
18443 24023
3401 11772
5716 20504
2437 27054
16509 17906
8511 9791
6198 19150
13381 16497
1425 28063
9137 27664
171 18904
652 19524
11450 20166
18070 22835
21041 24939
3679 9660
11471 25089
2470 6020
9747 22734
424 21739
15145 22966
4218 7316
569 13405
6848 20171
9869 27016
2501 18486
4103 23538
7737 11171
25301 28277
7518 23932
7478 24424
1379 4265
14570 26680
6931 27766
7929 21377
4117 4654
7205 24127
14241 18533
2483 10767
5906 9080
8015 23105
1637 3745
6051 6960
2061 22481
4498 8478
12239 22983
6292 18272
2576 25644
5852 14175
9268 14731
11960 16263
5354 11769
11871 12842
5787 18724
4609 23137
7800 11987
3170 23295
23086 23719
10027 20552
19929 28156
2088 20675
21149 22845
20677 23974
9408 18265
21304 21407
4511 15538
411 15388
5288 26053
14728 23721
13887 18678
12015 27298
2274 20532
4523 26829
17531 22523
16657 18452
18809 21557
24782 27494
2076 2807
4819 9333
2712 27822
4521 20668
10652 16901
23143 27795
6281 21867
12472 17590
2339 21857
1970 22885
9967 25632
1767 16582
21534 26832
7580 13937
5472 8875
5864 19424
1920 11846
13802 21605
1958 4248
359 17457
1946 11045
1026 23974
5074 24127
9616 21955
16766 20072
12332 21704
828 5150
3656 19823
12451 13455
13806 21442
21470 22415
21846 23926
5456 23143
16897 17931
14086 27497
10732 14942
6328 7358
2767 18553
21510 22914
3698 19537
2172 11445
22714 25652
1217 19266
27430 27983
115 245
14724 19122
531 8040
12489 22819
14895 23665
2667 18916
2058 4789
11859 24610
16760 25254
10956 25272
11416 27964
7804 10093
8594 8675
3683 26185
2289 9423
8317 27633
5480 12829
11244 16501
19264 20499
11363 18108
21766 26324
19086 27152
15869 25163
12427 19289
4770 11559
9253 15682
8676 21118
7791 16694
926 21057
1887 8410
8070 14876
7073 18449
12573 16080
18891 21086
7707 12228
12423 27016
14657 24637
3634 26724
686 2386
482 6633
1754 8145
17165 19686
10747 12356
1794 5213
7613 24103
10800 14706
6130 20437
12855 25106
23830 24775
17443 21400
6710 11508
501 15031
12321 22269
126 7584
23720 23865
20621 21778
14016 22068
7950 23932
9943 21303
7324 12067
12773 22200
15599 18659
13542 28014
16269 24507
5315 14064
12274 17676
1181 25820
1944 7002
4043 15799
3728 17447
4743 15657
26357 27320
15072 18081
11045 11720
9229 24659
1412 2709
7297 15282
14586 26186
22598 28218
21166 25154
17166 20309
11994 14606
1412 14954
4564 12616
6507 11817
11627 20853
6931 13282
16639 21919
9776 14607
17097 23016
25286 27718
6014 21946
5228 25301
6453 12137
17530 27795
401 26528
13091 15508
2882 22271
609 19004
193 1609
2818 19148
5110 18314
14180 16928
5588 5721
17927 24872
17996 24557
16814 20962
5497 6462
14954 24939
13830 23113
21113 27423
7956 18743
2414 18169
4026 5525
8825 20958
1944 24676
10917 16161
16753 23635
16328 24667
15740 18921
2664 4442
25402 28147
1993 3706
5150 20627
1421 14612
10391 23208
3942 8841
2699 17429
10982 23379
736 12417
1814 21377
10601 11746
3267 21035
568 17351
8739 19935
16659 22771
10060 26239
21114 21945
587 14480
6868 27129
12811 17113
17657 20667
14465 18082
3210 27662
7243 10619
4995 23892
5138 13127
1198 9281
1854 5011
19223 26567
2022 5989
21446 23015
15537 18565
7050 21242
16402 23300
12551 18419
10324 13901
15620 16963
16197 23318
8144 21516
7428 10012
5249 22938
6301 24629
11241 12852
9699 22690
956 13970
18587 27224
1230 20887
10321 22144
17562 25445
1206 21619
1029 18463
9425 22240
17214 19140
4218 9683
1878 27850
13373 19892
11675 20365
3628 8930
1053 17349
6163 24511
1177 10325
10913 11953
4178 15391
8817 25193
20123 25276
4504 21687
17773 22787
64 20562
10187 26846
15639 23400
7891 13342
14643 18225
4190 18533
1568 19270
957 2344
5725 25277
1181 3252
3296 11484
6190 22935
2195 15720
2103 15464
11300 27733
11919 21436
3987 5716
1162 24379
6893 9420
16539 19006
2872 12994
8990 20558
6077 22231
2986 19771
16058 17076
9081 12725
5292 22676
1889 19235
7536 15125
1767 17523
917 4186
11692 16311
15376 16823
1402 11122
6661 12164
884 28019
98 6962
10407 19273
13553 17838
2635 17963
9999 12760
15983 21366
16599 23705
6928 23051
1009 8385
175 26161
11592 18959
369 3753
20472 22650
19857 21343
1526 13673
17149 23138
577 22965
18659 24379
25404 25766
16056 22713
7865 25243
9835 14970
24062 26069
15442 22084
4693 15619
10160 21902
24825 27810
4110 7684
4143 5908
10190 25918
12411 15944
7529 17222
7732 25833
3227 17379
3753 16865
20282 23494
9803 14273
17290 24593
5191 13150
21085 21831
3810 9137
1900 15734
19286 20841
14158 28167
3778 9526
22266 25998
681 16386
14154 19985
7358 12874
13473 21776
12426 15094
19326 26764
1440 13905
12105 19425
18706 23024
22870 27640
13936 24373
15530 24746
22985 25981
8433 19449
20459 25059
7031 25049
3625 18553
3229 13600
2664 14622
3218 12968
22040 27033
24386 25851
2104 18679
22201 26074
19494 24825
4756 6620
3936 20633
6932 15106
3379 14178
6482 17453
12855 26743
7784 8515
1358 15528
11157 12228
2630 17278
2001 27990
11443 14689
20480 27814
20667 24280
6280 16439
7822 21179
11766 22548
24929 25847
606 18699
12921 17947
10950 18474
3733 11368
10100 16577
15483 17908
16957 25189
19817 26710
10990 26100
7106 12740
25428 27726
23916 27300
19068 22176
3944 22409
11034 22981
634 6940
19278 21681
9564 26877
2233 22425
2040 24393
8988 10532
1116 24642
3162 24047
17657 18221
2395 18041
473 12400
999 24274
8536 23372
21505 22253
1399 25110
21618 25781
17609 21671
1614 13235
16629 27944
3931 27298
175 27821
2518 3734
7964 20001
11114 12344
569 16781
7984 10662
19396 27899
1343 24104
11510 18631
17556 25006
6106 15022
7818 19389
3943 14794
14910 27714
3201 8669
3000 23365
22883 23062
4217 23964
13333 20508
12056 16136
13492 22130
2557 15443
396 2610
13810 14017
7340 8289
7471 18835
13211 25751
3032 23785
4837 16183
7166 7350
17489 19181
275 24965
2648 23683
11507 21059
12250 12426
21450 25435
1242 19365
1687 22331
11141 22954
9884 12124
21569 21580
16588 26579
13239 27505
3147 26778
22787 25068
31 6504
828 20032
23845 25329
2276 10974
19467 27559
1421 16772
19830 22472
10593 16991
18178 19898
13193 22835
9553 23679
14059 15660
14588 19419
5115 15224
11456 27991
1334 27192
3419 18208
1577 25129
2533 22646
5041 13668
2602 16340
6738 16686
1336 23210
21798 25414
1249 11164
8086 17473
14530 20054
11193 19482
3700 9285
933 8715
3146 20873
3420 24910
23315 25949
15493 17160
9107 11919
7976 9008
12792 22787
4159 14217
4287 22787
705 27190
14092 22531
7213 18319
1305 21505
5289 14690
1240 14025
3676 26920
5150 26554
17936 23350
835 22877
19359 24575
7894 19409
12212 23987
10114 26283
10701 15200
24904 26204
5798 12778
2003 21090
18577 26197
14275 22208
19371 28044
3456 7962
7645 18078
759 5530
23920 24022
86 3845
822 9260
10322 24499
8824 10112
14418 23857
14830 14965
88 25848
13235 26787
5528 12994
20802 26740
6703 7614
2664 13383
8478 22787
5721 18259
13984 16629
1852 24274
6516 16353
11082 15610
15435 25247
683 12233
7134 26356
7869 14592
4718 24208
7461 18419
3678 13596
129 4418
14921 20920
23 3667
18366 22203
86 15354
25754 27853
7809 21272
2885 16759
12811 22857
14952 23034
9214 21017
8060 18347
22427 25577
3000 18001
19115 21886
4355 14817
18302 21178
3423 15373
15749 21639
7643 17333
10683 20378
12271 22060
3110 15669
18374 24816
14190 23910
17608 27404
21554 24032
7106 22547
18895 23736
3818 8074
17889 18043
14124 14301
2503 10767
544 17782
16098 26616
2954 23730
6124 7629
13664 14175
22537 25037
24141 28150
1991 13597
6669 14513
7624 25414
12329 24522
16910 25012
7973 17702
14650 27220
10971 21079
388 9703
8081 21612
18033 18690
6972 8806
2996 26175
929 13173
1416 21172
11963 27841
18229 23086
159 12264
15856 26773
10421 11636
16905 22012
7867 10967
6324 11484
14865 17791
6551 23152
4061 12769
11980 23691
9378 14592
12148 15480
7386 28059
8753 16850
9870 12610
3366 12194
20437 27632
21079 25732
1819 15866
19947 22404
9890 16154
9468 27438
15410 26582
11253 11436
1101 2905
14399 18421
14802 26943
17114 18408
3741 16101
4824 9847
3967 11846
7162 18211
8478 13564
12779 17394
7213 11643
18369 27878
3994 16253
747 17232
1960 3095
3306 4823
9998 27043
3337 11166
6215 10304
23365 26088
3944 22112
2556 12405
6462 16311
8846 22028
12472 26344
6868 14428
10318 25283
10846 22481
3522 4382
14456 20346
4806 22651
4623 23112
5722 20627
5062 15531
11023 17348
11261 11443
7810 13343
9584 12724
9629 26544
19348 21372
26002 26287
4581 25283
9589 26819
3197 19537
2484 5309
2230 7132
7920 15785
14075 25254
11637 14743
21963 22865
7031 14257
8949 26060
2928 13240
5448 9274
9536 18276
7572 16588
10189 15130
15382 19917
13564 26160
4963 13478
11796 21354
7432 25306
2788 27263
3119 12020
3802 15768
21775 25433
9904 21581
9306 20583
4873 8718
2341 13055
6319 10040
898 7791
3665 22040
2861 19149
19817 27314
1885 4820
4571 14672
19004 21647
11352 22091
4675 18308
12262 27790
6925 23395
919 10393
15878 23868
5179 20018
11657 21635
13437 14916
25321 27500
7429 19001
9279 11110
19746 27725
3624 27660
16083 16686
4209 17241
21228 24576
1755 14731
3810 9992
21621 25173
4440 7741
6046 22015
1434 20633
7092 27536
3167 15402
4658 24608
2000 3359
1622 10630
6350 27449
13227 24820
811 1529
4230 6176
15951 17842
3873 20682
18819 19183
12956 13328
1985 28059
8323 17194
8761 25849
218 21137
23833 24321
2479 18455
835 21146
19972 25815
6606 15613
950 27398
11715 20558
563 2759
18115 24127
12311 23376
12066 13160
11124 23461
3794 5527
11795 14281
874 22759
15610 22895
1381 13831
13894 25130
15341 23915
12541 25357
1770 5505
987 6165
1223 17446
6495 24748
6452 26684
10714 26559
10990 25689
23063 23082
2390 14411
8290 9524
24950 28166
9416 23983
2929 11113
8384 21826
7763 16781
1272 7444
21984 25475
18669 26895
10281 12214
11712 21073
12947 14374
9528 11717
9490 21776
3321 22821
17634 27258
6609 15457
3707 18658
20289 22068
24044 27142
21835 23093
16276 18663
8370 9986
15642 27025
1720 15162
22718 22882
8757 21483
2304 16975
10321 25040
5989 23454
346 2969
1343 25443
4012 20472
4288 17575
9617 27578
4326 11599
17146 18999
6478 25888
10493 21131
17200 18646
608 4581
5756 6062
12621 20068
1105 11992
16641 27248
6998 21014
24389 28146
5657 20503
10282 18663
314 1944
2985 7566
17180 21641
4178 8746
3872 21590
3804 18241
3553 20969
12442 21968
7458 25385
1959 11080
12484 22182
10287 16984
4778 12684
4958 5832
15676 17787
6026 17713
10544 19688
14513 23069
203 2152
16362 16683
6221 20480
15669 20167
115 10956
580 23721
14461 18994
9285 24371
9252 24167
11311 20367
3069 26620
14153 21672
12498 23721
1067 16952
6454 22943
11113 17126
22579 26350
2521 25894
27423 27594
7823 21407
186 4721
20297 20593
7189 24061
17823 19566
11283 23710
17207 23162
3535 5564
2531 21117
13168 22184
12922 24872
8426 12623
13736 17286
10318 13957
25524 27702
9591 11431
13472 25272
194 21875
2573 26882
7491 14348
8589 15857
1819 3867
17757 22230
4110 13513
2587 5096
7438 12076
23422 27932
14971 20948
3715 14807
4295 18468
21329 25571
6493 12657
9226 16582
9923 23467
425 14809
14589 18788
22634 25451
841 27669
20931 27751
19225 26935
16291 19398
388 23112
17159 18276
2664 20222
490 749
18567 19169
5511 12869
1787 21515
6759 21908
4232 23726
1075 23798
9904 24663
8596 28177
9769 26869
851 22547
3634 10916
7349 21577
215 15875
494 21147
8730 22780
11712 13435
26365 27482
1600 18583
10296 17963
14644 24005
7022 7982
14411 16999
3415 14349
12026 12546
10659 11091
2880 17509
1727 15834
5293 9165
3585 7903
9179 17443
1043 17776
17341 21653
19985 23074
25956 26358
15920 17742
3591 5782
9747 23897
3167 13038
1737 20545
6497 19115
10742 28231
7411 17495
21160 25550
14793 21788
11290 15567
3741 6969
11746 26774
18359 22514
1421 21296
3286 15394
2423 26871
8985 18594
10179 13492
974 20031
15900 18449
86 5666
13909 18823
139 13738
1500 15402
8413 27867
9523 20822
15620 27766
7074 24053
1067 24611
13847 16845
4388 20258
10712 13764
8437 22771
31 24664
2081 2331
10247 20545
16748 20992
1767 28190
1979 21369
958 20092
10048 27805
17569 26939
10113 18627
15141 23361
1926 16945
3080 14260
925 14344
13970 19326
6665 25301
16152 19588
3953 13888
15236 17555
3753 19169
14694 28143
11033 25677
23180 25564
15386 15747
9291 23894
12647 28080
19017 22596
5768 13937
2786 24882
17220 21548
10376 14519
8106 14534
13233 17332
9826 13253
1134 18015
7977 9720
828 10687
14164 24653
1457 22722
10154 26913
22931 25571
11518 28266
16642 18958
8637 25109
4282 26197
20806 27226
17737 26783
6492 11840
8681 18348
14851 14863
4600 27084
23433 25716
22269 26784
11059 13801
2067 2474
1060 13421
9837 15282
3683 4449
9569 15736
13972 15015
396 15376
5944 25850
4440 18594
1353 14962
12957 16326
3500 10423
501 27722
10389 21798
8405 18033
6972 11409
11899 17662
3861 14707
1510 19004
10956 19289
13414 23033
3086 10309
130 24462
17565 26584
4379 12348
18947 23269
11789 25253
12105 17757
8606 12034
8437 11311
3700 11508
24062 25054
4943 24659
10953 27451
14862 25261
5430 7555
13810 23619
16258 17245
7804 27631
14163 18113
8357 27514
3996 16663
1095 1925
22700 26565
4603 25755
9417 17349
12688 19184
8074 25242
468 25630
9115 14999
7289 7487
5901 8750
9518 24601
7265 18326
7561 25562
7064 25761
15136 26417
1211 12576
5243 16113
11192 26737
4719 11798
220 13036
2208 2709
20671 24061
12397 15705
14033 17422
1465 9586
3859 9465
11571 23619
16901 18791
1851 16046
19852 22941
24354 25343
9465 10900
4119 5373
5913 18641
16287 27333
8478 25068
23134 26777
867 12762
7804 16195
15190 20384
25225 26580
2598 3997
660 15665
2245 9725
15508 18619
18738 26358
11292 23244
5033 25808
1129 24321
7478 20545
3638 13472
6221 15823
6870 10884
24969 27793
6284 27298
12715 24354
13325 22976
12323 22835
3059 24830
10333 24068
17587 26644
14080 19831
8324 23799
13437 21205
1018 1254
9454 27205
21209 21296
4323 19853
565 6232
652 17869
20899 21987
18065 22469
9053 22421
16219 18203
764 3894
6058 19952
9558 28210
19449 21730
20998 26181
10250 25634
18736 21766
15672 21377
2667 27072
16039 25487
20304 25842
13543 17886
12040 17797
6036 7594
21587 24109
2339 15283
6936 16411
11599 26518
16954 22350
7648 8108
6926 16121
3229 23081
1510 21980
6427 14420
20507 22392
9388 21437
8200 10280
4519 24434
3634 12709
10820 11844
1555 7170
21391 23861
11320 22624
3484 13980
6891 21029
10572 11757
9472 18171
569 9333
4387 14517
12779 14644
8818 10935
3982 4803
24933 26738
563 17951
3805 8951
2076 4190
8943 19548
1755 6517
7864 12332
10047 23449
25634 25963
16963 19140
16210 21053
609 17545
7571 10386
2617 3428
14233 17902
11766 17421
11784 13733
9575 16533
12726 19819
19699 20160
14577 22654
10935 13266
18050 19140
11250 15997
12038 12918
2433 25343
3663 12193
5485 7381
10487 27016
14974 26798
7007 14511
14568 26005
3729 26151
929 16726
405 13828
7577 10443
6351 24804
8426 15959
16108 23547
12617 24150
9795 18690
5386 5574
6820 24790
9885 24023
25607 25636
2435 12754
18985 23872
12515 27791
1236 27710
13695 18761
5608 8588
17054 19745
21768 27557
605 11463
4339 15723
20582 24828
102 8368
10603 23080
7353 27454
6390 11076
1502 11395
768 16901
10369 11480
18505 26073
16599 18203
9 9375
18280 18591
16718 23920
5883 20939
24598 26091
6572 16386
19424 28046
3070 18296
8293 10765
13847 26589
1858 17415
2496 28186
4379 18673
2799 24172
3526 15843
11192 13129
7987 23932
14471 21410
6730 26884
15128 19871
10617 22389
7613 11255
6196 23143
8586 9642
13836 17582
1184 1550
8773 15952
3900 24465
2810 10717
11865 16216
17331 25323
13059 25482
8368 14450
867 23914
7387 24485
3667 15856
8054 8248
4096 15638
14771 18521
808 23046
10175 22408
4273 24551
14590 26824
18876 20991
7042 22240
9343 19092
9207 11079
3790 18521
6371 14136
11828 20162
22452 27069
8081 23090
11682 14803
23721 26810
13059 17128
1773 7296
179 27579
2544 25614
1538 17080
1859 4648
12536 18670
7810 12506
15907 24717
2841 25197
10971 14941
313 18251
13434 14728
9860 11287
3140 5705
14348 17616
17191 18799
23619 25606
12064 22373
1904 2956
17562 23469
7376 11599
8568 25505
9557 11023
5081 21029
406 2882
13236 22581
11763 25750
7080 24057
6700 25335
5659 13385
10348 22884
24076 25995
10388 20967
2757 24976
2894 9569
17524 23811
17984 23225
4328 24601
5751 22074
10351 21716
1878 21458
3165 6245
2419 19004
18692 28165
16619 18286
21450 22379
1432 9907
22757 23711
915 18512
836 867
6 935
6216 9361
3163 5004
947 15500
8318 15609
12121 22601
15085 21891
19856 25417
12092 25876
14566 25233
10952 17117
14644 15200
18450 21908
15985 24006
9137 22060
17490 18637
5403 16261
25754 26896
247 3970
6497 25206
10189 12508
1142 16557
16890 27642
3337 4498
6173 8585
27664 27763
4101 5327
6860 18808
1573 23214
13251 22479
1717 24240
427 26765
11825 23248
14825 18400
9847 26271
5371 19401
13383 20849
10767 11084
27285 27844
19500 23997
6601 23083
17530 18717
23997 27374
3381 5777
8856 18018
6668 22028
12525 27559
16961 22033
9518 19819
1001 21436
15660 15994
8596 13081
9108 11003
5607 12034
1884 3463
1889 11566
8972 16193
12618 17383
13736 16734
4524 19668
8923 16322
5154 7143
4802 13110
21673 25494
11264 15133
3095 14346
6972 7508
1721 22031
14379 17980
6832 11916
2887 16853
2943 16439
9113 15387
2031 19321
5906 8592
14334 17630
1222 13023
11164 20319
4149 4634
10116 15426
12357 25293
4573 11161
10981 14969
6053 13646
18148 25287
6177 16230
22194 26251
3204 19476
4792 24828
17404 20395
9241 14651
1852 24384
2847 22664
3161 4890
5878 16642
7737 17427
6408 8954
3782 25115
14193 19369
16258 25104
19542 26716
4507 27961
1589 22860
6301 24307
16639 16742
5047 10301
23619 27306
5946 8429
18416 20688
973 4742
23253 24238
84 9736
6659 25978
8317 26413
22230 22421
17763 23251
8947 14355
7273 12931
5848 13918
11792 17535
6116 18316
3296 23916
7192 24076
4110 11141
12275 22764
7595 22581
20893 24799
18843 20429
621 7061
2911 22925
1181 16019
1948 12604
15241 25084
5071 16969
25562 26544
15689 17373
17373 23502
9573 21462
4979 9264
9739 19704
5540 7410
18360 24191
20857 26495
6476 26853
16991 23370
14999 21032
8241 9848
523 17779
18021 28039
6917 27152
9382 26750
704 6809
7923 12636
13091 26507
12483 14145
10741 16989
9260 24897
7516 9690
8148 20212
9610 21082
9465 21473
10008 20441
4448 22463
680 14907
9963 14571
8209 24419
13407 15977
5004 20553
14668 21589
9080 11682
9572 23298
10389 15047
2348 27654
21787 26929
9569 24979
11866 25875
16463 22141
11651 18663
441 13374
10303 25659
11166 24671
1327 14563
3892 5989
8291 18032
4244 18373
24369 27700
3102 21749
3112 8706
213 21147
12151 21032
10514 18870
11747 27180
8165 23749
7213 21770
1104 17604
10600 13447
396 16276
10729 27013
3265 7836
2482 19839
2823 13706
16833 24149
569 11416
428 8910
14728 21110
6440 9078
20069 23663
5607 6775
17733 24425
621 17362
12679 16927
8050 24290
12411 20076
10876 27449
12967 17260
12100 22650
7209 25541
8861 22126
27423 27835
2916 14619
7505 8143
8821 21827
7111 17138
1468 8263
5672 19033
15779 26053
3900 17938
9869 22688
10497 24899
11864 15895
17632 27565
18824 25329
2168 23559
23665 23809
6931 11030
16759 27104
7915 8183
23816 24804
8776 19411
143 209
7541 12674
4689 19169
17801 25006
18533 19712
11431 24095
17458 23197
6107 16823
6106 8707
6765 17253
17747 22565
3940 11672
1970 7668
10079 11654
3593 14911
8887 13922
10530 22947
11322 27989
4265 12532
7367 12378
515 6999
11368 27876
7737 21297
620 5162
10570 16208
10350 15202
17887 18529
1425 8322
2537 14323
2927 15141
17906 17967
3289 26363
14862 14957
9166 10137
454 27042
4178 14280
23628 28211
6156 15210
16094 17097
8342 9497
10119 21423
8658 16467
9115 12151
16888 17906
13257 17141
8898 27698
1986 23619
400 14793
10217 26694
428 18230
14809 19381
16113 23273
3059 14672
4101 25140
702 12153
15634 25865
26701 27579
985 12779
923 20328
4232 5071
2368 22162
3354 22236
1311 6902
10066 16020
584 6883
18260 20654
7121 25163
6462 23437
8457 13173
19132 26740
23655 24557
8508 8893
19355 21650
1208 7086
12052 12647
2170 16964
5071 14552
9395 21300
10498 13054
16324 18593
5206 24130
4606 18832
16108 18381
15690 16591
6284 27385
4775 17902
6506 27719
3852 27664
1240 3762
5149 15036
11876 20715
600 15077
1428 24232
2198 25329
7319 25082
19367 23939
16104 18456
4574 8500
5096 5819
11363 18955
8343 21849
7481 9720
7877 9185
9368 24005
4218 7975
4497 24571
24663 28136
14400 14443
2272 23952
23836 27796
17598 20166
4106 9043
4671 18541
13343 24453
12722 17277
5485 16955
3019 23665
6609 9874
12140 26660
782 12954
6189 24122
7021 13246
13560 20986
17089 22032
15858 21831
1898 14880
12356 17963
9273 10156
3625 11244
7836 16377
12994 13153
18177 20064
3900 10845
10279 17367
2539 6517
768 7984
2344 19665
4965 27363
4355 14366
11798 17426
348 25330
9031 24853
2518 7652
12504 23433
16660 19387
12335 22238
15990 20451
4807 25035
6965 12873
7915 20930
12855 24057
4806 23459
9408 9560
15251 25348
3572 13838
19105 19696
2518 20235
5313 11611
11544 17222
1139 12065
1904 9933
11816 12709
14662 28106
5403 7003
15182 22081
54 11599
2605 5816
1710 13231
10088 17525
18114 20227
175 1609
7584 25623
22184 22186
9035 14662
9747 11045
9784 27206
19512 21349
6541 12054
10825 22737
3244 26363
5348 25736
2586 24219
17666 22413
8471 21353
2705 4883
8430 12836
9788 27352
455 19327
4350 21285
5463 26204
16511 23957
11193 12711
4326 10759
5222 5359
3408 11484
20479 27621
545 7723
3634 26936
19171 25219
8335 21983
6549 7468
9905 23890
6119 25109
22425 26061
135 10244
14612 15553
12928 19396
21587 23254
116 8244
17285 23414
5505 23467
10934 15853
4339 12538
12572 16904
3307 5716
4299 14586
1205 24407
13208 22112
4644 16766
12573 27013
16097 27726
2274 6058
8140 13826
5481 22517
19769 19810
389 18164
22100 25138
5497 18211
2388 5913
7205 13266
15925 25911
12689 14534
19289 27841
16279 17440
19539 21790
1788 8375
3661 23036
7983 10364
79 1592
14167 19576
23206 25267
8057 25110
16282 18529
13833 22157
16311 22165
3002 16108
5689 18533
16697 26017
3420 19166
17723 18682
5305 28103
683 20841
958 7944
25008 26457
2236 4874
13367 26095
13300 24861
18824 19373
18148 22919
794 8396
5716 21369
7354 7632
1666 13623
9252 27259
19952 24232
12033 13687
2969 23530
10848 16954
1785 27010
2872 3974
12754 20429
6334 7194
17686 21809
5898 15041
18775 20304
1428 21026
967 4209
11661 26846
6296 25039
12927 23696
5485 6536
833 983
17239 25879
929 18565
3510 14276
14228 16922
1153 25221
9103 9217
16726 23365
3257 5082
19140 24374
13591 23423
23663 24062
11298 16695
1971 14378
14849 16978
7830 19154
1348 12322
2557 20743
13564 16460
2376 17201
12982 14974
8803 21523
923 7170
1613 11283
660 5309
1859 3566
12348 28039
3609 24167
10462 26193
1368 28230
7927 8781
11744 26459
2667 9752
9349 19730
21682 25699
18564 26686
9529 19796
640 21057
1816 18811
6633 17787
6182 11971
14581 21675
3284 21873
15425 25712
10245 15265
1188 5716
7741 17773
18823 21723
9089 26824
12444 19857
16102 23867
7945 11345
3970 18491
7695 21886
4285 26580
8575 25278
14468 26361
9264 9428
9509 20616
867 11382
18910 18979
4091 26186
8083 18753
12300 16048
8498 13970
15543 26541
25128 26943
1609 27821
19005 26417
11192 22184
1721 23245
1121 27570
837 8751
11133 17696
19926 20963
18169 18396
7624 17046
20136 21423
13015 13980
5802 9265
6885 11696
9337 9932
6882 25321
10023 24096
18569 26691
5866 22517
12711 18516
16337 25559
3285 14543
24869 26638
17513 18620
22597 22769
10629 27926
3254 28045
15367 20737
482 1948
14420 22251
8872 15695
1663 7883
9226 25108
12111 19195
11963 27802
22326 27508
18520 20711
22159 23455
9563 24122
13780 23675
12369 25110
6883 14044
3544 7473
23605 26628
48 7832
2924 18963
20930 25809
3366 8290
6865 20538
287 5609
15174 15348
10258 24292
3233 12155
8817 25454
10054 20173
8852 23600
4516 11290
3499 19394
256 12651
363 14084
8924 23197
6745 26076
1672 13827
9214 16961
18 3197
6707 19836
21182 23038
11913 15920
12182 25392
9591 13193
1163 20579
12479 25008
3648 24457
16722 25992
6495 6703
4878 17166
22666 24543
12128 12614
4256 26665
17902 27569
16626 20789
4808 16917
9484 11688
20324 28210
10888 23893
19847 20086
11059 13816
15068 22254
18541 25174
2339 15723
4574 19429
6484 21804
4586 17898
21207 24782
3881 5189
10228 21462
1787 2125
2297 27305
15047 28055
4497 25838
9991 24461
24636 27420
11443 11592
5528 6528
2027 23454
1 34
7584 27627
9731 26453
140 8855
13291 18920
21735 23357
11917 12508
10369 23588
5832 27330
1241 27603
7141 11436
10370 18065
1095 6715
7459 26104
22837 27499
17832 26563
2084 16874
1027 14402
22042 23593
1707 26499
18466 22008
1259 18704
8048 25306
5528 24611
1593 25329
12345 25302
4999 13687
337 23531
18314 25553
19123 22387
19797 21633
1200 8108
9137 25590
11019 15549
16564 18594
8049 9356
7827 10983
9563 26413
8229 24915
4770 22607
1920 7375
8083 27460
3472 7075
8003 14407
19115 19874
20875 25666
4945 9198
2303 9086
899 13980
5247 14038
9837 25489
3482 9928
3121 21461
3294 20998
1134 4404
8602 15561
10146 22012
12512 27758
12537 22740
2204 15747
9018 24451
1900 15216
12920 20707
4943 5023
679 5356
5618 27795
18280 20558
15282 23225
24640 26969
15687 17795
1519 14033
448 11184
8670 20826
160 19610
13385 20170
2221 20224
7501 24435
4328 21058
4090 16670
12581 26888
3249 22093
116 24500
2213 7374
4725 18454
18132 19510
16175 21798
2503 19575
19891 25329
4256 12438
11494 18599
1648 9225
3727 8993
23809 25699
5018 7489
392 4296
907 14291
11416 16353
12134 18560
6930 10706
1840 7290
5048 16475
3979 11809
24897 25301
11260 22481
3729 22787
9214 21801
3719 22404
1065 12848
25381 25876
7246 11006
1748 15182
4218 27932
5972 26946
19348 28264
3392 19177
15068 18760
711 22897
2368 7290
12580 21761
18817 27611
3336 26457
3154 7497
15069 21748
1840 15687
12399 24104
25712 25838
4349 22606
8384 15644
3098 23392
22183 25957
13380 20388
15470 18541
13661 13855
4081 7152
3038 19429
10560 24968
188 18367
14606 22223
6044 18056
2376 22507
9937 25266
8085 19116
9467 23111
17133 25956
1759 18843
2395 9398
3727 18397
13355 15294
3734 18421
2340 9283
5414 26882
13753 18662
5273 10767
3957 8841
12867 24593
10075 25560
1041 16909
2518 23600
13998 16905
1068 15357
2856 25849
12931 19827
5943 7481
3357 20786
5850 13945
6426 12016
6069 10042
9607 13017
19819 25550
11616 18162
12986 27149
7824 16724
11143 22202
11674 12651
20446 28235
16328 17431
1622 8196
11596 11645
12464 15611
3102 5889
20909 22543
26492 27030
1039 22795
4866 11846
7915 11918
12040 23267
7464 19981
4062 4566
5956 7703
3900 4237
2094 7952
18791 24451
1860 12487
355 7517
5734 16509
12936 15607
7999 19867
3910 16654
8392 9077
17232 19772
11424 15435
6437 17280
8156 9524
406 26601
13780 26683
7949 17399
10001 18238
626 1138
1435 23722
19817 27788
18665 23850
9635 17748
10935 27300
7909 22912
11113 20837
2413 25547
6898 8269
17507 21699
13274 25978
13404 16328
8507 9696
14491 20778
18217 19832
11948 15974
2439 7571
1940 10274
5366 22522
10348 26520
7275 14697
5991 23193
17489 20205
478 17177
4091 14586
9406 25701
19712 26413
7816 9429
11347 16767
2209 6800
1719 11295
3816 25992
8891 9943
15731 19627
995 9429
14854 24167
7166 10303
10079 25753
9518 17299
20431 27681
6116 16682
5226 22832
5266 24127
20447 27013
10208 16999
3036 15258
9179 17356
5128 24539
3647 12843
441 27655
12573 27158
3337 18419
16453 19559
848 13484
3539 22737
973 28093
7884 10548
9767 17022
4197 14082
4060 20224
14140 27074
16136 26283
20405 24589
16328 17226
11414 18662
11216 25610
275 994
867 8105
1197 1760
4853 12462
6495 26493
86 7289
13143 24290
8852 14155
20 14017
881 8719
10390 19467
3601 17815
17322 17565
755 7855
24215 24322
21184 27870
14189 22047
770 20363
10 10619
12945 26235
4614 22875
6848 24122
2503 27829
2624 25139
8048 12679
9509 24872
9368 15847
4216 18812
13681 24461
11880 25890
584 20760
7032 7368
20689 21229
5326 7036
17902 19816
4701 12427
4763 24171
9086 9356
11589 23578
3346 25713
7758 10205
10886 22645
18824 25291
17687 20011
1020 1456
867 3152
3648 22026
1349 23916
8405 23921
25382 26479
3102 19004
21470 25294
5651 15919
22416 23708
10711 11821
393 9940
4241 15543
12738 23771
7927 25345
2386 20831
16603 22519
9047 20705
3845 14295
21258 27865
12517 26597
4967 8398
126 14697
477 27721
2815 9365
13018 16094
5923 19712
14748 23978
4278 25007
2575 20192
16490 17372
20332 26638
1860 9358
3700 13179
12855 22295
2485 9179
5941 24157
5378 26320
1246 11093
4661 27257
16163 19852
4802 7521
4548 27821
810 9250
8880 14555
2995 4756
25918 28053
11042 12111
6824 16108
10764 20684
7877 10254
2383 8359
1590 12961
834 14518
8745 10876
6618 10839
22470 22667
1609 6814
19206 21338
22646 26721
11877 14710
8459 21952
6873 16081
2543 23978
13421 26432
2208 7702
6518 10309
2128 22607
13466 22913
1902 17562
8441 9617
1327 27929
15357 26673
4328 15133
12050 17939
14830 24298
11873 17060
1170 8188
4244 25064
21200 27718
3994 5733
867 6489
3265 10142
6382 20947
16153 19445
2292 18515
23086 24225
3128 8025
1980 7758
1927 3415
15391 19496
7898 15086
2470 23708
12717 21353
40 406
13985 26812
4659 6573
18848 19840
5691 27068
4300 13623
21000 22531
9264 17019
11216 17965
24241 25445
13257 16891
1767 20554
9067 12056
3598 7626
12982 14461
10320 16599
2907 25062
12263 19546
18256 27848
9905 18775
6158 11634
25446 25966
9550 11562
4185 4432
3205 17963
8982 26963
1878 24303
5680 22746
3399 4546
26505 27536
17594 19715
923 24958
13622 24864
14755 17727
15543 18669
2214 25547
3903 7747
6678 8413
12967 27005
3507 27229
15263 21681
13514 18335
2518 22847
2372 5832
4076 5916
12580 21577
9663 17603
6958 16636
26836 27659
21423 27314
8912 22481
12454 27523
16423 27121
5989 23628
9394 22603
24040 24591
21954 25525
12637 16622
10220 14971
8286 19545
16435 22871
22479 26016
18027 18665
11657 13000
10785 17996
3231 7423
18219 22902
15160 21016
2882 22216
24651 28102
3448 28193
10598 25165
9336 23063
2482 25724
1562 13203
21521 25576
2494 14469
1958 5623
6773 9670
11450 26829
8795 18502
4827 10323
9378 22312
17471 25014
13543 25786
10999 23909
5332 21053
15693 22948
4299 19765
9736 22828
18319 22340
23 3186
11499 23482
13018 21615
2373 6220
4550 23617
825 10323
11747 13585
4326 11994
5112 16337
5476 8150
3515 18457
15648 26605
6177 24444
7582 12437
16098 19583
204 8566
6801 27756
411 21674
3829 7350
11925 17787
10792 19787
7154 12410
8223 23344
12832 26476
24172 27510
18190 20131
16504 24499
8474 24736
2344 3052
2232 10288
4749 10957
10531 18958
11831 22882
17010 20871
2096 27085
23553 23655
17585 18643
6891 25328
3667 3670
4312 6378
21003 26740
12341 27966
13619 21473
3730 12459
13447 24216
17354 17833
2030 22664
10701 20723
2314 10488
8793 12790
1178 14407
21577 21804
27706 28039
5219 27819
5699 27152
23459 25453
18353 24648
25525 25823
4343 14728
15226 21789
12397 21569
5579 9983
17742 26743
7885 20367
2180 18997
1622 27016
3444 7955
12836 26237
19004 25306
7046 10287
20826 23984
18550 24061
11627 18564
428 17237
23177 24253
2718 18848
18909 26331
786 17586
1589 14666
6182 21263
6973 9949
1725 4452
21668 22862
7596 21228
21702 22925
12 8766
9496 19109
6182 25727
840 4004
8043 22685
417 23921
24861 25432
8567 21012
18651 28128
1185 5592
554 23157
8751 26347
9795 14941
20123 23892
12726 17902
7346 16446
1106 7997
14620 23225
12413 16987
16193 19952
990 25157
23425 24727
14326 24982
4353 16594
790 17562
5978 23082
13738 23934
8300 24189
8924 25287
10937 17375
20527 22203
577 9008
10246 12945
14553 27953
9184 16678
12754 13647
14296 22657
2213 14033
6894 10354
7584 21792
15643 25822
9103 18876
4746 22492
4355 25642
8413 15798
12901 21166
25849 26792
1114 26872
18458 26271
10076 18588
25096 26458
21359 27756
23321 25758
21798 23799
3536 22581
923 22173
14124 22785
3050 7139
21484 22565
17167 24425
10008 27560
688 14602
3238 19014
12749 16253
1499 6437
650 20732
925 25034
7580 16083
418 14502
21438 22581
10189 24576
7701 20826
2945 23265
4290 21438
18462 20442
253 12262
12952 25703
8756 27453
7361 16853
14926 22860
7923 15371
5205 8636
17304 22864
9214 9502
7921 25497
3805 17349
8852 24057
20162 24061
6737 20227
14309 24005
11456 18597
11889 18469
5473 7866
46 25638
1624 25110
6232 17713
6299 20971
1008 9720
193 17847
12052 14916
7503 10654
9890 12539
1336 12563
10003 17075
1142 14479
21328 26700
2302 19249
11504 24065
7852 9074
6045 13407
12754 20639
7484 25197
3624 23338
656 23377
4593 11825
12076 25980
17087 21172
11193 14109
9533 24156
12426 24241
9061 14527
5100 11475
3000 14546
7950 25735
7073 12924
9132 15702
384 14407
15992 25838
7915 16369
21061 24927
12313 28181
19212 24830
3051 12116
11279 14033
12341 26753
16815 20650
25247 25390
19249 27811
11295 25200
11098 21327
10935 23521
2764 21883
19512 21668
1350 3126
4693 11336
20545 21724
10578 19296
7855 14672
711 8039
14136 19311
19611 22328
6487 18131
1832 23074
8734 25298
4954 19784
7508 12719
18472 21524
8458 23430
10170 13238
10326 27544
7205 13373
1388 17013
509 7002
11814 23529
3152 16900
1869 9399
18978 24053
11725 12506
9423 10419
16026 27221
2967 17901
14594 15894
5004 9784
2438 13373
2883 18787
9130 9325
836 16922
11456 15074
4078 18967
115 8405
834 23965
16582 24415
345 22382
15349 22992
6668 17902
8963 10100
2391 24427
16446 17456
5643 24157
3055 3952
836 15616
1270 20204
6462 17568
2802 3422
13889 23699
16478 20200
10815 13018
319 25185
3116 18649
7185 18787
3946 15182
14723 28119
2984 28060
4256 23437
6753 11628
4070 16480
14393 26868
485 24057
9252 25891
17136 23726
1093 10003
11439 22222
8770 16679
1110 20721
22532 26217
21390 24951
14964 17020
1423 21438
15568 26718
3126 24692
5609 9865
19735 25409
8352 13282
7511 25039
15829 25062
10244 19941
17173 18251
10127 23159
17348 18876
13920 17580
4639 26397
1574 10628
23060 26324
17945 18173
3609 14920
6255 16080
10280 25634
1396 17443
285 23970
2773 7557
438 18472
4116 21330
6766 27054
17541 26781
2190 11648
9236 17779
4720 16734
1275 8437
15369 20387
13973 17922
15030 27924
16999 22242
569 24477
24715 28203
3006 18717
14189 22020
2030 23668
3666 9594
13772 20541
10982 13366
6841 15069
16900 22764
6937 22607
14093 27821
19727 23492
7083 17728
14617 24304
19487 27729
10619 14794
14014 26546
5890 8797
7550 10576
26753 27966
3634 10757
5832 16655
5585 13373
21577 27155
5403 13173
10442 14839
5502 27867
12573 27801
6065 25873
18189 19021
8330 20031
5926 6626
5719 17056
17003 20319
1863 25570
18027 21821
757 23043
3819 5943
2104 10948
8939 14500
8959 17876
21578 22644
23738 27652
14203 20503
7106 17835
5419 26430
8344 21258
3110 18056
3586 18496
3086 5943
8188 14774
5008 27016
4340 26877
2373 14181
10291 24442
6116 21885
7523 15741
5177 17966
8938 14429
19387 22960
825 19484
4633 27926
49 7042
341 23455
8913 11291
10998 27726
11009 15508
9670 27500
369 12726
8218 18615
2707 25956
2801 27086
13432 18369
1761 3665
8057 16855
15618 16131
12921 27956
3063 24374
17863 22111
23162 26670
2954 6780
727 13358
21941 25819
19115 26753
1987 2481
3201 16264
1477 23049
12410 16700
4029 4031
22415 24069
8059 15844
2728 9998
4571 25563
54 2958
15298 26391
7268 25219
4090 10358
16334 26641
4802 5352
27495 28277
5618 17481
4418 19704
56 14287
8733 8985
7861 13032
2040 7878
4477 22184
4700 10126
11295 14771
1030 16923
3273 11596
6010 20890
16016 17235
2648 11432
1175 10326
10083 21738
5048 23402
5018 15701
280 13383
9552 20378
7323 17819
19941 26998
7880 27015
12881 20977
16155 21194
20162 21236
12355 14727
17823 18823
12552 12573
12218 13180
13566 26497
2438 6994
9196 18811
6992 24841
9479 25765
3187 5949
2748 6728
7589 27719
4010 8481
9038 19635
1851 15637
6268 19287
21170 22019
16075 24411
9084 24539
6996 24439
12242 18015
14672 23085
13901 24162
5233 24253
569 9214
7426 21353
16727 18294
22338 28272
3172 5943
8402 19531
7469 22017
1852 15470
4761 7002
6158 22696
2150 12927
2951 15401
1930 18848
10292 18384
11709 18679
2894 12696
6707 24490
6707 18128
15477 19712
10083 15868
20812 25302
19333 26193
20130 23463
6052 6053
11877 23593
9811 17035
1254 13131
21927 27561
7713 22409
8802 27025
4988 7622
4695 13950
10378 23286
5472 10945
19446 25676
17163 19033
15907 16418
6825 21989
1621 5767
5189 24669
14264 20909
6072 25443
4642 21944
12835 21497
11659 19791
9799 24415
8801 16284
3592 26993
16197 20282
3161 8905
17530 23886
448 7813
9264 20123
10273 17760
9352 19915
4118 16654
15330 27872
10152 17426
86 9065
9047 17440
5649 26738
1134 9026
8087 11987
15450 21074
3006 14145
5777 24931
4866 12894
8158 16491
9895 15015
8757 18777
20862 23521
9827 23563
12816 19309
4164 21964
2336 15410
8265 10044
788 9591
5486 16641
15759 21201
16467 17875
12357 20579
5087 8806
3249 25793
4974 19347
13810 24616
3728 11250
478 19346
16895 27741
6962 14903
20362 27867
4414 22425
14554 23168
2376 5516
11255 27418
21282 24053
10644 13875
16855 17965
2601 20462
6550 18324
20378 23797
4646 23120
22449 23788
2436 5295
7805 16360
9638 12705
12566 17579
4216 4342
1659 16346
12943 13183
763 8765
15453 20867
26986 27715
10770 12928
6689 8870
19865 24954
13343 17524
21680 25610
19729 20413
7127 24565
9333 23521
4201 7497
9228 27444
2320 10701
6852 18955
16036 22729
11778 23094
8151 8850
8795 19080
3537 10701
1707 2349
10416 13175
2611 16037
3419 7911
12397 25626
24905 27373
11746 19969
5614 27978
7512 7894
8483 11571
1722 18792
15297 21545
3229 10584
3805 23884
7322 19197
19657 25034
12491 18670
18553 26908
21321 24765
21633 24127
2908 11092
1556 11866
20816 26092
1240 9115
10216 11030
16910 19979
1290 15245
11830 26677
2413 24192
3667 22931
15572 16965
23 21377
3570 15092
1645 9111
15429 18876
16138 20385
4849 19558
16955 22664
3890 26591
7149 25550
8778 9061
8669 21177
406 22557
3612 9688
9238 18000
745 16181
11299 15552
8434 22398
10959 18249
4822 23914
14228 17779
23594 23719
4422 18644
1925 9457
1772 14696
3602 16665
9698 26864
4689 23904
21409 27811
10822 13121
8500 20393
10902 11149
7835 18318
11727 27751
5882 7268
19409 20008
10160 18435
10409 12955
8911 25248
3873 12399
8825 20342
4967 21815
5609 24465
21130 22949
4581 18749
11481 18529
12790 16459
15301 27423
3202 25042
10187 19201
14592 18784
6761 26666
16136 20953
5965 7826
3810 13245
20417 25366
7397 16164
4448 23919
5943 16284
8920 11817
11925 18996
7787 17803
3285 20009
15162 25613
1979 5716
5141 25940
10175 13868
21692 25559
2179 16941
5989 22425
23066 27987
6298 11552
3522 10727
13008 23722
4712 10384
18 18874
6374 24397
11124 14938
16901 21385
9207 10302
5004 26148
570 2029
9648 11917
14959 19813
18061 27423
17408 25283
19964 20222
13810 24904
21864 25927
4952 19712
3695 25839
15729 17073
8236 20899
4646 15299
7746 26629
25588 26601
9974 20111
17056 22341
1479 23375
16641 18850
2667 24169
3700 7906
7106 16373
4826 14823
8568 13734
6832 17407
10686 19073
17649 25494
18516 19326
7606 10291
12056 15141
8669 17459
6566 23743
6972 17877
495 9215
1496 21452
14632 28091
5676 24905
2585 3599
22392 27497
17232 18036
8864 27837
3780 17568
17073 17481
5441 13875
465 14953
10618 17959
3876 15669
1804 22712
3638 4955
4581 22040
5989 11368
7020 14513
12805 23056
1772 4414
17778 20589
1878 9123
14559 26733
4795 19662
13373 18787
7494 21737
7710 23462
13960 14521
1689 11580
6641 24804
4394 12049
19917 23038
2816 9716
13462 23713
1297 24510
305 20479
9179 13649
10464 10839
23216 27464
2053 7627
11147 20100
686 7419
20907 25283
5397 7743
7508 13832
3022 25773
21967 24280
597 1608
14592 22642
3235 19330
270 26547
12355 19251
7523 27108
4674 13766
3848 10477
4769 24207
1181 20703
1230 20703
16748 17025
15981 26153
19147 27776
10692 17187
14901 24313
11380 15756
18944 21823
20985 25091
8246 19639
3487 16552
9173 24334
4537 4798
4196 16369
14368 23414
21864 27867
1702 17864
5498 11813
1078 12854
1575 21605
2246 7330
2636 14999
14275 16152
23365 24415
1074 24934
8870 20311
15216 15950
959 18062
19830 27698
4689 10393
14924 20650
3141 5434
3622 9716
6155 13483
4068 21579
5176 22040
14428 24549
20170 25064
13912 26742
7695 19115
14609 25160
12077 25273
14178 26063
6868 15084
189 6891
16338 20332
10260 16348
1521 5371
9356 27426
6738 7152
18905 22692
7843 25433
6914 10286
5222 14671
6687 9634
1878 14076
7449 16570
12402 14478
1878 20313
19986 25061
1304 4188
19950 26397
13328 17844
5413 18547
15076 21228
18369 24145
19024 20689
8154 24700
9859 15784
15971 23087
9127 25269
5585 9250
5054 27833
17249 17754
13220 27285
1946 13038
3508 11321
2604 19758
3455 15988
7223 11261
7144 23721
19584 23983
27352 27949
1143 28044
3272 17945
7603 10937
16559 19662
21049 26518
660 3647
782 19664
2302 22560
3901 5989
2004 20354
10136 16655
3625 23608
3414 10672
6848 9416
18584 22399
2767 26314
7637 26814
2494 13679
10849 17723
13038 23658
2219 4281
12948 27179
11697 18369
3622 9731
4562 19784
15094 25810
2447 9923
20354 24169
9563 22040
4670 15452
8156 25206
14631 27010
18756 21746
2499 10723
3283 6467
16190 22775
9242 10639
2087 22211
14555 22131
20916 25129
15549 20972
13688 22101
17514 27954
4360 20363
4081 8497
16374 27726
9562 13033
833 18113
14753 17984
6450 16263
3257 11294
2708 15184
13917 23935
21717 28082
113 4806
65 15350
5371 23455
8114 20998
5131 5665
4593 20995
4442 12708
14851 17713
3859 17446
14964 20363
11552 17429
16584 23295
2938 23200
7374 11674
9310 14793
5273 13542
16726 19496
18878 26927
325 24158
17220 25297
7058 27988
10916 23851
833 8372
3551 14481
1278 8924
5903 25831
22311 27158
2526 12852
5773 20575
14272 18388
12800 25977
2582 8690
21987 23557
14930 23954
21105 24131
10934 14096
2245 28031
8246 20258
5866 13037
9361 18823
2530 10128
401 28100
2732 19033
2442 17718
2547 17564
18649 23048
10871 26601
11465 17173
2951 12654
2973 13732
1178 12612
17793 18901
12426 24056
809 17843
9621 18958
6380 25364
6806 23128
14750 24425
828 1015
6487 22823
22479 27444
307 856
20525 22890
14193 26546
3618 7971
19354 20714
3329 26922
12009 26773
825 22387
13410 13597
12800 16509
2798 23874
9835 10639
11866 27571
6317 12169
2882 22048
8388 16887
9804 10434
6972 22961
13515 19154
26452 26578
6506 22861
16564 25704
4216 27237
22469 28077
8411 18332
4629 4879
9690 22562
3987 10674
23892 25276
5609 8441
23598 27514
11082 26244
5795 24637
933 18520
197 377
3856 12830
3488 28158
12927 16905
2250 9956
8856 26806
6707 9951
8864 26829
22149 22283
8394 24059
4640 14763
3631 11230
19254 22080
14813 23666
722 9683
1506 10319
11916 14418
9084 9670
19402 22630
10878 17513
9095 9250
1825 8236
19735 27790
5165 24759
8160 18114
21300 21958
17958 25695
16095 27342
9616 23619
5927 11237
6639 6798
21163 24085
2120 24866
7266 25729
11194 20739
7666 23625
10365 15377
3446 18950
16351 24242
2988 26566
3164 12343
20469 24182
1133 5082
1 190
13910 16678
14327 19746
17549 24252
353 19582
9579 14033
11080 17381
22025 26869
15918 25504
7002 20904
16858 23214
396 24448
13736 18777
19036 23143
15642 24502
7471 12792
15041 25566
15130 28049
2336 13313
1142 7073
7196 20222
474 9254
24299 27105
2918 27862
22022 22894
13101 25403
5053 9260
3634 10800
21746 22825
7746 15330
4914 8508
2096 2162
9746 18050
17657 17696
1721 23431
16268 21656
5325 17263
3169 14758
8970 20480
554 23633
16167 20197
15620 18541
8479 19122
11795 12991
17177 21527
2830 18647
11610 24451
4052 23969
4332 12971
9089 9670
1512 17075
2740 4006
6539 24549
19711 26702
23275 28096
6708 11682
10169 24569
421 14557
11236 24391
24098 28056
6088 15561
12388 19655
4861 27271
6209 14667
127 16955
12538 16878
7472 26111
9240 25433
6154 27129
3257 22885
8846 14023
3160 12678
5651 19665
1411 4574
13806 18755
10559 21138
17254 28227
18670 22872
2878 5162
17509 18046
4726 13175
4916 19455
15541 19820
12433 27719
757 13976
2764 4102
14464 27593
4891 11156
3758 10320
1450 15376
4247 24051
6973 7638
3946 8679
5820 16130
722 12111
1015 12444
7176 7878
23315 25351
6178 21261
4288 21250
2712 8935
6067 15098
404 25875
8730 26142
1112 1324
2373 13957
22729 23830
20611 24076
3383 4144
10012 10369
4878 25754
15558 25114
7902 23024
4159 14037
766 13201
8802 28176
9182 17376
4838 21107
19189 20424
11463 19132
1449 23487
21886 22213
9707 15493
9462 17558
17017 22195
13912 19068
742 2298
19127 26760
294 12399
24068 25106
1775 23653
7231 15919
17341 27042
1748 23547
20206 21964
20235 21925
13266 25249
14983 18458
495 4693
2986 8774
4639 16439
16117 20459
8437 18764
2297 24095
16976 25781
15973 19947
3269 3903
21867 23622
928 28089
10595 26855
7320 16664
2414 24613
12912 17039
2447 25770
17742 28194
15851 18024
6506 25904
12982 18529
12963 20162
5232 15967
10050 14957
9095 19732
3126 25525
6401 11417
1184 12661
4377 5229
13970 18999
2124 2368
2334 21056
8454 22511
12122 17637
8352 21950
11927 20144
13899 24134
16478 25575
3126 12217
4408 16036
23349 28018
22518 22900
20041 27329
3228 5123
1767 27117
19118 24569
8204 9348
7236 23518
11599 13550
2598 18280
22649 25059
3294 27675
7962 13359
1672 11667
5626 24947
18173 18716
23673 24242
8157 11026
5181 26721
345 9923
11300 25151
4833 16974
26278 26731
12411 19989
27245 27821
1060 6053
8057 11028
2764 23143
10584 28181
5221 26660
19161 21377
11411 25960
6146 22780
1710 2635
23929 25174
12913 17293
3859 17489
9878 20804
7639 24330
2667 27867
19584 20355
3566 28158
24140 27174
448 15560
11475 26820
8478 16288
1605 12778
9614 19547
4869 12784
13173 20235
16472 16718
3601 15604
10170 22670
16024 22587
22607 24057
12689 13051
7768 20115
4391 19605
2582 14844
584 640
23946 24662
1753 25329
2483 22670
939 17108
7135 10893
14103 28193
293 4986
3685 6674
3734 25279
10971 25552
3872 16338
3929 26717
8212 28156
20123 21605
22479 27611
4949 14260
2376 17113
10494 13597
24251 24947
465 19171
23679 24122
21115 24826
10079 25986
7031 21278
9771 22113
8705 19990
16562 28032
1050 24522
11495 12708
5048 12228
4162 7127
2503 16260
341 9583
26591 28157
8393 12099
22579 25114
607 23809
1686 3878
3007 19147
9809 24149
835 10062
10023 20010
18379 26998
10444 16054
7555 21805
4216 15028
11866 25910
1878 25458
2362 14957
7136 24050
9933 26752
11143 28028
9525 22536
16226 23147
7523 21913
20475 22550
19531 21424
1151 20247
12315 19046
22071 25813
17198 25032
7021 7555
14383 17838
21918 27819
689 12139
9774 9904
38 6079
301 24412
6446 16368
14052 17563
5694 10321
4415 11258
3872 15308
10161 23278
7677 21438
3712 26000
7390 15728
15284 22591
5878 8254
12754 19410
17930 19177
12120 15343
8560 21450
7020 27839
10294 27046
1805 25770
910 24282
6528 15814
22697 23962
606 27328
12366 28126
8524 23698
836 21939
3708 8511
4742 22634
3239 5839
8384 22835
8558 27049
6377 11026
13447 25454
7082 25849
15742 16048
3489 20285
6873 24286
3061 8884
2602 17047
7765 25577
24216 27004
4159 27374
14607 18416
17541 21194
13960 27061
4003 4122
4379 19990
12915 17865
4891 10091
11336 20639
10197 12428
12565 15108
3097 25614
8363 10290
1622 17858
12935 22894
573 7285
414 6498
1573 19893
11444 17398
2136 18798
4361 8212
9127 14534
11789 20811
22196 24664
21650 25680
487 22892
560 12220
9323 16289
3396 19127
13294 19888
7846 9086
1764 1922
568 2980
1091 16941
16923 25329
20251 24069
18669 19069
2491 20205
9252 21139
17787 19723
22087 25881
2708 8575
18117 26016
18631 26858
10389 17241
8075 12547
1327 13387
20655 26865
16867 20491
15405 22674
7885 23522
5716 23944
341 22907
12346 20498
13421 16679
16237 27732
23755 25658
2369 4049
484 14473
16423 20339
16960 24598
14364 27420
16695 19755
5076 24411
18050 24148
10965 19843
3724 5040
18919 19354
7419 26601
1091 14276
5327 12598
6134 13665
6513 14857
14082 17541
19948 26003
1140 19531
11315 11576
2590 17889
6488 15369
8889 26186
20375 24501
26085 26640
25437 27536
3384 8735
6705 17909
3779 4191
10393 11495
4849 17152
1925 18380
10952 21564
6301 24412
17592 19827
20265 21887
1234 13354
15090 20140
8370 26066
23610 27642
20202 28238
8633 24573
9375 12978
3206 3987
11893 12179
193 17232
1240 11401
2447 25560
722 9001
4693 15477
8982 11326
7768 24068
8751 17893
580 24160
6178 20195
3653 20015
2767 21387
4367 16892
43 27779
7210 23422
2961 13127
18259 28262
7189 27202
3321 20800
948 7031
662 14174
846 21489
26324 26613
18704 25602
6939 8979
1888 14920
289 3356
611 10082
515 24061
926 5989
89 22581
14766 25523
369 24422
1331 8372
18641 19021
12134 20635
14839 19083
8473 9454
4642 26024
1379 8368
15734 23282
8913 26691
8485 14132
2586 22802
6437 26244
1292 8349
4188 25056
1804 10952
7033 16703
1421 19961
12628 22187
1689 22664
25999 27686
3994 23353
770 25409
7162 20635
6615 9552
3359 4489
2329 7984
5736 17911
7975 18315
2341 2496
4599 18368
15863 19081
9020 15899
6973 8714
3147 21164
11443 18959
8398 21826
4419 7910
15676 23000
23372 27445
18859 21455
5295 19092
13484 21032
18321 26584
1878 13026
14866 24373
2230 5984
1787 12403
11822 27894
15895 22969
4241 20008
16551 17964
20597 26674
15023 16092
4418 6760
20622 22734
7243 11599
8069 28172
10302 15069
7103 8032
193 6238
14954 23574
1858 12652
9239 10063
13294 19050
514 24158
4188 21442
8985 26577
1686 25083
13211 18412
7881 24061
3944 11047
16194 26544
12618 12956
19817 23418
5344 13564
1878 22128
3875 6754
4993 27835
396 16013
10302 21730
18921 24120
14969 26851
15869 23483
3354 13970
3936 23718
20288 25987
4 14995
12260 17353
15493 23103
759 23362
7228 19604
3244 26061
5565 6658
10460 14044
2518 7183
20782 21952
9949 24147
11170 14825
10068 16322
18133 19375
5629 5711
8924 9417
17373 24171
9239 19289
4340 16726
9060 25364
2133 11269
15397 20723
10756 11491
3139 9524
1900 24908
7933 9939
5693 7571
1171 4660
4495 8945
17423 17905
10280 10672
4712 24554
6016 11619
24221 24510
9296 16103
16939 17870
3825 9260
3265 25894
867 5842
5466 17961
3873 21791
7881 28163
2926 11959
670 18069
808 21391
1455 24379
11441 20834
15207 22353
17779 20352
11364 18931
17131 25869
8720 23016
2107 5846
1006 1066
1069 19004
21383 24848
161 23455
3430 13721
4115 13893
11473 22292
1748 18381
25547 27087
900 27776
3508 3795
5203 10891
22830 22900
13055 18009
13840 23136
4828 22476
2272 2470
2250 3446
1878 22716
17194 24904
670 11816
2127 18919
14638 14913
10871 27690
11774 25024
13032 24062
14427 21202
16767 27470
5711 6213
5288 24415
3967 16338
16806 19780
5279 5916
14314 17957
3059 27030
6552 18411
1581 18552
17851 27646
20292 27197
3011 5270
9234 16203
3147 13355
258 25504
747 1089
14194 25173
692 4201
5102 13649
23143 23941
2784 22892
8070 13299
251 26081
2474 3947
9305 11507
23085 23372
406 13363
5613 9626
12244 23342
10923 20019
27192 28217
1769 18286
19082 22799
12169 19273
10308 22666
5996 7893
4211 17763
14809 23254
2388 7214
2118 6561
14971 15549
1871 18369
1097 8641
8158 25564
17742 24057
3950 12184
23674 24007
7241 9174
21436 25882
11148 16747
313 18938
8086 21761
4196 16213
3947 26917
3356 5082
4827 27586
1718 9247
3010 6378
9127 12562
2320 26584
5751 8209
6446 16702
25546 28097
17483 18990
21831 27515
25240 26550
17133 18368
6862 17484
14567 25772
14390 15108
1935 15749
491 19846
17785 18453
2202 22254
8437 15426
3242 7552
10630 16439
1162 9294
5160 21665
483 734
3117 25956
23265 27975
6427 16429
4362 13861
10990 24076
1696 8296
2671 27611
7524 18683
6716 26219
12846 15181
24997 26885
5549 18823
5768 20551
9590 9857
12369 26153
5794 8438
8054 22472
4646 22192
23799 25853
10866 24204
3484 10887
7210 25104
7490 14776
11692 14633
6999 9903
187 14411
9018 24148
8217 24024
14809 20367
4189 13054
4780 10952
6263 12369
13091 13143
10517 16359
6956 7249
12383 16094
10580 26162
5005 15732
2805 21044
147 18464
1727 12405
5731 25415
17813 26958
8036 25871
9954 20956
3694 23838
3167 4607
9019 22368
18211 23143
4014 7209
13871 15757
4942 18671
10493 25738
14873 27622
4458 14465
16983 18308
9105 21300
1440 4639
6221 23365
4471 5499
8075 13676
363 27870
9552 14427
3547 7185
11133 18972
6770 13796
2369 12282
18541 27913
11630 25875
16989 25685
3425 7635
15047 21798
14153 22539
2141 12766
17545 18057
3267 4993
2227 10409
5481 28131
20669 22645
8995 10784
2764 3319
15749 18813
4080 14586
8087 24810
1755 27499
1501 12432
1621 21753
5249 21991
9421 25215
588 9226
1352 9690
16525 17440
15426 19705
9554 22581
23371 26457
10312 14896
5580 9154
21151 27736
10640 14633
6302 15678
4072 14273
5201 25919
4863 6320
9251 12526
19900 22392
550 16031
7420 13165
2767 25336
20744 25542
3412 12548
10717 11104
18659 20975
12737 27300
723 3855
4245 21003
13970 26405
9250 26027
15575 27130
7380 13929
3169 8806
5691 17836
3010 13591
10 16702
10419 26998
3890 5659
10982 22871
12479 26601
10800 24965
3098 8905
10971 20053
3388 12508
538 3439
20737 25683
590 27828
991 23798
14546 14835
7020 7626
20338 27536
9154 13329
14852 16911
10747 24173
2045 23955
6590 20870
3927 10996
5055 14704
5618 25903
12587 23952
19579 26261
5636 18302
3580 17922
10889 23467
3401 19056
12288 17916
12523 24300
14092 19112
9683 26334
18095 18635
18369 25735
10859 25261
5962 8554
4072 21317
2523 2801
4930 15341
6832 14418
2698 10541
9252 13756
9589 14127
2727 12727
7386 24690
5014 9012
14044 14480
8669 26955
4209 6914
18192 21423
18219 25402
6807 21821
7930 26329
24823 26706
12097 16999
10123 23879
9473 17288
13819 15610
27448 28044
7813 8113
5540 20355
5218 18142
9398 21275
20925 24332
8957 17651
5143 7156
4221 12348
16212 22086
8320 24062
767 9574
15642 17747
2010 7079
13335 18454
14971 16331
4509 7309
12886 23743
18121 27992
788 16769
16373 26118
5660 22691
11100 11152
3587 12526
2592 11905
6860 14409
6860 26961
6894 20448
6071 18556
16194 23214
808 16623
4563 9782
881 15015
6008 20572
5802 11880
14463 26815
10692 17402
16547 21025
396 27980
21366 22409
966 7929
2412 22940
23228 24023
3463 22199
2000 25507
1064 8220
9635 16979
23359 25918
234 8912
1197 7507
3401 18046
10879 24836
5855 27908
9869 22851
9770 27400
5039 9614
15161 17108
4967 18565
6146 25628
13888 22847
12051 19767
2740 18938
9252 21123
18480 27257
3257 26923
2233 11878
17800 20368
5473 20782
86 937
3985 8391
4751 11443
7145 19267
12769 26266
926 18401
862 896
8533 26193
4712 9137
833 1331
21646 27571
8498 21801
16949 25702
14683 26379
7295 26284
7387 10433
6446 26740
4063 14696
14527 19322
3997 16953
473 21766
8770 16823
9654 11268
808 27042
3382 21389
20639 24373
13424 22984
7508 24862
25403 25617
448 26499
11059 12095
1851 22538
5728 16460
15665 16679
11117 14016
25309 28211
17422 24417
7412 21304
17215 24467
20109 24828
1116 11257
22714 27208
27160 27328
10447 19181
23290 27041
7 21431
810 21639
6205 27194
9367 14099
14965 21636
2163 18939
1711 23617
5134 27393
6605 10464
4312 19829
4571 19180
22511 27660
515 23736
7820 23983
566 20288
9495 21543
7529 21266
9067 16136
2025 17458
18823 25468
9187 28258
4072 13359
12418 25704
7091 8353
6097 22801
19989 22416
5522 27883
5797 18690
3364 3913
1209 19868
9618 26691
1036 21852
6980 13597
8646 16956
4326 11878
16314 22425
450 20689
19166 25202
15410 17364
7950 17718
13374 16941
22117 26510
9260 23610
3482 26723
11078 24009
18381 22497
1056 2336
16322 20532
2259 24589
2369 8155
2782 16863
5574 8816
17318 20491
17210 25423
18982 20336
207 21279
9668 27539
1786 8352
17530 24570
3399 18700
23151 23663
9826 28039
8383 23430
2961 8770
5288 27042
18753 21153
3249 24398
3067 11052
26159 26770
11975 21462
23194 24772
21356 26695
8739 10728
5984 20355
3420 9260
18151 24172
9557 17048
15141 20110
11880 27019
1852 25560
10080 21545
5664 16238
6390 16870
11197 13642
20813 21984
8025 13091
4729 28158
18192 26493
11363 14307
12495 19712
24906 27932
5982 25992
17022 23907
21241 25729
867 19143
1399 6042
11648 28061
3793 16748
16263 21147
7466 7915
15097 17904
1505 23654
10545 23552
849 23476
16928 27932
60 2482
14371 22871
805 15572
7141 28111
1258 2547
3463 13152
6057 26753
9016 24151
26181 27269
9367 17787
1930 16034
10931 13328
7877 24040
17198 17319
12730 15368
19598 28221
8857 25232
17762 19185
4557 10015
14129 24422
2587 26798
3748 20002
2277 4096
1502 25120
15085 26497
19530 27014
18046 23372
14609 26451
17161 21228
4118 19447
21987 22464
6875 21790
1894 15380
14370 18454
3401 24939
7871 24224
3961 10309
2805 21831
1858 13365
5583 10871
3800 17443
4963 20909
5406 6491
4085 14895
13374 17907
1582 15312
9799 20552
1056 25182
9572 17657
3399 9235
20504 21369
4248 17906
19448 23718
5023 23310
899 24450
20184 27314
23453 24295
4097 4422
11444 20749
7178 15561
101 17995
6295 21659
429 18073
5275 22834
9850 14104
393 20836
9465 26053
2744 18036
12260 22860
3942 9709
1178 9574
12811 25760
14564 17393
1878 26273
5448 27627
4316 6868
22044 25300
14358 25904
17445 23167
7681 14513
2135 4197
4289 7150
10211 11260
5832 13079
20661 22418
7400 25956
4535 16257
13970 17823
2412 13696
1343 5716
12451 13542
12953 16803
14170 20027
1394 19623
20492 28044
10787 17303
4085 14863
14767 20387
911 3411
7533 12632
2386 8690
5914 22452
1438 13271
5072 18522
12963 26476
4119 7732
9989 12720
1489 11131
8368 16077
9675 27105
497 21776
2 3354
13196 25274
9655 15367
2128 9042
13437 21984
2832 6848
7713 8723
8536 17509
16546 20702
8115 14488
1579 25732
3241 19768
2061 19721
8251 22159
15736 19704
4051 24219
14515 22452
6127 14053
22751 28236
5669 18775
8397 27655
7171 7410
9686 25405
1080 23675
6127 17416
847 1184
6707 18415
1484 4254
21886 27758
5095 11814
5926 23365
9795 22047
3528 5588
3287 8145
2937 24325
6725 10727
6120 15523
6922 24538
17156 18980
11040 19835
7674 27099
5153 24374
1925 8764
5326 13515
11311 20876
1574 16272
2031 8204
3762 27669
13343 19982
15706 22511
7577 8940
3171 24997
25091 26476
10540 17433
22171 28246
8469 26085
1579 23433
8073 27016
2667 24904
7559 18415
8160 8356
7348 15554
2 10082
22535 24490
1828 5735
6973 10094
11804 17676
4257 24573
12095 15458
1440 13534
1728 18945
19794 20846
7247 11256
5490 26058
4846 15251
5826 11734
21925 26053
6703 12236
1501 2396
4581 10350
7350 10952
17999 28044
12154 18667
1606 15066
14464 16225
20890 24326
11035 18745
7368 23462
20975 23151
16296 25262
2535 13555
17963 19033
17679 22460
9729 22025
17101 24061
2572 8614
9782 17819
14564 18795
1109 2412
7185 16083
8081 19348
11781 12274
4422 12546
12032 12590
13693 17955
327 2759
15922 20832
5236 15226
10152 23892
7588 21886
21368 21409
4541 15319
21011 26914
13025 14242
18723 24659
7596 14165
12369 24288
7185 20476
18011 21029
1777 23418
1967 11311
456 17254
7060 14941
4485 8875
9662 16640
1180 16974
2928 27655
7233 10256
5093 17032
15712 28097
12186 21809
3374 23496
20331 25164
14153 16823
13328 19169
5464 15251
7350 27798
18824 25494
5716 7588
3059 5989
13875 21176
12341 16694
10676 20344
19484 19552
3380 19246
5331 17604
11089 21891
7929 23225
24138 28072
3682 4581
12202 20189
22440 23574
15749 18521
12778 13690
1920 9569
4164 7650
5758 13164
22134 24259
327 7763
21896 23947
2373 22804
9778 22943
106 3410
18377 22038
11193 24263
11148 19814
13462 21423
9067 18251
4505 17091
14421 15001
22026 25156
12489 23655
6161 26753
15141 22688
1645 5143
8939 19721
1429 14777
641 16477
7135 20881
5430 23499
1 14603
9979 10855
26737 27805
19033 27152
8863 22418
11107 23036
6269 22820
7930 18761
5317 14227
23267 25905
12077 22605
4580 12264
4237 20376
8730 12919
3634 24042
8751 21470
3967 22711
8374 17176
11368 13235
13937 20211
5327 27107
16207 16386
20990 21245
16286 20347
2339 22160
470 8300
5513 10495
25110 27835
22020 26176
3194 26536
22425 25748
15665 19848
18532 24127
9918 22462
2954 28177
22666 26000
4568 6980
5672 23265
20601 24979
3819 22322
978 15863
6453 17726
10723 11266
19971 24693
16358 22277
3099 18100
18598 26958
3647 25991
9277 23465
3197 9569
7976 23111
16170 21152
18200 24325
5989 6832
10457 21806
5309 24061
10449 25299
185 23185
1056 5031
812 25397
13373 16401
15363 27976
9193 18369
22012 26559
2605 21915
5327 7595
2477 26358
14989 28176
12712 24905
618 22977
17578 18021
4263 12725
15377 16683
6812 15388
10646 11745
12145 19771
12556 27569
9590 19140
7440 17836
6738 24876
2227 25184
13227 24224
14530 19045
4646 10773
17820 22416
7467 13841
3169 20558
1713 4626
5917 23933
1603 10050
18679 23792
18668 22468
774 24442
7626 14433
5517 8085
9959 12635
7858 28249
1851 25527
1557 2879
8781 16051
17750 26790
7943 15616
6539 13110
7623 12111
7169 21229
1306 6351
18665 20857
9744 24425
10267 16131
2565 22968
15637 18871
25353 25414
3371 3594
609 20682
1878 12594
3767 14288
2521 21111
11253 27379
18781 23956
4950 22994
10747 17056
10838 17292
10721 18926
107 8707
9086 17823
8970 21150
3728 16728
10263 24244
5081 8925
5284 19857
2321 22399
1010 15824
5963 14463
13328 14341
3051 19968
609 15773
7988 25724
5387 8570
5802 10350
6172 25352
1685 14396
1178 7893
2925 15241
9786 20875
11512 15712
17695 24576
11442 25239
3576 6616
10385 10702
464 7696
1856 5317
14033 21201
12001 18415
15330 22225
21852 23389
18939 19328
2213 3522
19073 22945
1147 23029
11501 27788
6217 8100
16964 24360
1067 14439
15376 24205
14606 16439
22310 26584
676 10639
17842 20544
864 8100
8291 12361
4727 14250
5053 22804
1951 7403
20650 26928
7211 21428
14591 16368
12504 15553
11461 19307
2879 6220
20374 23430
3750 25012
7907 20384
10152 10350
11207 22184
17754 28181
17331 24883
16948 25454
5079 23615
15467 21635
4581 6896
5917 23882
17684 18154
16922 24904
3610 9415
23352 25538
16749 26915
16036 21308
5719 26312
7111 21456
1061 10403
17231 24326
10495 16293
446 12153
6299 28184
14264 27686
9067 27016
5689 22040
8527 24357
4535 21068
12090 17518
5979 13970
1140 14752
1516 11975
14531 14728
14556 17928
23953 25571
17526 27558
8453 11080
5699 25735
2424 21038
15348 22491
4648 17122
24105 25468
5313 10050
10935 12689
5253 10308
21569 23442
3970 5166
11816 23593
25468 27042
5376 22367
12777 20944
13776 17075
9250 10023
15597 24181
18219 19247
536 7033
6674 14705
18143 27974
6239 20594
2423 24217
5725 25596
2975 8699
12279 27070
3019 22060
9869 10815
3140 22323
23606 26299
22555 25849
1609 12257
1772 10026
7945 14042
418 1436
5978 24904
13091 22833
4532 23379
3101 10046
1163 7290
2872 8944
12484 24490
283 19783
20693 23455
11388 22265
474 24208
19760 20235
2140 12970
3802 6784
23619 24576
2456 24728
2219 25424
12426 21768
1275 16865
3365 12056
4646 8046
3359 14464
6809 11899
2880 8937
6753 20392
346 20496
7979 17228
20922 25766
3469 4090
299 24069
7635 11128
12709 23574
9156 26963
3228 25272
10298 17369
17329 22531
2533 26721
11711 21471
21438 26999
12551 12737
13316 23175
3109 13602
10441 25563
10812 13876
8274 18873
10937 21768
20849 26686
15418 25617
7888 15171
19400 20536
19552 23525
15282 20605
12472 20109
6793 7135
1489 16038
10160 11552
21746 21809
1860 24279
7390 20515
2776 17259
3401 14895
245 6626
2579 19526
1012 10757
2087 10876
18974 21619
16798 24750
13208 18736
9574 25939
2430 13584
5204 6404
12927 18084
11582 24393
3441 4078
17020 26743
6927 25703
4031 16890
21829 26027
17498 17898
23102 25192
6470 16523
209 6949
12169 25116
18475 27478
18557 27545
17220 18363
18466 24121
5175 20025
15897 22917
2709 23456
15108 22810
13682 14489
11484 25813
6289 19566
128 18603
9038 26907
804 16353
937 7584
8856 19736
12960 16296
6972 16369
106 27251
8690 26601
2280 4802
8441 8806
14351 20690
3708 24855
2710 3879
15983 27388
2209 21385
1421 13392
2176 26348
4205 26665
9572 23858
10619 15344
3872 22485
683 8488
396 8970
1767 7353
5568 10545
6635 21311
899 25857
4009 15749
10541 11951
8025 27026
4956 14288
16955 25433
6869 17823
13382 16356
14642 21323
5800 11795
12394 12898
13373 21387
3821 4107
27224 27699
12110 14065
23312 23427
3577 24854
9305 13663
1614 22001
20401 22912
10201 10287
8831 22810
2383 24319
14995 18292
10682 20917
19701 21225
15688 16047
17218 20960
2613 11722
1878 18748
1873 22998
4949 25355
3488 20904
2605 24057
17456 26598
6493 10559
9214 9248
15464 22729
10653 11028
9077 24774
4967 9738
13905 17341
11225 22506
10796 20017
2192 14317
5864 9791
5412 22789
24872 25923
3778 15710
1565 22184
14287 25588
3700 19171
3866 23375
11615 21671
9144 24075
12680 26995
3709 7088
2259 8536
16386 20339
10576 18190
1878 2878
11475 17495
2626 7491
24948 27648
2521 18920
7453 20562
2260 13845
6129 22183
27494 28084
16647 24061
664 9569
12580 13516
1228 21293
2662 4645
20570 27309
8801 25336
13740 26624
7580 25639
3586 16564
2530 11571
10097 18883
930 22052
1355 14042
16679 25299
1067 4102
14456 26107
3993 9449
4248 14696
18192 25276
5895 20336
4626 27382
25057 26457
8772 25998
8688 18775
4029 24582
439 2531
9393 17757
7950 21269
15868 15893
3423 16878
396 23492
3647 14725
7702 17613
1230 1759
12483 19076
601 25404
17980 28211
3805 26611
3145 18617
17265 21273
916 25366
313 18224
19972 23955
16265 22655
13612 24053
6322 11405
16325 25315
8705 13595
201 23115
27010 27648
2611 4101
12991 27703
22453 23342
9530 18154
19299 19641
180 23857
3422 21683
4888 25099
1713 11413
2988 9746
11262 13038
15022 21053
10430 14659
688 26677
6886 10505
2247 22799
1795 14675
17709 21906
3091 6489
9416 10393
2302 15420
705 21304
16054 18679
3781 20190
3970 10876
9215 27631
23100 23214
2243 21177
7350 16880
16452 16686
3186 15672
8283 25498
1440 1860
8715 21829
11179 18255
4603 19373
11416 19666
7635 27594
3063 5288
2893 15139
1770 21900
22322 27582
27104 27725
3908 24099
9432 22553
13115 27247
15199 16955
13158 14010
23721 27247
8972 17975
1767 5010
7236 15271
10479 12221
10692 13061
10648 20137
609 12104
7577 22421
11953 23269
12010 19362
867 10464
2768 26173
10089 27010
24955 26700
293 21522
7758 23365
4755 22875
1538 17354
14632 23722
582 9183
3109 13542
2671 24991
14998 20785
17403 23945
3059 23628
14534 18255
9683 24055
7323 15141
21633 24031
161 12196
13551 25272
2882 7428
1356 15832
16983 26547
592 6566
8349 17483
13113 27520
16957 25306
14589 16184
9865 14033
4922 26907
12162 22355
21026 21398
5029 7976
1162 21003
11956 24690
7828 8611
19684 27648
864 28058
6474 16112
3609 6819
10085 12923
9008 13440
15823 17735
3784 22990
5659 6209
3523 11629
5393 14679
3719 7919
13087 16243
7852 21811
8188 22816
2250 8465
9112 19687
18720 19068
9800 14705
3323 22607
11229 26113
453 14817
11958 18529
9553 17263
10982 19601
6940 24676
2679 6864
4290 27810
14407 21828
24053 27225
9801 9841
1785 21225
5413 5461
3810 5989
9846 10023
2079 5913
714 23339
10318 20000
10527 16511
2368 24507
10248 27312
7945 24354
8085 17495
1609 9614
8281 18078
8754 9206
17251 18076
6446 21242
198 18000
4603 25494
9136 16865
1144 24170
20657 21387
704 12615
3779 16683
1640 10579
14030 19546
7783 11461
12821 18556
6565 9013
1374 3411
4949 16519
1072 22224
3808 14017
21465 24142
1045 1302
5347 17888
13091 20402
893 17543
22581 26569
5587 5607
27702 27969
9356 21122
1858 7180
9496 25385
17 13333
1571 14971
2969 7515
2206 18547
6971 26340
10698 25977
1635 5293
8568 9633
11164 14795
12128 15402
3714 8624
3474 22445
1174 27913
3089 23083
4205 15211
23719 25370
13016 17304
2667 5659
12852 20876
13859 27526
2198 7757
2105 25616
872 13013
3916 11700
13415 21353
7142 12688
7867 27811
13460 24306
3138 28043
1950 14213
15837 20238
16467 25301
6001 16909
13856 22549
6231 7846
4232 25978
2371 18361
21761 24904
2763 6178
3527 23719
2385 12939
11778 26218
8746 26141
5493 17250
4627 20758
4363 20431
2832 15052
5445 17836
5894 22896
7903 27311
7348 27913
7832 18046
11720 27624
9871 24576
850 12994
3779 9228
7217 16230
7205 13564
11985 26366
17634 27670
19130 24589
14123 19085
10146 17779
16766 27142
14242 25468
19778 20376
1928 1948
681 2701
2881 13639
11212 16307
15708 22842
6753 8596
10971 17938
5989 11727
1343 25080
4122 27489
15297 25925
8363 20008
22449 23365
25443 26784
18860 27964
9825 19153
1551 5937
40 9095
15452 17168
11161 27988
7412 10444
10106 13412
3141 12244
24841 26428
12452 14997
1757 11854
6558 18369
8190 19508
14298 20994
2677 6627
13776 15468
4274 16986
2722 18474
5716 12945
2533 10520
5538 25433
10909 16555
6040 11821
8516 21698
23005 24681
6876 10096
14867 25339
10836 12517
473 11696
4477 10091
7547 8514
5576 13091
11798 15676
18651 27458
609 17787
1755 28077
1632 11147
9582 16597
1814 23864
8443 28077
18796 21350
18128 24659
15853 18038
3023 22227
16643 22409
13982 24226
5609 24226
3740 26338
18281 19118
13227 23970
1936 25959
8801 13864
2093 3378
4194 24640
22294 22857
5985 26194
1356 15368
17883 19325
2505 10793
11131 12161
22736 24828
3059 27565
1310 9278
23764 24939
16437 16534
1755 2708
15404 23026
14215 21853
12260 26087
13252 16846
15202 24608
4391 12271
15672 19045
609 18057
18679 24795
6215 26869
4767 25617
10498 21028
5074 16388
199 12484
822 17787
27313 27495
1474 10388
19955 22572
339 11248
6601 15072
1573 7635
9882 26729
7668 22857
22684 25054
4636 19264
12087 24723
9429 24393
14010 26413
4136 26896
8957 13353
7314 21033
16299 28226
11716 25917
3921 22724
1731 28150
7358 19893
11417 23724
1734 22011
4070 18745
15048 17859
157 8188
12922 19890
8819 9614
3734 25952
8057 22112
3839 20948
1975 16276
7950 8048
7746 18787
22138 24267
5413 8309
19145 27844
880 6913
2387 5943
3405 9717
7194 25505
11395 18618
396 17874
7695 21257
10859 18761
22042 27541
12155 26773
3927 23566
5765 23106
3154 10391
18807 21411
912 6042
18800 24032
18803 23251
6533 12956
10235 14662
23187 25443
24804 28055
9751 21491
154 12711
7787 14828
6009 8717
15798 22321
16141 27118
1295 25278
3598 15705
676 13222
2031 11326
3793 8054
9902 27087
25819 26799
10844 17011
425 17892
17636 18033
16065 18994
7956 15919
2706 17017
7002 13412
3522 13327
17504 22783
8551 13351
22446 23935
21307 23316
12037 14828
3944 8717
11729 21416
5636 12252
620 22954
14257 18595
11898 22156
2564 9260
510 5079
10937 27681
5882 25530
4878 21770
15470 18265
2563 24201
3900 16679
15494 18273
17126 19944
9858 24068
6513 27020
767 22858
10346 14583
6595 11989
10232 15891
1915 17486
21291 21700
6204 10053
16695 17054
11825 16941
3733 16643
5096 23540
3590 27728
6426 27042
12483 25414
13926 24650
21438 24677
13007 20192
6975 27482
18964 22626
763 20550
8352 26077
660 3900
10157 19228
4918 6058
3985 9783
6451 18263
4627 27565
1292 23094
5474 13945
11494 26811
1284 12210
3646 14015
3244 9795
2287 5850
5301 9744
9662 11369
19004 20144
9800 18497
1978 10146
16404 23038
12271 16879
11255 20717
8441 27923
20472 22323
8355 17094
5020 13185
15609 19739
5275 21173
4245 7635
12077 22781
640 7236
2748 10042
2484 10225
2933 10245
957 11812
13347 14667
4456 17165
15477 18679
23997 26069
3634 6227
2440 3496
23708 24444
11943 21681
261 26756
14 19287
16855 22857
1460 15613
8412 15647
11073 18521
7990 16181
11065 17176
7647 10350
2031 2319
14633 21893
26737 27867
1251 15090
19405 26105
13875 27656
20054 21642
67 14901
20755 25190
4159 13349
2714 18947
396 3699
2001 12138
13822 25599
1361 17018
4133 22463
13343 17277
3085 17696
15464 22798
8442 21765
245 10826
722 25658
12053 27056
9838 13945
24407 24611
6879 12811
10861 16432
9539 14503
4965 5129
1993 5360
4199 16396
2245 11020
10865 21212
5879 6616
926 7236
7368 9643
21010 24106
13266 22233
17662 26988
5869 21598
7205 15376
5547 10743
12800 23075
1253 10209
2185 5691
6305 23748
7566 9466
6250 14627
14097 23678
544 13381
23500 27884
8241 14310
7552 19094
341 2610
3931 22645
3359 7283
6878 27839
10446 11588
2810 21760
1106 21780
3518 11001
22012 27932
11382 20626
13759 21646
2969 3689
20313 27085
2845 26862
18524 24915
3238 5738
16781 27865
5565 24073
650 7396
4942 24429
1876 7434
9951 14827
3050 16027
5600 6426
4382 10767
9739 17842
11809 21058
12399 24280
2807 14050
788 8348
8588 22418
295 1321
22127 23738
7548 23239
6842 25839
1405 5126
8964 23372
920 17842
12612 20586
6556 26254
15355 22559
9485 24820
16803 25256
10767 25468
1831 25059
4831 26688
14685 22300
7382 16543
5199 10061
14684 26212
5 19454
21359 28013
8251 10726
6842 15918
12560 18799
13116 20079
16304 24023
7193 14110
7874 24122
20613 26373
23285 24828
1795 6797
3437 7711
21078 23418
16905 25299
10462 13255
22469 26664
4532 7220
25157 27373
20448 24576
991 17040
2227 16599
9795 14724
1241 5168
6415 10444
9396 27940
5665 18011
8039 8753
1789 18557
15397 23417
825 24040
11262 17244
396 15210
11497 12753
6965 23506
8970 17234
17652 27766
20503 26235
101 1408
797 10807
8458 26402
8049 16354
9986 25185
4890 23062
1121 21909
4026 6489
10896 24961
13926 14520
9990 23178
12927 17640
9090 11390
1008 2767
8724 22669
3970 14658
1606 18128
10532 14912
7641 19468
17056 19417
17237 18230
16136 22553
4300 19410
15907 19847
14760 27119
14910 26409
334 14809
23141 23963
9155 13168
10114 12423
5082 24589
6216 24069
12045 24122
439 4752
2685 27879
4855 12434
10743 14272
15733 25929
4394 10427
13510 26682
14474 24503
11076 19552
6148 25790
20627 22307
12424 23976
11340 12434
13970 21473
396 10956
12654 24823
7497 10282
19971 23691
1944 16184
18607 28254
1609 7595
9491 17856
3146 22608
14445 18036
15751 17637
3593 7984
4797 24384
11438 26042
6196 27795
13780 17532
7935 25810
2989 9445
1162 2657
828 9915
4631 19008
11036 17048
18807 22528
9521 16055
4070 20196
9001 11113
16470 27326
5221 18033
8319 21037
10817 19309
12438 20901
7982 13970
10617 15725
5042 11887
7656 9233
10541 13425
19410 26554
23143 26665
7314 12549
3233 9923
8757 14828
5570 17957
9367 21362
22092 23062
6821 10012
4732 11183
6966 13604
9278 13387
16535 27888
4802 16332
23278 25267
1140 24799
21725 21988
5483 19632
5776 26068
9536 19552
2785 14039
843 15484
6874 15347
9105 19699
6951 12034
11143 24101
21077 24904
16846 18392
705 25283
1499 4597
15620 20053
14853 20234
24069 25658
14743 19849
9084 25658
22340 22390
8437 15401
14592 27365
20657 25220
11724 23397
5414 28166
942 26265
1047 15875
1819 24899
10260 15467
2452 26358
3377 11546
5445 10670
19374 25265
3354 25303
1107 23950
19586 23994
18133 26038
2033 23329
17726 22117
21006 24659
8325 15211
7323 14559
11625 15338
16178 23007
19468 20114
1878 2588
10995 15714
3326 27514
2744 8437
3527 23240
6637 13773
6952 21999
16131 25767
12839 16939
7956 26107
7315 28215
2622 20512
1042 14690
3285 24169
8772 21384
731 20434
7236 21665
16588 18809
6297 18758
19025 25730
13586 26744
16941 23046
7136 27205
5850 10375
4328 18669
9142 15422
6956 17123
3885 14468
7758 19140
7420 24042
7667 24617
12549 19200
9465 21915
18310 23835
1308 5541
12682 23295
15083 18015
6008 18036
1047 4132
5501 17664
96 705
683 6807
1512 7295
3861 16301
12551 21402
26024 27719
1589 23785
14707 17114
8824 25306
2539 12270
4603 21074
11484 19835
2324 13039
14534 21532
15870 22650
27482 27655
1799 12983
5485 19712
5782 20797
16264 23197
20201 25886
9884 13097
1638 15432
7877 18471
2202 11647
3560 16955
9616 20099
21123 21732
1335 8606
10468 22430
6103 23534
3052 6994
3775 23267
10719 28157
1713 21139
13912 22191
19412 27856
9438 21487
6367 10018
6453 23442
16979 18095
19106 20675
25174 25653
19827 21110
2685 25977
2438 28128
1860 17035
6106 22095
2120 28053
760 9645
1948 18909
1223 24904
6665 21341
3337 26505
3406 15030
7350 27279
9214 27042
14301 22517
20308 24405
15722 16893
18286 22115
17687 20065
4180 21481
1986 20573
10535 26971
2092 24589
7676 12964
11712 26228
1034 23937
4797 16071
561 19200
12634 15473
3027 25513
5406 27792
150 6722
7926 12602
17263 17901
24353 27938
1226 3472
6576 16564
3129 5250
3163 8405
10473 16308
6404 27737
2710 21728
10495 15049
5007 20424
21146 21201
18751 25740
4154 19594
13041 28190
569 2646
24690 26398
17760 17788
13167 21573
337 13935
21037 23546
11011 23721
6081 18529
4245 16517
9575 12773
20279 27317
6426 27454
13234 21691
21849 22012
16960 26091
446 26293
3997 6147
2619 8388
14136 25105
9288 14555
25760 27482
1101 1487
23298 27205
18034 20007
448 19356
481 3762
272 21203
9768 24648
13294 24669
11527 25902
10119 26593
13480 20509
6177 18894
16051 24665
19133 19520
5485 7980
8679 21296
5980 20702
3421 16331
21438 21767
13362 25560
2585 22384
1145 7368
14390 23911
17723 17819
2094 14916
9402 14408
3970 27190
3354 19199
13721 25893
8565 17040
9416 18775
16463 22426
4328 17892
17041 18639
129 9557
9997 22920
7323 12565
2852 19184
10935 26878
7560 15265
1142 4614
7600 24444
1343 22714
3513 4616
438 3915
4699 13437
812 5609
6842 7637
7103 20409
7561 20634
19960 24371
25894 26476
5296 8947
7959 24169
11990 11998
1366 5053
16814 22716
25735 27152
17263 19548
5102 23377
7856 20440
15496 20251
5316 10054
2999 12398
10283 26753
14155 22103
12010 12436
7103 17444
13181 24681
23268 26943
8457 18141
1776 18787
26148 28026
15201 17787
6876 10660
635 24830
18934 20123
1740 18497
9300 17757
787 11674
25598 26535
15610 27600
15303 21304
2481 9690
11593 16113
2132 9901
9422 13475
14037 18496
12194 20841
13033 27684
3953 26892
3743 7113
7400 7985
18627 22885
12732 23152
3140 15037
27586 27710
14755 16322
15652 21618
2247 12139
7616 24904
3987 17812
7213 16668
4017 20538
956 16587
17264 22018
24999 26001
7522 19787
872 16359
9067 16175
6734 25013
10849 23453
4683 17209
1837 20929
230 15190
2381 18300
9226 13105
3244 13564
9642 12413
8368 20053
6577 25503
13104 22818
6707 26594
19247 22295
2635 16402
15090 17928
4472 7873
27551 27732
7623 23733
6069 22448
2619 10849
14623 20235
45 17599
4965 27316
1582 7185
21380 22186
12653 18128
16947 19062
10579 18554
396 26418
22471 27107
8779 8864
8808 18277
13599 20940
6198 20626
396 11122
26968 27469
14944 28044
15493 28223
5747 13839
23608 24904
13896 24271
15592 20392
438 4573
2472 18475
9972 16605
6848 20627
978 10825
3778 5219
4182 24828
815 23023
8831 21242
3728 18323
14471 21169
22089 27488
154 558
5989 23857
10954 14534
3059 6804
3296 24593
8356 16936
9312 22819
802 9015
16701 21835
17472 22954
4952 21438
198 4394
16094 25653
22714 26806
27059 27949
4827 15701
333 13618
1713 9631
2410 2937
5082 18565
11508 23360
11026 11262
9932 22763
212 4340
11457 19082
568 22766
3106 17407
9951 22182
611 22230
2003 13353
9683 16830
5585 25414
3575 19514
21327 22203
26795 28181
8478 27702
4588 10137
13402 23590
9710 25912
21242 26740
13802 21229
11133 21809
25301 27313
14363 20586
11322 19035
18674 24719
3728 22322
25163 26498
7360 11030
1611 24474
8101 19967
8145 22191
1830 7607
6807 18027
841 1482
4447 13523
2931 14140
11436 14315
8527 14692
9826 12183
23863 25104
792 10230
10846 20173
4439 27449
2517 13024
4009 8028
7985 24019
3664 4461
11387 21962
8322 8445
5882 19605
17695 26372
14503 26980
7400 9236
6490 22340
10480 22795
592 25589
1222 10930
1052 9536
3000 26991
15435 25910
583 2276
24459 25454
16296 20550
3331 12708
17872 23178
17930 19886
11694 22279
2111 9175
2762 10773
1306 3759
19770 26295
16901 22885
8393 10971
2667 19852
22031 25142
16589 18019
9751 20752
12498 22549
12963 13032
7439 15330
3071 16993
4992 6013
16364 17828
15509 18698
11080 25190
15094 27222
12790 25879
208 2118
10018 26775
16955 23932
902 14438
8715 16976
4551 26799
406 6055
4626 21688
21753 28158
4439 27208
17963 18669
1211 13080
3825 7950
2508 18838
3944 6009
97 10131
5989 6188
9944 10741
4098 18171
3522 28218
8669 21233
14024 15695
16351 24062
17619 26892
14809 19409
7600 26503
874 16586
9801 10553
4409 22271
18564 21094
18298 24611
1103 20758
14890 25704
15956 22120
25165 27500
8056 26697
14380 22141
9766 16605
3867 6620
2185 8990
8256 15571
2957 26197
2027 23868
626 2214
17774 24326
2 32
17211 24293
1770 10821
1788 18456
9821 18315
20366 22255
1941 21000
15638 17203
13282 24006
17406 27759
25082 25828
14922 23272
4534 20765
291 8737
25146 27821
88 21245
8730 24808
6881 26397
4442 6533
20705 22068
8705 16559
6972 8780
3674 13992
5753 15893
1535 18908
4849 8891
6881 7850
5958 16955
14681 26413
939 15740
12506 26567
5150 6177
8169 11829
6676 16040
21955 22688
4711 27652
7695 20504
23022 25169
24065 27824
5276 8982
4328 27279
5627 11963
811 19082
1311 22240
12243 21904
1613 27841
21461 27052
7721 18742
13186 13405
1365 24806
1505 21468
86 19931
19092 22989
7036 18132
1771 19467
7213 18062
4615 14471
6689 12203
18955 25157
7139 13185
8191 10156
5196 24638
11344 24783
2956 8857
1699 15997
1556 14489
16919 19419
7111 8654
12248 20969
12361 14154
4837 7484
5786 24904
5032 15610
2133 13503
5430 8112
13246 28217
7320 17980
17314 25408
6331 7350
867 18524
15634 28127
25162 28175
9305 21084
2735 10486
4917 21485
2906 16744
54 23183
23388 25710
454 9978
2567 14738
12710 26744
21582 25059
4535 20537
9782 11876
20144 27661
1223 10279
17449 24103
13699 17457
5928 16605
21333 21801
25330 27920
21741 23983
26340 27152
11034 20775
3287 6246
14233 27473
9881 18155
4685 27635
18521 23016
2302 15397
13579 20309
15307 19460
12836 19550
9722 22511
3449 21688
7428 20480
1748 15308
9264 18192
194 3970
1719 16668
12331 12542
12073 28207
793 16428
17500 24826
16840 26030
2961 11480
3122 13349
4414 12474
1279 14772
6355 14136
21616 24597
17530 25083
8144 9339
3590 25997
4190 19723
14911 22141
4646 9146
2092 5082
22267 22444
17006 25967
2823 16394
289 23363
22010 23873
2387 27582
8633 23403
154 19579
2547 14555
934 7031
1950 26828
12369 16194
6902 12879
18355 26052
13093 15951
19728 27034
4660 20935
17310 24723
13151 24047
15543 21372
16939 26674
1116 17013
18489 18586
11747 20159
8770 12927
2748 17076
9631 27376
11399 16539
300 7965
7975 17273
2574 16467
8318 24444
10995 14033
1645 9337
16901 18481
6062 25815
6079 9047
1850 18072
19481 26334
19496 22845
18905 27719
651 2507
10467 25434
3529 24061
1605 26907
12908 18683
7950 17270
11074 27923
11533 13603
8427 22452
18099 22901
4549 14289
21387 23015
4131 16686
876 21036
4977 26232
26368 27808
3856 6518
13370 18593
3337 8039
12376 20601
10421 20856
9788 12762
12725 22981
13281 15443
16025 16984
4463 8837
5569 19257
8931 22226
2431 24040
4743 6036
1911 10587
7091 8749
11087 11104
10674 12341
8852 20714
16582 24434
862 10200
11715 16314
2112 19857
7610 27841
9865 18009
4717 14988
6801 24099
1508 2048
5944 19271
2120 8275
3365 9067
3885 25966
2816 9113
8064 16086
5716 17812
1358 11246
7982 18481
12452 17193
1852 9821
16907 23703
5084 27155
22031 24403
388 4623
11809 26126
3848 22954
7955 14370
1232 13134
18039 19068
17599 26077
6913 17568
15610 18808
992 8593
12006 16059
3236 5712
18415 22820
11847 19739
8037 18280
20065 25632
3708 11668
19300 27151
17992 20480
1050 13075
2336 22012
2823 17713
2648 22973
26111 27194
23846 26391
4168 14648
9060 14464
5978 22871
6398 20871
2423 14608
1666 18027
1473 11529
5558 8056
4650 11416
12551 13267
9710 15656
8767 19856
8090 17070
3967 11635
20991 25704
4069 9689
11311 14995
14390 22688
2623 3051
12260 22334
1 18934
14334 22680
10086 12260
8454 9866
22453 23919
16794 24457
6549 27715
11233 16319
23251 24157
1254 4515
5686 9012
14898 20339
3598 4640
1851 26993
391 12481
2943 4639
9404 25966
1529 27175
3071 16267
1356 5618
19044 22581
4850 18810
12506 22528
4519 19618
21798 25960
21077 23822
20162 28211
16726 24114
24157 24198
1008 12214
570 13647
2125 20866
1961 16364
1541 11727
245 15508
10159 11417
5088 7982
18210 28179
2776 19419
4024 7997
25636 25855
2635 14393
18269 23389
6552 20953
2226 9066
2376 22041
20317 21859
7052 13882
5042 7574
8536 21379
9346 11735
9442 14840
9406 16840
995 8397
8605 10057
16422 27906
19295 27725
19445 26294
2447 15432
9108 21317
148 23257
12177 18115
13515 17851
6177 20876
8526 24665
5708 5875
3121 7867
1324 19048
10652 27221
2708 22376
8063 17510
13385 15144
27867 28211
6087 23198
5089 9933
874 1283
3059 17632
17097 20583
6097 12644
813 1056
22441 24148
8144 16727
7459 28029
7162 18730
13363 16671
4562 8990
15376 18507
13968 18029
24423 24638
13343 20427
5288 22679
4418 12244
17087 26057
6188 19960
4049 15938
4248 16509
12214 25596
9710 13986
14932 24053
9316 25357
6535 22222
7519 8370
16509 27129
9795 17115
2494 22901
5522 7073
12309 24723
2811 2938
22847 26786
25267 26182
20245 21753
17078 27745
10388 19189
20491 26372
6914 18437
17649 18824
927 13196
4961 10462
3720 15297
8911 9717
5617 13488
6131 7361
5339 14773
9560 10493
17037 17160
3499 5502
12729 14555
4609 24976
9432 20041
2031 19422
5691 16422
5629 16948
4097 23510
9255 16245
2500 6375
2760 18133
10517 27418
794 22638
23321 26434
7080 25927
29 582
11391 25395
10540 22974
22587 27716
12083 14384
3317 24005
14541 16901
1371 22038
23267 26571
23140 25977
17 4069
5241 14863
13006 23197
7623 19195
13484 14999
6994 22415
20524 22205
13362 16338
12562 16446
4927 7182
15997 23873
8924 18938
12762 15090
19566 26799
12026 19717
9465 25197
6176 8366
406 21352
25630 26207
11536 16152
6871 22106
1073 23401
4927 23119
5416 19973
840 19842
7839 18945
16319 22686
8376 10701
1900 16905
1140 13596
12912 27299
5288 19780
6832 13018
8298 19479
532 10646
1852 3810
5510 15085
18775 22052
1720 7804
14392 17222
3793 11082
6783 14696
7804 20204
13383 13967
12444 20667
21068 23553
505 2370
10334 21280
8454 18061
15549 20587
2518 14854
18904 20584
21157 26318
14473 23159
14429 22239
14326 20658
1955 5731
1888 9252
15687 26189
13540 20470
1240 5206
12754 22780
1144 20556
12694 22631
26359 27959
6156 14380
428 15669
1864 8036
3123 3624
4904 10942
3622 27296
15619 19959
20475 22092
3858 4245
21732 25855
15164 22202
12284 26544
10397 18817
11052 14971
10773 24823
825 10082
12805 14791
7560 20067
6024 24019
27803 28021
11082 19657
2803 7741
2114 22329
21257 21369
4732 22932
4884 7710
5802 12945
2780 20860
17546 18707
1148 3741
11242 25962
406 8806
6506 21506
5917 14233
5856 21725
7061 25657
976 22004
8167 15169
6972 9846
7809 26415
20363 24543
18959 25956
16939 20201
22334 24570
3598 11251
12693 18176
867 26649
5307 26284
11878 12077
13414 14499
11467 19575
7927 8084
18669 24283
5005 9580
8839 16588
2432 19960
1013 6390
3233 18487
8491 23657
2647 22988
7361 16371
12855 13090
9488 23361
3790 15224
7283 23348
230 4076
10015 12948
13591 17393
5443 11156
1392 10662
18132 25454
4798 27007
7185 16953
660 10913
5047 12143
10397 10833
15660 21807
10132 12037
9006 23825
9090 27895
13772 19552
2074 17377
10546 22232
3800 25519
17140 21231
15573 17911
5033 22286
2617 21267
9253 21123
4423 9170
18161 23007
11049 24794
8627 25043
1165 3886
17584 22155
9869 23647
3400 9777
11172 22425
10389 21641
5916 11597
15756 19702
1878 12767
16246 21291
15410 22425
7407 23130
9330 22326
13890 27194
21633 24131
1741 8298
2748 24312
401 22112
187 25086
5481 15916
3296 8659
2563 4135
6552 21091
16305 22445
7830 26077
16323 17427
21216 22507
4756 21211
6848 11797
8151 11619
1828 24339
216 3865
2128 16561
6789 21081
2640 21198
229 7538
13155 24005
11937 23428
5150 17787
19474 22396
20452 23711
21003 26457
1347 16943
109 22123
7031 26827
3296 16687
9286 25064
8526 27941
6114 10646
581 20427
14112 21079
5485 14010
6924 22209
16884 20764
2303 14244
1105 10407
11009 23310
2998 6138
10701 23719
16953 22688
5710 20787
11461 15694
5350 27587
6989 24510
19086 19712
8742 12878
8306 21190
21462 27273
7896 24313
15878 16874
7350 18934
8868 20179
1550 20046
12800 22254
17556 23634
7698 16964
1864 5827
14010 19853
16081 24331
2491 18938
2324 5444
867 3010
2199 22275
918 15789
17713 23990
21811 27080
9699 23193
18189 22517
7937 11193
1954 6495
1828 17637
132 5045
14661 24918
16768 22998
20425 22939
896 3068
13509 24720
10779 25302
848 2636
13219 27124
5084 7021
4009 26781
11952 19846
19639 20480
11284 20198
19182 24074
10117 10595
16520 24553
1597 2485
18259 20758
22374 26744
3873 6848
10767 13542
19319 22897
2396 8391
13582 22956
15335 17140
3564 27326
7025 11119
14818 25780
21798 28156
23619 26131
10424 20392
1529 14635
13111 13291
2518 14771
1223 25083
7205 24465
538 11305
4087 9306
12512 13957
9841 12200
4 5252
7213 10954
4562 18645
9465 16629
3652 17639
10505 23619
731 8954
10254 26766
13610 26837
14771 23566
13024 25906
3708 6211
3545 6446
5055 26686
1087 9043
51 5705
8690 27594
22607 23719
2521 7471
14342 14783
7205 13810
4539 6931
17237 27772
1150 11815
4583 17486
5088 18481
2250 24406
8011 8953
25107 27646
6876 12514
6261 24904
1466 2179
11746 22785
1919 24122
4854 18145
23644 25848
12726 23722
653 10234
15236 16607
4552 27923
10953 16301
23467 27388
16756 27040
3239 17986
18938 20871
14937 17999
1659 22802
6215 26806
12120 21063
18228 27271
588 7003
8860 21491
4671 23553
16344 18472
439 20924
5781 18409
16547 20939
670 24594
15497 27607
8208 20758
17302 19569
7111 18775
9041 27522
11211 27468
3357 19185
1266 7986
20053 23455
3091 13225
14630 19177
4680 10851
3417 28201
2986 9323
2690 8891
10200 23844
8640 21483
22547 23733
14970 16464
14335 21046
20288 23994
6994 22379
9226 20258
1477 15864
7068 11217
10800 15868
7827 24367
17823 26587
10195 20053
13626 16092
12398 16212
17302 20162
13191 17760
19043 24815
10393 17053
17087 19150
2587 25157
8295 15910
5725 20754
7626 14743
18704 22426
14541 24232
4819 24699
1592 23617
3129 6810
2037 26447
175 7747
4361 14098
16552 22044
2135 27588
11444 17901
12369 24776
9020 9263
23707 27508
14448 19086
461 6911
20046 22106
3725 16221
9049 19942
18309 27096
11045 28063
825 11450
4304 24652
10920 18541
16609 24897
15429 16214
881 14441
8677 14437
2021 22296
4608 11546
10646 20132
16328 16448
731 17842
25042 25078
12738 14971
16656 28120
2605 21650
4853 14604
7987 18020
5502 23762
2144 17919
1801 12948
17511 19133
3050 14959
3038 14131
2031 23572
9436 18743
15691 24909
3272 11677
4077 17059
22295 23362
9717 11053
610 17552
1863 3704
8544 21707
2092 15015
8024 22875
6007 21473
21881 26478
4146 12462
16446 24292
16497 27005
17718 23271
5183 9968
12757 16887
8268 13430
12444 12899
5584 28217
12397 20908
13683 21050
2556 25260
1782 28044
369 26503
4834 6196
11784 22694
12423 16229
6624 21293
2269 17429
4993 24101
2823 3734
11100 20500
5598 13900
3329 28246
175 23277
7581 16192
1568 9776
868 5879
3188 14820
4217 19847
2205 6528
3613 7530
6890 24069
1693 22294
12204 16823
22399 26586
7374 17264
13912 24589
2849 17785
1181 9641
7721 22380
2469 2759
13422 27958
2589 3890
3479 16162
929 7488
16369 22135
5958 28235
14586 21499
15003 24313
9155 21339
3791 22699
9663 13686
17457 23480
812 3373
9141 23884
14805 22842
2103 19961
25243 25902
12551 14710
6198 25270
12134 17695
5663 18457
6170 27324
2512 25327
1054 17590
14380 20162
8057 28231
2635 23983
8465 11406
84 14092
9668 21673
13799 23932
2904 4378
19956 21944
16394 22470
19249 24843
10324 16956
832 2373
5759 16661
1264 6639
9262 26769
2399 8291
1496 10181
10318 21090
12221 20257
16224 17442
12800 18210
5071 10940
18106 18300
420 3835
3957 17214
13793 19285
12166 23945
1301 16203
433 3873
17080 25732
13618 15621
7 13649
10971 22205
13055 25454
6618 24999
3121 25602
15782 17446
3734 24131
10331 25025
14304 25409
683 5984
15229 22787
18249 19396
2373 7039
18247 22842
3911 21321
4606 18357
8737 15614
2880 19130
6773 11115
2648 27375
10646 22615
19249 25494
3972 21683
6473 28208
15442 23522
558 22623
4833 8279
6713 9847
10283 21369
12943 18523
19927 22020
14791 17456
4278 14587
1688 7348
395 8219
5546 25781
6222 14464
6512 17936
3705 14853
15108 16136
2252 6994
5275 26620
2112 16055
23298 24403
22954 25012
638 18938
7396 8868
7397 14713
18753 24577
1263 12765
9670 20637
15622 16556
7508 8398
3609 4061
1786 15592
5551 14795
2097 24535
1106 16905
4606 14304
15241 27274
25944 26265
9654 27867
13701 27374
7972 14860
7478 19004
4421 20744
14543 19347
7482 16999
12064 24602
3331 18775
17727 23365
7732 14471
8845 21984
19326 27052
21857 24779
13960 24836
24167 27382
9473 17578
5978 27778
7747 9367
12875 24439
8874 10314
1516 14223
20171 21058
16978 21804
3337 23830
7101 17941
2028 25203
912 26539
21851 23125
4535 14007
8064 9676
20881 27144
7472 13700
18029 22452
17754 21074
7465 28238
6961 16608
5906 10784
16937 27868
4723 10923
11439 24395
18494 22164
787 6301
18088 22290
10967 18962
12696 18591
10289 11369
245 18255
26311 26503
14658 18165
3669 15852
6879 10348
3147 22457
481 9236
3750 24676
4099 25406
939 22384
2206 9525
3666 22205
3914 10649
5295 13483
18452 20661
15182 19482
12423 17819
9893 14599
19494 26298
18921 19261
6296 10489
933 2632
8062 9741
3320 4557
18775 27140
5354 13892
5113 5238
4155 17381
4236 22059
10269 15347
595 2384
18103 21904
7114 23608
11319 12383
3337 25547
8054 11296
11525 22309
22203 24755
2883 8305
619 13215
17408 25306
15547 25633
20036 23838
4879 24872
3310 26838
18051 24888
15835 27788
12228 25971
1124 11954
11744 11950
5020 20166
6902 16888
10111 24643
18177 21235
8756 15910
1088 1858
4285 10003
5117 18099
7375 16593
6030 6220
5 14974
15961 23558
22436 27758
7821 18605
2491 12554
2039 22630
1 16152
9291 18957
7604 27234
13887 20355
6366 10234
4096 19445
2667 22553
23188 26948
2447 21659
5288 13970
22515 22575
22953 26024
5042 20427
3932 22977
2547 20756
27555 27723
11812 20640
9701 19833
199 14827
11636 23525
14524 17505
3634 5153
9617 10567
16426 22135
4321 10456
5262 26503
3781 25318
7783 22423
4695 12621
3728 16334
7804 15162
8385 25262
11128 21546
13186 25560
749 26200
7505 20745
17649 24268
724 4942
11033 13041
5117 5613
22550 24636
7320 9528
7447 11042
20545 20948
8268 16803
16083 18626
1936 23600
18784 23062
8012 16671
1389 3010
824 10618
13624 28109
1860 8954
13780 20222
9835 25088
6426 18626
24330 25543
10161 18787
4721 9621
6177 18192
18799 23312
11852 18359
7339 9493
5609 13091
3019 12689
12286 17664
505 8182
18370 25910
4581 23345
12291 16512
16152 22727
7274 25254
14320 25263
355 5832
7881 15713
16953 24360
6289 18211
17874 25197
11743 23214
7802 25414
10393 12556
20769 26049
16956 25449
3084 5018
711 23377
20078 22019
10128 11250
17140 18929
5695 22790
25432 27129
13937 14288
9617 26083
9268 10701
3762 11406
5543 9932
2830 4702
13399 24069
18872 25530
6589 28049
6427 12438
13202 23562
1234 11460
4009 9720
15184 19691
3182 11979
1412 9851
9477 25693
2639 13132
928 5584
530 26165
1779 21849
13168 13289
9794 19412
21546 23831
17141 22517
2677 14336
396 25571
7569 11612
825 20813
6333 27168
9084 26709
8434 11145
293 8074
6776 16517
15829 27313
343 21843
13970 17367
13532 16504
160 20008
8898 21700
12390 26150
3266 5161
17727 19566
4496 18496
19070 25729
11495 16725
7410 15543
10012 19002
3873 24109
9597 10027
1306 7975
11142 12805
6280 22640
12837 20770
8515 18535
1852 25699
3700 9201
14822 21950
18417 18625
1529 24616
4581 23167
17967 19927
15158 19171
8872 13599
8852 18425
17696 25428
2272 13216
11795 17545
13064 25727
1878 14447
17031 26163
24886 27569
3039 11286
21616 26901
16600 20544
120 24864
5036 19126
15452 23117
5522 26559
21991 25287
21953 25329
9264 13802
3979 23254
7988 19864
6637 9192
8417 9418
17938 19095
17429 19982
7839 25626
6914 18593
3411 24246
4414 18793
15816 23590
10333 20862
9038 14143
8075 14446
11809 20367
10144 27079
7075 9553
6289 17505
21811 23963
12945 22190
14528 14850
8491 21908
15565 19132
3789 14288
7404 15840
11197 23723
1775 5930
19139 27467
7492 9791
12800 22339
5587 24403
4807 9479
4247 23021
23979 24681
2096 25287
3410 4580
6458 17492
14301 25403
6776 24379
17842 26958
9722 21962
685 10838
10542 23823
6603 20471
11080 20545
10923 23168
9418 14474
23979 24307
1541 17501
16951 23647
14568 26329
9185 20380
4286 8754
11878 19704
9566 11162
8469 22502
5030 5500
6340 27648
396 3997
16767 18489
57 14871
1273 8349
3701 12757
10242 10509
26 24468
21739 24841
7635 12479
13091 20558
14020 14655
10236 23411
1452 27129
14559 23361
9100 13652
21380 26544
13527 23332
15115 16756
10344 17482
2336 10205
20084 27352
865 14032
16269 27939
867 26673
15664 26931
403 9660
18756 21809
2944 3609
21470 26736
24017 24586
20628 25797
7329 23597
11248 26935
5611 7935
22390 28082
12468 14689
13291 17369
10080 22910
8405 14027
16167 23661
11247 15833
18383 19023
13282 23340
12864 13504
7698 17593
396 27235
7254 21208
17842 18745
13947 18257
12169 13230
14971 20545
9842 10956
18366 22010
22184 23997
1299 10111
4142 10935
2330 2832
11727 16509
6879 14437
2635 19548
2412 4459
24255 25410
8754 10415
5492 23772
1937 27324
13828 19443
2321 22514
21544 22441
11391 22769
12852 19567
4414 25677
6363 19775
16801 18796
15416 22947
7917 23783
16209 24020
8972 12689
13697 24947
7699 15967
9185 9724
14547 27858
1700 7856
2 9835
13807 19140
7194 15926
14602 25589
4039 17507
20627 24397
4229 26240
6587 16338
1417 6517
13199 16902
4024 9821
5706 8293
14817 19263
1004 15721
10722 17782
4570 15721
16148 21315
22941 27239
1195 9154
25607 25817
17416 24656
4732 11283
293 13255
6587 10935
6848 23332
3482 12032
6257 19735
15996 28273
15694 23559
7998 9924
12496 28061
24166 25557
3437 6217
6523 7290
7987 15549
3244 16258
8715 9250
1213 7814
7867 7919
4072 24395
446 5977
1878 22509
12152 22596
25167 27660
1850 27071
21618 24485
17006 18272
21545 23665
20366 21473
5445 13819
8924 16429
3002 24804
4758 16396
3166 15597
5659 12860
1499 13899
10986 23099
7053 26476
8494 19331
8824 14365
1103 20424
7382 27136
3946 10653
10449 19313
4967 23721
4937 10646
25902 27820
8889 22996
7820 25625
10710 25687
2455 17351
16582 17823
6729 9525
5691 8615
4548 12257
3149 24741
5084 21577
11979 24944
7111 19817
2721 24502
889 21552
17422 18178
4065 21328
7632 12404
8075 16609
1828 12067
13668 18483
1630 9980
17364 27503
7166 7820
2072 12938
3317 3534
1936 18736
7360 16136
7341 24624
26703 28201
22449 22476
7463 27966
3871 15899
25099 27374
1157 14281
14782 21939
15452 23719
3912 16253
7839 27247
1105 9536
473 11953
5200 14388
8355 21275
12778 26744
16640 24627
1065 22763
12187 18669
757 23614
11193 17456
4611 14702
7557 25097
13422 21544
15551 21255
2521 4626
8824 19155
10067 15249
88 14609
6130 16846
8100 11032
7467 9040
2955 11089
17297 25743
12874 18659
7896 27570
4688 15585
15875 23437
3219 13732
19069 22927
4192 23094
4326 15721
8900 22008
12896 16328
3285 14758
19228 19552
11044 15428
3734 6806
8110 24069
14728 23379
19979 22504
24478 25135
656 10440
16351 20831
24 12266
16963 23553
11175 17803
2303 23365
5877 21899
1226 10061
10593 20378
598 6846
7710 17412
770 7955
11495 24610
309 14753
3399 11196
17169 27768
6937 13852
7412 12853
15727 26554
10723 26752
7407 24445
12646 14683
396 10542
2422 22741
1795 9465
8478 25610
11637 25415
107 14104
11579 24444
4440 16862
23872 28154
2396 7595
15611 26146
2264 16574
1618 9989
13878 14033
8157 18567
17689 25105
736 18464
6710 21994
5059 17106
4004 4517
25855 27382
11725 14546
2525 10036
828 13846
635 19639
3336 4076
14317 14451
1223 7488
12008 14012
6673 14964
11774 23375
7091 17651
12069 13515
711 1138
4405 5275
2991 10787
1823 7734
2589 18870
850 10639
3993 26421
22954 24611
8220 27640
9604 18001
2378 2926
9167 27896
1349 7429
15458 16084
25445 27681
5085 20848
10576 12167
9874 17318
10792 24551
20676 26986
4580 25140
4675 9219
16280 25315
1958 13937
8096 23932
13932 15804
867 1878
11197 13772
953 1018
17245 22425
2771 21296
22499 26012
20447 27801
5665 10894
20665 21207
17422 18107
9928 22227
1245 22205
2884 4646
11879 23863
4367 20717
11667 27710
5652 20605
16329 27312
1182 25559
6069 19893
3872 8802
11416 21449
2624 12328
11652 26739
21788 23904
2646 25666
14246 22784
14359 21359
3734 20162
12341 24823
23547 26525
19712 27569
19445 26194
11491 25522
20975 23214
14814 20113
3995 12982
13554 19325
7373 19627
5941 27710
7923 25457
15731 19326
19469 21754
13405 17543
5943 11369
3741 26865
1900 13980
4098 25174
4093 20950
2130 12051
3734 4201
16377 16925
16092 25479
6618 20195
17787 17963
15911 16674
14771 26077
4049 4075
3901 6126
9253 14308
1116 10838
13600 23197
7758 8243
864 9962
248 13195
18803 26913
21377 27296
21737 22349
16953 27074
1204 23143
854 26738
5371 7959
1116 15544
15576 24467
12539 19032
14881 25931
4512 9144
1779 22827
6451 13486
4103 12631
1234 18226
9888 22793
7684 23508
6994 21559
8826 17788
10648 10677
1128 19080
21240 21516
222 5940
3560 22188
3186 14234
1321 11700
3425 22502
3872 9281
2548 9823
9281 15985
18506 25263
3960 12598
18139 22416
21861 24040
2447 21623
243 3041
15547 24071
11813 21935
11037 23693
9583 15614
13556 25704
14228 19972
25117 25261
24122 27295
558 6507
1404 1498
10581 26153
4715 7483
4896 27433
7420 17473
12434 14359
16091 19068
2985 23978
3793 20711
15220 27642
1989 9701
5691 11747
12074 18953
2500 16386
1665 10746
11457 20537
583 16195
7568 17356
7031 21304
2062 21495
4282 21605
12086 20765
18280 19827
8024 11534
10990 23410
5094 6985
4826 14090
14912 19865
13428 19140
438 12313
12209 27722
5314 27702
3859 20480
18373 26024
5184 25875
17749 26688
17854 24828
1412 27129
4217 12714
877 902
7057 18910
8963 26735
976 5329
8220 25454
12108 16549
351 24885
11692 22254
1394 4500
24298 26303
3265 23719
1925 21830
8506 20694
16205 23148
1604 27107
3825 25763
6009 8349
17590 24023
10189 19974
13277 16001
4680 24560
14920 21732
600 7962
11785 17059
12072 21304
11696 25219
3741 11526
12502 14534
3592 14555
11539 21048
15222 25302
443 4535
15470 20577
7289 7937
3997 19336
14611 15529
14358 23408
10520 19885
7797 27612
15687 26273
406 24415
12914 13769
3482 18992
3090 8750
8039 27608
7063 13183
7328 14588
20682 27328
13090 20054
9832 25243
15753 15963
7029 14276
6590 11055
11535 18920
22605 26303
17115 24255
16261 23143
9517 23947
12199 14151
17541 21275
7768 10054
5034 17885
1790 23315
3823 5173
2961 4484
3734 19943
18983 19292
1 6163
8481 28055
15384 17483
2527 22977
11627 20667
24195 26812
14426 14498
15549 27244
9962 11055
23608 25214
7288 27655
16588 18763
9737 24255
3163 13036
22173 28203
7375 17253
10152 27548
3796 14167
412 14031
9280 26654
2617 17804
1196 9154
2667 6280
1669 8360
974 15435
6939 17306
12980 15934
9405 27633
1272 3198
7135 17782
5485 15201
2804 9352
15991 18177
14117 14427
762 3200
6832 17570
1176 4626
3410 6603
16318 20503
18437 21990
939 12067
12049 20582
15883 15951
7836 21914
8100 21448
4416 8750
344 27545
16666 22116
11049 17126
7981 13363
21126 25397
5913 13101
3059 8377
18341 27510
14563 15571
7452 13357
16181 17649
17592 18471
11510 21716
8954 26358
3564 14494
9222 10617
2424 10670
16673 18873
6939 8924
13117 20230
5454 13704
8352 11251
2642 14584
2295 4316
717 7443
406 9095
4307 22981
8924 22418
11753 12360
15422 21666
17958 24240
22055 25596
15509 16866
16262 24774
18950 21351
5916 19924
12631 23633
3553 8558
20242 26545
2708 11443
2206 16516
273 24061
11954 22955
6562 17836
6390 17310
4831 18371
14604 19023
24811 25882
14468 27121
3423 14359
5047 19380
3125 11182
7693 8603
8456 14794
2545 22695
16223 19780
16401 21687
1719 13495
1921 18408
4581 19155
1975 25174
8653 14783
1893 16535
13456 15603
1126 21369
16094 27837
22322 23015
15284 25596
8209 11076
17660 27888
4072 6470
1324 17171
11784 28265
10230 26640
2035 14380
13672 27032
9931 17837
18603 27671
3137 7543
86 26851
9196 15632
1713 22787
2121 22342
4546 9372
11422 13764
11973 27800
2295 27895
70 867
2850 20400
1948 21354
11803 21358
5968 16513
6738 24783
187 25241
7783 8990
2867 15342
2427 11229
6905 15357
6426 10942
15271 18918
4388 9473
2636 10693
3928 15466
3111 15184
8066 8202
13278 14599
13603 15413
6668 19741
11440 12426
16912 25291
529 17427
14229 18529
16855 23538
8169 9528
6117 19843
9465 9799
20816 24438
6098 24539
1724 16435
2295 7783
5336 7975
22214 23738
7552 11071
1213 13247
2710 17389
9405 15536
9179 17726
11336 19409
7797 15682
19834 25106
11722 11815
13585 13905
9310 9541
27316 27815
14398 22060
5989 12428
2383 24136
21386 24997
4086 21310
22390 23085
8021 21661
3410 11580
18920 24005
18265 23929
21375 22303
21138 24892
5296 6638
6707 11150
2874 14038
24367 27867
6830 28128
13408 22205
16850 24575
196 9317
19190 19222
19712 19741
15605 15709
1398 3907
13076 17491
3567 17524
1587 4169
18541 22210
471 25052
20503 27398
10892 18037
1868 17731
10275 17194
13741 21182
1525 5502
6349 10411
12541 12958
230 9254
4519 15695
22344 22570
17460 27719
1628 7487
14340 18895
4101 23298
8406 9260
3810 3828
14129 26503
7923 19928
14989 27490
16006 22426
786 14930
7659 19415
6101 26172
2954 5380
12602 21048
5871 7873
5711 5893
2991 5338
27572 28229
7110 12614
13442 25987
86 22271
9065 10738
20291 28055
6383 8730
19601 22871
14817 26781
18583 24921
20582 24122
7016 25245
11988 16367
16500 26538
3919 25644
7933 12220
581 4237
10612 12956
2708 3947
12711 13089
309 7492
211 12262
18908 27719
711 21735
3169 8970
11411 16806
24665 26363
10487 14559
509 27085
11830 12838
9336 26366
3918 13067
15391 22249
20558 27458
14364 23423
2017 17735
5859 27642
8363 25276
498 21589
15870 22032
10943 16274
14486 23846
3709 25515
5198 9847
2017 22834
12231 27912
1613 26732
9268 15058
10197 21798
24745 26754
16984 21849
4325 12538
10963 17194
5205 15419
2048 25893
7333 27497
282 8184
1036 8969
5466 15723
15746 16962
3422 10691
1324 27374
11594 16224
1557 27121
7011 26554
3741 11330
4029 13008
16890 24504
14140 23721
9033 9141
3357 12792
21811 25160
6838 22101
2189 15668
13517 19539
3000 26799
1693 12271
3807 19035
9881 25493
2719 12218
1698 24145
17 871
12715 14223
8950 10408
9225 27012
2452 15667
11023 16001
780 1626
15235 19180
1605 11987
6800 24387
14040 24245
963 18343
3069 8667
1259 7224
8558 8925
544 2242
3885 11580
9962 26860
17797 21890
10813 16535
1942 26564
8508 15712
6595 7820
4868 24412
1741 3287
19035 27013
20477 23628
9396 26007
3377 10801
10961 25301
24693 27514
4849 21294
2104 21922
6141 17718
3455 8381
19221 27269
21688 27382
18522 22238
13890 26111
7423 7762
17114 25875
15211 26054
19577 25141
9215 17630
8343 16984
5004 19075
26319 26826
9670 28195
11814 18534
7614 17232
12650 22056
3887 27203
4450 26235
561 27013
5443 16373
5906 11682
14017 23559
1399 24870
7247 15913
16748 17637
1321 26319
3598 11634
15920 22154
7084 8145
22144 24392
416 13405
18813 26816
14971 18469
9739 17304
7827 9654
7635 26153
16901 21496
10737 22340
5104 11102
20011 24454
6800 25091
5684 8985
20061 28190
24127 27795
8669 11623
2410 14255
11674 12684
11111 16198
6797 10976
8542 20398
1056 2764
10614 21116
14532 16750
4580 26503
12434 25896
5874 27013
10646 27006
9060 11632
15834 17779
12960 25262
4323 18533
27768 27823
8243 21077
16999 23216
4285 11791
6257 20550
24182 24606
1023 7320
18967 23115
18625 21891
19086 20886
1211 23573
1817 24752
545 22814
14340 15668
14098 24990
1023 7497
6062 25953
4065 17233
14618 18529
9717 25363
7809 9512
2233 10216
25636 25908
20645 25414
18400 27300
125 7809
5361 17891
20780 25109
19641 20392
17310 18400
15760 19068
9110 26200
14827 21859
3421 24791
615 12963
16286 19165
12726 25077
16152 19431
4087 28217
2764 25559
2686 22956
8167 20046
9344 24122
1559 13945
7802 18743
8703 14418
16911 25706
18843 27322
7411 12025
1956 19598
9632 18656
22025 24104
9049 10495
1440 24263
7700 9535
8864 18392
6647 8437
8101 19068
10800 12160
9129 21642
23455 25777
681 27917
9210 17363
11508 21003
11438 24724
20586 22322
1295 15275
15173 21464
4999 18041
20831 25008
8705 23130
1559 4251
7913 27257
4039 17281
8251 15370
5868 14138
5481 10800
0 12029
4660 5767
9260 13284
2245 14672
6172 7996
20099 23118
13623 25297
4344 26238
11295 19008
18944 20406
7113 21438
19819 28044
12900 14969
8080 27179
10088 19005
22726 25329
18027 26495
23430 28066
5728 19138
7747 23932
17410 22416
12886 21481
5797 14941
4957 8982
11124 28205
22702 27662
7877 23180
345 4571
3656 20107
18449 18983
7878 11518
1707 16946
7782 11243
865 7327
17991 21610
15449 27259
3214 21664
3121 22814
22564 23034
20833 22430
1229 19018
9091 22129
1555 3321
6869 14443
9027 15823
9717 25430
10000 25433
10953 15037
15301 24062
1878 24226
5691 22654
21829 26598
18034 19657
211 7005
6926 10243
9730 10393
1672 22452
9003 10956
814 4295
11201 24899
1568 16208
10111 15344
10845 26061
17106 18384
18644 24531
8385 18317
312 14380
13982 26220
4910 9396
2130 11836
5907 11322
25368 26298
24516 27912
4931 9745
6833 19356
10919 11380
20258 25781
3533 7893
3793 11039
17695 18166
8734 20153
10442 11559
10423 20297
11082 26307
25079 26547
3357 13111
1140 25209
20109 20639
1153 25941
1489 27375
11846 17259
11619 17626
9325 18514
7362 15508
9089 21910
10508 21094
7732 18673
4006 20550
9157 20612
6841 24303
15397 22472
19174 19843
13332 14650
2226 5213
7911 16138
13761 26431
14385 18766
5506 22137
10672 21373
24958 26578
5583 25008
3094 11225
12094 16127
10495 24412
1389 10054
5466 7873
1852 20162
20909 23590
14566 22994
4717 10629
14319 24224
2029 9030
10839 25490
2422 19136
7892 10828
11383 23400
2667 9293
4519 24415
6935 22334
958 22254
12218 20222
7002 26299
1184 19319
12755 25980
3054 28170
2828 25658
3651 18622
19882 24929
9210 20181
15216 24908
13776 20579
7307 12341
15136 15213
6348 15093
20657 25165
14564 17333
262 28156
9252 24531
20799 26607
14677 18627
9079 23429
15866 18323
4266 8730
12982 13491
12660 15666
7111 20849
10434 24819
1065 16053
9426 11953
1900 10535
15179 20509
5893 25958
5147 14445
8346 24864
18700 27197
13437 27541
5522 13892
5915 18951
3915 13683
7773 25838
11351 27287
14247 23870
7002 24296
20008 21823
5071 21502
11006 13914
2454 17584
11293 15943
12565 15047
2872 16536
2009 3755
13448 25644
9915 26554
18412 25751
11042 24539
4444 16492
2157 18266
8491 23794
569 1112
15376 27986
23455 27536
4611 7116
9488 13789
788 10126
4832 7898
5308 24255
20726 25278
5602 25765
3734 28194
6573 26452
9416 21029
17457 23237
2304 7789
14942 25081
406 7341
1740 19396
23803 27594
10154 12051
9105 12631
7203 25827
683 6813
3786 26744
381 24589
3877 8643
19601 20092
3634 8588
3778 4556
314 8148
3793 25034
10790 12984
14104 16001
13230 23807
21761 25404
6206 22265
1030 22392
2379 9203
10395 23430
1361 21835
4314 22063
7251 22350
16377 23451
1622 14559
9488 17394
17145 27042
21149 22378
10209 19576
4087 22409
9001 25270
19115 27966
7820 24422
588 27795
4711 26585
13788 15325
1551 12762
14771 24062
5912 20083
3488 20424
11279 19710
7935 15167
6317 18050
9032 25840
8856 17014
1709 13980
6367 15512
3856 20586
275 14668
23510 25329
5691 27722
4269 17173
8415 18106
18843 25359
2833 20749
10535 15100
9846 17877
14215 17735
13995 22763
9465 17507
3019 4230
5585 18547
5768 23415
4397 11161
12010 21412
12954 17032
13367 15729
3762 3819
12596 27959
21644 21716
2005 4414
12040 26835
7297 9696
13373 18823
3 5607
4693 18290
3788 22209
303 17963
10935 24127
11295 26672
2274 6226
4428 19188
15509 19430
4954 24061
5372 20899
10332 28162
140 9716
2118 4356
20929 28195
2832 27495
5895 25584
2224 24444
11417 20344
22036 25748
562 16427
19242 23415
2686 6832
20504 25206
1258 16582
13003 20813
7878 27712
7110 28091
27489 28159
9084 12672
5691 17846
9294 15850
344 28006
5102 27222
1744 9196
11323 14970
15814 16340
2556 25833
5160 21998
5943 7835
3598 21932
271 5874
18113 24008
6097 27623
1186 8064
9606 23952
5639 15722
9868 26871
1246 24521
7286 22389
5067 7090
6256 27096
6255 15610
5691 28040
4623 6084
5797 25770
6801 24068
9523 26219
26245 28063
6068 18020
2172 13270
15017 26291
23606 25871
1793 23295
11432 27428
1047 3734
8190 11816
3864 21446
3152 12652
9991 10529
13022 21623
2387 13864
7975 26559
5315 19361
3622 9226
5065 10833
5978 17754
606 16550
4550 6784
8299 8977
245 8720
17968 24069
7987 15996
369 17787
15399 27831
11344 21915
12718 26902
7061 7281
9252 18920
1210 25283
6727 14902
2259 18304
3362 6846
9488 13810
7635 10871
14407 26728
14306 24017
5657 18567
898 20504
10023 18167
2208 14288
115 21203
12399 21115
8833 25455
18418 28257
20003 28210
11255 24771
16350 20431
2499 13593
4424 20390
5539 9038
15561 24610
670 18886
9038 23460
15312 18787
396 3374
10346 12884
4535 26807
2808 11255
5026 10590
16261 17858
4455 10623
16686 25380
2452 12090
18699 18996
17922 18100
197 14513
18381 21620
9460 21856
16905 17273
14448 18679
400 15201
3473 9047
10836 13241
10585 25482
5710 6209
8810 9625
22974 24836
8590 17105
16961 17027
660 5296
3361 15614
2985 27967
17875 18996
2494 26469
3164 3675
11539 15214
1878 26000
10893 27207
22112 24491
7283 17228
6350 26784
20242 27293
825 16226
10303 20633
13078 24199
26372 28263
344 23643
1860 16025
16071 16953
18265 20611
15869 16959
7621 24395
8304 16354
14586 16656
9093 19576
16149 23467
10652 24127
1673 15716
650 21159
1180 19623
5452 15660
12221 23087
2399 17911
3163 12002
806 5505
14731 25494
14712 16957
6918 18993
2624 5618
11407 18704
5984 24104
13078 19650
22279 26535
14287 20831
21796 22321
19758 26437
851 5691
10265 14777
16744 19453
8715 10023
10720 18003
3325 3705
7631 12115
538 11599
1315 4767
1112 17487
7932 16834
9751 16449
11348 21426
12349 14989
15970 26209
6820 26828
393 3544
3493 16713
5893 25523
10967 17961
15682 26151
4461 14492
8267 28194
11976 17963
253 14494
10075 10731
7288 28100
13688 21724
11479 12282
8456 25376
7205 21864
16425 20773
1477 10955
9362 14714
1356 19161
54 26364
7481 21351
867 13591
13472 24061
25454 27042
10990 14771
867 4524
6005 24591
5691 9058
12092 12109
2709 15517
19657 22548
15117 23560
1411 8849
2719 15646
1507 13683
13787 14575
2810 5686
355 27882
8063 15425
329 2324
18651 23686
950 18567
10822 20626
5330 6657
4633 25743
2646 5890
2748 22426
8841 16136
2113 16966
3072 5960
12264 24444
11678 17079
4924 7392
4189 16262
16668 23602
5397 6601
5625 21542
14324 18464
4878 20449
3167 14658
3036 4646
3832 18647
6432 23400
14767 27927
799 23175
4886 11207
6775 12034
4902 5894
20491 22390
7952 17059
3700 10324
3993 22617
4386 5641
7410 20667
127 21746
7277 19324
1534 5548
11262 19818
3681 9691
381 15015
5930 12843
5454 9420
1449 11149
13856 24623
13721 27274
9795 13564
8688 25628
2141 2417
10805 14315
1844 27121
2891 7456
10039 11466
396 10015
4753 20916
4022 14264
4188 16571
10794 28108
15709 24055
6127 23495
1340 10625
396 20081
19180 23656
7031 22190
17071 24412
19301 27096
12214 19139
3419 11634
187 12004
2295 15840
4469 27805
10570 11778
17070 28147
1027 1767
6960 7566
13203 24566
15559 16054
13503 17782
6348 23557
18669 18964
3618 4438
9275 16235
9398 19829
16797 18103
7469 15713
8898 12769
18631 19271
24537 27835
26505 27655
3400 5691
14767 19601
17767 22237
7009 26929
5803 23079
1349 10265
24329 27611
19018 19560
21804 27155
3580 12737
17603 25262
7023 24970
3619 15426
2935 23615
16304 24122
10661 22737
6497 9524
13502 26866
11366 17730
10734 24112
740 26088
6266 12606
4320 10222
7390 8588
9229 15911
4103 12869
1349 13162
16071 16324
1258 17246
1324 3863
14746 18669
5337 15683
7478 20144
13783 17459
12737 16870
8806 11486
15765 23029
788 18050
3876 20167
7390 21230
2027 25409
492 6612
11626 15758
11378 20694
7213 11295
7443 11118
3871 7152
18753 26714
22600 23467
16438 27823
4850 18925
2288 7073
7358 10088
9422 17856
4639 16184
5675 27966
4933 27004
8481 26985
18318 20586
7075 10119
16656 26015
4717 19467
7414 27678
13760 22457
11818 15929
8756 15376
1228 25562
1541 2022
22896 24320
7497 25494
693 1302
396 23823
12119 16197
17757 18176
1339 3263
20789 25734
22283 25666
3819 11369
3024 23576
23085 24939
16197 21462
1264 23036
1954 8962
6106 9479
12172 16738
3708 13443
9387 9492
4482 27785
1697 25488
13343 17742
9285 17211
2213 18833
2428 4505
5716 12341
6642 10956
12475 22092
6646 21899
15282 15947
4843 21693
7955 10800
10488 12024
896 18522
16325 19444
8062 22607
10767 12963
6078 24717
9 2542
16419 21968
5150 8730
16922 21053
13373 16201
26158 26497
24776 27382
17446 18185
8410 26717
20666 22719
4782 14571
17616 24256
1950 14785
16957 20306
21436 24827
6415 6848
3146 11740
2487 13698
8826 25972
24453 26668
2849 20958
21915 26559
4205 4321
6316 16077
13793 22223
12426 25445
11935 14869
11009 11140
9465 18280
5128 21213
11323 19768
2121 8673
2890 18963
9239 27508
3625 3895
8685 15854
19576 21573
4333 22164
5587 15609
3484 12047
19372 26927
9959 14257
19853 22040
18471 26736
3472 17678
2090 5006
14409 16594
4321 9473
14180 14695
1590 2333
6239 27720
4725 20497
1782 8046
7453 27365
21433 22714
10844 15216
23459 26053
12220 23973
12717 17014
7488 16177
19536 21371
9268 18594
21397 21968
7443 27789
3661 27418
5064 24476
958 16301
2688 28250
5906 6968
10745 27222
7559 8929
11447 15918
6862 10952
22147 27230
18494 24721
2949 9945
5042 10889
16664 27117
5485 15539
63 8044
5320 21671
16511 27047
13980 15216
3053 22634
6896 9023
13923 17568
2694 9551
6612 6998
223 21849
18336 24897
25902 27668
15883 19123
11375 12229
3532 19374
14737 18963
6800 20390
8520 12088
3156 22761
293 12308
22017 27557
22056 23929
3841 24811
6280 7746
2259 7707
7373 17429
17306 19800
12369 24062
4667 13907
21036 27079
345 12261
6020 11026
25272 25991
9572 21638
12919 26170
4708 22203
21823 28072
19717 24211
11993 24068
16767 20043
4029 11254
22327 23911
654 20213
8718 20855
3580 26358
6848 9367
19273 21261
3890 16291
3015 15642
1768 16151
6261 9234
17693 26099
12899 13762
14026 19152
1526 17114
10253 19689
2340 19002
6794 14108
15096 23803
24663 25508
6655 19558
2189 27329
5155 6446
4142 11486
6037 15967
9859 17518
2412 5146
4253 7152
14543 15430
14530 27136
11078 22833
11727 20931
18132 24181
3790 10004
9337 15913
237 26661
11261 23178
5764 24746
14019 26392
1888 20066
12982 27545
1462 5124
1925 17024
19857 21638
9347 19748
22184 23455
4715 11014
7508 26347
1138 2929
21798 24947
12388 20606
8394 11948
5923 24049
25063 26260
9070 10662
7987 8846
5487 15530
2465 14990
6107 15921
24467 25713
20599 25117
12771 19069
428 13719
3727 28023
8347 25526
3254 10767
9304 24885
5521 12409
12223 20382
10839 18628
6161 7509
1195 2308
3760 27523
4295 8249
4081 22641
18920 24167
10792 14973
16935 21098
3476 6635
24780 26513
1314 7009
1650 16083
15562 27596
7570 10043
10490 11471
14371 16489
17779 21566
12874 14767
2771 14033
20540 24053
11727 25991
11360 11890
19155 25283
8611 10990
14242 19515
1190 11439
2830 8388
18182 18558
8148 22455
6077 18409
8329 10990
7836 25855
3121 7741
10998 16162
1406 22286
17928 20319
11128 25196
4607 8157
867 12594
8786 16092
1023 17097
21636 23942
4951 24687
12333 18554
5903 9507
699 26169
1770 26812
1099 3419
5454 22707
10678 17656
22048 22935
825 10407
4758 11295
8814 20611
20614 22031
7935 27025
4688 17452
1554 3480
8212 24904
17870 24580
16823 17779
13915 15926
1905 26629
8064 22351
2984 21902
3832 14057
9542 19348
717 19800
9503 12708
12859 25059
3954 10097
1171 14344
6940 18304
7687 12481
7741 7867
6182 22484
9511 14792
1554 11417
16509 25991
11241 18707
6182 14096
8730 14692
5449 17645
7497 25287
15155 27263
22031 26197
1672 24402
16124 23929
7569 11773
10974 19348
3262 20008
25315 27696
5996 14189
9861 19546
4600 19712
23628 26439
16355 16782
13270 14016
4216 23160
8553 13870
25445 27853
12128 18709
21166 23348
4162 20715
7861 17481
3378 7802
18816 19529
5989 23365
5636 27373
24081 25790
11325 14233
4954 22012
4340 10559
9022 22743
21032 22121
1234 9327
23802 26702
13452 27775
6497 22436
19723 27810
9084 17502
11687 19132
10222 19819
23273 26896
9216 11396
1068 22502
8500 23402
15712 17494
11580 13559
3714 12498
8536 11344
18159 22595
17263 21407
4550 19895
5787 21909
9080 11288
2205 22783
25056 27142
5481 25327
5846 25727
3121 18516
18832 23830
2954 26260
4849 20797
10969 21790
3214 14672
8210 12126
8576 10894
1435 19959
8388 12967
1878 8871
4408 22511
3231 7877
19068 24589
4965 16884
16961 17238
11182 17682
7509 16318
7296 17719
11266 23691
2379 6369
5550 15376
4209 25524
8074 12403
18078 27428
2410 25525
15331 24364
14039 18029
17543 18988
4849 23590
1921 12927
4563 22112
9590 13970
9006 23936
4437 11417
18567 26753
2513 9797
4386 12402
11746 28115
24708 25422
1233 4942
6490 26670
21131 25329
3501 23633
5493 13285
17963 27973
11517 28234
1216 14564
809 23469
15425 16129
4507 14777
3287 9050
3298 28182
8257 12912
1863 24368
3446 25426
12696 25740
12028 27831
237 19374
13282 14633
20122 25445
12440 18775
944 19584
14817 22297
16488 19018
6965 9154
7413 7885
17355 26409
11076 12234
3912 21994
2667 6299
9642 20018
132 18995
6893 19564
1795 27117
18636 25121
1887 22156
8880 26702
6181 16238
7375 18636
10967 19249
14556 17128
381 27462
24723 26476
5 28065
6859 13943
16091 17073
6609 27669
4172 6573
15978 21501
5457 5936
9465 19566
10728 26228
5116 24658
16885 27091
12676 24279
6232 10200
16709 18362
10419 19019
2389 11629
1964 12158
23106 28008
2226 14052
15950 19039
671 11132
881 4108
24379 25505
26282 27882
16210 23730
6697 23599
13756 16119
867 17846
3317 5079
12991 25966
19615 24637
5984 15676
555 20841
19896 23867
13627 23749
18087 25100
7747 27152
1259 7702
19849 23455
1852 11975
8233 27240
14072 23932
1126 26753
9536 17201
1771 2882
21135 22292
13718 18192
22425 28166
25213 27667
4120 5720
4079 10892
7606 12244
19133 19873
5989 21053
21886 27966
5371 21887
1178 3819
7279 22945
14287 16856
8860 10953
495 23932
7107 8314
2587 5381
10820 15708
6847 14776
7758 17135
7375 23193
9065 21333
15067 24255
1353 25271
478 16560
15792 18149
1630 19437
9704 15511
20790 24104
11382 16799
5827 18247
3087 23829
8001 10344
14276 20654
24069 28217
4286 26447
8610 12832
4287 10460
26976 27770
133 24069
4818 17498
12556 27107
11069 14781
2413 18079
4581 14816
8360 26580
14471 14579
25214 25963
2089 8465
15599 18178
7263 15732
1465 5100
1071 18441
19086 22028
8150 19351
8202 11748
13515 13575
401 22476
4962 21279
15565 22702
17692 22010
18942 24061
6314 21293
588 24384
15837 26591
14817 23534
966 27274
8669 11463
13600 18592
20758 24127
13472 13699
8167 12756
7512 26565
13344 18192
20313 20337
21688 25607
13243 20116
508 15790
20858 27669
4974 17170
17132 22835
10846 12492
3362 26375
3892 10286
16373 28205
19068 24114
6486 8096
7743 19532
11232 28262
10195 24955
9186 26688
4489 27273
664 7225
9067 12565
1012 25066
5557 9782
11192 20384
2303 12722
1158 24823
6239 21726
1621 22255
12425 19016
14390 19670
7 9443
5722 5894
4263 28140
7514 14568
2636 13811
828 17657
15401 23892
8240 17863
1124 4336
1864 16038
10593 20896
26717 27872
4218 24211
5519 22886
4693 21269
16594 22266
5905 24222
4325 18591
8209 27997
4623 8883
8920 23672
16928 19789
23884 24480
27769 28141
12899 17526
18489 19672
14371 22716
5867 10298
5264 24731
10924 21028
194 23749
9252 25607
957 14228
539 23267
4999 19143
3539 11092
1299 9939
11647 18921
1556 11424
3186 5120
1600 10054
18265 25453
8212 14014
6944 17209
765 2518
155 8368
16667 27931
2807 15278
14055 20309
1475 3675
5363 23640
10036 19368
5699 15561
1975 6552
3944 21766
4199 19261
8402 23873
13152 20491
9939 22901
923 22821
16829 23591
14481 24279
514 8948
1482 26721
705 24283
11916 26799
3420 14448
12686 13402
2162 27787
12881 16276
15452 16592
3547 20916
8005 14954
24169 27669
1163 4098
5117 18947
1314 22334
2556 14912
13591 21251
2111 19553
7111 8957
2902 9038
1556 26644
7950 27549
327 16963
6869 24339
1686 2748
5611 19390
9993 26329
17562 17803
3846 15370
17052 22156
18593 24317
4178 6868
355 16389
836 17142
5344 13973
3234 25107
20538 22707
9327 20954
1358 8001
3468 9308
10638 27497
12056 25901
24005 27128
2186 22205
25167 27835
5419 26553
18507 26879
3119 14006
6297 21661
7526 13328
10330 16223
4476 6446
19647 25200
14003 24616
2113 22010
12610 23083
1538 27296
12228 13235
5518 10900
22142 26004
14993 22499
406 6626
1361 18370
393 9358
6065 17330
810 19995
7389 9536
2368 12954
6094 24586
13018 27123
19300 23110
8766 11052
3323 7975
7741 18516
2778 19351
25454 27557
9077 17599
1563 13910
11657 16867
4914 12241
12218 12444
17696 22457
17305 18615
6416 14839
15428 16323
7977 13360
4123 10520
9215 24745
18411 19419
15291 24753
16187 24158
8411 11396
11599 26991
4952 7950
5734 14418
5274 8833
5917 17651
10668 27611
11439 18257
6278 16823
17 8149
518 2929
9441 17965
11248 27017
7092 27921
5847 8810
14591 26640
2785 17916
23730 25523
3904 26829
14930 22666
9709 11804
9039 18457
13586 20618
4904 15047
8851 11529
3121 21111
22135 26225
16757 19028
27579 27676
2205 8464
6233 18026
8527 15766
12031 22481
14933 18423
15956 24999
11989 20355
9929 15549
6255 23574
17220 21066
6738 23454
4758 7693
6464 9717
16749 23457
5977 24288
4606 4878
12311 17364
9138 24922
1250 14907
3475 5519
4119 14471
6305 8493
16152 22840
5181 6973
6707 18852
10517 25513
9478 17567
3802 20758
10384 12805
902 11963
9730 13674
7839 15661
14969 25699
5989 23310
12050 21000
14342 24691
3517 11988
4802 17577
4951 27900
1834 18325
3892 15464
1457 16354
3803 15974
6572 20667
21231 27805
3903 17056
2225 22329
10357 27203
10428 15670
2013 8467
18791 27530
4597 10957
9758 27967
1311 21522
1622 10487
8348 22254
2161 22200
2759 8833
11144 11229
12449 23617
21849 25219
492 4717
24660 25816
13444 23709
2547 27384
3121 19326
11277 22420
21883 25630
9465 18070
9590 25309
9583 16878
18415 27982
10270 16487
4092 18225
25329 25865
9881 27830
787 1965
6615 19845
421 1045
18615 22848
19134 24127
6972 25272
1459 2064
15217 24818
2499 25205
7750 18192
19730 24848
2892 28086
18045 25341
10692 23626
2031 23351
22460 26357
10825 23722
21767 27084
23272 24351
10365 20677
18097 26081
860 19382
3307 11485
8014 18695
16600 18647
2466 19544
864 9833
18449 20424
7966 16589
2132 22036
12606 24900
4302 25831
7009 23178
115 17057
2775 14870
4269 24714
2446 7815
22114 26499
1398 12538
6110 10829
20086 27737
6454 24830
31 27496
11649 24274
1920 14807
14447 15870
13038 18491
15983 23455
46 10591
14236 22706
2835 18700
6013 24576
9631 11413
1609 7505
12139 15701
5451 12314
22502 26085
15304 17136
9798 23934
10 19601
1291 11836
17194 20437
14767 23997
2166 10691
18963 20602
5000 25873
11064 23365
3185 19965
11936 24921
13392 27117
19484 25525
22446 26978
3667 8872
4687 16374
18148 18779
12577 22966
7406 15297
1159 13491
6286 23722
5862 8167
16103 16769
17224 21006
13743 22046
7720 19952
18304 18361
10859 13123
12083 19857
842 15910
4591 10195
10837 11701
11387 25505
21493 25454
17924 20227
9251 10935
1767 20480
16709 17357
1397 7782
10530 25831
21248 24157
14559 25901
4767 25327
5440 7311
18574 27809
13784 24691
10910 11998
7523 17965
11641 15080
13316 20162
8972 11084
1002 9614
7787 12037
2396 26413
15602 28018
10146 11953
6144 15453
17076 17842
1294 21590
11188 24122
9966 27308
15725 17792
5262 10393
18368 25833
4444 16571
13820 14088
22847 23721
894 6166
11248 24726
14592 27113
19316 26435
17243 17689
4198 8909
7581 27501
7007 12109
341 12064
6881 22246
5558 17646
13384 21915
25498 26509
3575 23861
4168 18522
930 13369
10795 24265
115 19372
2050 12097
15447 26560
23143 26405
10280 23246
8906 13448
10388 22186
7413 21058
2369 19354
130 16036
10496 14569
14521 24053
8458 11423
449 14794
18920 19886
3997 5857
25392 27376
1592 1887
4439 4646
7166 10393
20119 23693
2457 19916
7354 20527
14959 20313
2505 8650
478 12412
15224 18898
13718 18934
9763 15852
8396 22813
3147 20749
8817 12555
11641 13973
9029 11993
4101 6177
15440 18772
1189 7507
1008 5918
16340 16964
5189 23392
2320 5086
18656 19641
11440 22094
6749 14520
10200 16312
2148 14361
20496 27745
7963 10646
1213 14538
7183 17637
3381 21074
1541 17543
14110 27442
5116 25969
3638 10328
343 2570
15141 28156
5403 27274
6805 20380
17304 18689
14392 28180
8846 18533
12612 19337
7930 10740
19548 20367
11807 19950
6555 18823
13311 20710
9537 16800
4665 5724
9339 16189
22688 23361
16276 23111
4362 19846
6738 12368
18670 23385
5393 18317
6103 14907
5190 17298
9663 27447
6796 23459
16092 24515
1600 20226
19853 22804
4728 8082
1441 16422
11220 24171
12410 23896
13735 16609
1497 9871
16329 22278
4519 15751
1539 5832
4701 23585
1528 18209
23764 25937
4211 7831
10304 17861
10838 15347
312 4823
8004 25620
13024 22956
15561 21269
15920 26160
15825 17015
26781 27618
14635 24006
17252 22592
2388 12459
6276 15749
13370 15282
21391 25685
14288 19500
12228 24170
14555 19013
1358 10830
16922 22777
12935 16894
839 11989
11599 22181
3336 4003
4725 14598
8282 16429
7644 21727
10998 20841
21835 27864
1257 27087
8323 11903
5241 18319
22664 23265
2181 25399
14787 15605
11654 27706
8372 11475
15596 23267
8902 25010
2297 22320
10292 20310
9438 13944
12810 15173
1263 15922
18927 24069
2470 25140
10660 22779
9121 13091
9799 20264
8491 22700
1925 6376
5731 20959
7814 11059
14681 24873
2252 15376
4636 9417
12068 24180
16656 20935
21956 22998
16842 24127
396 21288
5257 26010
21983 25600
1349 9733
23219 24427
13321 26457
15863 20582
1773 15012
20319 23454
4708 16373
11585 27520
6072 20367
11952 25034
344 9750
22787 22909
1732 7672
4745 25068
6555 9086
7160 17772
5 13709
20841 27726
4075 9528
11789 22830
7950 27604
1573 4408
20733 21057
10619 27123
2676 5166
5371 26643
6227 15654
4963 15284
5495 15138
5597 8953
3203 12226
26690 28014
18997 25107
7137 26546
8185 27729
849 15031
19033 26722
11526 14687
11211 22770
15063 23513
626 24453
565 6026
8441 20956
1166 2016
10383 24994
1577 26884
256 21939
3872 23075
6381 22799
1878 26997
689 3582
300 6377
10287 12403
3742 11069
22605 27702
4269 23330
11932 16793
853 8104
19326 21026
6620 8443
12246 18128
4649 7297
137 12323
8817 13397
5802 25582
4498 17146
5856 7560
3972 14724
2369 4623
9524 12346
5315 22321
26763 28264
16402 21831
1652 24496
6351 27690
3848 6334
2518 12855
14571 16313
15916 24503
2121 16010
8924 18310
18131 21240
25960 27715
1105 25969
3357 23044
19872 27907
12011 12244
1635 21430
20794 21590
3789 21113
12725 17637
27710 27711
12333 22479
19237 20010
5041 16439
4043 4826
15271 24380
22425 22871
8085 24966
8603 24738
6695 24799
2412 6836
4626 13902
5265 23295
1085 2556
13407 25366
18107 18927
15920 17281
13081 17878
2752 9051
3253 12383
7995 20418
10839 17926
4191 21236
12359 21895
9356 9874
5614 21770
21237 28070
7867 25602
9536 10541
4599 9176
11315 19075
9591 14694
19804 27495
1740 18465
1405 16921
14584 21232
3624 4524
673 1432
3198 27030
10321 16428
6495 19004
9215 19015
1103 8703
2352 5166
16434 25068
11888 23550
13973 22531
6903 10342
7758 21545
15267 18891
24145 25994
6309 21438
7149 9416
16584 18491
8096 24444
19273 20661
1925 15044
3136 23584
21643 25091
26824 27814
16244 16995
21159 25209
17933 27243
8396 14944
17756 22707
14132 15153
2191 9716
5913 18189
15199 27970
1928 15074
9026 27494
15154 17851
8814 20541
8707 21835
9662 16351
15536 26312
12866 20080
15368 20164
16980 19027
1858 10678
21377 23665
11326 26046
3456 7915
4203 24069
4600 27810
3940 8985
16251 23711
7597 13487
4162 16258
23764 25794
3900 10018
24731 24913
6433 21735
5485 16609
5775 27801
6198 9001
12155 26053
13192 28121
1440 12274
4069 22717
5767 26993
21589 26840
9234 24954
8251 16575
17911 17960
1543 19228
5451 23060
2650 27402
7372 19451
245 22889
14889 18341
10587 16921
2093 18107
176 27606
16640 22894
9569 22283
5373 23194
7213 14534
16489 20338
17770 23312
3494 12324
14486 21491
10767 21810
21226 27810
1343 14809
17020 17742
2102 3219
1502 6253
1213 9595
13058 19579
20556 24170
7835 23015
7783 16435
3826 10431
14095 26535
23196 28014
10971 14474
1307 5926
9141 17481
2706 13460
7584 26173
1414 27726
3828 24232
9252 9631
7635 9406
1635 21446
11416 23081
20541 22021
862 2115
1767 6763
10270 23286
23 20108
3734 18029
20449 27892
1605 13351
6454 11746
9690 11433
245 27513
4498 8775
1948 9563
1604 12598
705 13038
10462 25141
9429 27052
1174 8057
18070 26053
11051 22092
12160 12910
8802 14989
10674 11847
70 496
16360 24061
6611 27241
201 26916
14843 17188
7333 15036
3697 22755
15869 16323
10101 20616
12195 13515
4175 12271
8034 12735
16900 22716
1426 6798
943 7533
7727 23271
11216 17838
3015 13304
4904 25384
5609 18631
9403 23736
10674 20503
18528 23778
18362 25094
2731 3741
25727 26845
8963 11692
8799 14000
4468 10682
8040 10579
2771 17404
3355 26686
3667 13165
14153 21719
10024 26087
17442 20692
16867 16974
20123 20633
2368 19534
3727 7553
1814 3000
86 22461
3592 12729
1593 26173
19396 24121
5774 23942
2939 27560
10090 13831
2036 24109
7787 7971
12772 20480
25830 25855
11100 22393
8205 26572
20257 20539
973 20489
9252 25855
14964 18864
11804 17965
9956 15867
4149 21058
3932 20109
1331 17495
21563 25816
2880 21484
1411 24127
8465 11711
11216 11804
9388 27472
4306 21991
6355 6896
5229 24681
3024 4782
6517 15184
933 12628
10380 23465
6832 9390
20008 20280
2040 22473
3279 5725
3446 3762
20789 25550
8434 9952
10192 10729
4082 18691
5392 25238
1169 17850
11940 23265
4209 6796
6891 21476
22639 22923
18154 18525
13440 17069
79 1887
5063 11952
1613 27969
18369 24973
2512 13677
7205 23608
19262 25578
10334 22420
4359 23164
17259 19826
13954 20654
3728 3856
4188 26295
7133 22606
2396 15829
2647 25708
8128 17329
5831 14947
15282 27508
3275 9915
1767 17175
16242 19343
1275 24608
5765 10725
199 4120
792 16702
5601 15996
22581 26691
1332 18026
7635 21003
7019 16545
13737 16785
6065 26604
5 11958
9851 14954
1707 23481
2762 20152
8443 21366
16496 23171
14227 24062
10881 11273
11451 12984
13931 27234
16785 18667
1830 23673
1116 3309
6301 15383
12034 12043
6797 10767
6771 11294
19085 22646
10952 12066
4298 23298
7491 17085
9174 17233
5093 14369
19915 23640
8408 9589
4823 23189
7054 13827
9116 24286
8285 20104
5536 14385
19068 22652
5528 27795
8523 24876
3411 23345
13232 16922
8075 15829
1049 19753
15920 22035
7456 18479
701 23340
12855 20706
826 15251
811 23655
19546 23569
12792 13111
5604 7964
8251 24904
2304 24082
3121 3609
958 23619
10036 26092
5055 7644
494 6477
12991 26409
6169 20748
23024 25345
9750 25658
22570 26201
12397 14724
13888 26258
24019 27844
15022 15478
6846 18999
7253 23835
220 25219
1925 24206
581 20046
14853 17122
22787 25894
10321 21950
8295 15528
1140 19222
9466 18136
5071 13274
14916 26262
1864 11585
425 6215
319 18001
440 4743
718 22031
4148 27429
20586 26641
13968 14039
3043 8631
693 23922
20754 21360
802 20020
7652 8264
3483 24659
17304 19095
9794 26487
2148 10093
16905 25287
11944 17035
4708 20369
1573 23767
12397 15391
2035 18869
19813 26169
16850 24393
6148 9733
10618 17252
11378 12219
2354 16138
4216 7633
7919 25165
6037 14048
15659 17914
3172 18708
5978 16107
19983 24152
9035 26978
10015 15286
1702 3143
4675 8956
9590 28176
18167 26695
10085 19545
8143 9367
10749 19092
10164 13679
814 20924
886 23381
11113 17354
14534 26518
2518 22992
5008 19285
957 3800
16766 19493
3068 13764
10570 22593
533 20334
2031 13020
2297 6162
7813 18601
19140 21057
3700 27667
25528 27162
13831 19348
7915 23707
4633 6229
19352 21000
2985 7469
10050 17757
406 21675
11880 14585
974 27844
2396 23610
13679 25174
10039 11732
5528 11286
18198 22553
1921 10182
8923 14794
12112 14344
16452 27085
9253 11535
11287 15099
6671 23118
7589 25262
9090 10596
6891 12020
3102 15593
11340 15900
1748 22497
5946 15230
1171 12351
12890 16589
16301 22702
396 5530
15531 19982
26449 28249
22829 27795
5655 7332
17839 19156
9682 16870
19241 25191
12164 24650
7809 18259
14296 20903
3008 17763
2470 14129
10321 15459
24195 26955
7162 24326
9371 28034
3769 7108
2802 10639
13025 20722
4649 7621
4532 7258
3820 16591
11847 13780
9590 17489
11752 14969
18807 18857
6489 23165
4633 9399
17908 19085
13802 20633
10114 16941
2304 8454
5609 19827
9724 18167
13410 16736
11295 22678
1027 9214
23136 23387
3900 24065
8781 24804
2660 18649
1293 25342
10591 17678
15119 22035
11408 22768
10242 20876
16008 23603
7513 14534
8241 27436
2954 18738
8893 9746
7420 27403
23430 24805
10871 18061
953 8138
5082 6099
138 723
12472 16453
4604 22426
13780 14857
16152 18212
3893 22042
7475 26452
7323 15047
8547 22950
21323 22476
1060 20583
1738 10989
6372 22180
983 18113
9234 14398
14838 23138
7086 18579
1216 11295
12296 22735
2067 24057
4287 7836
8685 11969
7950 18369
9063 12133
4522 7635
10384 14776
8285 18736
4983 5597
5295 27606
8493 23300
8931 21079
2087 15996
17165 22425
12709 13447
16096 20144
7533 10355
8100 11584
4 24023
9487 13905
12801 20094
3168 23433
20108 25414
19829 22265
1141 23110
6004 23942
4971 7177
18920 25636
4999 27409
6290 23935
18026 22566
3890 10464
13425 16451
245 8923
25570 27382
341 1730
8057 26740
4216 14913
1729 26503
17247 18662
5981 6495
9459 16580
14793 24020
12851 14599
5755 17518
14959 16900
1825 20899
4626 28014
12244 18001
1620 19180
11323 16900
20329 25986
25658 26662
19960 24782
5734 11877
16744 17337
660 12907
10923 22156
9992 14530
15298 18251
7432 25735
5691 21296
7523 23760
2602 3599
11736 16170
4535 7441
17324 20341
9150 21941
22984 28081
16534 21673
8323 25329
1182 2598
8853 22474
23309 26283
300 8157
3255 10286
15161 27886
15234 23366
3599 25286
7361 12257
10986 17803
3166 22544
13373 16582
1858 21199
1622 8841
11692 16293
3446 22456
45 22164
14002 22276
12249 17760
9590 26665
17518 25730
10490 23963
2250 20586
987 22820
5265 15238
10283 14914
6555 25278
7987 8505
14689 26998
13148 17724
14650 16806
365 5782
214 18411
2692 10965
21831 23958
23560 23748
3463 15241
8750 18685
7313 7503
5389 12194
11126 18862
8360 14631
7226 22076
417 1502
18593 24915
2532 13456
9120 17194
14608 15629
1727 12800
341 20162
1871 8255
4061 11945
14594 25833
7760 19183
132 17104
13736 24407
20448 23761
11987 12040
2748 4604
7587 14169
1028 2647
13215 22792
24412 24613
13307 25443
3317 12276
5708 9268
2665 5181
8749 25137
21902 23044
2665 9582
21663 25322
16034 19059
3638 26027
20339 25713
5665 21278
5961 7351
7985 8860
7552 17411
13697 18016
15388 25570
18555 24904
11597 22186
14672 23799
17050 28158
8141 16504
588 16333
7982 9660
7765 13287
2288 21377
2133 23441
10987 26568
14697 21323
14474 21577
12689 16964
10935 14240
2189 12427
374 3159
2107 10185
2914 20487
12137 22230
11654 19068
17507 25748
17401 27078
16629 21149
6511 28134
8946 21173
16684 20639
8852 14024
8142 20640
18968 20408
8806 26740
9005 26000
10517 11928
5711 5989
2908 13401
7202 24953
6935 23661
16887 20232
3279 3390
1662 16457
7111 24601
245 13472
12545 26289
5374 7586
10825 18725
9813 24928
5484 21505
1972 8342
10737 21505
1701 10835
8560 8751
6531 19065
15422 22486
16656 27944
11009 21086
13692 26094
1223 23433
23549 27099
6355 26058
22901 27157
18461 26077
11113 27087
13171 18674
6879 26106
14892 16957
2526 19275
4134 10563
2002 3463
5671 6426
11286 12924
18901 21312
2646 25059
13262 16171
8285 14389
9051 15909
26544 27767
5350 24628
11148 14925
12581 20272
3727 28073
4379 20556
4624 20386
8356 19123
4096 23797
3354 23242
5109 7362
16600 22240
12402 18061
1908 10821
13775 17995
20876 21564
22769 23372
19178 28159
5765 11868
12959 23619
4075 17413
2349 23579
8183 21710
6589 7567
12689 16748
10927 18938
3733 13186
16947 26812
9378 23864
1240 3031
5434 27867
20832 25414
3139 3206
9638 22548
11963 12097
12832 16472
8046 14393
25552 25723
15150 25232
5342 24922
3667 11283
19930 27374
21671 25609
7562 17229
7426 10646
14694 28211
6707 7559
11134 24904
3622 4256
3373 18631
1050 8518
1112 16881
266 3286
20849 27279
2126 24846
401 8402
14571 23719
3762 4388
5606 8799
4274 12565
9379 20448
1405 12480
15032 15535
3608 7412
393 16197
237 27974
1205 22688
4081 14464
17022 24229
11331 20363
4638 15349
1349 13849
1240 27054
1341 4068
2279 22957
16467 23894
11368 16338
16668 25684
497 9424
15672 21398
1181 27554
1644 3211
18177 22241
14661 16027
414 8776
11159 25773
23807 27353
12983 20776
3789 7047
6176 23390
17610 21397
2518 17965
9776 21602
5819 9878
4439 11809
24229 28190
19494 27821
1830 25774
8394 15108
18001 25083
26073 26192
13535 27265
15739 21641
808 13679
16823 24018
5072 14604
588 1814
18938 23193
3101 3765
1755 16559
3201 10763
10961 14995
8246 21149
17484 18574
11868 22080
2345 20313
16587 23555
17562 17838
1645 13221
9253 27382
17684 21794
812 26973
17513 22780
23686 27246
1955 11424
11735 27565
1830 26740
1621 20162
7451 26158
8694 18430
12944 21968
15731 18950
1141 8498
19584 22190
8405 13649
11258 27559
309 16141
5108 18416
26543 26963
3287 10160
374 4136
1800 10602
12868 16197
3197 18411
4422 13111
9006 24240
220 4498
261 5506
4151 13275
19053 22002
13646 26476
8218 12406
12038 13139
5991 22690
6075 22569
6920 10546
4183 24557
1023 1970
4577 9558
11363 25157
19025 25454
11953 21766
8858 23145
9038 16385
16943 24904
12708 26143
9465 13970
14652 20511
8364 15666
10189 27306
12049 16853
874 13808
6531 21804
9569 15985
9121 20530
9525 11438
20166 27905
12155 22640
7442 17593
3128 3828
4945 10042
3126 23840
6737 17309
12562 21616
1275 19697
2701 26516
18678 24753
10007 17560
19793 24634
369 19739
14713 18496
222 5832
1985 19068
5344 23392
5117 25759
12998 17782
19019 24224
21849 22827
18667 18737
7367 25076
11599 13343
7623 14127
3595 22647
5191 14846
416 27751
19454 28106
19827 22716
12785 15676
10488 21198
12549 26115
5195 21644
867 21389
13906 14464
2309 27299
4397 8757
508 23410
1267 2150
3793 24618
347 8974
18454 28121
353 10146
5861 16947
2882 24415
14723 23377
15179 20703
8923 22251
12428 26322
1322 19662
17336 21207
8085 14631
7961 26410
5743 12041
2759 21954
16993 18259
994 9424
12536 14908
8644 19138
5691 13065
8826 8905
9613 20938
20267 25770
7337 25035
12244 26737
2061 17341
4051 11747
12565 14559
2943 19266
3882 23507
8368 11698
10967 26379
10953 11271
9548 14404
5596 11912
15120 18187
10504 27640
230 25167
2646 3219
5510 9056
11836 25816
21730 24629
3969 21464
788 808
22205 25957
169 17561
15352 24369
19721 19871
11484 19607
12131 27402
5031 24095
8075 16477
6582 13376
2526 18503
4306 5930
2130 21960
15669 16590
11022 25062
220 1727
5749 11789
16482 26054
3154 22263
4629 22837
5892 24586
3241 11492
16955 25297
4717 5413
16152 19214
1197 27771
2986 16607
666 26097
26036 28044
598 19699
6044 7443
5972 10641
11436 17527
8648 9524
18684 28242
21291 24627
564 7025
18534 21433
18469 20406
5864 8309
7277 7508
2526 22319
1871 19004
3842 27677
24005 25043
16328 25681
8544 27221
346 12569
5676 15816
20827 22667
4253 12468
8949 28254
6140 21247
1050 14272
13422 24843
10264 15512
3931 20669
1686 18956
16914 24569
14778 21377
16363 17597
2666 27726
742 12810
179 8479
14560 22444
3059 7314
1529 21000
22446 24372
2500 4101
10337 16198
14326 22052
2423 13486
19061 27617
18823 22415
13686 23747
7491 19726
13093 20200
6861 21668
3231 18987
4994 22636
4700 9322
7635 24208
19819 26503
1193 23180
545 10215
8810 19655
21809 23657
1745 22784
11273 18725
5204 15736
18630 20375
10497 18042
7950 19004
3559 23244
3810 10690
12590 20279
7984 27705
2447 26053
21662 25425
2526 8363
4717 13175
20859 28259
3640 9569
14364 19827
1343 24028
6042 25884
2289 17441
2541 6227
4571 6957
8579 25163
1268 13875
21291 21409
5616 23267
18945 25034
4534 6345
7190 15251
3121 25636
10444 28150
14135 26689
3090 12114
899 9350
2690 24936
19447 20935
11817 24844
3472 15019
20837 21118
3637 5121
8275 24388
23684 28065
2225 7443
25505 26457
6730 15673
12074 21671
14901 24406
3624 20115
18729 22640
7798 8845
7686 8730
495 24610
4645 21610
18669 28199
8247 25956
19203 24244
7791 25206
4108 22026
10970 27852
1574 9417
13396 14533
11348 16627
3207 18732
15758 18866
140 26405
20805 23201
711 14464
11030 23340
10227 22404
9143 21151
1036 5919
1477 8626
4828 14833
22310 24885
3484 16016
16071 21955
7089 19675
1395 1411
2247 22389
18352 22304
9329 25740
21442 27495
11571 12709
15074 26543
5085 14341
935 27435
21000 23278
5375 27194
6242 10160
16745 24323
12773 15509
14145 25564
3970 21407
12033 16036
3947 7975
4992 19939
2031 21836
8954 13324
7297 19140
9423 17441
6042 10497
429 9525
7 5961
3156 25647
8795 26668
799 15964
11416 17272
1236 19611
912 5024
7654 27459
7348 14671
18345 22425
3420 14133
1959 27661
1695 8674
8218 20889
16750 20671
18230 24760
9951 16022
15090 20195
5454 19794
14543 15892
2727 10961
13978 17586
10488 21071
5235 8669
6666 23152
2812 8322
17873 20473
10748 20031
9528 14912
25849 26104
23686 25949
4770 17307
1368 2330
14738 17314
24415 27288
6839 7568
11430 20328
15074 24028
9787 11448
20975 24379
12328 15725
9349 13105
5430 23674
22630 26691
4382 6725
11859 20622
633 24952
5996 22161
9292 25847
1192 10450
16315 19817
20245 26598
19016 27910
4567 8445
78 18679
25280 26079
4699 22020
1279 13917
3260 27076
8895 12564
18808 21026
2708 8511
6235 28121
9194 12356
359 13472
3002 26525
17024 19343
15201 18909
2512 24883
3728 6707
8741 18816
20612 23560
7370 21515
9782 19143
2521 21038
3759 24219
20745 26970
13347 23141
319 465
4268 23761
5210 18553
8014 17579
9263 10531
2414 17333
18326 25451
18747 24966
2046 15858
437 9938
8563 19648
2883 16984
9592 22373
8014 27755
5708 25602
10191 15017
6307 12276
2215 11828
6998 24410
1602 21438
18425 27013
10405 27004
17399 18447
340 396
23267 27156
15695 24415
7720 25220
13459 15936
7830 19393
4775 11676
1757 17273
9038 11563
4240 5217
5377 10538
9612 14954
22787 28271
8579 25699
1787 22724
18507 21149
5500 25616
8894 18671
1209 6830
1349 21435
13053 16121
6497 26753
2170 3598
5449 13726
12388 28209
4952 26340
16957 18346
3338 4336
9447 13157
2303 4967
801 16019
15293 16439
16333 26442
11614 19358
12551 18713
5749 17782
12149 15962
6315 10160
19195 25658
6188 15939
22651 25039
16037 23679
12247 16546
401 3944
6777 9388
13116 17019
10326 27882
8434 18735
4150 14948
1350 12417
21449 22288
3111 12684
9281 24360
16884 27815
8807 11310
23490 26165
2396 21548
4450 19455
12346 20504
17967 19354
5651 14894
15615 22571
3891 23347
15431 21052
17137 24207
10934 13824
5019 26677
11627 21094
17967 22020
9243 22004
888 5721
5772 27478
6379 26442
867 2878
11335 23933
564 25027
3622 7021
16261 23628
14198 21623
14731 19750
11342 11452
2874 6868
4581 14050
295 25813
2051 13622
5350 18154
10792 20551
20969 26574
850 21228
1690 25877
448 22114
1432 25568
11531 12082
8737 12564
3958 6804
13418 20505
8991 15264
3044 19403
313 2943
876 27669
4169 28224
5413 8511
13282 16963
24211 25329
1925 5285
14140 16560
17763 18267
7624 13106
4434 21285
539 19301
5145 14853
9440 12542
15211 17905
3703 6097
8840 14857
12369 23663
1666 2727
9441 28055
9627 27538
15184 21102
23006 23236
5985 9172
25397 27923
4362 9252
3531 21990
1058 26661
16036 25812
19564 19843
707 10874
18044 21029
2388 17141
996 12255
15236 20899
19662 21981
5502 22996
396 20373
6077 25332
2699 17600
5301 26905
4341 27528
7626 24240
5716 19857
8385 17603
11522 27419
22066 27337
18027 25788
7328 12999
6868 10391
9923 22640
10086 27180
1159 1699
3373 15511
6257 14304
2986 7011
11292 11322
867 13065
16845 20347
52 9263
17902 24886
16278 24828
4360 24543
9178 14281
2769 13766
17851 27824
10920 13282
8734 17203
2163 6527
9214 17179
14672 27211
2350 21140
9338 13180
20876 23897
867 20313
13106 23408
2087 11080
10483 25564
4439 12949
5204 10560
582 8707
8956 16127
9416 20667
21273 23149
20031 21849
19670 24082
10041 11868
22579 25525
890 4322
2106 8766
24571 25838
12678 17966
492 26038
6122 13875
5704 24172
21815 23738
3657 27115
25108 25849
12260 22651
9842 11993
9053 20054
5081 9847
22964 23549
16744 25330
19132 28100
7885 19548
4428 26429
2888 12870
17941 24032
2883 27506
19758 28167
4453 7828
8642 24022
20437 20470
11085 20560
20625 23916
12851 28080
4115 12123
21226 21739
11974 21537
16868 17254
19871 25740
14857 27020
9777 21914
799 2988
3635 26871
14667 19192
20069 24062
2470 21423
12423 23361
6511 20677
12428 14642
10495 22711
14783 22605
10998 18420
5890 7002
22819 26010
12299 16272
16691 22066
6444 23608
14957 17353
1351 15725
5713 6931
16108 19467
190 25465
4693 5595
5301 24415
24622 28195
1535 10652
20758 25468
51 25472
10454 14633
2548 6025
6968 25818
3763 18600
5214 23377
6402 8150
14223 16337
15825 16890
1658 24267
11450 22310
3734 7477
14258 17517
5042 8187
577 14424
25525 26099
17125 23085
7772 25758
3482 26045
10800 14997
1106 17966
6023 14389
15682 25894
14592 18618
99 1777
991 5397
7181 18843
4979 25276
9959 21304
15530 25708
12734 20689
15052 27495
13487 17557
10584 22544
3990 5474
1138 4823
17938 19247
986 7130
11931 21798
957 6290
2344 8939
7354 16932
10844 17046
16888 21938
1092 16610
20092 23399
14670 20247
341 15695
3882 10127
11148 27643
12493 13793
14857 20222
16713 25564
16916 26107
11812 27539
7205 11431
465 25404
6061 8985
26598 27274
3750 26591
19217 28275
7649 15942
10288 16191
3355 18622
2712 4629
2340 13091
5543 24623
17369 21688
11580 15744
3775 18468
1337 19113
12091 21057
6251 6898
1142 22884
11780 17133
17012 26164
5377 13289
3901 12483
1958 10291
5219 22425
4601 21011
20116 27464
1530 9573
10286 22605
7976 14853
9252 21038
1959 14278
7987 9563
18541 22547
12798 18820
828 11880
3472 8154
3472 24017
4057 8748
22319 25644
11080 27788
2177 17527
8816 20554
10923 18281
5913 16001
5946 23876
9569 24637
1158 15236
2205 10166
6362 15381
11268 20230
8855 9504
2395 3532
3660 5505
1223 18050
5510 28156
4719 27279
3450 15716
8329 18313
2436 22787
11128 27835
2353 15267
327 15808
9295 12021
13863 18160
11992 24068
14040 25247
19552 20661
8352 19247
19270 21602
1287 5398
426 1852
10618 17583
1817 5018
6188 20665
17561 18374
10432 22230
10330 24131
14772 21503
11963 24659
2622 7932
5327 7227
4891 17795
11207 23767
18945 25626
8526 17763
3947 20004
1556 1776
19001 20998
4806 12155
17773 21139
14344 17637
5465 7335
18793 19459
11847 20727
15728 25366
15811 26031
6842 19123
15429 23857
15853 19540
3825 14971
22892 26559
14920 17762
4314 13087
345 5505
8304 10048
3241 7314
19061 19171
4821 5377
2255 19140
19110 20390
9725 19037
5869 10354
211 17331
4193 4607
15091 25120
11080 26109
16243 25044
5348 11748
1556 11143
8351 19691
1925 3199
10885 18366
11874 15173
6209 19192
1015 23890
23932 24825
14023 16037
8825 27247
6470 22049
12781 16901
1085 4557
6257 18704
1607 3779
1058 25265
9008 10245
1546 12057
18920 27382
19200 24419
13878 19331
27594 27835
812 27923
15442 19959
4674 19442
4256 9716
8598 14016
22895 25329
1058 13642
2928 21491
5177 11747
17555 20899
8541 17485
1579 5328
11173 18692
1113 25043
15497 19627
1209 21834
3885 17630
8680 12763
15884 26563
20162 21781
7804 25851
14607 19270
10047 19827
1640 6702
20222 26706
5466 19249
7332 12024
7604 14627
8533 13362
6773 11634
10309 16627
17363 24673
3410 13910
19853 27821
6355 9797
423 1101
18065 24739
15352 23441
16772 25309
1879 24616
16092 28010
11055 13850
6005 14564
689 15322
1107 1851
12161 22473
4649 16314
2008 20407
2760 4717
17429 18952
15346 22143
21725 23365
18294 21240
4081 21925
9915 20667
15754 23068
1851 2547
3881 12927
20775 25385
11576 24669
2798 24108
7350 19862
534 11562
21407 23983
14380 16117
5749 9006
12612 26728
6857 14401
10464 14359
14423 18988
11020 14794
21343 26753
1900 11039
10503 10961
1183 10595
1308 21926
9 27562
1878 25791
19015 21269
13286 24832
4811 16953
12244 25299
9137 20640
577 7207
10346 21033
356 16493
2022 23384
7732 26576
5989 12483
230 4245
16581 27117
5815 18909
2003 7540
65 17214
6372 11866
1033 6549
16855 19753
15308 24774
6182 15485
19673 28055
7836 17912
4216 21802
2246 6637
705 9959
2947 3741
428 6643
21250 21569
9103 16337
12374 23327
8667 26825
867 7205
404 3169
2729 10154
4962 15169
2447 23111
271 17641
1605 23871
9717 24827
12985 20916
5267 20911
3352 24575
7490 27665
8924 11171
7463 27758
5063 11296
481 26438
10638 10764
20947 26405
4207 10654
1270 16744
1860 11666
14264 18521
7684 18430
1239 22683
9923 10843
26147 26559
15815 18834
4295 7535
16240 21890
19068 24830
22379 22390
22699 27308
17397 25454
7985 19480
214 867
865 18609
10298 21619
4236 6994
18145 25080
20688 25406
1479 7044
16367 17814
2521 13756
4654 16131
7668 24216
4712 22799
3052 13362
3742 16270
4246 25384
23617 25743
2279 28202
27099 27496
2946 9752
109 25773
10027 22821
396 13494
88 26113
2212 5725
17606 19875
20639 25443
18767 25181
10701 12307
4424 23973
6913 16234
19153 28052
7719 17355
10283 20503
11940 14136
711 25547
11913 15875
8746 24979
4234 24127
19712 23932
17073 27358
20118 22340
4038 19868
20005 26343
3184 8220
4090 22767
7842 14025
11340 13337
6835 16185
6857 24092
688 3077
7671 18640
2771 26518
24353 24539
17256 21262
7236 23799
10593 23605
26993 28070
3987 12341
585 27312
2369 23362
11207 16351
8455 25163
17240 17731
19322 26929
1243 6576
6188 16071
10833 12270
12806 24325
1902 14778
1694 3141
5913 28099
8733 9699
3598 18704
11480 25299
5396 25421
11288 26688
21479 22436
7205 13437
1349 13296
2841 10156
1158 12073
824 14103
1097 5505
20633 25349
1622 21462
7833 8723
825 3634
14763 21878
1508 8280
16046 24804
12654 27121
10427 11288
5832 8832
14437 26943
2160 23806
14920 18296
20643 27523
4424 23864
1629 8733
17963 23132
5208 21647
17445 18369
8184 8807
8959 15766
7137 21505
6322 7721
14380 23278
24431 26484
7350 16304
4029 23265
15110 21685
8841 25901
1788 2996
8291 25750
9021 15837
13313 17460
1590 12731
5435 15634
5250 24950
2050 27923
11953 24955
7474 16131
505 22216
17963 25433
9631 20786
396 2246
1097 22841
17305 27030
6130 13252
10760 25270
13238 20616
12965 15659
11559 16791
5989 8787
12688 20944
6927 26858
2152 24158
705 17944
3433 24406
2749 14822
12606 23912
12940 17782
11059 25807
6794 16366
245 11073
10104 16330
25080 27843
22761 23643
4375 7536
14768 27664
3793 5466
24495 24659
3228 27274
1510 7173
4552 26973
19827 20313
9686 11473
9539 26980
25006 27468
805 24491
19783 24157
460 13062
7120 8029
14437 24600
2210 5505
1625 23927
1343 9542
21236 24025
1264 3633
18891 23601
6001 21193
580 23705
19633 20393
6827 25694
16957 17056
271 27108
1575 2526
759 5935
6137 15130
2845 22476
18920 25607
6166 19687
11286 18351
24061 26375
605 23324
2407 18355
14612 17239
2140 24033
16013 26418
15251 18887
16928 20573
3488 9251
13972 17640
7911 20323
14635 24502
12669 27721
4132 6511
941 10837
13789 22403
6220 12043
19533 22897
3689 9613
1770 27837
8579 19140
19270 20597
11164 11504
18465 23629
58 27372
13307 13898
12792 21139
15285 25904
10170 18042
2031 4443
8565 15072
24053 26883
5528 26622
6135 6206
16879 25530
6868 26010
3273 13682
175 8873
10886 26680
22810 24557
9951 25584
4378 26528
4878 4936
15637 21798
10560 27129
1751 9963
2170 14273
8566 19291
4379 18364
14820 26422
6235 25323
12703 20711
21831 23722
672 2412
1015 19576
6238 17232
24914 28195
2734 24617
11627 19771
14998 16901
7498 8708
421 20054
16036 23767
6594 15392
20486 28007
6131 6977
20822 22771
2438 8056
2991 3098
657 9617
5326 21491
6868 10900
2259 12228
4175 17076
16642 21237
15668 23237
6218 25436
24057 27396
704 2105
6833 9012
8410 24555
13686 14464
1993 13764
8801 24406
2827 18848
384 21828
3851 4282
7701 21707
341 7484
17395 19463
13985 16052
1925 9376
11396 27303
9896 24295
16467 26556
8161 14965
16901 25986
967 10080
2717 7957
14969 17568
15628 21569
4597 4749
8766 18353
1944 16513
166 15212
12417 21693
2256 22445
10838 24122
10402 16490
13405 22254
4675 16838
9767 21929
8229 12108
17198 17757
14591 18588
1768 17434
9327 19479
421 693
5707 18625
22191 26438
17493 23463
1959 9194
7873 9683
7390 21618
570 15385
4634 7820
5543 7384
21491 26229
11544 14238
8818 24752
20302 23818
9683 16540
7915 25809
18850 24131
11390 17022
2227 3117
4072 12349
12769 14644
10057 11059
15367 27495
17665 25625
5583 15301
2245 13681
16480 24616
18169 24340
9497 24504
6740 17438
341 26587
5582 19133
14566 25111
5917 16954
5923 15258
14712 24323
21409 26764
21849 22892
14209 23858
12082 14700
17507 21079
7173 11911
19801 20069
8134 23104
2121 17606
8785 24971
6750 21293
4261 22227
12920 23952
5207 18037
705 12205
5145 15507
1322 25161
7952 14916
7725 20694
19275 22319
20694 25263
6017 22845
18861 27725
3953 19871
1657 26343
1068 22110
11073 22883
364 20069
481 16071
4956 18409
7320 11047
6070 14248
9569 23598
7741 27052
941 11282
9356 22378
16852 21194
4424 26077
10042 23848
332 22117
1155 24323
18255 19612
10587 17435
8875 26899
18845 28219
2311 26665
4235 13613
8956 17733
18496 26076
23 26061
21438 23766
1349 24857
10748 22743
15660 22843
10293 19041
6377 26337
302 13289
46 18197
970 12068
505 22925
2689 21129
212 5349
859 17203
7741 19326
175 27630
12576 20036
18114 22255
5989 14807
3634 9536
7390 19203
3624 6801
3647 17071
809 15003
8649 18211
25711 27867
788 4967
11028 26097
424 7956
2357 4343
13820 19650
6348 25679
23265 23626
12257 18679
12366 26050
19482 27766
12600 26924
3004 6348
8150 19089
2000 10493
8736 10598
6001 24326
13186 22784
24395 24643
10114 15108
20162 20664
9253 12689
1306 3733
7053 16184
4867 23709
6858 27856
9117 24405
300 11045
1504 15144
24904 24952
7514 9491
20235 22010
6065 15481
9551 24737
19843 24801
13471 26113
2710 4161
3605 17660
2291 26499
20417 25059
16659 19253
386 17991
10639 15748
8024 18666
18639 25204
3866 24078
5545 21082
11631 26286
1520 7342
3974 19566
396 5937
7135 17769
17532 24731
21323 25879
396 27737
9018 23553
7104 23104
10684 11558
18626 22415
18935 21853
9907 15428
6811 13597
12368 25708
16109 19109
4745 5438
15404 17356
2928 16262
6020 22812
1775 12211
847 22898
850 5751
7013 10858
2505 20971
1819 13945
12826 13900
11747 12402
9631 21111
3154 3733
2341 18009
7027 17992
6886 20036
8506 10436
4720 25397
12651 24448
21565 21732
4094 13922
11809 17743
13316 24955
16939 20565
17442 21270
16253 24855
2418 14033
21737 24543
2227 18048
5009 14127
19188 19977
236 18540
15301 25110
1510 23697
19169 25550
6499 8034
2150 3709
6811 18371
3861 25079
4949 23104
17439 19400
26176 28060
7457 23225
709 22464
2275 17226
12166 27505
3080 21944
2452 16900
16761 17045
19704 26752
8421 27460
3900 27841
7282 16716
9842 25468
820 14648
10617 22799
2530 5728
9819 22642
11254 15825
9148 16987
14402 15275
3867 15894
17165 25182
7885 23944
19909 24947
1000 12403
8734 15065
15088 25329
11239 16589
7589 8695
425 8416
6928 16547
20332 26840
15064 16814
4145 17736
910 7003
9777 24469
5065 16469
20319 25006
10301 19216
21927 23738
2999 17603
10623 17851
113 1263
10693 23734
11559 13093
10372 21815
15550 20906
18430 26410
8212 27168
4537 6177
10893 27005
16588 18492
681 19817
9621 11113
8057 22634
3098 16307
20509 21240
8100 28058
7991 16811
867 22871
2210 6103
8692 14017
812 26676
11559 17307
13597 14803
7902 22666
11989 13328
1 23558
683 7464
1726 12759
942 22616
15323 22819
409 8042
17693 17698
974 16979
1150 8634
13222 27042
22032 27365
401 17779
638 17304
2003 7963
14318 14480
15957 26716
3641 28147
3156 16987
1008 2449
12709 24691
7086 24897
12214 24406
19655 21692
2918 19059
5308 18021
17010 23665
3634 11816
9349 15105
8251 14919
14926 19254
4006 27918
341 9605
11540 20663
11100 28156
11517 23459
5610 7861
25067 27394
11995 27654
3818 20731
15759 22090
8073 11951
11045 16584
3717 17910
8674 23186
21794 25435
7258 9333
8596 12551
4409 23395
6917 27642
12941 28094
8518 21408
11891 12792
2944 21688
1744 16367
1706 25482
11677 19792
8293 15426
12084 18312
3245 12125
5204 12428
1349 17465
10772 20355
3206 26753
6957 25559
2093 13329
16841 23430
14758 27030
4076 4767
8201 9302
11261 13227
5498 11563
6738 7932
13508 21105
14471 20338
13597 26688
1852 2925
12203 27105
18669 25283
8818 21377
7654 9080
1314 11674
865 14345
850 27640
2943 4819
16656 18477
14287 25008
12260 27180
2986 25202
17166 25409
14361 20630
22399 25329
4061 26151
6868 25397
10517 22232
5540 27527
22438 26497
8367 20639
2747 24019
1037 5448
3188 27591
406 27819
12708 21407
23570 23976
15541 17967
1033 21826
8669 26419
8439 24748
1277 10757
1418 15766
8080 27375
8809 26473
7945 22676
6094 13831
17407 23269
2776 4072
379 18755
3167 26827
15260 26565
11428 28162
10326 17716
13230 25284
20424 26189
8261 26670
10714 27945
10701 15397
2170 12397
4708 24589
15053 20481
1899 17760
4782 17898
10646 26018
1613 3779
23868 26773
1075 17555
13131 15128
9633 20475
811 26807
6212 9613
3987 21369
8875 10945
292 20579
9717 22559
20757 23096
7987 20886
15633 15999
7392 12959
2208 7758
5010 19424
14100 23628
3761 14997
16136 16986
18673 19990
261 23197
4825 20605
6848 17383
8855 17207
7736 9441
16276 16845
5087 9327
1771 13325
16823 24820
10582 20646
108 804
8565 9847
22182 24490
11746 12886
2617 17739
19132 24600
10493 17178
13150 24406
3762 25426
7647 12708
12447 23340
6877 20745
18041 27938
8451 24747
4724 7743
17504 24715
19579 24274
4581 22305
10039 17019
5814 24485
8669 19879
2469 22611
4075 19354
18144 21262
11714 17232
15561 16499
5205 9621
22993 23260
1739 2039
11501 19494
175 13565
11056 13278
4719 5984
2874 4072
4737 7348
13246 14728
3792 14452
25177 26879
5571 24500
23738 25563
1353 15751
1000 23194
490 14033
4827 7482
15400 17963
6129 16367
6135 8148
19584 22700
1779 23415
3759 19296
20387 21149
21377 25875
4065 18824
1138 6426
2168 13618
22838 23662
4949 9065
4004 23066
1936 10330
799 4429
5271 7039
3882 15453
1466 10845
14043 17322
18211 20092
14073 21901
9646 25587
16900 22438
23312 24876
1083 27007
350 1925
6994 24904
7386 19753
3381 15321
5068 13924
416 14807
19100 26788
6473 19933
1343 19610
1936 2086
13298 22421
6129 23775
18533 23932
2849 27460
7611 18036
20254 21687
17296 25838
1885 26043
7371 13687
3687 18910
16739 26715
8148 10971
22384 26812
13431 18192
5706 21614
4552 8779
10270 15069
8466 13326
11578 18329
5352 16183
3183 3294
9607 25559
8673 19303
4135 18466
9219 21300
2758 6089
220 11315
21537 22457
11369 25596
19188 21685
12254 17726
9174 25553
1521 14691
12927 22441
7542 22581
3147 21029
8400 19172
12761 18034
31 23549
10012 23588
3804 18704
7543 25063
10075 22352
8969 21654
4580 15162
4614 20959
6320 15355
8802 9543
17126 17561
15175 28013
6641 24980
12860 19192
442 7728
23055 24856
14650 21846
9211 14851
24122 26468
5988 10844
15382 17549
162 26340
18078 21177
5984 23298
14579 18924
6745 12244
1502 16949
11369 19139
2030 19081
359 14533
11140 25530
8766 18926
12090 13169
6148 14106
21857 24061
18211 19566
22464 23771
4650 18206
16276 23361
1415 1449
4952 21341
8478 13152
7584 20665
5952 20655
18046 19960
3585 9742
10326 22620
13554 22607
3098 20328
6222 28008
21443 22058
16642 23978
1604 22471
6246 22392
15751 21707
5465 14530
11443 25454
13823 20621
10560 14657
8906 25644
4168 13952
25327 25754
11893 25175
6830 14782
24599 27005
18313 20685
2321 16222
5984 9905
10842 23053
465 22183
11857 13539
11859 26503
2270 13384
12492 27525
19615 20337
3780 3946
3674 12302
3432 21016
8409 27677
2986 11133
9601 19170
2104 10248
2518 20409
15991 25028
17419 22678
12067 26379
2255 8893
1126 26517
4719 11311
5588 11079
7070 18057
14658 15402
13272 25270
2628 12874
19927 27085
7832 28048
24427 27075
4761 22012
9316 26167
6626 27513
24867 25815
18131 22823
16979 23415
223 20906
9109 24152
4551 18211
6973 21036
20757 26943
11248 28155
6142 8997
3265 17773
1343 19169
3125 20744
20744 25344
21386 26885
4782 16180
9631 17773
912 24495
3273 10493
12479 19459
14649 16231
3006 7942
9526 27196
7397 18876
8782 13733
16957 18336
9620 25932
3059 20645
3101 18421
10487 21798
2170 15985
7502 27569
3816 9356
6282 10328
14545 24095
1509 19068
6832 13282
3634 8924
14662 26024
241 22810
3382 22179
3544 20836
8063 25838
3741 7946
4013 28058
14012 24937
8098 27621
5827 28100
6355 22101
4450 7237
3092 25107
12399 22581
12869 24637
13875 26560
4542 25641
16983 22151
812 12670
1879 24469
878 27771
9751 9884
561 3889
13484 25265
6961 23128
6301 24861
11816 26700
18371 18664
4152 18696
11501 23679
15808 16063
3208 23895
565 6351
7950 8317
7296 17800
1904 5019
13491 17887
8649 24862
1724 15323
16136 23361
4599 7241
11218 25919
2189 9671
24971 27042
8410 27926
18614 20863
19576 22025
10069 20032
21407 23254
3700 17610
12371 25391
21312 21506
7854 28202
3472 12023
5914 14104
10424 17792
19891 21268
2283 19531
4391 17435
1508 6510
13681 27199
1556 17319
1878 21649
10846 11636
9470 24068
5437 22163
13789 24771
9095 11815
15561 26754
2396 2409
11583 20083
14088 19409
17165 19573
12076 23243
5728 21784
5371 25154
2548 8876
9624 26962
5883 19717
14478 25701
406 15695
2085 14296
7929 14743
5805 20929
14479 25906
9913 10873
14079 27585
3374 27373
3585 23701
406 26053
9584 17283
8905 19016
18644 20066
13885 22420
2170 19579
13920 14022
2339 6765
25740 26286
23143 26582
14471 24057
4386 21374
8669 18351
6586 14553
10023 17239
67 22149
11916 12029
18057 25517
18416 26937
16051 22476
14022 22583
4360 14304
10839 11867
5081 10697
9838 25381
19348 23047
6095 27320
12590 24787
14074 17842
2929 7555
3864 5725
3528 10967
3558 26382
592 12780
12689 20485
17364 23377
2997 9959
18676 27061
2831 19278
9084 27361
2986 5389
23459 23825
19204 19546
3191 11205
4561 23703
22880 23086
8511 24248
3167 8157
4593 27402
12793 20616
9543 17851
1745 11235
22425 25287
6097 27176
11784 14903
9699 13564
3788 7414
7483 9206
3636 27571
1876 8606
3872 8364
24485 24953
8190 23526
526 17415
5201 8442
11094 27015
4051 16639
10576 20131
10920 15470
6118 19516
15660 20526
12606 16664
10534 27197
1309 21886
11365 13810
11867 17941
4830 17178
13582 23390
1038 2925
2569 10441
14699 26902
799 27030
8477 24122
2061 22331
14610 17741
86 6560
13909 23074
4812 22416
3721 14130
5288 11078
2120 25918
20527 22292
789 12646
14770 18798
5820 23797
15020 15037
7392 9216
9746 22634
1020 14338
989 5160
14971 20534
1015 2986
15800 22211
8355 21228
12078 25975
8074 19947
21517 24323
556 8831
2002 16311
4951 6488
10242 27279
220 19615
19304 19952
1435 5587
9168 16041
1365 22012
8242 20869
6220 11693
2207 19252
11300 27770
6215 20742
5042 8392
3146 9673
17456 25272
16588 25761
3486 8087
4486 8440
22036 26635
19314 27720
21293 25110
3200 9917
5755 13141
9518 16402
2031 9348
19566 24415
1015 25550
24513 25042
630 7824
15226 19322
14892 25248
20737 25062
12175 13628
4142 28211
599 2420
7808 21929
17279 24237
1004 23624
884 21695
6930 27656
13137 25364
8151 8923
9715 25247
4959 24201
7398 12051
1139 4026
362 17614
1239 24681
23898 24649
4456 21766
12853 21823
7900 20041
4274 14559
22953 25555
6832 26923
19086 27563
10800 25468
3708 5931
13146 24138
5691 18471
3828 13810
12729 18107
21563 22593
644 3257
16656 26665
1360 6646
11262 14257
6165 23914
3670 4732
16550 17963
7610 13193
11809 17019
3807 3989
24105 25272
9346 14028
3257 21784
11987 22227
6459 22333
24326 27842
1632 13847
2412 27340
19655 25214
17916 28099
17020 18463
1090 21831
18 4999
13093 19167
16055 20857
10350 17426
7869 18952
4422 19740
1214 2662
948 7171
5116 12804
10839 13042
14813 15322
16152 27166
9709 17928
17445 28277
3802 10800
2339 23619
17344 18603
11842 19112
5865 18086
2547 10284
2170 3674
20480 27458
15734 20054
3592 10023
248 19536
28 9706
10552 19947
19561 24164
14383 15725
8566 10833
13044 21235
23441 26256
8398 10830
84 24954
6940 24184
10937 26896
17076 23929
15951 19123
19638 19843
8113 19429
24577 27827
586 14233
13892 18740
3551 19775
3197 7442
13487 24969
3059 13954
12258 20041
9614 18245
3482 12590
11112 24872
4808 14866
8673 16010
13820 22916
11756 18649
15376 18950
9683 22094
7186 19709
1284 14795
13545 19562
23781 25563
12677 18021
3985 18044
6727 24996
16192 27042
2180 16398
8469 19863
4248 5023
20860 24374
10225 13741
11618 22393
9496 20775
8959 13098
3634 13904
4118 24169
14141 15642
2410 22544
9523 10890
10807 14905
13299 27900
10529 19106
723 8079
17635 18726
22311 26107
11098 18561
5762 26022
18318 25165
5505 18729
4879 27429
5055 7892
2937 11260
5190 12889
12437 12864
5082 8797
17847 18679
983 18641
21240 27554
9607 17827
2232 13282
5943 20586
7497 25699
1720 9215
512 14534
6911 23227
8500 21853
4004 21755
10298 24005
2186 10532
4457 6924
4031 9260
2835 17741
7353 23206
21077 24628
11271 14140
2389 6764
26177 27681
10228 14700
12665 23800
13970 17727
18236 26089
7195 16094
5440 27598
1015 2435
5710 11875
3652 7350
20947 21991
5041 21084
21149 26695
6887 20291
6994 17530
5648 19546
4101 5262
6588 9038
5313 13662
2369 8281
19982 23392
13054 15323
7591 24053
8407 19934
4844 25337
10532 21491
4142 20162
399 24836
7757 17257
4309 22060
14129 23995
17873 27413
2094 8392
334 16584
7772 14092
218 5121
7390 27271
3734 19276
9144 11098
22278 24138
20504 22436
15321 18537
5371 22557
14589 14997
9252 21111
11499 27506
24 24135
12862 18669
9514 17075
2186 8988
5579 10737
8616 16218
20964 26419
1379 8378
5458 15216
8954 20904
11749 27575
3410 13559
8138 17303
3146 25700
10483 24357
24122 26340
5587 26503
12156 18208
6655 18069
8932 27243
3892 21770
4328 23354
1141 18252
7702 8817
18304 19598
11039 21849
16139 21671
12878 12945
7900 16487
15174 17782
1467 25329
13472 13551
2368 9968
20299 21157
2154 27887
4845 16603
17377 21328
9314 27566
16623 26704
3746 24548
3280 12633
12289 21726
10532 21797
15578 22276
16150 19857
5108 25886
4232 4296
25270 27034
9989 24671
21359 24445
11880 20667
20479 24384
17916 21737
21763 27527
7380 26500
22789 23092
9371 16000
711 4489
8695 14358
6843 10842
8285 27932
7624 12234
6390 23829
6164 10326
13671 20904
6581 8217
3661 20226
1344 25622
19966 26578
4439 25583
1178 5070
21213 28195
2423 22306
10442 20434
12451 22954
8825 11113
1755 21260
6794 14095
1936 5574
13473 17422
19445 23885
4498 11746
9043 11790
22321 27640
5794 7083
13970 16901
6257 7005
3122 21380
14233 17847
25617 27271
5989 18216
2612 26853
15883 22481
19813 27660
16511 25682
8869 17586
342 11076
9432 13977
6771 23348
2834 16357
8966 23178
12428 18591
18923 19153
2708 14954
13472 24255
3680 23831
10450 24816
2228 16238
11025 19105
25299 25608
10443 23061
3734 3892
13888 25214
10945 20166
7166 8437
11366 25658
4775 13195
8001 26476
8198 15561
1713 14412
14509 21419
5556 25270
6857 9717
19531 27054
7124 15201
4205 13392
4081 8833
1052 20196
25197 26587
8223 26495
11198 11836
4151 4269
10614 22686
13364 20265
19460 24861
18725 23818
7648 21431
10197 23467
20504 26753
90 25559
9816 15334
1893 11471
1141 22764
12256 20758
3313 9354
9837 24928
22323 23459
2460 22326
12780 21431
18597 18885
12210 23147
21070 21600
16500 26947
15341 21577
2882 9095
10121 16759
1502 17636
1004 4326
5728 6422
10582 24566
7679 26217
2874 2888
5371 18985
9252 26266
5719 14035
8924 24872
10425 16001
2427 19801
17348 27464
16940 22771
620 6940
2124 22784
4003 4076
3585 9355
2022 25357
396 8057
2671 25251
495 12472
926 14657
11169 16569
3907 5691
1878 12762
2617 17782
17361 25433
2027 4175
20498 20504
17695 23978
3592 22663
609 794
8148 18814
7154 27294
1595 4974
12178 22416
23711 24145
18232 20888
1571 7795
8835 27554
10222 26340
12234 21610
11783 16102
5866 18328
2005 23916
5387 9127
3501 16922
2012 8005
2061 7698
494 28193
833 13517
7847 15410
17686 23657
656 10794
13564 15839
7935 7997
3032 21095
12667 26750
9178 18540
17 20013
3733 13362
3912 8938
7835 16334
11463 26113
3734 7582
9967 23267
7477 10935
1477 8707
1776 22587
22848 24303
7352 14954
10309 18736
6936 9153
11931 18422
4087 9995
7987 11997
14843 27927
630 11115
3086 9574
7698 8251
6182 12362
16276 24127
5775 11746
4315 15590
7152 16094
1719 14534
1755 26998
11134 20947
16401 19294
18527 21231
20235 28026
234 1878
5597 16883
8391 17408
8361 9398
1319 21115
4032 16152
3156 5205
17792 24121
7168 7492
1688 4999
4256 9226
2754 20315
1148 22846
8034 23518
3484 22441
7206 23061
272 14039
15756 20017
3051 14939
8802 21207
3789 23848
6505 11784
7994 8639
13896 16559
5 8596
1613 13841
18283 24369
565 14299
849 24056
18280 24127
2259 25106
805 15713
12792 20786
15027 26027
7033 8631
1223 21079
7524 22454
630 8710
718 11795
12369 20069
6126 14657
7374 17791
9631 21688
5397 23798
18466 26182
5690 7963
1902 2185
7982 20758
6094 18669
714 5615
15088 17446
1226 23254
18704 19479
7471 18516
11612 26829
1254 21929
4624 7935
7774 27005
10340 14555
6198 9187
3401 12656
10023 12193
8816 17423
1238 19448
12056 27016
4010 6749
277 13220
797 16372
18430 25442
15377 22925
13373 15603
7411 20615
11610 15343
10846 20196
19945 20159
7579 13697
5351 14666
4073 8690
3183 15900
400 4207
5635 21436
7627 11020
1164 22894
10393 12708
7595 14050
6785 7119
8264 27232
5531 17120
6936 21835
1945 14153
15014 16874
12604 17955
875 27522
5618 24746
10787 12964
1900 3562
7737 26501
7902 27744
18379 27184
2105 18520
24340 25799
5680 24752
8155 17214
1643 23763
2102 13058
4332 15508
7031 17244
406 9361
10631 16767
2293 16004
1390 9078
13710 17606
2646 3695
2604 23344
15689 17166
6960 12307
7757 22895
17510 25838
1405 14398
5694 7115
4754 8950
3698 8816
10990 16429
1652 15873
17761 22905
211 17141
8276 23045
825 20196
23178 24974
12988 19829
1622 12565
5082 22218
18832 28099
8863 17867
8414 26078
180 18216
8773 17114
21154 21564
11690 17142
1417 12261
13985 24195
4205 8931
23788 24103
3987 19857
2413 4489
12020 19275
13494 23615
5013 20158
842 15731
14971 18669
867 19281
12090 17676
10998 21779
20909 24681
1740 2362
12125 17029
4967 13832
12832 26167
15019 20367
1714 14974
5774 6680
973 10216
12376 18256
5558 10484
7610 24098
9746 14178
8841 21798
9648 22079
4581 5171
17209 20865
10974 20355
1063 11697
14178 19668
967 16311
8708 27563
7785 9012
8434 20091
6374 6778
21409 27052
3963 23836
16770 19776
15164 24218
7523 24061
2750 27634
13918 18543
7581 11128
11275 13308
21776 25232
17319 18581
14254 25347
4570 20973
16425 17035
24298 27853
10218 28049
8062 27536
23845 25494
6377 7097
14090 27162
21011 24196
12781 21385
2031 9658
13987 15365
10799 16642
5878 10943
1661 14489
7059 8924
2955 5082
9010 16328
8455 24144
5344 16362
2692 6865
814 18371
12615 20688
3098 6166
19791 24338
11692 13193
17214 23454
11576 22549
9089 13232
5883 12026
10054 20115
20590 25975
22791 24130
9194 19028
6562 16539
21480 25403
1360 8611
6966 26717
19625 26838
13754 24042
2832 27821
13541 20822
1575 19567
11256 22861
11133 24873
428 28174
5923 21438
10839 24616
12020 21423
14843 22511
1468 11826
15069 24177
1314 12468
15882 24061
9393 14489
7018 23692
20625 22008
8750 18784
1240 6766
18704 18955
850 20170
1605 26571
2186 3730
4721 16045
24415 27746
5613 26880
8463 25557
758 2929
3146 15937
16584 21407
10747 14136
10446 11746
18262 20038
9055 9065
11982 24819
2609 9933
9865 17404
11082 13422
8352 24047
806 9236
2520 18592
20408 24729
7826 20187
1107 9047
7229 23403
6228 26663
4749 15791
11281 21079
14942 27983
14033 18366
11825 12055
4183 20579
14326 24836
16367 23807
4732 23286
1936 28263
3708 11295
11488 18014
14991 25762
2796 24836
19280 21147
11819 13181
6501 25657
8639 10772
22467 23264
3401 17509
10224 26740
13752 20197
12035 21320
2530 14369
7390 11447
16700 17071
6042 8277
13519 24076
24219 25086
1762 13070
12052 28156
16893 25017
14242 23762
4075 21849
3874 24354
6042 16906
6155 18481
18773 21831
26612 26990
16286 23320
11969 16460
5996 14355
3136 7879
3719 15822
21048 22779
18615 25139
1621 18823
4255 28194
154 24274
6180 27221
5082 6972
18343 23281
2093 24968
1775 11073
1628 19228
5091 19494
2470 24403
25008 27423
43 1321
7247 14844
12066 19314
16025 25910
6932 9168
8785 20258
6746 10245
22954 23929
13534 21158
20288 26546
4512 27607
1908 24513
3041 9833
18876 22461
17823 26053
2197 19052
4291 5236
2124 11494
6818 25781
7360 12091
13810 24637
15376 27867
17832 19637
5930 18413
1014 18324
12134 18565
11335 27720
15365 21616
4646 15180
2087 10747
16781 17118
13431 20570
787 18955
8797 19460
1456 8764
2708 17509
16325 18910
18955 19267
14072 27341
7361 8075
15874 18462
4108 4853
2865 24160
11262 17103
261 9055
2746 18181
1187 8455
16976 20394
1474 4221
10125 27693
12539 20260
27224 27969
17211 19008
5900 9699
17457 22255
8162 18822
6931 10971
4526 7420
8411 25401
9708 19596
11319 28195
1411 23314
12415 12626
8924 17782
1574 22115
22546 23585
8665 13024
18860 28041
16035 26608
10303 24138
8621 15268
11331 17020
9805 17692
1761 20355
1186 15551
369 14129
14127 17338
11722 19719
5989 14672
5926 27513
770 25327
8406 23610
16815 18044
4471 27777
8730 25892
6077 26457
3192 17782
16202 21403
13108 25260
359 568
739 26753
1421 20479
341 16878
11076 18099
9521 17049
14232 22799
3267 4523
12031 23082
5987 10361
481 4974
3493 5243
3930 14200
16429 28033
13358 19741
15493 24565
7365 9255
18849 26100
7907 8750
13376 22724
26753 27758
22017 26878
906 14033
3390 17819
4802 24615
16547 17649
19276 19729
1767 24313
13762 20222
23733 24589
14575 23284
3389 14464
13670 18957
6958 9759
638 16475
4679 18963
10114 17819
13477 24299
73 5832
13174 22648
20758 25299
5267 18369
6881 15955
10708 21607
4043 8097
11258 24410
10935 20387
5554 8886
25421 27164
15588 16583
509 6753
11594 19034
11945 27612
10990 25930
11079 17274
17409 22581
7551 21766
20880 25329
4548 8317
17593 20550
10393 12218
8075 27495
558 16999
378 8806
18225 25503
22865 28207
15330 23408
6050 25971
9873 14104
15470 22159
24971 26497
812 27464
16582 23143
1575 19275
5845 18580
2104 16402
2971 24512
13354 25200
920 11992
805 11826
1138 27042
1878 21097
983 11475
3442 20815
8424 18317
21026 28039
1732 26573
1840 24918
8063 15231
13757 21449
2129 16608
1032 7987
12474 25265
5033 23670
2778 16102
7889 12723
24317 25048
2304 26159
942 23560
19254 22334
1853 7958
15918 16362
400 20136
25904 27719
22058 24842
7437 12341
5228 16658
15855 20078
9211 25161
15429 26313
19171 25432
26848 28048
1361 28028
14876 20257
1613 25294
4818 23455
8434 21812
2556 19342
1379 5976
8128 18296
8413 20743
12479 26026
7134 28086
3848 4930
3234 18408
10033 23082
9524 19317
322 23474
1335 15257
10102 20166
602 1401
11931 20985
1767 20162
734 15216
5787 7290
8924 11282
11537 15622
9723 18267
12313 16145
4837 13534
5669 7111
1817 18442
10662 24360
10309 16428
640 18791
15094 25754
6601 7743
11634 18704
6966 17157
21636 27171
6385 27548
25839 26957
10121 20166
6454 21725
5609 18626
569 21398
1867 12219
3605 4072
1028 20384
7707 16763
7387 18266
4755 15845
2447 11483
2744 27875
731 13264
22012 27247
16856 18061
12341 21257
9059 26704
6432 18100
3072 13914
4758 19617
16979 22621
18280 20477
5440 25035
16311 23143
13384 16656
3736 21050
20179 21327
19445 23426
3257 13556
19818 28063
19712 24886
1066 11997
15282 25833
1926 26841
5458 15950
9888 19139
8416 16626
5904 10924
18037 21098
20758 25732
9683 23963
13187 26153
3273 24576
15022 28147
5745 7486
23788 27170
16829 22466
4849 26439
903 1042
4703 24263
17398 17963
3380 19203
8689 26416
2076 14050
1338 17753
7885 19409
7360 12565
15734 18760
5680 17214
2849 18269
12874 18409
22035 24999
781 20210
14251 19033
4830 12016
17921 22830
24576 27514
9424 25232
17612 21166
9053 15893
19417 24397
14569 20503
16406 20179
9463 21436
5 4081
22817 27217
5791 8251
5397 9464
6257 6629
11729 11988
5070 24681
3656 17526
8250 27968
11920 16922
8364 18150
2682 15529
3565 11211
20500 22283
7196 17513
15673 24415
18502 26668
1015 21094
10248 24745
9522 13275
5893 16959
17847 22040
13623 21269
2104 16329
4216 21788
15928 20503
15047 25901
15441 19132
5227 16504
15874 21472
4301 8090
16318 19000
2858 13112
13042 24999
23143 25547
7843 23798
10166 21254
24715 25972
5095 19411
554 12361
8315 9286
5598 13238
4649 27296
5904 12493
262 2721
568 19940
19721 23785
20406 22813
9811 27652
18959 22779
2506 20887
4850 12331
6633 6668
18784 22821
15561 24745
18521 26095
18672 27920
5907 20054
3757 26053
3272 7645
15360 26936
5435 25329
5139 5731
403 13309
4771 14080
5734 8463
688 28127
16040 17717
15190 19385
1034 5161
18673 22469
12805 22544
5359 7104
1 23544
8813 27111
10405 25977
1182 2303
2432 21207
14048 22968
6370 24576
11796 27007
10531 15899
8958 20557
13522 19091
13277 22240
7489 17194
11568 14942
6843 10670
1505 11222
13823 13856
17074 20069
19449 23427
11692 13282
6449 18541
10182 18051
396 19041
3634 10407
4742 18437
11029 18037
5146 7727
16233 18221
11432 22593
1975 10622
11629 16564
13152 26303
19992 23329
1116 5252
4742 17767
7492 11295
9870 16087
7234 11148
11041 21673
1421 3293
7820 9134
10920 25759
25428 27031
4612 19933
7107 9047
24752 26659
4823 11637
12052 19670
11697 19904
5117 25174
8085 9535
7682 10350
20314 24232
22309 25626
2023 8969
11565 18627
24513 28006
1502 14481
8368 11667
8705 14923
20387 23997
8891 26168
4586 4768
18057 26004
4711 8025
7846 11064
16186 18520
3810 25343
13472 20411
18043 26858
9072 18236
1979 9524
1036 27447
11181 17131
20988 26815
17487 26851
3410 9404
9670 20173
18007 23458
7409 10434
8920 18379
3318 17098
16957 18369
14469 14671
2344 15020
8441 15511
1852 8467
2061 13282
1799 14942
5505 21326
1713 2583
13661 24588
4806 17722
11322 24716
8506 21211
17777 27780
1816 2602
8202 9881
1553 12675
12971 17115
1996 23937
5485 12432
11119 14282
23628 27229
4689 11997
944 24753
10929 24344
10970 16773
1465 10270
5651 8923
20445 22150
10444 18533
12865 14991
13331 20267
3300 8470
2455 8520
22387 25666
11799 16088
21148 21535
10227 22747
1795 19566
41 21886
15875 22641
3902 24663
4592 19386
2976 10312
5516 20747
9459 25013
6214 9224
13038 23295
17489 27819
14462 16220
14118 19061
11997 24831
15163 28175
20715 26948
4493 18173
987 22784
604 8283
5492 15518
10489 11132
339 4532
100 25306
7008 15251
7741 18824
4218 6009
2802 8581
9966 25236
1727 21079
26113 28049
12236 15257
2480 27397
1104 4253
18463 24965
13488 19616
14938 21938
9313 9717
2569 4108
7523 19289
853 18805
8722 11059
3296 23653
8451 14133
3825 5267
10624 20169
5144 24053
21390 25035
13597 22792
2156 2815
860 14805
6737 16481
10338 26178
15108 27715
14233 15063
1304 21353
5984 6595
13344 25276
2518 22553
27368 28009
20333 24846
10600 18465
11565 21351
5288 14242
295 16503
20724 20758
1173 4504
6198 13121
2405 12450
14556 22202
8833 13225
396 22216
750 5731
1924 9891
5943 25277
7004 23352
10090 16815
21127 28140
24438 26283
188 26113
7464 20487
867 6203
11011 19064
580 26147
1859 4254
8304 18820
896 10587
1871 20545
9380 14260
5130 7358
711 9621
894 11552
396 14266
14465 15123
4012 18472
5956 27051
11165 11953
7205 18591
5301 17823
16065 16447
11273 25550
13852 17479
288 3654
8096 24854
23540 25157
2929 14464
19169 19348
18347 19271
6195 15749
4642 14557
7107 23935
3719 15553
5716 26753
4715 18720
12228 24061
7627 23809
1032 15855
6914 25684
3282 24136
3056 15009
12646 25344
11080 23932
5042 6120
10490 25096
18678 24104
23677 24503
10496 26753
1421 10146
6409 11233
3955 16744
25421 27987
13302 19652
16884 27316
16542 21793
3175 4756
2474 18423
1356 21636
2818 7910
20442 21955
11450 16887
1036 5371
14179 21639
5850 23875
19329 19331
5084 17541
2966 6885
1083 23210
10647 27086
5461 23188
1181 26671
13686 17284
20737 27313
3162 11315
9150 16197
11094 16362
8615 13252
9704 17804
8088 19678
4597 12779
13619 18626
4297 7923
3698 18539
16289 16386
18379 21682
3121 9654
9865 25562
1031 8605
11407 11763
18303 23245
16694 20503
10982 25468
6871 12077
19410 21945
4612 11943
11692 14748
564 25765
10581 26615
7854 20099
12397 21683
240 4642
11750 18556
4413 10646
2330 8766
8081 20857
3154 12506
8329 26043
8291 12531
2382 25066
17491 22012
7926 23807
24244 26568
25008 25167
18259 21790
4109 17782
24551 26882
5949 12016
6517 13175
7900 15089
19941 22575
9076 23159
837 5195
19570 23454
543 25838
5827 7288
9226 11811
1144 7362
5620 8939
8990 16905
10127 25204
10971 26077
9836 24491
7007 9791
5734 10294
8689 26957
13373 16812
24601 27279
314 4498
6633 15201
1156 17580
15363 27761
12001 12603
12724 26643
7695 20687
23252 24555
10844 11552
3319 14379
1349 5659
15257 17232
8817 21118
65 10830
18781 25021
15637 22066
1823 3140
14257 25127
7324 21207
1141 27151
11748 25159
632 24543
1835 3286
17830 21252
9660 11953
675 8684
20434 28009
4866 13937
4191 25344
527 12847
1818 15048
1849 2870
9358 23799
10985 14340
18018 19494
14170 23783
26157 27220
7987 24373
4849 26663
7201 11295
19952 22871
2852 14560
13209 26774
11891 18735
20441 21680
12194 17513
693 16349
396 9534
16976 26872
14462 26795
1771 20172
10678 15032
319 14835
4404 14604
15449 22468
7600 22046
7950 12356
4870 5722
4489 6222
1106 7975
13563 19546
923 28203
13973 26469
18797 20884
4199 25412
991 7743
1893 18599
6633 18679
1142 13980
10749 16953
24092 25996
4172 26578
2709 23064
17214 17530
2232 22135
22269 23210
8904 25828
18358 23420
21456 21945
7685 8493
18185 25564
8882 10612
18115 23286
1931 26344
11483 14766
8770 18083
2462 23461
11295 18059
13272 23963
4269 20953
17348 27876
4017 10869
20197 22334
10153 16272
847 21981
1786 14500
19968 27501
24131 27353
9333 26010
14604 20833
1553 2031
7301 22955
10729 27117
20931 27129
6962 16328
3090 3542
3045 8817
13891 14681
10462 18128
19496 21149
16684 23170
16770 24583
6486 25140
173 9258
20320 25625
1411 4227
8751 22379
11077 23119
6108 27898
10741 18727
10303 14809
23090 24440
19548 22168
16969 20944
14865 27872
14464 25229
387 6166
1104 2551
19670 23866
3186 10020
17334 25699
10242 26869
596 15346
9442 10961
14534 16668
16901 23809
10449 10792
14198 19641
19539 20878
2294 5230
12884 22433
4549 19371
10523 11681
12635 20814
17718 23772
33 27821
10132 25750
14627 24574
4967 13193
7312 16094
6883 23455
6126 7975
19242 21849
6885 26438
8946 22885
8274 25035
11251 21326
5609 20558
7124 8846
9631 22787
4306 4506
1066 2847
20258 20860
3726 13186
6569 7443
16112 16624
6458 18273
11630 22120
13943 20254
14612 25278
11047 27101
20211 23073
26157 27204
1915 3059
5522 21766
7157 26098
7630 25433
11039 24095
20376 23133
3953 7896
8575 19941
14896 18174
15008 28188
4045 12231
9465 22271
16799 22832
4142 18185
5327 22471
9395 16948
3881 5371
20491 28263
17394 27420
5510 19140
12361 18435
13244 25438
15055 18908
4026 23902
21147 27360
14402 18760
24928 28158
703 24906
27821 27973
253 24965
17438 21734
2522 9634
5680 19601
17651 22714
4558 18669
5115 12538
17906 23193
15716 24301
11030 13282
10309 15092
722 12223
16452 18249
10625 27662
14208 17067
26092 27743
15793 28096
25163 26150
5342 20733
2514 24328
11094 23921
14010 21438
14771 17763
14968 19037
10487 12056
22436 26753
3002 17919
14539 25928
406 17874
2127 4253
14012 20417
14916 21773
4690 22399
16335 20726
688 12118
4041 26108
229 22225
256 8410
1050 10383
6308 6393
15840 20245
22046 23298
16890 20582
12363 18002
19793 24935
5183 19171
2227 3338
12262 19735
1613 24928
16436 25453
18219 18704
7768 20515
3850 27218
10321 24362
17782 18097
4138 5366
1067 7461
6800 9012
4512 18558
8737 17776
24854 26541
2937 9429
10160 27195
5066 20749
4185 8106
3910 11492
22670 23628
15870 18015
1605 16099
20775 22981
24795 27563
1173 2336
7668 24659
10309 21766
13285 24999
6622 9598
4695 23640
6313 17499
13686 13809
18334 27837
4919 16430
14953 25999
19450 26089
11571 20081
12579 26069
3441 27335
8734 16297
22547 28205
6573 18761
5978 15105
11235 15652
5160 15558
7945 13161
9193 21637
6517 19019
22858 24248
4123 9989
8730 8989
2437 20230
3452 4038
1228 19500
24419 26811
9058 24576
16888 26176
13548 26337
2701 3738
2623 6197
2191 6913
22791 26641
2254 5400
5093 13673
15505 16184
92 12397
13024 26552
4784 16742
7384 24575
11047 13520
546 20854
6457 12548
1851 9734
5055 6533
7984 27257
7491 27937
15013 25552
5212 27374
16289 24104
13192 20146
19972 20370
19398 25156
24470 26943
11733 25618
21493 25414
21715 23159
1239 1399
12152 25225
501 21768
1027 3947
16040 24062
4719 8290
84 19701
6868 18667
25468 27013
6168 17542
9572 18567
8044 17896
2509 19651
24228 24977
7927 23762
3500 7041
9281 16964
7205 12927
220 7360
1223 13091
4009 18356
6889 14690
9417 16272
10741 20286
790 26735
10578 16762
6707 7528
763 20875
4263 6960
1604 19712
14606 23761
862 19660
4518 7550
18486 23566
7482 9063
21731 26161
388 18973
5620 27404
129 14206
964 21955
16682 22819
7707 17067
12532 17975
12785 19567
2031 13031
72 28211
16032 18843
19574 22769
6807 8223
11746 22627
14914 15121
17698 26099
23379 24069
3279 24955
10209 25786
1609 6495
14742 14942
1239 21113
10675 20016
16582 21471
15263 22512
3997 7205
7176 16276
20340 25215
722 11366
10466 25983
1860 26690
4422 17721
5607 17181
7285 10926
25638 26746
175 26290
3907 16121
2533 4123
17525 23767
14500 20610
1748 16108
8787 16267
10012 17864
4328 16087
2310 9717
14957 20643
10080 13091
4211 19670
5994 15639
2542 27016
23920 27131
13411 23261
245 18927
20162 20480
18997 27918
19604 25712
2727 23748
10344 20719
229 1470
12244 17219
4571 16267
3872 17543
15300 23918
4886 13926
18573 25437
18735 25917
5686 23420
2435 21353
12667 12847
14364 15639
4979 20123
2324 16496
8456 27129
16288 17310
12639 22415
1297 11102
2556 9864
14543 17692
16642 22882
14241 16940
7828 25803
970 1517
14438 14998
4828 6972
19584 19964
23619 23822
6771 17354
1944 9767
11806 16711
2497 15540
3201 5983
1858 22716
8924 24042
1106 3356
8586 25676
18310 22520
13424 16914
641 11080
10023 10328
7223 26798
22783 25121
14923 18128
7858 15565
13831 17963
13906 22644
5485 12495
5170 20893
8692 15712
5874 9961
18033 23312
1669 11113
2105 10027
12236 20572
7928 9931
7550 7598
4168 8291
4136 25445
12924 20747
574 8672
15311 24636
19062 23463
10569 23272
1602 8856
3187 25138
2075 19535
5818 7625
18136 25494
5839 16939
4076 21374
3052 3300
22546 22696
32 10456
4967 7205
7350 14445
16334 27582
20327 22267
12755 24697
18761 22860
12341 21886
14631 20199
27428 28275
3488 26372
224 726
26445 26685
12428 23499
5877 17098
12397 24643
19068 27785
22833 27329
6372 24884
1888 17773
12652 20028
2532 20338
8284 15774
8479 9483
9942 14484
5613 17536
9043 23182
6458 17785
4392 7129
7392 7621
15373 24008
7987 21438
581 19154
5883 19601
16544 21052
17224 21033
18575 20956
4954 5084
6791 23832
17303 17636
6161 21886
1782 24049
1950 17711
6533 19857
11290 23295
4751 12092
17518 27731
3618 28172
8972 22750
6578 10483
17636 19982
3790 24096
3371 17585
598 4099
2232 24922
353 485
14777 24951
1622 15141
2227 15633
6842 25666
867 14364
16905 19781
6770 14953
8253 21831
4672 25617
1970 24371
21154 27292
7075 23679
4711 11661
1415 14696
1860 27530
18137 19025
22550 23352
11741 12965
10273 18522
6098 24047
782 15283
4413 21573
12052 13110
18414 21831
13892 26665
17584 23951
6738 20635
21496 22585
6857 16717
7885 19348
6940 22954
4731 12207
3172 20586
1466 13059
6118 12614
582 18761
8285 23318
7791 8156
17253 26444
10270 14997
7382 10821
9717 28122
13046 23454
4005 12439
3324 18904
3286 18715
10197 14477
3592 19995
3391 21634
3046 20238
9386 17782
1465 15155
3638 17671
11261 21939
22318 24864
1162 22167
554 27676
5 14947
4041 5289
5599 19368
18706 20713
17450 27386
23278 23472
2922 24180
4334 9279
19723 28044
2856 5226
16157 17730
1041 25164
7921 24806
6377 7760
11369 23015
7410 12956
2389 3162
22790 23347
5540 15619
21955 24393
8372 27418
7648 7879
962 8929
18128 23437
140 20956
1697 8113
17675 24586
13484 16281
805 4043
16955 18369
5589 5805
2039 4427
12204 16628
1970 17133
22987 26044
14731 19830
7802 18406
16553 26016
1292 25829
7877 12287
8772 13220
6295 14863
4787 20890
485 14024
11640 17202
2508 16803
5166 25080
10502 11817
14933 25953
4237 22985
24573 28041
18471 22829
3981 25302
4367 21146
16928 21215
9591 16322
10791 16766
11396 13437
8131 25302
5636 21178
9524 22365
9413 17364
2489 23785
2022 25090
7658 24502
7089 8906
18219 23922
7750 21712
20324 27316
1947 5864
2648 4102
15316 17214
11614 14255
7297 23912
9716 25847
12205 18669
5832 9688
9103 25559
21443 27598
11201 26943
17733 19938
6529 27485
19960 26824
11438 24224
2031 22445
3665 16477
19459 25003
4016 6072
16240 23696
11149 24563
9185 17917
22227 27040
2974 16226
10391 16806
5543 25039
12899 28273
9524 20504
10411 26186
14650 15695
10393 15619
16092 16613
1626 24299
6219 14971
12076 28203
7861 22344
10956 20664
3733 7707
3638 19758
86 20480
1797 25435
7350 18669
11059 19711
20758 22605
753 26199
9479 11395
6792 7318
17941 27356
18629 21552
1438 15239
4965 10214
9246 15844
8180 9572
20643 21084
8287 13616
7772 22993
9351 15762
3409 9522
12565 20953
11263 27280
2220 18991
21011 26508
17909 21881
3768 5989
14606 25321
22607 25790
24589 26446
1607 24248
22340 25130
7496 21921
1817 25536
15187 26539
3940 19657
1180 2894
4076 13663
1604 26413
2000 7283
1875 7169
9884 14433
6461 14758
359 11626
24073 25055
7069 27743
8112 12811
14438 24351
5486 25212
5275 22869
1511 1850
3326 24065
5665 17311
6482 7341
13935 21436
6509 27669
9552 16339
18608 23921
5740 9396
24862 26536
11124 19095
18630 27262
9067 22886
13780 15442
3779 5332
638 17560
15819 19820
2869 20417
18919 19461
10652 20424
17999 27936
955 5691
20643 25019
7307 27758
4386 11507
16362 26154
2716 22966
9495 10309
9020 18958
18871 23246
3137 18106
17418 21490
11784 12700
14433 24521
1672 9243
4581 4710
7 22775
16914 28108
22130 27974
9080 14838
3321 19966
8454 20069
7571 16779
9074 27080
3889 11913
695 27328
563 21839
449 3638
14686 23237
15550 19733
11340 12209
17903 21573
1878 27922
13764 19325
5574 6294
873 6911
4639 15330
9909 26076
15302 27222
21887 24687
5913 12459
1 12734
822 10393
6293 6987
11240 13139
12363 27811
14066 24855
1669 8676
202 16439
10756 17115
2340 22344
10039 19216
976 2872
18901 24492
1050 6938
7950 19155
2739 3651
5699 25693
12352 15085
5583 27423
4429 19523
4218 17331
4767 17166
19536 21963
10210 21351
11930 18226
22203 27112
2132 18315
242 25699
16113 16610
6244 12002
712 21180
3472 8999
20224 26142
5916 17028
23197 25759
4340 4984
12603 22900
3228 10023
12711 20950
18389 22983
3892 19200
9813 12103
11692 13564
7282 13166
11354 15377
3503 17254
2936 15404
13005 26539
1342 3648
13126 27801
1622 21798
20491 22104
2481 11420
14076 16351
4581 19111
7948 22814
13875 14550
18984 23466
24330 28008
240 21503
8620 26148
6882 11531
1475 13047
12409 24358
3489 8172
6106 6549
2385 8835
16552 27178
4291 25658
1023 24538
8926 9537
1915 20599
9601 27068
7896 24153
17729 25887
249 2421
2800 10341
9561 19604
16640 26069
19502 27042
6232 28209
4123 25160
4630 15866
5715 27988
4423 8541
4323 19712
23260 26704
6996 26704
6034 11964
12794 23574
6624 9094
2526 18934
1672 4990
843 3238
1060 6525
21646 23272
3337 28056
7452 10415
11296 12451
12526 19337
14991 15367
5219 16276
9780 13186
6698 14106
2177 11133
3806 9132
757 22667
867 20021
18280 20313
396 26034
3204 8135
10747 14010
10421 11931
5270 23939
21715 25204
18265 22688
7523 16582
4984 16036
13579 24543
16582 21104
17505 23437
11030 25759
2206 25039
20714 21162
11252 18354
3589 9065
711 6222
187 4051
588 13646
15553 20347
4782 18415
5100 8308
16640 22448
24556 26527
4382 9575
13115 17273
20064 25028
21641 24876
2311 17568
606 25966
10897 28166
10071 17129
911 23722
14106 26253
8982 9348
810 7015
452 17818
5096 7707
12090 12244
11092 27308
9837 12134
13233 27102
3110 6569
18521 28055
15884 19269
7358 26417
9385 15730
9024 18202
12900 25524
824 6578
201 20899
20204 27920
10119 12708
1936 23738
8816 16713
5933 25692
4642 25904
6965 20420
7332 20782
6543 17471
17686 27553
8014 9630
804 6104
9590 23696
9558 16884
14697 22480
1484 8775
2002 24876
9204 18996
6142 19326
12835 16180
2387 16334
1379 5384
10935 17507
8732 12492
17763 22160
10270 13744
60 23309
1058 1137
17420 21210
2049 4636
1353 5161
16026 25121
15790 16272
12881 24069
22998 25947
3390 15047
21638 24221
11575 24504
4340 7484
20610 25738
5595 14050
2387 20657
8634 11609
9733 27059
5984 11444
15930 18982
9782 21205
3978 23534
2981 13843
6489 28157
338 27957
8434 26773
18520 20935
3620 25268
15310 21880
2635 17527
5565 8252
14429 22587
4624 21189
932 8586
19548 20032
12957 18669
14899 26286
13093 18745
2447 3129
24083 26106
876 18270
10075 16947
1878 25303
2245 13980
5989 27221
11809 18775
27543 28234
10286 22404
5692 26481
5353 22338
18411 20195
7401 23111
4996 5043
6513 10085
24139 27949
24290 26567
9822 27041
8717 11629
15863 16055
523 13115
16217 20909
14666 18724
24903 25829
7255 20946
12090 12651
6261 11629
18959 26056
4761 20904
20687 24530
2555 3550
6758 26052
8924 10990
2526 19567
2769 26077
25367 25632
972 20350
2667 27513
9623 13982
17650 24659
292 11942
7810 26635
24029 28088
17425 27942
14830 23674
12363 17257
2929 24904
7195 7626
14680 20401
11651 25758
9044 24289
4967 18521
79 1519
7642 19230
5121 19343
349 8961
1970 3162
6518 7835
9185 19787
10033 11181
14783 18425
9370 10308
8437 24969
1487 9989
1106 3944
15637 23246
9449 27131
4677 18630
5728 28095
6968 17725
9252 12792
3038 18921
10674 12346
25272 27508
337 5150
14254 16584
12924 27074
14549 23352
17121 21078
14438 25247
2110 2986
1867 2232
3186 7984
24195 24507
15439 15717
14352 21345
6876 21787
3041 7094
9271 20494
4328 10119
1949 12431
2815 4574
2364 20092
3954 17094
1180 6994
19424 19744
7820 10242
1510 1705
12692 27279
5338 26087
9717 22733
9423 17419
14268 23930
24965 28099
15839 15985
9487 22768
15077 25163
2985 17735
3463 8384
673 10981
16794 28257
2767 20657
4110 12437
14969 27902
3828 18790
11207 26601
1349 27949
26765 28237
1920 27617
6422 19191
14941 22476
1105 20661
16624 19898
11292 20611
3545 7099
10830 15271
16922 18615
5724 22020
15271 20424
1672 17273
20130 27841
1281 27011
1833 22292
15047 18280
5776 7224
15505 23422
14728 20956
6309 20224
23286 27184
5371 20552
10646 22630
12092 28155
2591 2798
7073 19075
10830 25083
15045 16131
10701 18615
9424 27718
11390 20409
12479 17717
4033 4990
23 17730
2826 9986
23428 26126
7213 12851
6729 16428
6929 16576
3731 14888
3292 7626
9881 10420
17018 26980
20184 21987
2274 11993
6794 13536
8669 25421
11540 14563
6220 10751
7473 16686
18128 25699
9776 16208
22192 24444
1676 14961
17482 23143
4693 27387
425 11444
1069 23972
5964 19035
12793 14196
23459 25096
12959 13181
5288 7982
1178 13314
2788 26954
2303 17214
14198 22775
15442 20849
11450 21801
7797 11535
7485 8785
10839 17173
1730 19618
4424 21279
3242 13421
10325 21499
12257 19712
15763 25081
3819 11562
4201 7477
11138 18639
8396 20749
14416 27106
19117 27168
16954 25902
13180 13328
17465 24217
7910 22543
11571 20959
16026 19001
5975 16328
2148 2527
16900 23525
8081 9215
10608 18013
3877 17688
3019 3769
17787 21564
8657 22956
10251 27872
7982 17060
1005 12581
15421 27808
4600 17902
6078 14352
16463 16998
4827 16033
9546 22329
3197 3648
12709 26094
11094 15916
3308 14271
3472 10512
5142 23502
4933 8462
9464 15072
9536 24659
20446 22031
1159 24575
11939 13328
22592 27002
7846 8872
3065 13562
2986 11444
2887 20109
5505 15370
9513 13328
11688 16754
558 943
20643 27162
15072 20799
21709 22301
5651 13357
1920 8649
7498 15543
5352 5626
17795 22106
962 17443
8632 16878
11115 20637
15819 17889
16981 24660
21520 25675
16718 25403
4986 14173
7202 27664
5850 22910
5832 20925
19410 27279
101 23254
5590 26989
14105 26097
578 14534
3874 11593
16480 27905
8236 12939
6544 16639
10298 18962
909 26063
1925 21976
5183 19061
15682 20786
11401 14025
13384 26974
8145 13099
20380 22139
7229 22923
12402 12479
16048 19506
3997 8806
2048 25956
8803 9214
21654 25547
24320 25652
8 15515
8345 11312
13289 15894
21730 22001
10033 12087
22998 25686
11349 20420
2764 16603
5749 13827
2794 17739
6754 19250
7033 13867
9869 25780
644 18578
2785 7813
1767 7956
3907 8330
22116 22394
1015 3753
544 15453
23686 25711
7715 26555
6497 7791
14965 21814
9896 26544
1142 4247
5555 21831
1672 20900
16116 16847
5982 10645
26350 27804
5289 23696
3816 4373
5201 26541
7115 21191
16233 17657
4142 6227
10954 20409
9648 13225
10786 15831
11537 14197
22446 22829
12842 27190
106 26386
7783 26372
13047 22363
7900 15721
16463 25949
3068 19438
3058 18491
2277 25743
10894 17311
3689 7515
20813 26139
11708 25027
9498 14975
14344 24279
12979 17198
234 4251
18909 19817
8746 17259
18901 25390
10619 13343
11504 21402
8322 21746
681 25550
1713 18962
1255 2037
690 3844
4408 24062
11051 20647
14971 19371
3467 7169
12498 21159
285 438
8841 23361
7205 9590
10348 15636
6277 14101
3090 14436
13108 28095
16500 21277
8798 13412
24069 27986
11998 25685
7896 10428
1312 4211
7401 23361
19731 24576
17737 19548
1235 3296
5183 26299
11875 18442
592 2317
8850 10480
14588 16677
8852 27013
3925 6669
21341 26311
16268 20778
5907 8806
10707 22346
3882 13503
11444 23084
629 5607
1605 16385
764 7907
10921 15693
2984 11128
7289 17060
22498 25366
11558 20008
20095 24413
22238 24192
15162 15559
7907 8833
2497 24627
18280 27795
2125 10938
1958 16299
5287 7472
7071 13356
2521 3121
4253 7150
10693 11870
4504 9086
12696 26447
505 26546
5658 25664
2764 22884
15056 24939
1760 24262
1286 4682
1508 11030
12193 28200
1481 12846
15794 18955
18924 21149
5796 12066
1354 19004
13345 21319
18112 24693
3709 11209
6086 21902
5708 14433
18886 27451
19819 22457
11576 13294
17341 26094
5786 18287
18779 22919
16322 16369
2635 12956
19861 25422
813 9206
2679 15380
16689 24783
5825 17899
19061 22387
2677 3915
17408 20749
7135 27207
12322 18015
18617 20320
1633 18457
2230 3275
13984 27746
5496 23573
4827 18408
2269 4649
4606 21737
16125 22977
12924 22768
18600 19491
8990 17057
2878 15349
24463 27385
11809 19548
4384 10831
13578 20586
7085 11327
13342 14247
18603 25906
25374 26842
9356 18384
3163 3816
15559 22212
9559 14888
14382 25838
7183 9354
2022 22481
7420 16985
26709 28195
13214 17938
3026 20738
11370 22351
731 11447
3425 21242
7534 20008
20458 25301
3446 9360
19140 25699
13651 25552
967 15572
15402 27190
957 20291
11495 17383
11289 27815
737 10822
16197 16603
1686 12388
10076 20069
3655 23694
5832 9448
6618 18572
4639 14606
6440 21794
1118 12744
3828 15523
9732 14269
2864 9956
7121 21969
10230 18261
8515 24504
2905 4718
11631 23029
23932 25433
9717 17661
18921 23154
8022 23194
3638 25987
3587 21387
2324 11987
14033 18137
16803 26749
9614 20372
5895 16197
9884 10475
5905 11746
10357 18784
18164 25098
14108 22537
6415 12495
8349 8718
7869 16372
2047 20656
11365 23619
2288 2517
4945 14576
4258 8682
9371 14973
11562 25534
3864 20657
7354 18908
18086 26663
3059 5354
3239 22011
2410 10262
20876 27821
16640 25505
2263 18004
4439 16386
5371 23730
17185 18753
10483 16774
2679 17831
8115 9030
1508 11878
6008 21029
1141 11786
11379 18038
365 17604
1777 9416
160 4862
3616 24505
12162 23600
11443 19941
12495 24444
18370 22024
5226 21675
335 20679
10560 24451
1195 12379
9380 25435
2375 11428
17938 20046
4802 22454
8024 17569
10023 26027
2132 12388
4142 11948
14329 19845
8512 11783
15211 20803
10838 24023
7075 27421
5234 19976
22667 24904
7030 26034
15060 15833
20076 22867
11604 19216
8732 22446
6994 16299
22415 23823
15239 19732
8100 12522
5359 23655
14728 16299
3171 11902
10242 23713
711 22892
16855 27087
1103 6876
16507 17176
8688 9338
15014 16706
10935 28051
8730 15437
14807 17906
2518 11141
13018 15470
7899 22043
4395 6978
4591 23392
8494 9842
3483 6296
5466 9368
20639 20891
9214 25393
14014 18645
234 14364
890 6971
18615 26454
874 19103
560 27996
5210 13396
3528 25232
4180 7349
829 16720
9813 12709
15897 21511
10263 25156
7002 23574
22035 23463
12711 21409
6528 8826
9330 24867
3859 4256
15561 24100
5327 23254
383 1925
5491 21438
5978 17446
10326 22381
12019 17516
3733 17938
10490 27938
3648 22340
4141 26457
11766 19750
14605 27258
24032 24404
479 1350
22452 22972
25056 27970
12110 22390
7130 26143
6897 8450
20965 25311
3511 7484
3383 18651
21768 27681
5587 6657
9490 17170
1067 24702
12324 25279
1683 8581
14031 18180
10337 27643
10641 16772
24521 25425
6562 8924
7019 7463
5102 10531
9453 23960
5372 19576
11172 27963
3859 23608
14662 18777
9683 11334
3750 24509
1138 22140
6473 22512
2721 2729
12328 23333
8923 20370
6832 18777
17443 25956
618 27773
9461 11323
1950 18035
2206 23412
23115 23675
7023 12947
4394 22227
4629 13373
8044 9646
9334 26949
9838 27872
3564 17331
12831 21831
15175 24184
6350 9381
16959 20950
12888 16109
3903 6495
1213 20040
4395 9270
1505 23852
8865 17029
1814 14778
8930 21663
14557 21759
14612 17073
933 24790
24298 25023
12220 21505
8831 26606
660 19685
14687 27808
6857 20150
7411 19116
18823 19134
3565 21996
9887 19127
7360 25901
778 4646
11129 27722
8057 27374
11216 17562
12919 26295
25278 27221
2382 28092
808 11867
4142 24156
8174 17013
11614 16900
14120 14364
669 14685
23932 27569
4623 11251
14035 22471
17082 22497
15418 24693
11578 15130
25826 25929
7026 15762
8163 17630
13699 15505
8055 13615
23318 26186
15817 21616
8054 15847
5079 12451
4454 15610
14153 23315
11228 13429
12486 19428
3422 6879
2130 15679
8792 8875
4984 27849
10986 22570
3668 17845
4897 19624
9710 21144
23926 26562
11260 16900
4960 26482
4391 27110
9285 12383
7234 27643
8720 27508
13170 20224
12194 15619
2349 24572
10393 13328
8233 25468
12219 15815
8938 18483
849 1251
894 23396
331 5393
11128 26544
17831 18819
7613 8361
17032 20461
2604 24504
16192 27579
1382 5443
19249 21555
19820 22415
22263 23606
10815 23705
25236 27308
14837 24836
18892 19425
4693 24610
9809 22896
23669 27144
25903 26927
7945 17211
2844 10167
1606 12028
2447 3257
1288 11168
22203 22493
16375 20206
3039 4248
10952 23174
22905 24032
8281 11623
7566 13520
3873 5716
19334 27555
1738 2368
25628 27596
3630 26344
1000 14288
13407 22498
867 1559
1017 4559
10691 13666
391 11584
19768 21798
2482 21592
15883 17842
1049 12244
10454 14958
13362 25610
5329 5976
4573 9098
4080 22640
10247 11317
14167 26554
11789 13422
4671 11030
9012 14534
4305 28197
1142 11416
23461 24181
5344 13036
12011 23738
3446 3819
21849 23415
2087 9194
18753 25174
3059 23914
5007 21026
281 14055
14037 21680
7992 18579
6275 22581
635 24374
2222 13313
5289 21941
967 2162
9426 22096
3437 5169
8405 9100
9302 20696
22544 27202
5827 13785
3475 20233
11486 21473
2832 21438
7360 23911
2161 11879
3152 17178
19874 21257
3831 26044
4260 20630
21804 23012
12383 25116
8924 26758
14820 23561
13377 16977
8413 22892
16429 24414
865 19565
12829 21473
3666 15620
935 5182
3974 9250
14886 16893
7601 17870
7218 11082
10209 26361
12792 25271
8959 9280
9086 17481
5357 27867
2035 18166
1208 10825
12341 14569
6707 18781
22875 25257
1853 8533
11796 14459
8731 25263
2087 23008
4127 20743
9465 16582
17462 24122
23340 23822
3269 24489
21717 23063
14437 14998
5930 7147
13234 21438
1777 25137
4920 21180
2541 7420
6381 10839
9226 23608
16229 26283
5756 27945
4817 13076
6211 22515
27459 27480
17071 17259
18159 20804
14835 17219
5413 10419
3687 7733
5027 25638
9314 13607
16969 17136
1993 10276
15 1197
4060 16330
11746 21725
20159 23165
6282 15749
4347 25356
4532 24725
9939 13711
8781 20724
2995 7147
1597 27178
6560 26614
2482 21722
17966 25580
297 27901
9388 23879
20010 23106
23248 28054
872 22340
4659 21634
6535 20515
1546 19241
15832 23764
544 2057
11447 21382
3979 18563
5832 7517
18667 27784
3729 11746
2759 14911
13535 23004
13523 20118
20354 21215
3240 13978
3446 21351
22127 25468
11286 23238
1396 25273
13887 23983
14 16486
1893 10749
977 18369
4428 7392
9923 23193
18669 19548
3423 12760
13222 26148
6066 18119
9614 16128
11992 20862
8408 20331
1736 1953
6255 12564
6835 11667
8025 9813
14329 19445
1881 5393
12402 26740
4169 14997
957 9315
8730 10962
9268 11082
1732 15906
12228 12709
812 13035
6533 10612
19123 22481
8265 27255
2934 7972
8478 14710
2414 15216
15762 23611
24108 27599
14572 27611
8990 17530
18408 21077
17545 17963
20836 21891
2748 4024
4782 14876
9215 23254
14849 21216
20159 22431
2625 23017
10369 25525
9252 17762
15685 17490
25425 27259
14189 22161
23899 28115
24197 25760
9356 20427
2006 2128
8442 13636
129 3261
17011 28100
3015 6841
11322 27013
10476 14783
10537 20582
17214 20424
10324 28232
930 2635
8826 11212
6879 28272
13193 18565
8369 20189
5618 14541
10419 22487
2677 9876
1558 26922
5473 6788
12737 13564
4868 10023
860 26525
10591 18949
344 16420
1335 23037
3937 11278
4320 11188
5112 15918
813 4595
14455 15734
5065 10096
8814 25951
13581 20204
6556 27384
13163 25638
6206 19829
6633 19086
4068 23393
17836 19557
835 3773
7205 22925
6956 8342
4791 6126
15282 21829
8903 25456
1974 3796
1529 1867
8472 22508
4672 18921
8825 16180
6282 8176
10896 14583
14948 15182
6489 7273
4073 4813
17792 25312
20162 24929
731 8368
6517 10833
13969 24149
7913 26476
6793 10893
5074 12944
12887 18553
211 14706
6239 9847
6878 27514
6624 7273
10935 25308
9730 12443
9694 22442
340 20081
7908 16014
79 1771
6905 9896
5481 18641
3832 21279
10643 26363
9683 18662
18927 23864
1727 27751
4143 7817
12968 26308
12627 25163
8899 13766
18775 25443
7323 9067
4395 6145
23849 27871
6680 17058
23441 27700
14438 22634
8271 18368
1043 24623
6898 10416
11784 18774
11102 28104
11518 17747
1686 20437
20791 22491
5217 9494
13663 24062
458 8715
6702 14437
6673 17153
75 22997
14731 24552
6842 21960
4300 6877
1761 9518
9942 19918
6408 21010
3147 18011
12538 12603
4983 19648
8522 11059
3935 19714
505 16582
7923 13965
14771 21079
7948 22023
6953 22273
9036 10051
23187 27861
13472 27508
22043 23696
7166 20123
2728 26580
2210 26061
25815 26162
9316 17763
7942 12881
4456 17779
13952 24539
19522 23739
8901 20360
2227 4518
8156 16545
5191 12994
3901 13972
2279 15911
2332 24221
21612 23722
3669 20832
10189 24552
14604 25660
6308 24330
13528 22040
967 23665
24062 26026
7878 27655
1725 24127
21673 27412
14390 20953
17098 24879
11082 19750
12597 23555
12091 21623
14619 21281
9864 21959
9621 22197
16456 19451
8717 18001
4209 6656
514 21988
9747 18665
4720 16762
1878 13394
8784 24240
19189 28190
22399 24650
8450 9441
21326 27684
9742 27599
8030 8087
14440 25381
1119 19983
10535 13115
27383 27446
2946 18406
8075 25877
3424 3622
18521 20479
9524 12341
6336 7289
4703 11635
9119 20227
9590 25903
15971 17768
5751 23616
1164 26758
7595 12257
14618 21566
1360 1585
7975 13208
584 18529
16909 27978
19448 22278
18610 19502
7550 27514
8833 14258
5764 9799
1613 22104
3022 4264
3059 12168
9253 20824
14805 15708
14465 23197
4774 19314
16956 17563
8528 20201
16333 23736
5204 12686
14271 15766
3665 15676
19813 24469
18927 24989
2206 16593
4219 7571
8481 23803
15201 24221
1695 15837
13289 16635
6083 21057
12424 16772
2721 20421
18442 25810
667 8285
828 23890
15188 16887
2379 22613
4236 25922
16610 26542
14681 16712
7497 12506
4419 26412
7512 26687
2708 27926
18133 20172
2134 18752
15360 21244
13928 18449
1422 11562
993 14428
11119 17416
2785 23579
22947 26717
7274 17657
13668 19148
582 3993
11080 13963
8016 9141
3030 16154
3001 27103
9879 25139
25299 27247
10027 24656
17044 20145
7155 27328
10765 20284
11692 20228
2588 17258
898 9524
19856 22933
18521 20291
8520 17073
7737 9947
5022 22500
13424 26737
4945 27514
6865 9420
12265 26862
20752 27883
2740 11479
8301 27480
14216 15635
396 18280
7108 10767
2974 23147
24981 28018
16667 25042
8570 16268
1496 24566
11527 16990
11177 25197
16095 27848
2173 19877
19701 26160
16994 27439
12228 16928
9900 16955
10240 24185
5513 26902
23571 27633
24995 25771
21633 21665
6940 24509
5128 11115
12886 15282
22696 23143
22087 24610
2719 7413
9632 11450
10747 13184
1118 11073
24864 26362
2527 20016
4360 17153
16276 21275
10330 19297
4720 22334
1672 21665
13517 20407
3831 16304
7095 9710
8954 18704
27961 28076
2245 18607
16971 21049
1171 11039
5445 12147
881 22340
9019 10115
6876 18547
26284 26915
6011 22882
12426 12980
6007 7608
15629 24217
12045 26044
16668 22606
20770 27079
5742 16640
4213 25181
1778 25311
5485 21466
3762 21173
9416 22457
8108 11030
9286 20170
24387 28033
11383 16413
16583 23465
12188 19987
12244 17559
355 27544
7205 13392
8251 17926
4561 16748
13223 20953
1216 26137
14441 27462
3802 21149
5756 21149
11141 15613
4581 7503
4878 18832
724 13045
1116 24122
2124 7964
3277 12994
17504 18724
18398 27775
2436 20744
1223 5978
5662 7788
3101 24543
2735 5371
898 21257
1021 2180
9944 11013
7070 25517
14616 25561
6935 24377
13663 16936
15376 22829
15088 26418
2288 26559
12314 15099
22690 25630
10320 20951
13239 23691
1532 6412
2539 27926
5843 10019
18136 20551
1181 16649
13999 26530
1621 27652
8150 14121
9206 14661
3228 17524
13881 20501
4151 10384
9074 23383
19791 19894
17406 22425
14541 22857
3741 24016
15435 22141
2150 17177
14909 24125
9150 22814
541 24280
7900 24274
808 18727
2447 15323
4974 28055
2208 21797
11251 17161
341 26656
7002 17022
7987 11532
15558 25294
5711 24384
13400 16957
13772 21690
2187 25474
20355 24073
2586 24377
10391 15687
20060 21134
9572 25550
10061 24608
8364 23021
2598 26879
9528 23372
15278 25009
6296 28074
4919 24772
3297 15823
3900 15983
17813 21326
7011 24280
8921 16961
3179 3694
711 24453
7108 13542
8985 21366
3310 8370
7900 15391
7713 17797
12346 20292
3872 17239
10230 27417
14827 25584
5082 24291
25039 27514
1371 9323
193 23932
20316 25822
12994 22539
4026 14507
566 18521
1508 12195
14264 26725
9049 13616
1853 3240
3779 3953
4250 22729
2288 27932
5620 8438
16311 18185
3073 8694
20760 23593
7647 13462
1006 10207
11262 16584
2003 28238
9328 24428
2396 7075
1020 12150
3218 6870
19033 23660
15565 19340
10668 13091
1727 11988
2491 6516
11276 17161
8473 21269
6309 23722
867 1315
2322 5400
16475 25106
11960 18201
6573 7930
18115 27503
10076 24082
4189 24691
12084 13737
21649 27042
12340 14358
19653 23983
15428 24842
6753 12804
4434 19744
19576 20639
2782 8471
435 15436
1477 9128
3528 11283
7982 17779
1511 9871
9428 22616
9847 17040
770 5999
115 11993
3314 23284
13392 18950
13718 20123
10042 27927
8615 16846
2508 5095
5010 7492
20226 24693
1672 22308
20053 23929
15292 25388
8249 17749
6765 12924
11809 20008
25957 26077
8972 10264
2003 16710
9923 26322
17155 23385
13203 13250
8322 25713
3406 19393
12402 14878
23772 26932
17383 24967
5236 19658
4087 7084
5636 18241
17127 28228
10828 16386
3558 10127
5737 21536
18029 19542
9284 10247
5766 6562
10839 24756
8592 15251
7458 20939
3333 10820
6562 21902
14181 26392
111 21154
3206 27758
3763 14233
4166 5913
2205 21345
6415 19712
12994 17747
13024 16333
23410 26908
14483 24041
5659 14667
2233 11281
272 3734
10841 21036
5150 9915
22637 27127
529 6412
11416 24573
4367 21201
4971 5665
16047 17295
1529 11432
2776 9803
2127 12199
20131 21506
612 10450
3563 25112
10764 15610
26787 27627
10952 12315
3644 19322
6936 23524
7034 22416
17000 17931
4562 9617
3852 12545
15220 15475
8624 10691
10767 22787
1573 20577
2124 9005
15854 25046
6261 20553
2455 16951
6086 6869
25838 26491
5943 23015
3251 24516
16074 25828
3113 19584
1919 10039
12508 13085
20053 22210
9061 26285
23267 27580
2274 26043
9924 13459
13597 13702
6533 18320
8402 26193
2611 27821
20251 26254
12038 20757
4867 22317
3019 16494
10935 14464
1451 2759
5453 9422
9432 11884
8330 23415
2567 16559
8467 16433
24836 24949
16083 19972
1775 13343
9338 18764
9959 27190
21033 23607
7981 20258
2780 8212
836 10022
13735 16955
4048 15229
3147 4724
3085 17542
1852 9590
4927 27719
7015 26702
8352 23721
12726 27314
8384 16506
6110 19042
13208 21849
5914 8899
9950 11599
2407 15843
9553 17963
3893 12210
18050 25083
16632 19323
13937 21948
4949 14831
650 3776
3782 17593
9327 20479
21157 22874
10315 24607
19658 24948
6702 12649
7471 25817
10122 26521
13514 22983
7623 14137
7205 23628
13825 14090
1902 2598
8075 13623
12341 12346
8438 17728
13864 21446
961 17639
711 2413
1226 13999
7523 22379
11363 18704
5177 16838
8970 26677
13515 16367
6087 20770
5124 18768
3347 11796
20747 24612
12143 16174
7750 15643
6228 19134
2526 13344
1900 7935
25616 26373
3197 23688
9777 20990
6042 14359
738 20841
12836 18930
2536 16470
15756 23424
7388 17832
7521 18218
2651 24507
17003 25500
22533 23265
8150 18522
11465 14922
8481 18793
2928 24059
7523 9403
22010 22857
6939 7724
283 22716
11696 15665
1404 22651
6370 20081
20583 22485
1907 14342
3695 23574
1756 14398
17961 24843
1840 24006
2532 23180
15659 22860
8294 19909
1782 4724
11847 27758
8566 19941
396 5115
24246 26409
395 11484
21864 25748
5416 20591
5701 26303
3488 16201
15535 23149
4913 24450
6047 25306
4782 23576
8441 12963
3829 4780
4407 24438
7033 22270
14402 22546
9557 15736
19356 26193
21029 21278
11046 14907
6560 28194
11922 25732
900 1050
20730 27954
10073 13565
19817 21438
867 15040
7881 16197
7138 25794
2031 6579
10309 25634
1042 26107
10956 11993
14814 20880
10524 20565
16501 16905
19184 22516
19545 25259
7538 22103
10199 18651
5565 19015
7345 11773
16113 17604
5321 19441
33 5327
7136 15812
9033 21891
6139 15892
67 14431
3700 25850
21296 26373
7484 22845
1672 7827
6107 7152
10097 19135
2336 5989
175 3903
4218 20939
3041 11032
1477 20053
12805 23251
7745 25315
5864 14968
584 3869
16422 19917
7323 12056
15784 18260
13 12855
8363 20123
4133 8585
7525 18615
3762 9550
4282 26493
3265 21111
19868 20159
1991 26976
24104 26753
2039 7963
1006 18045
10563 18265
425 17861
4933 6760
8434 11500
749 1138
9246 11537
15981 22989
2967 25311
8086 8889
18910 20982
9543 11465
18426 26737
825 21230
2406 7484
10207 20673
7555 10531
2665 23141
4666 26880
6177 8856
1772 6905
15166 22276
3442 11940
19540 25664
9591 26851
828 20622
14763 18291
11080 19576
13096 21249
13384 23143
4623 15985
9018 22214
20038 25969
6046 10998
6523 24884
10030 18950
8746 11789
18344 18795
15770 23013
1418 13651
19081 20624
7892 12003
4790 26186
3762 11562
4029 11925
8659 8717
18522 27669
1415 6817
21300 27032
8423 10981
1319 24997
9843 10845
8249 11682
12105 19135
8196 22226
2035 5232
4693 23083
10444 16499
9593 11820
21886 27398
19508 24955
2667 5300
14768 25559
9018 11729
10687 20899
471 2764
8223 20355
1284 9316
15268 21312
10881 14971
10585 18051
7923 23331
15426 27197
473 26147
15983 16802
14411 23216
11218 13317
9699 18224
16627 20754
10222 12726
4067 5861
711 18315
3341 6886
8278 14948
5893 24384
18235 18529
10303 19610
6886 8024
2710 27998
9772 14835
12660 24594
2967 19675
12287 20258
4003 25057
16216 27620
1389 9160
5547 18388
24637 26764
10101 23251
18891 27932
9782 14038
19271 22482
1379 3878
10570 16392
1338 13298
1727 15308
11444 19964
7610 28158
6930 15447
11171 12485
5315 18508
23574 25666
15892 25270
1073 20818
21258 27185
20054 27136
6920 6937
4519 22425
3214 5304
6577 8935
18302 24110
2105 19877
7375 18481
8510 21862
20943 21105
4737 27652
8781 21864
1136 5122
14634 21798
6427 20664
2665 23963
2547 14377
7159 15843
13418 16367
12920 13830
8363 19816
8414 24589
3609 9830
4899 23201
10634 26009
111 26265
1767 17422
426 11884
17344 21820
13656 19884
3059 4789
11727 28156
14315 16659
13173 17456
19848 22160
6994 22716
11128 24062
13910 27534
19794 19843
19251 25666
16210 20162
16857 27261
16742 17370
6512 12591
5537 6053
1049 6045
20719 22112
336 26100
828 2986
4256 11486
1904 26677
24326 26969
155 4343
5719 17213
2845 9721
1162 23214
4982 24042
2602 15664
3622 8098
20523 22334
2863 23147
7937 21168
2412 12420
14840 27313
12040 21376
2613 11351
4240 13005
7201 14600
3807 27013
20279 23267
10707 24997
4083 5119
21404 24841
344 19779
15942 20861
15695 16778
15402 19957
1299 2118
4012 22273
15616 23799
4353 7816
2316 11049
4732 25454
764 4187
16020 17196
1126 16060
11048 25568
3554 5978
3412 8011
12954 15283
12854 23177
16074 26296
23115 27121
19203 24068
12941 18835
2696 20506
761 23619
3059 15540
11636 24068
12528 22151
3829 20365
640 1254
12114 13486
1417 27805
3993 26092
25229 25904
4730 10677
26626 28077
4766 6118
9252 11296
9396 22577
10454 17122
20719 28056
2189 4955
5721 8872
22135 26974
5956 18720
4574 15284
4158 22653
6390 17941
3279 10126
26319 27381
10057 17054
609 23818
12565 23911
13642 18328
11975 15376
7277 22613
15924 26353
11846 27155
1140 2406
12921 21380
776 20221
7950 18744
10546 23742
8498 26589
384 3819
22784 23480
11989 22457
18665 20348
13422 19249
25838 26654
6333 10535
13772 23140
7265 23676
21676 25559
606 22316
15268 15946
12682 12733
949 9349
23633 25945
3154 4517
5221 26476
7490 21028
14547 26077
19447 24790
17686 25657
2148 20633
1440 2954
12542 18925
4109 7536
9408 11028
6869 18903
12498 19868
5365 25013
1477 6822
14308 17322
17411 18022
20798 22035
1347 14025
3036 24049
8818 11479
7339 16803
5334 14069
6097 12337
4806 7619
3872 16470
3154 7707
3780 14969
499 3439
6616 25036
3378 7956
2132 7144
8291 14423
1181 5938
2410 23556
1036 9189
21504 24450
1944 28082
4336 18264
204 6898
5084 25525
4246 19315
6643 24004
3872 17214
8044 25569
828 15258
3634 7456
14660 20225
23106 26978
12413 25543
22655 23123
1920 23193
19290 22610
1095 1456
21266 27373
19177 24521
21962 22469
1610 15360
4433 21364
11712 27256
11059 16695
8893 27401
9717 27736
5994 16337
14456 25295
1608 16660
3915 10630
5398 7982
16194 20634
17526 24104
19856 21480
9583 26587
3415 13841
8144 12939
21123 27382
1614 22782
22701 24777
3908 6832
9907 22476
5716 22365
11356 12107
24758 26097
9356 25956
16770 27173
7648 23143
20815 27142
1036 17200
19326 27811
9274 17269
8898 10885
12169 27078
14303 26085
7411 25323
11011 19304
2757 6355
13221 19714
1507 12633
4680 26944
4302 19037
5906 26688
11961 26268
1019 8843
8396 14341
1160 1230
593 24954
245 7162
1243 13599
8391 20189
16467 21743
6656 25454
10476 25965
2592 4954
21917 24299
20179 24428
17941 25956
5691 23615
7798 14466
16124 19979
6960 26690
14099 25306
5127 15986
2667 16922
1902 6800
15832 21636
6745 24216
2189 16369
3267 15435
1137 22017
18591 24659
6615 23605
1917 22492
7741 26752
12988 22180
3666 9560
2928 22328
14167 18320
6616 19647
7115 16928
8083 19871
6034 20045
4121 21490
592 26957
21228 23442
8801 12829
4369 5500
8155 19678
7413 17408
8938 22956
6412 24129
11786 18252
22292 23467
1689 23265
14390 17819
6177 9460
2905 18659
2247 6244
18085 24645
19464 23389
2104 9215
7982 17273
5769 23358
8251 26131
17916 24797
15416 15978
7167 23885
4373 24492
16457 20580
21945 28111
5665 19086
10773 26503
6198 9084
5716 19115
16394 27179
24607 27794
7835 12230
2387 5918
7386 7839
16984 17757
1878 9199
406 14770
3510 24789
5042 18820
10899 11034
17423 27078
1899 11199
19293 24552
1263 2925
200 5649
12883 23034
4807 21390
22095 22497
3264 20151
9504 27959
12804 15073
11080 17355
7896 13041
3019 25034
5661 14993
862 1199
26458 27306
13970 16587
2087 27661
3186 14977
23143 24095
6459 9063
15784 23677
11375 19827
2358 14954
3768 4582
7538 16979
10612 21638
8757 14844
5142 19503
1659 8817
16194 18793
15610 18824
2601 16733
4650 28217
16334 22322
8708 16014
3511 10088
3566 3663
14158 26974
2119 7460
7368 24878
8497 17700
10872 17851
7833 24096
155 20033
13755 19247
439 8994
7975 27932
15478 17574
582 3463
14052 22934
4339 13091
4866 17747
8575 22947
8875 16844
188 15130
2547 11877
8003 19323
9524 18271
6105 26182
1381 11436
18280 21832
7375 16435
3759 21716
283 1921
1464 7937
10799 15899
8437 27279
7820 17630
7178 10444
4094 11417
11332 15643
13864 24830
1755 9791
14140 17798
6879 10578
1365 21084
21438 27441
12257 21438
1998 18520
8660 27073
2111 18784
1814 3507
7469 23769
4394 5114
1740 18016
2293 27788
17170 19347
22165 23941
3808 27104
10945 18575
13206 27250
4607 6260
4648 17819
9472 23376
18472 27847
22847 23600
2727 10269
23919 26419
17712 19727
7530 25611
9253 13756
7877 9881
14411 25241
8435 9252
677 8073
14733 27001
19061 25432
11417 22852
17550 20000
4592 17237
10344 21079
11595 26057
3104 10300
6734 25388
15916 16184
10230 20226
5953 23219
12162 21535
6106 7930
22814 28133
1725 23194
12312 15619
8668 25011
16150 16545
2368 20053
7581 26740
18690 23619
423 10260
1508 23455
3793 18945
14473 28136
3562 15055
13708 15359
6766 20230
10864 25914
19536 25921
163 13603
1819 26596
12220 16184
17712 24652
15968 28211
13436 22756
9466 16547
3916 7097
898 16694
11627 22025
12664 28209
4179 19836
1142 2627
2479 26087
8402 17010
10342 20616
21066 27596
19953 25016
6671 20906
31 2562
5150 24104
19739 23708
10606 18974
5415 21610
9136 22416
7948 18516
4102 21402
7205 14657
10179 10794
11145 12009
5288 20758
14853 21246
4399 16734
9074 17196
9718 18669
3140 22650
18955 19691
17038 17731
19275 20175
17263 21115
2596 24113
2255 12737
15668 17457
1902 2767
1624 12921
4618 18908
2391 9438
5551 16224
4825 11166
8982 9156
1106 15037
14193 20947
473 21723
16483 23908
8705 13443
2759 13407
22882 24251
4167 27467
76 17936
13711 19706
3674 8956
6426 8785
8680 24716
9228 24904
2525 27743
2283 8352
18218 23384
2702 3955
9295 12191
4231 18603
3341 22938
19721 22333
7166 14995
9226 11428
4269 26283
356 5930
7158 18432
400 8403
5171 14133
10230 14871
3753 17426
14451 22790
1658 1750
17471 27775
1978 5522
14644 27698
17077 28272
12013 15063
2525 4162
17894 28142
16460 26568
7707 8427
16989 18628
3482 20279
16212 24653
3946 8555
1276 13639
2386 19863
4962 10264
15298 20550
6832 19871
800 24800
5336 27932
12778 13702
3734 13343
4072 22049
5728 24884
24453 27273
3859 13091
2719 9689
7881 11483
12525 14968
12147 23390
10485 15945
7627 20748
8930 12892
22079 24040
5224 15452
17967 28013
3395 7900
3831 24023
26896 27557
2494 15493
14828 18704
1744 15920
12965 26676
6683 9396
15843 28170
569 24935
1782 2254
10727 18836
214 1878
4718 13926
5196 5787
10692 16869
21029 22168
6794 9779
17140 27914
19973 25497
481 25960
23225 24326
15027 17597
21778 24575
1744 8200
5925 21891
17220 27569
2121 9321
21671 24190
6865 6893
8730 14150
2338 17983
12066 13146
13332 24738
10023 17115
19277 24412
2143 25956
11344 11953
10498 13807
16806 19669
4515 23799
4288 14691
7883 25962
9488 14227
7002 23825
9835 10504
10976 12740
1259 2381
11092 13874
9182 10832
20427 21864
8491 23813
18942 24566
3149 24696
1045 12340
17938 24117
15874 24595
14301 21480
4134 18948
2635 7885
1095 2661
5898 10914
12705 20099
5416 28177
4894 7625
3741 27808
12634 26717
580 2787
9851 20950
4859 4926
16475 25366
8501 9441
23928 25863
10200 27706
1015 20222
24062 26153
7479 14643
16386 24910
11023 17933
18668 21619
8816 10023
9019 11913
2171 25729
6487 15612
6361 21997
9683 11657
3784 12752
7956 9154
19806 24309
4476 26601
13669 26507
674 9462
13408 19876
4885 15308
16600 19533
20222 27750
1801 15920
16879 22294
8107 23517
17262 18082
24261 27123
23026 23832
2592 17239
22729 24057
1483 5348
3435 14635
5082 12204
12905 23267
11273 15257
4860 25268
11447 20196
4595 20366
7036 19398
9081 19373
994 21207
461 13376
17249 18136
8205 14640
14561 28034
4302 26717
3545 24082
7239 21471
1502 10787
9038 10382
15464 24868
22804 23897
21010 23102
9473 14969
6605 17941
2932 8722
9055 13412
478 11553
5134 14947
11027 17697
3188 26340
20891 26143
3169 27528
14360 17584
3816 14513
10166 14781
288 20713
1986 27827
920 20515
2586 10208
3 15401
7796 11747
9543 16905
8336 16428
8624 25214
21849 25299
5795 25421
13091 20758
13610 14294
8925 12614
11332 21856
17763 18421
15764 18631
9857 18776
21240 25820
2694 10188
11789 17921
10971 22265
23490 26757
5030 28255
12274 23278
1746 18445
10014 12473
804 21773
1056 5082
5100 17980
15344 22775
8485 25599
8935 19109
5660 24069
3071 8501
15225 21849
5162 18035
6515 22237
7796 14609
14794 27129
4742 5551
1353 22143
7216 24659
9737 27229
9313 18348
1525 22702
15221 19917
17788 20265
21473 22939
1106 5358
20424 21149
6972 22326
10664 14603
18133 24410
10086 25738
1440 25836
8271 24904
23769 25623
742 3329
7737 13598
14971 17056
10543 15843
23860 25012
14942 19773
9635 20366
6135 14852
9320 21166
6763 20347
2022 8251
11281 20162
16794 16949
139 7158
12502 18128
3751 19053
1449 20927
7357 12091
13048 20068
9388 11190
2061 18249
14168 20503
16739 21596
10354 17033
340 10075
9739 25412
24068 26451
19699 27032
8970 18950
22768 23518
6710 16040
14337 28182
7612 18328
6284 24463
14352 19193
10115 25608
1885 2740
16835 25301
1613 17742
2760 27559
21919 25086
569 18416
21766 25432
1181 18146
7348 27119
15875 23143
11059 19084
14817 26077
24062 24379
18629 21140
11999 22325
13232 17632
17022 28082
19699 21623
669 24208
20479 27125
1713 4749
10114 14559
10420 13278
1823 26584
6480 24061
9341 10489
18136 27499
8025 21102
13228 19241
14001 25304
7312 10844
9973 27293
14760 19428
3803 17443
21355 23892
6246 16181
13022 19952
1864 13193
7568 14409
6563 21663
910 11011
24022 28049
3052 13343
1209 14782
2474 13227
5978 25329
2150 7065
10462 14728
22437 27923
10726 12424
1181 21240
7053 12363
12423 12565
2267 19836
16855 20337
1062 3203
17314 23672
8959 11782
1688 27724
3270 7911
1363 19169
2132 25626
1259 18919
3917 24281
15179 25887
14719 23324
7571 22337
12026 19601
5140 12135
11902 22346
3919 7089
15832 18358
15317 18160
5864 6661
6965 9095
2169 4489
10871 18660
4604 8397
18965 20026
22908 24787
2833 20355
19836 23807
4570 27247
638 17076
16979 17748
22193 27021
15200 21552
23697 26488
6208 24680
10815 12352
4309 27294
11323 15798
21865 25028
18876 27876
6470 16700
577 22634
10333 11992
8806 24069
18524 21800
751 1050
7937 15056
8040 18554
17955 25652
11537 15844
22457 27758
17325 19534
4619 13516
1047 10115
3636 5472
9258 12069
18424 23904
2344 27101
16960 18826
13426 16154
4580 23708
1306 20197
19736 24444
292 3691
2304 8972
263 15762
19040 23371
16949 24885
13713 18430
11992 19123
12356 17545
11880 13762
3544 5495
12452 18280
19967 20310
1094 8073
17906 25710
11878 22902
12536 15747
2927 11748
870 24850
13956 28228
10507 17856
1181 25887
11916 15211
3240 8869
4442 9747
10309 22541
3481 5221
6749 20962
22558 24589
16022 28274
1741 6604
2518 4557
1180 24904
24886 26413
6701 16241
13094 20545
17795 22775
6190 10244
17702 25227
24281 24904
11872 26473
4966 21668
898 12346
9042 22607
16301 17114
10967 13422
11250 26709
21532 22424
12631 21300
2530 27042
7119 24970
7050 12874
15895 20255
9144 12728
26591 28130
1251 20122
22664 25443
5891 11697
6408 18738
902 4452
7312 18627
1116 11031
9053 10493
5121 18638
6301 24576
2432 9274
3661 4367
22669 24053
8719 21410
5010 15983
19981 25433
1516 8175
1116 6866
353 27535
25590 25927
16236 24064
9974 13303
18381 26525
24439 24502
1755 21635
8756 11994
10936 27170
18957 27991
9805 19750
1353 16400
1197 15078
7525 17837
974 22024
3463 7984
735 10323
9584 14352
6533 12399
3678 24309
12601 25982
8479 15679
6618 13225
8003 13150
6934 13891
5962 18824
13683 26133
7695 17812
15225 19145
6001 19939
1613 16322
7612 15931
13242 24277
8797 13058
19071 22390
1188 21593
5774 18436
7568 16338
1011 1716
810 27625
21406 23015
1034 9495
19442 23180
1770 8864
16727 19269
5989 12225
130 1614
9717 12530
6183 9753
4152 17798
8057 18919
23266 24645
11903 16912
4072 9004
9098 24322
1927 21248
9316 18251
6814 7950
16791 27418
7084 9306
7802 7896
4361 20553
919 1609
12399 23560
485 2518
12714 13483
8895 27974
6426 10982
6657 24444
6455 17847
4218 22837
14407 27546
241 811
24127 26030
2497 22799
491 28074
14946 23886
16569 21018
11725 16117
20953 21798
15713 23133
9920 15883
19204 25020
6618 14255
7849 27505
14573 26139
609 9194
7867 19326
1970 3892
14309 21038
400 17902
3507 24830
16559 25280
9847 22134
748 9680
23929 25012
6633 14050
15540 24218
987 14392
10917 16756
2743 22814
426 24477
12415 26657
2550 10949
5569 11098
5719 23345
8875 10466
575 22581
8933 20398
5263 9152
10046 27247
13515 13937
4365 7623
11111 18549
9699 23422
949 20308
13155 25817
19369 20685
12566 19033
11353 26087
8733 12656
6224 15616
14566 16715
15878 18735
16120 25544
3727 13964
5989 20758
2191 16234
18266 18521
10258 12678
14332 27130
19047 26456
1597 28034
19169 24294
15464 28051
2189 18521
12029 26974
3882 17815
11395 14481
710 27563
16047 20731
9907 15084
6673 20363
14175 17349
771 3072
10292 25390
1869 24110
20467 27976
25049 28063
17249 24211
21486 26712
14050 24017
3329 7099
11372 22983
8734 20149
3279 15899
8282 24721
5882 19877
9229 18033
3727 10960
5148 15224
7453 13789
759 20692
22634 25949
19966 22821
23254 27821
9096 11409
4574 11232
22014 28025
14971 24345
1028 19432
25184 27531
2075 12039
18295 25409
23988 26213
22205 27766
17993 23467
1103 6609
7965 20462
6994 20313
4445 18226
16979 21738
1308 4894
7879 25534
2142 6747
10260 19352
13741 17593
8251 14063
10932 16627
2709 11315
14763 23624
21887 23729
15964 18883
3247 4408
4946 13681
12916 24159
2803 22965
14971 21165
3612 8612
8168 9136
14494 27790
22678 25593
1802 25708
18184 25105
12262 24965
12105 14489
2324 13229
439 12319
19902 28084
8156 21369
5239 9298
1755 22659
27825 27867
2061 16910
14876 27383
7031 16584
896 23637
1311 3380
1550 8305
9881 24069
6972 17423
13784 24240
3860 11295
19340 22702
3544 4132
9025 21462
16352 27768
9999 18358
12506 13343
2882 10727
9607 20904
17137 18416
17475 27485
12921 17717
1285 9119
7538 24309
7670 12576
13946 17032
4689 18679
13778 22802
5087 7758
12466 14672
22199 23433
9782 20313
5587 6348
8474 10013
16608 22062
6620 8997
9769 18498
8265 24962
15507 24611
935 23753
2954 16814
6639 16791
6414 13544
4852 25025
14515 21162
26097 27913
7414 13193
1253 7031
2605 3874
3215 26717
19028 25306
7283 7979
11539 16901
8135 16769
330 7650
5651 21499
5716 26554
18533 19086
8880 10284
22882 23213
2650 19492
17559 17992
8527 10483
3587 18225
11154 25329
22199 24640
12109 12651
1110 13373
9195 10274
6196 17641
7830 15728
2111 13040
10476 20770
18921 20714
24326 25986
11267 12823
8653 22048
7898 16949
8434 23868
681 25713
6154 13844
25651 26898
9365 22459
6507 16138
11133 19576
8870 12290
18280 19813
9137 26261
8730 21467
7249 24108
7113 9657
20089 25433
2468 11697
18628 20242
16528 17580
17905 27274
8565 20799
12531 24486
8017 25391
10800 19827
1085 11009
5072 9788
14236 23565
1122 9575
1713 11952
3257 24181
17901 19817
874 1722
390 16992
17637 27901
26930 27788
4581 9855
16094 24963
7933 21110
2785 14131
16725 22865
3009 5215
2288 10714
1116 8597
4886 11128
6832 18265
6601 8168
1325 10445
8502 18548
3449 16459
8471 18299
1491 13937
11701 20417
3638 21470
21791 25352
21413 25540
14029 26596
495 8846
20437 27248
566 27867
6493 11950
1117 15834
6835 11499
10756 27795
9396 19636
648 1706
4179 12114
3527 21018
3147 7743
17383 18667
999 26303
5466 25185
4237 19154
11160 24023
3120 11300
8690 10871
31 27099
4081 19215
14881 16457
5389 16289
10937 18921
5445 23390
789 4191
5097 21653
5906 18371
17573 22112
18938 22768
18867 27841
3940 21674
18092 26331
11192 23762
1151 5710
8291 25509
8394 15919
2003 21591
800 11184
3997 18010
18904 24168
15520 25157
1613 16400
5775 6994
1368 11850
3609 13756
14969 18675
10744 12991
6131 25108
16475 19095
17523 26393
21988 24114
9483 15110
3603 8434
1676 27321
3666 11030
22040 26413
2635 17630
7417 16847
16210 18823
18463 20363
17 19949
6493 26347
3162 24783
8192 19269
3073 13713
1851 28055
13984 21149
556 2499
23132 23354
25748 26186
2619 25956
12790 22871
3890 28157
1753 24829
12625 14291
10405 11504
20406 24976
3234 4627
8076 20758
1685 21941
8091 25405
19793 27221
7998 14020
17726 18214
7725 17640
10318 15727
11438 27374
1297 5104
9711 17017
5979 21794
14763 16600
15661 18115
5204 8522
7277 13136
15339 23422
4515 12959
3090 12966
3019 4024
2227 19753
21919 22119
6637 13864
13736 15756
430 22292
2627 25977
8090 24715
12945 24902
7881 15695
17731 18500
4307 26690
2872 4790
5197 9358
13597 16454
4035 11311
3154 11368
3820 24521
18659 21293
12002 23074
11617 17017
21536 23351
1643 25550
2628 4414
1321 27031
2000 21335
2259 12565
4233 26676
223 8775
3869 16463
10871 12027
14589 27206
5178 19203
7832 24127
10490 19728
24831 26413
4414 11743
3873 27191
20630 22813
12711 15056
6594 21194
16629 17823
3608 11495
396 5219
424 7762
10204 21831
17422 23143
1645 10820
14740 25598
5832 18460
11621 14359
688 22787
12161 16852
21802 22400
7221 9710
12437 21969
9884 23825
4102 4745
1254 13408
99 11809
6206 23304
17760 22373
130 10042
11442 16570
9631 25908
13581 19991
21050 23456
4595 15572
9398 27223
1254 10173
1905 22226
10245 23673
14344 17930
4960 15247
531 24708
6078 13279
19641 24616
7195 22453
1814 19140
19086 23932
1878 20758
7260 7626
5500 25285
12127 27918
8055 10912
7531 22777
4189 19285
8202 26594
8203 11381
19518 23007
1510 18439
15549 27159
1412 25397
11975 27795
1084 23921
3231 19871
18204 27819
12780 19496
3628 6939
8730 24357
12214 21446
660 11953
641 6657
10972 23020
7891 23080
8003 9574
2639 25692
15579 21616
5327 12257
3256 19429
22905 23358
19326 21368
967 28263
17524 27867
3900 14661
8132 23044
20287 23605
8938 11507
811 20537
6550 8498
23174 27861
8529 20682
3712 20856
11777 16598
9512 24231
27544 27882
13744 27087
18372 22227
22052 27569
495 1604
12460 21200
17292 20280
23331 26889
1672 9290
10692 21983
12042 17896
3084 19329
14998 20436
22039 22309
5205 6680
6020 21533
17252 28193
13359 16523
14880 20676
425 25137
8893 15712
786 5069
896 27514
8261 28163
17889 18704
11467 28205
853 21982
7976 16937
5711 15666
6671 9586
3806 24061
22132 24023
2556 21891
5826 6551
12356 16188
16890 17787
1218 25956
13591 19813
15832 16501
349 13536
2518 11216
4512 21327
15493 19829
7195 25981
7602 12888
12071 25942
258 6955
20310 24492
16547 28014
16131 26982
4287 21688
7610 24861
10325 16656
9547 11872
21026 22910
6086 14443
21549 27576
7162 21499
11729 24832
463 17164
3835 6631
23863 24425
20772 25181
15312 15847
8366 22565
7956 25472
14606 26397
4509 23566
7718 11727
2087 12245
3328 24888
14431 15575
13900 19666
10753 19400
21296 28211
485 17742
7798 17556
6239 26806
14794 22326
14563 20568
1717 18793
11291 26691
2322 17831
1834 11543
11348 16959
14289 25919
15330 21798
2833 20667
3734 26321
8705 12851
14971 26111
3825 21438
2494 27157
4409 26347
20599 24717
4932 26372
711 24062
15770 22399
11710 18211
3273 18281
2667 28184
2967 7089
14105 27974
12141 20201
12490 14847
9805 28237
5342 8414
16734 21126
5438 14027
20424 22157
5665 14944
9138 18322
1931 14797
13948 18669
150 16151
8052 14881
5911 9688
1573 26075
6843 27497
2189 8715
8123 22231
4580 7600
9716 23608
6804 26327
7700 23729
874 26465
4442 21727
3108 8899
13179 28232
1579 25288
23143 23793
22338 26913
6578 17252
12709 19273
4567 23657
3689 6212
4507 12655
6246 23390
9080 26688
16373 18985
624 25378
899 19039
13564 18937
15644 24756
2081 26928
4080 19623
1340 16249
10235 15913
16094 16138
4807 4890
19900 27492
6313 18984
7610 18305
21832 27621
1936 22847
2635 11336
1776 18581
2986 5722
4224 27123
12056 20953
10917 26835
3080 13711
9666 27635
15286 23437
8751 18823
18141 23576
14048 25534
31 27333
2252 9465
3933 14471
17640 24775
2980 14031
3689 20496
6445 17023
1851 26278
2067 12261
1117 27013
7311 21390
1772 11834
12788 15017
10577 18348
1309 26212
430 13491
3609 25271
13480 19029
3845 6458
5960 22114
217 2625
4648 20953
15931 19554
1273 13105
15836 27702
14657 15377
4119 16219
11773 27223
17075 17368
473 1579
3484 14576
21038 25830
1968 2313
17779 25634
1197 14166
22035 26925
14753 27927
3585 19253
14781 18159
18679 23766
10953 23811
1412 23372
14399 18593
347 15664
22548 26244
2186 11028
10018 24507
13695 17169
15251 21935
2834 24172
5869 21497
8462 10450
132 12681
8402 16850
6668 19853
19355 26545
5517 19116
2329 3463
7334 9873
7670 19662
1651 24799
17737 22686
19898 23453
9673 11740
23421 23798
7033 18153
22947 28155
2117 26500
7400 15505
8151 8280
334 15402
6426 22716
7950 19833
14288 24208
19013 25410
374 6705
10230 28137
495 12598
12252 25329
9563 26503
4333 21222
15335 20577
3882 7774
3129 6453
1140 4262
4454 16547
11937 26687
16928 27938
5004 11494
1311 4584
3084 21205
14650 23926
3337 14710
5003 14778
4448 15360
10323 19310
7777 25286
3773 17140
15731 27687
16337 21041
2213 11674
26677 27651
10407 16187
4548 7595
12489 13222
7847 10584
1561 10745
6746 9231
1721 10434
13354 18648
3280 18133
21565 21688
14023 14035
2240 22441
6182 18979
21000 25131
10490 19998
8020 24847
6760 27353
1043 2927
4445 15897
18336 23722
5213 9066
21356 26612
21648 27205
6657 8318
12550 27684
9978 16870
17865 27441
62 9795
291 4827
3826 24104
6760 19704
6156 11545
6711 18889
5359 20537
11893 18265
5620 26000
13915 22340
5983 10935
15017 21737
9155 12773
18593 18956
4282 18192
9000 16400
74 20587
3666 17961
7005 25409
24454 25204
3337 23467
484 11692
9632 13081
2227 6671
7375 8818
1495 19927
4734 21790
4828 19071
5479 21708
3665 6177
7599 10701
14227 23883
7456 8151
19827 27458
6980 11775
2991 11576
16979 22827
4408 6069
15175 23521
17733 22425
8785 14728
2696 14967
7885 13999
14167 20109
16063 16722
11759 23730
2585 18615
8416 20406
8148 25684
7746 23278
4018 22246
14998 21412
1878 19827
9979 17724
8384 16116
588 28166
10844 14261
2293 11311
24495 27051
16138 24653
3835 10293
16411 25027
16229 24934
5626 21798
13383 22603
18521 23977
15391 18384
760 17075
2563 21522
5916 6905
18758 27095
10531 27087
9702 25309
7758 20837
24199 27381
4214 15390
3566 7969
6718 8072
3317 26690
3633 20674
8632 21657
16550 18996
7113 16092
6657 11080
14894 28269
17487 17530
2807 28199
14805 19382
4221 18689
23585 24061
15384 23391
1967 5325
18294 19269
8817 25997
4189 26148
11347 19509
1301 22294
3742 22216
17571 23839
7538 17198
215 10115
13044 20963
16622 20838
15256 23722
2970 3193
185 10994
1052 17304
19336 19424
11122 24537
2788 18720
15146 25435
14541 27117
17782 23316
11049 15899
6931 10920
18272 25967
8751 19382
4029 10825
15534 20644
4761 10749
4628 11385
581 16679
20333 24236
4080 19266
9502 23705
17278 27024
2205 10807
1106 19056
2508 22754
13718 19567
12029 16322
18755 26295
10701 25755
5079 12941
19 18591
4223 12901
67 22283
26107 27158
5961 20640
20706 26432
1499 26151
4552 11747
8114 16026
5832 17282
13414 20547
7349 9699
2847 15240
11983 20155
428 21711
13158 14754
2520 12652
23036 25039
425 7455
9061 17096
20480 22871
11801 12576
2104 15561
27285 28028
20950 23372
3970 17944
7108 21688
5122 13173
9251 18704
2478 28111
2067 11261
10475 17753
19512 21861
793 20233
712 14513
2888 18718
13810 20081
22870 27586
5984 27205
9197 22374
9525 14657
10115 15875
2351 13015
6935 10208
12674 23721
10264 14437
6238 12236
23905 25106
18679 24825
22512 28208
836 20250
5371 17486
13910 26515
1086 22977
6968 9080
3710 7529
3566 15211
14072 22804
4837 5219
6301 20234
15442 15446
17787 23254
1402 10569
11634 16597
8430 19565
33 18679
15846 21687
3326 13776
5856 11006
15426 21353
7497 15015
16238 27985
3165 8715
12811 16197
3853 17322
13274 14421
4745 13516
13844 27879
15432 27746
5886 10270
270 25651
23658 27838
20931 24934
2391 3203
22553 26103
15221 17549
6116 22328
1505 10110
27500 27938
5505 10197
1888 7471
8160 21101
2925 17214
4729 7736
10600 24218
12829 16656
1433 4967
2955 5831
3987 6533
1744 17341
1200 22222
24811 27268
2617 14016
10296 25306
19140 25444
2697 27953
161 21470
749 12496
18005 24435
2003 7618
15091 23578
1573 24062
10594 23810
15050 26457
23500 24287
7557 8632
8295 20321
2430 20479
115 23749
8091 8801
11444 18678
1672 19121
19909 21798
10620 21188
10949 27610
9699 19848
19466 23177
17779 18736
12428 15705
7533 18850
3331 19817
1756 18117
3196 15131
1249 4742
10389 17115
18333 28212
4711 17833
9260 21269
1721 3932
2270 18014
296 8184
22857 27666
13817 20816
8841 12551
13485 17883
7852 9582
9717 27023
6408 22012
18386 25414
24057 26908
16961 20679
7162 22889
18601 19599
18813 19613
441 25875
9884 27257
1356 27795
10557 21883
8437 9518
3585 22523
12828 22885
1600 4312
4626 25830
7301 21163
7480 18057
1548 28056
1559 13468
911 18369
13418 20797
14660 23034
15056 24798
17951 28177
10344 17219
8715 24061
3690 5764
416 2170
23467 23921
6824 25981
11233 17830
3930 26172
9999 27906
3875 25559
13980 15247
1053 25220
3545 22849
3059 13984
25655 26220
3780 24773
3633 13592
18428 19184
15119 23207
16991 23797
9904 21715
14160 26925
188 24275
8536 18736
6178 19641
8959 22350
6339 19113
25137 25198
1392 19948
14955 26358
24309 27933
11119 28147
4024 4448
7472 14971
14032 19565
23587 26052
12256 17924
6633 17902
9226 25272
211 2388
485 8852
3267 8657
10519 22384
8770 13302
2849 10725
22225 22446
18249 21773
11535 14920
11450 16259
8159 12252
12447 13516
16722 17846
7496 25040
990 18836
3520 9842
3562 18908
10889 12768
16688 21927
15669 27700
11531 21129
13018 16320
10569 13259
12023 20367
15584 19813
3974 15196
12974 26574
14955 18738
12804 15642
13081 20563
23 18425
8181 8887
382 18180
12402 14520
5188 10236
10033 17846
6000 15063
21931 22227
13637 14172
3210 14514
2882 19639
9339 21240
14751 23086
5588 21033
7664 22106
16324 27126
17043 17319
15596 26729
10462 14001
3848 27759
2024 18015
8766 17963
10883 11709
10902 21673
5970 16928
5030 14929
3359 3800
5979 16369
563 27520
20310 25390
2202 22864
4251 24068
1979 16927
11167 21474
9185 28158
6973 9286
8730 12347
15616 25525
14513 27514
1292 5177
5296 14618
3733 24477
2128 12037
8081 18027
19351 21616
11251 16964
15531 17067
5229 10737
7508 24384
14933 22156
26972 27326
17138 18376
23520 26697
10826 18003
11814 20383
10785 24557
16320 17294
14564 21938
8003 12214
3539 16558
15532 19286
11873 15840
24224 24413
6302 22076
3728 17175
8100 8965
4699 9733
1023 8177
9294 26740
298 9864
6084 18973
1158 17946
5978 12077
17153 20363
14393 19544
9510 12692
4802 19374
13564 27300
3918 8587
22799 24598
199 24490
9806 12886
3967 23399
24122 25845
988 27354
8799 14279
3738 5477
7407 27857
18425 24057
3059 6489
7730 14153
5500 18520
11567 14395
2122 18227
3728 13447
4009 9055
22235 24705
7719 27748
3414 11415
1 28238
2719 21809
16849 17804
17748 20778
17940 22413
7490 20813
19601 23286
3960 16676
7131 13885
391 9833
3075 26800
18051 23212
1425 14445
4367 15830
11009 21932
1947 22659
6178 9418
4130 8659
491 24322
2602 13952
13193 24384
1346 3606
18816 19303
2308 26770
19479 26989
3593 24477
129 6894
15996 25535
3275 24164
26180 28162
10200 16253
14344 17692
898 3987
4218 5770
3364 3996
10173 25415
4468 19322
6734 25811
13880 19546
1025 16961
5310 24053
7068 7737
8952 13828
2003 22447
4721 23377
3287 10638
8753 25543
11951 12069
9147 22676
16108 26525
3284 24479
7738 26689
18454 22258
5003 8875
6091 24638
1107 3576
1657 10210
10144 20170
17930 22507
2373 6617
3880 27014
11625 17143
15666 18521
8623 25191
1088 27586
1058 10091
9065 25299
11193 18046
10282 22784
1211 19662
1851 27185
3882 6144
15468 25345
1338 21484
15031 26177
3537 6294
1465 3769
17907 20053
7814 15458
106 1374
7726 21253
17893 21229
22376 22947
8593 17662
12271 12480
7915 9499
8978 14050
22147 25693
18192 24294
3802 5609
8145 23225
885 6538
16412 21569
9716 15169
9192 11138
406 6760
17657 24104
18218 22453
688 19177
14411 25086
3580 5505
8082 14994
10019 27033
15372 15478
1959 18369
3614 16170
7791 15928
939 18260
8611 19083
7943 17455
11330 26865
10350 15676
5721 8858
9250 11439
17503 23425
11059 23205
10225 15985
17369 27612
5579 22340
12598 27633
396 15809
4860 23768
10926 26304
561 19982
13759 23921
20282 21462
9599 14555
22519 22857
2348 27100
8718 25030
10982 27042
10950 13819
18034 22923
10287 27402
7247 16734
5626 19909
12689 27651
3609 27612
3446 11369
245 16582
12908 20858
15231 26059
8151 14055
4999 22049
5557 18592
15317 25549
3206 5716
18434 19273
5084 25273
6552 10018
15141 21861
11627 25713
5485 7630
941 5852
4520 18412
1147 23696
11799 21991
17718 26932
15292 28252
21742 23342
17550 18896
16051 16127
515 28158
1462 20786
1970 16006
14138 26137
3691 23682
4121 20096
4763 22149
17902 18533
14989 17310
15097 26136
20817 22595
15749 26913
2961 17924
6960 9919
18579 24221
9233 15313
1605 13119
1959 10747
17338 25658
23365 23437
9260 25301
6957 25937
6017 7114
15296 20165
12363 27052
9441 17597
5395 24899
8109 9320
5711 11294
23143 23696
9304 20340
10441 22340
14564 14781
17874 24415
571 27513
1975 20816
782 2012
1967 3539
26430 26553
11251 24395
1792 4731
18522 25344
18560 20645
7377 12132
4232 6844
9903 17742
6715 21976
4442 22025
9148 24278
14818 19350
7832 21523
812 7083
11392 14961
7312 26716
3591 9185
17 27780
4026 19665
15834 18847
20127 23104
485 8814
7923 23307
5651 15834
3147 19584
1617 4072
2828 13272
19447 28163
1719 7411
289 15047
15749 18338
667 25308
12703 21700
14242 21470
12020 13462
4867 17901
21927 24839
4461 19926
7160 16955
9806 25793
2705 17831
581 21766
15410 25634
10039 11426
865 1773
774 6586
22403 27433
14758 16510
9422 12765
5569 24856
2339 4156
731 17611
13068 23470
11520 28091
9307 23390
1630 12374
1499 16907
25 22541
12552 19180
3420 20844
4234 13233
21438 25306
6462 16304
7213 13349
10197 20092
8938 21592
12725 21576
5266 27646
3167 7823
7108 25043
2803 24005
24539 25270
19308 23645
7002 10839
4209 5009
17245 22851
843 22087
12693 27919
24607 26424
23480 26848
4371 24935
14987 27409
9103 21511
22765 23143
17734 21345
16243 20628
16428 17397
3321 11315
9767 12031
22446 25857
10326 14425
18108 22035
4216 6029
20583 22409
8605 16530
4162 24779
3873 13623
11290 19610
6629 27790
1589 15511
8151 19781
12849 27201
630 17502
1959 2087
11651 24746
9552 11225
4236 18413
18346 23932
9967 12040
8923 20251
17769 17819
3080 9004
23241 25338
2617 3618
5290 19023
12598 26315
9730 11444
17864 19880
8050 20825
6363 9354
11535 13756
11071 17411
23619 28263
1605 13702
1545 7589
3922 28183
9084 10490
2968 15802
18424 26866
10051 11267
1246 5322
14544 20189
7490 14922
18105 24575
2350 18319
11395 24457
1197 10335
1714 27136
5614 20233
998 14268
21211 26288
494 824
23987 27868
5843 20682
7816 25578
664 10755
152 23038
13354 24171
6876 27102
14683 17952
8256 11540
6017 21149
18160 28048
5252 10838
8259 8979
16488 20557
961 8367
1604 15675
3341 13721
8098 16582
11657 23581
13221 19257
926 5082
485 13292
495 15619
8720 22326
20595 25433
8408 18243
19325 21460
15791 20236
22273 23923
10301 19046
2030 23265
3858 21293
9683 25036
213 494
6914 14356
3407 6295
653 15016
10821 13491
13796 21310
9367 23932
253 21225
4116 16594
9784 13522
974 1198
11585 13060
25894 26404
5078 15335
525 20952
23799 27584
13681 27746
11562 27601
2198 18187
8717 11242
9786 19644
15716 19445
3286 18528
1761 9454
495 12726
266 20791
7021 28263
15808 23929
6209 10520
306 22679
2667 12886
6832 25083
11963 24507
22143 25034
16623 26775
9429 23193
3710 22691
6657 24422
19935 26161
3440 18076
7838 12567
18564 19819
3544 3944
6832 22466
12479 24062
4938 7111
3523 9813
569 17501
6498 27465
14411 24219
6537 22479
3512 6792
9050 22261
2656 18310
10937 18454
199 22325
344 3306
24928 27196
1505 10237
3885 24422
12305 22460
1339 21669
8975 23377
18959 19284
16853 27387
5327 23932
8555 10653
24055 27500
5252 20334
11243 23469
1197 13122
15257 17990
14605 17826
4511 6648
9226 16311
13093 22387
10764 15450
5583 12402
9896 22231
7189 26645
11688 21089
4086 25121
9552 12106
16772 19852
10490 27500
2657 5641
7598 12793
7623 20490
8011 12393
9418 18466
3583 19071
4090 22625
6769 26665
10238 16085
16356 26947
22008 22016
17357 20819
4031 15052
18427 22242
2213 4573
10002 24438
26713 28181
5190 5542
19712 23766
13757 23150
226 867
4702 23655
11117 17803
12748 16045
6192 25473
825 13475
17766 25658
13718 24294
21325 22339
11953 16258
3825 25306
3814 16068
14309 14920
17649 17933
2646 26171
13152 28278
10444 21304
2999 9663
7349 11119
7323 14390
13154 14363
6458 25208
485 23600
8070 28205
3698 10896
13725 14445
12145 12444
14771 23696
3154 21804
7360 27016
3080 6914
538 15168
20775 25329
4248 13504
2686 25453
7799 9242
1767 10199
4272 14820
545 1279
23764 27058
11948 24929
8011 25134
14758 17880
2093 5160
10937 14703
17318 26372
13456 22379
8172 24921
5317 25332
7824 24195
9446 18567
9084 11115
7148 16245
1795 23608
14851 15529
1416 13029
4496 10913
425 20008
310 18963
2017 3622
15023 21404
6796 8869
2093 3592
4159 22448
14240 25230
17007 27348
9767 25414
5797 6484
10532 11905
8959 14819
6972 13832
15173 24014
6770 23710
5491 20383
1663 18886
13493 17952
12253 18520
8391 22353
2362 27523
2967 12734
272 13495
13046 19460
16953 24095
7137 17073
23728 28252
12546 17249
1058 4802
11896 28161
1933 25555
592 10212
12850 18013
976 23437
5476 22761
15022 24624
4962 17735
19501 23121
12506 27173
1787 10720
6009 6155
2030 11885
1965 24423
20742 21278
6626 8412
867 19203
18591 27117
5167 8898
6843 15610
22821 28203
2617 7135
11763 12879
21972 23086
9036 11267
18219 22273
8180 13689
385 23169
3053 15670
480 24904
16177 18827
2148 25349
4095 5209
15031 15629
3378 13091
3695 7002
2305 18009
6310 18574
10848 25427
2836 11981
1779 14489
1579 3762
7007 11668
5284 21638
14040 27218
13288 25929
961 24294
5297 8925
23453 27864
3491 21839
11444 23944
7653 11634
18844 22581
12910 19811
9080 18468
3026 17237
3741 14687
13303 24037
11183 21296
20162 20758
808 11571
14471 19107
11590 20576
10921 20366
1590 11004
2382 12006
15133 24601
243 9962
22724 23388
3059 21811
3598 4178
17593 27751
867 14076
644 8785
4896 17494
4076 11387
7851 22122
13363 21722
12135 17963
19098 20194
11696 27129
5146 9678
1488 28238
11251 12709
1228 4076
1188 15727
17323 25800
873 16219
14010 17787
19678 23775
160 2327
7525 25353
6290 22426
1329 25512
2126 14901
2679 2921
1993 3634
1181 19043
7375 25699
8887 9565
3566 14402
2241 16384
7355 8243
3859 11134
19882 23016
4605 19442
1920 22254
8654 12034
11653 11794
2455 7939
2878 14033
9575 14534
17364 19899
334 5166
9339 21516
6883 26412
15419 21122
13530 19631
10000 19782
18425 21633
650 22405
9834 20017
18577 22031
9878 24238
2583 9919
6825 24407
7320 9874
14881 17868
4737 9569
4580 14080
4556 22869
10842 17158
396 22415
10698 12195
5918 11369
2646 22885
17615 24061
1748 26525
17728 18505
8480 13460
9851 24062
6301 25525
8511 14511
612 23361
7318 25708
1597 2821
3210 27032
15108 21798
1374 13910
2435 24608
10830 17530
5832 14054
12971 21412
23696 26526
6848 22420
4717 10390
4316 17695
3172 27125
7136 17342
1275 21456
8536 16689
2712 27693
838 24857
22187 25337
18787 25413
3043 7033
12291 17482
1761 18665
20292 21257
11369 14239
19042 20337
18994 23651
21129 23178
1605 20279
1713 4597
15730 25452
17798 18651
7721 10928
6317 12094
336 14484
2396 7502
8258 11594
1561 5096
8801 21446
5409 18908
2308 13927
17763 26717
8891 23590
15749 17641
15403 24605
3395 9137
13670 20742
3990 20056
782 20712
11264 18894
7757 7990
21025 21552
14084 23885
25006 28267
12979 13682
9086 17640
7823 10431
6262 24061
13054 21942
3989 9583
8696 16178
9264 27279
1706 24096
7839 23721
3464 4766
7343 13875
4085 13373
15523 20480
1622 9067
2830 4650
1996 11737
13134 26111
5580 17177
5168 9558
2894 26204
12253 18160
22630 27022
20842 24131
17037 22049
7225 13785
18118 18909
6163 14942
8791 18811
18945 24279
18861 24717
8443 11107
15675 19712
7871 16688
11176 16588
4363 14608
3789 9254
8345 19281
16017 18265
20258 27117
11948 13030
6033 21831
22531 22901
418 27438
10495 19942
11580 16955
8957 12145
16934 17184
10889 19354
3989 16080
13419 14155
3667 17592
872 26716
3390 21798
22897 23342
2277 23797
8096 27084
6390 22670
17273 22422
4126 20677
439 10427
1620 6942
20106 22096
11701 16688
18784 25402
18326 26834
9808 16954
14706 18259
183 3287
7987 17902
8498 23822
5461 17075
16313 27446
4172 7475
309 19948
173 3046
1985 17477
15357 17028
597 6094
9872 11484
13744 18788
7468 9090
953 1272
3169 13246
7449 25239
23863 27640
20195 27179
10175 12208
10584 17754
17526 20339
9033 11166
1695 22331
18381 27014
27374 27716
10281 14886
21808 22137
16358 18422
1011 24589
6200 6707
251 21474
3669 12561
3456 25779
228 22876
25243 27668
5716 24610
5528 21798
3654 8511
13806 25062
265 12853
9878 9903
656 4234
4675 7210
8113 10711
7771 8258
10701 12521
4132 26419
19400 26681
9286 15647
7626 19061
850 21944
2709 13055
8437 15272
17422 25160
16582 20554
77 21497
3871 9020
14867 17165
9696 14378
2666 10256
5021 14289
2764 24451
22452 24750
10698 12800
20258 24830
16619 22245
8416 11444
9439 10852
26053 26947
15052 20737
8455 16522
6437 14854
3113 26916
12040 25632
23194 28186
12699 18726
1609 10296
8457 11780
14390 27016
5405 24808
6092 26353
16666 23234
26577 27844
7611 15257
2790 15939
15300 21598
7869 28147
22457 26554
1343 20008
4310 26647
22735 23713
7293 11560
13564 17407
11148 11819
2135 27827
16201 22017
19092 22833
3586 11283
1 7618
10541 22676
15594 18461
444 23107
3944 14771
10806 11763
12649 22750
1590 8605
11011 25955
13892 22415
10093 10675
13150 13828
2067 2518
27002 28193
4685 28212
1026 27043
5979 7137
23722 24504
7417 16050
9312 20816
10781 28027
2744 18775
8462 21333
13543 27278
2174 7915
23345 24610
22606 24899
10160 14400
1 22658
17214 22996
10419 21359
13078 14487
7404 19861
26945 27970
12148 27666
11852 15913
3872 13827
126 8167
10521 26017
13488 16216
3709 8963
14407 19139
11997 27821
4216 16612
8957 12321
2368 7964
5725 8936
25120 27113
3810 25287
2955 11746
6011 24806
5668 8693
2588 26825
796 11987
5466 9582
25445 25810
22045 24846
135 12651
1817 23868
1349 24040
14657 21815
4870 22365
8454 25057
8730 16263
1609 18369
19068 27565
12218 21638
5978 17717
7635 21962
14121 16987
2935 22795
15428 15900
4903 10646
933 11746
18779 25287
10298 27382
2474 14783
13157 17326
11953 25468
10326 21740
485 27969
14477 22640
17214 25699
4532 7290
5252 27522
3071 12890
3002 18381
5485 9394
2248 16656
20384 22511
17482 23754
10460 14950
8122 21291
5077 7209
16515 28099
10576 16276
13894 22026
2754 9252
8491 27527
9095 20563
22581 22717
11499 14719
17280 19846
1579 19154
21080 26948
8128 12139
17356 18214
9418 26476
8919 23781
15857 25327
8011 12381
3654 7926
8172 9884
881 2259
18249 18826
1005 23141
1338 14629
22321 22947
2076 18533
593 9043
23399 24861
17763 26588
12708 15133
5083 14889
11692 16905
5415 14788
7987 12356
5832 17642
7682 8688
13917 16525
24112 26358
13677 16878
15351 21735
18166 24095
12054 19774
13055 16932
14390 23361
7137 12010
13661 22613
20477 23816
448 14872
26740 27927
12128 12298
12066 12416
10163 10767
3331 24601
10411 12204
11230 22679
7830 9222
7142 14552
4442 12956
4646 21355
16214 20956
8510 9268
12326 15251
18808 21409
11822 24506
22605 27482
13343 28194
9988 17026
19551 23184
7169 23502
23978 27296
2058 20448
12794 16959
6782 26410
3349 26409
5956 15697
13014 16785
9324 25817
6282 14555
21850 24393
7753 24248
9574 9956
24714 25116
5371 23377
10124 14954
10692 12178
22824 26593
11264 15676
308 7018
15009 18694
22409 25669
10432 14027
20937 25306
424 26074
21180 27056
7559 9951
2247 24719
12244 20162
7207 28170
3366 11444
11790 20676
24023 24122
6555 19865
973 8620
925 18160
13202 16634
3894 4144
6806 13968
14012 17374
7320 26372
3059 4099
15475 17220
6008 18104
12633 19990
1209 13114
15119 23752
17037 22901
23927 27991
7869 12724
12515 24132
15153 24836
7783 26670
17294 21689
7675 25271
15576 20302
10701 20824
2383 3657
5751 23369
4336 19792
21950 23102
9811 13152
22917 25716
5068 27751
14144 21727
602 18718
15036 16206
21129 26291
13970 24998
22966 28268
11207 14753
16014 23679
19704 21852
12836 25283
7525 24059
12707 13353
23053 27424
1254 16887
957 14464
8057 20387
6074 17760
175 10512
1402 11819
1887 23617
21109 23036
4388 20241
15136 23816
825 1487
26908 27321
21593 24164
11916 15986
11131 19247
12642 20891
1987 9690
18051 18196
6660 12847
5051 24794
8151 8720
12402 13663
5965 24884
15494 25402
7804 19169
6217 9962
11878 19977
10067 22004
7015 14555
9012 21006
3397 8243
16658 24731
828 17263
1600 3624
7669 26855
5731 12228
7413 20355
14394 20078
12440 24819
17 24836
5104 5802
18897 22362
14822 27221
18247 22154
6446 18588
13221 22564
835 17474
15713 18322
406 2610
1840 26781
1329 25833
8480 17017
4237 21024
9190 19576
5342 23060
6103 14477
23788 27867
16154 19906
3359 25519
437 18672
15701 28054
867 22425
5465 19765
1158 11880
5055 20789
9253 25636
15922 19623
11837 15660
5852 21027
3987 17657
18062 28255
10804 18059
13373 23143
2349 25399
5297 8558
17510 26654
15106 19909
3300 18050
5375 25443
1015 23952
2146 11743
1396 17726
129 21424
13816 14519
1013 16718
9320 23590
15253 16498
26518 28263
5330 6348
4123 7206
20007 25185
15758 20803
17241 19876
5433 13233
2303 4711
22379 28211
3785 18963
2157 27508
18793 23803
11678 17027
9899 22623
637 21718
5600 11944
13536 14095
12211 20162
16209 22483
9144 24856
2365 4394
14228 14710
7412 18669
2767 22322
4952 25306
2883 23415
5522 18891
13248 17510
3434 4189
5505 10585
8746 15736
259 13590
20117 22300
21688 24005
11207 20384
15001 25978
15748 17511
4780 10207
22093 25793
16974 25658
10119 27279
21227 22880
406 21481
1806 3791
25571 28041
17851 27331
1272 1753
11295 22340
1727 10698
1508 16718
84 13484
7540 13353
6569 20167
10418 20409
8859 18589
5970 8291
4541 21552
15132 22330
17838 22857
8707 16905
1814 7320
16900 25730
21345 24457
2959 6115
18491 27190
3825 7505
2397 23952
3589 23175
19736 23679
2101 11784
25371 28211
10807 25121
21673 27243
7087 8790
5068 25451
20956 21110
3825 11254
13984 15376
21462 27296
21679 24108
4830 6562
14532 23399
595 19696
3566 15749
9438 26456
933 24476
18921 19390
14384 19857
3300 8295
14830 24589
17497 23026
4323 6668
11047 11657
5189 11576
7104 8134
1365 28060
7202 14543
16907 19869
14124 22517
9120 23417
18255 22832
11793 23936
2403 15153
8742 25517
10462 15038
20162 25468
22273 26908
23719 24322
15743 25729
2104 24586
19368 24466
9548 13440
6072 22153
681 15619
10740 16794
2225 5839
5731 27675
6832 16501
660 23310
7809 14124
12260 12570
3700 15680
5000 6707
3484 12086
26168 27805
4414 13168
18191 20732
9563 18909
1111 13683
3734 13495
2386 27835
3763 7987
18669 21078
8485 13822
9090 20009
17530 22425
13847 22310
1978 18449
12244 22996
12090 25805
21159 23143
667 9019
1012 23168
12336 22394
2396 27194
16898 22786
14607 25886
6042 21770
15348 27984
14920 17773
8318 14119
3478 4173
17679 18533
1534 8924
18951 22607
4385 7648
11342 26991
3971 19117
12184 27287
14752 16373
6983 15986
837 23026
7435 22545
8323 17754
6065 15267
10018 14082
9095 22907
9572 19576
2575 3221
24500 26992
8472 20291
12928 15634
20224 26367
120 25501
21058 23657
2303 2598
14418 20162
7350 13623
17597 24105
11845 25187
22819 25097
15854 20843
19567 26493
503 18504
21481 27042
8952 21387
6426 27013
5614 11701
19123 25193
8264 21710
10379 18678
11309 16238
1231 10392
13002 17838
4312 7768
6990 7320
3362 16953
9490 27718
3510 13337
8010 18020
3885 7166
3544 8508
12659 20691
12829 21430
2929 9621
10488 24420
8792 14491
1346 11240
23553 26807
21841 26000
7397 10388
12400 26546
15493 15719
7630 28165
20422 22180
19189 25906
22349 24056
24 22558
11295 25986
19210 20008
22835 23524
687 18712
13366 17992
19228 22331
10847 24005
4162 26948
14156 26358
1404 8737
348 10836
9305 17319
3666 18265
20109 24104
24308 24882
15174 16002
8730 28044
4972 14995
3629 11047
20885 27004
19132 27223
9791 27514
9527 20575
3871 14464
13140 19008
135 25108
1210 18057
16160 18986
7896 25769
2212 14706
21955 27124
5854 14590
15344 25415
24715 25538
19967 21122
17003 17814
3667 24612
424 918
14609 16563
12708 22302
3045 21105
8570 10813
3195 24267
8593 10279
909 14695
17304 19058
2635 23254
2437 6766
11649 14732
2491 10935
836 3484
1067 11953
7826 18099
5996 23183
1216 6229
10794 11825
5296 27769
4949 7138
2691 19877
821 13078
8806 21053
5301 8781
20391 27926
2325 23345
2740 19102
19567 20633
1349 5126
11816 19137
2724 6879
35 16983
21293 26740
14892 25009
4623 9843
21761 28085
822 2262
804 12541
15296 20059
16323 22842
27373 27926
6166 18219
15729 16369
10735 13889
649 3908
1008 18708
13899 25908
17297 22835
10218 13471
4330 27467
12708 20849
7166 28044
1349 22665
6370 8483
4111 9198
17898 25513
5442 27099
22294 27100
22893 25108
8185 20867
20724 24442
1891 9922
14291 15481
1851 14555
763 18251
12868 18511
8192 9339
12814 22616
2708 3401
21438 23277
15695 16276
2932 9109
835 27418
213 19280
20263 25191
16374 20213
14551 25329
13453 26494
17 450
18720 23875
10618 27360
11569 20795
12097 16138
8174 27522
3695 6879
15467 21527
11115 22283
20419 21334
4196 13796
15840 20288
2605 24098
5123 27358
17925 24091
4990 11104
14901 23843
10175 14920
6996 22343
341 9095
10023 19013
11111 20988
12200 18760
3108 3734
4675 11142
9615 22106
12462 21028
4365 5222
17379 21008
6981 11100
7447 25270
12576 19354
15826 17902
17188 26640
13377 19222
1699 14541
972 11886
5502 21301
3683 5421
5084 25453
3425 7050
20031 21182
603 5009
1573 16036
14989 15244
959 7849
1767 21974
20328 22550
9569 24884
12122 24646
1852 22546
5254 26686
11734 13842
11621 17684
4573 18009
1364 4006
1239 20069
17318 27206
14021 18386
5768 19767
8597 10431
3484 20541
23914 26919
4536 10871
3689 10151
14242 15376
6503 26414
373 7237
7004 13191
8373 22054
754 22543
3235 4786
1942 18069
11797 18354
11368 11751
12576 21981
11920 15501
6832 23955
10137 15587
10888 18985
14689 25381
3634 10626
5344 18304
12280 17907
6972 15729
139 18603
7832 22001
4925 18959
6299 20493
4519 20860
9954 15255
18454 24120
495 18369
6692 11623
15338 19272
14743 24279
10256 16374
12056 14559
12689 24072
652 12114
9215 19991
1605 7129
1462 13878
17501 17543
12228 18304
14513 26025
7413 21372
7538 13863
4921 11998
8291 14506
3908 15939
18669 27875
12092 14689
9592 20575
4310 18470
27087 27222
7073 9851
6167 23890
4087 7997
20868 24742
4248 16879
5294 23292
5104 19964
406 12433
2242 9776
15373 18280
4581 25306
14017 20332
16205 26617
2968 4912
4424 5941
14991 27313
6633 17847
15839 24774
1475 11119
4648 14390
751 900
1 5789
15825 24504
5201 26126
10560 23454
13025 26507
3484 8902
3098 16602
11436 19397
10837 24671
4377 5143
2929 22761
16002 17782
14017 23619
20138 26978
3958 10748
3878 9604
9636 17137
12542 26017
900 5761
1657 15376
1151 17404
11987 27904
14866 16170
1380 23173
5691 6086
16113 18921
19007 28226
2541 12359
13786 21194
25664 26965
7759 19754
7325 27222
3873 15676
598 20470
11486 13970
295 11484
3634 22418
22333 26014
13137 16642
14648 23338
13270 23978
13170 16504
10410 12970
6178 25172
6914 18541
706 28187
13885 27810
11439 21326
7101 24903
22651 27814
10368 26841
13261 22860
24299 27637
1775 20836
11311 21154
17146 19424
8075 17884
127 1782
1589 15575
2712 27499
7311 23495
11476 23898
2340 25793
9065 25608
7935 14537
1877 1950
5710 8831
15304 22614
22227 24787
18679 21341
7420 8254
7200 20950
7601 27648
7267 19546
5988 15346
7358 16351
1105 11725
6848 12218
4954 11268
20469 22320
2667 8811
1038 22452
11207 22448
13821 18574
7930 18566
16355 19445
3269 16938
16625 21710
11254 18909
12101 13556
3204 15572
26177 26896
2905 26457
4046 6405
13091 18400
10050 15164
7824 25680
24172 24634
5614 6232
15162 15561
8451 9816
14513 18901
14672 22820
13515 14696
3885 15257
16887 26489
14748 28056
17784 28150
24616 27420
5913 27790
396 13212
13700 27084
2430 4847
20274 26017
867 21473
13714 22078
1181 9515
7985 12244
15109 22227
15283 26758
2648 10600
13374 14419
8160 9869
19856 24120
10168 10242
15712 24317
866 22669
8163 12708
12877 19184
14697 23608
18297 18717
13468 19281
9826 10120
2148 20737
9923 12428
18901 27514
3984 26747
11806 23593
21101 24589
20657 20831
19907 26862
3727 12891
10691 27867
459 11642
9848 16131
6896 7884
6172 26753
12447 17059
14984 17731
5685 6171
3923 10704
19200 21794
5245 18166
11562 25048
12589 24104
2247 5751
11430 23631
5485 17963
1753 23629
2137 14970
17506 26254
21671 24186
11668 26038
11618 24551
16932 25454
10143 24171
17259 24500
8057 23075
3231 6795
15391 22091
3788 13598
799 848
2527 7804
4504 23754
11692 15182
2782 4689
23680 23898
811 16073
3738 22025
1338 21178
6772 10797
21165 21889
443 19775
7878 9696
1925 7935
8085 18055
13468 26169
17684 18947
12264 12495
18084 27375
17354 23348
20398 27366
393 6789
5362 27698
599 12033
2250 3819
3997 23143
1126 20503
14113 18529
23728 25259
13518 24317
14133 27278
15362 21849
1141 19300
13203 17260
9550 18708
7205 18919
23989 27544
7385 23265
6155 24629
13102 13510
9193 10696
17727 18211
16983 17791
5568 21449
591 26135
24799 26829
7477 21569
3762 14771
17526 17657
8284 14721
15682 23398
4015 16511
7075 14050
19198 21229
13977 22688
9590 11622
9847 23083
18349 19546
5702 16187
21771 23734
7632 27719
7112 17963
5898 25566
1858 21333
9496 15791
5413 25381
5477 26686
1358 6531
26554 26753
15076 17907
867 27922
12945 17526
3794 16562
5284 8907
2356 3204
11748 21048
9055 23102
2730 28166
7142 20944
25743 27193
5894 26517
15357 15372
6427 12545
24773 27117
8990 25771
1915 27113
14657 27221
860 7878
1543 10156
12427 12639
3609 25830
6832 11748
4629 13954
8167 17779
11305 20586
23 22104
8990 13208
4422 4626
20157 24964
6221 14028
3084 20448
11953 22539
4256 15286
957 4380
3956 25576
1736 12221
14384 17812
13032 14402
3296 17584
15470 25174
22870 25439
11931 17241
609 18274
14895 16846
6668 19086
4902 26517
13288 27070
5999 8767
6177 19736
6121 17193
7677 12257
15380 23411
24762 27978
19269 25887
2525 12410
9530 10165
25638 26277
1487 28157
8124 25693
19827 25390
7120 14298
20483 24326
3801 24836
15064 15082
8500 22349
14093 23932
4141 15190
3041 7687
6604 26735
18993 19639
7205 23721
3878 21955
1482 17196
17640 18530
184 13225
12661 25534
14588 25174
17524 25403
8220 16259
11281 19061
3834 12102
6103 13054
7146 19536
5240 20083
4878 10800
21456 27279
1322 22404
2657 13168
13668 17319
14402 18547
8303 23072
4623 22588
9108 11028
16784 23931
10391 11479
15533 27300
911 15201
7209 28244
14362 14428
10415 16148
3922 10958
13480 25887
1996 25262
6311 19119
16513 20859
5687 20826
671 14993
3146 3448
7269 22196
10966 21474
5673 9193
327 12352
6301 24433
12769 16377
473 20754
5574 16686
1826 16882
4394 8569
7758 23101
5895 18225
14344 22010
13272 13851
3018 3146
6775 7434
2163 9728
21612 26272
6868 23899
11636 17374
11948 17951
8086 17097
2301 28152
13621 15242
43 11538
14145 14270
2190 13953
4121 21824
19595 21673
5342 8624
4434 16232
7398 19219
11621 21770
19971 25039
13317 18855
4361 9086
3648 25012
11273 23818
10572 22148
13534 16814
12811 18225
4421 12646
7075 15018
5665 18972
13345 25746
7975 20743
21806 24520
2435 23748
848 22323
4534 10357
3410 11080
18516 27052
10012 16333
3528 5398
16184 24503
7147 21156
7202 14389
8717 23721
3730 5040
4039 20282
4600 15162
9853 16794
15404 17726
20818 23050
18786 23695
7800 11373
18417 28231
8781 15022
7261 18991
14257 14658
5979 13456
10828 19081
3825 20631
6120 16201
17953 22416
8054 14731
1717 14791
22150 26595
10384 27352
2671 6169
12709 16021
2956 8435
13232 23914
22042 25519
4373 21312
13953 20002
10652 20205
2998 27192
10602 18921
3406 12490
7170 19966
11106 11627
15906 18046
17626 21323
13970 24904
14096 24027
5716 12145
3587 9574
14563 20663
2133 24559
6147 20205
9114 13875
8737 21589
5279 26457
14707 20021
3052 7802
1046 4073
5497 6972
16749 17468
3206 26235
11436 16555
5923 6668
4737 25432
8349 20608
25036 27101
4080 27938
10971 16184
3634 19137
3815 17404
11612 18882
7791 9524
5217 25559
6765 11963
2189 23023
11847 12346
1188 3275
24167 27128
11139 18415
1432 23035
19023 26266
18622 23946
4868 12193
23363 28070
11184 23579
6725 22598
24313 27725
5497 22165
4724 14393
1609 21612
12404 27210
6008 15257
20313 21359
12033 26177
2455 9897
3522 8964
2162 27093
9732 25661
21577 24500
11702 13422
6931 23269
10464 14033
15866 18919
8138 18214
3374 26281
7213 22308
1106 21086
11746 15782
12361 21958
719 22197
17193 27189
11347 11756
505 11755
9702 27453
5 22487
9782 19329
8106 8871
22227 26121
5327 11997
8516 21798
1163 7116
17133 20635
7638 27072
3197 15952
6239 7413
3634 17473
5047 5252
3011 26147
2925 7283
16001 25121
2536 14534
105 1056
8770 10767
1525 22797
1545 19287
11610 16149
523 6349
4591 16953
1377 17944
711 14938
10086 24570
6495 10209
9408 25759
21766 24392
11059 18110
9450 11652
6708 14803
3942 9090
877 2233
722 19195
10030 20502
5500 24640
3002 22497
7930 18784
11444 24823
16986 25901
8155 18050
4175 26201
23361 25901
81 87
5267 24053
5206 25277
15540 17632
12512 28087
5021 5540
7332 12126
19794 24801
1035 14900
11884 19337
18559 19712
4453 6087
4018 13255
9881 12226
16284 23911
8721 21874
10570 15382
13620 27495
9496 22981
27359 27811
20276 26184
615 6970
2904 13057
8083 20238
4507 13475
10244 25381
1800 24797
2504 26103
17017 17346
22335 24244
2433 4209
4991 8043
961 19169
3442 27142
3231 15282
20139 26099
10488 19197
3753 4101
6690 17481
11346 13317
212 27489
18850 27126
4581 24221
5641 14520
8012 13373
12293 14903
3927 12458
3056 28181
16629 21988
7459 7789
7956 23588
17604 19704
13292 14246
11030 27766
22475 24223
11287 11746
8096 12264
6854 11059
4326 26327
8251 10432
6741 7878
15531 22925
14767 18708
374 24936
7205 22425
2764 26802
23560 24610
21919 22080
12755 15091
7481 12829
13704 19843
7456 11594
8387 8536
5791 17993
1727 7236
15682 21038
12822 16379
21633 26150
10023 16116
7323 16175
14010 19816
7053 17348
8678 23430
14215 25732
12433 26724
876 3209
2280 4892
10053 19105
17379 27974
108 24265
4067 14481
8560 16449
17899 25263
278 21091
14592 17070
21688 24167
682 23473
4516 27088
8499 24626
19542 24065
7985 22925
9986 16193
4925 10731
8730 8752
3059 17397
13123 17416
1507 14851
6069 13129
1609 24221
2525 20715
18470 22492
9962 24136
11043 23254
17530 24127
18529 27136
1 19675
13978 27500
21158 21361
10323 21589
13074 16743
5386 26226
2401 12558
5569 22203
14954 15056
9572 24104
10090 13535
4026 19222
19662 21026
10644 22960
1067 2135
18037 26680
5880 20896
4633 5694
12686 17377
20321 21955
12900 22338
16599 19753
14 5393
7937 8341
4268 19368
13330 25134
10896 14490
5845 25978
9553 11444
4992 17422
9216 17150
12310 21296
11599 20511
24068 25557
10467 23296
8055 13879
2474 4302
6609 16299
5919 27162
15038 21663
21018 22880
9614 24012
4175 8707
5689 14241
21913 27108
16033 25774
518 3065
18988 22382
1229 28121
7207 8145
3947 27864
14124 27906
3634 23521
2928 12651
20266 21356
14546 18255
7312 10596
14082 20235
22833 27114
19410 26503
25174 26902
3531 15056
4291 21097
820 5221
7980 18725
1343 2635
10972 16850
12832 14027
9086 24434
1043 15862
20899 26682
14227 16274
2326 21680
10473 25345
19481 19789
1926 8100
9356 19967
14129 20633
4388 24360
17615 23805
21419 26077
19982 23730
25416 27730
23011 26517
12546 19601
17637 22010
7067 8829
3698 26779
14164 24377
2272 23708
2121 18816
21520 22553
19548 23858
11050 11187
5115 18823
10209 22052
2655 26167
3970 15996
7381 25433
2726 5771
13114 19451
19034 19884
3810 10309
6624 18052
1621 18950
13405 21895
19692 24169
17191 21646
10393 19736
14035 19494
17359 20703
3186 21079
19378 27044
5153 19188
8443 14359
430 4840
11193 12506
2031 22590
13032 24892
11456 24527
15633 27589
4334 16628
6280 17036
2667 9949
10907 13564
7846 26851
3661 21201
149 9260
13591 24068
15974 27867
13710 25074
788 10875
423 4257
1858 23315
13810 24576
16957 21362
10012 21794
406 1574
4823 5134
2691 5882
11150 21443
9053 23061
9590 17640
11047 19095
23911 25432
13091 25468
13087 14437
12275 14941
4646 13707
1538 17507
6235 8858
23970 24410
19169 24510
22832 24069
15610 20775
582 5123
4456 10284
12996 15782
24300 24935
8990 21219
1151 1878
14359 28077
16024 18787
18749 27649
12611 15386
3819 24406
17366 28100
15737 21873
12434 27961
5393 13464
18119 20046
1925 13062
7148 27056
4603 11239
7976 11692
17541 25273
5655 15112
7073 16509
10242 21712
3326 13672
1567 10807
2003 23025
16054 24568
1448 24032
5202 12919
6762 25383
11096 14611
18209 23225
6267 23365
24214 27566
18865 22784
1 24836
4420 7562
11241 27552
3401 7937
4993 11424
3296 7756
605 25267
14900 19327
4101 17787
7915 9519
10026 26740
948 18669
1395 17060
652 23456
9795 10457
8320 20069
20406 27726
22340 24509
8955 9503
15358 28251
11417 26213
8582 9769
19039 24908
16467 19162
9603 20744
9843 11261
3204 17988
11868 23281
10967 18594
16611 28228
7555 21335
2776 24395
949 25538
9490 11828
2611 24136
1940 18442
1005 7101
18128 23516
14262 18656
8186 25006
27765 27890
13754 20173
3380 7828
327 20615
1756 15995
5056 13112
24556 27253
7266 14045
2750 9820
4166 16360
1940 23864
5252 17013
8964 22273
8529 17832
9575 10215
18280 19134
80 3955
2877 14407
17658 27298
11252 13780
17973 18452
1271 23762
4883 9747
23 15308
4252 9557
9285 27545
7948 8924
8188 25635
1351 4484
9746 17446
15104 21122
3759 24653
6765 22331
3702 23034
7199 12214
4077 22154
17027 25779
21771 24265
17757 18581
6237 13200
309 23997
8057 27927
6868 16022
840 5070
3446 5480
14997 27571
3002 5368
18280 20956
8975 14723
11755 20261
7903 10961
6533 26753
6807 7464
9481 27083
5117 16963
13818 20157
14604 24082
17404 20661
2021 4470
19926 21235
13264 25586
10023 27625
11113 24453
2383 18810
21191 23617
10495 23696
13203 17880
5364 24262
7541 11231
11870 19704
10602 20363
4963 16365
5626 22295
2724 27324
8568 25459
7755 18021
17472 22056
16555 19544
11887 25343
21919 26014
7707 25161
9148 18359
10350 17402
12147 19891
5587 15305
920 19123
13324 28200
10930 16863
1574 3383
2709 3900
20742 22825
6612 11258
11335 20937
24053 26191
4142 20860
1851 24255
21356 22345
10837 16814
15225 25482
11087 28077
7482 20741
18791 26590
2541 9138
837 23902
3059 7169
5585 24756
24686 24827
11537 15783
17756 20538
12696 20162
13522 17515
14796 22907
17353 19145
14767 24295
485 20611
15185 25260
11550 15762
16262 25003
3342 15748
426 20441
1806 26152
20018 24151
3002 17160
15052 27142
11818 25386
5818 16736
3902 17137
2737 7400
967 28211
2928 14970
11701 12127
13579 22026
5485 26602
1618 4123
17331 24752
16842 27702
8143 25735
7393 15173
2671 11316
21088 23909
4493 8291
17364 17568
12346 15928
3678 20835
9997 19584
11844 23034
1600 27660
4021 21307
6603 13355
18318 22422
5916 27529
19950 21194
1467 21884
7047 22593
24122 27821
9704 16159
12185 23505
7258 25781
21922 26212
8880 20028
23954 25434
10152 11798
10957 26977
20196 22481
2270 25740
545 8924
16991 23885
8649 12954
11080 13561
425 21823
16142 22612
11027 17112
2965 7412
22479 24738
3625 10015
823 10949
24746 25879
15629 19649
4259 16842
19371 19548
4693 5325
4280 19543
15022 16333
14057 21770
10160 15672
25084 25299
1116 18642
2189 27185
15327 18685
16314 19947
10533 23237
8008 12281
6931 19676
18891 25182
10319 11625
7641 27389
2641 16333
12388 17829
18594 19249
2784 28069
4218 16702
21026 26372
3414 26253
6794 12409
20018 24512
13776 19775
2035 4063
5505 24266
14969 27173
2373 23334
4613 15716
872 24368
396 20845
18790 23162
3734 19729
10219 21994
9214 12401
19006 21688
9852 20702
9977 13875
2505 25883
18598 19325
20941 24611
2031 5534
3253 18529
6228 19292
7987 16957
20667 27448
19148 23831
4802 27976
2823 11295
8624 20266
2250 25539
12260 14033
10479 11922
1951 11026
1361 14954
13142 20310
2894 3300
3244 11361
10935 15910
1830 25008
16333 27221
23941 25740
1672 26147
11479 13046
1424 16641
4151 14776
21262 24069
4606 25327
4803 15541
9788 14489
22769 25395
4422 20113
17214 24263
3356 14153
11059 15698
11916 19871
10617 17094
9782 28166
4076 25057
813 15672
12158 23400
9511 18321
14301 22785
12222 14158
16906 21970
5711 26498
16148 27030
2746 9580
6952 11785
7571 8381
24474 25408
356 27844
20233 23635
9923 16698
4507 25562
6498 14351
3625 9185
3216 5832
9454 17953
16311 19764
18437 26463
19637 24813
3813 26698
2458 22968
17054 17109
12105 27356
14534 20757
9377 24069
9424 17170
7205 24148
15828 25629
569 14771
1878 19281
20288 21815
15182 18308
23379 27042
8471 15476
4154 5785
9084 11529
12228 24784
9465 16823
8930 26899
3932 23170
19706 26463
8413 23705
25602 26333
15136 27921
10768 28206
10015 16806
3997 21826
2031 14259
4175 4391
731 27731
4336 26858
12437 19468
8982 21536
3806 22204
9569 20092
9033 25836
8828 25107
4769 14424
21240 27991
4597 26151
19414 23454
2454 11725
1355 18478
6222 23377
630 3310
16778 24076
11335 16531
9868 16610
3566 23914
13162 23024
1659 26580
14586 23318
17515 22731
22926 23876
12183 18685
804 3201
10706 22960
7075 26311
23748 26833
5760 23022
15708 21380
4044 25838
9799 27795
6584 21228
3825 14873
4960 11748
18267 24179
7347 24852
6702 20497
609 618
8762 17953
4867 13444
10170 16253
545 13190
1232 21226
2216 7176
12794 25432
4218 24491
22581 24562
4037 26119
22811 25254
8493 10646
11401 21197
15022 21633
22476 27908
19020 23125
5571 10369
14604 27352
1081 3961
18662 22336
27092 27579
6127 15022
9560 16963
8070 8825
6355 27449
13968 15218
7627 25397
10231 21811
9219 12361
1165 2832
5004 5989
584 21774
13246 14082
8126 27127
741 25011
1144 19068
916 18250
5728 15592
19536 21945
18603 24363
2348 4309
6227 6926
5660 18302
2362 17319
3995 23182
1593 26053
10971 18277
2280 3532
6613 16906
8188 8890
18789 25713
1622 16642
8775 10041
5691 10160
8035 14331
18554 25403
19647 20266
1920 14657
1142 6620
7229 12480
10330 22996
5984 11880
5671 28006
22086 23619
25330 27073
13700 16890
3733 12674
1302 23282
8040 18823
11911 26009
570 20280
760 1448
16094 19469
11784 26070
7963 22581
13998 16198
8028 24970
1741 14744
392 14560
7529 27373
2823 18029
1940 7852
3269 22052
4256 19566
3840 7565
4524 20990
16939 16956
12040 16756
3598 25626
6876 21501
3178 26734
16135 26353
14477 19068
12887 25815
19153 22534
3210 21623
1086 10876
9905 19410
3634 24298
391 3377
13848 18464
406 2841
15871 19105
3197 27428
11155 11712
15088 27404
1103 14418
5767 7508
10856 17029
9043 12412
21215 22532
1710 6072
6111 14555
16276 23006
7975 14228
6067 23236
14209 27449
26908 28263
13495 22452
17428 25559
14203 22436
2058 27514
10530 21285
2488 21748
5412 23638
4118 25036
495 19853
6586 18350
566 8414
18938 21883
2369 15391
13328 20848
10818 11141
867 16165
253 17607
7497 8775
7108 19440
4652 26243
16905 22441
3900 6170
104 16687
12302 23392
8191 23147
8499 18267
3738 13383
857 21145
23465 24350
2547 15749
12169 17401
9842 10449
443 5153
6067 23082
22128 27429
3528 4329
4444 13433
7528 10420
11192 12093
2093 7015
6402 12120
5217 27051
16984 19242
12440 23115
20558 23628
6545 26329
15466 22524
4157 24502
4904 10462
14672 23165
23408 24490
12357 26876
10498 16929
13756 14920
8680 23963
106 3411
4286 12696
5749 28013
1118 19471
1372 16769
10424 13600
18384 18557
7322 23267
5585 15713
406 5343
3859 19221
8231 27786
18463 21871
10594 27543
4237 14228
18715 23669
8424 12989
8330 19145
10859 13091
16509 22225
8812 21109
714 19578
24862 26498
8113 11821
4180 22352
15705 20601
9524 20503
7632 22861
20038 27110
345 13564
10022 13787
20564 20958
6188 27271
16734 27823
8552 9528
2961 25343
9038 26744
22656 25907
7488 21103
13347 20170
3855 16617
19378 24592
3889 17742
9907 19021
4977 11836
10054 25490
5699 6677
6569 22011
6965 7079
874 14908
19972 24378
2889 13576
14099 26004
5792 9498
9823 27216
15297 21192
15588 20273
3854 28052
4275 24936
23890 24280
10531 22591
9059 18739
426 22857
5649 9735
2284 25255
7268 10050
24461 25959
3069 20648
3545 22755
580 26559
1840 13106
5419 10908
4993 15868
1264 11141
21866 23799
5408 12787
6669 16136
11044 17318
7466 23133
9901 14399
5609 6489
24122 26866
14071 14571
425 23254
973 23942
2067 5479
7341 18837
10200 22285
4877 27579
3224 23800
2129 2878
8515 23265
3746 18704
3209 20763
10859 28203
8426 25742
3568 13148
16092 24210
2141 4538
5371 20250
3724 13611
11800 16613
25927 26957
1948 10222
18625 27433
1524 20857
6288 13073
2304 23400
10082 19372
22399 24716
6370 16158
10746 20520
11996 24982
12128 18954
14982 16095
18520 27867
920 23147
25365 25849
16986 23361
1767 24756
1843 14033
1181 24437
17275 20236
2118 21600
1007 22435
7469 18280
8806 20480
12371 28106
7441 24557
15179 27554
11516 19123
820 23338
10943 23467
1045 20054
11484 16518
22210 23269
2748 17524
9404 13216
13190 14772
2491 13224
25070 25433
602 4103
6868 24425
24563 25759
4627 21650
4819 19950
11348 20950
18339 21368
12124 12835
11245 15462
17034 19886
1712 4623
22060 25177
15920 24057
4144 12510
3805 4457
7725 21462
861 21811
7464 11095
2634 18046
7595 18533
14471 24862
2462 5178
17391 17782
9846 12193
10896 26779
8338 16154
16911 26998
1287 16560
6775 21423
3096 15513
10982 24971
8930 25262
2023 9626
3856 19139
8953 19648
2883 4026
3286 13282
6244 11612
7315 16455
10962 17151
7185 17578
6738 22835
514 24095
6695 19254
11241 13448
4168 14631
10197 28245
7911 17804
1015 16289
14697 20099
11193 17509
12289 24609
14970 23846
8841 10389
17713 19542
16311 26799
14369 14989
19750 24214
146 3762
5949 11952
5393 8385
15564 16357
10006 17543
18379 24445
2129 18674
92 22254
19843 23458
3609 10723
9454 25009
7067 12000
11970 18160
15291 24610
14464 22761
4162 8956
11804 16941
4717 4751
273 515
4988 24625
5262 7527
9314 27651
17426 23288
3306 12383
1717 19884
5917 19548
5989 21325
23130 27857
2410 3166
10589 14768
17823 26405
10559 22605
1014 25364
4565 17701
2518 3892
24904 26292
3265 21851
12023 14809
8405 10942
6418 21687
15267 24084
2026 10000
2962 22850
4009 7104
17120 25610
10079 20233
16741 23707
5107 22996
8491 17321
15586 23090
3644 7223
3592 26254
6646 16429
9893 15529
14129 20109
5782 16605
7162 22004
21380 26153
9511 25755
6790 23584
8336 20956
19830 28040
15510 27669
17196 27080
10333 18434
1948 22471
4675 7053
10426 14986
4492 5191
6042 14066
2748 18736
7813 25697
3970 11419
3886 18589
4091 25084
15247 25034
14555 23776
7038 24244
4207 14793
24904 25329
15644 20162
2565 16197
2454 23653
1259 5776
22269 24823
5460 24848
9010 17226
2227 23118
15529 19788
22275 23338
44 15561
262 9682
21631 28127
7508 18521
3186 4170
1239 5630
5397 26940
442 19298
9367 14971
3963 16194
8384 18003
867 3701
13180 17014
14132 21949
12889 26898
11381 26794
8569 18664
10023 23736
11594 22706
8690 11430
1996 8385
4866 12927
7387 24425
20657 20754
18027 20857
9794 26114
1506 6855
4645 22493
5308 19955
8926 27882
344 11009
5797 23340
6488 25412
20469 22143
19712 26312
460 25902
13882 23111
3997 6994
17647 18918
8959 10147
16847 25781
5600 14758
21473 27867
556 2346
1772 16640
4072 16700
13847 27914
1738 12357
13762 16574
7897 17067
4315 20298
6177 10512
7992 14658
17422 18688
22715 24977
3810 25559
3841 14539
18415 23576
11444 15446
9321 14601
8733 27579
16979 25910
14665 27993
11444 24028
90 21348
12900 25610
19040 26740
13954 25329
11484 25936
5949 21291
11586 23144
3206 19115
10766 15251
16314 25402
2381 7224
3200 4641
18427 19254
206 22135
20378 26628
23388 24008
8733 22690
19584 23763
3141 28211
2325 19169
6517 8575
13414 21557
1770 8802
8846 27314
354 6555
3959 7981
1197 10458
15249 17456
7031 17963
6589 24598
2782 7597
5403 22379
8096 14035
5954 25181
7496 12110
11982 21094
4515 7945
3287 16181
20406 27050
21616 25136
16243 25953
15158 18305
23598 27751
5274 16619
2230 20630
25121 26414
6571 16073
7950 14971
3125 27611
3197 6618
18176 20448
16314 18493
19784 23176
4543 9524
9410 26748
20800 22821
5767 23015
19189 27536
21738 23761
12804 22215
834 2723
5943 24406
1837 16928
9475 22784
4732 18782
4216 12159
6671 18471
21126 24313
4142 8751
2776 7069
15214 26851
6251 8494
11692 14405
12084 16785
8799 17466
8192 25887
3728 5386
401 28163
23273 25754
12561 17939
1677 19558
19821 23107
67 26497
17723 19758
14559 17819
345 24148
7210 8956
15894 27842
22879 24015
25276 26493
1843 23811
13340 16665
4936 15196
12005 18603
17209 26703
7981 13373
7921 15293
3828 13276
1711 16116
10803 14095
13017 25460
6427 19647
7249 18796
2329 5989
1769 11854
17417 19370
14711 17904
9371 9918
2719 6532
346 20938
14598 25193
10115 11913
38 9228
11244 20532
3598 15736
16806 27867
9105 13323
16470 17487
9034 24127
343 11809
13595 27769
735 9543
22650 26584
19503 19542
2951 17202
14758 26905
10918 11237
2412 21611
9252 12897
7478 11080
867 17997
11180 12075
18641 19560
11144 22894
16374 22616
10839 21391
25108 27017
1176 19846
13655 16682
7580 17046
4705 24799
17166 27909
6853 12797
3594 18792
21577 22973
2324 17910
13555 15312
1185 3990
877 8806
2212 11244
1670 21353
17017 18390
327 9944
17837 19631
3638 14264
7687 8100
17094 27350
8145 10837
2986 20503
10315 26424
16890 23722
7310 8877
199 18658
19061 24744
22179 23373
7982 17509
8324 19847
10802 13719
9814 25875
1565 5069
670 5827
17865 21612
3788 18776
8471 10207
13289 28039
495 5262
3882 21568
1181 25762
3551 9316
6177 19705
1575 10434
12901 15580
2212 20532
12492 24061
6144 7774
6749 24242
19535 24284
4827 10461
13681 22829
5669 16402
7835 12214
4691 16568
17559 18820
22460 27320
19695 21671
10767 12016
11295 22606
13091 20649
15365 24472
5808 11657
626 11650
17856 18144
10185 27105
1440 25003
10679 21353
8134 17730
8924 23851
14301 25327
20743 26786
7961 14970
7443 16590
2801 21035
9059 14941
5213 27659
6018 26868
584 4599
20442 21118
898 20292
56 24242
8405 28080
4328 7111
4012 22650
3758 3761
2259 3733
16488 18454
12230 13892
9416 17263
5250 17599
7968 22232
5418 28061
2816 7943
12506 13042
8935 19891
15553 23433
9999 19811
3902 18116
9179 27865
8085 20736
1020 8903
19941 22352
7665 21147
9339 20703
6246 19900
8281 16947
7610 25367
5112 8715
2 18084
2594 3041
17568 17615
1454 25833
14661 14807
6107 24160
5787 27025
20227 27538
2093 25410
18859 24872
24806 26968
20198 26908
1420 9879
18920 21111
1851 18107
16114 26409
3299 12320
7134 15236
1365 2818
8091 16764
12346 16545
5205 5418
985 24521
1801 22308
12363 25602
1254 16404
6847 11515
3983 14140
17487 27795
13888 22696
15729 27760
234 19827
2491 14642
3881 17330
17977 27342
2685 21857
573 1685
13328 17665
17369 17912
17584 28057
523 6954
11798 25009
9043 18790
3010 20990
2245 24042
7206 18373
15516 25683
19674 27455
21837 27815
13220 20031
20144 26058
17896 25587
9864 20781
13602 18604
667 22591
22329 27643
1851 24804
13769 23549
18770 24989
4828 4954
12660 20427
406 7881
11154 22258
5485 23120
17857 19243
9725 25405
17857 19811
17140 18425
9404 18700
17992 27240
14363 24646
3954 22799
11034 27243
5551 11504
5263 17193
544 12012
211 27790
14246 27701
2221 15048
10116 11608
2619 19065
5540 27290
6296 27722
2244 16225
14601 25074
283 23081
4626 27612
11193 13343
8691 15452
7975 10146
17041 20613
11909 27575
16276 21950
3564 19735
2655 25357
24610 25155
8020 13233
4031 16766
5620 23785
1870 6910
12076 26087
451 2191
10444 18363
8212 11011
373 4450
20007 27259
2491 14665
6448 22897
22180 27702
4352 25641
152 24954
10497 17300
2213 6326
3708 4302
9223 12451
130 23214
21955 25927
11944 25104
9738 15428
1573 2818
18053 21919
4680 10866
12959 18823
24958 27900
1651 4705
24295 25332
17977 25945
1590 9414
13459 14475
3266 7919
4457 11010
973 25432
4587 23560
9006 26867
8482 22633
1782 2635
11311 20891
1106 27932
15910 26737
3 3421
16065 23324
6878 14513
2696 9717
24720 27405
7410 12218
15297 24290
5047 17484
10971 15916
11254 16890
18683 22157
11805 12162
8990 19315
272 15293
12476 23963
5301 25560
104 22399
11576 17330
8523 21232
14971 27194
27189 27451
1676 9954
6928 17649
9518 17534
2670 24309
7431 15523
1138 7325
10398 14104
8396 21029
8500 21737
6049 8028
16910 22331
8837 13920
21362 25877
17924 25871
4551 23437
1052 17473
16369 26974
2344 4627
874 20784
20502 22338
5978 24281
19712 22471
3275 11495
15442 17299
8361 9200
6531 10598
3130 25198
9915 12194
12091 18799
14988 19375
20323 21130
5092 24411
13051 14731
3163 9368
20167 22011
12020 19536
11273 24104
60 19157
6377 8157
2978 24061
3053 23310
2170 25626
4111 21506
8951 22091
2965 19565
6158 20760
13373 21149
3753 7166
22083 23468
5511 22149
13284 22416
10800 20714
8924 21324
18906 25089
24540 24566
7857 25382
20 1489
6372 18171
8310 13468
24585 27083
10952 27798
20339 24104
21934 26755
13078 13820
16203 27100
13756 25817
15208 23007
10876 27975
21436 23462
8892 11567
1693 25530
7360 10487
867 22611
8523 24820
15836 19593
19126 20867
12759 15233
4391 17076
5040 22552
13060 27520
11359 21269
26000 27042
7477 10652
1525 27867
16941 23361
12090 17742
10282 15376
4688 22070
17684 24950
4426 4646
20309 23496
1085 24566
864 3041
14858 17162
9833 12481
18520 19900
9865 24772
1779 5455
3718 25301
331 19367
3927 19654
17754 25329
3733 18947
3406 24240
10825 13910
18065 26085
589 2880
6609 26372
6070 18667
595 28238
10857 16090
108 20666
11417 13667
11488 25199
7051 26609
4612 22512
24519 25059
6051 27579
609 12356
867 27042
6363 20527
17787 24886
523 8572
3545 11490
545 25904
8974 24442
12037 25750
10170 13374
2344 8215
5102 11049
23007 24579
8869 11471
9193 14712
3873 23763
16545 20503
9736 14940
2619 5031
4872 18125
1669 3761
4205 24900
6817 6894
9308 25226
3481 15712
9563 27569
776 23292
15958 27320
18843 21154
6239 19371
18425 24131
1516 26745
781 15905
20205 25879
15376 27621
1782 12494
12965 23672
13609 18529
2014 8734
11080 21044
7166 14445
6182 13629
4528 24122
10701 26584
22787 28263
16262 18572
546 19267
10485 16791
14477 16483
19819 24104
3970 11045
317 27689
21231 23516
7152 17785
2648 6824
12144 18457
16453 18012
2092 3733
9987 10747
1878 16563
14386 20328
14764 17137
2631 16656
825 3163
18874 21449
1910 13422
15487 26194
14017 17900
14297 16623
22421 25164
3331 21557
6981 16960
14666 20893
16599 26317
293 10701
327 12474
11327 26716
3146 7204
6613 9012
1544 9119
9089 13036
14989 24774
2721 21692
13328 23047
17865 23486
2623 12479
14167 19169
17585 27276
5585 24069
15310 27080
2702 8660
949 22092
11932 26089
6449 7568
4589 7437
9460 10061
630 12223
7686 18362
4218 8718
9978 15135
3758 22435
17238 21801
10493 25019
17695 19289
24783 24939
1596 24672
14515 20757
8924 18745
15875 25197
4210 26799
7443 24175
88 1842
5321 26733
1575 13718
7830 15531
10088 14091
19566 26665
10935 23193
23177 27988
341 22551
17091 23932
2068 19143
19763 20564
9835 25710
5271 15296
1111 22245
9573 22857
8457 28272
13969 26517
6898 16232
306 26405
10934 24027
6349 25704
3872 7205
6263 18128
3100 4339
4729 8923
10185 27461
8895 10854
16352 16665
17122 23472
2967 13802
873 14979
10011 20814
22423 22984
8356 11614
3354 7725
19512 22862
6546 25251
8675 14505
3059 25139
7881 10030
14076 14364
597 1777
22200 25680
1266 16812
18133 28032
4316 18195
21056 26074
10235 11852
9563 12495
1116 24023
3439 11305
4603 15120
854 3410
9378 21250
2000 14464
7 24884
26990 27669
78 26212
14523 27648
20878 25403
20571 22205
15297 21798
315 26920
8402 11552
11113 24007
13216 14129
13619 22255
1050 3075
1516 4515
3446 9574
20666 24455
9127 16809
9600 9867
3753 14704
24836 24880
22011 22298
17542 24280
5014 16535
18324 19616
581 25219
2321 22106
8063 24289
4831 21241
11034 15610
1849 26608
12264 26503
12554 24032
554 12554
387 2542
5336 22575
11634 14893
2961 8413
6566 25987
21646 25710
1879 10054
24690 27587
18599 22497
15549 25283
10438 24127
10010 22630
16088 21991
5913 25409
10134 17211
11430 19016
11147 17295
2022 22210
406 505
7975 16340
16387 24061
18851 21593
21246 23415
11599 20477
5217 13452
10525 18956
4827 12212
5109 24095
13513 22440
11199 16432
2648 22160
166 3958
8246 27087
14203 20498
1645 27607
12051 15852
15892 16867
2342 12037
439 8866
7866 15251
4216 20548
6865 17055
8481 27927
2876 7373
19683 23453
4966 21349
5008 23929
8959 20052
16475 22481
15885 22581
7967 27328
9747 21115
2839 28126
4018 15009
3296 17923
3567 22887
18507 22845
11746 13232
2104 5412
129 18605
16687 22096
5552 27602
3746 4159
11464 16439
19760 27374
3532 4802
4210 26439
4675 12227
4700 25999
8209 15798
18246 22190
22227 24793
9294 21003
20053 21835
5116 12709
1697 14301
19017 27271
15225 27285
3036 14393
20818 22066
705 28273
3471 15684
7708 20043
9362 25058
7519 28232
18509 21985
7828 22304
3378 11993
4275 11069
10974 24138
18768 20113
2838 16279
7512 27720
2153 13057
7060 12959
11669 11987
14504 18679
13222 21653
5289 27409
11603 28171
23214 23663
17541 23619
5332 27651
396 8806
6008 7614
11395 21053
15296 19245
18787 26921
10296 11080
3129 15323
14140 18651
1106 26201
1600 14959
21394 24122
11410 16093
4148 18136
23925 28245
4199 15610
32 8757
7725 9940
7213 8024
9454 19817
20433 27469
9962 11237
4250 13901
20848 23295
11052 19380
13470 15673
16543 28154
24120 27168
3361 16142
8973 16850
10863 25197
22696 24952
7950 11080
4 23757
660 22366
7502 13890
396 11975
9059 20195
9250 16582
13794 27814
7379 22708
644 14016
2984 16900
4153 25219
7439 8478
3804 8807
10538 12270
22046 23708
3740 15493
9509 27429
9997 12956
12246 19990
9644 18963
16784 26863
13227 26862
13174 23876
18784 21906
18963 23528
15622 15783
835 1264
9250 24830
13081 14258
2518 14024
9296 17804
9657 11690
22141 23436
3624 4168
10756 23566
11792 17018
7471 9252
4086 26996
2040 13607
5539 10055
3592 17455
19326 21990
1028 10871
6350 8580
2245 25006
3078 7033
3709 5679
6898 13002
24171 27463
24003 25105
635 13456
5235 21177
3793 16629
17416 20480
3354 28085
499 6195
11191 14304
1529 2605
5681 10826
5270 24472
15803 16111
2247 14298
12077 26505
19326 25602
2022 17501
15442 24601
8596 18753
688 16007
7407 8705
16157 16644
17220 23932
7966 25329
7341 18517
18030 20740
14618 26758
5204 22634
3862 4859
8620 13124
11316 14683
4110 8251
3646 27347
10770 21163
240 13190
2785 24883
4718 21113
21205 22008
3835 7107
7631 8954
12751 18630
1058 7524
867 19668
17743 18135
626 27567
1606 15399
11989 12957
15655 21875
18626 27013
12210 27541
15605 23963
17250 19601
5107 5434
15563 17374
9406 14520
3329 22171
10584 16480
7576 17563
4849 24784
4960 21056
17779 21766
5394 13770
808 1441
10598 24945
17907 21915
13946 15672
4442 22734
8864 26880
5610 8318
14892 25081
8572 13721
1819 15894
25011 26280
6528 22783
2396 15825
5861 13515
15508 27085
9999 14124
10023 10533
1223 19134
21053 22379
7397 11513
23377 27273
867 8990
15622 15844
1622 22688
16397 16765
22528 25695
22172 25474
9094 27443
11157 17384
1425 11043
4095 4646
9488 24623
13153 24953
9737 24037
9326 20992
23521 26181
15735 22603
11531 27104
9438 13395
4044 26654
22202 24101
6514 16748
22078 24240
7836 10615
5517 24008
24068 28258
19096 27821
5091 22192
12452 19601
20038 21506
3846 9960
9115 13484
16311 19787
5792 6793
18553 20947
3127 14342
7468 26846
1923 23566
1500 9959
9082 11718
3729 21552
482 4190
6071 7539
12773 17700
17019 21856
9377 22449
9323 18126
23980 27745
5189 13294
13577 21438
10997 25292
13443 20002
715 11363
3874 15509
10358 14407
2670 19806
11128 25318
11998 18496
13355 15291
660 18304
12056 19419
4453 17973
6139 22550
9798 13117
14758 27458
10916 15407
9747 15401
11786 12698
22659 22917
6182 10077
10393 17787
3139 10312
4708 24075
8441 24659
15182 16723
644 13728
12621 17687
2080 11172
11153 11464
1623 13099
5383 11121
10579 14572
10127 17782
3828 23997
3393 18911
2816 17455
9184 14181
13392 14541
13195 13890
4166 7947
7523 11905
10805 18533
9007 17468
15676 19817
9607 25289
4954 7839
7783 18626
1324 8624
8756 14567
2174 6007
7194 10477
1573 21962
5724 17996
824 25978
14752 17250
4616 19275
17838 25956
12516 22458
9231 20046
22605 23392
3169 4341
1773 4581
3705 26814
15228 25287
6255 13847
510 17094
15620 23553
21603 27373
8644 21641
6155 7982
7205 12689
2170 8746
2392 14421
478 1218
5655 22227
16581 20258
3161 10861
16112 22784
5731 10607
6346 11076
7975 22570
8959 18412
18257 26483
1384 28211
19437 26916
8318 25683
7804 8708
179 11076
596 22814
1724 5222
2002 6946
12645 28217
1880 27638
4523 6921
7701 22895
12495 14010
705 1143
4718 15599
14662 24764
2088 20730
8426 22630
3395 22882
15905 20210
505 21149
2041 24486
25617 27853
4290 7518
6359 13649
24608 27314
10792 26021
18715 20791
25712 26654
10790 20691
19219 24820
8835 12939
2562 9708
14904 19138
5950 12389
6385 10152
4676 6349
11416 12826
1399 22448
4347 22012
16258 17406
12128 17244
16582 21925
15357 26457
25403 27906
2456 16372
14894 24061
8105 9972
4556 22449
6868 8781
13762 25060
1596 12665
5406 18190
3441 10961
2722 15195
12307 16356
4623 18381
6948 27897
2026 19782
21102 27578
2050 25397
10111 19864
17525 26629
16389 24332
18985 25154
7350 24136
7832 24371
9294 11340
2435 24910
9814 27879
13192 16576
4275 12127
10727 15467
4037 17041
3893 6584
9078 21543
10531 15302
23906 26945
928 20525
1925 7865
2314 11813
22290 26957
5832 14049
1249 18251
4942 8894
22038 25645
10166 20299
15282 25091
5117 26880
3802 8278
1878 5609
8657 23225
14383 23567
14314 17782
6923 11970
1 23366
11486 16901
16447 20337
488 23519
396 19952
22046 24403
9668 27693
15843 27355
18211 19304
2405 25629
3296 7915
5007 25986
4135 6105
3886 5738
4822 25468
5890 14104
13214 24445
17176 27380
7325 22640
9924 14033
12304 24457
3902 10127
13906 15163
11444 15619
2446 13789
8075 24401
9717 19124
4462 16587
11513 19909
13679 16288
11261 26717
8148 18778
12939 19269
16000 20361
3041 11237
3788 10309
1982 6443
1018 14491
12207 17917
6131 14270
12712 24379
3366 12956
8567 16572
1993 21093
19704 25451
6894 21598
4967 15224
9774 23269
8943 19371
9113 26241
5815 21438
1008 21387
1169 15324
18216 23143
5126 18117
18554 24025
5989 20081
12570 22363
1462 25392
7997 15984
579 15891
1361 1556
5854 21323
5115 8806
606 22087
12748 21616
1417 26717
17087 26838
13151 13450
11363 24514
5433 12316
683 9521
1361 18594
15549 20749
2531 5730
8096 10209
7842 19068
811 24031
15747 19672
11997 19096
3872 14791
6608 15179
4724 25005
2806 13804
6488 6789
7763 25555
2721 11836
3568 18138
17928 24869
6629 14304
16641 22915
14689 16958
862 13789
6562 19557
1360 4900
1463 14022
2213 14988
1106 15672
804 10457
14548 16413
16273 23267
7877 16718
14031 14239
1704 18508
8410 19291
3152 14258
10826 21991
2028 21423
2947 7347
10691 15739
9140 9956
13810 14974
9772 12658
22581 28238
14257 15402
12220 17518
3938 23473
18530 24775
17318 17895
7227 14010
1878 10622
5406 14231
3795 24736
16138 27923
14103 17901
12252 24624
6099 18832
6040 24349
999 22634
3359 4089
6278 20956
8030 26388
1034 9528
7711 13249
501 16610
13092 13339
1600 8310
10676 24125
15433 20070
8881 24311
1111 24030
21804 24326
22464 23909
8985 18704
18533 22028
14179 17457
8075 15367
6680 27987
4312 20990
2833 18678
18660 24062
21674 27372
1736 15102
7368 9013
882 22001
7254 7978
19217 19552
4611 19523
1171 22787
19767 20021
3175 9864
5498 12577
11959 16504
20092 21725
13675 21705
19566 23628
25524 26447
2178 17905
3828 25559
19662 25986
10280 15852
17479 21512
26896 27853
6777 22219
18516 21409
2665 20836
10464 24659
5743 16791
6365 19097
2650 17258
4477 26601
10582 18942
6533 24104
18679 19741
4837 24069
782 6841
12862 23892
7205 14807
9214 21045
13078 19572
1456 8590
12726 14840
5984 26503
6750 12511
16203 25850
9287 19627
19180 22829
5418 12120
8057 24862
11975 23365
630 722
9103 12868
8036 23269
3639 10876
16097 23290
11963 21738
867 22901
15996 19286
12877 13274
9724 10023
11281 27841
1590 9409
13107 22159
14182 27702
6657 7166
86 1613
16769 23182
11804 18721
19075 22897
1858 3207
23855 26833
4386 16640
5481 23154
15442 16526
22716 27042
5222 12900
1291 1878
6536 23932
6454 7205
202 4639
8637 9989
15493 17037
7600 7820
11678 14480
21623 24589
5978 27586
11534 16772
7195 13408
4221 15470
7977 10484
13105 23628
11180 23754
10102 26097
24131 25342
3126 23787
23149 26643
4833 7406
4009 7348
12040 23774
3059 4514
22215 24632
15576 18181
2141 13147
8056 9895
22379 27458
17782 17957
14290 21972
12551 28056
5560 18595
11814 19400
21126 23843
3598 24979
16766 26188
4252 25716
13820 17720
9357 11128
1999 20751
5052 21686
22256 27078
10364 16598
2336 25949
3810 25976
3819 27045
18615 27924
17098 20728
3872 5734
4789 16276
16581 17302
6532 17989
2254 15258
16772 25257
5481 19539
7479 12585
3437 9962
8545 10472
15922 22627
2307 22160
16850 23733
1786 24577
11100 25090
20198 26304
9314 28140
7127 21080
7881 10463
6551 12817
18689 24095
582 16794
6785 26481
3206 7791
9552 15270
13389 24955
2609 25238
19894 24737
9265 16861
22605 23459
1622 10943
855 5914
3401 9923
4718 26601
18034 21038
4992 18228
4038 14710
8022 24238
8441 10729
854 17086
1163 23379
14240 17027
11877 27949
16562 19839
25302 27838
13363 16812
14584 16585
7804 16329
9874 12372
8140 11394
12583 27431
14057 16422
22530 26481
98 17226
12361 14604
12869 13625
2527 4529
384 12054
6633 8846
7669 9541
387 25459
1719 27371
4717 21091
6026 17889
3087 14923
7779 13973
22687 26917
849 8500
9424 19347
17254 20462
3154 4498
580 16905
6390 9682
20732 23781
4954 21577
7867 26404
16025 17757
11409 20931
9690 11911
15853 18910
2907 4207
609 17963
3521 23365
8920 17504
10085 26940
9392 25464
19848 24148
8879 27644
9502 15699
22 2261
9358 17113
5140 16188
3197 6669
5197 18985
8437 21712
1394 11647
23372 26211
258 3002
3630 15825
11965 13937
5371 7297
12396 13211
15888 21798
7176 15377
14895 20086
17326 21083
19138 24297
11436 18912
13347 22832
16026 16245
4021 8057
11030 23553
755 13855
22659 26518
10052 12696
205 5094
21561 25771
2559 13199
867 15467
10839 14003
6931 25759
16210 24450
756 10952
1547 4646
4758 9492
1213 2122
1993 10541
5191 15964
289 4180
13970 27746
18425 19200
16889 18752
27107 27821
6363 17872
4409 20734
3904 5752
5825 21616
16021 24681
1154 19601
8396 11233
16002 24537
14992 22321
10961 24897
3287 5302
17770 26198
8535 20088
5242 27999
4321 7375
3890 24519
6889 26693
17422 17592
14369 24127
19479 25083
15678 23163
8261 25956
343 24150
16369 27161
3575 7821
5798 10917
12656 22607
1032 18838
2110 27252
2177 18104
6351 18629
14188 22474
5478 24836
2677 4715
4142 5288
7514 16949
22976 24224
828 3147
21620 23547
2304 9082
4667 17017
10346 22433
4997 13091
7804 23858
3880 19530
12550 23655
7855 11473
3422 4314
448 15973
5288 6876
3648 10441
12497 27991
16228 25316
861 4244
4766 9730
3229 5574
16464 19611
2624 4329
7390 22387
4612 6473
2518 20041
3704 25748
14234 17702
12225 28194
7900 9137
2285 8833
12648 12677
5691 12404
25795 28080
577 8781
3445 23003
4633 10397
2852 18726
10813 16268
1878 5126
15549 25654
2760 19467
910 1301
3059 18823
10830 17164
15716 24431
16026 22711
11384 11653
13274 14552
1288 6606
5989 25420
956 4797
3944 17214
7878 24019
2150 23566
9843 15985
9252 15870
12598 19086
7953 13106
9327 9891
3700 19851
14753 23225
3336 19924
20339 24435
5747 25008
12664 18720
1364 11718
443 9281
16986 22805
5984 12218
3951 9682
6428 20540
16753 20233
13093 27161
11759 15768
19089 25543
6024 8522
9563 27821
5107 10594
10309 17779
25828 26296
16208 24812
21202 24165
8481 20069
9335 11552
14728 20558
5579 10441
16222 18772
11931 12773
8781 9226
21012 26810
10845 25451
8441 19806
5 27927
6555 23941
4379 5576
2848 16303
4905 26933
1538 9980
12356 21647
4660 16333
7982 26764
8933 20883
18469 21709
9195 17869
9477 16134
3019 8847
3588 12403
3437 8100
6924 26804
3957 19704
10041 18784
812 3037
13383 26869
21349 21668
2380 19689
6487 8835
1374 28020
6161 19857
19343 24206
10849 18634
19064 25634
1338 23352
14771 23719
4010 23767
2333 11004
423 11746
8618 15011
19610 22863
19600 19602
4505 10852
9590 16314
10715 24575
14513 24771
3296 11148
4906 17740
16582 17005
17526 24510
6479 23654
4116 22266
2605 25414
6634 10155
3159 5734
2204 24564
4544 27943
8480 11655
21815 27867
15985 26949
1613 5398
3729 21732
8155 16298
15082 21988
3586 5084
12735 16360
345 22507
2585 16065
7910 8657
14257 16584
14541 28128
3653 24965
7360 7792
18302 22575
5611 11154
8781 16311
12155 13152
7438 24908
4267 11902
24132 27204
3169 12886
2636 11009
7162 9682
2467 25405
4650 10638
9403 19787
2880 18300
14519 16695
5354 17893
13367 25863
13588 19216
14233 26541
13992 23052
7471 17404
3893 23593
4522 8690
7291 9552
1232 12334
1343 10090
25831 27010
1727 3039
16308 21753
6099 24419
1573 16640
17020 23600
9871 25088
403 11047
18457 18703
14420 26023
12444 16289
18472 23046
4471 19528
10800 22847
21042 27882
4080 19449
19019 19691
717 18056
4168 20115
8314 9218
15561 21066
7779 19759
2708 22779
15592 25539
6793 26256
634 5718
1036 2027
18589 27312
16267 27204
19337 20155
3063 26133
8434 16495
3197 16026
2604 18336
4870 21067
626 5387
1781 7506
187 24219
973 4737
3329 28194
3648 17757
6750 13391
19710 26774
9067 15047
7635 25110
1579 23200
8405 13759
9438 23696
16549 23077
6454 8462
18911 24804
12228 19123
23295 25207
381 881
1469 25265
10451 13690
1265 4358
17869 23140
4528 24422
9614 24730
3296 24829
3137 18870
3969 11874
1548 24098
11543 24663
14436 22773
19064 25963
2617 18797
7999 15032
18818 19491
5583 7416
12475 18343
1 3364
14508 25735
4896 5572
10449 24069
3587 20677
289 24326
1697 9205
22637 25328
10848 20224
8770 11953
3454 5730
1440 14606
20131 23106
5595 22028
582 14008
3501 27584
15835 23952
17158 24211
1871 23972
8633 22179
1343 20799
15209 21990
4758 10671
18706 22666
19170 27068
9650 20291
1229 17166
10630 25568
1713 25636
2592 28158
5057 16025
18704 25157
6248 22780
2482 10584
27361 27479
13271 20245
11296 18015
20891 26331
10282 18811
12215 24069
5449 5748
2274 25294
17757 19425
3452 7561
12497 12957
14411 16742
4439 11335
8974 27586
16932 19775
8705 25876
1846 14473
5784 14492
8973 15431
17232 18104
21314 25658
18731 22031
3680 13655
1273 4717
15736 23598
10063 24130
3871 27222
10560 19171
9343 19878
19417 23265
12056 28156
2524 22510
19817 20849
16720 26463
7590 8157
13097 15077
4146 17805
1497 16941
17907 22328
396 21149
7560 26974
3625 14778
8080 22763
15700 16476
3240 8408
20748 26083
1251 16641
8222 28150
5287 24323
2379 6152
1884 7975
17727 23941
3326 14514
15723 25817
1340 9089
5485 5815
6489 27676
10767 24950
12051 27640
14555 22625
8958 14549
4745 5331
16953 21955
461 23388
6102 18411
23721 26786
3940 21707
1978 6611
12388 26596
5177 21028
14810 20153
6962 17226
10682 20115
3055 24774
2156 2349
20387 22425
14445 22977
12762 18078
3872 11281
1753 18584
17306 21118
8959 21023
4582 6322
6085 8492
12401 27117
12128 15996
11295 16483
7468 9390
7643 14033
15611 26252
9142 23913
10208 16138
11954 26015
2729 12051
3477 14348
9231 25852
2945 23319
10476 18603
4807 7311
16639 16999
1813 23665
24219 24653
23033 25081
23929 25107
4360 13686
12368 16686
16609 23932
985 3853
15928 20504
18861 23686
13190 21503
7373 7497
3059 19068
15493 27572
18294 20703
20558 21470
4971 21697
8799 14693
15059 26458
4070 20200
3080 23552
18336 21226
19240 26358
7015 12729
245 21450
3532 27976
1305 14564
13756 25636
10934 26231
15996 25657
19824 21813
4216 27122
7224 23399
7936 25080
19861 28217
21657 26951
10456 11858
12270 27805
6370 24303
1663 8085
994 24371
22483 22790
14585 15379
15082 27489
4090 17882
5769 14683
10662 22729
5867 8985
1490 1720
605 799
128 9395
4639 23422
3734 17920
3179 16686
7984 18425
2139 10847
6042 26133
6350 12356
14110 15443
5832 15005
4074 21165
4302 20828
22425 28211
18344 22763
20953 23361
919 6814
7836 15791
16423 26554
3741 20053
3368 25313
13349 20384
5978 25267
3892 14783
14136 23230
2308 26673
237 17379
7036 13759
2769 16382
11878 17245
5731 17304
3933 24906
13059 24577
7976 8348
21149 27746
2941 7328
6294 8034
15543 26138
13819 21673
4376 19772
8151 17938
9285 16094
5654 25704
3634 22256
10825 22804
9746 14048
12866 23653
5547 14272
15679 26545
3806 7107
2716 8265
2882 8246
6318 27961
9347 26384
8057 9005
16062 22583
546 15819
6924 25740
13261 22334
1013 10495
2671 2754
1579 3168
16876 20789
3107 22268
14221 21154
4992 17479
3162 17492
1747 4089
7987 13023
7839 14344
464 1232
6008 20316
12055 12131
11282 11801
6363 11307
12012 16974
1167 11319
495 18533
214 13096
7192 19985
9730 16550
4858 23174
22917 26364
2094 6230
8249 18371
11226 13763
867 25573
2969 27745
18361 22810
16046 18911
20722 22750
25614 28233
47 26283
6618 16567
10199 19717
4439 8416
8167 16823
6475 7403
16901 17507
3942 16094
19004 28261
3482 26571
137 11552
12731 20669
4618 23937
16603 24816
3040 9553
14577 24127
16794 19521
12570 17760
17070 23730
10767 20081
10569 26220
15352 24559
7111 15133
12580 27353
3974 19764
13091 25229
12313 16314
20818 27337
16365 25323
7647 15426
18947 23929
5731 8949
8132 13899
17917 26598
8055 20207
18476 19445
4102 14297
10834 24347
4178 9569
6204 17420
6042 9610
6846 18216
5819 16641
12309 26531
12812 13242
14703 24241
3780 16470
22605 28170
24062 27927
1349 19143
19819 22025
17318 27412
2039 22416
1239 12369
7493 12536
11067 11712
6234 14630
14829 20910
15684 27426
7387 17165
11571 24576
9487 10927
11491 12895
20633 24294
1840 5336
1306 1695
24317 26365
3530 16966
4870 22896
4789 7768
2336 18950
1978 2197
19326 27651
4983 25707
7089 8432
14877 16055
7584 23769
1462 27352
16679 20046
3381 24211
6068 7448
15399 18527
7048 19285
13597 27200
15727 24280
16313 19742
6505 14322
990 3915
5570 14314
5473 24763
16173 18962
10039 17743
7005 20577
5661 24603
1049 7386
18497 21410
4469 16181
10309 17165
2160 19827
8408 26458
16417 20479
15633 25006
6242 14443
673 18911
23963 24539
2227 7568
15530 25956
10654 14010
1727 10935
14431 21126
24855 27905
7731 22183
15523 16094
4469 26168
12737 17407
2775 10699
8850 26074
16180 20836
8405 28155
3163 24459
11931 27240
9357 10854
13401 27308
12228 20196
3354 21065
14247 23847
8200 14998
9408 26859
6495 10747
877 16901
3102 23972
15437 17841
784 23071
8538 17718
1613 3289
11870 23586
13227 17146
2878 21852
25953 26293
6594 11424
15619 24753
664 4072
7194 8685
12374 20047
20081 26053
7877 22379
16955 21407
11306 16189
11150 16719
12672 26819
5436 17657
3411 6048
5275 12270
22894 24062
11166 20605
15887 23457
10432 11746
14171 22004
2602 15184
6426 19827
1878 7768
4890 5440
10189 14609
6933 10618
7500 19062
11218 23548
24618 26848
7410 24136
19053 28035
25494 28232
11610 22996
8806 16276
9331 22613
16299 19434
154 14954
16472 20500
6026 14594
7230 25583
1767 5525
9427 19955
148 16194
1275 26710
9716 24252
7741 14433
20565 27659
3411 23771
4325 15217
10294 19018
9574 11406
11913 12773
10674 20504
10178 18152
9111 20527
6703 15257
365 25435
6514 12016
12812 25156
6198 27034
345 23629
140 26846
6226 14794
4329 18521
3326 20579
8972 15226
4090 17304
2635 25822
17364 26207
825 11992
14242 23606
677 4424
6940 22340
6308 6402
14162 24543
4130 15286
10601 15404
10853 21822
5522 18717
18948 20028
2254 3367
2379 13661
825 7390
6668 12495
3090 9361
19091 21862
4209 5386
13252 16257
2521 11535
21688 25830
16915 26845
14912 25893
7068 17027
323 7015
8209 17094
6329 22474
7206 10520
5333 25168
17902 23120
4142 9533
18497 25139
11633 21109
8579 23422
3856 11369
8624 25200
15190 22300
9873 19947
7598 15104
6235 14749
2061 21866
1984 16835
18354 24294
24042 26758
4224 15427
1011 16750
1720 23858
3609 23845
6071 15612
8558 23731
8048 9190
16976 19013
11880 22734
16582 17489
9192 11746
7177 17548
1182 25743
2396 17557
5852 24238
16771 21993
16105 24081
10216 14665
21355 25683
8494 19425
11682 14627
18588 19760
16766 18512
332 3958
18249 24598
6549 27746
2245 8536
1275 8290
14853 15182
18927 23233
18416 20565
318 15464
10967 27811
14179 24804
7863 15454
7120 26169
877 3424
24257 27929
12678 24031
24122 26197
4005 22627
4738 18313
17724 18138
2460 16726
5876 14703
788 8780
5904 12551
3957 25626
874 2558
8025 19238
10346 14490
8478 18419
16978 22035
8070 14462
14308 17836
6668 23932
5155 26640
14520 21293
1986 19319
7893 13314
770 8500
18937 24485
3734 17742
11073 12485
1209 20369
7375 18400
811 12153
3622 11629
24373 27278
24241 25810
11916 17027
2170 21682
9670 23469
5989 27013
8471 10217
660 14907
21589 28029
7435 18641
16055 25788
4573 10778
3068 4782
23550 24129
1579 6832
7218 8122
7877 21149
7442 16919
19042 21493
5030 8145
2655 26758
4498 23830
3411 11795
799 7027
8624 10438
808 14998
1516 12376
909 14671
10854 11005
7773 26654
1819 12386
5288 21149
7600 22206
1604 5327
15836 16190
6229 17791
6894 21118
4417 13086
4287 13319
9881 24255
4444 5106
20108 25097
11796 26161
8310 10767
8787 11020
1605 1763
2317 5731
6719 8579
8012 25793
396 5503
1311 7880
15391 17568
16216 19616
498 12564
3169 11515
13097 22885
18320 18775
11529 11968
361 24240
505 2518
4807 9993
7110 17696
14959 18411
9524 11847
7387 16257
3041 11055
5913 25121
1529 28116
3921 16827
11111 11148
11156 18154
437 27024
10720 21991
3354 8770
12369 13168
21925 25986
19109 25329
3253 3306
3065 5194
11234 24547
11218 12614
23496 27373
7679 21331
19200 21665
8313 15849
3537 25755
6495 7614
11011 20494
7103 15942
20007 27128
5504 15652
11076 18674
16026 24172
3565 21105
2332 15990
787 18133
14250 15678
8437 12754
7804 27450
7124 27821
5890 10813
14233 23766
22607 27221
3804 10837
1871 10696
13649 13924
14912 27715
2112 10496
10830 24904
16704 22124
9150 23392
1604 4149
19604 24571
18 26476
17456 18308
15900 17708
25444 27685
2202 13566
4629 19717
485 17020
867 27867
5768 12105
7669 23750
5107 6267
1028 22989
9571 11334
5117 13282
4098 25586
788 6158
3287 20721
14626 16584
7568 7623
7903 17347
2388 7907
7380 8594
2648 8281
13378 19414
12514 26062
15236 26916
2986 3366
18387 26786
7478 20209
20607 21831
15722 26343
257 3443
12452 27013
12244 23762
23552 27586
22466 26261
2208 27879
719 14464
17469 21038
7746 10161
15619 23560
1018 3904
16770 18736
8971 11511
4799 19122
6594 23861
1110 10091
14454 22872
15298 24659
4054 28137
763 4181
14911 20200
7881 9150
9551 10188
12634 26534
7386 11637
824 21061
543 15425
12260 19254
7814 18758
19864 23598
8155 12483
5702 26774
2443 10464
1468 24343
23269 23553
15493 17351
2115 23875
14668 27530
22132 24364
8933 28153
6943 8730
770 7494
2311 7984
334 6260
7380 9794
12792 17762
13135 13259
15881 18059
19714 25120
1507 27706
11133 16754
12439 13082
12615 15438
9258 10913
11755 23111
11363 22010
2857 15762
10754 18669
4878 23145
1462 9788
6773 12011
13186 22254
3598 16094
2150 22352
2191 10921
7323 11804
18920 25830
8708 11809
3257 26186
14507 18791
11073 18798
8478 26743
22396 24904
16759 21663
3378 9154
16862 25165
21616 27567
12110 19031
10046 21955
21284 21671
16509 23140
10660 11592
5172 15182
19667 23375
898 26753
1744 17735
1181 12102
4966 22862
5989 7205
11987 21071
7505 21269
13208 20743
9937 25679
13888 17783
14145 25272
6876 7009
8796 11590
9777 18034
11569 23071
23798 25433
1925 18638
2387 21446
14792 15116
25412 27514
8429 21058
12868 25350
7000 24384
14010 27569
10067 13018
2605 7312
24289 25838
11026 21831
4221 14695
414 20690
23296 24265
20254 28224
7298 19316
3741 24765
62 1878
2787 24598
3592 26702
8151 23730
2980 22388
9617 13332
5416 22296
3609 4626
2389 3863
1568 16939
6891 26516
8190 24955
9096 23365
712 20054
12444 26753
6490 22497
8500 19633
145 15292
4361 28044
327 18084
596 24177
2373 19060
8352 17938
3267 11475
12598 22028
11131 24681
15642 24187
14033 14402
7820 19739
7604 13398
21003 21242
15996 21304
19900 23845
3311 5344
9016 22140
16591 22726
13215 25468
17676 24309
24049 24823
10321 28042
13422 24872
2810 8899
13937 14976
4719 24444
1604 12264
2048 17067
3609 9933
14971 18970
12257 17847
20528 24040
10090 18669
14941 24419
17457 23736
10796 15756
10009 25266
21577 24326
3596 16934
6707 18658
9746 11327
5756 27737
23696 24019
3762 9574
20931 25991
6931 11076
3637 8730
3488 24374
2250 25426
15892 24353
17938 24503
21102 23799
21732 24005
573 17837
21166 22885
25833 26447
474 15190
237 18976
13295 26566
3286 17978
106 3349
8593 11899
3634 14471
3014 19337
7525 22162
9474 25336
8394 22091
12040 21292
769 7392
15985 25574
9215 11989
5493 24575
11113 18217
6154 9615
4332 25219
1379 27218
21097 27034
7081 13961
17032 18479
5327 17847
12436 13841
11218 26683
9826 23470
1762 11880
1024 16066
7514 13191
15900 16324
3741 8225
13910 25966
10583 26704
25529 27011
5890 25884
4152 14464
23628 27274
19309 19922
9803 9829
4204 26908
2031 5737
6888 20799
3319 14781
23576 25310
7015 7440
7750 26930
3698 12761
16173 19177
8298 11907
1284 4181
11562 21387
539 2870
7746 13220
11059 22006
5857 6994
4918 18216
17731 26887
13584 25606
6232 18319
6473 8313
3735 27403
1744 10560
571 11228
2746 27750
2301 9893
2180 2677
11292 19652
9205 19943
12453 20219
16349 17856
8488 13414
5057 12979
5799 16955
7223 12525
6569 21729
535 7031
14353 24765
10773 15133
8155 18906
16025 22024
5722 22038
15725 22993
25351 26834
1768 13850
13528 21438
8114 14727
11142 12560
5994 26382
17120 18999
4162 15493
34 19926
2503 27013
1513 15391
2806 25823
3482 25554
2191 18878
4782 14711
7357 27913
1314 26929
18775 26331
1548 27841
3182 4992
9144 21327
11667 11804
1182 17073
9055 18626
17341 26429
3773 4367
11867 20666
2937 20608
10223 16511
2637 23902
292 19534
8716 8781
15666 18791
7166 13180
5802 14251
14010 25306
5898 19566
2580 18752
4652 26774
683 19517
10287 21296
16999 21919
4101 22206
20314 27706
22506 24338
1417 12270
1239 2657
15747 18402
5904 16262
7031 21746
3663 9842
407 24864
3790 14586
2308 26457
4189 10726
21473 26372
13507 23899
10137 18147
12556 17787
1618 7206
5010 19194
21438 24582
90 24127
13535 13831
5073 9244
13266 27296
11766 25017
4599 21774
1527 2772
11523 15756
22043 26332
1900 14557
12423 26283
605 4802
14110 19434
17965 18631
19566 20245
15824 23837
9794 19303
19031 20909
9575 27909
495 3665
7241 17233
3102 20325
8596 18344
175 27152
5381 7103
7657 19127
5988 14261
8523 21835
1105 15776
4612 17189
187 8242
3466 12024
23201 24092
7110 8416
14552 28228
4967 17487
2170 9569
11641 12404
6344 23229
4459 5227
7292 16095
10960 24537
1810 11395
13178 18703
12088 13177
3921 11621
3389 8586
1851 8450
8770 23799
2445 5877
21701 25599
9179 27990
1787 8581
18881 22987
21853 22349
12959 21077
2489 8441
21072 23390
1332 4043
8536 13208
9296 18797
4642 24576
5351 9704
1306 16639
1740 18039
9123 9998
17997 19230
18475 23730
939 3326
14024 23056
6539 8692
16939 17137
10747 23718
2239 15589
14672 16965
4390 7733
7094 8100
10473 18824
19068 20162
7987 12257
13765 22880
12521 18321
10653 24935
13024 13301
1396 24311
15426 23855
369 23298
10885 13202
1371 11218
6994 17446
23278 25003
5691 12908
6498 19583
18265 25451
2681 14096
24039 24475
9967 22966
814 14627
7717 24985
4096 23885
1748 22958
8177 9528
10967 25291
4181 15883
129 16434
11080 26255
236 25966
3173 17975
20813 21230
8226 10633
2046 21831
6957 27168
5104 17526
3289 13182
23324 28274
8075 11022
7702 14767
281 4675
1695 20577
1852 2303
3287 13363
629 10928
2603 24046
13493 24659
3568 18789
2894 24904
13725 27821
545 23119
1647 7031
11518 13784
2138 16170
11483 12155
550 2938
17961 25494
13927 14280
19229 24946
2132 8717
10485 22763
16852 25273
13787 18761
1951 24122
2008 25525
11627 24280
6235 20956
424 22693
1819 20483
906 19601
17538 27922
12736 21936
15182 24952
1630 16876
5201 13180
7079 14796
635 18823
17243 18184
111 11604
842 4026
9330 25815
3671 14289
4986 17485
4611 5289
14096 26231
20424 26447
2990 18359
15551 19061
2514 19675
19233 28255
10342 24872
812 2088
11776 26053
8816 16311
11797 12312
10531 24720
20046 21685
3354 8806
4708 23893
21462 27374
7086 9260
3947 21641
4627 19068
18251 25504
1015 22457
9639 18082
7458 23687
5328 25343
11344 25955
16655 24332
3484 14762
3357 7836
9963 20159
1761 6248
5767 13396
8866 21264
19286 27726
2882 19102
3778 13186
6559 23509
13887 24397
24731 28238
4218 16905
6563 25852
2299 7182
8877 11784
7836 20933
7166 22046
14910 20759
8948 11039
3544 9774
2785 11184
12601 13491
1134 13441
2522 11056
2035 10607
7970 24570
11415 21077
12631 18718
22373 23243
21407 22153
9404 22464
9336 17653
14361 17347
4607 15402
411 12689
7312 17298
735 24659
13873 27491
503 3126
3442 21047
15037 25760
8923 25272
7138 18154
10566 26147
14971 25735
10232 18688
9509 9853
4087 10981
3316 27619
14642 24904
12320 18630
6633 9563
16055 20667
2212 8936
16353 21798
6925 8899
5397 20799
13373 18318
9562 13374
17126 19430
20331 24172
4967 21346
13733 22694
1761 21763
455 25116
5339 15517
4274 15141
11484 26319
4574 17495
6248 8730
5252 24064
12811 20282
600 6470
2369 15736
5047 22319
24359 25971
6309 23571
8846 12495
5864 8567
1602 7987
6549 26846
8437 11050
15141 17819
16353 24681
9472 17401
17522 20259
6672 14241
14358 15734
11337 12166
4287 10298
5531 18167
1139 28162
3561 25638
24061 25249
560 14258
18059 24436
4468 10900
12141 25449
6590 14312
2303 3101
6245 13608
16694 19115
3762 24865
17004 17763
4983 8953
21272 25403
4949 25608
9812 17067
19192 24470
4507 9865
8647 19784
10800 27042
1223 18724
3366 11720
4717 14968
732 3169
16351 24068
14728 25858
1618 14531
9989 19885
24502 26131
17388 22701
3742 9507
10786 16485
15599 25054
2447 22793
6756 9614
23765 24403
8075 10053
7166 19819
8990 10982
6550 8148
401 10756
5102 24453
10913 27841
1404 18939
5019 5332
5950 17239
602 26397
2702 27073
4391 23929
1767 9250
7152 20958
16693 21983
5288 16941
17530 27737
8051 12488
10018 14705
1817 1884
13500 16240
24833 25105
11780 15712
4737 16026
5466 8122
11751 13784
18156 23430
509 6879
12805 14438
717 20167
10815 27123
17366 25953
10225 20632
17433 25143
6260 25813
5640 5661
9838 17177
18408 28275
14572 27671
10884 14920
2818 22956
7084 23590
11135 11698
4218 12225
1775 18318
17784 26790
10875 15224
23199 25914
18619 21275
9808 15012
18521 23838
14128 18954
2852 18580
2339 2491
5883 22837
481 22784
416 25991
134 9377
12988 18370
6659 14552
18711 24138
11552 23665
11876 27085
19373 25329
10146 23764
1103 15271
17823 24415
9528 17586
8924 18556
5545 10026
27118 28175
8669 14183
15333 17930
4216 15504
6695 15659
5989 22688
7297 24717
14016 15789
14433 15723
18717 24216
1593 25165
7487 26598
1181 18301
25712 26874
2767 7835
15853 16151
1551 24899
12226 13346
12664 23844
4581 25735
15105 25584
8708 18045
2395 8669
21707 27259
2592 7523
9285 10132
18784 22092
6055 20409
16150 24038
691 28138
17077 18708
9326 26549
3233 24589
7950 15781
10326 27672
3609 27811
10974 17408
1744 24869
8939 11012
5007 27706
7059 22814
6116 17813
3388 6334
1440 26397
22820 28194
3738 25713
7283 27514
5209 9510
16021 18452
5609 14609
19576 19959
3985 5665
5142 24693
19691 22779
3745 21987
5595 23932
6954 11592
9424 21323
12913 25986
7840 13907
11916 14244
11993 13329
15952 26003
4448 25397
12253 26462
4101 4328
4145 5832
2375 16806
2710 26462
14474 16184
19445 23549
11526 15124
7721 21338
6166 16210
15037 26077
495 10739
8357 23360
1440 16439
764 20958
19744 26717
334 13527
23952 26495
11289 27316
12820 16566
820 16351
5691 18591
16036 22045
492 19467
7984 25732
19539 22185
21704 24253
8705 21582
13418 24595
14964 17857
26152 27308
4607 13339
1112 11343
711 5677
7271 24904
4072 17071
5208 20171
16333 21753
24422 25443
3257 20379
17630 25443
16720 25888
583 20016
14171 21649
2573 25759
11809 25919
1727 5989
6154 17938
17259 24660
12614 19584
406 5031
6179 23762
19675 21695
9066 12839
814 9080
8957 11021
9259 15561
3265 14920
1420 5438
4614 18603
1538 6972
8964 19056
7443 21729
7523 9226
9576 11484
16922 27271
6744 16395
14352 17768
3109 12129
12472 27821
17543 21449
9294 23803
2031 10176
3048 14547
2348 22294
679 9524
458 19639
15749 26347
15141 27085
16230 20175
15996 19565
11094 14380
20295 22404
1313 6668
6239 7820
563 3323
16739 26325
12737 23066
4325 18945
11098 27112
3624 20990
22452 25986
17757 21182
9649 18384
13602 23703
1887 12651
7154 9569
8230 24299
7836 11945
9487 11408
98 2275
22565 27167
559 8454
18431 22821
1177 21499
20714 27221
2632 21665
5267 19033
7826 26476
10708 25784
10496 27758
5 18753
1223 3300
3997 26764
13937 19909
23 28194
3109 3534
711 8753
1309 7628
11953 21849
9940 21766
3065 16866
14120 17422
10559 20162
21281 26788
4949 15606
2373 20059
15847 19293
18189 18601
3819 9956
10048 11948
2518 24127
8157 19183
14449 22651
16328 20656
3329 7491
13530 23914
7320 13779
569 11375
14763 28176
12523 22636
3287 25329
9249 18037
546 27373
9012 10837
11683 28063
175 25306
16956 21320
15530 22364
594 26525
18520 27052
11985 25646
292 1163
12023 27381
13756 23044
3882 23780
2076 12264
1680 8377
11766 19177
9915 19169
16286 17739
17630 21353
2270 10015
6661 27632
8169 18708
1412 2708
11613 16457
12098 23816
19075 23372
2743 16487
3313 27885
3860 22456
505 14677
7932 20512
7390 17304
8787 11738
6957 18557
9020 27608
10477 25012
2592 11831
11658 18816
10937 12857
2764 13246
15068 19480
16865 20594
1417 11368
783 6533
95 9732
3619 17527
14665 22161
2927 23693
22227 26759
97 8210
17036 17525
23091 24127
4329 20347
13772 27352
7846 7959
3053 16964
2643 28125
25245 26877
5991 8733
6076 25945
8447 16428
8998 17329
13978 23825
10935 24637
18116 26256
4272 7949
1589 18724
1030 4065
2379 4736
4329 18645
5859 18369
11183 25791
23152 24564
8024 9155
25155 26522
13135 28024
20441 27560
10375 16909
5691 12538
13313 26193
19314 24424
765 9255
22469 26770
5636 25309
9121 18521
11788 17369
13569 18938
899 1061
313 9699
6342 8939
8952 19008
13713 14419
6222 24453
19237 20002
9793 16576
11295 11701
3429 24812
22605 22729
11119 28096
10773 12440
7581 12804
9038 11987
16865 24608
7051 8730
1573 13129
6746 11961
8388 13553
22702 26925
17364 28046
3515 25151
24390 27992
8277 18074
1902 27129
15146 18956
10180 26753
18846 26283
3822 13603
1306 8352
495 23298
11399 27195
13117 13994
6550 23457
5249 8433
292 15820
27013 27841
4581 17192
11047 24085
5691 15009
5623 15341
1257 1767
1685 5042
8875 21742
8112 17228
9226 17489
10805 12752
21511 22917
15355 24925
728 27179
660 3733
7330 10324
23119 27719
9980 21991
2846 24454
9610 13027
8156 10674
4476 14767
3647 13651
7047 20578
9624 10290
23320 24248
10646 28238
319 21171
3451 14129
14228 22326
9578 9919
5868 8350
11916 16322
21235 25028
12377 21857
2991 3164
1748 6490
10208 16742
9704 23672
17486 25154
11259 25978
2527 26727
4554 10990
11311 20849
1117 3714
14167 22714
2250 19139
10171 28056
958 26931
26427 26480
9647 19840
15682 17762
4142 9226
23584 23744
4531 27702
16867 19513
20001 24681
10638 12890
11023 17125
13103 23773
1550 10354
1767 3354
4274 18721
19819 20667
3745 8515
1228 13181
2807 21739
5906 8249
13550 22448
8220 17373
14824 25866
1343 5198
12161 24681
21696 22159
3354 5288
190 2039
5291 21968
4775 25283
8959 10098
4515 11876
22464 23610
10106 12674
8536 9851
19669 20389
17757 21738
27462 28109
88 21359
17739 26978
12341 19857
22157 22476
6926 22139
16176 17008
5883 12546
1406 14396
128 25165
1318 22396
5840 10757
2303 24148
808 10219
24637 28156
13121 13272
17734 22783
955 12602
967 25959
6869 12422
12314 23928
3947 23372
3141 17524
10045 13119
25774 27680
14724 15308
8158 17905
5502 12010
17056 25735
16170 22638
20196 24068
15991 22241
8336 22308
2245 5989
7672 26531
2469 13407
1961 20249
3793 13051
19731 20813
465 9251
9714 18793
5309 10913
1541 5989
3069 14236
14248 15292
20504 27758
876 15510
6975 28170
25306 25735
20045 23018
19774 21919
14998 21188
3126 14204
1405 15995
5042 21941
7810 14998
10917 22229
23932 27152
5613 27428
10178 22364
8956 11251
14228 14342
1936 4180
15694 25018
10484 14707
15174 22125
4831 26793
13613 18986
16072 25695
19420 20570
23822 24019
1814 6800
11645 24829
2936 16206
13034 22588
6605 25853
15383 18593
20355 21746
7595 18909
2703 8129
12730 25158
8267 20390
12671 13431
10060 23810
7602 26677
10942 17770
10618 19280
2396 23265
6798 27418
4120 18852
7964 12954
2071 2760
12006 15623
4328 23201
9874 18160
9333 20038
2170 16700
4468 17509
5217 17479
6891 13831
9399 18959
811 11457
6728 13054
4298 11080
22521 22539
12237 24856
15695 27986
11806 16022
3828 7468
11663 16328
6820 9087
1174 18521
17630 19707
10993 24074
4003 6905
8236 15236
12171 26929
3827 17821
1223 23437
1510 2087
4603 9228
10464 21359
1852 24127
5978 23269
3625 15840
7740 10201
8523 23899
24904 28211
19068 20556
17823 18813
10449 18823
17220 24122
12418 21673
4386 7050
3410 15609
1277 27233
11878 20227
3053 13073
18425 24127
10334 23431
8370 16193
12793 21122
7689 8824
8432 8962
3592 27625
1284 11998
8679 10900
6562 6960
1842 8674
6678 26420
6058 8970
6832 14771
3889 14696
3832 5632
8833 13585
6453 14671
11789 19415
10839 26497
17636 22565
259 18318
13905 14291
867 20115
5765 21654
6131 28159
1645 19951
18267 22689
12151 13484
256 13574
1519 19941
1878 6489
881 10441
8726 19663
9801 25277
7015 25410
4849 20909
3790 6738
4237 7195
3406 24691
11439 15749
15203 18875
2487 8763
1710 12949
13193 23524
10559 13032
3548 28098
1088 8189
7188 25435
6848 24886
8605 27298
2664 26686
4023 25975
5155 22022
9263 24906
8734 14810
1053 14175
12965 14719
3239 7443
12115 23930
5107 16806
1408 14111
5008 18947
3753 23892
9502 23738
12954 27321
2396 5485
20958 23499
15545 19294
23571 23722
485 2067
1744 6490
8128 26444
4248 15808
11167 17782
8424 25262
2759 24290
21003 27684
12538 15483
13756 19830
4548 24399
16268 21881
10419 16562
7793 19712
8982 22445
313 18475
9915 24104
11755 14705
11164 28017
12742 18242
12689 15346
2620 4326
4248 14676
13402 23260
20630 23892
16623 18845
2550 9055
8064 22976
11549 22581
5989 26498
14796 24415
2150 7383
9847 17999
12597 13173
580 25299
1159 22651
12970 20599
16659 17527
15701 17194
3636 7997
48 882
9988 23225
5930 17770
9129 13805
15384 25945
7373 12075
2339 6883
2247 10617
5327 15477
18633 21192
6868 17167
2518 15883
3188 22040
7791 12512
569 26986
12965 22080
11281 20092
7634 26404
6077 26985
7471 17762
9903 27969
17605 19868
4640 12397
8939 9704
16748 18144
12785 22192
4515 17981
449 4737
1425 13322
18367 18748
17319 18370
97 15206
5071 17127
944 8925
9935 11712
8278 16255
2815 11232
6456 19976
1204 24847
3779 5621
3296 14771
3126 12535
19751 24804
8081 28165
1440 22834
1851 7508
4050 28026
4300 8461
7350 25029
22646 24147
13970 16276
11094 14474
693 21944
7927 21473
17906 22020
218 8358
2396 15477
9825 28052
5112 11060
9007 19742
1925 25688
10 4711
9080 10427
12423 25901
4459 5146
2019 8959
2416 9251
23492 27229
9095 20724
2894 15003
13905 27306
8254 9222
3285 4833
7419 24062
213 10618
5493 23457
8718 13267
1090 15019
22948 23664
749 14121
3362 15977
9495 25634
5543 21435
8773 15573
9747 20876
7320 16597
19325 22607
346 9613
3734 5309
10971 16542
1126 12346
4447 18946
150 5468
7035 26963
5371 16850
14564 26086
7346 8122
1959 7950
4737 15985
8812 18527
9901 16620
21748 22017
7813 16946
6896 10548
6840 19216
15433 22966
14479 24363
10205 17336
21535 26899
15080 23142
2655 11785
3732 13395
22186 24776
21987 23771
2596 18058
3249 7043
13407 14012
1990 22780
14971 18369
19153 26387
13720 23512
12228 23935
1761 25081
32 14828
849 18543
20037 24087
9864 25956
3728 19337
15347 15676
17232 23083
14033 24693
17497 18214
19554 21790
11417 20217
13472 15547
2304 2308
12948 15214
15284 20497
13169 22973
13195 21438
9150 11206
18787 22716
3554 28198
473 18736
11268 22787
2368 4569
5951 18193
7350 8363
2837 3746
7205 15429
17813 17907
4685 8323
652 9211
1140 4237
7188 12818
18831 21377
24061 25775
661 24928
7867 24177
5101 25263
11816 24594
1405 4391
4956 12712
3511 16640
7348 24006
7199 8801
17489 22425
5653 7089
1500 11484
16919 24660
4805 4929
18745 22387
12598 14951
4606 19018
19348 20355
9553 11335
11115 20500
9280 27282
4776 21268
2389 11483
15236 20667
6313 24412
974 15392
7256 10019
16984 22827
23284 23730
16184 26134
7721 17542
5233 23177
2379 18037
12520 14727
4456 7969
19111 21963
4729 14901
1603 18041
598 22288
8478 14228
4477 14217
7185 17146
1978 25299
1727 3305
11989 17232
9842 18823
4693 5716
4129 10669
16020 21811
9239 11409
6931 28266
8775 27531
4562 20162
17407 21079
24384 25793
2505 18960
3730 11107
12121 17382
9797 14005
2393 4229
6465 10987
12989 14079
6363 13917
17259 21000
4777 26290
7771 14839
15216 18120
14157 16188
3846 19154
2712 3381
4695 20065
11847 21067
1809 5731
6219 8041
11550 25145
10060 25986
22698 24485
20864 22432
4385 18593
14958 16293
23694 28247
3819 12214
5378 5708
24415 25197
19275 27197
12954 20712
20841 27050
3970 9959
7575 19110
13682 17757
825 20084
8797 26395
7320 7522
3759 4051
5055 8488
269 8336
8970 15713
2345 28109
5791 25586
1902 16016
8730 21445
22186 28159
8469 26026
18682 22693
5651 22948
5832 22609
2326 10476
6921 21653
18374 26552
989 2304
3609 19657
341 12220
4041 11377
920 18745
2718 9647
5716 14569
7155 20141
15083 26264
1254 1470
6495 22977
16063 27155
10639 22180
789 3779
19002 27570
10487 11804
2635 9518
18351 18799
15294 17633
3575 21577
8282 14950
7331 13102
14240 16656
13704 19638
11486 12606
9835 15123
1982 20144
9563 24221
3354 27841
14971 17223
967 21692
11609 27189
9011 19089
4550 7144
9441 26993
5113 22581
21631 25865
2677 15942
1683 3808
8767 17166
5510 11323
518 18548
1531 24061
382 19566
12409 22279
22690 23330
3726 17941
2369 14576
1609 9367
8958 13593
11106 23033
11295 26698
12282 14989
4340 14283
3810 7900
18369 19426
1142 14771
21815 26102
19816 26512
10114 23361
5361 10913
6299 10066
4029 9260
10838 26527
9832 11417
429 9532
15958 22460
8285 9528
3726 11066
15123 23518
4180 10075
21111 25607
15682 24231
1713 20786
9416 22071
8119 9422
1 26277
1359 11451
11365 23036
2708 3644
6172 16318
260 1574
3566 9846
11636 12352
17909 21099
16373 23087
16016 27958
1059 9015
15610 27243
16932 24772
11880 24608
17695 26189
3927 10689
12681 18995
4797 21753
4416 10652
17963 21831
428 7151
6940 21929
67 24779
15330 21132
11748 18760
5327 9563
4761 11397
25564 28276
2236 20968
11592 27872
16835 23722
7195 14824
16993 24120
8659 13442
9503 23812
10653 10724
3673 17838
2995 12677
23275 24636
823 24442
3337 12551
10638 24931
1497 6604
19963 24181
9408 13282
15346 17407
770 5661
10169 26176
14260 27676
4990 26288
21026 26518
3718 10798
2270 18751
4454 23510
4156 25158
15209 22654
13483 16201
15507 18298
21409 22814
604 25042
3240 5089
20926 21127
10818 20390
11975 24935
2118 6511
568 17905
10456 11161
22702 26391
5786 9502
3169 25247
2539 10682
7524 18218
17860 23253
13625 21683
7974 22639
12017 24055
15479 18176
14331 16812
9454 19086
1432 2240
4 16304
20274 26488
4199 18982
6525 27974
7798 20995
4617 10592
7635 24379
8855 20241
4586 25962
2807 19817
8996 21570
13590 13745
16999 18427
17684 26077
1574 16429
13890 20857
7471 25908
430 4087
16972 19354
9843 15641
2539 8397
2401 18267
20180 23008
13892 22326
2274 10954
15723 20751
21054 26958
16276 27806
23842 26640
17709 25079
13407 22864
1133 21566
8787 21839
24096 25907
4656 27145
887 22910
24935 25781
5496 16851
705 1872
5371 23843
23822 26176
14489 16979
15317 25096
3335 11895
5506 23197
16205 19788
25919 26126
6895 21390
4946 13970
17782 21736
10981 16851
14857 26683
14595 25417
3819 24129
12479 24288
523 16823
9983 20869
13369 16131
359 18521
9124 19075
16919 20467
9379 25164
17303 20936
20722 24923
9268 12422
8528 9776
6709 16552
10287 12454
10920 19482
9524 28087
3790 6972
13230 18434
8942 15196
16183 22369
8056 25209
6848 23265
708 18220
5060 6609
18665 25461
19893 23767
3881 19888
2823 17920
4198 14514
6301 23399
12785 24294
7005 8958
10408 14560
18591 27890
20437 22191
1293 26520
11748 22252
15176 16201
809 16276
14083 22154
21999 27126
18941 26405
11610 27664
1138 12082
16582 24193
3947 17335
18230 24454
2780 23941
19580 20362
12519 19053
13373 21925
21733 27043
12155 26322
5359 25574
15179 16019
1909 13084
5584 19939
1978 17779
22321 25525
1793 12411
8750 25961
12052 12740
3338 10320
16584 21617
7735 22588
1135 21853
12162 27321
8080 22470
24127 24746
5734 22112
5217 5275
524 20367
6493 14997
909 6453
9897 14193
1582 11227
1225 5342
6857 15787
12568 14964
18411 19537
6720 25110
2665 24147
867 9356
14534 19820
8622 19670
6268 21665
2141 15778
4614 25906
9465 16581
86 20608
836 17656
22699 26152
4552 15957
20133 22421
13462 27788
11267 27780
8391 17557
7002 28272
16983 20649
5359 20601
16439 26397
1867 15815
17640 28151
15271 17164
5151 25706
5290 9538
1767 19972
967 19181
8012 14677
8799 18840
2363 24090
4245 19863
11726 12983
22456 23108
9165 9835
10028 13276
6198 14787
13277 25121
20170 23864
16545 19857
8092 22581
10876 14971
3741 15982
12596 27209
4228 24327
18423 19375
3424 27621
7824 20500
20233 24170
21984 22160
680 10920
16951 17358
862 24659
10747 17787
19257 22493
10874 13752
1999 8740
12066 19448
18097 21736
4946 19713
11781 20242
5350 10088
6404 17507
11035 19355
19109 20939
2171 26093
16823 27172
2233 11804
5155 24082
4439 7987
14719 20130
6541 19774
11101 21735
4755 5190
11324 17089
8292 23422
7560 11339
2986 3147
8685 14358
9776 17563
8715 12291
26597 27073
4158 13875
12903 22579
376 15452
1786 13095
12602 21512
13392 16314
1020 1726
5983 18745
928 12386
3856 5918
4252 20554
12399 23345
21719 27759
12956 21638
26090 26916
3851 19567
5503 18257
972 15114
10189 11463
3779 25344
5289 6832
16194 20384
3183 11786
12264 23757
8289 12987
16683 22180
2052 19443
25833 28128
5815 18533
14607 20201
15837 17219
5765 25547
3944 17779
24177 25602
689 11076
10687 24104
17821 20841
26552 26709
18336 23265
1052 9867
1538 11975
406 23823
14240 15169
2015 22476
16957 27387
20522 25950
7924 9502
15254 21895
10813 17274
2320 12307
24723 25230
21057 22925
11784 22918
12556 18679
1688 22593
1320 22541
3383 3805
15543 28044
14631 14648
15401 20633
8349 10924
9834 22245
961 10852
2276 9553
4802 10091
1692 16377
12726 16526
4328 7455
5841 22227
11015 15047
1406 27123
10348 25559
14352 25538
8943 15074
1373 16708
5354 14805
7985 8397
4019 22899
7937 17877
19827 20441
8715 15668
7877 26974
9773 22983
17816 25259
14672 18689
7723 16525
10471 22887
4573 18472
9417 16429
14955 21505
10680 12760
7193 15981
4039 17530
1211 17482
10573 14545
485 18713
5791 14743
4339 19601
12737 17333
2303 13970
5280 9614
20627 22581
482 19712
8491 9428
1470 5768
3381 10175
21053 25893
7645 11612
1852 16006
8810 20046
23459 26173
4282 19275
4580 13216
4181 10082
21704 23177
5180 8793
20724 25197
11544 17877
20758 23955
1621 24069
12979 17757
18076 24049
406 20258
8022 12674
5611 20122
1955 8232
1108 8085
17335 22687
2120 16743
25908 27128
8624 23363
1410 26330
21148 27021
25337 26179
22119 24377
2518 10286
8831 21703
11322 15009
7481 8952
4101 23418
13129 24288
3540 25758
4534 8958
7144 8285
1906 5416
19819 21094
9018 12244
12508 23619
18880 28092
4551 14623
6158 21196
6601 20799
5181 9884
19025 23973
14594 16149
7888 8291
4819 14198
10800 18626
5903 18976
20542 23814
21566 27374
9095 17823
24824 26155
13713 27030
13984 20258
5989 24419
14710 27300
20778 27880
2208 23194
584 4845
1975 9398
1390 15354
10937 16113
1622 22946
6099 6489
16373 26935
6972 18521
18669 20796
3856 20754
16590 22011
15384 27676
6423 22269
339 18870
4325 20751
13591 14596
1302 12340
13963 26823
972 23169
1440 2017
10286 24057
8085 14749
17486 17768
16025 24240
3872 22925
6103 8784
14097 17059
8367 21269
9849 12560
5710 7852
17114 23598
12284 23767
11952 26244
9878 9893
4216 20367
1950 28028
14672 17742
17761 24752
11435 28082
25245 26297
867 1947
2635 19409
18516 21990
14514 19699
1 15292
2373 27098
2293 12708
13168 16036
3700 22343
6832 17286
1178 24406
18963 24304
15272 19817
15179 16727
12678 22295
8785 17880
1374 28214
15928 19857
9358 26690
4979 19275
9432 11783
12944 18030
21123 21688
22080 26973
8730 12723
4444 13586
12077 27655
862 24516
22265 24741
1412 17509
14556 20031
24298 26275
3421 5607
4110 27451
12437 16963
25341 26103
18918 24867
22923 25160
21026 26764
867 19265
16986 27085
11080 21875
16910 23929
3859 12639
10308 12568
10658 16328
10885 15950
5984 7820
1126 21886
7038 26200
18687 25780
6557 10187
880 8840
24244 25106
9597 25771
825 24094
1991 8592
11133 26706
13710 19303
13105 27178
2929 25547
498 1971
18249 26091
7213 16984
15391 19764
9363 19196
1093 26580
21240 28148
7731 18547
24122 26413
3708 10629
17137 24494
9440 11546
6402 21616
841 7030
10075 18573
19218 22227
1852 15271
7002 25666
729 20267
10913 14707
2533 20787
16879 26034
4965 28210
21330 21944
14607 16208
7518 23294
24653 25397
20066 21552
1162 19863
9730 11608
4717 18423
12294 13403
4102 18728
2174 7942
583 2527
3958 13428
4116 9932
640 8864
5738 17102
849 4422
11119 16210
3141 16823
8553 17941
4794 8959
1134 16752
9461 27175
16470 20300
20205 27117
1086 12853
16141 27393
8970 22271
4181 12804
10988 24727
2648 26391
10767 17592
4629 18136
4142 13373
25262 27969
851 15736
8786 11800
2635 5540
14865 15920
16252 20701
10282 18226
3362 18216
4886 7416
1661 18267
11799 14691
13810 25435
6477 10618
2807 3970
17128 20031
19502 21251
10288 26908
3333 19139
2843 17337
3301 23501
7317 19504
5116 17786
7142 20678
19326 22814
8291 21172
3794 22798
12868 20282
11294 13721
17467 27898
7205 11629
11094 26476
17630 24280
6072 16659
1108 17519
8833 15875
2496 21374
18254 20053
1343 6239
4544 20773
22425 25732
10493 22156
7798 17356
7368 28101
9980 22885
1814 27296
7469 26509
5379 19374
7053 25017
21108 22417
7927 12244
2870 5114
920 4789
6458 8064
9611 15417
15141 25901
21257 23170
19442 23526
2778 8636
12602 18062
5839 17986
17753 24669
7354 8930
259 21446
489 10934
12945 12956
12600 19546
11049 25340
2882 8084
21635 22310
5470 25328
4217 8536
7320 26662
22404 23857
18360 21671
26045 26571
2320 14404
650 27467
16346 26580
11954 22292
2748 21915
16480 26162
3121 3265
14163 15857
13446 26946
9920 17304
4971 7163
14534 21220
12947 24226
4101 24138
11902 24997
22179 24659
1223 7205
309 24288
19460 19848
8427 20307
19086 22471
2249 25849
1499 9631
10787 24690
13287 21315
3493 22274
17067 18366
24167 26977
10601 17497
18529 25960
12356 19004
6898 8410
441 18033
15376 20373
11023 22954
1180 25299
5919 24746
13222 24059
14969 23788
14895 18906
5551 21620
5064 15839
3231 26908
11289 24674
8690 13359
3436 23474
65 11134
20483 20890
6680 20632
3900 22339
4595 26663
92 2170
694 16292
8944 25778
9981 11747
4595 5768
6812 12422
11193 14791
8886 10751
1596 10961
20479 24904
2485 9918
18704 23186
21798 22985
4927 23348
1147 15548
4535 12489
4481 9362
12754 19817
1349 14609
8939 9590
17842 22387
21324 21883
1770 15341
7469 10956
6956 9497
8646 17870
9424 19601
9393 13682
1724 15865
9014 17194
6671 14697
9375 27324
12091 19522
7312 18831
1779 19145
20705 27980
9434 22630
6263 10497
4646 10133
2130 11076
13557 27757
6238 15566
15423 26062
13970 22679
4367 19760
2272 11080
15056 23085
17106 27886
15430 23427
20081 23619
5798 9038
10841 24904
6680 7020
8254 26958
13438 24299
21792 27494
21725 25903
1378 6527
1689 17534
2382 7172
1850 23857
19033 20171
4892 13366
6668 8096
2628 26075
8478 20918
15893 23676
787 2213
16866 25507
13970 13984
12296 21980
19612 25160
2289 18781
11463 12309
6702 19429
15055 26892
18876 25559
13203 19684
12151 18154
6588 19635
3446 13416
11467 13817
8875 20166
1208 3745
19122 27015
1023 15722
1529 18573
24219 25397
2157 9239
2245 15950
7827 25997
249 6489
9263 27087
805 20369
25737 28209
1438 26981
10971 14771
17040 17555
151 19313
13701 15096
5481 21790
18391 18618
16341 16652
12696 19899
23552 25228
4626 4749
4178 24036
14180 21784
14180 18808
5191 25805
1679 19928
18837 27514
9378 15431
609 18944
7459 22422
8340 25170
3674 11479
20544 27184
2878 9470
7073 18891
1140 1171
1078 7058
13277 26989
15263 19278
4278 9691
15522 26087
1905 14016
14134 22680
2961 6770
25568 27373
11674 12468
18280 26313
20891 23295
9572 24608
15666 23665
991 8565
4178 23942
16471 21058
14686 23218
8807 9837
1364 7832
5609 7087
393 27391
1535 5194
14429 17082
1389 7768
11232 25399
10645 25957
12264 13358
14660 17396
14687 15421
2193 9367
1234 7450
5864 26766
12339 22147
15749 22663
12397 15985
18963 24614
11687 16301
15066 19990
1467 10638
7073 23705
26781 27955
16789 24341
11240 13945
2847 12598
18759 23267
11451 11514
9525 17604
2339 8733
14413 27408
2259 24453
7889 18412
8746 9569
6210 25711
14555 21829
11786 19300
3062 27730
0 14270
5780 21096
20145 23243
484 13235
7135 26256
17050 22256
22432 24347
7757 12363
15731 26764
16490 23455
2623 17808
9536 19484
21034 22422
2067 9821
16545 25206
11250 22466
4205 21692
10080 26112
1505 11478
5831 14471
17108 27514
15520 22449
16588 19059
8806 11948
3872 26525
3428 22179
6820 22329
1198 16047
5237 22449
1468 4330
22007 25668
2714 26077
693 17259
9523 26331
1681 23303
13203 27417
8533 20502
16822 24593
10920 20053
8784 21855
6422 11415
12699 22267
14319 22515
13224 25059
2132 3944
25453 25470
11261 14228
143 930
2635 4693
15711 22409
12082 12335
15043 15968
17035 19505
7350 19409
6391 9442
19061 27129
10048 20272
2679 9299
3600 17471
3176 4412
8413 17094
14920 21123
956 1421
8440 27730
21229 26565
11960 15766
841 22832
11128 19040
6408 10737
16744 21404
15897 25504
21470 25847
7277 13661
6489 22446
2979 7510
3201 11463
2988 8357
12736 17189
358 11989
1814 18911
268 22875
9260 23265
7002 27324
7108 8627
16478 16644
8588 26446
3613 11224
7555 26956
21136 21258
8642 23920
2646 26299
3923 18118
11059 18284
3728 3864
9048 10721
22046 23557
15603 22507
16226 16888
9842 23255
478 15650
23104 26232
5330 14129
7577 10407
10184 17229
18697 22385
4196 10015
13859 20224
14771 23372
5907 16430
8945 25464
2320 23987
1174 6972
5895 10228
7248 8802
5416 10421
4967 10428
16860 24522
5000 26604
9332 18004
1324 10691
17985 21079
1852 20424
425 15543
7523 24105
19837 20936
1309 3756
3624 15584
897 13335
15346 23125
12429 15247
1876 10350
3391 7373
10405 10986
5978 16276
13247 14519
18265 23269
13754 19247
4649 19514
8005 24393
8085 15064
711 7555
11308 22903
4622 25208
3805 17008
9636 19160
18811 23260
1858 7119
18662 25038
25781 26993
130 24062
5465 17428
4611 6571
4930 24485
6432 17274
982 25295
24105 25294
13306 23411
7985 27955
11093 11657
22149 25090
22255 26561
19801 22755
22278 24586
18090 23279
21094 21638
207 417
1155 5267
26340 27084
18591 20758
15184 22575
429 11928
2206 8601
4312 19813
933 19447
7707 24589
21490 21824
3582 4859
14050 19853
12410 27157
16902 22998
12361 18870
3638 10023
12546 18136
3472 26161
9144 27112
18445 19068
19896 23143
4312 24469
10919 13128
14568 20765
5978 18983
7225 28166
914 18436
15755 23390
3674 24884
19546 22794
21344 27221
4273 13888
7137 12029
17164 17530
7508 17454
10844 17366
11128 19863
5691 14380
16700 21973
11431 14798
1691 4439
21505 23497
4282 23892
7247 17152
12346 20701
1228 2305
345 8457
5553 7209
1795 12287
11226 15538
17735 18166
17657 24280
1365 18787
9119 24095
19508 23526
2015 21988
15639 19076
891 7442
3063 7205
11290 25861
8466 16942
8148 23082
14782 20039
2427 14303
8622 11657
5742 13168
18533 23254
475 21261
753 12982
9013 24827
8157 11720
5852 18272
14325 18871
4574 25617
22892 25116
7892 18815
4077 8411
27013 27801
606 17875
2627 7830
4825 8151
10545 21883
6664 14076
5496 22724
856 6457
918 4731
20705 24029
331 25033
6940 12506
8504 19817
9045 23440
1773 10876
24457 25117
406 14758
19263 26981
1659 21944
24549 26273
62 27686
3348 27048
5275 13027
1405 10587
10309 24461
10587 15995
5061 10490
4878 14304
17398 23254
6937 15573
18293 23354
14010 24122
2619 25491
4454 5751
19123 21757
9093 18700
5389 9915
2027 18269
16 8113
2129 19199
11591 15609
17750 28150
4828 18521
8500 24134
5824 13117
25336 25426
23379 25215
22379 23914
6649 17160
18673 23412
15135 18911
6378 26169
20657 21415
8236 17903
14969 23176
8118 22581
15401 25349
12708 13307
17718 20290
1966 16314
6987 22166
3161 23062
22309 24690
10313 12607
1164 8172
14024 18425
1379 25061
10618 11960
11167 18097
8140 14858
3667 23978
21715 28136
12565 21920
5661 6040
2767 12214
2832 15829
1879 6801
9153 11839
406 28035
22451 23171
21919 24653
8075 22936
25121 26989
7441 22810
13591 27660
8312 20480
23399 24412
3239 16590
3848 17472
7247 18905
273 23736
22102 23654
9632 22230
7056 16865
17710 25490
18510 21842
4439 15074
1651 10874
18594 26549
22331 24934
2349 7813
5398 6560
11926 17623
2018 2617
15929 23805
17955 28214
13832 15224
11763 28006
13472 15282
16659 25203
8816 20744
2246 15780
21528 21601
19105 23698
10900 17509
2281 17718
2832 13780
5839 21729
1665 9992
16814 27562
6227 10243
3517 18154
11082 14731
9937 19079
11933 13329
7205 22012
3778 27196
19361 21326
7472 7502
9111 22203
3283 19229
8777 9821
10600 18078
197 7550
12485 25758
8113 25697
2520 21960
20090 25975
16201 27702
14549 20859
7241 25553
11417 16902
26249 26724
3296 11260
7053 23552
867 24616
8543 11334
7003 9047
2324 14935
1232 1689
4072 5791
245 19612
17857 18641
610 14139
4980 13157
1450 8706
6523 22984
4693 12642
1614 9377
9552 11659
2314 13410
12325 19814
4719 26503
3622 25823
15575 19721
5923 6633
4603 22981
11486 24830
3738 26608
11315 17562
9614 14205
13509 23910
13973 14728
8899 16016
12219 27091
2341 12765
2325 16151
17712 21849
14228 23830
6314 12284
4693 15658
21436 24446
13746 15660
12023 22168
4737 23978
4110 15670
9549 18014
14675 22165
9809 13969
4043 5543
2227 13260
25357 25545
18057 25306
3765 19503
21252 24747
5308 27823
2041 4291
14862 24675
14685 15190
173 13992
5725 12214
9793 27057
1055 24053
17782 21474
21800 27332
9544 27782
349 5521
258 5368
27 6282
1448 7002
3644 22947
12055 23248
24965 25409
3704 19531
7017 22923
2029 5562
13542 23196
18015 26308
621 1343
2530 22925
6987 12543
20523 25209
13328 25311
8666 9835
4778 18833
6307 9811
11542 21191
10559 23730
6633 18909
10562 10618
21508 27097
7290 27013
570 27088
20799 23083
20279 26045
183 26267
1944 3848
3925 21764
1239 27835
6841 10270
3892 17020
7373 7869
11519 18840
22052 23612
8087 25218
3903 7478
12531 16596
478 22739
5725 11562
5288 10900
6174 22764
17507 23162
560 17397
15173 26967
6623 18658
4221 17088
17383 20109
3728 21387
17090 27870
609 25301
7230 26049
19497 25895
6972 13721
11030 17407
13668 27179
12369 14767
6694 18662
1447 7597
6489 12474
5574 6999
5903 7366
2296 12126
15105 19336
1015 3275
9194 14345
20370 25102
1864 26923
1710 15442
715 4563
6445 11464
9253 20007
12874 20384
7438 19714
1349 1424
8343 28123
6511 15509
25482 27420
21682 26986
6637 9952
9709 23361
21798 22688
452 4720
115 20335
154 21919
9905 24280
5163 23726
17549 19917
6238 6495
5123 23365
7984 17538
3634 24944
11614 26756
2061 15369
1688 7807
2851 27894
2848 13936
580 18891
13595 17591
6861 22189
7050 24379
8872 23193
21003 27835
3287 9873
13405 17793
4181 7828
16314 16901
6463 10042
14017 14120
7355 14154
19474 22339
3949 23146
2880 19627
1075 13940
8659 21332
24069 25274
1761 8962
7423 22938
13367 17905
812 23106
2008 10844
11479 16353
5185 10723
3238 23298
1767 14683
1646 26339
10061 20267
6879 19188
6616 25200
14572 17952
9101 22885
1685 7881
2443 16119
3263 17880
1604 4101
6517 27872
8285 18891
11541 24200
755 8188
26395 26585
11459 24575
3406 14057
8220 23863
13875 22960
9086 20205
2929 27608
3569 20215
6894 26867
7280 18164
13373 27162
1914 15722
17823 18924
7073 26559
5861 18718
2882 15920
1878 13085
22323 22650
23467 24383
428 3902
5332 24419
7368 17412
7331 27683
12536 18232
8797 22082
7266 23566
17437 19893
4397 22325
4416 14777
19601 25468
5731 8992
26536 26766
14245 18861
11080 16485
8734 16445
19253 22771
698 20045
6008 6703
12620 23424
825 11340
22471 26503
5069 13253
4116 26074
12194 23136
14103 19280
1720 2104
22205 26077
1744 2061
149 24828
9203 14252
19576 25443
6129 14260
9147 22339
344 19333
2434 7266
6290 18219
15181 16388
8817 11400
5658 27637
25711 26737
23963 25270
5412 14209
7367 21670
10965 20846
10813 16177
6776 12874
6623 23086
21473 21753
5441 19957
4671 15620
11774 20062
16759 23102
1604 18533
1936 3997
21044 21831
10076 11718
19515 27117
15189 16245
3296 12827
15453 19126
15757 25838
7320 19721
8484 26552
1050 3894
3802 7782
1937 26935
11334 26190
3283 20322
17150 18988
313 10927
944 6891
10255 16594
2748 17097
4353 22720
7891 14247
18994 26232
1467 3381
13868 19293
13832 27074
21719 24509
790 12596
638 17938
18475 25748
764 23499
1933 2227
23469 24545
10050 14489
5915 24040
139 19378
3904 9835
3869 27161
14330 16599
17279 24653
31 26194
3810 24274
25008 26026
12614 14652
3111 17889
4458 18455
9226 16901
583 10093
7166 21423
6738 21840
5112 23437
3970 22190
2954 28055
7418 11698
2724 9289
4333 15151
1964 6937
1135 15302
19237 27087
18321 21585
17482 18001
8190 17604
3684 26684
18520 26637
11548 25729
21201 25242
12075 26935
14862 15322
3712 16362
12145 21456
3734 13456
11573 14284
16314 20424
16806 23762
16686 19746
3667 3953
11300 22751
20211 27530
22581 23975
4353 15734
10254 16358
6555 23143
4316 9050
12706 13109
6765 20459
2611 11997
710 19817
12790 16814
9680 18457
24299 28197
6914 14964
7504 15762
24450 25827
4142 9086
3287 26267
1817 4531
21695 25638
6001 20033
523 3521
1396 23442
2587 3644
23761 26457
11627 19819
2133 10688
24147 25064
478 19171
2771 27263
9378 27026
8182 8770
6657 14080
5697 13516
129 20319
9767 23619
4533 18667
15141 18721
5895 22216
15423 25157
581 9569
11463 19325
17541 23538
660 4742
10971 13018
8345 18870
13041 22845
3729 17762
19800 22470
1672 17524
2001 15404
12538 22871
7523 26927
6288 27791
5760 20734
12341 15236
839 6501
5352 19533
24120 24720
3447 21605
8841 14559
4199 10473
20446 26351
2027 23389
3819 8003
14829 23174
21067 22896
7785 11104
14034 20737
15511 26676
1327 18402
13704 17756
3534 9252
11193 13139
14838 17687
1301 4021
3711 24540
21296 25309
9523 14855
22712 27279
9022 12633
13723 21873
21550 26774
14421 20944
22401 26098
8689 16350
9762 12389
3484 23696
711 13476
3251 7707
9222 16642
4003 10871
7323 11003
8411 27896
17336 24782
16983 24321
152 916
588 7846
12081 22092
3054 6975
5989 17742
5367 23153
797 2205
11830 26552
8936 26074
12928 15313
5850 23514
1704 10971
10675 25683
9676 17438
22207 23343
5191 18708
10684 16863
7592 22420
660 17805
9011 16975
1755 19019
11977 15701
187 24653
21352 24069
19706 20541
8667 8923
14309 28085
16587 21473
204 19941
15267 18985
5913 14993
745 24931
505 13970
19390 21725
1888 18034
3313 22290
2233 2708
2412 12068
1 25311
16420 23280
3380 18137
13192 15284
1529 27684
7031 14032
7350 24753
12274 27992
25638 26065
2708 6517
10054 17393
3204 5451
10323 14033
16000 16358
5616 22227
10967 26244
1435 15619
10170 13522
10442 24181
1795 20205
727 23288
4626 21123
9991 10232
10546 27836
610 23805
17364 20131
8070 15365
1545 7247
7003 23365
4626 25607
9165 11870
1852 27129
17501 21883
23623 26670
16939 19968
7252 12968
9085 10966
13681 17823
3484 26452
10189 12462
22031 24886
1833 12639
569 9776
3454 12895
8533 25658
3810 17214
341 27986
5626 13937
13370 23315
356 5989
11214 21970
1466 18481
825 4789
15110 25018
4326 23624
4559 17946
17347 20737
20253 21480
9406 16157
828 24280
1306 4705
20763 25860
10792 17926
13249 23722
23106 27405
15418 18921
2491 15672
19233 26798
1936 3719
4551 15286
1609 11937
7127 15493
11255 13847
11970 27228
9683 9699
1830 18793
3687 10934
9454 25248
5744 22459
7721 19000
12228 22481
454 2915
18894 22031
18550 23982
3488 27795
406 17823
3726 10906
944 12983
16686 21773
7500 23869
7443 25131
1214 9699
3947 25810
6054 14357
84 1469
13853 15868
3719 19189
11918 27424
4064 6152
6003 14136
13856 20621
2438 9525
8982 20955
8061 23651
10462 24756
13809 18384
16187 17473
8292 27015
4422 18282
460 1925
8263 16905
13211 16328
13328 22581
9284 20144
24172 24935
8751 15176
16694 26753
7447 12223
23388 27896
416 27129
5313 10114
2364 22149
14012 23973
609 9730
2383 12542
3888 9991
15668 25564
24351 28157
1920 10935
1162 21242
16277 27569
19484 23525
7636 16864
6898 22376
5453 26787
2192 10013
17484 18424
14445 19723
1020 22412
16720 20916
5368 23648
1804 10207
11007 27143
9795 21966
15813 18502
6535 7699
7430 8730
17169 22992
5002 9421
9371 21396
6094 19033
3128 7849
15460 27453
21831 25466
17164 17992
8482 12640
19168 22507
572 7368
1613 20480
13820 14487
16587 25275
14809 21845
18160 27228
8889 20909
11216 26149
17787 18369
5584 20233
9537 27882
15252 24836
2074 12496
421 18384
5996 16472
12313 18472
3823 4208
7073 25299
6455 25202
1430 22548
5583 23803
5437 9951
20370 25987
806 1770
15676 21151
5978 21859
7307 12346
21818 22129
6868 8456
9654 20436
664 11006
7320 10080
12522 25056
15450 20775
8555 22289
13789 24616
1936 17742
15505 24500
25432 26819
14033 19827
3320 25274
9237 25057
14997 18788
8379 21831
16368 26457
16152 22581
15808 25204
4736 14519
8739 19817
3497 11059
2109 15561
18921 23145
6565 9717
15837 20170
13033 24326
2189 13193
2746 24467
5943 20657
9575 21618
8922 22836
10296 21845
4595 22422
341 24069
5504 22449
11641 27756
13108 13972
867 9298
4611 19815
2314 13597
9002 20760
1795 17214
17717 21003
1294 27044
9120 9865
709 16890
20424 26322
3069 9027
443 13757
14513 27056
17664 26017
13649 17712
16414 27945
4837 9974
1573 4414
10974 23983
2102 12722
11679 11688
19240 26116
12161 15642
3336 17028
14995 16554
7835 22322
16981 28055
10023 18857
1823 12307
23267 23511
867 2185
4767 22785
15468 23655
12769 20824
10822 12111
11273 20302
13332 13810
24557 26986
3780 20884
9837 22104
3845 11888
1711 26102
12614 19081
18798 27529
20477 27795
2227 10320
14969 19861
2061 20500
20876 22040
6916 13733
15676 17630
4303 26077
13970 18010
8309 11657
19222 27676
2724 23574
896 10189
10740 18952
11612 13764
15286 23365
9293 24069
22200 25519
2815 5744
6495 9215
10070 19640
13202 13827
2339 19848
3456 14158
8163 17484
21653 27586
3599 13924
14808 16188
3081 20168
19139 20657
6834 24145
7329 15847
1548 24412
18348 24126
1174 11985
11551 13118
2164 9717
11896 12255
16569 21377
4535 21646
1326 8730
8463 18434
17819 18721
1454 22090
22998 25427
2456 7420
18128 28152
4782 5486
3892 12855
16855 19601
9016 27273
12179 14744
1005 1940
8633 10587
5078 23036
1018 22240
1582 22048
8956 26061
11763 16282
18381 18947
16009 27638
13480 21240
9382 13174
21908 26126
21131 24297
5984 9215
19649 22564
22894 25110
799 20959
11814 17232
9528 14771
14276 28157
2709 4038
4274 13869
369 11580
2705 17963
3323 4904
6260 27381
13182 27218
8402 10972
2938 21590
14418 23919
17902 20171
1331 18113
8363 19275
15766 16709
18086 24119
17198 17455
14278 19172
5371 15793
2635 20367
21914 27124
15346 17637
15673 23816
9575 26677
22395 23619
14249 17723
14767 26640
1361 12485
17832 24813
6942 19180
5505 22640
1615 20144
16752 21716
14303 19863
424 25468
706 13100
8380 9182
3581 24543
6914 12367
9815 21456
11273 20406
16561 25042
2494 23457
3892 10330
5882 18117
12653 24302
17326 26153
8636 14327
9022 28099
15401 21371
6946 22556
1065 9813
113 25039
10699 23014
5658 8230
21671 27267
15894 16770
7915 14145
15393 21716
446 16112
2403 24836
18061 23371
8368 17650
10279 22776
6656 18481
3966 8597
13047 17818
4515 7392
2381 13778
4787 22288
1889 7901
17437 19867
7289 14677
4012 25590
1259 14897
16394 24470
9398 27352
11416 18874
18037 24418
8664 10488
21955 26959
134 4722
18998 23442
14321 24754
3975 17426
8695 15734
406 22216
651 27916
3458 20137
8982 13031
7397 8034
10342 17927
4724 4971
319 24314
1052 5484
5368 20544
7888 14604
1617 6470
4360 6673
6009 9901
20630 21252
5616 27040
11292 15572
7002 13018
11558 22673
2964 24716
6077 23836
2748 2880
12720 16020
2891 12954
17486 26421
7721 18693
22016 22750
10127 24663
3967 12545
12218 19169
12357 14452
8246 20480
1658 20250
7015 24060
1468 5336
24069 25197
10052 23372
13246 20956
15493 20715
325 17034
11789 22518
12392 20545
13104 23520
9127 15730
406 5288
24637 25991
18826 21773
3580 14922
15606 21782
257 4735
4066 22721
4614 24363
8054 25636
13327 19375
2566 11119
8348 15182
3719 27101
9067 20953
2093 19156
7196 15245
10 18366
655 5784
8075 23906
8924 9867
10405 11164
11011 23982
15629 21768
19325 20417
1405 18117
14478 23371
4598 5628
4360 18641
14577 15290
16088 16901
731 15776
1240 9380
13 19193
21026 24326
4465 19070
1420 26154
16713 18441
11368 24589
13131 22965
6606 14437
22967 23168
5250 25957
10844 23693
11809 23548
2724 15046
4231 25623
3575 25575
13307 25198
5738 21987
5656 18138
13846 20222
9609 20589
5587 23298
3871 4326
8074 15843
6009 24939
9701 11955
4309 22507
16657 23905
3889 15920
23239 23319
4555 13307
7732 15759
5252 14221
2283 8368
5057 12105
10120 18052
8810 17803
18516 24177
13393 25765
16307 20936
10708 25668
1622 11804
21227 23086
10023 21639
369 6348
2496 17222
5665 17408
16906 28077
5490 23641
8382 14534
8830 21003
16893 22324
12880 15301
24615 27613
12228 21680
15194 16170
12145 19536
18573 23683
8386 14733
8507 27035
16232 19941
10234 21678
13142 27164
1487 19123
11417 13043
11508 25983
5680 20387
4721 25226
18921 24776
10822 12476
5416 20856
9393 18892
6544 20893
18808 23845
5562 8432
20125 20189
10287 24315
10200 14029
8397 22605
2571 22186
1761 11273
906 5883
11456 24437
4787 25267
5057 17182
9893 24874
8420 10300
14555 25387
19767 24947
1590 6284
1878 6317
3437 9833
2905 23803
17220 17787
6676 12402
7746 21084
4287 12792
13055 27961
7965 11262
2818 7746
1730 7607
25522 28201
10603 26408
25869 28092
6973 16538
1591 4874
16297 16689
2308 4076
5485 20296
15672 23762
10967 25232
1904 26752
1967 13685
2424 21673
6516 11878
5786 9271
7018 8586
8770 16276
1399 23997
17203 23627
4500 11754
16452 18826
705 7166
3024 18522
17927 23053
10570 17186
6773 13978
8509 9934
8005 17625
1672 7158
15056 24617
8924 12924
9260 14072
5029 22519
16814 27509
10512 19736
25009 25248
2191 19031
21032 21072
2494 22020
13091 27087
3858 7635
8586 20018
17637 19955
3598 8746
7416 27423
8528 24580
20857 23113
17747 26507
5747 16856
6134 11612
6497 7463
12045 16174
3609 12792
12824 19768
9408 18541
2587 13175
16308 23987
18390 24306
16981 17965
497 24287
5387 11113
9398 17781
2363 19424
770 4672
16044 23779
16542 20283
4791 7375
10767 20563
14052 15960
16600 19474
1975 22382
6166 23730
19139 23015
9805 16107
2624 6126
21735 23865
4568 11987
15376 16261
19868 20024
369 27821
7579 28115
22326 24439
24444 26593
23939 26147
10114 15141
13299 16438
16809 22761
3139 27966
1999 21552
5899 14163
19841 23143
7610 23399
2518 18425
1085 25032
8513 23142
22981 25329
2170 17819
14633 15808
7051 15615
787 10485
5667 14392
15011 15782
18217 24950
651 14747
16576 19856
9371 20361
14631 17145
6533 21727
4321 11428
4188 22040
14050 26413
10248 15026
9286 25109
10842 18136
14254 16085
812 11890
2606 4732
7224 21748
9896 27796
7950 9194
2241 22581
18791 20116
3845 22859
2454 20391
18160 20773
6840 8955
16951 19720
3039 25977
9881 10792
4295 18024
3127 21646
4270 10403
217 27795
4170 21377
2663 23557
19911 24864
8846 22416
1073 21798
19446 26096
1112 17146
13106 22799
13364 14481
1878 5605
2022 2061
8779 8939
5107 21481
1689 1959
8522 18434
18999 23433
15482 22775
14474 27479
25306 26386
3585 25178
13970 26053
10309 18318
4422 23229
9154 19340
9730 17408
1776 5041
16261 23437
8130 14753
5930 13343
18721 23361
11628 27108
2045 22634
1650 11467
24514 25157
4041 10991
12708 19475
1056 16224
10208 16639
12569 27745
9260 16890
17923 20894
14972 21438
4580 14129
1133 17241
4103 18862
136 15410
10668 14016
10177 25329
5710 17320
20162 21416
20092 25987
638 10916
18963 19339
17429 18096
11995 15514
1056 13222
3070 26333
8515 11254
6692 22799
5082 15722
1324 23596
23548 23983
13734 24309
14911 19228
13506 25453
8242 15293
19933 21681
8893 20448
15236 15804
10837 15866
1 1370
22120 26881
1395 5982
16923 25385
12257 26413
13733 14322
2294 15660
6497 12346
6177 24136
1239 13168
9235 26877
7425 16178
175 24444
1773 2412
10067 15845
247 17063
493 11688
16228 18873
16258 20046
6969 14078
15036 27497
12947 16254
19086 19853
25724 27705
12336 22025
6185 17380
25833 27221
2831 10632
3437 17602
19548 22734
6609 11657
18189 24820
11552 26906
16028 16467
17316 19151
2596 8322
3307 21247
8852 17613
4421 16514
1308 6811
18777 20623
10874 20197
11271 23811
8939 18538
8438 17914
12449 16456
891 6015
7254 28214
943 14666
10279 13675
24074 25916
7041 25306
10071 15854
9380 18634
7079 13303
2794 21991
8756 16179
6182 9637
867 5549
12956 20503
11754 28194
9294 17326
11964 15182
17550 23827
22425 27221
7410 8432
7366 25831
12 23475
14594 21609
2128 27221
15879 19913
20570 21564
3564 12262
6881 20156
2447 23178
10569 22240
19008 21959
7166 24403
5 9798
1017 2576
6454 9651
24289 26654
99 17963
9710 24881
22025 25137
400 3269
11988 27751
21641 25084
5522 17562
2954 21505
6094 7412
4976 17060
1505 26508
11471 21789
22068 27648
4446 18669
19208 22998
13970 26322
10970 23509
4823 22106
1719 8153
12860 16604
319 15606
8711 23793
6655 15084
900 18388
12479 25110
3730 21366
14325 24120
7383 21125
8930 25976
5055 19576
8502 26199
561 2280
20 12596
21668 27757
2888 24613
5978 17530
13550 25593
7023 9162
12947 27832
7707 17601
14474 14501
7263 18809
11255 15335
916 3634
14771 25525
20370 22599
2655 13046
15610 17933
24955 25468
8420 19809
7766 17203
11804 25560
5691 14402
11336 22031
6094 19155
2423 2518
285 9610
8909 19699
1026 6511
1102 10326
7289 17783
1996 2351
2689 18982
7821 21577
1198 5728
3542 7861
6502 24069
12476 15457
21438 26340
2869 25672
5681 6107
7341 20992
9984 17782
2250 15867
4063 21991
4112 19757
17007 19524
675 22194
6261 27074
11279 17592
7878 22605
21946 24534
13304 23619
9072 26089
3805 16429
569 17075
8027 10368
7769 24454
7049 17833
4806 9923
10944 13350
1216 8024
12838 20817
609 12080
10003 19190
17097 25856
14849 26925
18777 21483
5485 26503
14180 21313
7297 15267
12518 14566
10085 26170
15350 18400
3700 16706
10942 27686
1851 16976
1851 9731
1097 15330
8754 19515
1750 13787
12908 17927
4874 14892
11917 13682
1962 3406
24848 27101
3372 4519
13104 17904
1936 18998
18414 28104
9574 23656
15954 24095
7244 16054
4253 23178
25063 26689
12406 13127
1273 19467
7360 18194
17491 27358
12321 12440
22112 25653
7268 16879
2568 24543
16035 24023
2798 15117
5930 14961
13476 24033
12794 26568
1972 21679
2628 8481
1537 3608
4600 7793
7234 20988
4191 14683
8002 14709
8015 21443
12089 18236
20056 24708
5082 5890
2202 14189
2467 12235
2711 15059
9327 12735
1658 21603
11148 11841
15426 23748
10973 19081
13471 24275
15282 20318
2496 11017
12356 18540
16611 18428
2872 17905
7419 12479
18699 18885
22844 23086
14997 19190
6448 12718
19542 21203
5263 12887
7644 21229
7567 16686
498 22425
15245 27966
1934 23359
4666 18334
16276 22180
1597 20361
2505 24895
1519 10660
23941 25309
24301 27201
8952 18708
9412 19459
2702 24145
17102 24444
3121 25164
12032 27317
21716 25183
9962 13850
22847 27358
2469 14911
7306 15738
10146 15428
6832 20541
23738 26134
14156 23497
4287 22548
8280 27710
3160 12705
8269 9838
10990 24061
11229 15130
17787 23932
8814 24485
18641 24146
9523 13932
844 15401
4102 26391
19857 21257
1538 8781
5715 18528
9710 27134
5522 7975
20230 22426
5114 19301
4544 9638
12479 24379
1870 14731
674 15709
20659 25832
6707 8434
9962 20141
19320 25128
8099 23307
8816 19639
717 3700
9320 20909
7930 10859
5551 18262
12264 22269
5386 27687
14534 23769
16968 21942
2849 24746
9720 21450
17465 17977
3398 14264
912 19686
11251 23619
9254 25915
16762 20893
3418 11451
19296 21919
2758 21961
911 10138
8478 21798
9524 19874
7206 12763
20162 22425
23034 27663
16781 19827
8960 15251
16084 17054
588 23365
17515 23915
10937 27557
23033 25400
7093 20597
8818 14537
448 2291
1860 11637
6517 24224
2881 15202
6230 7952
10913 25299
6816 13215
6108 14980
3880 15330
3444 15673
7161 25956
1566 2324
15486 23175
5162 9470
18679 19853
4519 9583
714 28005
7930 27900
15042 17918
2995 4789
7677 15367
3052 22546
3472 21823
1055 22669
2037 8924
7111 9905
13699 15508
13106 19446
3420 8273
10321 18913
6896 21004
23094 25684
10900 14240
16092 16714
21210 28238
231 3808
3215 11991
12554 22905
13784 22112
17423 19479
3236 24265
13759 16652
2927 22687
10512 17787
6293 6837
9663 15216
3434 5107
10601 23026
6737 7830
11940 26212
3856 20657
441 26363
8856 11080
11009 11030
7031 25283
5326 10639
872 3648
3467 24068
3369 23745
853 1961
3532 24675
1544 11830
9252 11788
13178 18457
20475 24636
14093 20109
15540 15964
1593 8054
828 9905
18920 21688
11438 28084
20927 23311
11933 23086
25674 26099
4468 22741
18558 27607
2087 9367
11133 21252
1370 13307
137 25699
16338 17097
15713 27458
19516 19874
10210 19289
15924 21372
1510 22629
8215 11534
7689 17527
13051 15346
5457 9734
3748 25603
7888 24814
437 25696
9494 25095
7136 16030
4003 9629
15251 20983
22227 25526
7487 22883
8527 8730
4568 11775
10654 17902
12291 12427
11286 12954
24065 27004
5352 26876
4606 13101
881 24589
8781 17823
11335 20633
11909 22581
11926 23083
4729 22928
14245 22496
5378 26404
8425 16535
22040 26312
5708 12769
6156 20856
217 5734
7878 14347
8507 22334
8785 27969
1068 20312
4584 14724
4178 4623
14147 16766
10196 23738
921 21594
24884 25525
20064 21865
763 25504
12410 20001
21746 23657
8085 11295
12945 25890
6348 14129
2414 9723
19484 24094
9326 16748
14086 15036
1878 27579
4560 20651
1944 22438
19088 21159
15321 20618
7587 9683
19009 25379
2667 17320
11411 20265
7336 9064
3000 11452
15286 19566
5877 9179
2858 12710
2725 19445
17507 20553
14344 18387
10251 25356
24248 27500
14645 25920
1023 8689
5989 17530
2988 13295
19275 19567
16511 19905
4581 4857
8739 18369
2866 5072
4675 27769
17963 20109
12544 14822
593 22312
11128 21003
6406 22416
1864 8108
14817 25957
1672 27069
12100 12164
9791 17753
842 14743
6255 27514
9025 26622
7566 26677
1970 7320
367 5611
8846 19086
3885 20109
10768 19255
8145 11599
13546 22925
4518 26404
6301 7610
18894 19953
271 3859
7536 23538
11880 12754
2842 23736
1499 21111
12229 27560
22098 27111
7462 25068
9917 18438
11614 19188
20705 24904
1830 22894
8075 14034
4534 9160
3719 9008
15074 24688
1980 18368
3639 11700
19584 20749
3382 19126
14748 16905
4719 7111
6680 10056
18852 21859
4524 27795
505 20258
2344 22546
19567 24294
22844 24518
2353 17283
16307 21887
9617 22968
4186 9479
2189 3961
17263 24104
7066 8238
5 5786
3561 6386
2527 10675
21464 26448
2596 22772
16973 17016
17795 23899
6100 18854
3279 5632
14074 19273
4101 10039
17892 21904
7054 10428
16964 24395
11916 27775
9417 16176
23935 23937
7735 18998
6116 13373
16006 25563
10295 20791
7515 20075
314 13141
3084 22297
11432 26391
7496 10321
15791 21139
368 4671
9671 24790
3446 24406
510 8985
1541 22149
18450 23560
9208 9438
2066 2505
5158 17457
17823 20205
2277 17203
11274 14380
3452 23194
8735 21813
2227 2650
10344 19627
8160 18850
4962 22423
1819 22285
4902 5722
11444 24280
16234 17262
3859 24374
2588 11462
5924 7136
9632 14919
27417 27573
17826 27961
20661 22042
7002 11696
17022 24509
2353 17600
18955 27123
4211 26119
4209 4885
669 9866
9013 9717
3729 7797
9209 9614
14273 23609
7804 20016
8818 10391
13910 26409
25865 28127
7793 8846
16154 16520
6077 20634
10207 26265
7296 18017
4377 13789
27294 27332
14942 17657
5978 28181
22742 25759
8361 12861
406 9465
14964 27790
2503 21649
24053 25333
15320 21226
464 5595
4597 14309
11444 25713
7692 19672
9732 23566
2520 15498
2660 15173
10842 24211
13744 28175
5151 18808
1916 16657
3714 11348
10787 23275
2511 24238
4630 20140
6515 16627
8102 20543
17890 22885
635 11993
9895 21692
1929 11599
15619 26503
20222 23983
11100 11846
3300 7205
5832 13916
2110 11627
13729 27842
2329 15910
9214 18471
2286 18777
22236 25821
2981 22367
26413 27150
18717 18769
6532 11603
22251 24325
8781 25985
6808 14557
8597 14809
8825 13299
16960 18249
8905 18712
8377 14891
13832 26347
7223 19322
3961 21766
8595 16766
2718 5298
485 10330
9330 14953
3824 25629
4386 24062
4401 5617
17372 18648
8138 25017
1339 8227
20448 20578
670 24955
17364 18266
5369 10301
13253 24928
2396 4931
5989 19034
6220 9761
5204 21072
19708 25464
12058 14790
21341 23932
21955 25415
12978 24277
4755 16983
1627 2320
4073 18061
2245 24491
22857 23889
2865 24032
7304 22889
7611 20572
1337 20224
19034 23574
19625 21097
13943 18529
13662 23040
7048 22763
7768 13468
1064 16802
18371 23949
14474 22649
17046 26657
18669 24185
9095 16878
961 27140
3606 5850
12490 26876
18533 18679
8517 19273
17446 18823
309 18914
5481 25617
18619 24779
6229 23116
3277 13614
948 10393
13195 27194
1642 15452
10560 19061
14555 26872
5659 24147
15019 21745
6560 21885
18959 24589
11796 11987
5156 21539
8957 19169
7695 20503
820 22276
7888 8114
5375 17445
825 16900
1072 24616
10189 25160
5259 14408
2535 21673
1114 12729
13091 15027
1511 5528
7609 9366
10189 10450
3863 22226
13370 23809
10666 11073
626 26901
6097 13282
6591 15679
10464 12434
12031 15874
2984 22024
12585 20393
577 2255
319 21633
16477 24941
4720 20119
22530 23105
6395 21085
4807 22092
9215 15559
2104 7804
24181 27579
13091 17965
6261 6404
22409 22570
17260 27005
8840 27076
1086 7950
7228 27349
392 25978
1864 26700
7333 23118
1925 17268
2905 23848
12935 28232
15032 26075
22570 27584
7027 14180
18628 19425
3565 7121
2311 6041
9095 22216
4623 24395
3640 20579
2414 14958
5430 20958
2668 8296
2381 21577
3318 24879
220 23469
11300 28236
193 16908
2175 14849
13215 20479
3233 4946
3463 17456
7142 12759
15610 28117
10704 20222
21423 23298
17530 26313
23 8818
12011 26752
24735 25849
2156 14131
3957 11251
1049 24690
22445 24907
15687 21275
3782 9222
4277 6172
10154 11836
19662 19733
21351 23108
14813 18237
498 2557
18665 23113
4717 8511
1419 20995
1724 6453
3705 6041
991 9847
12711 23372
5989 10935
4044 8063
14473 25204
8424 11048
8500 18543
6235 7916
8150 12120
1278 1361
489 11202
8311 25439
5123 27508
5296 26363
13499 27298
4037 10800
11010 23024
3039 21773
9324 10812
17433 23931
2333 22645
7176 10935
7950 14712
22773 25607
3654 21405
9774 25204
2494 17329
15446 24104
11812 22605
6632 12758
1711 6389
12937 15914
1081 16976
10704 19584
990 8159
11030 18265
14386 25117
14500 16138
5798 13351
8962 12956
18678 22734
7552 13594
6009 26735
2708 21260
1864 8190
2247 12391
12324 27146
9723 26063
10214 24674
14153 24758
6948 21729
10957 21139
15184 19019
2332 2527
538 15750
4895 20745
722 25270
641 24422
14996 27576
1878 5411
8947 18684
14454 15386
6433 16570
14541 14830
13553 27211
788 13193
4707 27870
23639 24943
478 2646
25278 26313
115 20162
18963 20105
4563 11164
5327 11551
21000 26998
2782 10512
11218 21638
8196 26410
12965 27464
2561 22240
4766 19516
12114 24726
10535 18480
3884 20114
15981 28180
17659 23107
11498 24860
16457 22360
5041 12116
16367 16493
568 3895
3666 10971
17695 24095
4191 12646
56 27423
16767 19597
3389 3748
8364 28166
8292 14474
6962 25627
21798 25901
1 16675
7072 11128
18606 26884
3253 13276
1734 8528
7557 11461
259 26314
25485 25657
14451 21788
7903 21350
441 26505
3712 21841
5201 16386
12257 14023
17508 25829
4148 12922
1878 16598
4827 7489
14010 17963
1713 21619
14061 15561
9851 12971
12112 17692
14965 20677
5989 8940
401 28128
1889 18467
16456 27089
1572 6386
17730 21883
9842 25114
931 21688
9774 20053
19666 20092
6610 25994
3975 11798
425 9553
2788 14993
7538 15225
18945 22548
5321 26497
3151 4656
2518 26743
1593 11746
7910 25343
4080 12428
10926 17837
12206 18777
3392 28014
10373 14519
23480 26347
4217 21346
833 14163
867 13878
5236 18960
10393 22460
14062 21535
3741 13411
7348 22283
1181 13480
13813 19500
68 1284
1504 19192
4199 11623
1298 5692
5004 25927
7788 16131
7403 24024
7861 14176
3667 6009
15535 22565
9367 27152
18553 25305
16700 21690
2646 22012
16307 22565
7154 24968
2604 18027
573 11785
3121 24005
1564 9148
13434 18547
1657 16437
19623 20586
14275 18489
23910 25299
2344 21753
10496 12346
14546 23454
9465 19732
8583 23329
3280 12684
16333 25906
11140 15995
2230 24902
14611 17194
15292 18602
19150 23459
10868 18354
867 9123
5564 12838
10523 20561
2600 11182
26810 27648
15796 18315
67 21126
7001 7631
9168 9944
9074 20210
10241 16766
9256 22316
3202 10919
15705 15985
6333 8382
13946 21377
10743 27873
581 18736
16839 23573
442 8930
9226 14541
10525 26063
2406 23693
12402 21962
9526 16726
5701 5705
1762 19081
1429 25676
16906 26785
3284 11673
3142 14908
3989 9942
538 1769
15006 23186
4928 21669
18704 23296
10264 24127
24371 24782
14566 19365
1232 23610
15244 26061
2186 24581
7404 16535
2598 15875
25980 26452
1559 21193
384 3446
6426 17394
21226 26846
3819 21828
19334 23267
21087 22135
18190 20946
18544 27145
8990 24971
13377 16112
16353 27715
12577 12895
5665 21746
24293 28198
8933 23685
2905 22167
17400 23198
8755 9732
6331 20365
7169 8941
5003 23629
7483 11899
27288 27598
14288 23456
17977 26850
4648 17329
8814 24855
14866 24854
4024 19633
65 2017
7406 19195
7971 26623
1432 22476
9241 14479
4287 9252
13234 17953
7868 17675
17902 27152
337 16241
6940 24945
15225 24019
18910 26231
12067 16095
10146 16905
5977 14641
23565 27829
11430 16228
1687 23839
17526 18293
259 2387
16300 20097
5087 5288
401 10309
3997 14894
14604 27579
3997 14798
2379 16695
1507 22448
9947 19727
22426 22787
16142 20156
582 6573
14433 14644
22714 28214
6490 23310
6972 18308
4378 7813
4778 8964
17696 24976
3456 11916
7439 10213
4339 27087
1153 4040
4424 14389
1139 19902
9479 19019
1933 18258
25642 27538
12672 23993
1975 26273
5620 24844
14961 26324
21764 24611
16473 19669
12072 18909
5326 26808
23187 23254
4287 15791
874 13526
9879 21449
305 2671
609 2328
12137 22239
17173 24351
5497 8780
5326 24251
5420 25580
15613 21665
1 8071
22469 24739
17666 26507
14203 15928
6749 27529
20222 20622
8708 19253
2785 18641
10839 14033
22690 26262
3073 10351
5609 8990
1419 16795
8821 28113
18823 23233
18021 24232
16225 28008
3147 9915
5100 27263
11819 28029
17963 21269
2353 25154
1487 13036
1321 14088
12779 24521
2997 23731
3423 27896
14170 20468
2667 17524
15376 19952
396 3473
3306 26193
5361 17928
799 27355
1370 22616
4109 22814
1688 10785
1123 26329
7728 15950
8621 15946
8122 21584
2565 23520
2535 5687
23181 25681
14914 24529
10569 25487
5330 22475
1116 26857
20959 25754
22593 26975
865 2757
5869 8336
2888 16293
1142 1727
14158 15749
2454 4949
1349 18137
12040 12516
2788 19424
8011 9683
12646 21523
15152 26377
7997 21366
3745 5485
11007 23818
11082 20066
22387 25839
5780 19600
7471 27243
7015 10023
11481 13261
4742 14795
7342 12428
9250 24255
2329 6972
611 25651
15043 21984
12244 25309
7626 15600
17114 19666
8770 17214
7627 27578
16418 23662
9055 26802
11013 17059
19368 19459
13329 17228
13055 19775
17926 25490
13425 25490
6105 20432
17280 25894
11438 19760
2325 8396
4192 24675
17082 21794
2118 21070
4537 9031
10170 17009
1719 14689
2545 25416
10773 21164
3667 25993
19091 22331
2333 26680
20985 23399
14050 20348
3440 20078
9330 21559
16094 19982
18332 21861
3162 24087
21014 27454
8011 8563
731 12275
745 18603
11080 25283
1240 7661
3728 17186
4429 14758
12902 18881
8536 14389
17718 19881
4715 24279
12864 27751
16330 20870
20009 25164
17767 24042
13527 24823
5033 19451
16576 20878
25453 27016
915 1181
6924 24461
2503 24469
2647 9103
135 8511
1280 7508
3411 26409
7373 25459
9662 15082
9320 20041
5089 6773
13281 23576
3197 9835
7316 27667
7587 19499
15493 25104
11809 13760
369 15609
1527 9524
15108 17819
3052 3589
763 15563
25294 28158
719 19660
6363 17169
22110 22469
1859 22709
22288 23150
14681 27596
7413 15543
5913 14706
1998 19952
17487 23143
9049 14958
17601 21944
3287 14771
4946 20747
22416 24586
1148 14687
748 4465
909 4949
8758 9767
17283 17600
939 2482
5258 7670
20931 28156
18449 21041
21102 26083
16027 25089
2413 8721
1920 12869
2058 15628
5986 24663
1979 25206
8754 17171
11917 18483
6238 15257
6203 7582
6054 7075
6535 11904
7205 17530
2686 19449
15772 18435
2067 18868
2738 10099
2518 25158
5326 23799
1848 11798
2325 21746
5398 18481
5295 17733
4534 24069
15676 20790
2780 9384
11079 15036
6372 19829
8801 10309
255 518
7773 8063
18521 18565
11971 27800
19616 22953
4216 16319
15708 27329
2646 22226
8937 9990
8213 20583
18302 25935
14944 19371
3465 6085
2488 21463
1412 19460
1124 14901
12108 13484
1278 14954
7568 11471
5568 10341
15236 19081
11041 18272
16181 21673
3896 4938
9993 15431
19701 25816
2788 20861
9631 21123
1852 7375
6820 17893
1229 8958
1484 24066
11773 13776
12921 26069
11191 21993
22771 22780
7023 11439
16422 22441
16367 21610
1579 11193
1749 8137
10929 15548
22416 24403
10618 12582
4074 16461
5111 22004
10208 14411
1232 27569
22771 22863
11963 17819
609 3885
6182 16915
17760 18784
1068 8469
11121 24056
10646 27213
16905 27224
2648 25981
6220 18145
8074 13239
17135 19001
17735 24095
24888 27899
6533 18221
5899 22517
14215 17857
26405 27746
1271 20758
14758 21014
5609 20724
7559 19984
15877 21101
4367 5743
11013 18247
1050 5547
9086 9590
7494 8500
766 12185
22858 23320
24899 26969
9772 22129
1556 18370
1479 3866
4918 14273
24979 25116
6185 19253
9180 10598
773 9057
18694 19331
12194 19964
20920 24435
8852 22857
17443 19665
26413 27821
6103 27802
4599 27836
1713 21111
2326 25384
737 24904
11880 20622
7471 21706
22227 24654
439 24809
14600 25290
4826 25961
1140 21835
534 27355
12875 23843
4061 9631
10874 20893
8952 12612
828 16386
17035 26690
6523 23052
3889 19200
14895 18384
17 9036
1505 8444
867 5180
1719 14631
15301 27594
14701 21499
4952 17847
7522 18626
4802 7672
17373 21266
5344 15508
4071 11080
3873 15442
1 2003
3184 10160
2130 17842
25109 26359
3683 11303
850 14027
509 27705
1643 19819
9059 16989
8676 11698
11722 20479
20605 22946
26363 26461
10727 24090
1498 12632
6316 20120
26429 27586
406 17489
284 3076
4599 15816
5403 17456
12467 26430
22425 27746
5689 12614
7315 7913
6705 25503
1297 18414
3488 24928
13363 16401
14421 16969
20162 24160
629 9410
26436 27745
10855 17392
10623 23309
7461 24847
19477 22963
1106 8349
17489 25108
10581 25110
19442 21733
3068 22041
588 11409
1959 12356
14134 21823
16117 20643
7916 13257
4886 5496
8751 14100
8878 18133
9676 15623
18219 23935
5491 18036
13610 18758
8075 26945
22322 26641
8437 8451
4507 12434
21098 21848
2894 15429
11586 19469
4329 8801
963 12475
3161 18937
2324 8395
12941 17637
13682 24101
733 1925
11937 27421
3759 22119
4656 6499
135 9399
8705 15955
4262 24156
10432 27560
1767 19639
6085 28030
10935 15376
1482 5659
8542 12706
1393 8434
20680 24326
5709 10916
4737 18249
4065 16923
840 3267
14221 19216
26673 27660
8073 25010
990 18919
14149 26774
11599 27795
11417 12375
8939 20956
21810 26464
7600 10961
7407 17482
18114 24904
1292 6516
9590 27117
1740 23833
10487 14390
3908 12686
17176 26077
9271 19856
10242 27788
4417 23024
18850 27051
7528 13911
22264 23640
4185 26713
3389 25452
13222 18615
5446 6513
21735 27568
2420 22702
16276 23379
3010 10054
9130 26053
2954 17443
20390 24616
11192 23767
9851 23372
15011 26538
4702 13800
18617 22428
7318 11217
16311 23365
5041 28060
7746 14392
3489 8388
22897 23739
1948 17013
13127 25451
8441 22860
617 8106
3090 12017
3484 19678
3308 11080
5338 11576
9590 14104
14033 24379
1197 14698
273 5158
5658 13438
9740 22507
20039 20369
13566 15085
650 15614
17803 17938
24807 27695
21958 23633
3239 19800
9005 16855
14548 18795
15377 18154
10968 18631
17 27135
3927 11038
3328 22066
7050 10581
4537 9624
20046 23395
9888 17062
24947 27223
6404 8806
15173 26448
17504 28203
14517 22319
20099 21523
25054 25167
6298 7930
26596 26969
14359 22968
8959 12292
117 4222
4498 27362
18071 24158
4181 9756
3357 3609
21860 27298
22057 25514
5390 15015
126 22001
1870 4097
19068 25083
14711 19168
16991 28078
10825 13501
5204 12001
15610 19717
20426 23932
2701 8048
1823 3537
7264 22495
650 5618
1900 18820
13129 27227
8375 19086
3359 6222
13697 17626
9395 21958
5087 19952
22977 24049
7400 25646
8835 24815
16711 24575
9444 22329
563 24548
10090 24028
13626 15023
17161 19948
8879 16588
11894 25094
8281 17941
406 20758
4103 7323
604 9844
5646 8148
10549 25519
13776 16974
2807 12264
4110 7401
4021 20988
7881 12549
8665 20480
2665 22646
1429 14288
13264 15246
4790 18568
10848 17002
942 10039
20130 27375
10706 23709
7783 17695
12276 16547
15004 21449
5872 19992
10795 13783
7677 25315
10399 18454
8541 18522
6680 7598
3851 19169
15806 25160
12674 23253
3729 25636
21094 24104
4363 7935
4339 13143
8682 26868
547 8781
5945 21407
16996 23693
2667 21036
1916 24244
2728 20677
2664 11627
2590 17354
681 2986
5239 10478
3774 16092
5869 9012
12161 22985
6378 27660
17944 27856
8863 22774
20701 21807
16427 17286
18223 20066
11154 13664
19428 21346
5738 12181
4951 17330
2518 2925
4091 24624
2643 22168
20398 24460
7975 11261
10199 27458
11916 27760
6710 8938
15610 21576
11878 26327
22253 26116
4649 10726
1761 15727
117 22987
10160 21552
2386 14520
14724 14911
1151 3506
5989 21692
1900 9821
4217 24384
601 20227
21467 26302
7358 19867
16243 26154
15531 25857
12053 14513
7721 12298
5588 7959
11355 19546
8931 13193
7793 23897
11943 12736
2635 26503
14767 22184
595 10053
15048 18231
609 17664
11465 26638
4785 23502
9460 19409
10270 10559
3101 16428
14814 23687
9795 23272
18452 22042
17472 23929
11005 11017
14843 21962
2474 21260
3442 4029
21244 25042
10393 25140
11290 17974
400 16865
21626 22842
1652 8928
3019 3793
13686 27405
3268 8188
12093 26731
9168 11463
2023 4638
21942 27924
22060 24032
1672 6042
3848 25012
2373 6030
3925 8074
9520 27117
5832 17736
5984 20876
11181 12259
21353 26565
5481 23573
9955 23433
1925 5973
8996 23825
485 20802
7332 25151
7741 18668
1027 21163
19598 20505
3606 11630
22699 25236
16071 16187
14514 27032
1680 3650
7469 28120
929 8384
5728 25414
1952 9638
872 6798
17504 22904
14849 14912
1500 23658
9589 16597
8931 12388
5196 19188
609 2325
12334 12472
18787 21849
6836 26165
13271 24061
17010 25699
15848 16904
2677 7213
9179 15404
18941 22679
3872 8155
7111 9815
16209 23750
11987 16756
4201 17742
4606 15689
10541 14063
6265 7749
664 4584
1779 16984
16181 23051
2646 28272
2172 20565
1 25638
1750 8707
948 11188
2020 26074
2676 5485
2832 12432
9552 19894
14336 14534
14700 20956
7400 10260
5846 15853
5429 24169
12230 25716
6673 19539
10939 17420
22107 24450
10587 14604
12428 15725
10913 17763
1273 16108
5075 18944
15470 23929
14989 17742
10362 16511
8536 15056
764 5194
4386 14436
2637 19222
1925 14485
5349 18061
6448 7986
3944 7975
21793 25828
1570 23694
13418 25414
15701 19948
13600 15034
6393 22593
4627 23144
10054 14183
1353 3940
2230 21252
7915 26300
10211 18016
2491 17763
3661 23412
7963 8884
13984 22091
6396 24828
21324 24872
17526 20667
3470 6857
4051 18053
796 2693
10966 15178
17060 20243
3515 6980
18113 25962
309 3808
1511 16922
896 13475
14833 27618
20087 24905
332 14125
21688 25855
18420 22457
18310 20928
8941 19270
3625 3859
7018 19360
1746 4169
24551 24719
262 15679
2880 26136
4671 9774
4201 24131
17263 24028
4824 8565
5371 23912
10128 22035
3039 12800
933 20935
9486 25622
542 8694
18601 18723
16012 21098
3753 6495
1723 11814
8746 14165
5546 27161
12402 24208
1442 5914
16418 17574
12244 21296
16972 26079
3401 17235
1827 2133
3944 20836
6379 17027
12982 15209
121 19591
4415 24410
11665 18753
7890 22510
6842 11447
13003 18870
20834 22207
21010 26728
1640 22814
7568 16027
21761 26391
3679 7982
17938 18520
4532 18407
16803 23126
13864 15580
27859 28228
6709 14456
1349 20951
1736 10479
17043 21849
3741 15421
10871 26545
4519 7484
9522 16254
3933 11661
11281 19482
17637 18015
17103 18440
22521 23311
6239 7498
17013 22987
14136 27328
15352 19165
10168 25996
1477 4595
5197 21462
1434 25683
1153 19845
18606 20122
1945 18308
6879 25666
303 17664
5104 28104
23377 24453
855 22972
7375 10205
12588 14823
7390 9536
8736 9062
7571 26431
15047 23075
1193 6763
5587 20891
786 12424
1254 11878
5327 18533
4328 25996
1006 16725
5367 15581
19801 21992
5630 24062
2709 12655
7917 14170
12388 22012
13744 14464
660 15197
8730 27138
13943 27587
6263 15954
2213 22947
3651 14775
12291 24980
128 5835
13425 17211
17421 18903
7307 16694
2024 12451
245 27980
8416 11043
23657 25173
2040 2956
12433 20433
3091 15857
16259 20232
14534 15976
4661 10063
360 7835
7543 21574
3488 22012
5417 16222
11504 22339
3585 15651
10414 16272
9121 9891
4081 9016
1721 21987
10337 11111
16994 25614
21294 23721
12792 14920
7195 22985
15379 20966
18073 21207
1056 8024
11878 16276
5600 27454
781 2665
8679 27263
1622 24752
8909 21623
9281 12282
9105 14514
20222 26683
19022 26892
16127 26659
14438 16623
16511 19234
11747 13261
25464 27459
7861 17723
20131 20310
25209 27666
13212 20724
8964 11193
1284 13408
10701 26379
13935 28185
11599 25287
15388 21674
10849 11078
14920 23196
4386 25054
47 2094
20416 23007
17747 17938
5978 27795
6239 8081
2016 5267
3059 19331
20448 22866
10114 10487
15373 19116
17484 26048
19988 27004
14942 23575
5020 14342
6487 13120
1972 14070
14233 24886
14794 17672
3157 16430
13192 20557
581 15665
19965 24457
9248 14407
22005 26739
3904 8251
850 13924
19372 21315
14591 22469
8414 10844
16545 20292
13864 25336
1888 21393
12237 13945
2556 25956
406 24069
5734 13827
545 26451
4267 13831
2826 8972
23574 23619
6589 16452
3786 22636
15662 26367
3383 18745
220 1468
3052 17507
4061 20786
7491 17616
12451 26127
7417 26872
165 5701
302 16984
26571 28236
10800 12538
14996 15837
10920 14907
4753 5691
22416 22630
6167 8487
3201 10218
17164 19180
8597 8943
3286 24128
9213 9659
9795 23422
5659 18255
20417 22607
19285 26979
10299 24023
8799 11843
18332 21668
4648 17593
5738 11580
14911 22498
3265 24005
23944 25881
479 25673
7420 23593
8961 26535
9175 18343
3140 8893
475 9316
609 18363
14409 16974
8318 21963
15018 16899
3997 24955
6981 15221
8677 20117
10740 13787
11629 14593
1116 12045
18128 21700
2324 7604
17586 21619
5437 7004
12729 26993
4580 24422
4876 24061
3701 12529
3336 13927
10868 24854
3553 12070
4109 26758
13152 23091
5734 28013
3420 11410
1800 1914
6182 27105
1690 27143
3774 8786
11319 27531
10154 22321
25139 25414
1188 9816
19555 22385
20724 21473
12091 27841
10971 25453
4563 27715
21056 27192
9120 27212
8858 17166
3072 18958
22907 25197
3287 18474
4477 18483
18494 25274
3118 16092
15273 22641
1767 14402
5686 21760
15327 22885
10951 12479
1820 4150
17714 24137
6811 27234
12233 20348
12621 13950
14889 22631
16629 27868
15673 20736
7310 11784
17763 24741
13516 20615
3359 25603
14016 24415
11710 26851
12111 17338
12997 28061
10350 24109
1239 8481
17847 19853
2326 4614
1178 3533
2157 7984
8806 15541
7206 12720
20324 20764
6177 27861
9084 16867
4072 7962
6158 17547
12541 26381
1529 24181
12559 25161
12860 17196
19122 22020
829 2447
10746 17281
3420 22038
3696 22295
11200 24752
8343 9449
11363 26811
8368 14792
23525 25494
20929 21789
14469 15815
4914 26946
3735 7441
6807 17937
10815 23623
1056 20053
1613 16943
17762 20933
746 23339
9382 13576
21588 26907
9747 25788
11688 14495
202 26397
6994 14976
7216 17422
176 5979
1777 19409
16798 22758
3931 26680
828 6161
9493 16803
3069 13455
21826 26341
448 1016
4394 23429
2189 20685
9032 24163
3912 12976
15480 20321
70 27998
24214 26053
20332 27715
13401 22610
3326 22288
9919 22100
10185 27800
7214 19018
8964 20950
1340 23816
12228 26172
16014 19736
3137 12487
9111 11098
1434 1759
6511 16349
4500 10008
110 27367
7002 13585
4230 8699
22120 27579
10033 22162
23178 26562
1870 3610
12954 24061
23665 24451
9219 24974
2452 7543
2128 21244
4695 6685
9371 23026
27482 28170
4665 7824
5004 25450
12836 17688
19394 26364
10693 18615
6931 9560
8788 22236
25185 27887
11857 23301
20336 28082
8855 23162
4216 21116
17949 20705
12246 12252
11869 15899
13505 21919
3062 25416
1512 27044
3385 14684
3127 19956
8235 16636
18573 20578
8830 14288
4395 21217
11128 26125
15302 20363
1878 23392
4666 27837
6261 17164
7084 13773
2430 21041
4599 14524
6491 18190
7324 11819
495 27484
2635 19169
3890 19061
5564 16337
7975 21086
1980 8534
681 11133
10190 23359
2254 3595
3080 19510
7199 21446
16833 26517
7308 25119
812 15659
9455 22370
7529 16110
11637 18945
14178 23921
13438 27800
11636 20196
18651 20162
23946 26970
1379 13032
11039 14344
7065 14584
21306 26599
9590 20860
7783 21770
14479 23356
12661 26505
3674 16964
574 11248
1589 12295
2800 24829
6528 25174
1645 22203
19710 22799
7147 26489
9222 17846
167 9431
6931 22973
13609 26118
3468 21642
23762 27867
1025 19569
4394 5841
13564 21798
1148 11526
20367 23792
3848 16910
1216 16149
128 3634
5876 18529
24274 28056
13062 25902
1056 17442
18385 25920
16609 17963
6456 18457
2832 7361
9063 24069
8730 23789
6269 12606
16228 20340
23661 24377
4919 19463
10727 22947
27111 27177
20138 20341
17495 19116
6977 24831
853 17014
9188 11823
2003 6187
7982 27791
7222 23105
24202 26628
20122 26542
8240 8807
1064 8704
11746 27355
3272 12762
9020 27222
16453 24115
4871 24299
4326 27537
8081 19584
3620 26114
9330 13779
9462 14409
12346 16150
1014 25162
4260 25800
9699 10560
3136 4540
21321 26941
22464 25763
12771 22927
1858 9055
7608 9569
12075 19451
15415 21578
6860 10767
13658 15612
7170 20264
1752 18331
1817 6009
4993 21084
6380 8586
9638 15792
5055 21269
8772 14844
5453 26125
1369 24041
24600 25853
2894 27462
3944 4087
20773 21688
13155 27128
936 1981
12076 12260
1900 1996
15973 19008
23312 24820
26147 27087
15634 16591
9236 16071
1851 26467
6572 15288
12369 23803
16814 19827
830 1878
949 1151
4758 9387
21450 23437
3071 18653
20788 24690
5438 16887
3566 10284
3417 4691
10552 12385
5181 17700
8723 10052
4373 27514
5353 16006
346 3689
3856 21387
2569 8864
4217 15224
16317 23628
17696 20406
554 20661
8855 21991
538 26395
12963 23656
10082 24181
115 2096
519 1255
4035 20876
10282 22996
976 8923
2847 15829
14227 25699
9438 17089
1767 28245
12881 14396
25454 26260
1770 23266
1902 4424
5500 22585
6485 24743
7802 17681
13941 26824
23690 25042
20427 24594
13033 21577
8392 15307
25344 27778
9904 25508
48 9981
1575 25276
16228 22749
9524 16545
15810 25838
20715 23863
17022 21929
19888 24450
24722 27669
6742 21423
14569 21886
15950 22010
8963 21804
1052 20661
7975 16560
15179 18294
2024 8740
1349 9167
6229 7349
2455 14612
25703 26858
16961 24557
5289 11451
8706 12868
5520 9059
14552 18726
703 16866
20885 26567
25484 26102
16083 17576
7505 14144
20749 21058
6972 14918
9116 21423
1579 20428
10608 12981
19799 22184
1429 2939
6169 21888
4849 10987
1878 11462
5055 18248
21753 25163
13158 25306
13173 18308
6994 18645
22294 25530
8850 23608
17201 22041
11120 11484
14981 26691
7568 17586
6103 12161
13724 27605
18103 22085
13706 20861
17016 26830
1782 26868
21554 25945
20042 28067
2900 14592
4689 19736
190 22630
4018 4986
7153 15475
17098 21087
4581 7669
12861 13027
8905 11350
7360 8841
24445 24659
21140 28237
22416 25311
5832 6035
5833 17029
11415 17161
3398 25658
8362 19271
7612 24603
5435 18019
7079 20442
6061 14760
4107 13595
5815 12495
14367 21114
14599 22126
18369 25792
14242 27117
12677 26079
11479 14989
15791 21688
3337 16077
11281 14710
3342 10953
11753 19550
16365 24628
5502 5797
106 24754
5245 9702
9599 16847
3563 4581
7559 23939
1516 8642
11948 13901
3272 24218
6226 13455
2233 4737
11560 26129
3310 16193
11520 25698
6573 17443
25608 26304
13407 20550
6566 9443
6623 24225
23970 26168
20054 21244
16396 18921
3843 9569
10488 16736
4858 8701
21473 25468
8479 17846
3587 25577
10569 16404
17250 23032
24465 27300
13309 23738
17760 19837
16936 17326
8849 27514
12423 15141
8852 9903
15282 23555
4073 6749
11444 20355
4712 5978
3860 22678
848 13303
3970 11720
8657 11599
2150 10735
7923 18168
11296 11535
15875 25903
6868 22425
5488 27313
10368 12481
2092 17067
4332 14106
12959 13033
22760 23426
11150 24287
5409 18905
11857 27062
7373 9616
2489 12965
10488 13597
11952 20402
9123 15832
19177 25602
256 11443
4127 5007
17426 25009
2227 20099
12358 12376
8220 11076
4656 9219
24433 25052
7626 22387
7025 18806
1126 26407
4408 15082
26363 26892
27150 28107
4433 15893
4255 9776
14069 22696
2665 24671
4448 8585
11439 24488
9214 11457
7387 25067
2756 2981
6972 9724
17630 23300
16213 21439
6419 19797
14672 22634
6156 27032
10574 19557
7737 10873
12646 22479
3098 17044
16900 18738
1694 25478
406 15376
9236 24018
22216 27702
4633 6725
7915 9785
8 21633
12489 16682
12145 20849
16488 25617
5669 20849
17730 23422
18277 25556
2566 6065
6348 19739
7403 9885
8923 11916
9152 13022
6410 22874
12246 26079
12726 27633
141 7091
25302 26720
8435 23291
5456 21544
25564 27799
6390 26184
5990 7240
7185 14355
1152 22827
8855 14177
3446 12214
6488 22857
13168 18319
11396 14642
8081 18559
7836 25607
9610 9826
2821 9371
7073 17562
1934 2120
15803 24420
10842 27667
9837 15648
577 10839
1197 24178
10050 22024
5403 11692
26358 27008
5117 20060
449 1850
4920 15854
14694 23499
11562 27898
3533 9008
7176 22423
11552 18791
8431 14547
18178 27710
1188 24280
14912 21798
12709 17560
959 1144
169 4624
16347 22925
7162 19787
4325 11039
4102 19191
5289 23719
2426 19202
21130 22992
3598 10935
22996 27841
18704 25672
11080 26409
7290 19534
7246 11710
7590 22038
5659 27428
21623 21958
13168 17128
16296 24293
7982 22290
22080 22334
454 7148
3667 11200
22960 26560
25021 26156
2460 22885
593 24538
18634 23744
24069 27458
127 3147
1605 8475
10935 26313
20069 22469
8734 22701
750 3832
6103 9923
21352 22415
24005 27612
7985 22605
3147 21809
2258 19756
3787 19009
10922 15401
1782 11814
14180 18082
5629 11294
12009 16874
4808 20112
139 2326
7307 21369
3712 10156
3456 23395
2864 19223
14763 23598
11265 26606
9877 10523
16724 20958
18850 27664
15996 25252
8841 20953
2752 6634
8931 22012
6013 6577
12040 24767
15367 15829
11614 22222
14576 22183
3047 11868
1361 2523
20661 23525
1808 22517
406 24329
7708 25619
11666 11944
230 15301
10654 14023
13580 22230
20432 24888
4448 18219
20500 25090
7015 9208
18732 25065
12480 19877
10944 20263
15401 23295
15689 24603
2518 12228
443 8898
8909 9105
4189 10498
7995 15874
11368 12506
20119 22086
18793 24062
12576 26243
7916 12910
17348 25422
8743 16095
3110 7443
14009 26907
23474 24405
16077 21915
14255 23197
13332 26728
808 9103
18704 28128
19710 23677
8930 10008
6046 24168
9710 18354
23670 27158
3206 14384
9448 22675
11131 18850
3389 27782
16437 19071
15897 15918
862 17977
1772 11743
19547 22603
5418 12997
9252 21688
7883 27418
4256 9590
2144 21359
2595 23815
18442 24671
3895 11452
23710 24971
5486 13609
1882 25578
9124 13522
5327 6668
17530 24095
3400 14433
3311 19140
17902 27810
4675 25017
2995 10538
912 14534
15072 26940
3146 27846
14053 18154
233 16781
2003 2149
748 24436
4806 20081
2393 18016
4162 25104
7194 22954
2159 4424
6738 27562
529 25564
9058 24309
7205 8931
3629 7581
13817 25174
1499 21139
8158 25729
14141 24187
11682 17749
3951 15679
6629 14964
5599 16677
21057 26000
13168 14753
4701 10463
337 9717
17249 27822
4456 24047
6615 19445
11987 20137
23628 24127
17258 23979
10277 16998
12159 21624
8059 13070
9327 24216
5848 14598
657 16488
1575 23892
8394 9706
3121 12363
15575 23785
3423 6664
5630 7635
23937 27969
6453 26725
10523 11915
8586 23643
4091 23016
1416 11977
16131 27436
568 5256
865 6350
7205 17507
12476 15605
10714 15128
18055 19116
4302 8410
1810 14481
20170 21939
18146 23879
1349 4650
10478 14463
987 3071
6085 16639
18177 20963
6182 25506
19409 22168
600 18105
13504 27751
21514 23620
10038 18595
5960 7974
11095 23345
16276 24971
6876 7165
919 8493
9560 14724
16257 22799
10894 21746
7375 15951
20948 22653
15376 22845
3667 26848
4334 20688
16602 21553
3872 15672
21438 26123
7243 17880
11693 20165
23461 25091
17902 24122
22308 28031
1545 18777
11051 17856
14633 23455
7731 11792
4035 19475
11036 26886
2549 7091
10160 13455
22581 27821
1993 9978
15529 18552
577 12742
21792 21901
10242 17426
5850 21026
2158 22329
10680 16038
26341 28059
446 2811
5042 27117
19006 20322
5440 8015
7548 7950
1041 6403
5252 24122
900 7028
20661 25557
9716 15741
16905 22884
19005 19432
20766 24023
2589 10464
3674 4640
867 3624
13058 17354
2218 25857
18259 22933
14309 18974
19567 20123
9078 14567
1727 16509
15368 17785
5150 11880
11504 27004
2349 9623
7341 27118
1720 18679
1959 14136
16702 23945
8483 25039
21423 23897
5976 11006
561 26689
14136 26711
1633 18596
11479 16276
3801 24949
23233 24069
865 4581
443 18361
787 4717
867 26127
9190 22025
8212 21889
16713 19787
14759 26361
6994 19372
3059 22511
2000 16772
16641 28198
7630 8488
3583 16437
9358 24589
766 6145
5626 25437
9398 21097
9194 12078
1082 28051
5223 16908
5115 19566
24261 24311
12257 19086
14383 21377
2401 26063
3108 19943
16338 27617
3761 20958
10778 12313
4115 6032
2888 11356
12877 23726
867 21458
2674 13006
3819 9550
2598 4627
6832 15756
12078 25283
1806 11092
23904 27928
2803 26717
11347 27289
7725 13343
11721 22868
17963 22046
5904 7439
2894 24502
17977 19435
6103 16852
6650 11210
4517 21275
16890 21438
18663 27222
2342 13720
1605 26548
9465 25986
4708 6705
1201 19289
19721 27923
4595 23738
1077 5751
14557 21503
227 7018
16707 28044
7451 14291
11571 21326
22256 23361
7910 21849
9323 26554
14093 18679
2048 15151
9590 21053
7937 23372
1410 18933
423 5549
19199 26232
4607 16584
10157 13437
6449 14082
3121 7900
3386 9767
16588 23932
18626 25468
9228 10489
1489 18524
11535 27128
5174 19259
15255 20299
17416 18618
5189 7025
3810 11134
7502 16277
760 16184
8104 17828
4918 19496
550 10921
22882 23978
12036 26617
1978 3947
12782 25920
7290 28176
1240 13221
6495 12020
8360 13397
1758 12790
19215 27087
18182 24589
13609 21497
2651 22651
10060 24324
1775 22255
20299 26935
7816 14511
3592 26872
20535 25311
8236 10503
2302 2880
17070 21053
2821 23026
1392 25090
4799 18267
799 14308
22158 27323
14989 24918
178 25112
5288 20081
15963 26523
4445 17164
6604 22120
6508 7975
3188 22416
14219 21000
5617 7354
6832 21079
11279 12581
4036 5154
1712 14253
5042 5797
14023 22471
12856 26178
21952 23267
2596 21155
11817 15575
1961 17828
14335 18719
2709 9871
14642 19140
6807 20348
1005 5659
3733 25991
6677 16504
6994 17239
12311 15840
13328 28238
7575 11931
10496 14203
9466 15388
33 21438
21462 22857
1037 27218
463 24042
810 16272
17441 18697
15085 27974
2888 20234
11905 13316
19897 25943
22216 22907
2596 13967
19576 25428
6669 19415
12244 25732
16509 28156
8339 23265
7387 18854
14776 22892
3206 10283
11327 23026
15928 27758
2489 14431
183 25385
4367 20100
3812 21408
7536 22607
12495 20492
2172 15453
3622 14541
7073 22892
9989 18255
23433 25986
18679 23932
17015 23218
9781 23930
5832 14152
9264 19275
18714 23623
9255 16026
11893 15592
309 5731
7927 15376
17239 27101
1469 26661
518 11869
650 735
18107 21998
5978 15692
75 23722
7471 27698
9518 26806
5778 14136
10598 24315
7387 20719
29 13787
3545 24275
16178 19518
2853 18507
8924 13422
3882 15178
21798 27715
4829 21049
7348 23369
4575 11742
9215 23944
11712 17448
3359 14997
2806 14398
11295 18302
21138 21450
495 23277
1006 21564
3463 10308
3080 22021
5540 14944
9068 10888
1713 21123
11131 27664
2527 25446
1433 21542
9560 15620
8669 17941
2945 27649
18708 20586
5691 20831
7188 18206
2436 16974
2810 2823
4571 8787
6188 18259
18369 19014
1978 23705
25036 28016
2379 7814
4295 11491
2447 14771
7894 27861
6843 18824
240 26024
6337 26030
8291 13111
3067 25388
3687 28197
18408 24226
8889 21815
9004 17291
2440 21066
17528 25453
13817 26141
3720 21938
14136 19004
4537 18829
4006 21798
13038 16584
3892 4142
1018 25432
2236 23566
13742 24828
15550 27578
4132 18436
17232 25822
2363 15978
814 7332
830 26016
18770 22351
7171 25440
6591 7826
12404 21944
12410 20544
6453 6946
7885 18669
17944 21617
21010 24855
2096 7205
15866 17300
20906 24618
4861 8148
1134 22440
3886 27251
8129 22471
4321 26662
12056 17819
9252 21732
11243 20061
8817 20923
2485 23026
21954 22328
9393 19425
23615 26404
17630 27197
22956 27512
15505 19067
1482 2880
12080 12797
20802 21360
4547 16081
13291 24005
495 19817
3575 4649
1529 24947
8791 27464
18791 23665
4325 7707
8931 17905
10170 17515
17599 27914
6883 14480
5901 12757
2210 12069
24438 25174
8605 13247
7944 26891
1149 8067
17119 19748
9834 16901
5267 18669
8438 22334
745 26267
7524 22157
6702 15170
7926 19836
19350 19784
13029 23608
17823 21149
23265 27810
8075 22581
24735 25365
19847 23363
11580 23771
1621 16629
3863 7744
4148 7656
3066 23866
649 4399
10344 12452
8151 26095
3806 17279
2556 14389
4114 26672
8116 13647
2435 19771
598 3362
6812 9631
19340 25981
604 18845
2943 14606
829 23178
1878 22415
706 22494
836 9043
257 24344
13225 25992
11114 16328
9904 10127
3609 17930
18820 27221
5331 11816
6042 11295
13088 15717
1949 24708
2148 25683
15627 15749
9149 18787
16405 24477
1823 13382
20219 25358
3734 10652
1075 5397
11975 24374
21117 23669
13564 18400
14021 14280
15836 22967
27078 28190
867 28030
11535 18768
5246 19785
7772 15796
11449 19243
12835 17033
42 8799
1499 19790
20204 27843
877 16201
17975 23869
1050 25499
12708 14445
11463 28049
3472 23944
9532 18073
5838 20867
5861 27746
2470 25683
18265 25175
17893 20024
867 20758
8774 21115
5598 25113
4678 26832
16660 21407
108 19670
3886 27312
1358 25532
4248 10033
11816 24955
17647 21491
3734 3765
1 6133
24937 26105
369 15401
6486 17902
545 24872
7984 25247
11936 25459
4942 25026
8049 25606
17562 25260
3828 16751
1590 5207
3511 7238
143 15625
9396 11849
12016 20370
5769 6546
4498 21010
14946 21713
1133 17214
23294 27604
10217 23295
11549 15355
2780 11011
889 16862
3712 15215
14617 18963
9951 18658
19452 22966
3472 9553
12565 23361
11092 26337
1761 3113
8390 12632
5496 14594
188 8101
1306 4866
13515 24216
22328 27655
9922 25705
425 16402
10187 14471
6342 20407
11439 16976
3932 24294
1178 11565
187 12424
14420 15410
8679 25402
6636 19548
9053 15009
8396 28044
21102 26155
11164 19777
2189 25272
17825 27244
23237 24029
1940 2667
3142 14563
2942 16450
4630 20313
16129 25838
25262 26261
2721 21577
5913 17166
16951 20522
9683 18502
17304 17560
660 25219
6848 20876
2427 11490
8588 10407
11848 24997
9250 25781
7323 16136
6097 14230
5117 19091
111 6331
15453 24162
439 20440
5433 15749
917 6253
16447 25454
21603 27923
558 26507
21279 22441
4689 8471
7596 21954
16467 27696
609 20144
1785 24979
13259 22897
278 22968
814 14838
1593 2486
396 9356
691 16509
9006 18128
4325 22010
4278 26339
3728 26591
2596 20849
8148 19829
4190 19433
26948 27488
8776 20718
8057 23521
862 4941
23385 27094
5864 10660
14814 15634
13292 27562
9479 10170
6350 8430
12957 21029
2108 19127
1690 9367
8925 15180
19203 19484
2986 25081
4861 17536
6404 12963
650 6417
3287 23509
10882 19775
3712 9005
3395 23978
11844 27607
2887 15052
14339 22889
11545 19927
3951 21696
7471 14920
18699 20742
3113 23115
6499 13042
4009 14438
4222 28112
16331 25306
25296 25669
8169 9228
23007 27231
8925 11419
15964 17887
14807 17501
9859 12309
12922 23053
16469 25405
4288 25215
4512 23034
10370 15357
6196 22961
2823 15064
19056 24939
12991 22664
7753 12437
16489 22716
656 13025
20008 23254
11480 15891
16209 22790
15672 17763
1181 25186
10282 20758
7600 17787
10364 17782
8823 13262
10209 23859
10165 17514
2894 16702
9251 26184
21154 26603
749 28061
2880 18820
20775 25494
23273 25193
8285 20840
3667 10293
5766 11082
13111 27420
6970 9226
2605 26077
9847 20799
2002 6728
2330 11026
14534 21296
9850 12606
12629 19972
12112 24095
5010 14511
1609 19816
14064 22321
6732 9734
9212 13186
11076 23829
10760 21847
2216 19056
6829 14954
3711 7836
902 28134
3741 11860
19131 25865
4468 17146
12946 24836
4361 25278
5296 25163
6166 17760
18088 26830
12982 13200
8723 19250
1748 21620
11100 16452
12453 24811
2530 14437
8579 16184
14531 23038
9132 15627
22558 26752
3491 9978
19007 22043
3711 4287
11846 24500
8397 19898
4181 8611
12678 16367
15528 28081
3448 5157
7481 13864
9122 17768
3705 7637
126 26824
15561 20857
25172 26366
21248 22901
3638 12427
9003 12291
9959 23658
14609 24218
12861 15529
1052 23521
24130 25277
1167 7341
11066 17803
21248 23251
16018 17664
6832 10128
7611 14460
588 7021
4549 13831
2503 23565
18371 19197
7361 11022
3691 20579
3002 6649
19086 27821
4256 10015
4358 14433
3922 21572
6832 22965
211 24965
18471 20558
10443 16634
2015 20205
4562 21470
2186 8667
6290 19701
6221 21079
15829 17445
20531 25276
430 6957
683 13830
281 17933
23994 26546
11941 19117
3618 17803
8352 17407
24394 25620
3882 10906
10635 14024
6951 7688
22520 26164
9560 12737
19952 20258
4646 18669
7386 18791
5451 27787
10925 18421
14513 25591
1197 13684
24415 26053
671 10218
8245 15011
211 5913
16888 28013
5300 15905
2596 5669
19189 22871
7779 17148
22425 28163
8371 26739
1843 25759
591 23007
22666 23024
3735 23052
5003 26704
6431 18251
3511 26629
1299 3236
2245 5458
3558 23159
493 22872
3122 9272
12459 14706
122 15761
22094 24639
1531 24721
4350 6876
4199 17140
10207 21712
12667 17983
18799 21449
401 16770
6348 8318
21612 25306
5989 21079
12056 14390
1770 17310
7297 25154
1107 23843
6134 15558
9550 22791
2814 27168
9805 28116
8156 12346
3041 11584
1684 5846
12763 14834
9047 22508
1719 27532
11030 26077
1497 3261
15753 19594
9738 18226
7681 13117
13740 19032
922 6067
2474 8566
8323 11541
10701 25291
1383 11417
3161 5508
4523 14957
4740 13017
1772 8481
11080 27449
1153 8734
1385 21776
2368 7456
9067 17593
5383 13343
9465 27198
12022 21946
6031 11529
828 17696
13289 26449
2219 24125
3741 24852
12004 18724
20163 21173
6360 17881
15637 23009
1795 22379
18520 25722
676 12489
910 9836
334 18669
1358 23978
17404 21898
1871 23239
11937 19723
1105 19484
16976 18107
5042 17755
1266 6285
12010 17559
15671 26691
9352 11764
17779 22112
20258 23608
15611 23041
17898 23644
8185 25177
18785 25350
862 13819
18113 19116
13598 18398
19074 21831
1181 19269
18823 19639
1462 10450
23198 27949
11240 22199
1686 8717
19468 26063
6410 19865
13378 17438
5286 27662
3463 15282
369 12399
2797 6301
3790 24453
373 4916
15189 25250
915 12939
5768 14957
12865 25062
2132 18421
5978 8800
4535 23553
3164 28147
5001 23361
15506 23994
26299 27324
10531 22850
5301 20724
11535 13876
4144 25699
5949 17637
9873 21388
9016 24512
15634 25329
9891 20676
12538 15910
15370 15441
2518 9061
5882 16203
24517 25547
22919 24721
7929 14675
1795 23143
7205 26498
860 11877
11853 17941
11954 12121
12226 24255
609 1689
3727 4228
15239 16490
8640 15756
18775 27314
13699 17423
26262 26992
3490 15442
25115 26232
11469 14724
12086 14568
7830 9005
89 15008
14101 19411
1871 7356
9190 19536
6198 12111
7286 15004
288 18706
17649 21673
4519 18409
14235 14636
17955 22714
6103 24888
22278 23418
19758 26389
17728 24575
2269 4135
6409 22010
2748 16006
3059 5585
16264 18994
14511 21296
13211 13921
7945 25901
21798 27469
8233 26544
929 15196
16974 21995
930 8957
12794 27324
2892 23890
673 4595
10028 12037
6994 23143
2288 10146
18297 24766
21766 26923
6913 9141
4978 25433
4321 17568
20479 25468
1978 3788
16976 27963
5782 11647
16383 24408
7050 8830
8948 9004
7354 26261
13029 26262
19817 25146
10965 13704
17938 27129
5387 27567
14868 22479
2604 23265
2462 3848
15276 16557
7031 15996
11385 14996
14697 25157
8640 21126
16142 18461
7467 21515
13779 26559
10502 18724
16337 24166
11992 20515
11880 19819
813 13186
23355 25589
5332 26764
10278 22029
6331 13207
3890 6605
9524 10674
9422 12655
2673 23332
2272 14080
12412 19447
3326 27032
1200 12790
6718 23372
11985 25172
15369 27722
7536 19664
13493 24904
14264 23590
1556 16979
12538 27087
16276 27301
2185 4711
11692 19728
8774 12073
4017 6865
16131 23493
14108 25598
1777 6759
2068 13558
17958 19775
3878 14835
7019 20503
11992 28009
8497 10549
20092 25847
19705 23897
10831 15534
10039 12566
25409 27790
1895 25514
11965 16016
396 1252
7813 25399
1376 9717
9636 26830
2003 15502
11795 23771
21211 23738
12658 16965
2418 19670
23829 24551
10062 21201
7319 25828
7737 12794
3220 8035
6093 21358
2386 12479
10643 24783
7414 9226
19181 22857
1197 24988
1116 22987
6253 17636
6651 24325
1649 9038
245 5585
2535 6843
6462 19566
6009 9502
3643 19285
8262 19004
7359 11427
9080 10784
3323 22141
251 5570
9074 15905
3915 7213
16975 27767
17054 27261
8441 11250
5313 10169
17032 22284
21962 26153
4035 10061
20181 23295
19723 20355
21260 22659
8669 18984
5429 16512
8806 18651
4216 12306
6065 13293
3329 11133
13580 22421
11484 13820
179 22120
9026 24782
9371 18214
14445 16609
16102 21122
3609 18920
2707 11129
11924 25823
5984 26126
16192 26902
2516 22255
15729 17133
3881 23143
7904 10639
7368 15804
5433 8020
6350 28072
23187 24136
8166 21438
6268 23998
11351 21547
10311 21269
20275 21433
8243 21606
16243 24998
15713 24830
3287 10764
20109 22416
77 3068
5758 10495
1404 27509
3463 13472
3994 19910
17391 22491
2288 15464
6852 13325
4971 21746
2533 22947
19544 22168
11539 21481
23494 24723
13813 14288
6067 15843
1254 20232
5576 11014
2214 11521
6239 14445
10612 12218
4645 27607
11803 22701
183 27851
19819 22416
2339 23193
15954 18454
9215 11859
16 2156
15619 20222
336 10990
10875 16726
2980 4456
1878 14359
7219 20339
7854 17613
3993 21898
8579 26476
5056 21868
8641 9898
3851 14525
3859 23628
4522 20831
21823 27421
23368 24905
1424 15650
1925 6715
2379 11569
17238 23489
14920 18019
15375 26565
2003 9689
2943 26397
3856 10309
570 23671
21721 22647
10313 23832
15660 26335
2741 25721
12356 20274
10309 25963
2592 25272
18973 23112
2005 12051
4747 7119
1672 3638
6809 11724
3256 23579
2334 9350
8096 23335
11859 22416
11326 21536
9108 22670
7407 12246
5326 19909
245 28211
2438 5082
8108 17684
8038 14534
13741 17712
22871 24127
12711 24939
15941 26463
9796 27129
18565 25863
5042 21535
8291 25270
6177 18045
7645 13475
14104 26670
13175 25876
3593 26943
3665 14457
17263 26554
10645 21920
4571 19945
12062 16793
12511 23984
4194 25630
3323 18740
13692 15782
20579 23921
9086 17530
14657 25991
15267 26559
15169 20162
4309 12271
10732 22416
15739 21710
13059 18401
13440 24425
4956 23997
6945 7873
5505 21798
19584 24753
3818 9436
4728 18919
5309 23455
1445 25490
1529 14670
10641 12244
6848 27341
21828 27582
7477 10170
5374 22884
2758 3196
16679 21766
1613 14546
13351 13702
9428 20355
10924 14922
12155 15432
10800 24603
24803 27337
9946 21788
6776 21293
12786 22630
9591 26031
106 911
23978 24502
11106 12547
13945 15894
16638 23854
1399 15190
4578 8033
220 5339
18516 27811
7202 25699
15784 25115
9654 26261
11292 21309
8523 17770
292 3296
8032 20476
20906 26173
16045 19089
1794 15274
6763 7246
17938 23586
1726 1737
281 23068
1449 13516
3186 27058
1299 24265
478 14657
18521 23928
1979 3206
9043 17207
588 26313
1213 5683
14988 17264
11086 16152
3734 26189
7154 19948
17945 24218
2438 14694
21855 26536
19576 20222
577 25487
12075 18985
15504 23750
6182 26231
4092 24287
3940 16377
13822 18563
4573 9462
18457 23566
3506 22799
3793 10723
181 26435
15210 21841
861 14834
1878 18823
14106 27976
12472 16982
14390 26283
10416 11261
1232 13700
9254 24208
7926 17791
5212 12369
5636 22691
1672 13375
21631 25329
909 20993
12803 21637
15877 23094
2690 4700
6449 22547
7236 25228
17378 25273
15610 24339
4287 24005
22526 25973
8798 15606
22518 25253
11218 25788
473 14180
5417 8750
18669 21370
1783 10970
3626 19721
5032 5962
15225 18787
6633 18533
2002 17965
10929 18173
16362 23974
22568 23492
4635 19032
2732 21564
22425 24374
64 7396
5304 10601
24262 26008
26335 26832
8430 20144
12956 17630
8586 19351
8000 15377
7826 15620
20413 28092
13745 13864
15752 19975
13272 25658
1744 21798
3463 15286
8754 10580
13363 13373
327 25962
161 25273
1802 3933
19939 22477
9696 18985
2604 18665
5782 19749
13282 17029
14895 21999
1 24911
1609 26413
14768 22273
18522 25392
12938 25552
15488 16118
13436 22472
2488 24829
23062 27481
19294 21509
1052 22496
115 10559
8733 27664
11417 14328
12364 17316
1138 18982
18964 24467
1322 11799
7358 22186
12428 16823
19154 25453
3419 3990
19282 24645
13480 16727
6553 17450
2760 24410
7337 17283
5691 13245
3680 11383
22230 22310
7681 9398
13853 26094
10393 26565
8291 21513
4858 7908
47 27488
134 19313
3287 23845
2841 6227
1322 16829
650 20562
1106 27123
12885 26691
15263 17189
26074 26684
782 9526
11049 17785
5520 18026
262 11323
5196 7002
2807 2957
9296 28015
168 12966
17119 28215
7184 22541
20685 26027
17033 18208
21135 26604
2949 11569
4878 24603
9219 21623
16725 28020
3059 18015
5494 19732
6444 21968
19539 22933
25419 25557
4623 22254
3869 18496
1834 16069
13759 24031
7078 8939
340 22216
3900 9699
16135 21735
22431 23165
107 3163
21335 24720
15053 16588
3310 9986
7642 22100
140 23162
6865 19843
7297 23396
1365 7830
7398 22556
11261 15184
23997 25771
8159 21798
21122 28082
18366 23811
11518 22384
7443 18056
2981 4490
7293 24069
11866 16979
8122 24843
961 20008
9038 18992
8708 12523
3465 23369
22750 23400
13332 15492
6296 10672
10303 20008
6614 21315
8210 27406
12610 18912
10622 11467
8300 26316
3472 26784
14771 25559
12361 17404
6308 26956
10598 17146
2368 20579
2605 27004
1925 27962
6103 25666
7297 9226
8802 11465
13736 22159
11376 18386
7386 24279
15396 22763
1825 24049
2252 16629
14352 26643
17973 21554
8990 27478
3233 26322
2127 7707
8638 12139
17723 26665
4165 22379
4226 4248
8818 23762
6894 16641
1001 3841
8370 18374
23892 26197
7826 25435
1790 2315
25580 25904
12218 19739
3063 13970
4849 28031
10099 27772
2250 14407
16100 20605
2882 20258
23897 26593
5956 25280
9215 18678
13665 14911
4645 7681
3674 25626
16895 18430
2167 3364
15308 15839
8048 11627
391 9962
8344 19827
3398 27129
6533 23298
11405 20546
1138 24512
1168 26114
5108 16956
16969 18428
10971 14633
11712 18546
22162 23409
5923 28044
21506 25432
17990 27049
3346 11627
4824 19964
12792 21688
6594 24309
5327 26312
2732 19169
12090 14976
19566 22326
2487 13045
20583 21835
3967 13362
4509 5136
2996 18456
5701 15986
15561 27631
1487 17076
17242 26117
1878 13815
2635 10393
10508 20533
7836 25817
6603 20458
424 15964
5635 15833
15235 25906
7205 20162
8430 9194
14854 24322
3895 4551
14345 20144
24638 27538
5477 13383
5267 8143
25607 27382
18617 27498
3256 11232
11795 28214
18392 24218
1112 4967
867 20395
2636 23734
19237 23106
1197 9431
16588 26022
12708 19817
6672 22471
13038 15402
13906 22761
413 5410
8855 20958
11444 25881
2239 9420
24451 26957
8285 15378
1517 6600
7831 26097
1181 5741
19086 22040
17214 20205
5536 26194
896 8498
7444 22230
1920 23075
19154 26144
24363 25906
6972 19919
23140 23310
3734 22912
2325 9915
3890 27899
1176 8544
600 17259
14993 15170
5344 24884
3055 4891
13483 18603
3987 21886
12495 18533
6465 19483
1408 8075
16152 25656
13844 24723
2943 18729
18062 19233
9428 23657
4495 4695
12762 27428
17967 18919
2635 4154
13312 21378
9036 27780
3733 13564
5317 9026
262 12274
10495 16298
5294 9915
12692 25842
529 17744
3585 7951
10974 17963
3141 25711
15916 28162
6007 22255
12726 16970
6067 22455
25795 26695
969 2807
3070 15723
2303 14104
25628 26761
1092 15317
23696 27221
19639 28211
3762 24129
12511 20438
13221 24755
11207 23997
12651 22156
1758 24005
3970 23332
12311 19566
4175 25962
2268 2297
6078 9584
6063 19695
5694 14879
10875 15749
3411 24515
16191 27091
15890 18755
828 7820
24256 27937
23686 25214
5010 21366
4167 7396
6052 23562
5628 11790
1391 4640
8204 21536
22979 27029
3454 13901
10943 22292
810 22833
21278 25657
7731 9008
8441 8647
9432 19369
9358 22857
809 7881
2463 11473
7877 10420
12743 21755
8157 13527
2215 25854
3287 10462
13977 16234
10350 25009
8586 24330
15818 22506
23994 25336
24148 27117
3727 24327
11830 19052
9563 14010
9404 23265
20667 22734
18027 18559
7590 16584
11858 22300
7869 25402
8248 13756
16044 24863
6627 8032
773 11688
7668 16219
8912 13516
1075 21067
12193 25863
3756 22212
4024 18651
9715 13185
7861 19555
7110 17845
4021 23249
5128 11350
8811 17496
2283 11030
6552 10839
21481 27117
4519 27986
2542 26147
2775 13458
12316 28194
9710 22084
278 7529
7698 11846
14662 16734
10511 22966
19732 25472
6831 14264
27002 28146
18850 24495
13557 14288
11826 13529
2864 7200
15015 23284
1381 25657
18586 20043
4732 17592
259 7835
2484 19985
8507 9951
17782 22125
9378 11014
1406 27801
868 10598
8452 15871
11892 14829
20441 21136
9043 15290
5950 27319
18515 18595
17640 21317
3342 22742
1127 13911
2748 14389
17726 21569
16664 22845
14393 19545
10444 26245
12144 22076
495 15611
6177 7793
8095 20018
1963 24904
1432 21323
17055 21695
4806 5422
1556 25482
4189 24900
16263 21622
20906 24971
12792 25607
18988 23683
19947 26954
10482 18758
8338 9542
22983 24498
9147 27074
11809 24280
2648 7847
1116 26044
1920 17906
23785 25397
7390 22042
4672 25327
4823 23899
7614 12236
5289 21079
2438 4806
3113 12440
26187 27373
5946 26750
9416 23345
5219 19629
2021 27087
3889 14024
3337 21384
20429 21154
25687 26017
8551 28052
4339 5466
6587 20127
17041 18128
6221 14069
381 11746
14390 16175
7169 19731
5288 8035
14563 23749
3339 22116
10127 11543
107 25165
11422 15090
7478 7950
8956 17165
24098 24112
7786 21875
15600 19171
20261 24782
13697 14690
9829 17071
12009 23868
20084 24551
2277 21202
5615 14271
3267 18370
20195 22096
14478 26740
17177 23601
17012 18464
1878 13558
9470 18367
867 26012
11699 17013
19827 23338
4766 23560
25174 26092
1240 22883
17326 26640
20099 20654
2027 18208
9226 12639
7375 23696
1477 16740
3939 16766
11107 20890
5587 9769
5945 13725
4890 25035
7478 24356
13057 21515
8565 26440
16194 25562
4378 22273
349 9779
1779 27844
8249 9080
1948 26312
7329 27908
11035 12858
15922 18281
22040 23277
8451 14540
17735 26670
7508 11577
7166 23679
17954 22566
656 16696
389 13603
3390 11877
18105 18436
17723 22556
5458 22250
7229 16879
10046 26552
12437 26063
17938 25810
15683 16389
2927 4708
14242 17592
3845 11552
14055 17167
6446 11229
14561 17726
3310 8248
25340 25727
3827 22581
22050 27290
2862 9717
5904 12805
17280 20751
10173 14001
15879 22703
4247 14291
12049 14306
22290 23315
8441 8641
17615 23736
7811 9717
1754 10230
9408 23269
115 24659
8435 9314
1795 13105
1759 17718
21300 25421
1997 2696
20635 24061
2325 24467
579 6625
12652 17951
8223 25788
6560 7099
4165 18717
196 16619
9057 11688
12328 19378
4626 25894
6584 22042
17832 26361
1085 23781
881 6940
12606 21053
14783 22947
1036 4175
11227 21344
1302 8424
10284 17115
11696 16679
8167 10498
24057 27221
7519 23480
7489 22246
666 1495
2185 8785
25519 26176
11953 12214
14277 21535
4646 5959
11306 20742
10594 15169
56 13839
5042 7881
15017 21398
1228 24082
5353 21077
8292 16674
10428 13125
4909 24234
1285 25945
16054 26212
16515 18272
4199 8076
1562 19434
6984 26712
3430 24155
8437 27197
8471 16378
6832 13447
14411 21919
23325 24332
15402 16584
4808 15183
2189 8158
5459 23130
8183 24723
14965 20336
14899 22948
1335 4646
22630 24828
10029 18046
13404 18749
425 7894
11722 12184
1423 27810
8421 15680
21423 21987
9699 22481
18219 22787
12219 16191
3023 15456
20413 22973
22734 26554
22216 24069
10701 26549
5176 18559
1262 6764
19188 26497
12005 24411
84 25265
3969 15173
367 13486
12323 15666
11104 12593
8860 23443
11973 19540
12198 25029
20037 25623
3623 20412
18243 24169
4718 26026
2798 27067
13794 19140
985 25817
5774 26223
1351 16016
5749 9884
12551 23830
9214 19940
6103 27428
1446 20065
7318 12838
13208 24939
1181 16727
97 5056
13456 27652
2232 16426
12439 12746
10228 21761
3448 12142
1999 24005
18761 20527
10606 18136
9543 17907
990 14330
11426 25368
5808 15605
15899 25603
14778 16795
5438 8405
2157 3165
10729 16671
51 2093
9095 10285
23585 28177
12228 17842
10652 24131
7021 22784
13623 17220
5978 17194
11411 14912
14886 17803
7019 19874
12527 15402
11696 24274
8356 22137
8285 19571
9047 10551
3564 13037
19434 27442
8462 18717
1550 5133
9067 12423
8054 15312
3102 25973
7359 24864
139 24592
15366 23881
7007 22575
11430 21744
3932 23431
15911 25059
656 1996
4581 24859
4102 10042
660 15672
4623 7698
6972 17965
24068 26673
13810 26053
1635 25220
22904 23189
22220 25454
9058 24069
3475 22910
876 20763
22210 27954
18931 20757
12323 16953
8982 22353
5732 27192
18362 23913
8114 24814
19021 20363
19885 25064
18333 25323
5861 17003
19525 22038
9933 16867
10337 23414
10054 13591
6784 19008
245 6454
271 17481
14959 17145
912 7213
1979 27398
2782 6177
929 15086
4142 16121
686 1830
5629 17110
593 16928
905 16953
6442 20409
17462 20334
3065 16143
1884 13888
538 2407
9443 26446
16428 26417
1705 12392
17649 19109
2686 16965
3674 8746
22278 22804
8026 11796
10323 22020
15672 25732
16600 23619
5477 9190
6308 19514
620 24676
940 24997
9786 11076
828 20667
10174 12528
18600 21438
10493 11555
3733 10913
11883 26448
604 24618
25451 26273
910 20748
2445 25995
799 6081
5777 12890
5206 11401
1836 12124
14402 17302
8816 14325
11100 18249
13186 24779
401 3961
5587 5984
4769 10263
2532 25468
20956 22546
683 17049
6668 27821
16758 28044
3762 9115
14298 22389
21545 25699
16917 20112
8264 8855
8322 12614
4323 26413
2981 7086
10935 17530
21188 26830
6257 27790
4117 5662
154 16999
14807 16509
5327 22040
25000 25464
4508 17155
4893 18772
15660 23072
21192 21545
13910 18336
10086 15511
3674 9281
3341 14452
7695 16545
12829 21446
13796 14887
13418 15055
9695 22084
5194 18172
12805 21060
3346 20222
8515 23722
15661 18471
21050 27849
7150 26929
19354 19939
4767 23420
1512 13776
8332 9583
6521 18428
1392 8974
7519 12689
22454 26327
13344 13802
6381 23665
12686 26899
25130 27759
9680 21167
16052 18281
5288 27819
22770 24728
24062 25110
8764 17582
6789 9573
2470 21945
1726 15744
2236 4456
9886 18603
1284 10333
11743 19924
10113 22236
20726 24830
3944 6789
3900 25397
6868 15493
22012 25356
8667 11599
9521 18027
23892 25349
3314 7549
18034 21021
7212 12662
10845 13649
8806 17880
9992 10821
10981 20467
10090 20367
6454 21079
396 10863
19692 25658
11238 11746
15793 22550
23273 27681
14706 20714
19409 20136
505 25732
3599 14970
7701 13819
3089 8565
12811 27795
14380 16029
2410 18132
17172 21958
3539 23995
18359 23643
18659 21962
3539 23170
3587 19139
10102 11142
22905 23929
813 25991
11898 12651
17902 27084
3728 21620
6876 27872
2279 24281
17963 24138
12056 15108
12647 27085
4097 4454
13298 21798
5587 11080
19246 27949
6641 20477
3179 17097
14289 22142
13711 25725
5126 14398
8797 13888
3729 17764
9989 25160
1921 9124
13555 26787
12462 17911
18712 20340
14672 24888
8814 23862
8122 17961
5485 26090
19301 19485
17781 24512
971 2348
2556 9784
1071 24096
2496 19500
3700 10033
7798 9179
4468 16823
173 12490
25188 25197
9019 16515
9252 25043
3382 15453
7058 21704
27 18884
9324 11001
3587 15899
3842 26331
12433 14822
1074 28024
4258 5567
10593 21202
387 18985
1860 6408
8669 13471
3298 14694
15178 21474
15661 26878
1564 2929
6765 23193
6776 14091
11106 26345
1421 27939
7361 17111
3695 24156
5943 12829
8096 27821
2324 8592
26311 27821
19542 23990
12282 12397
2466 24049
3507 22422
17509 24939
3916 12850
14942 26706
7731 28211
3667 10967
23941 25930
7498 17963
12090 18001
5495 21911
10894 15549
3125 27606
1817 7195
6377 22015
14701 20664
16940 22464
18421 18608
14820 26361
12942 17631
7869 24575
10723 18824
18136 24629
10770 14079
14276 21326
10061 23115
12056 12565
17355 27688
1803 10198
14807 21057
18755 28064
23628 26834
10286 27687
4340 25245
9367 16331
1621 1767
3995 19679
21790 27906
512 20235
26263 26495
292 17325
12437 24591
17178 18121
1675 23932
4447 10321
15201 27569
16200 27649
5351 8438
15955 25280
12204 20427
2453 26340
2357 5694
18464 23293
4039 27587
1613 28085
5082 5711
2830 21563
5893 6946
10933 26245
11034 25494
8474 14793
21419 21660
3593 10662
9058 16164
9572 23265
7522 16311
2632 19447
17398 23983
6827 17102
6278 8167
10148 15430
8218 19056
9281 24904
12709 24042
13807 18820
10449 22399
1417 17838
12989 14358
5146 13170
8281 26419
12762 17954
19395 25693
16744 20204
23803 24000
13362 15672
10935 13810
3885 14129
7814 24524
16581 23628
16581 21104
25292 27265
15346 18436
4820 22430
2498 27726
7598 27104
1867 6587
7549 18784
7137 7803
211 3564
129 11631
4950 14566
17166 27717
21029 27843
6367 21653
5620 8142
9233 16418
1694 8787
17246 23816
23074 28060
18963 27434
8706 21462
2986 20707
600 7069
25830 25908
11716 18735
16909 18931
6664 21792
10090 19348
3247 24379
14838 18024
14234 26969
10822 17199
6415 26048
2754 23194
19789 23963
4758 22678
4039 7668
16108 17483
8264 15128
5650 25254
27032 28060
2605 22020
14976 21183
8974 27743
15883 23147
1999 13291
6065 9696
19441 26097
664 21683
9080 21952
5808 24914
20916 22835
14914 26529
1039 9214
983 14163
2627 5728
10733 24752
9227 11291
2447 15665
2245 19039
755 4412
4606 4725
20876 23560
7228 26780
19874 20504
17 3343
13830 27183
8368 15017
8441 23055
8964 24939
3160 19326
3402 16961
15435 21182
8730 17151
16205 23225
18553 18751
341 2954
8246 13681
8732 12228
12956 24028
8730 18498
15823 20479
1306 3162
568 14825
5723 14296
13038 26257
6753 21855
10284 22255
14067 26081
11555 27849
10047 14987
19601 27087
18218 27976
4507 4542
11132 19118
3892 14104
11795 27703
14210 14584
16092 16631
23365 26071
9292 11746
2179 3634
12865 22420
21955 27698
12246 25280
895 18520
13709 27136
2600 11388
7191 15353
9645 17789
6687 10245
137 1813
3864 20754
12120 15163
9216 18947
17740 24708
15990 24510
1413 20094
8261 19125
17251 23428
10709 25902
11193 24939
8220 19595
11675 24424
13656 22233
21563 28098
8140 10426
22492 24285
8730 25990
14439 17341
6528 27514
6528 10807
1184 5249
6278 14153
8160 12994
9724 21431
7668 14471
6863 13263
580 18702
17630 20876
7560 19442
17562 20448
676 27085
1816 24131
7587 23917
24611 24646
4221 23553
19853 23136
2017 15350
10242 12020
8467 17250
13196 15823
8114 9255
4143 21432
1468 2709
10335 13435
17486 23455
479 12417
16328 16796
1607 10822
9180 27612
12194 17527
2128 10821
4663 16695
9374 9882
4414 9294
10008 16451
3598 8057
20388 22183
7475 20765
13203 14016
19185 20670
12194 24104
24 1544
5326 14817
8061 28035
25866 28166
1996 9132
2547 4009
6550 14604
5852 27942
17169 23562
8703 20758
18700 21004
1507 14865
9766 11904
13947 20318
22020 26469
13646 20370
10532 22688
17331 24349
16098 16803
8669 10218
3592 7913
17464 25282
4866 6594
2740 7881
7732 9525
3609 7471
10164 11636
10309 23754
22869 23130
1882 17509
12592 25025
23804 24904
1722 4121
161 21138
18831 22426
1593 9616
2698 28095
4587 26257
3741 28079
7631 26767
24902 27966
17833 22956
4471 7993
3580 10197
4780 4858
11148 16198
11080 12354
16276 27702
11076 22389
5317 24693
6385 14704
3709 12201
11467 24360
16188 17664
10838 23446
5089 11047
2244 22182
716 27381
4363 5876
1165 9572
5925 17047
4038 9422
4070 24068
4096 8734
2200 26571
5466 15200
14335 28226
25043 27600
2803 18594
1435 17220
15749 17744
18007 24801
16840 27662
21369 27966
848 22454
4198 21623
183 745
26546 26927
5595 16955
3362 22688
8112 18639
6898 9838
1239 10042
8706 12811
3738 26869
12249 17734
4178 8718
12612 20657
7401 20715
5416 25130
11757 19073
11113 26580
1533 8694
3770 27455
9851 11193
8822 16307
10033 18778
877 14183
2589 24519
9226 20424
1795 1852
18678 22234
2474 2708
16470 18001
1259 23744
1736 7106
1103 23459
14946 21849
12496 22761
2891 17507
2711 26584
11746 14894
7647 21945
13412 18114
17094 25639
5721 13257
12369 14110
18696 21333
5540 12852
22045 25017
2348 3264
17678 20789
7166 9416
13446 16117
7374 11946
21628 27383
12392 21724
19817 21423
6996 18265
9537 10326
10082 21861
14180 17773
19822 24841
193 23083
23365 25699
10922 13462
9193 17589
12855 15531
18049 25156
9680 20267
10378 10923
8045 26200
6215 28044
7050 19005
7312 15672
19416 26868
6117 14654
10330 12855
2067 13208
570 4516
11854 23225
7496 8278
1200 15723
1126 5716
5170 14500
8208 10729
13091 27321
5691 20155
3300 11431
15401 21963
12234 14778
9683 16867
13139 13289
10515 27792
5125 17171
12356 18744
15211 24061
20355 21537
2818 16439
7456 10619
2885 11562
5775 7869
1343 5917
4751 27559
5590 22897
3897 14930
15282 17097
15248 22841
11240 25986
15435 26644
11071 13421
90 11922
16545 19874
13021 13134
10795 17459
1412 8964
7355 21327
1 20208
880 9184
1466 12985
12795 18131
8011 12548
12480 17435
8791 27357
11830 27883
2657 27927
10956 16369
10116 17630
17278 22075
2447 17018
10986 13649
14136 22628
3723 3841
9574 24406
10805 11436
14809 21353
1843 10498
289 25272
1823 10701
8100 22054
14141 19879
4076 18659
13704 20846
6048 11080
19712 20171
1428 22910
704 18841
5181 24147
2200 9038
3666 13282
3053 5274
781 4203
14445 19819
15776 24094
9844 21254
25638 27275
14064 26513
1628 19777
3532 5493
11970 19201
4829 13354
9683 24267
11206 22814
22666 27685
15610 21673
12616 13099
11337 15843
7911 10967
4700 22404
810 16976
4878 16090
7228 25712
5913 22338
36 22491
1713 4048
24629 28056
8469 10370
7835 12612
9231 15325
8914 22580
10490 26764
745 1030
23932 26503
16086 18938
161 14280
597 26019
10258 16968
9090 10758
1689 1781
2189 16116
10023 15410
5593 16162
21909 27324
20639 26554
11207 20831
256 11248
20519 21867
13438 25727
19548 21372
14145 16369
1308 10993
1332 20369
727 19705
1331 7411
24723 27879
6705 9350
23183 24449
2053 22022
2342 8599
9829 21000
814 23267
12066 25297
7209 24877
10767 25865
22497 26525
15666 23372
890 4029
4362 8740
19134 21470
19199 28108
3634 14556
3856 19337
25185 26838
899 2218
257 15557
5725 5943
12317 25838
294 10747
17246 20409
22426 26299
2940 26676
11943 19933
3624 13591
781 9074
7747 25306
1884 6221
1565 21003
7079 17166
774 22335
1700 20440
7272 18267
2596 3899
21864 26737
1516 9465
4648 12423
10462 19486
10036 22901
21831 26910
12257 15477
1284 6045
4216 16209
490 9336
3406 11760
13386 15547
2963 19817
5152 21486
23062 23578
12271 19522
7907 25409
18657 20661
10450 19575
10421 12352
4618 22273
13033 14710
11314 23415
8229 9115
7205 21815
4454 7900
1535 19367
755 6364
11238 20251
20421 26882
6155 15492
7015 10340
22996 24928
9895 18952
2596 18669
5689 9563
12444 21638
9085 17782
10662 16683
5485 9353
6661 27259
2605 24068
27415 27770
23866 28108
11207 26745
2628 18793
1085 8151
8399 22965
15323 15865
11539 25523
106 14019
1532 17629
911 19712
7900 9654
7969 25432
22634 23799
3086 20754
26761 27798
20764 27316
24662 27082
9319 24610
24152 26755
6179 22322
10872 26547
13791 25828
2435 21094
6767 8190
1830 21003
5472 24855
1331 25710
5435 12922
1556 17757
10487 16986
7728 11748
10584 20726
9438 18006
1103 4618
8242 23907
2908 26152
528 21857
23243 24669
5630 7416
4391 7229
1489 4433
13185 16259
214 18919
3009 27690
2084 8434
7169 26139
9713 14632
7152 8112
509 10197
6857 14321
3326 17075
2024 8898
14242 14728
14590 17312
2291 2349
384 3762
7765 11492
18921 22914
2387 22322
10089 13451
9665 16637
418 19497
8478 20491
20487 26216
15429 18280
8807 24550
19479 23175
6296 22499
8932 21673
1750 14575
6065 22565
220 11953
7205 27085
3675 17734
1613 3528
893 23494
20156 23764
9371 14561
4678 8164
8612 16328
1713 11535
12028 13983
7820 19817
10279 23877
15184 26038
3856 16284
1603 17393
21070 28134
4646 26315
5371 22530
5371 11212
5194 8676
16055 18665
8269 12651
16679 17938
7346 25068
4033 25578
731 12709
7070 7480
22120 26092
3989 19035
7469 24069
16444 19546
8734 9802
10541 11260
1780 5342
573 9548
825 23525
18034 21662
12000 20097
14129 21423
651 13469
1761 24608
4428 5153
538 6017
9466 25329
21930 21964
7365 16026
1434 21904
10871 20962
11080 18288
20494 25343
15055 16349
2948 18690
5787 14989
9378 10027
6420 24076
7025 23105
3157 9198
7693 16751
16183 22982
2721 19514
494 6578
7313 7502
1520 21415
11805 22112
17814 26274
14 13556
5382 20045
13215 13440
8980 20564
20808 21831
13329 23821
12441 17232
12365 25906
8579 26986
569 11199
20737 27495
867 20389
24444 25029
5485 23798
6771 7152
23111 26071
13328 19348
18128 21761
2505 4083
881 7497
13599 25034
1413 12801
551 26907
14901 16452
9407 24411
18464 23566
5734 20265
12939 21516
1308 4366
2759 2869
2518 21955
656 14123
3622 27867
12368 14791
23182 25559
14033 14522
115 11599
5263 9226
21814 24522
3819 15867
1795 10285
10287 14957
1730 9361
1050 4187
21028 24267
14521 25333
22974 23931
5247 12647
8856 23960
4189 16929
2944 15791
9562 13522
13227 19322
2136 27849
4090 16105
5344 26154
1925 16690
6748 22469
4309 9234
22131 25410
1308 15803
8478 25273
1379 23649
7166 25443
16591 25329
3039 26148
715 4550
10832 20430
15435 20031
18772 19097
23932 26413
6220 24109
5 7224
21138 22326
7080 8183
12711 25084
6443 20144
17366 25590
16269 22352
14534 16953
8060 22228
22575 26187
4646 23827
17115 26186
10786 10876
9427 14804
2373 28062
7355 20527
12145 16865
6495 19576
448 2349
12257 14072
867 6932
1573 4073
12651 24689
1308 5174
32 16734
10687 12297
2557 9951
14763 25545
11151 26232
5262 5984
115 2677
23415 28028
14759 25786
15751 27901
2282 9373
9296 23608
19068 22543
4514 5588
23847 27977
8361 11295
21766 23372
7118 16245
7797 16484
9574 24129
10080 19639
2230 24823
19652 25329
11785 26856
5978 15076
21843 26044
20417 24081
7645 18242
13221 19951
4444 13877
6806 16771
11059 21848
3098 28147
3625 26598
10898 22873
19563 24395
5799 21263
7698 18304
2436 27220
12551 14228
4946 15429
4477 5916
12910 14124
10222 12604
7003 21165
24043 25011
15620 17407
5387 22409
9605 28002
1197 24729
17920 18029
14633 18265
7199 25336
2327 14093
2521 24167
12986 22522
10146 21766
14242 18823
8502 14577
12402 14767
4902 21067
2545 10780
9717 13935
27795 27867
2960 14560
11271 19590
15744 21813
13771 27527
12956 22457
9368 14644
9834 23143
2247 22074
2341 14288
5538 7505
20235 24634
2845 13227
14033 14331
3059 11581
13926 23371
7187 27148
13355 20742
24753 24823
9084 27500
19148 21546
20480 24069
11773 19775
16533 18267
3718 7472
14389 24554
9218 25873
1181 6608
18336 25301
15936 21790
9231 9639
2596 19400
15505 27155
2050 10208
13101 23145
4705 7482
10091 18218
7346 15184
2527 15401
3700 15014
10815 21891
1706 12779
451 10533
7626 11634
4356 7420
14463 18704
15576 22417
3718 27084
11816 16187
6544 21919
8999 20008
9542 18669
4954 22959
2031 25483
19726 24256
1302 24764
17137 24599
1933 26047
1152 9094
20005 23891
2327 8224
14820 25786
9531 26190
9828 21369
2882 23274
15996 21271
3788 10146
175 18047
9683 12672
3141 7927
8443 17273
15619 25788
13362 22404
1672 23935
5729 11930
2118 18704
4693 22153
8317 19086
2205 17734
15765 21915
8789 9182
15669 22011
8506 11319
11011 23884
3435 25608
16625 26786
8272 11080
7311 18784
13281 18415
7841 9441
7679 16656
2454 12639
1688 8368
6126 15377
10824 20054
7413 19548
13418 16873
2074 27104
20586 21446
3753 8318
6026 18302
3682 12128
15027 22968
8806 21149
5267 14971
11047 25321
972 19628
9999 20343
1899 24405
17115 25960
3488 20387
16767 19997
8931 14813
11124 12607
9835 13054
15493 26067
11131 23822
7680 8924
309 1719
17763 20555
1432 27249
16646 19138
1440 25525
9478 26194
514 24229
2308 25039
3456 17027
13647 27861
15019 18534
15368 16724
11000 16511
5755 24676
7827 27867
19566 20554
14832 18084
15428 17723
17596 18736
3765 17920
11661 21644
45 5751
12678 25065
1371 9093
16064 21955
17056 21269
864 13758
4802 7524
1878 5961
17251 19224
5521 8961
10767 13994
11128 20478
4139 25972
15991 21865
20809 22461
15801 16152
8145 23253
12886 18823
13652 14938
19494 23679
25481 27407
4770 24937
14633 27954
14504 21438
18318 22425
5437 27823
7375 24637
3244 24884
12090 14564
6612 20172
1900 16552
14964 17141
13373 19639
671 28049
680 17647
5368 17919
2929 5102
15143 26924
24611 27175
177 27686
10348 18087
5839 7443
5585 21832
11128 27227
1795 16582
12040 12096
24061 27129
3152 9751
18371 25348
9650 24750
15526 17850
1178 27652
9847 21403
2018 17662
3940 19717
2104 16955
21960 24195
1036 12156
20328 20475
5587 25966
3987 27966
13385 21811
16322 17004
1928 2426
23733 27652
7847 24904
3127 14997
7121 14286
18011 21252
7089 10393
13049 22865
13495 21770
23932 25735
9321 25074
7320 16974
22954 24676
25302 25463
20179 28049
688 25589
12344 16328
10242 13415
9043 13428
6952 19396
21438 28253
9460 24136
3501 23799
5082 17152
1377 23152
23643 27782
17487 25903
6267 24773
3738 6891
1165 16054
12495 21438
3745 22269
650 19585
10391 25626
21950 24708
1672 23521
2735 15582
16083 27042
19086 20171
3059 13232
8504 10588
1091 17947
2925 4649
401 25634
2971 4226
11593 17561
11168 15512
1404 8390
345 2919
2542 7373
15220 27313
8611 15883
2146 4076
9738 17779
5950 18626
7437 7695
15856 26258
11870 24723
3634 15868
16304 17462
2245 7205
12162 18884
6403 23225
7629 12388
2189 25564
10033 21642
7975 21938
8494 11555
2828 16597
23806 25414
600 22120
288 24974
5402 16878
1895 16836
6295 8707
193 12257
14182 26372
12090 13295
15561 24161
3734 21589
7741 26613
1410 21000
8016 9065
2469 8292
2003 13328
20503 22436
1052 23525
26010 26061
26372 26662
16963 20053
6910 12888
9709 25653
16311 18211
18845 23745
194 10209
2764 7175
9528 23023
13599 19886
10016 10402
3873 4801
3041 28058
15055 25998
24005 25830
129 4666
1974 7760
3147 9416
1590 13256
12377 25083
221 5458
13530 14336
2388 25409
2132 9843
12612 22140
1878 14471
21545 24893
12405 25977
7676 19538
18232 20445
14342 14479
8818 12428
9441 16046
9823 25389
11630 20021
580 5522
2247 20994
13373 20258
6983 15823
3944 21462
10215 14662
4255 15870
20527 23914
13747 25468
3053 12397
11482 22371
8434 13834
11020 15267
5989 21633
9696 23396
10061 26265
2462 3548
1711 7737
3411 7719
270 4268
8376 24606
6381 19783
14523 27700
2000 14997
3762 21710
6871 25321
5727 6301
8860 17673
4990 16535
2373 10751
3609 27128
12724 15939
2818 17747
12969 13242
9234 14033
6263 13029
16668 23094
13257 25409
9811 22968
6727 26089
16787 18295
8433 21459
2713 4807
2104 23132
5244 22572
15711 21207
20899 24104
5493 13810
9963 14106
5528 9871
11250 13736
3197 6539
7368 27116
2017 27042
17355 24246
669 15190
13736 14828
13992 18171
3847 21782
12328 22704
731 18452
435 10408
19409 19548
14464 28175
20683 22009
11076 14633
18133 19467
19355 21757
6237 27059
8539 8757
2796 3801
6206 8148
16864 21991
10099 19386
16766 28021
2701 25713
3683 13824
14151 18592
9962 28058
4581 6421
15984 23336
6295 19882
9583 22296
5071 15001
7698 20601
14650 26157
2239 20538
14822 19098
4715 11199
15530 24456
11193 16961
9730 21058
15676 19736
14606 24554
6848 25234
3695 26358
15303 19033
3810 7123
16596 24486
9737 26665
9569 22149
8046 21355
349 11694
5882 25850
1482 2533
4216 13268
10337 26815
16201 23809
1593 1999
19068 20081
3465 12746
23119 23935
1386 15182
1559 24326
1324 5122
8506 12602
1141 12014
4312 10054
727 24886
17220 19370
7359 22891
13436 17836
19616 21172
10246 16754
806 18729
17783 24085
7877 25468
11128 22024
14604 16878
4280 25072
13478 14835
15077 17415
11637 19753
14990 17383
6053 14997
8083 11198
1999 21268
8291 28092
889 3609
12517 21404
14807 20931
14237 17955
13351 22229
3562 17601
1068 22469
8761 14369
4280 7470
1605 8625
4009 28156
17963 22977
7760 16732
17665 17705
2981 5267
22179 23403
17301 20189
21873 27345
2491 9923
2966 21006
15058 27967
2024 8248
4386 25008
396 18069
5204 8185
4314 24600
828 19857
5716 24530
22446 23408
13257 18358
2646 22440
2756 14434
12374 21542
899 22107
1770 9543
2764 10447
16640 22186
270 16184
7974 22627
2105 7330
17838 23140
1198 4169
2132 7205
12072 25283
727 17083
2746 5005
7673 23798
706 26077
4924 14817
4597 14154
8229 12151
12505 19418
17709 20227
5978 24040
4528 19723
24091 26853
1878 21245
1993 21839
973 18636
1616 16766
4711 17130
7010 7590
620 11382
1759 7820
375 19032
9800 12090
18553 26546
15599 22826
644 24540
2547 9441
14843 22894
1320 3495
10833 22156
12078 16955
24063 25853
5454 20846
8646 14607
2932 12637
7813 22410
21079 22165
505 8970
26061 26808
1933 7798
9631 13756
439 17978
4933 20196
6262 23552
10298 27612
581 6126
2874 24869
8085 9623
394 9481
860 22842
9488 20081
15667 20101
6540 23732
4115 18277
18591 24425
12974 19958
4626 21139
6591 18400
6857 10609
12222 26389
4806 15432
2129 26898
21455 22986
4581 15841
8872 23286
4237 13564
17315 21671
1609 25283
7457 20293
1196 18753
18304 19982
10050 13682
8935 23196
5454 19843
789 25344
17285 27643
4255 7623
19326 22449
4711 8852
9268 21862
3967 23696
5599 12262
250 1440
24653 25086
3488 23521
356 28115
13941 16390
17331 19560
2369 28115
16707 18669
11023 17129
18993 24069
1 8884
1000 2341
10128 14633
4438 20688
11107 25513
1609 22040
20162 24830
7662 9690
9416 26503
9465 15169
17598 22384
1137 23384
12493 22546
1436 24916
1212 11905
13892 14760
1223 1852
18832 19898
4367 27505
12444 21094
15077 26627
25468 27458
5445 18522
23287 24811
2259 9229
15383 24412
544 27988
5829 13181
8063 15757
12918 27944
7854 18387
13850 27328
17660 24201
10039 22503
10957 26151
11111 18097
19130 19627
4606 5640
5348 21551
1091 5312
4314 8972
5759 17069
4581 19715
17938 21416
2012 27479
580 6107
354 22842
9682 22870
647 21919
7211 20082
18911 20510
430 21048
5028 25658
2943 6587
5989 18437
19068 24896
563 6148
539 2858
12678 16713
3856 12214
6879 20006
671 22499
3708 8566
86 28031
179 21248
9281 10845
23597 24072
26838 27887
5787 6879
11659 24737
11009 19347
1068 21380
6198 17338
5716 6057
2727 26608
1915 5371
6826 18630
21995 25109
21319 21333
3414 27684
3192 10893
10027 23143
393 21462
57 25505
15712 25546
9518 25443
6268 8424
22732 25557
6801 13591
11244 25564
2696 13858
14778 26253
12805 17173
3901 22112
2189 26027
288 4821
1679 23307
471 10863
5321 7490
3472 16554
1904 8857
8344 16781
4581 16757
6724 26115
5046 19008
122 8359
2208 2305
12646 20744
10287 15916
5584 25285
8671 15973
5412 20905
2883 22230
15410 23365
5214 6222
2505 5119
5140 8675
7086 22464
4162 24565
17586 21043
11334 19807
1422 24209
11030 17593
13481 18786
9816 21252
13755 15534
22469 24082
14127 19195
11905 18636
2981 14434
7036 12489
7677 21066
17081 17175
14092 23384
17841 27455
13468 22716
2003 25705
4193 13527
5398 17761
828 22771
11008 24787
16225 25452
731 2130
4904 15350
23467 28243
9049 19751
24061 24250
598 23574
12476 19481
14123 24903
15729 21559
10048 15155
11295 18319
7725 20836
11658 19529
10837 25701
2556 5522
17407 18947
5630 21113
12040 23511
2499 26990
23143 23365
13704 19564
18154 25893
9575 20740
2104 25155
6214 16906
11594 12235
1717 18247
7550 27886
16897 23972
19712 27107
49 17836
5531 6404
2234 10279
5481 17857
7588 10496
18690 27684
137 23809
10407 16058
3910 7765
13789 15973
17013 24122
12139 12234
1951 15824
13669 18427
132 25597
300 11720
21996 26580
4732 8872
2961 25451
7509 26753
20296 27563
2759 2837
9333 16888
2129 9167
7716 9977
2945 23972
174 11092
5142 27418
9123 11735
21149 22425
1311 12116
10269 18818
6196 24061
664 24660
4321 6587
2927 8737
20081 24749
6060 8959
15037 22205
2283 26077
24393 27126
620 2569
2040 26053
97 13351
25059 25133
7538 22621
4323 17787
7916 14494
12776 23997
10747 25306
12521 21700
6103 15642
7439 18938
21997 22256
4708 9932
3666 15808
8629 23400
1052 3634
6881 16063
4672 14301
1015 6533
9553 26503
15191 23366
15361 18341
12769 21635
2124 15376
9077 15666
11368 12228
6385 26516
10585 26193
2583 10957
509 5196
10982 18787
1244 22830
9234 18117
18163 20151
15749 28055
13619 18318
13228 18175
15992 26654
3483 24069
9874 25559
7664 17446
12782 16966
3428 27643
19244 25980
10990 24068
11847 26683
2667 13938
20949 26753
9660 9738
7506 17220
259 9720
8693 16374
5747 25167
13434 24406
22184 22448
7626 25666
896 4924
12524 24553
1379 14040
860 2336
1392 13085
21754 26908
1944 24595
7793 27821
3593 27016
7934 27719
5327 21341
3545 22469
13203 23338
5613 13673
6355 21714
3420 8600
18413 22607
11599 16255
5579 24676
14477 14907
4248 10154
6239 17963
1640 27778
9180 12888
16698 18075
9503 15660
1367 21555
5728 15377
6917 20808
18625 22273
1879 27660
6017 22449
8121 8411
15133 18027
10054 27660
12236 17040
11786 19025
18726 20678
5277 27288
6961 15857
813 22112
12244 28211
3979 15157
10924 17966
1349 9304
1230 27060
24900 25564
7916 15689
14839 23702
2162 15572
4065 4603
24636 25538
12512 22213
13969 22896
13567 26920
7915 13313
13739 14567
20707 21821
7568 23971
516 13663
10211 13677
220 581
17391 18097
24812 24948
1908 16282
16327 23430
1550 22403
10218 13682
2813 4422
11417 11707
1010 18369
3326 26284
7903 7951
3695 12551
2474 10727
3257 17482
15852 27428
8122 18704
176 7982
7607 12064
8264 18308
1050 11088
11877 22180
21353 25368
9115 12108
22425 24127
7286 22321
1365 7746
16215 23366
9042 24057
19451 25402
14198 25139
17398 23763
21064 24121
8349 17259
13253 17538
592 16094
893 17763
8523 17241
8342 17123
1270 26597
16591 25865
17543 26986
4164 16271
245 2274
5719 9367
5034 11484
12910 14494
13545 25602
5979 17073
4747 10218
9525 16527
19892 24069
3780 4551
22970 24933
4486 27048
12405 15920
20859 21592
14481 17281
11561 25525
4763 15049
5595 9563
9252 15682
4096 12482
21398 26986
15957 17415
14136 16151
19763 27043
681 3366
1770 4237
10901 18507
23278 28060
22475 24422
10279 22885
5990 20158
8948 14344
5614 11654
18782 25791
7789 25651
4140 20564
14082 21542
19477 20367
12278 27096
1106 18046
3475 25986
14728 22871
22311 27404
2955 13943
1852 21545
8191 25575
400 22052
763 20643
6446 23445
15261 25306
2121 25074
12214 25426
14129 23771
6103 24266
5082 5893
8707 16643
15837 19956
2001 16358
3499 28182
9923 18729
17115 27304
9226 19496
180 5989
18824 22981
22845 27374
3191 5747
1317 5592
899 21313
9859 13407
4918 15047
9786 24195
2573 23197
1750 2460
14557 16525
369 495
19982 21006
13887 19525
596 12689
11777 27807
5317 27765
1699 27570
13111 14308
17743 19169
825 3380
4328 20008
21513 23104
7523 21450
714 746
24469 27042
6514 24374
6937 10832
6591 27912
6144 13381
12995 17814
16670 25338
11740 22922
259 1635
8251 23881
8022 8377
10330 24127
1851 14264
2786 8400
3098 18985
4326 8924
15450 25329
3674 11251
8075 25062
22684 23869
10935 18216
13009 15839
1365 15392
3262 7274
17140 23688
2732 3348
3323 11274
17050 27949
11157 23954
7114 20424
26250 26993
19909 25437
13185 25208
4321 15298
4329 5767
13396 23884
11494 25163
18514 26053
7950 9614
11073 22956
22679 25559
1896 4581
16786 25219
4581 4713
194 705
16216 16805
14378 16094
12055 12229
16986 26283
18304 19133
8970 15376
10668 17823
18264 19164
18945 22309
12255 25974
6032 13913
2952 18277
1696 16928
11902 23967
16951 25950
3954 7624
4866 16905
4693 17630
3643 16964
12679 16626
4693 6008
3491 11738
8461 11997
6516 8845
12529 13756
1695 14027
21770 27296
10019 12301
1959 15611
1225 7737
4581 17218
7532 12823
11229 11718
6902 17539
6855 10319
15907 27433
6295 16608
1492 23529
20948 25013
24846 27538
18827 20996
20132 22416
1311 8066
5661 14163
6534 23146
2322 3539
9563 19712
2954 13032
5456 16223
7997 14922
2504 19158
10894 25283
588 3424
5626 18039
18336 26706
2708 15056
11295 13706
9027 26031
5949 9268
5329 7984
1150 3546
2396 16890
17954 18026
9939 19744
2396 7677
19952 24069
15432 22634
20100 21249
1713 9919
11541 20055
12284 16194
22331 28267
4769 27960
22093 24398
21194 26148
8190 24594
2189 10023
6177 7350
13979 21688
3098 9491
18879 23094
17757 25910
15178 18097
5183 27617
13349 14388
12444 17657
8801 11562
4502 10729
12825 23465
19150 25270
12565 25901
15643 17019
1039 14145
8905 9421
1613 3667
1878 3090
8254 25875
18287 18547
10094 20278
11171 24872
4225 20704
808 23861
4199 20226
24216 27652
2276 12135
2111 20264
9993 13191
9369 14772
1942 11103
18876 22546
22446 26261
8148 16513
11486 27221
21446 22322
828 24823
10018 11963
334 7965
600 16700
17378 26807
12041 14885
9256 10019
5586 24904
2431 28054
3121 26261
20331 27710
5197 22642
4782 15595
11668 18454
1445 27000
16865 27314
18428 22267
7502 26111
14339 16299
19244 26643
17775 21131
7491 17699
12051 25992
2667 17446
12385 27285
20388 26400
490 12997
7289 18639
10173 22763
7684 20179
13521 22581
1417 27872
8338 12089
16923 27693
7285 13171
4507 18657
8886 21423
369 21987
15214 15354
18822 25288
24795 27821
15286 16261
11311 19817
4456 17146
17075 25854
539 27096
8085 20615
1878 15389
10541 15868
5371 9378
1370 19675
8746 26110
8781 17603
1181 21516
12128 24976
15151 20232
4489 12120
11306 24712
4596 4980
8750 19097
17788 22403
8906 11241
8385 8424
2598 8889
19677 22227
16464 20986
2635 10178
23365 26341
3698 16243
2294 8140
4373 24904
17817 23162
5216 16152
5709 27046
10704 12945
24332 27399
3089 26516
2325 10998
10081 12983
500 23935
9223 14400
5711 7205
9576 19572
16766 21442
14496 19563
19192 27079
6807 9521
6393 11948
154 20640
8607 20479
257 1065
22471 24122
18762 26599
13086 22666
213 3155
9755 17929
1116 3387
7413 11758
11348 14771
7930 13787
18679 27569
14777 26675
6198 23963
8784 9216
14088 24283
12537 16465
14899 16937
10242 15676
15835 27197
14065 21929
4496 7200
17194 24281
19536 21456
6658 24073
5587 15477
4718 14843
14686 23722
15031 27681
8105 21201
9804 26353
11421 13988
7049 17354
17734 24405
9185 25272
15772 27899
1111 16641
13073 21526
881 17172
2396 3825
5446 23435
2667 10841
15494 22426
9193 21980
6230 6765
3805 17302
12999 25371
11614 24040
8132 22756
2246 13773
347 23379
12598 27821
9354 18618
4828 18379
9239 17457
13819 17649
15889 17471
1605 26723
11047 11723
8858 11621
24824 25623
897 13314
985 24005
1852 22996
12122 16183
3334 18875
16759 28109
12877 21502
5878 25875
5763 24589
17280 24843
1573 14350
2216 16465
19819 20849
6172 9761
4623 15705
12282 26061
16545 27758
2447 12155
4422 17498
2031 21519
14336 18297
8740 15723
13511 18760
18529 26909
262 16039
20899 23115
24548 27520
9717 16399
18631 23719
5274 22421
14085 15734
2819 26397
7258 11545
14964 22666
8961 12409
3746 13060
11495 15288
14563 18402
20664 22889
7469 27203
5103 11850
10616 24659
9410 19253
9717 25882
5690 18649
12956 17963
5710 8680
16559 27706
14944 18744
4947 18450
18892 19879
7011 20667
2713 21299
21761 24888
3877 12717
711 17310
11970 26536
9690 11420
18280 22871
17280 18962
867 14506
15964 22785
5458 15734
14258 21199
1959 5485
11141 14178
2984 16979
10189 13789
18958 22761
4469 15690
15211 15749
20513 22040
11818 25704
13676 27495
16475 17573
13784 28266
8208 15146
2491 23193
14969 20479
5023 16509
15727 17065
495 1006
15666 21079
12146 15549
23 21079
4310 10870
5197 9150
12777 18580
1753 24971
6510 9354
997 7592
7136 25142
2646 12663
3496 24831
7820 8048
2966 25833
16259 22157
4711 5196
7830 27504
19723 23657
3634 3808
24125 26759
13440 16998
4169 21613
24285 26581
18084 20130
9772 21893
7877 7915
14971 20745
13878 15548
10456 14946
20389 21245
16044 25612
5913 27913
8304 18982
16408 27689
3634 22481
2787 8772
1948 22278
18718 20046
5017 23129
15030 20286
6441 15548
9214 19068
7329 18015
3522 27371
19184 21498
20328 27365
1978 22012
11128 24379
1440 22421
7509 19857
17487 17917
6776 22186
4581 14311
6846 17406
406 12645
13973 17037
837 6555
13401 22699
14197 15844
626 12715
1770 3660
5903 20291
467 8000
6789 19132
1126 19317
2700 5117
15721 16197
3311 20286
24069 25802
9429 12954
115 16255
5947 24422
777 3128
16957 25735
4328 7885
17951 19913
6994 11710
11631 13832
8364 20918
6148 22498
23243 23392
13124 17997
7003 15267
6177 14995
92 4640
3395 12196
1689 23030
8782 11784
1589 26676
312 7748
16727 18131
19189 26061
4604 4656
14631 21118
4933 6007
25309 27825
1979 21886
7332 24793
15660 21507
4 10838
850 3599
259 26908
1391 23279
7802 22324
8730 24389
25435 25606
2915 10767
9071 14889
5458 18905
2740 22768
23593 24042
12792 15791
4282 9264
20605 25528
22151 22965
1014 6222
22203 28015
588 15271
828 12194
3944 23494
5722 13969
903 3937
19434 23040
11317 12733
20816 25174
1652 19033
17630 22153
17604 23738
4233 14926
621 12236
2729 27792
9040 22004
558 10467
4764 27384
4009 11545
2388 5481
17471 18490
6739 21831
4249 19164
17561 20442
182 25152
10846 20459
4962 17406
17755 26539
25276 25352
2980 6213
2646 4223
660 22925
4951 5002
3440 5025
2894 7910
15201 24886
12994 20319
12228 14771
257 6441
16901 23365
13745 18675
4006 13003
3244 4162
22215 23219
341 17375
6838 21297
17244 21407
7006 18963
880 16582
10846 17304
11528 12528
1781 7153
3169 12790
4041 11285
19627 20918
15077 24955
8333 24806
2677 4992
14264 15739
10083 18581
11310 23802
11590 26181
2934 24343
2407 3517
7877 17846
5063 5949
10388 17530
6495 21608
14359 24659
11382 11462
6848 8273
11696 14228
10473 11473
1767 11735
14080 21945
1920 25879
7307 8317
7832 27494
6801 20395
1557 27622
6892 15224
5458 23282
18758 21661
7028 27776
21011 28044
16163 25109
14794 15282
20615 25710
2093 18993
25619 27289
7497 19900
55 17061
2628 16814
3166 4197
10767 28014
3728 28272
2172 28232
9452 26953
3270 21130
15009 20477
8199 8750
841 17196
10326 26650
6903 9509
3607 15393
16527 22489
8368 15037
19998 24055
3257 8726
16378 23271
10312 18534
3059 9113
8471 8708
14518 15940
8148 26995
19091 27247
9895 16103
2250 11406
20008 20367
6209 25064
8132 27612
16686 18249
19509 28238
15426 22084
1060 9137
12083 25718
7791 10433
52 2929
24904 26396
8368 18541
21139 25636
4085 16996
9720 21446
5397 10085
8676 18172
12341 17526
9922 23139
11146 23686
6962 13921
3435 4026
4979 24294
3484 19704
3041 6371
2954 7933
12316 23799
6177 15676
2346 19733
8148 11181
16768 25686
19857 19874
9631 11945
18154 21309
20422 27350
1339 17880
19566 23608
12056 16175
17214 17640
12111 13272
703 6753
4955 9250
17559 21864
10612 24028
9148 27567
10388 22989
10242 21423
345 22640
1 21500
6754 21995
19566 26598
6931 9018
1062 7861
12512 19874
7453 14826
1629 11581
3638 11439
16640 21380
13686 19735
4321 16718
7505 7950
5204 24904
3802 6007
4326 25630
9940 15900
2718 25667
22020 22161
9000 10495
8432 21908
13810 18418
23283 24177
5214 8039
4956 26544
3856 7835
24836 28256
396 3576
6767 24955
5676 6965
9683 10680
5341 26965
7911 8056
5554 21779
278 8973
867 14596
1196 4196
3760 14862
3609 21111
13135 20953
3651 27410
14575 18761
23359 24866
4265 11028
22156 24324
10876 12356
3141 23070
12116 28060
7299 19315
14776 19441
199 27118
3065 20431
1211 9793
11076 15798
274 9554
7626 18704
5197 7881
18001 26189
833 3406
7976 27728
14635 16683
8931 12711
6169 17733
886 15421
4456 19068
1110 14447
4528 6094
865 12836
1412 24939
1438 8924
635 3059
6926 21473
7804 20633
3585 5934
13093 26931
4896 15907
16491 22604
4110 24591
8785 13744
7783 23978
4672 4767
5609 7796
911 1232
7162 15712
10393 23679
198 15112
5117 15470
8156 12341
23825 25251
1650 5724
16386 20849
393 7725
6435 8329
21126 27074
13168 27835
11586 26908
9560 13564
4102 25247
12436 20623
4165 9795
131 14399
8948 23073
22953 25091
17963 21341
13618 15694
7937 17239
2117 21982
4819 15268
12383 18704
8552 13669
4402 25028
2227 17258
20502 26088
8586 17242
7023 27899
5254 27252
6738 11483
11781 22621
17565 24521
2161 18403
24451 24846
635 10449
1226 11809
7751 10390
14010 19712
3908 9188
9560 25107
6778 22727
8767 18259
20562 24343
1925 5121
19409 21726
12341 20701
7324 11657
21773 22393
1878 15467
4909 23152
12614 19693
9750 23799
2283 14486
2067 26743
12043 15296
3577 5199
8931 13108
7975 13202
4506 8212
16374 25638
2353 22461
907 14474
2087 7950
14055 19064
13381 27005
974 9479
14474 21938
12467 13740
1950 16887
3874 27085
23489 27416
1974 15287
7011 24104
7544 18728
1194 17894
2118 17785
21149 22679
4029 24897
17193 23431
758 10449
10884 18296
6902 23198
1058 14865
19668 22989
2172 24207
20002 27782
111 10952
6859 22739
10699 14870
9569 12282
1412 15056
14976 16581
27790 28099
15377 22020
1551 20525
19248 24987
9423 16562
15611 19959
11369 12612
14901 22718
8488 23345
1613 6155
12008 13374
10865 27044
1140 13987
2961 23225
1236 15874
11569 26064
11948 22379
12559 16763
11495 21648
3882 21629
3269 7950
3352 13557
18641 24008
3902 24760
13186 17543
777 13220
7531 8655
396 8781
4066 8796
12183 28219
2677 17072
1425 18669
4811 14534
10680 19217
10287 24900
9150 17599
14726 16511
9211 16763
1470 25976
8254 22074
13008 15804
13542 18644
13394 18169
1677 12133
3383 27867
518 15149
9389 19893
24435 25874
15805 25330
13258 15708
18681 27014
22570 26981
8924 22130
8478 24057
5451 22553
15077 16594
9568 11034
2342 10824
17456 24263
565 8807
19622 23605
10531 27405
11668 22976
8670 19373
14748 27087
9096 14677
5535 16276
5984 9416
23970 24820
2342 23719
7190 16251
3421 6220
16974 25270
9508 16588
20423 22156
12246 13443
4639 21384
15133 27279
6388 6540
21920 26975
13956 18726
1234 10889
3041 23002
5431 8096
1171 5989
7222 19244
6948 27207
19811 24572
12638 26114
9847 22647
10654 19086
15302 19021
36 251
20747 26014
4694 22292
7031 19183
18051 19999
4623 9703
6426 10925
19136 27083
15792 15856
4681 21881
5079 16065
11746 20216
8817 22947
7610 9846
4720 27923
24023 26044
813 8155
853 2117
1123 25972
22186 26153
1769 8296
24364 27798
1815 12888
15236 23658
7543 10432
625 16956
4216 8583
1516 7877
16640 22511
21857 28176
2447 5222
17691 27642
2213 17264
1854 2211
17274 18781
334 5601
8145 9306
2378 19674
19150 21172
26244 26404
582 25459
25351 27162
1993 17100
5217 18919
13447 16948
10956 18204
4658 26738
16584 23548
3106 12163
8623 19835
21551 27446
10816 27464
11423 23430
4267 24997
8801 23015
2855 26097
7661 12787
2869 14911
10704 17657
10301 22503
11798 26516
11167 15178
14471 20272
2365 22227
786 7623
3762 8264
14050 23254
8893 10101
9295 20779
6055 8483
19853 20222
8324 18219
9053 13709
193 10512
11931 12586
2635 13831
13479 16766
9233 21455
2272 9769
8971 22857
7497 22392
4581 6593
8285 28134
15808 18265
478 18627
15880 23152
1158 6533
660 3598
656 5270
1180 2436
15371 23307
16608 22834
5475 26478
17880 27992
3265 6344
16276 26073
2230 16303
8924 10333
11113 11521
2811 21330
11422 18411
18606 25754
4433 24081
2293 22269
632 19190
1782 19544
9990 26635
18862 18959
6859 7169
17017 23027
12459 15418
1780 21027
14148 20278
7495 9901
4737 24374
11539 22138
22814 24177
5725 5932
867 16919
4904 13817
6692 10286
12415 15749
9472 19887
9226 25903
2022 2530
14723 22425
14001 17222
5895 23608
4221 22205
9174 22311
20016 25349
3718 21438
1878 26774
4072 16523
4561 21038
1592 7115
3357 7471
3054 26001
3101 5914
11171 12954
9538 21391
7248 20544
2151 17586
19386 27772
6516 25580
6578 8527
6595 6848
10391 24681
15536 25786
8921 19549
67 693
1531 16878
15984 20661
23785 27923
9233 10342
60 11867
6848 12598
9648 20467
293 17485
4216 22483
20046 27898
2086 23918
16402 19409
23830 28243
4802 21798
4142 23143
2635 20355
14309 22787
1944 23082
75 16982
5744 9365
22012 24274
3648 12792
22095 24669
4646 23932
2269 4424
11288 18372
9274 14676
4705 6695
13236 22386
11528 19058
3593 23526
4216 15543
13778 14997
8872 15429
6728 24783
999 15782
5412 9730
4377 16190
11134 20480
9524 20498
19585 22953
23949 27770
9186 18371
18548 28061
14439 21814
1114 19013
15766 16330
4990 25578
2489 12260
2369 16493
20558 22379
17491 24476
6228 25772
11059 23650
5797 27469
12845 21566
17562 21766
18369 21980
17587 21182
6552 27802
9215 17387
4218 4629
3113 13623
3598 16964
19964 27527
17779 20319
2438 12828
18002 27243
9826 10517
20503 27758
161 13131
3735 22485
2087 13094
16794 26459
143 26123
3649 13142
3808 22361
11096 20617
15263 19933
13195 14971
15235 17146
10321 16524
3498 27680
3387 25400
2363 5010
3273 26016
9069 14661
6275 8075
475 6625
23080 23870
14753 23938
22352 23342
2530 21613
2258 21904
10720 18790
8875 18712
1178 3587
8725 27614
5393 17794
7429 11356
13899 27128
18411 23326
2759 18033
6377 23758
12532 14777
26137 26831
12333 23358
6096 22758
18853 25584
17017 23790
140 25287
19131 25329
10920 13018
2990 6380
1271 15134
2249 21675
2324 26355
15957 18724
10530 26470
6639 10062
3812 8518
8548 23175
14474 19502
2244 16394
21766 21849
1635 4210
693 13405
7289 8964
2635 4328
19243 24883
3315 8820
7871 12127
14963 17170
18262 23515
16788 22416
1771 11443
6232 27706
21804 25953
19909 26975
8703 26320
337 7595
15152 25950
1261 15010
9123 27179
113 11365
3818 4270
1713 12792
8378 21703
10118 21383
10323 13517
10973 14218
8958 22185
16195 17892
5786 26313
9563 18533
5405 9717
2657 8481
17674 22675
9811 15691
874 18643
16334 21387
12160 17857
8750 15524
8939 27923
2355 16218
20046 25760
22430 27802
1860 12683
8972 28202
6437 15312
9142 27658
416 5274
5870 26055
2885 25422
22141 23410
21946 22287
3354 12002
1052 8588
1082 11592
8920 26973
12242 20331
5614 14029
11080 17963
19542 25952
4274 21682
19409 23679
5832 27351
711 14771
16026 16901
1050 2857
10082 17173
11965 12234
21523 22456
5166 21353
7493 14454
5945 19819
8100 17434
3689 26436
8677 24600
7368 12575
3069 15282
9063 24570
180 21079
5766 13555
17562 27375
4162 5827
16666 26077
1162 18680
2205 12156
23663 25110
18824 25232
3619 23897
12246 14609
1951 20008
1925 3181
4717 10660
15454 19614
971 10642
20795 23071
50 2003
824 24927
2917 18839
8807 18704
3110 3239
13780 25005
5204 10280
4306 22902
3053 25386
22901 26469
17739 26106
14828 25229
867 27660
3987 25206
14433 26959
23152 27166
7954 24450
16276 17161
635 23143
15426 21456
11109 25950
14016 25197
3810 17523
16490 16619
22112 28166
11552 25699
15883 17304
18443 23992
3700 23403
14490 26779
3622 18820
1761 21115
8925 9416
18267 26063
2796 21120
1122 24324
5637 20500
867 15584
2912 17887
2325 6215
950 22025
3554 24921
1475 17070
9055 25280
11378 14844
3900 10405
6158 24611
4952 19086
14553 27949
20936 22904
1049 24279
770 4606
321 12988
6436 10882
17630 27314
24074 25080
10145 13465
13428 14778
10050 14939
12342 24170
5275 24892
10160 13315
12936 25757
5805 11115
7512 19169
5082 15015
18541 26077
867 3254
141 17651
3802 19617
1871 7950
426 9150
11799 18618
14696 25653
18434 20550
359 17615
3693 14136
11124 18599
460 22516
5861 13212
6641 10533
12045 12143
47 12423
6495 16927
19259 24095
4532 27855
21257 27758
15977 20875
22540 27331
21558 26866
742 18709
8835 21240
9244 14820
7076 24502
1135 18663
2530 21653
8807 25157
3121 14309
4881 10280
2414 15772
26976 27415
17178 20833
4302 16521
27190 27312
4438 12207
17214 20162
4256 24069
7719 20759
2521 3357
2329 18560
2810 15064
8437 14133
22560 22666
27123 27905
811 2283
22255 24830
11784 15137
2591 27599
10487 17819
4118 19692
6106 21057
867 15373
8333 28115
9129 24624
14886 17965
313 18249
1768 9962
3364 21295
11411 17779
3753 27788
14260 22649
177 6349
11034 21673
2467 16634
1468 25397
486 2075
4477 22511
20008 26306
3186 7973
9502 19219
7758 9465
14182 19289
17952 25344
15896 18952
3831 24064
17017 25801
401 18565
24916 27734
2182 21126
10 26716
11255 25039
8167 13807
14133 18775
7246 23502
1721 3851
1770 26880
1192 15691
1769 10575
3388 25039
3279 8544
9829 22049
17125 21505
1169 11685
14942 21925
2040 21277
5989 10652
11306 28148
9662 22184
12351 15036
18724 19451
7624 24069
5995 25135
13913 18277
8623 11484
12915 26340
5500 23514
8069 10181
6843 20826
10061 25813
8434 15878
9089 12800
6674 24999
4273 19061
9367 24145
11790 17742
8539 14662
9231 17281
13579 27685
3948 12396
10553 27192
1888 9253
1482 21209
2668 21985
17838 22376
5542 6639
5418 25603
3005 14058
16963 17407
2755 26098
4606 17166
2006 12834
14943 18457
1606 16559
1833 9132
5832 27399
12030 25402
840 23246
5787 23574
18740 19720
15271 25083
5475 10201
3161 15793
17478 18092
3483 9842
2583 4263
16293 27085
4162 6868
11349 22187
1697 25403
175 17787
1107 16847
20626 23963
8019 25046
11710 22204
9824 28150
2646 13058
7698 15985
25396 25405
9084 25321
6239 24028
1146 10026
2466 14393
16543 19117
12111 24539
860 6832
2120 10190
10825 16835
22250 26074
21254 26728
12076 20308
20504 20687
23866 25115
1744 22984
9432 12696
20627 28145
7375 14657
5166 23798
16712 19609
1177 12088
3063 14807
3173 5232
1609 8824
4943 5989
13907 25727
2576 7403
220 8956
2079 11191
3005 4646
7318 15428
5879 9685
15318 21798
9114 26560
10434 19275
5325 16955
11547 23329
8669 17975
7248 11416
18448 22992
5453 8895
1516 19781
16274 18475
2518 22035
558 10208
792 21330
17963 21726
581 27016
2379 11059
13385 19192
7213 9012
19971 23595
24404 25643
4960 24921
11551 11925
14970 21326
10496 16694
7342 16404
20195 25490
9927 25459
7477 25724
5843 27132
11023 13294
2104 23561
7205 26313
22168 22714
8893 25091
21887 28156
17445 25301
3647 22485
9702 27462
4938 11311
897 13409
10961 11627
1613 3845
18221 28087
21769 25959
1555 19966
20412 24102
6301 24613
3498 26698
3921 18997
18070 23532
2709 8145
4719 10655
19644 23829
6002 25660
8785 18626
7154 20001
2614 9127
1767 7216
960 15561
4882 19546
2518 25991
13298 16480
2447 3233
7390 14002
17513 26706
6994 18911
6745 7360
12352 13566
9575 21118
2692 19174
4089 20447
11462 24951
5466 9098
3507 20155
22630 26575
4108 14470
5160 20347
12726 19712
369 27788
5114 27096
15369 23525
12613 22460
2435 23952
24132 26157
7300 21205
1741 23038
11334 26762
14093 16626
2412 11341
9614 15735
6203 13591
8738 16503
140 9992
6072 11603
2591 3585
7959 21033
14468 22416
7283 23745
3947 26147
4606 24349
16259 20195
16210 24656
9755 23882
8536 27221
10189 27514
17492 24904
22052 25550
19349 19812
14471 17239
2677 2682
2527 27150
21296 25345
1371 9190
14270 15627
3806 8231
14296 26599
682 2752
22585 25986
23874 27599
4614 14479
22971 27385
5971 22363
10042 27129
7984 24477
8816 13373
3689 23530
23430 25495
15766 20224
18665 21821
873 23388
5873 17176
9782 23521
7297 10888
5440 8366
3066 4802
5825 13137
3988 6442
14658 23731
1836 20621
15429 23193
1917 15337
3997 18999
7386 23284
582 1658
17562 17991
19598 23409
4442 11133
6876 16958
7007 7168
17041 27573
4697 9321
3130 25644
9425 25487
16437 25716
18911 24321
5978 19313
9018 17992
4142 22415
17842 20200
12006 17438
8152 8430
8565 27936
7188 16218
11110 15708
1218 9864
8954 13587
5289 18116
3124 18909
24659 26134
16588 16790
2073 24829
4398 27105
18782 22932
2709 27961
11594 14477
11045 11262
16588 20185
6367 25962
5787 12357
6924 26927
16917 27860
6222 10935
10794 18276
1335 15072
1851 24474
16587 20409
5749 7626
14178 24098
9081 15610
10449 11787
3846 11744
6973 14667
21766 25878
5269 16046
3872 21398
1878 25468
12994 13705
8894 25149
16108 22497
8766 24586
514 10124
8526 22634
4789 12762
8096 24122
7091 12983
4242 24467
568 27192
2958 12826
16563 24242
3859 9095
3056 5978
1307 23365
8931 16224
7275 23926
3042 23307
570 14445
15749 26396
1860 7839
16640 27927
5528 15815
11205 15981
341 406
65 8312
6972 26665
19288 27165
3670 5680
21727 24610
845 15530
19400 23329
5359 24201
11857 25956
1785 20802
365 2157
1239 15119
10745 15251
2185 24105
2905 5630
11039 22010
17463 25155
10488 26976
7533 25397
9416 26126
5786 14713
16314 20387
8381 13831
14857 14914
9006 11633
1176 25232
11504 26588
14971 19417
14631 23602
21668 22189
11411 21798
13150 14304
20490 25042
2363 16851
13343 15531
8754 18361
18608 20674
7382 28109
6417 16033
17317 23267
17779 21413
13285 27353
9524 19115
7360 11804
8106 14244
17792 22993
2986 20857
5614 24640
11348 23898
18784 18952
9971 17832
1521 18521
6639 16036
10612 15442
1103 26322
3059 3073
16080 27990
1710 23245
711 3253
155 20757
21301 22399
1349 10189
8048 26706
8999 20594
13468 20990
19004 24145
17595 24836
10805 19253
10952 14517
8609 12032
16963 19482
20243 24491
1795 22425
354 19868
10794 12169
10998 17696
10357 11404
2684 18177
4210 16177
4304 27664
15346 22556
21029 23657
23983 24028
5500 20757
4784 21919
877 6261
8447 15842
9795 9930
19758 19987
3467 9236
11467 21682
16751 27930
11080 24422
13892 24061
12183 20417
3863 16656
1389 18777
5288 7881
12271 16203
14487 26319
12311 16311
11134 25287
1173 23754
5989 27078
2132 3674
851 25590
23776 25410
21300 21623
9184 11022
12145 17513
22227 22602
6481 26963
12487 15597
1767 25083
11790 26635
420 19182
3893 7390
3892 17742
5832 26485
7205 26878
12983 25467
198 22227
11141 27027
14586 22036
19891 21038
10026 14227
23776 26993
4423 22731
7394 18384
3920 14552
15562 19853
8368 15839
5285 19571
14124 19811
14735 26194
2639 4220
3189 7031
3617 22420
569 811
10481 14136
9465 20758
4600 21438
12701 27030
3944 25263
16867 21041
2435 7166
13298 15297
8223 9521
5440 12081
14955 22012
15190 26601
3128 26539
22043 26401
5461 7411
12428 24148
21254 23976
7721 15253
20554 25716
3821 28082
19267 21266
17851 18154
34 3343
426 17214
3010 3624
16669 23772
10175 21393
26515 27966
1171 4263
1141 20746
7021 8679
15906 24279
805 15128
811 16190
3057 18308
5358 25405
18093 26871
3455 24706
8860 22032
13230 19474
10846 25557
23045 23870
2178 23382
9403 24061
16847 26481
5641 18746
9343 21523
4760 28055
7768 19813
1658 8507
11877 13161
5886 21187
14549 28108
4947 5849
9408 14493
1894 13306
1611 9850
4990 6295
4408 27417
634 13081
25179 25268
192 5027
11922 28100
2327 20008
13444 23566
14995 27197
4734 19539
4408 14767
19919 21121
4129 18319
9897 25781
15660 24710
6458 10128
11820 22227
10357 24684
21990 26613
10312 21533
8063 9280
14782 17776
872 23691
4581 21357
11447 16362
10787 16216
8921 18361
3203 15249
764 16944
7689 12617
21387 22322
13763 17337
4568 17811
18283 24559
6497 21479
14991 27495
8203 17490
4273 24195
13447 14291
18785 20194
4367 26052
5989 8478
16115 23033
865 10876
5295 16201
2610 14713
3446 10210
3059 4919
14771 27702
2662 22565
9268 19657
17999 24258
11746 14069
841 23141
18817 26929
3615 17343
14663 24435
8723 10598
5932 18760
20553 27500
19908 20463
27756 28030
9717 20805
2939 7798
6803 18093
7915 10309
14840 23298
5269 19459
19053 19788
1878 2418
2958 11416
3666 18099
4340 25478
1655 12929
24069 27841
5430 25327
5694 13227
3137 26358
13250 21906
5284 27205
20323 22949
25446 28277
6488 16373
21598 23577
2702 5246
5496 6911
5550 10450
7947 13776
15804 20339
1795 23628
16480 23038
609 25966
13091 18626
8391 24969
2325 19081
21266 23249
14513 27987
11487 17420
10268 18669
4938 14445
18594 27801
5546 17073
13075 14084
4849 18876
12708 18775
6342 20448
9250 28217
2617 17880
4938 12708
5625 12374
19023 28061
1730 4519
18984 22454
1113 10125
16094 18627
8500 15302
6374 17623
4006 22160
18034 20236
681 15804
8850 15049
13114 19130
9626 13572
12426 26896
7371 9821
3927 16380
3885 26450
15978 19424
9683 25321
11273 11880
6918 25529
7935 22409
3420 21423
8707 19088
15047 28156
1462 20140
6209 13347
10821 25750
25083 26071
6779 8391
6936 7849
22074 22799
12226 24756
7310 28265
5289 21119
16276 25732
1343 17321
2336 4703
26520 28071
2247 4886
8054 22143
10378 16377
1138 27222
2185 17302
18833 24423
12244 22777
7126 25423
10579 22479
17119 18882
786 7406
13215 15712
5008 15470
4367 13847
3871 10531
4949 10232
15661 19132
421 15734
3091 7085
7065 9968
15854 21399
11395 15022
728 5876
7401 17037
17574 20053
842 27078
7236 9487
7985 12077
3562 16349
4162 26904
4152 8025
1141 6174
14927 19573
6999 24325
3307 21067
9668 16459
17303 22904
1936 7783
3162 22835
22052 27121
4857 27050
2332 24510
14534 22452
5604 11295
27633 27696
7496 17125
5496 15302
11953 20319
19680 21130
8972 24600
6052 27664
9291 23853
430 7341
40 24415
13725 22040
6936 20151
2518 8852
5186 20398
12044 15074
973 16435
17823 22216
3389 6380
20319 22446
22183 26476
11418 20716
2905 8481
20789 26126
6926 18823
11428 24830
10654 14793
14664 17731
9322 22255
5522 23705
16812 16820
4029 25283
8316 12411
14826 23872
16261 26598
4353 8695
8363 19567
1088 3152
10777 11804
18002 25329
10670 18870
12121 17795
11300 26205
588 20491
2619 10982
17530 20424
23308 24068
10230 10936
4826 9505
11416 18860
4240 27805
5587 21963
7898 14758
14654 19843
3146 21838
15464 24057
11969 25780
14471 15460
10622 16677
308 2494
7753 12564
18293 21822
23996 27061
505 15196
10799 13137
17199 23963
252 26750
2282 8236
12294 28103
3566 7508
8070 13987
15470 25286
6641 7881
10215 21759
1622 16628
26133 27211
617 5768
8657 26412
21213 28048
391 1768
12072 22040
10393 19525
25472 26994
6182 25132
20199 25849
18729 27684
9356 22425
175 4860
2210 14635
359 27508
6300 24288
15680 22060
7276 12565
9536 26200
9837 13316
6555 24904
7857 10364
5691 11552
3275 12945
7990 26690
3709 15503
2711 28234
9328 12653
2950 25994
12615 12846
11028 27913
4640 5359
8770 17747
446 17145
3026 11810
25008 25588
24904 27879
1508 24947
19878 21730
9380 11951
9055 26728
6710 28196
3643 14276
2427 10076
10619 15823
3660 12087
15540 27030
937 2197
4672 23145
9080 14790
10755 15815
15291 21164
14577 16543
17194 20617
19865 25309
9367 25254
8034 26989
5635 26537
19247 20743
326 4216
21113 24062
660 21761
2430 10839
24554 27664
4248 15316
15282 25272
11560 11652
11627 20222
4295 19606
10447 14514
23383 27091
3253 25555
18958 27222
14046 24371
13092 23079
15335 27418
1777 5201
14050 27563
9720 20586
1942 16148
23392 25154
1730 16878
2333 12113
25848 27391
3114 23523
12718 25487
10526 28146
1089 20695
5284 24164
2393 12994
7855 16175
7414 16046
3667 18115
7971 19171
16878 18862
6103 22985
5354 24313
18411 26273
10711 17200
7763 11375
402 15996
5238 23947
1154 10842
115 18471
15026 15561
168 26268
2645 3841
1555 22821
11080 15996
8443 15862
14539 25882
8220 27690
4806 21159
5658 21667
2132 11878
21123 25271
14240 22546
1707 11184
490 8753
6876 11674
8163 25443
4042 24557
11243 20312
3101 22452
11945 28014
12425 20936
4580 5984
1516 6510
550 22948
21798 26055
13014 15861
8075 15202
2910 16876
8766 11489
19960 21207
1978 22892
24537 26081
6106 27288
11298 17631
2628 17717
2143 2556
904 6785
8328 17103
2679 11761
9837 21412
505 23606
7379 15530
18759 26744
5569 24755
12055 27560
15024 20652
1223 15271
6290 15920
10128 13736
8757 13515
6770 17761
7497 20904
2031 24376
14610 18098
14247 27977
9322 15845
10407 17211
7518 21980
6382 7423
5793 22471
7458 15120
2560 28041
19480 25107
19424 27796
9543 9569
808 16989
3634 12228
5939 23549
2386 17339
9358 21462
23708 24422
6574 16403
5787 28176
11168 16022
9004 25586
5485 22028
11085 24947
25175 26115
833 25417
17584 23692
19423 25634
14706 21889
18816 27629
6584 28166
25271 25830
13209 14629
17262 24950
15867 19139
19086 21341
23762 26846
7907 15302
580 12687
23292 27795
4582 17732
9708 20144
3850 6493
20335 27021
25272 27129
2247 18799
6244 20733
1628 17164
2542 18784
17407 22210
1348 12737
10485 11258
10792 13108
7242 21831
25748 27885
3884 17851
6812 11082
9937 21055
16357 28196
3329 10827
1860 14895
16901 18989
14100 16961
5308 15440
9657 21995
2105 15393
6677 16092
10460 20312
11920 18615
23333 25230
21011 22780
16288 27300
14392 19526
7168 25414
10065 24085
6772 12654
10090 21029
20726 24934
18466 25267
3456 4684
5691 7956
7312 8924
23082 24222
11746 18575
3975 6385
13194 26691
4217 15547
3920 15657
16656 18186
11972 24019
23415 27844
17756 20846
1303 9226
9281 11251
1112 4361
11657 23248
8318 8504
6610 16499
0 14145
9553 17630
3592 13635
12456 21438
14950 26095
690 23566
3506 22074
2295 18591
860 14053
4388 10982
8670 18187
369 18679
15348 17782
6506 7354
1239 1772
12413 19351
8436 8959
3511 5349
6296 22216
4216 16537
16983 18626
9953 21802
9038 19485
18639 20271
2721 25759
8251 16301
6589 13471
19140 25879
1134 21798
3285 18206
2336 10726
3916 14653
12684 14988
2966 14594
2139 17033
18353 19348
1142 7158
1218 5772
17574 25740
20005 20563
848 16922
11241 17546
6629 15689
21735 25239
3134 10751
11199 26087
4411 14437
4343 16348
4583 23954
3709 13889
19169 20899
7420 16187
749 12997
4938 22815
1124 12121
14548 22721
17713 17920
14445 23187
7258 28162
20749 23657
1 10314
15695 25197
9926 12553
150 14136
6363 18618
7997 9683
8268 25785
14178 15911
21962 26026
4142 18313
20523 24055
10462 26582
479 21693
3853 10615
196 13442
22925 25163
15376 17214
3532 7524
24061 26665
2647 9272
5250 8263
7590 24891
10384 13054
3875 15869
16038 18524
2027 19734
5590 19580
14708 20950
320 17142
11544 19579
3710 23024
7878 27844
1796 14460
4582 13971
1687 18297
12689 19728
11134 25350
12994 23647
3081 22052
10287 20130
7740 26478
112 7289
17867 21406
10362 21876
5890 9980
14997 22802
10670 21268
5296 25052
8781 13271
7534 18669
5100 27805
285 18650
5697 24857
17178 22433
3279 27016
4689 27821
14546 27876
7869 16906
5506 11614
1043 21857
11534 27277
10031 23430
1394 11677
283 3229
9043 25559
21337 25708
19004 21637
25439 28157
12139 19948
9296 18853
10937 12426
8318 22824
4031 24897
14053 19451
22246 23619
11988 19047
17636 22564
9014 23619
3703 14230
17986 21881
9294 14767
9837 22210
7508 12193
4665 11725
273 27508
16232 26998
17592 18626
7687 27328
7491 23387
10444 15561
16194 23257
15705 27158
3204 27867
18636 22240
10116 27279
12409 25598
626 8150
7263 19227
1541 22283
2302 8627
567 8147
24556 26873
2026 9542
18149 19869
23372 25299
6288 12006
9422 25896
745 4603
9896 12369
5721 21272
11059 18037
2764 19753
12228 17560
6828 17193
1126 7695
9123 17404
3400 26127
11218 25944
19033 23129
1820 10251
4924 14777
3753 19819
15877 23515
9653 16539
4342 23405
1369 17923
18630 24227
9161 17404
6609 21789
1178 1745
16870 17310
16515 23674
17169 27247
21671 24191
8924 25630
6342 17404
3942 7878
18746 22231
2667 10231
22756 24552
9536 17304
21291 26438
17728 23730
14748 25559
103 16228
17760 22565
17949 22187
14029 20233
15906 19753
1027 12065
7828 20661
4375 14041
262 14183
7131 22420
3825 25062
9060 20018
11500 18735
25490 28156
6914 21633
13272 24622
14452 23143
5705 26401
25287 27930
8529 9593
5743 7643
15731 21409
6437 6773
1120 10240
15360 22214
653 13966
4920 14996
21703 23868
4216 14638
3680 22721
2642 22775
14374 27178
14719 17281
11034 18824
5851 12943
15763 20351
20417 24937
6728 22835
295 8219
1329 20553
7515 10151
3186 21395
2606 9207
1830 8481
11581 14290
8376 12521
11668 28155
1788 8874
16467 17553
12447 23188
1972 16904
1756 25823
872 25513
9611 25554
14291 17341
9356 18437
6253 22312
25006 25956
5635 18789
4209 10279
13398 27144
13336 21671
4747 18267
3762 3788
8326 11310
13632 21875
12109 20917
15169 20956
6380 11648
16198 26815
20758 24904
15426 20822
6067 21717
4101 11709
8338 13831
12977 25629
20848 26098
8296 17827
6994 17735
6490 23547
5667 17222
2985 18160
4626 9252
1036 9663
22814 24762
8001 26131
3907 11396
10428 20752
14138 18014
18019 24211
1667 11187
15293 19608
7703 26672
2721 10154
5680 10733
262 14120
588 26439
1638 6431
5950 17681
4807 18784
24838 25966
1308 11562
237 711
18598 23545
3306 15377
985 10615
15284 16090
2431 11149
18369 25306
9918 23026
7323 27085
12800 23109
12501 18457
8789 11192
857 5968
9404 25248
16255 16829
3287 15895
22349 26871
1748 16963
11880 25081
14920 24005
17627 26544
8730 18762
9319 12073
6176 18136
18107 22584
10124 21279
10920 15620
974 7538
16615 18313
7289 25402
1085 22404
12759 19184
4823 27004
18808 20099
19061 25260
10415 11103
10595 23927
3728 12900
14559 20953
2121 13710
12858 19355
1925 12378
5497 20554
25336 25885
2369 18906
12791 14681
21399 24040
12205 18369
8753 27608
12410 14763
10393 12618
12653 21759
722 17502
4554 8863
555 16055
1033 20758
2408 13442
2342 19257
23066 25504
21699 22507
18883 25666
11216 21692
5989 16338
18413 24784
3976 15179
17013 24107
12956 17526
8096 24886
8267 11169
12716 18908
8251 12121
10837 10889
3126 4053
11082 17565
6591 17310
2329 11599
3435 8984
9488 23619
8970 14266
1878 26649
23619 24063
2389 17524
7048 24671
8970 10034
603 1696
5711 25856
1797 15920
4604 23619
6965 24948
18265 25107
19555 28032
2679 23372
1807 7017
21159 23520
867 20856
16965 18632
8437 17542
1442 9875
23167 27569
2710 5427
7950 24840
1770 24195
19303 19529
5403 15947
19021 21853
18344 25915
12871 22701
3287 21552
8304 21209
10061 17112
12218 13414
13024 19982
9127 26956
9815 26683
21409 27651
4387 22319
3126 6387
23976 27411
319 1293
14492 18081
9730 27527
2724 3402
4515 11571
7343 19172
5691 17100
16386 25081
2185 6994
17723 25272
7600 26413
10189 27560
6209 13385
17114 18591
8724 24053
7360 10114
7114 22449
18377 27386
17032 22271
7541 23221
19227 22855
11428 24900
6446 7484
12506 19982
8759 14728
4611 26318
4096 15818
7968 16047
7965 13780
15744 25427
396 11107
3966 18944
11836 23251
15440 21929
1817 26735
24060 26817
13221 13961
2304 8469
9582 22646
1925 12061
14424 20179
1426 22232
2212 21966
874 3594
1529 11747
3572 20637
24823 25713
1746 19568
21739 26074
3882 13728
115 14975
14445 19155
7216 15922
17737 23750
5663 19504
3921 23470
1638 19247
15286 18924
9465 16901
705 8486
20355 27208
6518 18318
25308 25927
7871 21927
3733 21849
10885 27326
6564 22014
12763 19885
8488 24610
9610 10189
714 10809
10438 17981
10901 21687
7491 26900
1801 3279
20339 27121
4165 19826
20931 26010
1421 28211
9314 14396
18041 18575
9211 13894
15497 23034
1550 25525
9528 11471
4548 14035
1365 22956
763 1495
12970 16749
24616 26266
12219 16885
1113 13305
10986 20985
10920 18265
7695 12346
5911 9832
9762 13533
14826 23893
24158 26404
15852 18883
15911 15919
5941 19611
20119 22012
14080 19169
9627 25065
3634 22955
24115 25152
281 15754
7596 17851
771 19895
7205 16635
17702 27978
3708 14933
4776 11952
1460 27044
1248 21264
824 25282
11436 20822
1153 23700
2146 5916
12291 21829
20605 27042
10961 11693
7123 27764
1126 15928
2303 24773
12211 19378
15900 22357
3810 16027
7323 21798
24904 26199
2412 7594
3944 7725
21919 23216
4577 4965
4995 16230
5882 13154
4544 10125
5348 13736
6653 18146
196 3678
17180 17703
186 749
10998 21747
1848 10152
2863 13652
7950 27642
12581 28045
6549 27775
2958 20092
5447 28211
2180 2797
14555 25410
2547 18521
396 24415
11026 14257
3719 14969
23074 24516
14055 21891
15435 17319
4986 23617
10900 15289
23663 25332
13110 22277
2087 15414
6594 16155
15141 23911
7350 10374
87 17670
6348 21987
753 6876
3871 16628
11813 16736
13025 24069
20069 26159
18578 24540
22355 22557
7885 12023
17938 24354
3528 16632
1606 16972
10917 21868
1541 10935
2566 15267
7232 17757
13970 23886
8750 23614
13278 18406
7314 10437
22186 24062
5800 19014
3021 8552
2646 19346
1676 17372
10714 22892
14227 17991
5756 9465
17122 18032
2730 22060
955 3163
13574 16521
3697 21992
5950 15708
11080 22839
12726 25062
418 25895
25219 27646
4253 16372
2435 23560
3896 8396
11436 22771
4933 8751
1105 1885
6917 17787
896 23417
8944 14701
6876 7150
17696 22109
9986 23963
10974 16955
2141 10392
2244 27557
898 19410
4924 20998
7375 19140
22233 24862
94 25178
2980 13271
15717 20683
1572 9382
1876 8654
8809 25433
2150 3065
14922 17191
7987 25368
16677 22371
2961 17492
14552 14560
9847 15291
1468 16286
21633 23600
6855 11625
21026 22477
25795 26929
16866 25226
3186 3667
3446 12951
9237 13927
635 1878
6241 11175
4600 18679
3772 19547
727 15619
5728 24502
18541 18947
11011 24773
9229 26925
8081 20355
192 13163
10177 18002
1858 27996
3892 27013
14409 15892
13949 21080
2259 11368
2816 6953
11335 16955
113 1529
2623 24062
8896 13203
2326 14479
22441 25927
1489 24915
12094 26659
11262 19183
3584 23434
6723 21668
7907 21853
6355 18369
22003 26473
2232 26308
5984 10612
5511 11877
22167 24101
11168 24427
20181 24673
19410 21423
6516 12303
3338 9150
7289 18475
10835 21754
4408 16517
9408 17792
7199 23015
8148 15916
7754 12953
10152 24221
48 9343
6951 10350
3119 13254
11226 13712
2022 22254
7721 16247
20875 24195
19567 22319
4489 22761
2503 27042
3383 20041
6531 6641
5017 8597
9776 17870
9574 23040
11857 19054
8813 27522
22857 26670
6657 23557
7744 15973
12927 28141
9515 14256
5338 17330
8043 27367
7532 18622
24269 27576
1228 4956
6426 24971
3126 4843
11300 27081
2689 15952
7571 25889
4305 13688
7169 13580
462 19127
17803 23959
5797 11677
10943 14402
19119 21858
22368 24287
4811 21905
17060 26147
16076 24811
14446 25550
144 2810
1590 2379
8801 18553
14314 15902
11687 20625
5336 8413
9994 10879
23730 24669
4742 25432
3757 16794
2067 4468
8413 18082
5609 12790
6078 8351
21380 24062
16849 21335
7536 23121
14978 23375
16180 19056
2724 25566
12383 23733
10708 28160
11133 16289
12432 21438
23143 27326
4276 24148
12308 22111
324 4782
3348 11573
3197 10121
9776 12141
11696 19871
8128 18015
8182 13984
8368 14771
10243 16121
10837 16442
953 23369
15610 25329
1594 14881
6517 17838
3146 16008
5569 9111
1670 11311
7530 8205
5858 17165
4902 24320
13303 23823
21113 21293
17146 27867
5660 12051
9205 13101
6715 12516
5832 24180
925 1171
5859 13415
25060 25181
7690 9497
1381 13535
8411 9158
26005 26870
14469 23896
13491 16979
12249 13294
842 18154
7790 8933
8488 12399
2179 27346
13243 26207
8810 10391
4611 13703
8872 10270
2944 18920
2131 11622
1884 7855
3 3585
22193 27864
300 3366
6015 16919
15970 18700
4282 25349
4791 20092
8567 14925
11263 23295
14995 25198
5658 11973
9616 21148
18541 19482
10800 18206
4221 12447
6725 19037
16772 28211
2431 23678
2028 18577
1659 10824
3401 23372
17070 23392
1605 14316
25280 26892
531 5312
6395 21831
14433 20099
7209 24821
19362 24260
18669 21407
6989 19169
5795 7490
1435 18336
1770 17515
14386 24636
2759 6148
2958 5018
16855 16901
6379 16309
4778 22947
3654 24726
15030 17598
8075 19444
19068 26327
11208 15461
70 12253
1056 4959
14233 22087
3374 19839
12082 14961
19664 20575
20158 27704
12225 23857
948 7820
15891 23471
2807 10393
3102 22188
11417 21422
967 23361
3472 7412
78 11940
12214 25336
10452 19053
4085 22203
9966 22699
10239 26008
3893 27541
19548 20008
22311 22941
18099 23553
16974 21323
6009 13208
5032 22778
3641 8015
10326 23989
13055 17169
11108 23175
19978 23286
11491 19080
9398 11140
3881 13294
9049 10454
4295 7625
8096 20171
15202 23557
16811 23640
15978 18697
11914 24859
22579 23829
5917 12023
12531 13851
10461 21131
25327 25617
4218 22112
3476 4034
10717 14851
4551 28046
20852 22901
24061 27829
6959 7051
5886 14016
2104 23858
58 4422
15292 26801
2037 2764
9838 10660
9779 16366
1938 4105
17796 17797
4845 24950
14579 18462
12452 13744
5371 6065
3414 11191
4018 14186
1232 22748
7031 27159
1770 11198
13042 25422
2709 22639
20783 25108
19863 24208
4627 6326
8488 21925
16402 21441
24582 25301
4751 24410
22787 25855
1105 26573
16865 25683
14093 20008
1745 2447
9601 14608
13129 22186
6055 27696
11754 19909
303 21438
14937 25306
20109 20737
4253 27490
13534 27375
13140 22888
12537 22835
14895 21158
7471 18015
13681 22216
7731 11755
2410 10442
23585 23736
12452 25229
10729 10800
2027 6149
6179 16334
139 28098
15426 15442
139 10476
16979 18581
18041 19001
19895 23524
20630 24747
1878 23338
3619 26833
15017 24172
8437 8493
21079 21797
11686 15529
1349 27579
8235 9759
17329 23399
8556 8658
11940 15825
978 19370
20953 25901
2575 19445
8478 23830
9250 27625
8931 17442
11192 21380
18438 25382
183 6654
810 14555
11422 22138
4235 16739
24491 25360
1714 20054
6227 24105
4442 26686
2491 21057
8925 24823
6426 10767
18448 24532
14783 26156
8700 23513
9059 16567
1770 18334
5048 17560
7645 10769
19642 20776
745 15450
23354 25996
7139 8718
8964 14954
12691 21845
6672 18533
7935 10885
485 3892
12091 21449
24158 27382
12753 13036
5849 23560
2769 20482
8767 11191
8982 27869
1498 8390
2354 6085
2022 8350
22186 23767
17294 23121
14615 22771
681 19576
16430 23438
5584 28209
116 16582
10879 14837
11814 17398
2802 3788
21079 22104
3714 7200
14534 20740
4645 21327
1141 19025
976 26620
4073 4718
6940 8242
19190 19746
14100 24830
14240 20901
10290 14391
3727 25126
22808 25614
14767 28231
7926 16314
6103 11963
13276 24624
3147 11444
9006 17528
16957 25613
19758 26665
9038 20279
1777 25919
1188 8488
604 2105
12430 14887
3025 24894
4806 24576
3534 22756
2719 12956
4924 22900
18984 25816
15736 24395
15271 18999
3327 19900
2040 18668
3445 27863
15477 26312
1098 26869
2893 16467
4174 7647
8553 26505
4260 18567
13789 26001
14691 18618
5747 20831
7587 16512
1075 3089
5815 7595
24603 25403
1976 8169
6832 9371
1348 24630
2061 17593
14678 24801
9858 17842
11727 22149
19201 20956
9574 14283
16202 17999
7652 22999
19005 22448
20878 24572
5117 23553
16439 21000
8774 21727
11963 28217
11292 14695
20286 28108
2169 6924
5042 5197
10699 12898
396 5756
7595 17220
5439 27689
21126 25262
1163 2368
7869 17070
16991 21912
7780 16957
11948 15169
7106 16438
1373 2994
4767 23145
17364 26901
596 24072
12521 14792
14997 27206
6903 17927
22404 22747
7830 17846
10254 23178
6261 17507
288 1820
711 4081
4565 26273
4737 5084
3994 20307
13507 16138
6510 18753
3472 5017
10770 25906
20839 21044
3781 27227
20157 26891
7368 23195
8692 13204
5786 10286
18927 20162
10269 14855
18927 27203
5867 17773
3233 19273
292 1431
4470 28040
7663 20059
11449 12160
20018 28008
8955 13307
4111 25676
8251 26476
396 10272
6059 20396
7176 8921
16867 25321
21247 24149
12652 13081
3601 7545
3057 6361
6255 27013
1052 23593
7234 25281
18214 23026
4240 18720
5594 13017
5964 25555
7416 10951
17527 24680
6268 12989
10833 11248
6676 11128
16984 17182
5497 25564
17773 21123
8020 10671
2110 25713
106 12991
7323 8841
5984 17383
5818 6968
1284 4424
12674 27021
9873 26986
8510 19562
18078 18465
2961 20046
2518 15920
11696 11953
3748 8039
705 7412
5797 24147
1925 5696
8655 25695
6911 23388
7225 24139
18491 21908
5726 11081
13332 14642
4226 8707
12403 16794
9338 12264
4440 25610
13343 25593
14912 22688
8556 19162
2022 18874
2986 12956
10283 10312
14355 15712
16874 18735
19728 25321
7552 9156
7773 15425
4692 27800
9460 16865
4789 20515
538 16971
2986 11575
881 21717
1671 24836
4646 8125
14508 27194
10855 16467
4550 23524
10683 24737
8246 8785
10494 11682
6257 14964
3489 8924
3551 7348
9029 26479
3810 21985
14082 26010
16582 20258
7707 8775
600 23609
11113 16372
6134 7175
5263 19764
2170 15736
15749 20394
4209 6990
3740 27572
3129 27416
20277 25158
20449 25617
12538 27746
1159 18436
10298 13291
19653 21154
3447 19996
9651 19428
8234 26854
3987 20687
2980 4650
17735 25342
1353 28263
5708 26464
9632 25660
6426 14219
851 15985
4930 14064
485 6914
8973 27433
9915 12444
13390 20409
14555 19995
8772 13517
2408 24427
14672 23333
4087 14373
4331 16584
18891 23705
7541 15966
3734 18425
16767 18649
3146 8968
18103 25842
9144 18561
7283 27987
1724 15665
5165 23023
13014 18667
1085 17120
6860 9003
5466 12322
10935 20205
12895 13931
8357 8869
19572 27779
23376 25174
21990 25602
8096 20296
17945 18078
14319 27490
2015 2191
867 7806
721 18354
10833 25108
8806 24415
11336 12754
4146 11465
4651 17930
9367 11080
2330 11850
6798 25709
12028 18128
3571 26145
3801 26863
12452 17592
4656 15616
332 14469
2505 8834
7595 19862
1999 9638
20944 22516
14278 25789
635 20480
14912 24685
20959 22035
20778 22002
4260 19081
25800 26098
8785 27042
16268 26766
6255 24569
12677 14564
9120 14772
10879 23996
7432 7950
5825 10799
12901 22739
2162 20382
1073 26555
21913 24105
17692 20711
6888 17644
13512 21653
16433 18861
7813 10711
21794 28254
10420 11851
17051 24364
19982 23189
1015 17630
1852 24451
10925 26904
3397 12657
7599 23377
15468 19042
19169 22416
13806 26945
27300 27306
14445 27527
3383 26060
4551 10653
11444 21638
17193 26217
21992 26664
16070 17984
2447 26324
11368 22248
4871 16835
9754 15545
14919 28108
16631 22083
20848 21407
3975 26516
302 27263
1614 13534
2061 13171
15596 19630
15907 26948
5545 12114
3332 24599
20741 21850
15629 26871
7444 8035
545 9047
605 23472
14590 20261
10195 21270
14452 20579
6924 14193
2474 14879
21943 27406
11667 19977
6842 24861
16678 26360
3624 10054
2701 11273
18883 27802
16261 23365
10524 28189
1706 9502
23422 25172
14027 24749
3441 18967
16954 20729
8441 22080
6716 9523
13115 13609
4291 18873
8921 13152
10900 12428
14692 24389
5846 7609
9404 14181
7944 11951
7387 12918
2967 20689
2210 6372
11311 23679
3237 3938
16126 24834
1415 16065
9853 20616
23084 23522
11967 20861
26806 27527
17329 26840
3670 24752
24450 24908
18784 25035
5665 20367
670 5331
19736 19817
14154 26545
7534 20367
5978 14667
16974 23733
9708 16737
5031 15962
7341 10748
2721 24157
9502 25512
5346 21037
1076 18369
17194 27373
23520 27735
717 3239
11952 14731
9804 12784
18962 25291
1499 21455
18953 19908
14344 22143
24451 27016
1767 6227
2300 8284
11439 23609
16059 17081
3587 3728
5331 12980
6573 19538
10619 13464
705 15996
10023 15749
1755 10419
1590 10886
12277 16600
1 10646
4968 12852
7839 11637
10971 11076
11695 16598
22226 26186
5993 23898
10125 26752
4269 13275
18281 25131
1049 11637
8134 11416
5333 24864
2476 13688
18370 25482
8945 20011
12675 24342
13015 22446
7541 13933
15179 21516
1920 2022
15825 27642
1374 12991
652 22627
13668 25910
4328 12956
1721 8437
10669 19686
1593 6531
21566 22892
2767 27678
6085 20581
3014 21673
20053 25780
11403 24643
5916 25057
8601 16702
7002 22440
13540 20028
8533 21797
7552 21239
27030 27229
19522 24288
15695 27746
17300 18128
18564 20667
14010 17847
17797 18054
21123 24167
1223 4918
25257 27171
18497 26834
7456 17507
1253 11045
6814 25735
2894 4967
10654 27152
16147 23267
1349 14392
10166 24876
11011 19036
22271 22284
1374 26409
2410 11260
6198 19625
15736 21000
2871 11059
1844 27740
8041 23854
1959 20144
3643 5941
2320 8376
16289 17513
13478 16365
16106 17578
5458 17080
7468 15523
16043 25226
14193 18553
8819 9902
10217 24734
10393 18678
5089 25089
4720 10578
20399 23608
2786 10644
9683 23469
11295 13937
12800 23140
8795 23566
588 18787
1140 16905
24393 26379
2657 27489
11697 19004
2092 24047
7144 27016
7144 25960
9398 21898
19576 19772
4636 16429
15169 24863
7611 12236
5849 17719
5854 20448
1015 11880
836 14106
9150 13564
3571 13115
11744 16985
7162 11780
1237 16446
4355 14115
2525 15493
8800 15009
334 1253
11388 23738
18619 24884
7264 26222
10639 17161
9611 23267
1162 14478
9897 10325
11556 18259
3522 12684
838 23719
406 27746
465 4954
10061 11795
1281 26120
2245 9851
856 8011
1814 4316
4787 25299
5325 26392
14771 21798
8388 15283
12330 24323
14764 16956
3146 13903
4967 7508
4340 4546
13728 27988
17839 24061
23669 24375
10913 14228
6896 12925
2584 24290
15090 16422
435 25978
7500 8669
10935 24148
5241 6620
13225 27013
19712 24795
1827 19827
22181 22255
3884 27331
10075 20578
7783 27296
6298 10740
4287 5167
495 22416
346 24011
8384 24783
7758 22696
4648 16293
5094 25729
10312 24871
19189 22311
901 9523
7205 19639
17713 18029
3251 16763
9226 27819
9536 20862
911 8391
11256 24428
11442 26842
2276 21904
9614 10801
4144 16429
7756 11531
18013 24711
4563 10897
1784 21423
1978 4967
9996 10230
271 26736
609 11007
6424 22409
9144 22493
13 21577
14369 15377
25112 27522
8173 12668
3197 10959
18679 26823
10522 14604
6191 14140
3510 4987
8292 23286
1118 8076
21552 25894
4550 21692
7897 16428
129 1292
8318 21945
867 25269
86 22005
22425 24779
1036 4959
4001 8987
12090 27611
2991 17856
11450 26366
17376 22884
3393 12309
13222 26429
7502 13134
4416 5476
3585 8760
9043 24832
1862 8340
19576 25081
15106 23463
13677 26958
3802 21473
8145 25290
5081 25657
74 4971
2409 13700
3858 27690
4422 16377
1767 22255
22591 28134
702 26764
6707 17062
16467 25481
12168 13465
9590 13606
243 3437
7482 10086
4565 17098
7461 13220
11363 18366
654 11861
10022 21214
9942 15125
11623 18683
12754 22269
15736 16964
16668 18319
5327 26823
21929 22141
18547 24616
10942 11884
4075 4088
681 9769
15108 28156
21682 26638
4234 6725
10971 17407
5123 8151
22147 23345
8924 23905
25081 25921
4442 28273
592 9285
14033 16250
7980 16835
3499 27944
20081 26958
16783 21801
2150 13644
6705 19585
22201 22266
16576 18259
8397 19868
1574 21253
18003 21991
6939 15962
14660 26074
1056 18521
5070 6105
420 22848
12114 13086
8067 15177
3524 16096
11960 21147
3481 24326
7355 20405
16081 17337
16189 28148
5797 16106
18475 21864
14012 14120
9420 20846
1985 2093
12581 23141
8114 21205
3141 21296
15825 17691
4439 25881
23579 25399
17963 23298
17057 22759
2392 5071
17892 22977
443 24266
13790 23921
2106 13288
7147 24516
7373 25402
7390 7447
6838 10135
5409 22292
16138 24219
22446 24939
24532 24575
11133 14942
6402 24278
18861 27540
439 13048
12781 22948
3908 15997
12879 24861
15733 25826
926 12251
6745 20836
1197 10315
13299 26016
10073 24662
12090 25309
10078 19421
18011 20749
2180 11075
12805 14776
12228 14073
9408 27766
3358 8730
5292 12798
867 2588
10892 13654
2589 18544
2150 6936
3734 19542
11232 18921
9214 23489
10335 16808
1952 27901
9708 28241
21752 23778
12410 23609
7981 8012
25361 26598
967 18999
5115 23816
4930 12139
7091 20304
13560 22507
5208 17902
19169 21115
8592 18371
22104 25732
1817 27665
18791 25391
9525 10484
14821 17832
3900 27078
3321 14568
8014 8422
115 26393
3634 12119
9413 27795
5091 5262
594 23547
1464 17262
606 16467
4414 21380
10071 27611
1373 20355
9751 21653
9421 12124
10845 22722
5580 6965
13914 14969
8310 21359
21084 22230
6355 22653
16393 17399
377 21491
17109 23205
4009 15248
3635 27301
11366 25096
9066 17870
2045 4656
11866 16984
14612 22135
8558 13674
22012 23016
6182 24079
2764 13343
16581 16582
12881 13677
3921 18319
10019 27313
10408 23726
5850 22890
20747 27464
9134 12598
14433 26867
10061 16865
9115 26661
2381 8304
1505 10627
13240 22254
2124 2619
11196 11237
3296 25914
7103 20558
8066 11722
3665 22865
7623 9084
813 26444
27313 28277
9283 25833
18594 23719
10393 22046
24040 24507
6885 22463
15857 20343
1211 20218
737 5978
19849 25875
1249 14795
10833 14933
14941 18690
7091 26710
6255 25039
12830 16284
1947 9120
17114 25377
8033 18665
17930 18149
5413 10660
9811 27702
6587 15298
15146 27257
23430 24605
3126 17544
7751 28179
3753 4972
1918 16961
8188 24009
22661 28087
760 10120
22966 28038
3059 22323
13687 22729
9033 9361
23439 26820
7919 16470
2040 10072
17600 26643
1140 22549
23499 23793
22458 23426
10606 22468
1839 19127
9253 25855
25690 25889
1162 13926
3356 21079
11082 16107
4409 20522
1119 21508
22416 28019
18529 26106
2314 17725
9089 24693
7707 21409
6635 27599
13980 25408
1571 12983
21450 25272
4627 16083
16679 24274
5196 18114
9488 24616
8669 26113
15477 22040
11104 16351
13899 20007
14891 22311
10459 11439
23219 27075
10222 22278
7144 18315
10170 17842
16115 26522
21791 23090
13530 21794
9795 11361
17108 24492
179 12357
18438 26589
250 14255
3638 3806
6595 11444
3626 12924
12034 24791
9282 22274
372 18142
21440 23867
2052 6079
1209 4595
999 27016
8669 23723
2707 22858
9683 25658
1275 15426
10432 17960
14515 16314
18095 25962
424 10792
8633 18860
19008 21387
9416 10209
5680 8872
5580 12379
867 12576
4831 15251
5930 26489
23310 24065
5578 9739
370 4439
3873 23345
14203 26753
23967 24997
20427 20541
21269 23084
11444 13180
650 10323
6888 23083
10504 12834
7607 13363
15455 22832
11826 26057
13294 23392
1173 4510
5023 17906
7783 16460
782 16187
12498 24130
495 26311
11165 18605
21079 24502
13996 25056
1021 24936
11392 25547
7768 14604
8287 15867
1925 21137
9692 26907
8320 11229
18318 20657
10090 23983
4646 9367
17664 21647
1779 19425
9915 22025
19567 23892
4221 24098
6602 20051
23389 24360
710 6848
12459 14993
2712 14180
17076 23274
19965 25261
7260 24240
1911 16910
106 17383
17750 17784
1325 25902
23843 24313
3354 5691
3997 22835
14513 23630
7412 21823
4189 21402
8937 15904
2518 8817
5537 5688
6799 16738
4468 13227
22 7659
1773 15766
7375 10935
10920 22205
14705 23108
18520 26078
24637 24789
17599 25957
16622 26772
17445 18336
18170 19309
9910 24665
5174 25753
13272 27034
6848 13887
13807 21864
9628 23430
13458 17288
7695 9524
5554 14128
2252 13681
3598 9569
6830 9963
4448 16997
11014 26137
4729 19289
3732 22055
5472 7997
13564 19189
12477 23952
7748 13697
3789 19867
2157 5497
16955 18669
635 14728
3781 4886
1787 9272
634 8608
3161 18784
5691 18496
18679 24122
9988 13974
808 22441
4541 17035
24483 24727
18141 25310
835 21201
21416 22496
18132 23188
1708 15660
8930 21506
4325 25563
9809 26517
7297 18985
1970 18627
3206 10496
19188 22012
23159 25508
321 15441
1519 20828
7213 11701
10911 15201
11100 13757
1529 27954
9395 14514
19857 22213
251 11167
4167 24904
20824 27887
9491 13047
17963 23679
6197 14939
1142 25724
5296 27247
15677 22987
8039 25452
14731 22548
5377 24224
561 22321
3300 25893
5617 18263
7025 26276
9614 28260
2711 22650
16907 27612
1686 18386
21431 21794
6269 15837
14954 18046
1666 10503
13415 21269
17527 19253
7488 15913
5669 15133
14217 20832
17723 24209
5217 15066
4332 26154
25277 27546
14086 25993
12927 23526
3317 20066
1878 4770
13556 14717
18284 25807
2373 17181
9844 11461
10617 10794
17338 17502
1129 17309
15633 17801
5725 7481
5190 19760
4450 20498
13975 20041
18619 23655
14479 14783
5497 19566
5792 6444
5389 9136
13238 19091
8922 24651
948 18775
24371 24738
14464 27719
16138 22242
1917 3171
12023 20008
4498 27665
11240 21026
11361 16947
6239 15543
14351 20997
25210 27252
16552 25612
27067 27599
13756 25855
6258 24828
4603 14583
5031 7438
16608 25327
8490 20961
23941 25278
7798 18258
5344 16718
11990 21332
21095 23785
14604 22120
9610 24633
18624 19574
3337 13564
589 25993
1043 14782
2069 14289
25453 26397
10050 18370
20092 21942
21873 25320
148 20634
6013 24218
3638 25272
9465 12927
1428 13289
3638 17735
32 9035
2714 27766
11253 22771
8220 24226
1830 21415
7312 8005
15007 28224
4414 21201
3928 13126
4381 26728
9745 14603
8922 20487
10815 13624
10023 22865
7312 15722
2818 5041
3159 15670
4024 10924
9190 26351
929 3622
10483 14103
1015 19536
10531 17700
17321 21844
24355 27129
12149 25804
11808 15418
2112 11627
3953 14053
6301 24098
887 6001
2810 23420
8330 15483
2270 16656
446 14959
3514 8908
14520 18061
20003 24674
6910 18520
16600 22111
2605 4110
446 23590
4198 12361
10825 25301
9293 14331
23389 24906
7374 18836
1745 25277
24904 25903
3982 9502
7450 12875
17152 17767
9260 17220
7483 27029
25328 27127
7234 18549
18424 21564
16404 17684
18529 25982
710 9563
24543 27171
6057 16150
8675 24761
5691 11508
7624 27405
3874 15875
1526 10154
15429 27746
23902 25274
2988 19526
4245 10033
26409 27703
11786 18137
8168 14384
5547 13469
25827 25848
8289 19332
7861 22385
4714 22217
7387 8937
5319 15762
1116 8174
2474 11261
4047 9422
2670 7100
6363 9834
4877 22120
22425 27129
426 808
10740 25738
7611 17232
552 11069
3887 24829
1306 17938
6882 12082
16511 19219
19046 19216
9523 12654
7497 21673
3392 21662
20326 20653
14920 25817
7579 12768
868 25220
14917 19546
8785 12452
6700 24740
686 12479
20118 25758
1719 23602
6922 27669
17853 20741
7952 13687
20162 24904
19037 19284
17649 18808
5647 24586
6334 14862
12246 13962
20515 27059
4455 24292
4101 14050
5904 27300
17717 18793
33 8096
14088 27779
9323 24104
237 27976
22446 27719
509 23521
5325 20848
11045 27190
8958 16576
7533 17680
2985 6707
17372 20225
8001 24952
9333 16435
5500 24800
11746 22058
16206 28189
462 24957
2289 2533
5386 25491
1878 8990
8806 9226
2701 20849
12860 13347
9555 15123
292 2781
1979 3987
589 3988
23214 23803
10971 11030
5978 11322
3906 11625
14033 25039
1025 17302
26032 28214
8833 14106
6935 22242
12792 15682
11073 23365
14738 17443
5403 7018
867 5728
3936 15477
825 18452
10326 19632
7802 15499
6522 7703
7979 8112
9390 13463
11298 12942
4671 12065
1878 3457
3359 23193
3543 25838
1267 18703
3648 5579
2556 10756
7962 9803
3856 8952
1502 13040
18107 19682
615 21826
13094 15996
1412 3900
4422 25213
22096 24019
10515 14231
4646 13658
11766 20007
15219 24727
16871 24513
10442 14815
18911 24157
546 21266
13574 22156
9267 18595
3852 18850
11322 25329
4533 16785
2869 17917
8783 26172
6707 14827
9396 19128
13770 27267
16656 25564
23619 25983
8433 25089
10815 16337
25294 26620
4858 5105
13472 25294
9377 27570
13745 14894
896 19325
7478 17664
6065 18985
3098 17818
766 20088
6736 22516
11877 25969
10900 24425
18684 25468
8471 21287
8120 14835
254 27395
858 26711
11417 11824
10115 15832
5923 19086
8709 15891
787 3280
18136 20616
10390 19375
22973 27762
10054 26573
9718 23827
16931 18057
21126 24764
950 20624
191 11227
22474 27037
731 24094
2798 12572
16959 23452
7361 26945
17017 24452
5118 18669
14648 20115
12917 24189
20658 24836
6576 10701
3762 16218
545 11077
12566 15676
6495 19028
24336 26437
15762 27395
21695 26918
17027 27867
674 17558
371 25163
16687 27662
9226 9590
16888 18635
1353 27539
8124 19395
4062 27484
15842 22309
15257 18036
7699 26812
4661 7737
16226 23198
6601 16150
7031 10624
6771 11113
13937 28116
1263 14092
21105 25174
4581 23972
4600 6668
9598 27921
5691 14443
10326 23164
6355 21951
24021 25035
23947 25011
11017 11128
16284 24577
9482 21556
15346 22010
6198 13272
10825 24910
6239 16955
4766 15990
309 18319
5383 12506
2125 11295
15592 25175
2582 24450
4475 16915
896 24616
4717 16108
18522 26672
4115 18437
21009 27700
11816 17473
11150 15907
5177 5506
5286 8669
19085 19885
5475 20740
1477 21835
5797 7579
4050 27202
5948 22769
1113 2803
5519 14029
14727 26097
8219 11700
8160 18713
7779 25174
23292 26385
13754 22973
7296 24505
14591 23842
5435 22726
13516 18411
14707 16258
7152 20564
4649 17122
18867 27393
3509 5824
20144 21322
1694 8526
25432 26416
10935 26498
15808 19042
4260 8396
638 12228
8400 18253
4244 6209
5371 9421
6974 22601
13512 26150
14293 24917
5107 9974
16138 18427
952 8842
9957 20689
584 7881
4933 15540
12444 24280
5702 21057
11858 16036
14033 15335
7778 16651
11796 22030
6624 15130
10090 27553
23408 23937
13691 16588
347 4165
15265 21569
7830 13767
3521 24659
881 24509
874 21824
5874 24830
4160 22616
6340 7443
19941 25876
17889 27373
11910 21387
12190 15251
20479 23994
365 4892
2518 9739
5724 22901
10618 21147
13863 20491
5714 23675
1852 5827
4552 10578
8132 18034
5691 18136
3789 18061
9317 25987
3634 16187
3520 14555
220 18050
3899 22738
2010 16656
10975 25315
13446 23188
1299 17378
717 16590
15094 19367
7419 20974
4751 9873
872 24200
8825 27900
1499 2583
17918 18457
2412 2736
2272 24422
24671 24708
2091 20438
4724 23909
16954 18412
1499 14412
1850 17114
9202 25081
2598 2894
13279 24697
8332 22687
4321 25228
13472 20664
10411 17482
1529 17909
11157 18031
8636 15163
22959 23880
22581 23366
8364 13032
10479 13695
18143 20467
19900 22895
3667 8478
4871 21917
13329 16932
16299 23509
3121 12792
4070 11447
1083 24890
8237 10366
3254 22570
9367 25306
7940 24851
22882 24378
6163 8006
784 20795
6570 8114
1689 7592
16847 20711
635 19134
3873 24104
14153 19285
3683 26050
867 8871
7245 28218
8157 14432
19031 19298
22581 24435
5971 8274
713 15920
6335 22369
600 22049
2673 21593
715 9251
5194 10357
14445 17630
6916 11784
16544 27365
697 10583
2104 15026
13820 25813
25405 27536
12660 23372
11614 17981
1302 14557
7923 12057
2871 24418
9067 15108
18991 20777
2933 22545
18679 27821
1622 23911
22878 22966
17141 19205
8462 10714
2916 20898
4489 8039
3665 23265
2180 24936
11134 26405
4199 16527
2183 15712
4064 19504
9226 26665
5681 11134
24539 27034
15907 18401
10720 14007
135 6517
7390 7828
22331 23454
10242 27742
22498 24081
23663 27927
11846 15141
2666 18949
12709 14696
8905 10475
1878 22758
3978 14216
3410 3411
11059 24524
7927 14781
23615 26127
13999 14995
7746 16439
11503 23082
11164 23809
2182 17167
18136 24211
16193 16597
13910 17408
10638 11239
5691 20054
21831 28104
13246 18591
10369 21988
3146 17116
5117 15808
1106 25732
17527 23914
1978 26147
6545 22402
12452 27087
5876 15031
17164 22355
7477 15920
17545 25966
16117 20758
3712 19510
7227 21438
6940 10737
9543 16180
1545 25229
1645 21327
6605 17653
5984 21638
4562 12427
19489 23179
4743 8959
11574 23930
6686 9831
8781 24415
3156 12413
3679 5125
5374 14813
7335 13323
18312 18667
4089 8150
13374 13522
9144 19257
10597 20519
12616 24238
689 3862
18304 24502
6917 7987
24800 25986
18083 28085
8170 13274
10767 14239
2939 10262
8046 13707
3827 15355
1554 26782
867 3726
3241 23242
3592 8880
3772 11456
1158 15442
9179 9371
16046 28055
21351 22456
314 10033
2342 12564
2437 13994
18755 27313
7921 10746
7944 24500
3136 25534
21832 24415
4089 27796
220 13564
5522 11953
2694 20834
7296 10883
9878 13443
10584 18419
10915 23719
926 5522
3406 13564
14559 21798
25048 25426
20909 23573
1141 17512
7555 16849
2274 26074
2880 27433
13656 18628
3634 7264
4218 26167
3006 9250
6177 11050
4371 10484
9974 13692
4233 8438
9067 11804
8026 26161
20162 28158
2708 8964
22616 25638
10935 20500
8158 23566
13811 16846
12980 14703
22533 23722
7996 22025
4159 25099
19133 25101
1590 20669
341 9799
11657 20637
7266 20203
8520 25564
4287 18824
20956 25417
704 7330
2377 10626
17056 25306
25307 27419
14024 14442
3121 9252
11975 18924
7566 7783
5832 24243
9728 14399
3043 13867
7743 15142
6410 8921
10160 11747
5458 23887
13756 19185
1 17
16686 24598
1351 1902
13461 16595
3593 13362
6045 23973
6514 9326
14540 16230
3762 7976
8901 16131
18946 24224
10903 22769
19606 26907
20657 21446
8064 24061
5984 13725
5371 7930
21571 27689
9468 19497
24169 24830
8635 21845
14136 18369
9696 22565
9575 17632
14122 17923
478 22290
18977 24841
1755 19941
24243 24332
1308 14780
9998 18685
9797 12509
3724 8806
10292 27514
11805 27123
9095 16582
5406 22504
5906 10488
15271 24131
1958 20758
4081 7205
10173 13515
1302 17106
1032 11848
8909 24577
794 10876
7406 17338
16108 27559
11697 14136
2914 26788
7936 21434
360 20657
12577 24125
1239 16194
7815 9117
8898 22548
13711 24714
14529 20163
10540 24949
17787 27484
12410 14469
7124 17902
3354 15573
10361 16152
6156 7081
2664 24104
3139 23152
10731 14791
4825 11240
3318 13992
3826 11688
15376 27746
9937 10922
3348 16068
957 22441
26901 27087
9591 13091
25555 28135
1622 25901
5691 14364
7423 18772
320 473
9999 25617
81 24850
9528 12012
5289 17429
20564 27218
12818 22799
15074 19371
3885 9404
6008 6238
12663 22866
40 341
5736 28259
7075 23254
874 27276
6738 10643
14888 16152
9716 20258
20953 24934
10839 21606
4581 6350
16197 26901
10023 15211
2274 9243
5633 22474
5168 20566
14835 14953
9582 21345
65 17048
19140 26364
10444 20124
9675 10077
11670 16317
3517 22775
3265 9631
19095 19963
345 356
23872 23893
22587 25057
9006 12835
16953 18070
23197 24964
1957 10326
4986 10462
569 25104
16949 26005
11653 14715
26668 27129
13111 25607
17209 25092
9999 11232
3940 28094
2707 6051
3068 21628
7241 14996
8679 9850
2460 22289
8075 15409
11009 12460
16045 18958
17597 18211
23375 24078
1575 18192
11661 25760
8795 21867
6559 14707
2067 24939
3152 5609
25075 27706
3095 20457
8292 10002
15251 19661
3598 20387
8176 27464
665 3126
6086 10160
2667 20170
24069 26156
11603 27242
16002 27979
21491 22295
1113 18824
19244 23352
15857 16608
8303 15660
13093 13422
8465 20586
14418 20424
5587 27677
5373 26429
1178 13165
17407 23553
20633 26727
14767 21962
4152 13459
18591 24127
11741 14507
728 27271
12066 17091
185 27105
7878 12379
4859 11786
9465 22907
836 13759
17022 20046
11080 13743
1242 7522
1610 16005
20876 22416
12931 24557
11337 19947
5110 24904
8949 9242
10662 13649
13739 14578
6995 19652
10410 20599
23273 25445
17759 23056
2368 23098
10523 27556
19314 26603
948 7410
14916 16644
17228 21805
2024 20007
1181 5974
6848 12956
6877 16955
5659 17851
10242 12708
7804 17892
1882 2268
19895 26736
6488 20282
11430 20340
5100 19852
16641 18093
7011 12444
12785 22031
23645 26192
15294 20853
16743 25918
9923 22634
22193 23793
8067 11605
18449 24783
4501 17603
396 13525
17115 18521
660 19363
13941 22588
10326 13986
14976 15513
3972 10755
10175 22728
8605 11554
9356 15672
14513 25390
1826 20969
406 3650
396 4519
17422 21881
9193 24145
11166 26476
4110 22020
391 28058
14770 16276
4699 14074
782 6268
11055 11584
8293 25446
4151 6847
2456 14162
12556 19853
10800 24543
12476 24371
12090 14017
16499 27534
8441 10086
3585 28114
23482 24240
4470 25054
3882 17236
14971 22464
14799 22581
5518 22151
6679 23012
7420 11816
2348 3645
12422 27372
22688 23686
4778 4816
16671 16812
4109 22473
17803 23915
11783 19447
4081 25547
12031 12487
495 11551
13279 19965
20707 23113
1574 13105
16943 22883
24997 26080
13373 26074
10959 25642
3712 22112
8753 12496
8397 12077
7645 11677
16293 19942
20314 21026
14255 26497
7588 26753
11343 21950
10930 21119
2435 3991
1105 20200
13214 24248
981 25451
16523 22049
4067 19244
4962 24127
3882 16497
9315 19701
24964 26891
4795 12526
418 12079
22854 25838
21763 25550
14528 14593
11315 15712
7111 14995
2986 4757
16622 20704
743 24053
7950 16172
38 12436
12708 17630
8679 10826
9206 14018
25325 25564
8787 18001
505 8770
15285 17440
11817 13032
17214 24274
271 21753
3690 26946
10846 11992
9378 24057
867 19827
292 7290
1405 7229
3375 27691
15377 20608
3947 22273
20577 24749
1181 20509
4365 19195
9829 16700
5794 23785
12228 16475
4027 7311
23830 23921
10152 25009
7170 10357
17530 23608
20633 21423
9802 12871
7966 9496
7016 26297
7881 15482
7814 24142
6115 17329
3380 20661
17239 17671
4244 19192
5503 13947
9358 9573
5710 25160
12689 18374
10330 27013
9113 27117
11650 12997
3516 27923
22960 24308
6120 18908
10254 10397
8821 12294
6800 18906
17142 19483
13220 17003
11034 17649
23679 23932
10225 16276
14516 23605
14867 23484
1950 3267
2721 5941
4623 19932
11688 13874
4035 17527
14520 24062
12188 22151
755 23998
1038 24750
769 17803
2474 19019
16194 23767
1275 20853
16877 17764
7196 19576
2092 18959
7709 8110
13785 22542
7538 12901
1018 27175
6808 11197
14519 20704
2064 14552
11504 22634
14829 16230
8357 14934
19130 22403
21083 26085
15067 15749
2607 19425
13211 15465
8411 22154
9891 24637
9111 9582
15883 20661
6326 15037
3769 5879
5997 7469
14306 21727
978 14499
16619 17923
11477 15251
3921 20163
7670 22961
1107 3086
18239 20078
6928 21673
16751 20195
10600 19340
5537 8034
15364 24872
11133 21466
18352 24714
4611 9843
10023 26805
3573 14709
16119 23044
1879 20990
2221 10349
19474 22256
9421 10859
13851 16596
18457 19504
2539 11991
18334 21577
18298 21275
466 18904
4836 17695
20069 24082
22430 23309
8086 20862
13208 19315
5004 17562
9788 12779
7134 13383
5185 23769
9095 20005
20759 26409
16026 23598
14712 19004
638 23905
8361 14609
3649 26077
9330 23111
8770 9358
15548 23284
11112 25923
4225 14519
3936 5653
4530 9717
14782 26104
201 13623
19111 20822
7411 8085
8708 23679
22340 24676
5485 18027
10667 16131
10794 25412
17574 18254
1575 8363
16113 22390
20936 26087
3080 24019
15056 23372
12069 19223
4859 24719
19042 21384
25169 26726
7652 18179
854 6633
19382 22842
111 20365
70 23659
7358 14091
10567 15084
4041 20753
25950 26377
11313 18277
4056 21287
1979 22436
1899 7337
14034 21767
15033 18610
2650 19231
14240 19762
18985 23396
313 21057
12612 21828
3679 17171
6961 25205
1358 11755
24280 25713
16340 17167
419 21794
8075 12587
10222 16315
24096 24818
11204 25036
14879 18959
21682 28156
13776 26986
4834 25903
12291 20245
8884 22581
7205 12538
10728 19366
9252 25425
16025 19148
23719 24158
11228 26172
1973 16453
10357 24798
1900 25262
5099 15334
3731 9559
13428 23412
13185 16998
5387 26901
5002 24687
12740 20654
6903 8578
5177 7490
15106 28093
3810 5306
6091 26951
9932 28181
14387 16595
2722 11666
17543 24557
2379 17516
19714 25980
11403 20664
5203 15260
1776 3051
12091 28085
3229 18132
14103 24808
7814 13247
16094 21804
19977 25088
13761 18402
90 12787
21315 27804
12282 15985
1689 7677
18348 20219
979 14539
8424 27719
8806 28211
8818 11877
19124 22662
9252 27612
18778 22390
9562 10170
15137 23181
6695 10874
874 3371
175 13132
20632 23538
15967 20578
5604 15834
116 2212
6739 25657
23464 24504
17 8426
1714 3253
2817 12871
6172 12194
682 3938
10086 19254
12792 21111
11465 22841
4729 24387
8750 10652
13343 15085
5082 19130
3037 15957
15047 22276
25115 25412
13316 27826
2093 18743
7835 18708
7743 22262
19169 21638
1893 10813
7830 25710
8536 24698
3016 12262
12228 12506
18959 23811
14134 21747
16570 25239
15555 25956
24 23719
972 27186
2740 4477
1432 10230
1130 21761
7956 11735
3759 22623
3354 15328
24591 27976
7325 12428
8291 24630
17326 18793
7930 20765
1356 8497
5326 17993
2763 7038
6883 9530
10189 20081
9058 17775
9625 26289
9553 12956
3006 10325
11872 26934
569 25187
17725 19661
21000 24565
10876 17381
8567 8569
475 17967
15001 28228
14105 16245
10080 16855
3599 23677
14907 17647
257 13878
4087 7318
9784 24487
1382 19742
4600 24122
5196 27126
4782 9341
6857 26705
1078 23177
2311 14612
20894 25109
8424 13917
6595 25140
726 22265
3167 18669
15505 26476
495 11923
6560 22100
4789 24040
14136 27696
21984 23973
18959 28128
17963 21304
1050 8795
7763 19827
4894 18371
9060 22197
3758 15633
4328 15543
24864 26873
11990 23260
2701 11880
10286 10497
11131 13784
1830 23472
6655 9907
7491 20177
1147 15910
19068 21888
2144 5368
14024 15920
8392 11785
5398 11079
11059 15724
4162 7197
16428 21315
17747 22441
14342 17763
3728 15068
13232 19068
14957 22246
20687 26235
9174 25906
10935 11727
13542 17421
28 21771
8057 10935
867 4946
4240 15066
21102 21730
10012 25769
6722 23604
1297 9265
17422 18823
14545 26314
6076 8939
2123 3126
6473 17189
5921 15549
9007 9993
8553 14832
6370 10450
25414 27223
14481 19753
2039 13328
2342 14530
22871 23608
15229 27359
13954 24211
9563 18679
7820 11495
8263 11242
23657 28264
8661 9307
2150 2849
8884 19675
4705 13752
7051 16378
21887 27365
1830 18659
24883 25327
1450 23032
20232 21771
2215 7172
13038 14626
16614 27574
15953 23213
1688 2763
8872 18824
9867 22418
14076 16984
7884 10753
6255 14027
1101 2411
6408 21505
5504 21209
11251 12282
8937 18326
17776 27467
21962 24379
11964 21950
9254 25110
6426 21938
1405 17435
1117 5354
3885 14080
1068 2984
1426 23803
17196 25064
7275 20748
11186 22226
16700 21000
16914 27536
5509 23430
12199 26617
15660 24525
3446 23108
7948 11023
8363 12785
16718 24779
14035 27821
2170 4178
23650 27261
5612 10326
473 2769
8182 25732
7410 16386
6503 19899
9236 16324
19817 22269
17526 24280
7545 18802
6738 18502
2721 21915
19287 25356
1366 17657
8692 27352
6243 16246
4265 17714
3251 13983
306 18941
5327 24122
13649 28080
22761 28175
1785 24600
11411 13564
15376 22271
7635 12369
24490 26540
396 5960
13204 26043
11334 13650
4930 26131
3564 9793
6042 9211
15389 24856
17033 19688
4633 25935
7660 16980
18517 27719
20678 21498
2023 24904
2342 2912
2247 10522
11141 20517
9748 14914
2100 22448
21454 27247
3167 18491
23619 27841
0 14581
1130 24759
10990 17156
23553 23929
9168 23097
406 3526
21692 23822
15892 19150
5097 5461
22805 23361
11677 21255
1439 19630
9361 10949
2986 17657
4442 25788
1795 6994
13840 21120
464 22748
15297 23306
18791 26128
21881 25559
19843 22707
1689 25297
8496 16952
6262 14125
8263 27932
5943 26875
8930 11978
10952 24138
160 11814
9922 25335
4299 5433
865 18815
3640 11773
8151 23206
11796 23773
17407 19140
1640 3953
4274 9782
2001 10330
22931 26418
5430 6676
3049 14697
3267 15392
3324 19286
7360 17115
13677 14153
1915 12755
1060 6045
2697 12357
13176 14012
8441 15997
16224 16452
6541 20671
312 27756
23991 24525
12130 13619
5435 9412
7867 21409
7121 20391
9687 12169
3357 21111
10794 12234
396 10826
4600 14050
1950 11143
13294 23243
14798 18999
6518 20657
1153 19690
899 23312
13428 14342
7296 15198
3285 11515
2160 20974
10393 19723
5978 24867
23060 25922
11552 24687
11841 23659
1568 5213
8416 28044
17429 23912
6013 23630
6589 22684
9226 19566
11368 25432
17469 19891
4414 22988
140 3761
12241 18434
4829 26268
6941 20585
11809 13328
4759 21184
6812 26244
23026 28034
6926 20685
9963 22549
11143 17319
8730 27413
20230 22787
7976 14748
2976 17430
25525 26580
17472 19979
1779 23831
985 3609
2518 24061
12277 14996
3229 26926
1762 14251
12910 20164
20849 27252
19913 24554
3622 9465
7836 17762
2968 21795
17804 24612
8852 22103
18171 25097
25057 26673
1181 16248
6390 6591
3447 10434
20956 22422
14309 25830
16082 20339
2758 7987
4540 9269
25781 27117
22555 25108
17167 28141
14830 25083
9003 24848
1827 27988
2085 25056
9093 24986
4141 25110
8114 13296
4914 8499
4201 22729
9933 21518
18192 20123
17560 22481
8300 23230
12137 17730
10765 16584
5102 10799
3728 10937
1840 26010
8797 24477
9388 24792
9709 18251
406 2191
8706 18658
22565 23149
17358 22568
6356 27121
8247 25294
5581 18556
5299 23037
1744 15307
2566 9696
1372 9308
10986 27078
24444 26197
14053 17070
12811 16603
6497 21369
2997 15542
16939 26836
17251 19925
292 2368
5984 14445
3206 19857
11804 17819
4702 7995
3364 13084
5738 23771
7822 25214
6517 11030
13456 21359
3961 9495
14129 18354
19871 24939
21374 27389
17266 20966
19120 25399
11292 21950
2944 14309
8741 11658
21843 24609
2078 17209
13708 17675
7247 27719
11130 25092
21610 26876
2589 15352
681 21488
19430 21871
14804 16192
14303 19801
17956 25097
9071 18341
6905 22448
495 14243
5063 9252
8760 9742
2708 2868
15839 24374
17138 22269
12037 13491
20634 26544
17662 21881
5930 19876
7453 24405
15480 17245
11033 26254
12902 22987
20750 28150
4205 5082
813 1852
727 24403
22333 26676
6351 21491
673 7627
9004 19706
14758 17422
4774 10209
12573 12735
7642 22781
20809 25445
13618 15788
10090 18044
8172 19686
15358 24705
9710 20516
10444 15996
2184 21641
1993 10712
4173 12924
2635 7820
6905 17028
829 20231
499 26438
8605 14519
3244 12437
12346 21886
4791 18050
24005 24521
6291 20266
4766 11880
187 3128
2640 14803
13844 18599
9252 11945
3231 4849
2054 8035
5978 26879
2130 9786
3086 16627
4216 16899
3157 25606
26657 26929
10187 15429
1266 13165
15589 27471
11884 14240
23791 27818
3851 24064
14993 17166
7531 26275
2874 5247
198 22602
15964 17422
3162 7387
10008 19047
2767 20333
13063 18461
23065 24731
2005 4930
2607 17128
13177 23951
7923 22586
2439 14688
6848 15619
4680 24204
3932 14174
16155 26946
2132 11261
897 18361
9342 9696
24187 26531
3503 4607
6914 24842
7944 25848
6737 26077
1038 8814
842 21804
16330 20224
8756 15987
11673 21873
25338 27610
17963 21897
20765 26578
2522 18396
583 23247
16955 28126
19853 23285
17974 27630
2172 24029
24723 24904
5298 9647
4111 11718
640 23809
2003 19675
3623 24102
23366 28238
2667 9654
1582 27433
4789 24244
6898 12651
7437 22610
11422 24390
2064 25978
7756 27273
20196 25504
12956 20032
7478 17244
855 8145
6674 19502
3469 15644
21671 23968
27082 27456
16333 18651
7668 14589
4253 11674
4321 22696
6220 19937
12686 23260
1465 27805
21048 22947
1715 12643
14878 24208
21654 24472
8402 27933
18260 18906
3381 18824
10490 11115
5149 7172
714 19674
13679 24465
19336 26943
967 14541
3593 16967
8003 25426
16956 27659
6268 25052
13813 18798
18414 25582
4999 19668
24920 26099
23563 28142
14789 25738
1196 17113
4414 27927
13468 21245
3667 16487
1351 21544
4580 5262
19133 20501
935 13280
16764 22118
3006 19764
1177 18507
5500 25986
11817 17914
6411 22492
1980 4803
20127 21801
9951 18141
9774 19482
2392 22444
13681 26405
9192 22178
19484 25557
11306 18294
11562 23015
21199 27996
1857 4496
9253 18034
8363 18192
3803 10767
7803 27884
1178 2139
12689 23597
3279 17115
21974 22884
21883 26758
6846 23433
13534 28170
12729 26677
12155 15934
5007 5288
15762 16440
11200 19055
4096 21858
21084 22421
2707 17619
2329 4954
3197 15470
4887 20555
23243 24602
17073 18297
7954 12881
10325 16529
22271 27746
1613 27026
4537 22319
17523 28031
5204 12573
1172 12472
7990 21884
12931 16781
5511 14989
17370 24219
4369 22606
561 17742
17782 22491
16669 17718
5609 26438
12621 23138
11080 22824
5774 17393
3401 18906
10776 11997
808 25927
18346 21269
16835 17865
7478 25306
11580 16678
15268 23814
15377 27702
6032 12123
18985 24575
16907 27342
13917 21503
14380 24069
1958 16802
18985 23392
1140 25405
8969 25263
197 27179
5306 11887
684 12947
933 1672
4507 24040
18708 21387
681 24910
2291 25399
10924 27665
3790 8924
23006 25133
15267 23705
11253 12752
4414 4476
11785 26758
2927 20024
1138 16809
14437 22063
8536 24939
4802 27816
580 27932
7775 20868
1508 11667
8899 21203
18561 22203
3788 13010
1920 25357
2586 6730
13984 21473
12658 14707
11997 22192
21139 24005
5832 16548
13254 14784
4606 15931
13564 16963
15808 25286
20692 22948
464 21767
1628 13998
2704 8011
2697 8411
6196 25197
9067 21798
7826 28156
517 17731
1942 8711
11804 15108
10046 24450
13619 26561
8893 27684
629 1876
8070 17169
9406 12402
9421 9884
3484 13185
10350 22881
11878 22425
8935 11034
15037 18575
15482 26526
12494 15321
1851 7862
9055 27080
4091 17507
9980 17822
10714 23621
13513 23574
11777 25382
1116 24064
20314 24899
3658 17653
7820 17787
521 26245
8964 15056
7390 23274
3892 22857
8348 14853
9642 28008
4027 5440
13841 23760
17067 26978
4626 16246
9905 15727
8784 18947
15640 25971
11124 15597
16923 23390
14560 16828
9053 28109
1568 14607
11925 27084
7935 11363
4798 11579
681 22734
17696 27050
16616 22697
10961 14243
17929 25368
9550 9574
12215 17057
13653 24708
14483 16276
16555 18972
12148 13624
8692 25021
220 5344
3446 24480
12346 17542
15069 25747
5486 23644
9286 19192
1335 19371
4671 25174
711 18891
4026 11741
2786 26560
349 14108
3365 23361
3139 3307
15188 25487
4943 17175
9795 14228
783 21727
6668 27569
11891 16874
11853 25799
5965 27014
7950 13482
2636 16259
20069 26770
8145 17422
12422 15388
5613 20081
12689 16193
4237 25810
16054 20495
5454 6865
8730 25480
799 25329
2169 8512
1870 27212
3746 4433
5653 10952
10815 21333
10477 17472
7205 18950
6656 22421
8182 16629
3648 24200
8706 12484
7335 19117
11252 11797
15184 25068
11288 22966
669 26026
2022 11030
4 24122
10607 27905
3613 14640
21700 27769
7114 13091
4319 28014
8481 26740
8098 23727
12122 26432
20078 26636
7132 13501
22154 22842
3478 20605
15185 17003
5787 10839
86 10012
1008 3856
16742 25086
23953 25791
3409 12947
942 7171
8753 24368
3780 10653
477 25929
8846 24122
7136 24769
17601 27719
3070 23703
11256 21944
22243 27558
5065 25405
12137 14957
784 9203
8364 22149
4256 20860
1921 22441
425 7410
15291 20853
10535 17273
6489 14907
8413 9231
118 9026
37 15866
5943 13864
13171 27044
5930 22151
17399 25782
7003 21431
17173 20196
955 11562
10925 16455
3253 15212
5340 21833
21423 22052
8462 26663
219 17637
4566 10828
13101 28262
1319 10318
19308 26073
8781 9377
10018 16965
2745 16996
12200 14660
6669 12864
13148 13480
7965 11720
21109 28139
867 5678
15117 23354
2197 9078
24299 26348
24214 27651
9528 22763
7025 20552
5132 21372
2452 3152
3843 15620
2037 15210
13721 14894
17140 20717
13024 24095
798 3316
13370 17097
12349 28176
3267 11248
14730 22784
12887 26546
1631 17472
5089 8869
11050 22031
25984 28106
13638 25041
1256 16221
1538 3463
14104 27221
8856 16014
12385 13833
3166 26116
19269 27554
8887 25407
17457 27274
15011 26417
16851 23573
19975 21297
7020 8049
8491 10155
5100 22941
19532 22391
19723 26126
2303 3810
3885 20302
2413 16510
8669 9427
911 26409
2301 18128
17056 18369
14 25844
2163 11656
9590 23161
20235 22012
26469 27157
925 3019
1226 16942
13677 23482
2984 12105
5794 27923
7732 13427
1541 11100
11610 19031
7529 24611
4076 11128
21291 25839
18981 26898
18952 25027
13484 20923
10214 20003
24618 26613
6404 14612
10015 20067
12192 15464
19566 25102
8924 14771
1349 24292
5297 23731
23041 25217
9019 22591
21188 23470
98 9010
3089 25301
706 10703
5989 8852
13994 28135
11248 11668
23400 26657
4218 19601
353 18378
18084 22540
9553 14302
19616 27982
14033 19978
12444 12956
15149 26131
17626 25780
10298 22143
10603 14247
1375 17520
10828 25788
10874 25397
11513 23463
20909 25106
17304 27914
26577 26615
3071 25420
4445 6996
7768 11992
15128 21273
5579 20118
7300 23102
4435 21298
396 1814
24032 25945
15808 23553
8717 9901
19939 22910
21115 25788
5206 5943
7946 27392
22056 26625
6734 10881
12214 14407
19249 28140
3994 8916
4216 10654
21739 21825
20116 22105
8826 21299
7349 21804
18110 21595
184 14813
7205 19140
6316 22068
10039 25622
11428 15916
7793 14050
15981 27442
24171 24848
10259 22025
3269 7747
3592 26813
19374 24600
10344 19717
16112 24290
11816 22418
10242 21945
2399 10554
4918 16581
3400 9368
2396 8515
12650 22764
7209 26987
14776 17173
7656 24872
21615 22183
5174 18651
5174 24085
784 11569
896 21651
12703 16862
6232 14029
12183 24671
14209 27312
16893 18653
12981 18129
1242 16219
1902 7236
20151 22956
17604 25871
17428 23333
11657 28054
19750 25602
1417 5065
9111 27112
1178 10428
1263 24789
11407 22743
19023 20448
1397 2447
13707 26868
8742 18057
10547 23068
15346 18990
10990 16272
10294 25754
13101 18832
9803 23609
8806 20258
5398 26786
4581 15549
18967 22750
19371 27208
10170 10497
14534 23573
11816 14574
21945 25683
4098 14588
1590 11554
899 24908
4642 7247
4627 18406
14969 17241
396 3622
9056 13566
1299 18704
5008 9425
3713 17963
867 28172
6269 14912
22617 25117
6190 23742
1068 14591
8824 17527
12342 27418
10935 17906
22479 27671
22446 25904
14080 14129
10261 27599
6940 22026
11734 22443
14771 25163
10998 20406
2344 10279
2191 24336
9438 16826
2521 13545
5984 12708
9443 13649
12257 12915
3870 23997
4825 8720
15600 22205
7433 11059
15960 17563
7952 11785
1343 20383
4498 23102
1979 12346
626 11392
8669 11611
6439 17112
5978 23629
3420 6711
396 1730
9460 9572
2381 23620
21846 23710
14559 15141
17170 25232
11668 19691
793 19242
6668 17847
2715 16357
11536 11720
25767 25776
939 4685
10185 25132
8230 21667
5198 11703
2373 21560
16431 25519
9651 11710
17572 18277
1979 27299
963 20328
11218 20899
9905 17513
26106 28240
10002 19514
13910 20582
5978 12313
1351 1910
15306 21545
10326 10862
2764 5691
16175 16941
21725 26573
4081 11780
11269 23441
26425 26806
2624 5507
16736 17725
18300 26787
22468 22887
12694 15361
2470 5984
7354 25998
22017 25669
24502 25879
1197 24740
21831 24104
4896 24721
17793 24492
7005 17331
8511 10244
10446 16407
8564 23578
1141 16775
10076 26085
481 19347
19775 25454
5454 17756
21418 24179
11977 16291
17319 27285
4096 10188
8515 27084
990 2587
20778 25017
17894 20668
602 12631
12217 12417
1836 24575
17260 23680
4505 9885
18946 25743
495 7595
16888 24290
13888 14193
18491 23947
1255 10987
11634 22605
1604 19817
17580 25544
1748 3002
14541 22449
8705 11701
416 16509
4498 7002
19849 20053
11457 18090
8930 26958
1851 7861
2505 9842
9967 10382
11295 24855
128 5398
20066 23510
3227 15900
5348 17314
5632 23427
681 828
6333 16249
3267 11143
5414 6842
17758 28247
16083 21978
21438 22416
14464 18696
15660 25346
12594 12767
7645 12762
10970 15262
2888 7779
5117 13513
3903 18346
11664 23964
2438 11651
25306 25433
8972 16173
5308 18993
7205 27300
13886 27374
2067 13227
6517 19941
7406 14127
11171 12838
17838 19342
23147 25803
2833 27527
7732 23602
4188 27970
12612 19139
16245 24861
2050 16999
14532 27277
19415 22830
23553 23915
865 13094
6239 8597
356 6099
11212 21762
4489 15730
14763 26469
12405 12800
19705 20204
1023 21294
15741 24061
12696 14728
9011 11322
10393 19705
1878 17057
21094 24280
18583 25161
16152 23756
19703 20594
20289 28038
10748 14974
16475 17560
4729 23437
2087 20144
20899 28225
8750 18772
6414 13831
2664 24831
14276 25439
16566 26699
17600 26005
10920 19219
15910 27867
24618 25232
11997 25368
2022 16722
20749 21809
3863 26041
5071 25978
18542 19553
1767 18406
11092 18825
11340 22949
424 21209
3988 6013
1014 16225
5301 10668
2529 17007
5010 13456
7747 11080
12709 22418
10389 11804
203 28074
3848 25130
396 3314
2329 24326
8056 9296
9539 10543
19670 21097
4287 21123
13294 22095
6008 6495
24297 24659
24074 27653
14959 17214
3882 20597
5543 8737
6625 11545
5388 13688
10750 18595
2040 20022
14092 19408
2933 10929
5885 27452
8781 9095
151 21769
5500 14534
22392 25329
9250 11964
8039 12997
1551 7415
2862 16824
14649 26044
5385 19271
8406 24828
8956 16340
6489 14033
19180 26879
6913 22948
8937 9704
15758 23632
4727 24959
8300 27893
4548 14050
23897 27197
3985 25005
16851 26991
475 17480
7222 26796
795 7209
234 20395
16180 16724
3970 17244
21920 23074
16942 18890
2874 7225
13293 27990
11997 25400
6156 18690
2008 3419
12427 25272
6188 25250
22630 28090
10658 12344
10063 11171
1225 11562
11987 14771
24288 26069
18636 22183
10670 19891
3827 22831
8159 15066
8239 8730
11747 28029
1213 19766
25995 27093
14076 23415
23347 24860
799 16291
1158 25713
3275 12956
7746 9300
10824 14196
2413 3460
4116 15756
10378 25329
12433 18950
7387 25260
9715 23752
3287 22392
605 19188
3882 8924
8781 10620
6720 21641
16545 19206
4188 7278
2133 21881
9067 27432
505 20205
4245 9305
1106 2708
19326 27868
10737 22253
14719 19781
22894 24000
12277 25568
5283 14555
8086 18636
6048 20759
12565 16136
3712 17851
8566 27626
11812 21928
872 9133
8280 20211
8143 14971
7889 12068
15511 21919
19817 24823
3659 14070
18368 27102
22972 27087
11273 15576
8057 12369
1801 5711
4386 13663
9859 12220
10570 17327
10177 19273
9356 14464
15372 17305
4726 18984
12437 22020
14619 26788
5949 11024
594 1748
2280 22454
1223 14418
9252 15083
2245 10484
13358 22192
3789 4073
3342 7348
24069 24469
2730 17789
22949 22992
10484 19633
18521 22476
11495 19935
2191 7758
664 17259
2244 5978
23566 25729
2210 11251
13694 23549
6514 7252
1045 9328
7314 10293
7804 26727
4807 22573
15560 26122
554 25945
9004 22676
14782 19337
1562 22198
11784 26369
1052 11816
16373 20836
3622 17407
13705 27046
9490 21200
1264 15759
7836 18920
14342 16623
3667 26514
6629 15857
5609 20552
12426 25759
18824 26267
15951 17076
5425 8188
5943 25336
20778 22814
8340 11855
137 25927
6215 23406
4980 13384
10995 14513
20096 25595
3053 12551
3823 7031
18276 22992
21929 22390
13272 20626
14862 22230
16919 24892
917 19244
16582 24721
21798 23911
1462 6609
7858 20802
11540 15571
4466 7198
2087 25085
17952 20744
11667 27684
23277 24444
1350 4843
18078 23651
9863 19118
8872 18326
21837 27316
11756 22622
1645 18558
6238 6703
4595 16560
353 25042
1181 15179
13802 25276
21883 24681
8446 19133
16173 24521
87 24850
8356 23197
4316 4849
15952 17593
24208 26618
4623 15736
3878 18001
16323 18249
9281 13598
1767 26204
12105 22024
424 4033
3346 25433
867 1004
3775 17149
1177 9850
20491 24539
12107 15952
7538 13059
8352 20409
8063 16129
465 17262
15464 22580
5473 18468
12170 17551
2658 24661
731 26704
8884 17209
14454 22377
9905 24608
24830 27329
11804 12565
3585 23874
9443 10639
23963 24055
18704 25472
10191 15368
12683 21195
3816 10292
7429 25090
10462 17485
3126 25673
10889 19982
4360 6257
4528 24444
8241 16131
2823 23990
7536 23206
7236 16960
22255 27172
2248 6188
21123 25855
24608 26710
12820 23369
828 4442
11252 13891
7772 25981
3643 12550
7781 13622
7956 15986
12633 16515
5283 24966
7419 20831
2227 26456
13095 16781
4967 18884
331 27468
24157 27175
13564 21577
3399 9372
6446 25588
17608 24720
3902 18230
13918 25185
5618 23573
1848 14093
4645 24589
7286 24950
7439 12737
21717 25706
812 14666
3428 17285
5543 24616
10484 11047
3483 3592
4581 6205
6081 24771
18783 18880
17944 27190
22583 25692
9129 20922
4381 6188
14611 15819
1613 25879
23703 24322
770 4936
7354 8817
11483 21889
12451 16377
1940 20210
8191 26856
6891 21655
5660 16110
10416 24224
20841 21779
10652 24904
569 22033
15634 21631
20490 22989
2230 9323
12606 25343
1538 27795
25494 26690
19957 27190
3072 23830
19856 24603
12426 23273
9063 22415
7448 21198
6032 18277
98 16328
3202 3997
21832 27795
5413 7007
6778 16152
17256 23105
22227 22966
7243 10507
5435 19459
610 20245
12959 23822
580 7975
8108 8160
20258 20554
16194 18659
13272 24539
10381 14474
6103 26807
3240 9874
16538 27669
22988 27927
10913 18304
424 20935
5221 18575
1555 6573
16965 25956
16388 21881
13961 17922
6841 18300
3377 22962
18039 20227
18332 19512
22814 27052
4534 18784
1672 4535
15684 28058
8592 12272
7915 20894
14961 23623
259 9843
5177 17191
10012 16764
5902 12877
7768 20395
15425 15757
7635 27835
137 6745
867 26737
14652 22134
19513 25658
11785 21883
5375 10318
6705 10280
1196 16937
5089 26372
2832 16957
4783 18166
10095 21637
4097 27667
194 4857
4685 9623
5353 23365
14136 23722
3666 18541
5522 14657
4051 24844
7368 10577
867 8718
9473 23289
14092 18218
12792 21123
13984 24830
13788 25067
16910 22504
6616 20266
21690 24968
8689 20900
14555 21626
1272 27175
1599 22510
14023 19712
11192 27867
13595 13962
373 19455
9025 23706
4551 23365
108 24649
16245 27042
1724 14671
89 28238
6542 19540
25620 27137
2655 12541
6355 9367
6951 8654
15457 23993
7162 9250
13652 24018
8478 15184
21635 21656
8024 14564
6692 12234
15730 19089
19068 22323
6755 10205
17630 25550
9398 13772
21652 27020
10567 21091
8667 25272
2856 21675
20078 20735
4708 24755
14208 26540
8924 23172
23857 24477
10209 12801
15795 19686
1779 2883
13649 24068
18788 24290
2933 24069
10437 16827
20172 23970
2373 20165
20608 26186
16969 22516
8955 25011
19857 20503
11633 15942
11822 24053
4474 11499
4749 26977
15004 23619
4685 9398
9829 26838
9523 10964
2189 4457
4642 23619
413 24306
571 13429
26197 27596
18472 23970
7772 13515
4271 21992
18370 22230
1879 5080
5495 8083
22214 23705
8267 18270
4693 12956
9535 19424
3530 19213
9683 26057
5249 9963
22610 27308
20323 22992
10908 13740
9126 9556
6268 10619
1785 11778
18682 24209
2520 9786
985 9368
220 8478
21341 24122
8178 18595
6936 21641
8750 19800
14541 26189
6870 23597
23963 26334
15171 22223
369 641
17700 22200
7785 24659
1878 9304
14719 18084
12650 17472
8946 24746
16435 26665
9018 19140
7589 24428
3444 20557
7911 9895
4046 28058
1707 7813
1685 26292
1360 23413
6797 7452
23707 23719
86 8282
4067 12428
6576 9424
15676 24610
6879 11168
3399 9564
12210 16362
2489 15511
7002 22012
0 25564
24967 26495
4517 22181
5338 11199
20345 20664
19953 28044
8398 24952
4218 17483
580 8413
11397 18933
631 10174
564 19837
423 11777
4205 8091
10517 18355
17850 23144
6325 8169
11214 16038
12947 24970
8434 11716
11073 22187
4006 19058
8372 13517
1201 12452
17647 18573
13798 14255
5251 11059
12612 22322
4851 24848
11599 23225
2363 3522
13060 24937
6026 27373
4424 14941
2935 25914
1478 8159
7902 18425
3456 8704
5932 21412
7596 20108
1574 26167
13968 20615
710 6717
4142 7205
9777 25855
4648 12565
4603 16547
11484 26652
6215 7166
2460 6946
8730 15615
10741 18628
19675 26277
3305 14901
3506 17094
9310 14317
1034 25295
9991 17219
2351 25287
1878 13878
1465 26168
374 14342
11336 17202
4149 23033
9913 21673
4581 15717
561 12927
5435 20880
5004 7360
12754 24122
19964 24280
14459 26161
6895 8337
10344 19191
406 12149
5436 22537
17318 27258
15251 17972
1067 19946
13379 23976
3735 6478
8757 9575
11931 23099
16337 24665
3883 27331
7328 14280
19775 27557
1477 17810
19514 27015
7119 22223
2692 19843
2238 18443
3019 5204
6501 20799
5197 22857
10660 17967
12341 25206
15731 20692
2518 24274
13484 15628
1400 2906
18820 19061
22724 23227
2293 23892
4205 28158
6210 20886
20492 27810
11789 24872
20480 20558
17599 27646
3197 13222
15228 17938
1338 28274
1153 7674
4468 20129
1508 24956
7951 24108
11905 28035
569 16961
8478 14976
10971 12584
7375 18050
15693 20347
15920 27960
3124 24828
8673 9321
16126 21628
78 13241
5298 19840
17902 21355
14771 20479
16246 21584
10630 20417
8426 13445
602 16301
5082 17241
1794 20201
2882 13373
3066 4072
5579 6940
24836 26863
15938 25062
12792 13291
2169 11783
5691 22151
3761 8676
14044 20692
155 18101
3727 9046
11783 20935
12577 23267
5189 19888
3980 12910
3287 25927
790 27172
14304 28099
978 9260
4039 23520
6381 16276
7804 19991
12754 15272
7205 17214
890 9260
14016 16794
2381 10274
7200 8428
3116 16767
8361 11881
7482 21919
4475 6182
17444 23825
1425 12614
681 27121
4442 12727
5787 14500
1068 10923
6550 10033
3608 6888
9632 25992
17273 19763
6752 11246
6894 13302
10403 13391
408 14492
2776 7964
522 18319
7982 27141
24061 24812
8511 23252
6680 6925
6232 9281
3999 26841
6657 14129
6426 10800
7845 19960
5383 7362
4309 14398
11751 12452
254 15762
18945 24752
1878 3624
1688 21563
10681 26467
5192 17177
14264 24746
10495 24613
1013 11292
13060 23676
10305 24836
11832 23202
12440 15236
3532 18218
652 14227
5623 17803
11463 25160
15269 22411
1293 13182
3456 20976
8350 23052
8161 21893
7021 8384
2435 15117
14335 14728
8364 25090
6896 10753
9869 22539
6891 15258
10500 25254
12375 25243
1058 27976
5100 16772
20593 27726
23792 24122
8383 26402
4192 22224
14680 22912
11809 16955
3371 21824
17668 23067
4104 24864
1724 3129
9843 15736
3229 14325
5208 9563
11484 13078
13864 16284
13154 15906
7213 15077
22416 23794
5160 12291
406 25986
898 14168
20480 26665
3446 11562
15997 18990
683 20348
5355 22775
7446 10273
580 9078
737 25982
26956 27087
17177 27872
9479 24457
25454 25730
5089 21215
12227 21505
230 1830
6015 8773
6309 13195
24217 27557
18720 20861
10850 15762
19994 25729
11289 28210
21513 22810
3265 27382
18042 25737
7256 27696
566 26546
21409 25602
610 3566
16801 17831
17457 24096
6495 18104
14835 25805
8899 13495
3764 18861
4038 21199
18265 21526
5864 15467
5925 9250
15074 19348
19710 27185
3566 12193
11460 23576
14479 14651
6251 24689
16021 20661
3810 12282
3789 17437
13425 20392
4076 13927
8482 9192
13180 18018
13616 18734
1038 7387
10054 14364
14744 15836
14912 22226
4263 22548
3051 23687
20539 25561
10916 20259
3736 6065
8779 13090
33 5485
4623 25626
7937 22273
24904 26589
4063 12151
17847 21438
11965 15645
18308 23707
21339 26359
11397 26270
711 11113
5852 7387
15633 26820
5512 17742
6616 11150
14995 24608
23172 27944
11952 20066
4253 17863
11430 25215
13161 27914
16509 20931
8511 14879
12558 19468
9524 22813
473 11344
4218 17249
495 14010
2466 23658
1830 26075
10063 26908
21335 28031
14519 19711
4051 21919
11211 18225
11844 21327
8314 26589
12798 23521
4535 23655
5496 26539
7110 8925
2652 13831
4076 25110
22770 26210
8289 14936
8672 13386
8437 16865
10464 26573
8290 16532
10230 16036
7534 12023
5177 19979
4026 17250
788 5989
10638 21673
8558 26124
1920 13362
771 27678
20358 21801
24241 26896
113 7956
3689 20075
4965 20003
3848 16124
6707 11898
2957 7600
2247 15621
21438 26541
2986 27398
3712 22141
5544 23523
1441 26704
1008 21446
10822 15605
6105 7017
18790 27876
10042 17076
9082 18706
13203 27659
7401 7827
5832 22675
16976 23950
8454 26026
15667 23637
1624 15190
1287 13301
17201 19798
3091 14690
1117 3925
1960 11567
17501 23396
926 2022
6441 24344
17420 24562
15329 22604
10298 19020
26089 26893
714 26328
8441 16288
10840 27643
11978 18538
6450 22998
15830 26935
1777 9719
406 7981
5263 17509
10971 19591
6337 27967
5461 26525
20453 23347
10506 17696
6607 14728
9717 23794
22453 24600
15758 24060
10920 12124
6994 9651
6065 23396
969 12264
10618 24546
25879 25991
8121 12035
1590 22971
9328 15480
1335 5981
7935 26689
4307 10638
4804 16268
4892 18610
275 11009
8419 21653
11266 28255
10130 23854
7354 20138
18631 23134
5892 27256
2813 22981
3345 19170
742 11280
20026 21671
1937 2646
3419 21852
1322 12576
12556 19086
2379 17054
15391 20553
75 27911
5979 21753
9314 24817
13516 26003
21355 23285
19788 27857
9446 12346
2809 27121
1112 9657
17961 26258
5691 14758
4295 5473
4142 19952
12306 21763
1417 26000
2225 6569
8657 21849
1163 10472
7045 7323
7987 18679
4450 16545
5511 11439
1343 22301
2961 13366
21491 25437
21798 22157
6931 15808
4645 20179
3203 22763
16210 18051
2533 19085
6182 23185
11356 16026
13391 22841
9847 11520
963 10571
193 1604
10075 20625
3859 12538
5231 18499
21955 23415
4043 25397
6940 20118
4325 18208
24095 26313
1779 18892
2252 21149
7420 22160
13804 25823
15401 25683
3623 10184
11138 26546
6342 9144
15696 25035
23538 24637
4373 27886
5832 13641
10857 18921
20127 22810
2627 15377
7536 8924
4178 22634
11337 13239
67 23922
4234 19895
11245 14212
11624 19827
3611 23186
289 25219
86 7414
23082 28082
6763 6820
783 20612
51 4893
3024 18415
24422 24444
7445 24842
8133 23722
14998 18791
11080 14080
16538 17932
20600 23034
3900 11164
2282 27726
8166 28253
5084 10369
16629 26053
136 24061
2490 13806
3762 8465
6847 8308
4388 9017
7690 12049
29 18761
16376 27353
920 22481
18211 24148
7979 18808
1023 8710
20608 25445
17335 22818
7058 23177
5448 27578
17791 27706
10795 20914
4785 24068
1755 8269
3689 27745
3411 17355
23691 24693
7695 19874
2110 9093
1632 25399
4468 11331
11039 15346
24229 24509
4947 23560
872 2040
596 23597
16900 22079
16529 25564
5117 7195
6375 24122
14136 14306
16482 22097
7100 13422
5997 11534
5321 7997
2803 4440
660 9325
13266 13656
1618 11875
670 17604
1635 13745
9352 15259
3434 10498
1851 18911
5983 22387
10917 12590
867 3457
1079 16230
97 8407
26711 27328
8270 18873
20538 20846
14016 27648
13036 18132
343 28044
17241 24315
6714 10207
4295 18371
2936 18633
3944 18736
1767 20370
10540 24836
12139 18729
22192 27821
17407 22205
8931 23085
5323 16932
51 424
839 15072
14076 15435
22687 24575
25831 26717
14994 21471
9488 21010
1858 18732
4600 14558
5104 9265
12262 14494
7831 9427
2778 25263
16656 26927
7866 18468
14954 17509
545 15285
3484 6127
4906 23422
3156 14121
7635 10042
7741 21990
760 23633
6545 18985
6560 17492
4282 20123
13700 22174
10935 18481
1533 18409
2686 13282
2106 5366
1725 6370
8251 12069
1584 14728
2883 26168
6239 22168
847 25065
15480 25893
5702 17003
4273 20931
18651 20904
4035 10303
13108 15327
6618 23207
18911 20758
18137 19300
3851 14857
12779 21955
15056 22884
5724 10662
21029 25283
7019 7437
23373 27659
1441 19917
1795 11134
8168 20799
8679 20480
17120 27950
8753 15564
17222 19347
16457 27870
21080 24565
11739 23267
3925 9055
7577 14941
16984 25309
605 24918
4009 23525
1529 25414
812 25663
2667 14160
9901 24939
3332 8646
5681 23333
6299 22832
21310 23607
9315 23342
9524 19857
21716 24377
7842 27712
5973 8764
14643 21853
867 16038
9528 10042
3280 11674
14437 20006
15749 17568
10292 13142
1402 25680
16413 16682
8057 23189
1783 23336
17071 27841
10660 10682
2722 17035
3937 11322
19139 27576
17115 22688
3810 7205
9521 23090
15642 21798
19536 21094
14043 18015
13471 28049
16610 27722
1680 3714
6408 26116
11630 26958
13807 18083
16218 18205
7261 19003
1321 11120
18116 19728
4409 16951
14984 15024
2526 19819
2635 11859
18633 25623
2635 6239
4930 18334
2995 15130
20467 25992
10249 18567
7218 13819
11580 26450
5117 21134
340 14242
19181 27087
2165 4077
4546 7016
7813 28216
2410 13798
13524 17724
13203 21881
7665 11960
7055 21821
23643 25452
12556 18533
11466 25448
8254 12119
11637 14344
2628 13813
3349 26360
7793 21438
6161 21679
15201 19086
7581 22296
8963 14771
175 13481
24281 24457
15439 27455
17020 20363
10655 11426
4336 23719
11757 23184
3961 24080
6043 11252
393 16373
14854 26320
14911 20417
4761 19189
4155 20209
17670 20702
1223 23857
13350 18360
5401 5509
7592 15825
643 26598
26875 27301
2828 9589
425 6072
4693 14857
14136 15821
7861 20245
14840 16526
5510 8478
4534 20253
15429 16333
3665 12020
6965 17222
3376 16171
15727 25788
369 14080
2714 22205
22382 24879
6729 11438
2333 20669
3856 25847
13831 20355
14777 20998
11620 16588
18573 26829
5068 21569
2522 18704
17593 20813
19686 25523
18772 21998
22112 22479
2261 19347
18507 22425
2191 9226
935 18140
12434 14033
15221 26946
1878 4524
7556 27659
4548 8846
22203 24856
8161 13989
4930 9408
6516 26758
782 3296
790 26935
10639 23534
923 5002
23269 23929
2969 24011
2386 25054
3359 10549
21456 24823
441 19629
18020 25550
10882 18074
10444 18679
8003 24129
7044 23375
15443 18415
20640 25590
5702 16624
1913 21831
8589 16608
3406 6710
10951 24062
2869 9179
8852 17742
1999 13899
9699 20092
10714 25377
1368 7671
9723 18120
898 4300
1713 4287
22425 23863
10128 15551
8351 22048
2339 19061
16722 16888
4197 18615
933 3383
10662 13648
4736 7814
7708 11347
19192 21811
22905 24404
23719 24132
7617 24453
12057 28250
8642 21713
6083 17214
12342 17842
23264 23665
6868 11773
5734 15670
14971 20262
2978 15064
11142 16567
15527 25254
3484 6760
2503 23631
828 12956
2738 11810
13756 25607
2619 7964
2748 17938
798 27619
1672 12498
1361 1579
20031 24921
10284 18911
5630 25110
12625 19792
15321 16923
14604 20661
10743 13075
13368 21066
3910 21360
23767 24295
1253 4609
4632 8160
9215 15561
10419 11261
19254 28257
14946 21909
19181 27759
13780 14453
2326 9174
8251 25107
15472 21800
1689 27313
17513 24280
6848 11273
9762 9873
17932 18119
21382 26948
12242 20578
5632 18753
605 25265
11747 18155
5438 24040
1197 3462
3275 3539
6511 11593
10800 14598
11540 24706
5905 11845
17592 18823
9488 20544
11011 24384
8706 22182
12260 15659
4827 22651
6641 28158
18999 21149
14898 21257
6300 11108
12895 15556
6682 23993
11637 27112
10534 16477
7424 9690
13978 25321
5907 16276
5538 10624
10632 11943
4655 25788
3683 12366
15948 22380
2127 7392
854 24886
2711 3017
10039 10301
2022 11479
6893 20538
23926 25623
11962 26952
669 21962
10218 26113
9616 24005
13091 19002
514 25034
10 3818
151 6914
26200 28175
9312 15664
4237 26154
3059 6763
9701 22136
1033 21431
1958 3287
2604 16055
21111 27612
8736 8981
12886 19154
17022 23506
11580 12078
2550 16262
3581 15673
161 9874
8396 21746
16326 22581
2029 12066
6667 8498
12296 12566
12839 22934
12335 27126
10036 13788
2342 23512
2869 16475
9454 13180
7413 20749
8565 26426
21864 27221
7555 23377
7140 20081
15493 28229
9699 22387
6177 25443
9122 14462
12537 15140
5647 7820
5004 9124
8091 13721
5411 18772
2189 9250
21261 24714
1507 7084
7478 14971
3045 8037
8353 16970
18059 24889
18784 25972
5413 19308
8041 21982
11323 16184
12995 23365
21106 23465
7774 17782
1860 2452
14993 21737
10778 24090
2113 19162
1249 15515
16018 16672
12689 17393
5736 5854
9300 14489
1643 23204
14971 25301
4949 13734
420 2482
8327 23194
22277 28156
14814 24211
21470 26347
9311 25397
12094 26273
2787 18879
14604 19374
2132 12397
1699 24756
12083 26235
8816 19189
3537 22650
18336 24504
2655 12627
12424 14564
6935 16138
9349 23087
11494 24181
22663 26702
11012 16742
9884 25251
6914 10729
2680 6962
3997 7982
13301 26324
7407 19358
13195 27084
7223 24410
1773 10958
13397 18172
3915 9012
2611 8846
6269 23600
505 6058
7350 12956
1480 24075
2667 19192
8356 22222
5006 12937
23885 24165
3129 5782
6786 27382
7020 16354
9491 22363
8974 22781
16331 17056
16683 27702
12590 15596
24216 24954
5989 28099
3969 15315
11100 25519
22937 24745
3585 24273
9030 11700
18400 26116
8212 18211
604 19960
1651 6695
21240 25887
18679 26503
4723 10757
15090 17757
4753 24229
1918 27686
13363 19001
6221 16336
18419 23066
11106 25550
25414 27669
19441 22215
6635 17206
2333 13256
13596 20835
2231 15660
16974 21213
1417 2539
14654 20538
3585 10261
18188 21976
3154 7002
8182 26322
220 12551
16136 17819
2518 26463
3828 10835
15996 19818
17789 26497
7121 19157
13245 17460
25012 27759
1343 6495
14604 21914
1362 23449
7259 10692
711 11049
7342 22426
15446 19525
7105 8605
3337 21893
13957 24164
4477 22186
3293 21974
16961 17427
19389 22606
12426 26177
1510 18369
6158 26670
650 27925
7492 11851
1852 6946
2961 15325
1927 5941
14378 24368
1621 16656
12765 14288
4923 17310
2170 15705
5832 25567
10603 23364
2888 7328
7934 15285
18155 23379
8296 15523
3261 4531
3697 20312
6804 15228
3419 3598
131 10789
5164 10961
13438 22710
16567 27482
7304 22651
3341 25135
15004 18799
9029 19156
5190 11606
2996 25306
2518 9354
15701 22310
3265 4626
4226 23253
19056 19647
2420 18525
6857 10469
16991 18476
11013 14097
9992 17742
9691 26339
13984 20162
8075 12865
5449 16767
4764 18252
438 10778
9847 13707
1210 14632
23519 25922
22025 28044
14074 20195
8843 15401
17245 18811
17637 19846
9027 9243
16639 17370
4336 25714
4142 22379
4587 10612
14404 16524
3234 25414
9710 18819
3922 8967
15252 17433
1855 23455
17469 23510
5727 22151
2209 2344
573 15000
16202 22744
109 8381
7185 19982
15369 21359
1141 23737
99 10304
6072 15543
17678 20008
5716 17955
24400 28185
6100 7827
9895 11692
11119 17429
11092 22610
7205 20500
2550 3712
6454 17259
21436 25430
12226 22311
5441 14278
18304 21857
8959 16123
11696 22160
1505 9717
3823 8260
14358 23935
8017 12371
15968 22425
16356 25755
4152 17228
4179 10660
2022 19570
9717 24837
16046 20291
6261 9465
4175 7975
9305 23278
4158 25789
11133 16386
657 4125
12807 16901
7069 9803
18133 23249
13993 22553
19803 28199
10830 18050
18772 18842
11696 26528
8117 8959
777 9813
23961 24952
18798 18950
4218 8810
5712 23296
11922 17011
3624 14076
22647 28027
4853 15926
8514 24559
18749 26368
23254 26687
10935 28013
6707 24143
18738 21010
6533 21094
22712 26331
554 24032
7054 8947
7758 23736
19184 20944
3618 6809
9791 11851
2544 17228
9799 17823
4522 24242
7440 10328
6257 28099
5752 23688
7763 17118
14520 26740
2521 9253
20775 27822
18065 24771
926 15391
12428 22640
7703 10717
7999 10916
11859 19169
10821 20820
3383 24485
1878 15687
7728 27224
16587 25230
16116 22151
16284 16334
14492 16872
11918 12887
18358 27906
343 21372
17476 18220
10137 19445
2743 4732
5498 22229
11603 17989
15696 21887
1164 26148
10459 25586
15723 23703
16121 21470
2093 24461
1719 12602
6007 9635
93 16756
6704 19704
22581 25311
14163 20615
24324 27179
10616 28152
8732 11216
1717 13266
5691 26167
4720 22860
5654 15869
4024 16006
5984 10393
17819 20953
20504 21886
8956 22425
2237 10961
1910 16016
14736 18462
97 8551
4268 23979
11171 24474
8651 18713
13808 17585
15251 21071
15095 15657
5557 14106
4860 13353
1804 8437
19710 26253
17048 18286
1153 8573
15216 19039
6586 17499
18753 28270
2499 7818
19440 23196
9144 20299
1264 7981
4402 21235
86 4383
9915 16055
1254 18084
5207 27298
3336 15357
10058 16453
5476 20010
17941 19358
5506 28239
6039 25772
17714 20666
4581 9367
3562 13523
7210 8997
1850 26150
4537 25276
22814 25602
17632 20347
4198 26699
19370 21438
9638 24521
16191 16885
9996 18757
8349 16391
3339 15660
10952 19448
18018 19169
5056 10511
2215 12006
1211 14534
6158 6489
6767 27573
13242 18462
2119 3237
5089 24914
17798 21031
2098 17860
6265 23092
1301 19201
5626 26975
23208 24862
2986 6848
127 7413
17524 18959
872 7878
3057 6049
7867 16632
2037 6465
14359 21770
11047 16867
21491 28115
1213 23209
1597 14561
15561 20303
8306 23271
17337 27327
12366 22299
1628 25610
19135 19425
8242 24509
22807 23134
19670 26661
681 1015
21701 27861
5229 14625
5371 22095
1412 3622
7580 14280
8001 20927
808 17941
9152 10659
7355 22493
7852 9286
25137 27278
7025 18686
21200 25232
24976 27050
1695 22973
20061 27655
3188 27633
18735 23868
11553 14486
20157 22016
19169 24104
11193 26489
15814 27502
11720 12128
6930 22960
5325 17963
4689 19409
5270 16809
14591 14641
525 3626
8241 12739
10767 19440
10507 17566
1651 13752
26223 28137
16152 27521
7758 24374
10935 19140
4234 14571
23210 25559
873 14163
15391 20245
5792 11175
7227 7595
16251 24666
896 4391
4283 24221
4731 24207
11868 14679
16006 18627
1967 18447
8948 20211
12451 21902
9090 10232
22300 27956
7541 8072
17951 26623
1840 24774
564 16210
7065 19068
4717 10387
12244 27825
14474 26366
1589 25397
22333 23216
10232 24118
2782 23904
6159 23405
14077 24866
19086 21058
14429 22956
14957 27523
742 23387
11664 12493
545 11641
14451 24020
2710 27989
3757 26946
20813 22042
7509 20503
5571 21577
12957 26126
4858 10952
27021 27564
23189 24687
24752 27129
14911 19552
4288 24254
8875 21221
4148 24430
14876 17898
14555 26813
6746 22775
237 2589
1713 22723
4737 7429
11143 20239
1770 14477
9794 19529
9627 19219
12402 20140
18164 18348
2375 9395
10296 22278
15642 17145
21717 23082
4720 12260
4701 12545
1258 25209
4929 16984
5006 20829
22210 27766
1410 24539
3482 27317
1697 4672
3859 19001
8071 17086
16210 22095
13249 13501
13036 19876
4990 6138
10799 11650
2600 26304
1659 16567
3295 3808
19189 19601
26349 27087
10189 11149
16171 25867
8954 10737
6478 20661
5378 25602
10524 19579
9884 24240
22516 28228
1172 7987
8368 23269
1308 12622
3096 15868
17683 23277
14887 22698
11307 19775
1287 6231
6299 21002
18103 23084
323 14555
902 10454
2233 21798
1953 2555
10177 17257
3457 23420
5850 6001
9736 20610
11422 22607
334 16732
4892 14255
1174 11028
2413 21874
21278 23033
11260 28157
8265 10984
2247 6346
23822 24681
5238 23756
21846 27220
7635 14767
17645 18649
21650 26264
1211 16851
3961 23632
11311 24608
1485 11080
9632 12490
22112 23915
4626 10298
11994 12875
689 19948
5287 23972
10440 25771
11696 21849
16429 24863
660 14228
4287 27382
10242 24403
14044 17027
2596 11444
23316 26081
15851 22655
16924 26749
5040 12829
7982 21885
849 21768
1356 4132
1197 27583
18619 26003
4581 22464
1788 16104
9214 14113
20680 22285
10122 18953
24049 28044
10027 24602
1343 11272
9282 21716
5989 16108
220 28056
10290 26962
7099 28194
11368 14807
10458 16808
2572 17419
52 3871
5554 19757
8969 25474
1253 8157
1092 4424
21798 24290
23776 26872
3666 9408
2610 17798
1913 8379
8773 24703
1014 21359
2229 15660
15470 17407
16511 21876
17955 18742
9663 18663
13332 27494
11444 12956
1939 25454
1294 21382
13428 27218
11280 24586
9918 17497
13383 25137
2818 21849
9286 10841
25547 26901
12182 20087
20222 21638
1049 22309
17473 23593
3141 21346
1399 25397
6857 13172
3609 14309
14026 15082
11480 19189
9737 19362
7485 14016
12137 22310
5949 13545
7987 20911
15703 24228
5250 18217
2470 13743
3067 25975
26284 26416
3286 18961
12909 27495
22162 22888
8108 18599
1056 12424
18738 26260
10479 25584
5670 13910
2240 19140
7196 11880
4162 26061
18633 26787
15360 24954
11253 17527
16047 19287
7703 21760
14633 24503
11325 21438
18603 23356
3125 9228
7043 22093
16160 16510
1445 27442
967 18651
9794 22872
23249 26659
5267 17861
432 19507
3366 27624
108 23050
12939 13480
18036 24586
19021 22476
20429 26331
13888 17519
2648 22702
808 24940
16858 20962
6868 21891
9067 16941
7136 7554
15742 21013
15541 23015
5943 12830
5989 23521
16839 21915
22804 23932
10242 13482
6947 21733
108 3123
594 22497
21966 25472
12495 27821
9997 15619
911 17902
518 16866
3186 25073
22983 27040
3169 18787
2119 5563
5588 26514
8948 25034
3045 21118
4829 7488
1113 5185
1736 27247
3544 4468
16446 25871
2212 26400
7386 18945
7664 23910
6576 26549
7362 7387
4441 5071
17926 20195
13091 24069
7500 14057
1071 7577
9738 11854
7531 11314
48 10490
21436 27006
15072 27936
19933 21936
17028 18061
7768 13591
11535 25894
20990 27922
3228 17115
22210 25453
12351 20733
6752 12253
23096 24723
9152 15986
15825 16766
2744 20639
18000 24067
6546 23358
4403 10706
5047 10838
835 20100
10957 11535
1689 28277
5515 14392
19874 27758
2353 21511
957 18827
10565 18502
1505 13630
1391 13373
19443 19938
5882 25219
1397 16918
1284 18251
3660 25976
14778 18906
1920 7205
6826 16122
4217 12110
19234 27047
799 11729
3428 23414
14513 25525
2971 14555
20403 26093
19301 20913
24948 25472
8669 25265
6859 17713
3261 18605
1664 20895
1529 27013
9851 13370
26945 27495
8488 11338
21762 22163
3019 3501
1048 20378
1858 8596
18958 23106
8806 19952
2302 6869
5142 16791
15047 15141
5074 7003
13926 24242
7538 12105
1141 12698
3571 13609
19225 23157
7611 10604
1568 8941
9001 12111
382 20345
6065 6707
1935 7896
2447 25230
8429 16089
13762 17526
2954 25091
18758 26837
6517 22376
3314 23729
3141 16314
5682 9759
11012 24570
9502 23764
13240 22283
2516 9894
2526 24444
15791 24005
544 12376
11059 22753
8209 23213
10432 14635
4782 23644
1321 11484
20749 21029
7835 9720
421 1302
8500 24056
8481 12479
11540 13387
1056 15370
11544 18250
8319 16236
10340 12729
1267 8981
2770 7987
10714 21725
10425 16941
10828 21367
11450 27905
15301 27835
10061 15401
3013 21824
8958 19018
12810 15653
16256 21073
9803 20813
1027 19068
16150 17955
5187 16457
11369 14407
6658 20355
9252 27382
2508 16692
16036 23214
87 20702
3694 6620
5060 27669
3674 9569
9589 24371
11229 11463
346 7515
6446 17326
8242 23082
867 11214
14655 28024
8151 20664
915 13120
15442 17526
689 4859
3728 12927
19184 28228
4414 8481
9351 11550
6326 8990
5386 11488
5016 26608
8290 18192
22045 23552
12724 14352
19613 25114
8476 22985
2894 17827
3121 22787
22763 22947
19991 27920
6177 26687
9420 19794
14215 17331
3059 20162
5996 28013
3363 14971
12236 23037
19688 20133
14095 25598
13343 24848
21036 25415
11154 25445
1507 13553
4222 25433
11083 22784
14795 18251
13158 16818
7128 17664
801 1181
11334 16137
1159 4167
4340 27374
8895 10412
17412 18164
4444 25516
1368 3553
593 4047
9214 20061
8733 18938
2004 24169
851 12155
7036 11494
7568 7584
5711 6482
16349 24764
757 19118
3685 24274
5522 9078
14832 21010
20573 21215
18931 19008
6707 8706
14666 15511
406 13212
4304 7998
15635 20611
2012 14833
7552 9348
3053 7698
11225 25122
1491 24485
15429 20758
13051 23597
25112 27111
15495 22616
3101 24773
26386 27152
3765 18029
4200 21790
6355 13284
2621 15611
5781 6333
11913 17700
3103 10290
872 27418
4391 26342
5571 15985
17534 19712
14565 14971
8715 26437
20990 21359
14148 27669
10407 23593
2368 17549
6562 7123
150 583
662 6455
6931 11729
15509 25967
12120 25547
10801 21516
15570 15786
19153 21793
19002 25793
23715 27120
2232 27854
1244 15754
12753 20332
3987 19874
19547 27378
12032 13119
5602 14580
2986 3275
722 12657
8144 21240
16428 22989
12895 17725
20745 25877
14194 21269
16120 17580
4489 25547
23372 25608
12134 17735
5651 11916
19342 25956
391 20870
16679 17803
273 23884
15749 26665
7509 27758
8912 15171
21473 21562
11124 24643
15250 23736
936 26002
2539 21209
961 4282
18521 23696
7879 21431
12580 24181
9820 15027
20904 26851
3154 8478
13875 25118
3542 22385
16354 26025
1811 25838
18547 19189
2792 12682
21798 25025
3358 15437
5522 20752
8850 18211
15258 24049
2345 16046
1789 7839
1597 9371
4690 6196
495 4634
8963 22209
1280 13832
9980 13058
1462 16377
14464 25699
16140 19803
21163 26243
18457 18596
11495 20876
431 14568
730 15666
1884 14694
2274 9192
3467 11946
5071 13782
1140 7867
6609 8792
485 14672
11133 18709
825 19552
20616 24847
14817 22210
1142 8155
3350 23619
9230 24069
14034 15829
17420 22416
10489 22499
17071 19942
22416 26280
7508 25083
13564 22112
2230 8451
8733 10927
5773 22092
588 8781
8544 26613
3671 28150
1713 3609
3727 27144
8926 21042
16094 20958
1613 22996
5514 21311
5857 17457
16775 17512
8908 26074
9940 18436
514 11039
3052 27814
3728 14969
445 15088
3826 14942
10146 26147
12486 23155
7029 13491
5162 22954
1562 16299
1167 12383
13837 15422
4496 9557
4514 21033
2096 11134
11674 14988
10852 25349
15971 17835
7543 10033
7311 23062
797 18712
10868 13716
9959 19818
6818 21079
4563 6431
4447 13032
10629 18133
13214 22104
5989 24148
21821 25788
8872 16276
18891 25999
18909 19086
14705 18001
2764 8085
1321 27381
13972 23686
5221 20852
21598 23918
8584 21946
14784 27286
8372 11242
15343 21874
21324 25630
13782 15001
8345 25660
82 14519
9774 15470
7328 7370
11508 18280
6402 17899
14803 26976
5423 25302
192 16374
8811 26888
16351 26417
13220 22956
3059 27453
2995 4005
2455 22766
22223 26303
6972 10023
16986 28156
9835 19731
8041 16638
478 7049
5989 14657
7432 18346
4695 17614
1605 7476
18701 23146
6701 13633
5028 15302
2870 15998
13259 25487
9416 20789
13827 18883
10298 17586
11546 15660
10254 24974
3816 20310
1318 17373
21064 25214
1936 24057
3089 11436
2250 9574
12564 28029
390 4966
3741 14078
12496 24278
2995 22340
4612 15263
11094 16184
13227 22476
15372 24739
4148 9509
1178 1816
16055 23113
10067 25907
5857 17364
3608 13072
7768 14804
10707 23967
19927 20337
23723 26955
3759 15511
1889 11987
19536 21353
18466 21459
3344 13167
824 8527
3482 11008
24575 24623
1934 22147
975 16152
15184 19941
4754 25978
10368 12813
16276 27792
1833 8923
12927 19781
805 15834
10006 22283
13229 28268
1975 20537
2903 10100
4941 9634
3231 28070
12338 23265
10935 12228
872 25130
11630 24869
6663 6861
5078 17194
11134 16094
7061 21817
4305 15745
18412 25427
14010 27152
8605 11569
3640 5511
14795 17760
24336 25410
17605 26582
14636 20467
7005 8113
775 23546
10971 11009
19201 22724
2039 11329
4100 20291
18381 23547
1137 21072
922 1944
13811 16842
16517 16640
20577 25454
11603 15676
6137 14033
653 20549
14633 22476
17023 25930
1037 1379
17630 27788
7849 11365
13643 22903
3072 12908
1171 14630
945 3643
1178 6724
13150 19053
598 17161
4506 13914
12210 23829
8408 9683
593 1023
21497 21598
14995 20876
9524 12512
17838 21405
25711 27795
2667 14966
7807 24557
987 27204
15676 17970
5451 27562
1138 2214
2470 19819
18051 24069
17185 17415
9959 21407
5281 8132
2232 16885
34 19411
4425 15108
7231 12436
20988 27643
21665 27044
2302 10160
8650 22598
12090 21528
16131 16370
13328 24562
3594 21824
7835 13590
793 6397
14104 23911
3694 3810
3550 17768
5583 5641
9553 25153
5169 26599
20397 25771
8874 12679
8791 17735
17382 17795
137 25533
867 11727
4287 25855
611 11450
12750 23182
17329 26469
9265 18414
10107 10810
1944 8148
1223 7114
890 28277
16639 18053
9228 20744
3885 20184
22901 24879
20053 22156
14187 14787
3279 26728
8320 12479
10179 23534
1902 18050
22871 23379
12252 13443
21061 27002
14541 23365
481 9490
3636 16259
20939 23510
17634 23453
11034 23510
434 11671
659 10933
26604 26656
783 14499
14731 26244
6573 17547
13175 19941
17241 24820
8893 15964
7984 21398
3849 24832
13528 27441
3463 27508
1694 21680
9461 18994
1910 9699
13764 17100
1200 23703
3041 4013
8396 13328
9951 22325
14119 23254
3167 26480
13232 18568
3890 5731
2274 22004
5473 10917
3795 21750
5989 14633
1138 14669
6869 13494
12552 23433
13344 26565
5030 9164
17128 24309
3194 3592
16124 25780
10119 14995
584 22688
7364 28162
6517 18547
13468 27660
7498 13328
7672 25088
14280 17046
2990 10871
15195 17035
21697 22346
16404 22897
2031 5211
11036 16619
478 14475
7931 20914
8675 25548
2773 8632
8434 12009
16261 19566
14609 23130
4721 8753
15670 17763
4507 21374
16091 21710
15221 15382
2729 13673
5890 22885
11011 21889
18054 21943
8437 26503
1275 21963
1804 23904
867 11462
8478 12551
18796 24028
1296 3927
9847 14613
14777 19640
24425 25067
22934 24580
8318 23708
10653 24634
1126 23114
9059 16929
10390 11096
12498 22012
17611 19077
4043 22566
12145 15442
15501 23963
2227 28278
4388 25422
7793 20853
5979 16656
15076 22805
16276 26878
15020 17044
7026 10611
828 26554
10449 18584
9785 21746
1666 12727
11585 14106
3562 17603
14344 25034
16804 26753
6704 7383
8830 26457
18540 23465
1940 16604
2420 9461
2582 6705
7323 16986
1609 1729
8511 14689
2071 21014
18036 23892
1978 15267
10253 12350
18527 24611
1830 17717
15741 27274
3164 15372
15397 19249
6708 11300
25444 27189
11350 21855
6591 12737
341 5288
7785 12593
14757 19124
8775 16850
2681 18369
4945 13142
9022 11408
193 6636
2664 26869
16245 26497
8823 25867
4343 11768
4878 28121
1519 5691
11751 22112
9132 23816
4251 20115
415 26174
18051 19403
13033 21804
9491 10017
4782 19742
11985 16184
16770 23441
3609 4287
16184 23422
21857 27541
11528 20661
16544 20340
6770 22746
10662 22180
12554 23902
11562 14407
11859 20355
3675 12892
11080 15291
11500 25917
10425 27016
9690 19066
9052 16699
7533 19883
396 16582
670 1864
12793 16480
6929 24543
674 24055
904 22074
7624 26507
3104 7358
5978 15009
476 22329
2582 11823
21840 25169
15562 27821
4325 17992
5984 23300
14777 18573
8646 16388
5018 5568
897 1178
8290 22771
3710 7145
18464 24188
22205 28022
341 4265
581 17938
13564 17310
25587 26277
11092 26152
10900 22158
2259 15531
1533 16194
15355 22581
11422 22137
3307 11989
4581 8129
3337 20605
2380 18614
18650 27847
4571 17492
478 21166
13486 14598
4872 16904
1435 5984
11251 15985
5403 10808
21792 26824
14821 19741
20671 26097
396 19254
971 4651
1609 17534
1292 23272
7183 25880
5004 22160
886 13650
1050 15917
19148 21084
25445 25746
5978 17926
5458 22692
16103 21267
1015 24610
7672 11463
5406 15161
714 20934
3961 21020
11282 13080
867 9601
13089 13208
12310 14781
7398 19514
14979 17524
8168 24104
2363 7492
7937 20950
8817 13296
9341 22499
5089 21213
17289 21891
3940 5378
13937 27175
10618 21622
22418 24944
17112 23771
13471 22236
6221 20726
7 17761
9509 10342
8471 19388
16430 20131
17115 23911
1358 24502
4033 27559
9511 20382
280 10687
2430 8298
15046 16943
1890 12228
825 9640
16016 21544
14731 23417
5639 12657
9253 20236
1153 13866
8349 16838
7641 11731
5245 24638
17140 20100
2708 22995
23679 27821
1604 27821
1923 2075
4391 24062
6085 23829
12941 25891
867 1389
2412 25558
5904 13564
18832 25730
2583 16907
39 17527
3509 8985
7880 18251
7456 12954
2518 22481
10877 12552
5521 26535
15829 20737
1441 4192
9696 19171
2888 24412
18827 24487
7407 17479
12576 18823
6410 10389
10915 15452
14711 15603
4136 28198
3167 12128
4019 25897
13544 27265
14519 18037
4546 11196
16175 22666
501 24656
5123 10070
2295 7370
2339 20459
4627 17397
8939 24127
18909 24504
17565 23417
13383 21479
9308 15097
7641 21884
6499 24068
1893 9528
448 19429
7455 7875
3222 21671
6077 19898
9973 25646
13809 22761
15766 25282
3859 24415
11299 16272
521 15561
12593 28077
1343 9521
11079 11283
13191 19244
18904 20240
12565 16941
13383 25713
21734 22529
12598 23254
8675 18885
14022 16062
17521 23715
3333 12728
7135 13503
17938 27867
13422 25228
19033 22664
7400 11124
838 14744
8268 18127
10942 19133
7907 18357
3241 28157
4482 19068
10767 12576
22449 26341
20480 25468
1358 26131
1247 8114
2182 20715
15003 20432
8524 10941
17214 22479
2157 26620
4849 10288
9710 19561
7386 21748
2487 9340
9964 22328
275 18046
18906 24638
4181 15597
836 13787
254 9351
3307 4870
18262 22256
16117 20813
16190 17722
4408 14021
2341 24772
11279 14778
825 18251
22421 25175
11614 17922
5469 24765
11157 22666
7205 8182
19181 28211
27271 28166
12407 27459
12248 20853
3666 15470
13776 21377
8734 23343
10647 24812
8800 25329
6367 18760
9895 18797
25666 27129
23592 26197
20661 28009
5217 21471
3858 22469
11287 27102
24069 26073
1469 27976
7985 12855
4325 8948
6042 26785
5252 26178
5262 23298
16029 25575
16843 27373
3825 27622
11641 20017
3760 24675
21811 28045
15358 17054
3169 28088
3618 26256
4327 4942
14641 24242
9114 19172
600 11439
10056 21440
26116 26358
9690 19866
8373 11546
18631 21286
9438 22429
5943 21446
4394 19301
1689 15367
16955 20144
4024 18315
4288 22992
14340 27478
898 10496
5072 12496
23053 23061
13281 14827
485 3734
9393 10050
12726 16676
683 9816
843 13910
17640 23208
4329 27678
6724 19442
3944 9296
18665 25788
2741 21495
1658 23520
5254 13780
10517 14564
2894 6805
14277 27321
1126 26235
648 1406
23082 27759
15705 15736
13581 13678
13293 19616
6484 23012
14145 26974
6594 17740
2262 14971
5691 19285
4198 13672
5082 27587
13406 25975
8437 10061
3121 24177
4142 24929
9591 17146
7775 24742
3882 22315
7083 24377
6857 24647
5989 6126
10238 12609
3259 6510
14643 20393
406 5371
16564 19657
24026 24053
6537 24738
3049 18603
14456 21227
5824 12769
12445 22630
12324 23409
17422 18743
6378 14648
22464 26392
10520 19085
3374 25460
1162 24062
8182 16603
5414 20313
13114 19039
7224 15605
5911 23828
4857 12194
16474 23146
24008 27896
919 19816
6094 7296
7915 24655
3275 22700
3986 12530
12010 22996
4709 8075
17971 22416
21535 24665
17822 19508
4556 12576
1357 24781
640 27247
14033 27418
17057 20162
2965 6355
3030 6727
7120 24396
4528 22416
9378 14691
10886 20669
3851 3932
13564 14672
20129 25108
19126 24029
1772 12369
22531 26469
7314 26525
10700 21831
396 7758
3741 11602
8959 14756
3525 16170
3002 6955
1881 2438
4234 12204
3300 7627
22236 22256
7069 24643
5716 12956
20366 23392
11742 24053
17916 24883
2664 19819
4142 21450
19048 22866
5896 23317
4531 4532
7205 26670
6182 27707
5326 24442
2336 21024
9292 25329
23090 25202
799 3669
10980 23340
4086 4166
16965 17840
1995 8730
10208 12097
8797 21057
13527 22015
13697 20310
4579 19089
9738 11376
9805 18629
6190 25059
8491 14734
22082 27587
1246 7471
23311 24069
21879 23372
4300 15220
8852 26513
9226 16629
14489 15923
5587 6848
1767 4893
10428 19988
18083 26638
22359 22936
4221 18265
2195 15863
12556 17902
740 8112
2191 21955
6030 23334
7522 18993
292 5823
14862 21762
2648 23369
7982 23953
2367 5832
2967 22319
5387 18958
7332 26688
8770 27584
7830 17604
23664 25775
7290 14452
9059 15956
9666 27476
7725 16665
16589 19900
21602 24812
7635 21293
23456 27890
12731 27298
13391 25709
1659 27914
9511 22650
7277 16067
1015 19857
11545 19188
9897 18751
1284 20813
5995 12804
21149 22696
11989 17398
17956 25214
1124 5125
6770 21018
5473 12590
20046 25451
4415 6612
11552 14071
19094 27120
7083 14666
102 836
16865 26265
1802 24906
11281 25653
19354 20409
7760 8157
11242 14954
7793 9563
8151 25547
1105 19552
2311 25108
19118 26898
22553 23600
21094 25081
3598 7273
15429 24955
3242 11071
13077 23215
4722 5978
577 18242
1263 9788
24570 24844
3667 21079
8825 16866
1015 1188
18852 22325
14579 20442
4407 25253
4793 19033
3127 24628
1348 18516
8898 27326
3735 25949
1461 13328
16764 28158
4274 28156
10416 19019
4774 25786
26115 26975
3988 9913
441 5289
18178 20069
14796 25197
3528 4933
8214 11688
2528 11064
2015 15286
2454 19474
14826 24405
19377 28060
6705 25848
1622 17819
9567 25329
12639 27854
6956 14070
3172 21446
6738 23389
3052 9968
10952 26265
8833 25525
19490 21393
12391 23829
15808 25174
16002 26081
812 10086
5816 6489
18577 23592
14109 17610
17043 18084
6868 25067
2125 7164
2596 9994
14335 26819
3734 9205
828 9323
7854 21447
2779 17053
16847 27129
23312 28215
2306 16750
16626 17696
4090 12228
3354 10462
9670 13978
1589 4720
1275 10119
8438 24310
12123 18277
6996 14069
6422 14707
1672 8689
20547 25433
6507 24762
4274 7323
15055 22723
17149 23267
22496 22640
12221 21072
1902 8990
18621 25782
3587 9956
6372 20108
8306 12723
24364 26265
13905 15920
11262 17218
18195 27102
23060 23284
5894 13969
4169 6218
18760 20424
19730 24171
20703 21240
3076 18157
17018 26193
2326 7427
1394 20797
5112 8889
20417 27520
9036 17777
6215 18669
7068 7318
10906 13381
17644 23083
3573 9919
7073 20871
9408 25174
13440 18084
1687 12947
7449 21735
24888 28074
316 10326
7921 17043
1042 3091
2667 24803
9290 26122
7986 24714
14803 27770
17477 22545
173 3674
4300 4895
6609 23978
15496 18878
22833 28120
1900 20379
888 1697
666 1541
2815 6295
7930 21214
15182 22718
15649 17076
4849 13681
3729 8751
140 15741
1583 11059
5917 20008
881 17219
9226 20205
1398 11150
67 3872
10382 12905
21522 25039
7857 9714
11166 22834
6914 13165
8667 25250
7229 14398
5699 14136
3197 12769
2057 2133
941 4778
16960 21773
3876 8528
12422 21674
3357 9631
1948 27569
21079 25453
2986 9769
6848 21438
13180 27596
16052 19199
10783 11634
3272 14606
4858 7350
2667 6881
1088 9859
4195 21708
8719 18648
14835 18001
14753 22184
1321 19572
6727 26893
3890 3954
6588 9197
9776 19270
22273 22313
8905 9884
7371 10495
4358 14630
3157 25453
10970 19434
7707 27490
2067 4237
11002 22769
8891 24311
15713 22379
14411 16639
5540 8048
6125 6487
4312 26511
20053 27792
15661 26015
3959 23653
22624 28257
1898 14828
16021 16353
18704 22588
2491 8818
17487 24451
325 9512
1745 14246
13154 19877
6177 7820
15561 22937
5598 19091
19670 27976
13041 14100
10407 19484
3255 24659
7162 26660
5308 11964
1134 10121
8787 27204
274 13999
18310 21630
14586 27588
5968 7353
17787 24504
13517 14823
9614 27696
22254 23188
14097 18247
396 6490
16386 20876
7921 20031
17003 27372
5331 17235
7894 10303
6914 9426
21421 25614
21250 27113
1370 26065
15955 20855
2389 22835
2633 11080
4414 21003
2433 2642
18051 19112
1955 4535
2912 10740
949 8905
1052 23274
825 7828
2157 13551
2494 14038
23345 27821
9465 16311
25732 27702
12433 20329
2130 20875
21443 23500
11198 20238
18346 26386
3035 24589
13329 22584
2269 26179
12781 27106
19169 25368
782 23143
5660 9091
1887 11542
9988 18375
4804 13555
3522 26921
1181 20987
849 15629
3277 10197
19753 21748
1809 7081
5890 28272
487 580
1920 15620
15293 19242
1387 3491
13721 18717
9469 17509
3902 22871
4782 9951
6222 7283
10800 14215
15661 18945
12260 13047
20564 22151
11311 19819
7390 20084
2598 22845
3382 24029
18662 19908
4655 23952
22101 23972
15837 20391
611 16449
8886 18764
274 24586
16685 18273
13509 23016
7213 20804
469 19696
18952 20747
4938 8290
6357 24904
6911 8719
13535 15072
4075 4877
1402 5617
5989 14112
13673 19879
1878 28049
1181 13547
14687 17189
2005 21577
8787 27173
2482 23082
16979 20031
10740 18761
9997 11444
18308 24862
4439 17102
18094 25143
6046 8702
8161 21384
23602 27010
13772 19829
912 20314
6668 18533
9968 14584
8937 12110
24900 27884
396 9361
4000 23803
22827 23068
13927 26457
9356 15419
15665 16905
8105 28092
8437 20876
12729 18951
19541 24855
4367 11255
12244 17992
10770 22266
7155 22359
5528 8057
14543 25232
4316 12954
9006 15806
14986 18752
18630 27408
8492 27908
1136 4373
115 14534
7524 27976
11766 16173
7645 24554
3333 3587
22040 27821
7567 22805
8470 18497
6591 16870
20008 22503
21616 28061
7354 18618
12437 18690
24062 24288
810 28242
4234 22965
7945 11877
9234 25530
4500 16599
16940 20822
8657 18272
1239 4476
3167 20462
11781 17613
4920 14732
6675 11059
25666 27802
2743 18599
17833 21330
10586 19247
1962 12452
10287 10971
2724 16552
10389 19865
8999 9646
761 25437
17913 24326
4081 16901
341 14016
14629 20832
1719 12252
15470 22205
9925 13602
11825 19047
1741 24346
15346 21291
5916 19005
5204 27358
9215 22234
1465 10048
1178 22139
11638 20748
10540 13960
1750 20250
13482 23288
669 4141
5403 14835
8478 8852
3966 14809
686 25054
7075 13543
18392 19920
21945 24280
4029 16890
8467 24640
17632 23653
8034 26115
12346 27758
4038 12655
115 21315
4971 7743
6188 13232
1005 26721
3154 13343
4439 19210
1465 27497
3804 17889
23143 23788
808 6594
9914 23296
4326 9487
17952 22479
2336 22326
16640 21242
12491 16300
838 19344
19712 24582
12873 26601
4149 23675
811 19549
2487 16068
5852 10900
7090 12139
20227 25893
16193 25185
9065 21243
15099 16878
10588 23749
7323 7360
17695 28263
26358 27643
2929 10799
9717 11919
9416 24104
13191 26329
3488 22633
19384 22836
804 13818
14794 15811
20365 23341
6112 19761
6257 12262
12552 14456
18478 24080
559 20069
6388 7227
632 9575
10691 23590
8705 11295
4360 18189
4270 23412
17757 18370
10607 21171
4081 15930
935 11660
12984 13011
12769 19293
11953 12228
8905 20328
1774 19786
8157 9480
5458 26787
2818 21084
16042 16756
16516 20674
11005 26125
7176 22180
6372 22819
8898 21291
7961 25412
19950 22649
620 22340
16515 21929
9621 13976
10874 25570
3518 13155
21138 24378
1349 19537
9252 15791
14228 24157
9356 14713
17108 21312
11963 23361
13454 13803
26107 27013
22351 24928
477 25826
13087 22063
4076 11205
1823 2320
25410 26993
8437 12708
3961 26039
8652 11409
22814 27600
3439 18235
23521 27795
2028 21963
26107 28065
2946 15378
14860 24575
14735 25717
18751 23964
9724 28158
12164 25329
15201 26312
439 9456
7320 7958
7289 23600
1832 21139
1025 4142
18395 25838
1075 8565
5383 9654
5571 12077
9214 14313
8511 11443
874 24441
2071 27559
2295 4962
15358 28149
5204 11295
4440 12363
11181 16184
12724 24575
9433 17782
8795 23510
12460 27718
25828 26557
4190 5485
8710 9412
2526 13448
5571 25525
8155 12540
6349 20797
11937 18692
4680 6592
16152 20805
991 3089
439 3286
2831 21681
6032 13893
2456 22641
1852 23665
10692 19519
15190 21003
2683 8014
22021 23094
9254 27834
650 9311
6975 26365
11573 24138
14522 18438
10917 11987
8377 14244
1884 26851
1565 16292
7444 14017
7881 20061
4627 27499
2604 11068
12428 14694
3909 25025
4993 25910
18823 23816
2874 8364
13545 27822
1097 22897
17318 27500
23931 24836
4445 26131
16121 23914
396 5907
10863 18415
12397 17259
23608 27795
17097 22426
13559 13910
1091 11128
4918 25732
8064 10128
6227 24929
1721 17953
5047 10952
406 9881
23102 26741
406 23365
2017 5475
5523 11341
13414 24610
28 10100
1311 8220
10219 25685
1392 26003
10765 14311
4532 22946
18627 25653
9854 26409
17446 24069
17601 20459
4271 9662
2888 12357
18679 27152
6069 15082
10189 22230
25564 26799
4178 25439
18280 23857
5748 18649
1444 2586
7522 24061
16253 23214
7802 19192
9572 19819
3146 10233
12689 26764
283 16274
3882 7093
788 22696
4671 5632
4476 22894
10721 14628
6608 16662
7568 11115
2598 23788
8574 21081
21716 24219
16073 23404
5327 17902
1317 26220
8478 26303
1622 10114
13517 25962
9552 25221
3050 3121
2375 26284
14407 28221
2885 5528
1920 25580
4796 7379
18070 23365
1 9264
5084 15505
22497 23547
3897 11157
7663 10890
3860 8895
2162 2179
9385 18852
2967 19996
19995 20635
11362 23898
8478 17742
15600 16963
9844 19844
16685 18115
10454 25305
18911 28055
16184 16513
19432 27374
24617 26843
9696 25154
21511 24216
6051 11322
8293 8299
2609 10723
6979 14404
1387 17100
8683 10356
3166 27976
7623 9001
6182 22073
3636 7065
5956 10517
18752 24319
8399 19064
19425 20647
12167 17108
4677 27262
14947 20577
6090 17278
1360 10990
1023 16094
1293 26363
22986 26379
2895 17598
14437 25934
865 25283
3872 22283
20685 22139
16861 21831
7512 23679
12228 13093
16905 25732
588 23437
4607 10624
5217 22869
24576 24629
588 20288
19548 25881
9465 20162
3617 3716
8592 23138
9569 14228
1613 23600
13010 23356
9242 19917
2336 4737
6886 13232
11459 18784
12424 24148
19605 25850
14470 23907
6854 7717
6649 14835
4609 18491
3165 24061
19139 25596
19941 21260
11007 14971
7333 14086
8036 15705
14136 16609
7798 9399
19493 27084
3625 7956
24403 24444
13391 14033
13081 15185
6722 24471
8356 12602
220 26184
6935 22080
8891 17733
2147 4394
10372 12395
19244 21262
1962 15592
10325 15275
22047 22901
13328 25919
7987 20306
14771 22892
9615 18049
1959 24323
8386 27001
9491 15431
21291 22548
17657 27758
2435 3885
7209 11389
19243 22459
242 4666
6587 7375
4617 19400
16263 19280
66 23874
705 10876
3734 24127
1349 3821
3734 21633
4295 11682
6868 16340
10876 16955
4672 15418
21080 22198
993 19683
985 24520
486 3530
8887 22414
6259 9282
10815 13512
9767 18406
14960 24180
12075 23754
4918 22941
1757 12887
12363 24177
12282 15736
5389 20339
2248 20935
3186 8818
6806 19276
1851 4456
681 17192
448 23128
14633 25107
18738 23586
15561 26632
3759 25397
24532 27908
1236 16259
9552 19376
1270 25330
22542 27334
838 5697
3789 9347
3552 23023
9795 19530
23955 25280
1600 22167
5416 22446
9371 14859
8051 22220
13999 19275
4623 9569
4072 15664
19525 25202
1031 1590
1613 4954
3186 5783
10189 13810
6650 23718
14092 15195
8266 16755
1736 4204
4581 7128
1424 22915
19071 21929
866 7591
17190 17471
1133 17779
809 9395
17523 26884
13152 17742
21447 23738
14001 26659
47 15049
19219 22769
6355 13482
1440 5358
1770 17803
3073 27110
2838 23525
24296 27324
5681 16317
20991 23880
5659 13347
13412 21770
1349 10464
9744 25545
1370 26696
384 6399
2951 5147
3337 4791
396 15713
1652 17963
15682 18920
2847 27495
3779 11079
6301 11692
1445 28180
54 18082
8785 20245
7484 18798
1005 27080
10495 14553
852 13888
8340 9246
9528 17438
425 10684
9521 21612
1686 18001
2869 9002
3554 18378
16861 26722
18427 26676
12403 20041
3407 22565
5728 15964
309 15064
9550 12214
9496 27822
501 22274
14264 18911
13480 19269
1953 2213
11270 28194
2516 21413
6786 17755
11417 19472
10089 19053
20677 21010
3714 21426
3019 23809
60 22430
6072 22903
10039 26903
11306 15179
2325 21115
9482 13398
5630 22167
18616 24506
14281 27868
4132 16515
14560 18580
21737 23145
186 9621
509 9333
21079 22829
17133 26447
16588 25306
13431 21712
1840 23372
15169 16963
581 17165
1097 13795
6130 8615
12391 17975
20417 27382
3046 12489
5462 7390
11165 14998
4384 19247
17485 27918
4414 16040
11079 16893
220 12800
4596 9465
14861 15561
20087 25392
19827 24935
1082 15464
13348 21694
569 20127
21798 27337
13140 20387
1878 5080
6349 7202
722 10822
7442 12864
7514 12484
1757 1769
1858 14178
5910 14463
14003 26115
2986 9116
11584 12481
10805 17527
6377 14487
5807 8530
22103 26946
1049 18945
24747 24902
2719 5284
23214 26460
6770 18902
2124 7202
5336 10462
6516 25475
10441 11023
10407 23525
8390 8669
8687 10437
1878 26012
2686 7461
5850 16909
13408 15883
11567 27437
5219 10321
2223 24074
19030 19133
620 5579
9895 21654
14390 16986
4970 22925
9443 21101
19004 23346
6608 21240
4272 18621
7763 22117
5989 25414
3890 25490
24378 28177
3420 21575
23417 27698
14464 15730
7290 14989
4674 22476
18084 19731
4549 20695
23269 26958
292 3928
664 16700
6951 7434
2764 27664
9146 23428
18679 27596
6350 9194
1 875
389 7198
5943 9720
360 17372
20390 27958
12693 23140
2230 27966
16689 21915
22423 24127
6741 26892
1343 10303
234 20313
180 3300
2667 10066
10127 16653
6848 12049
20377 24171
17150 18874
12194 16940
9614 27132
5414 25504
8817 22992
11212 17760
5708 9368
23461 26476
20093 22925
150 9962
18610 23422
16759 17224
1438 5979
9058 24616
588 2015
2240 13807
946 1721
15898 24850
9323 24823
16313 23202
8514 18043
11496 12163
24289 25712
8222 16162
2055 18464
2388 15673
2701 20667
6555 26663
818 7963
7600 27024
23180 25325
8875 25022
3121 25607
18522 28061
6889 27223
5309 15672
1181 2385
3334 15203
8528 26674
17733 25067
2072 25552
2387 13745
9631 25855
11030 23269
29 7930
13005 27211
9006 11350
5284 12945
1878 22768
6215 12949
1925 4087
21424 26591
812 21460
12729 15729
4325 11637
13778 21996
12444 14499
22769 25373
813 21366
3059 4429
10456 14079
1067 1504
4275 11701
6990 13978
15353 19595
7987 22040
22203 24589
805 11292
14486 26808
2132 4623
17782 21452
11400 13106
9214 16262
10937 25754
14481 20265
8806 20479
24788 25597
1487 19001
8550 21194
18994 27175
11562 25336
3690 15221
6110 9087
8424 27969
7962 9829
8924 15962
12839 14052
581 17803
11501 19953
6648 24325
7877 16369
11149 16888
4192 19917
2517 25214
11154 21650
23292 25711
943 4552
1878 10199
1674 27833
5091 17590
8831 12419
22117 27560
9124 25626
2604 23722
341 23338
24716 24794
17961 19249
7827 27518
347 23020
15494 22273
3624 20395
15144 23377
14989 19864
15089 18151
5716 6161
1900 13115
2672 6556
3006 13384
175 26839
1925 25902
3922 5980
11964 22584
19145 22421
1015 5984
4072 11416
2226 8646
7051 15437
16886 21124
485 22425
2006 13093
933 19539
7747 8143
1628 9590
19787 24061
1480 1830
23342 23919
4332 26061
6649 22497
7300 19068
5623 20851
13827 15175
25547 27222
13106 25412
4360 28099
7913 21300
5322 9268
7950 8873
9996 21001
9358 18511
1292 3580
3089 25349
3728 21633
4477 11207
8690 21113
1881 15122
714 11208
271 9897
9765 23938
11438 23587
1635 20586
13749 23107
8299 12741
20797 21275
16272 22833
19813 27013
11473 23444
7025 17416
10569 22897
2227 23705
16373 27823
12727 26608
3622 10480
14029 18720
7281 19338
8396 20406
6019 26086
27765 27961
4031 23265
5725 23015
19518 20169
1005 23864
11223 25448
16900 17883
15257 18353
8438 14666
8795 22929
6900 11484
11347 22247
7079 27746
24201 25724
20081 23655
5611 10937
5359 15985
4166 20332
6868 7210
5007 5584
18520 19447
4626 9631
9730 10222
14969 26626
5371 14691
812 4784
15457 23963
19383 19647
439 23123
2244 28181
3539 6532
512 4551
22845 26518
12994 15837
4642 6506
3294 15900
5812 19378
6585 16153
5979 11014
2781 3869
905 14534
12081 19244
2102 2303
8962 10393
5681 20299
11581 19641
17219 25805
19086 26413
4609 17254
14520 27423
9522 12947
3069 27508
9651 13367
4121 18643
14491 16887
11961 15146
1399 24224
17087 27034
3947 13845
6577 25848
8075 19511
6882 22570
2838 23648
14923 17967
14294 18758
4216 23405
17889 25157
8435 21707
1724 16261
5028 16974
7128 12356
4328 20367
23734 28116
5768 16367
8230 18038
7671 11063
808 18465
5181 9074
15162 16054
25830 27128
17939 18729
11169 11182
10800 27790
18633 24824
4818 21628
1060 4716
8169 22499
16299 21366
1593 20751
3987 12346
19275 24294
25505 25562
4325 14344
10291 26429
2682 27051
13976 16222
3566 6972
485 24131
3634 10541
16181 23845
4218 27693
8075 25629
3761 22259
2342 10360
11580 16471
5339 9502
1621 24169
5192 8836
7846 7982
99 1090
15804 27121
18265 25960
5598 23074
12614 27527
7930 10022
1878 25750
10693 15939
13810 28085
1892 3140
17760 26087
21213 27101
1033 15376
3543 19604
15171 22008
2810 14940
12049 17557
5587 21423
3564 10800
8471 23089
2635 23298
4178 12250
679 7307
10284 15929
4421 23469
22955 25603
16984 18095
340 12881
21934 24152
1933 17356
9398 14987
8151 13841
16946 22644
10419 11668
1574 8924
26035 27160
3987 20504
22230 23811
39 11436
18631 20564
4089 12120
17517 18051
9222 23590
1126 2751
13282 14771
10662 21275
11374 19004
8148 17093
17530 18823
10022 23276
4218 8349
3859 6847
14631 14997
9959 18491
21710 27232
8533 24477
16509 24502
7023 23998
5692 15443
13320 22479
11747 27514
292 441
5944 24254
1177 7736
18232 18670
750 20259
16036 24062
11059 17824
19424 24904
14445 21823
14090 20148
2026 7630
5978 26273
12204 24392
2996 17963
664 17071
19857 27966
22734 25788
4724 18104
4218 25182
19068 27030
9851 24939
20667 21638
12525 18133
9364 25838
17956 22819
9111 9144
88 13764
18454 24543
2386 4886
967 1112
811 21326
23085 28128
15108 16296
2324 16381
4044 15992
14787 26454
14494 22517
4646 16792
14537 21610
356 23318
1878 28172
15920 21633
1757 20379
867 4737
12004 23672
3960 11520
20046 24325
8325 15758
7126 11558
2596 4035
14944 22168
17931 20058
1475 3098
4519 17874
5328 19039
17278 25369
2848 16230
115 2536
220 8397
14478 27690
21470 27458
2518 5989
8959 23190
18811 24131
10577 24811
8215 10381
27017 27559
13602 23510
3261 9871
21879 27906
2624 3528
643 23954
4865 21075
21182 22202
3900 17543
847 6724
20046 27129
8332 17335
7469 7956
2491 9699
18772 24551
24663 25204
10714 22064
5984 18678
10388 14831
16833 23011
581 21849
14534 24224
1091 27227
4128 7721
11786 23110
2936 13152
24122 27309
461 23227
13287 14795
6197 28259
5035 7491
8054 13899
18939 20024
7537 27948
12256 18911
9049 12193
24101 24208
16455 22103
5941 11696
2189 10067
10114 16986
1075 2793
1342 21719
6771 15695
1565 8472
18069 24955
341 14770
2403 14597
4595 19868
16421 19764
6729 18929
14175 15443
22255 27746
3346 14487
14183 20746
4550 8285
1771 2539
15402 21304
16957 19028
11298 24418
13601 26893
15904 17048
4278 8795
7698 16296
944 24736
11417 26504
1606 17479
3059 7956
11133 18458
8307 9864
19183 25283
3300 8536
13491 26171
8012 16401
10927 24201
21813 22099
4216 6159
17232 20572
9011 26956
6779 7031
9616 21291
21149 26341
7412 21831
4029 13195
15022 25402
15641 25614
9710 10317
3475 20400
12737 19140
10935 21057
14206 17446
8143 16331
19853 24122
3780 6221
13186 17654
8965 21448
10935 19639
18049 24244
7905 24836
8398 20273
15713 20558
10453 18127
23585 25294
7428 25108
22257 23549
3743 13241
13450 19900
949 1462
18610 23955
1412 11281
1925 6202
13383 22025
16451 27511
12839 17137
874 25595
16748 18945
16081 27327
5332 6099
12015 26534
13320 16514
2452 2954
3014 10177
2373 17934
11219 13195
759 16888
651 2150
12346 12512
9543 17813
8841 17819
8483 27514
21964 22715
2948 3465
18334 26880
13203 24465
341 11107
1854 17360
11928 22232
5210 25564
10512 23254
4585 10429
1364 11312
2689 20647
3428 10840
14744 18560
7595 22040
12994 27248
3872 22254
13348 22966
8673 11929
1273 27559
14891 27796
15442 21438
18837 27585
5623 23830
1937 4043
8408 19495
21449 22254
8709 22259
3742 24372
9367 10747
2012 26358
622 18540
17837 25525
16396 19261
976 3974
11193 18361
1753 8935
20982 27946
11783 14456
1850 16071
2269 5913
16362 20046
2015 3622
16504 17841
10475 17760
12149 18862
4194 14916
1475 10887
12139 18351
4287 22691
10508 10941
1501 4587
5089 18160
4210 15391
3147 3275
7985 26775
4145 7517
3126 26634
5623 23467
5943 10358
2587 7103
13725 19705
10093 20633
1056 26774
6568 25848
16984 23884
14430 15762
8789 11322
20876 27788
14104 17507
12801 19473
7923 28250
14407 17305
3769 13724
21231 27831
1371 3826
20366 21562
5874 19068
7120 11301
495 27596
10800 23469
34 20689
23361 24455
17880 19524
6825 6832
7982 25559
1978 11282
3708 6898
9679 26498
1948 26503
18897 20083
11879 28239
15193 25395
7910 27913
3410 26409
12950 24323
4891 9800
9113 24830
14096 18369
12137 24061
11164 27004
6368 14513
11192 27374
2039 20252
7446 21744
17165 25067
18214 28278
16479 22046
3872 4623
22095 22363
12956 17263
6061 21318
10731 22214
5784 25650
11093 19750
1181 23716
3741 7347
6511 22591
9281 12397
991 21067
4892 27004
8788 26627
8055 27550
7511 13542
18308 18834
21207 27494
15308 26659
4603 12725
10076 19801
19892 20554
131 27321
9422 21374
2945 9193
11274 15736
2714 8368
4795 7728
7987 14558
17239 27198
4047 7299
439 21264
9553 10352
4198 19699
7469 19041
8767 22785
2929 16642
15554 24774
3790 12193
12754 24608
101 1689
531 10615
14160 26888
21950 27301
924 8090
3790 21710
25634 26927
6430 24073
14024 24057
5932 19139
12474 24600
23952 26554
319 15822
11594 17562
2664 10119
8423 19686
8096 19494
19445 22411
3265 4287
1755 22575
5358 17214
16682 21326
2040 13613
9616 19230
3808 4212
5909 7948
18458 21305
2325 17990
9399 20476
13252 14895
13737 18312
14264 15547
10737 27530
25330 26953
6615 14427
18520 20041
19443 26635
5055 21727
1527 10973
6270 10200
8309 10385
7945 20173
11556 11821
16766 17220
9404 22031
15147 16674
8064 14437
11953 14998
4493 10839
5960 16344
3758 25006
17289 19783
3191 25008
17935 24042
13416 20935
18824 23845
12194 27121
16901 25169
1858 14258
3140 25755
12137 14862
4291 11042
23836 25332
10876 14445
5574 23175
16763 18583
10114 20953
5844 10326
5466 23597
10003 26580
21768 23273
735 3868
430 10748
1878 4312
14119 24422
4291 7447
1934 10190
16482 16605
7796 20661
8889 25610
9323 11133
4063 19188
12452 27469
3850 12959
14464 25269
11735 21045
1351 13422
1794 9776
18639 24061
11942 21610
16352 20879
12865 15829
319 21424
5371 10859
2788 10935
1223 21692
9923 12881
2471 20034
25247 27131
14067 23166
6708 13597
603 5089
12383 23061
21883 26218
1338 23149
14177 23143
15282 18280
12279 17526
9805 21990
989 14021
16766 26748
10523 26455
8274 20340
1299 3828
289 23372
3540 7772
5992 13789
8841 15141
127 18044
5996 10617
406 11590
514 18945
13564 27841
14233 19491
22437 23275
4218 27499
18771 24238
3128 16823
7290 24774
743 1492
17300 20117
18704 27584
2474 12514
12608 21929
15322 21084
12965 13261
7974 14227
9874 13978
2058 22230
2431 12361
17963 25297
7846 14697
24326 25913
5773 21262
14646 24061
505 9465
12122 22982
22399 24728
10050 18581
7478 8824
23949 25632
2172 25850
247 7031
3951 6390
1462 13985
5430 23764
2303 4361
1609 10876
866 1055
2917 22704
19737 26098
2050 6695
13249 13735
6323 10764
23764 27615
9441 20291
8281 24218
6761 26033
15451 22409
10330 11913
14104 22857
17819 25901
2767 27582
2929 16791
14528 23930
8515 16935
880 17179
8054 17997
20324 27815
187 16742
2708 12092
867 24226
13180 18678
10490 26083
14574 23526
16468 19343
16094 25343
10641 21192
21633 25163
13603 18164
18454 19856
2340 2598
2039 2967
7429 16026
19138 21041
14327 23759
7467 28177
2344 14934
10400 24325
12614 21747
2250 3762
22992 25561
22012 22956
7584 16390
19396 25019
8830 20611
2115 10200
8974 26092
21849 25566
3101 26640
6517 17146
14403 16130
403 9528
7135 20646
7201 27708
15251 27234
5048 26735
3815 9161
4581 25756
634 3555
6272 18847
8014 27971
3993 25680
8003 24406
5989 13018
2691 13154
91 15928
5850 22285
6554 19216
23563 25317
867 15429
9687 20196
11281 18434
4835 28238
10075 16276
9617 27627
396 13303
4535 11030
3215 20095
16313 23644
4648 14958
11987 27260
2619 24638
2305 22639
8971 21462
7881 12155
15387 16083
9443 24127
8039 15730
5371 26005
3206 7463
13424 27867
12078 28150
12965 20640
21438 22040
15182 22254
8437 8739
10052 12567
23722 27911
1748 12091
2368 2619
12927 13810
8567 18922
4110 21653
7423 13329
18668 26053
7386 25962
693 23935
1694 14480
3734 5989
12827 20977
4622 10943
7300 16614
2798 22771
8712 26169
787 22018
468 6809
1230 27868
2782 20633
2505 11060
12052 27949
8657 23415
13025 23377
15996 21617
11386 15133
20313 27042
11006 13041
1970 26984
3110 20167
12492 21138
189 14243
9454 18577
12980 23273
16619 17372
3014 12363
580 15267
132 9819
20541 25046
19271 22228
3505 9988
17604 17916
5540 16386
21191 22156
2154 25185
160 8319
2664 10747
12124 27467
9651 18999
7915 18531
561 17792
7550 15161
1116 18268
11766 20402
8739 9260
7647 10242
23415 27664
8785 21649
18359 26901
1991 5906
5177 14922
11880 26554
4336 22822
8454 26770
11636 24166
21438 22525
505 15376
9086 18950
17191 26497
7597 8391
3336 5916
24905 26200
9933 23815
16210 17422
11185 14101
21619 24679
14023 17902
2116 4902
4180 11240
4570 19611
16496 27156
11483 23822
9590 27795
12214 22322
16379 17061
22644 27087
6787 7160
3152 17951
4833 8869
7826 14438
25813 27050
11336 27279
2605 9400
13419 16862
23797 26628
1727 14753
7477 26781
6879 8750
4546 25245
5520 14012
4218 15364
3421 12043
4541 6923
128 9992
6914 21309
3126 20660
22834 23496
12917 27638
3253 15209
7909 16194
7744 24392
22954 23860
3039 9699
21354 23983
935 2095
14442 15332
19446 27326
21096 21671
2322 5634
348 3955
14955 26260
9782 26253
5603 25912
2692 14654
4507 17404
12257 24122
8825 14462
2721 5751
621 15257
9232 10206
1349 21205
20245 22543
1849 27096
151 12148
3186 6761
14496 22130
14027 15592
4272 25782
1158 5055
15464 28032
12398 18208
17495 18113
6981 18249
7584 25296
1438 25564
8003 11406
241 9105
18318 21387
25814 27689
11479 21080
6402 16987
3621 11484
5488 7361
904 15547
1209 20159
3633 23412
17917 27508
2093 18264
8143 17056
881 24229
735 9391
1688 21345
6940 13343
727 27633
15327 28239
4695 11987
5177 17803
2732 10064
2028 22771
22240 22897
962 2351
6314 25083
17606 25074
1072 10189
8174 24122
11671 21849
5150 7647
6113 12096
9944 21233
25067 27942
574 18547
3736 21719
14244 25214
15225 20330
19614 26480
545 15692
24062 26457
2648 15034
8229 9903
13316 24806
15792 19846
12333 22848
1755 14968
2373 6884
18529 23745
14097 22154
14563 24257
1158 26195
8355 11646
17630 21712
4952 23932
1775 24069
7645 17119
9285 19008
23223 27087
2189 16529
10838 22987
21332 28056
7855 22666
6668 26312
5839 18056
2064 10408
17468 25188
3240 5009
487 23721
3609 9252
4642 21326
21451 26189
12810 15315
4044 16129
2502 7387
18188 23430
7029 17887
1940 23141
20980 24068
3204 20596
62 867
726 24398
13457 22984
11631 25699
6207 24765
441 3341
19525 25301
3439 25796
12745 21892
9408 12959
10115 20313
5978 9053
9808 21445
7578 24122
26446 26724
20616 23074
1669 14631
3367 17845
14228 17763
20996 21296
18505 22783
15663 27689
3126 18504
3287 8554
4732 19978
19992 24785
11450 24675
16114 19014
3228 25250
7583 15377
12554 25945
8470 16509
6215 20406
10542 18976
374 17485
16194 26713
3831 20334
3014 20775
13405 17660
1609 4581
21929 23176
4806 8332
1631 16910
19190 26580
2631 10325
711 5102
3789 4408
7725 16373
3010 14648
5319 11550
25810 26896
4337 22997
23655 24947
15108 23361
12724 17728
12236 18036
16825 20659
1538 7152
8290 25996
5520 13060
6482 15500
15450 16547
16117 22634
15583 21777
5609 21654
11747 13203
11859 23983
12656 20417
2957 26413
4627 27746
8467 11164
8150 13744
23361 27085
2953 7802
12920 24444
446 27175
20605 27162
15829 18755
9795 14380
6179 7835
9429 12924
605 13434
18966 24706
11192 18798
7354 9129
3797 8533
10637 10795
11710 18386
2880 19039
20976 23365
2712 21074
235 5755
5876 23273
12657 25967
18295 19264
1434 10093
11157 13086
13780 20667
9479 14481
8924 11286
428 25449
9054 19219
24425 26061
4614 23470
3420 13317
4246 20991
24082 26770
3828 11473
175 26515
14574 26659
10784 17725
8842 10061
1878 17853
6426 21649
16152 24770
5436 21476
17558 19099
15366 21079
2386 11104
8392 14916
1206 2754
8689 23721
15996 20545
16656 21276
7791 12346
9901 13208
19169 19409
20529 21671
1889 13156
3807 16080
17161 24626
2368 25949
12526 22292
10914 23143
1864 23696
18201 27360
1800 5390
6264 21148
5504 11235
11551 18027
10888 24405
4609 7760
3860 23834
18736 21849
980 2996
11674 17791
15233 22516
10767 11072
10054 20313
9487 12954
7166 21353
7375 27221
8463 16362
14355 16679
9109 21934
1047 27909
3406 8802
3265 24630
16900 17397
6226 13472
14140 14961
683 25331
8917 22835
2894 16470
11565 21315
6915 8550
3234 24923
10623 26232
9423 18697
10708 26248
4671 18526
1878 24068
2740 12924
2712 17249
635 24069
7783 26582
4146 21028
7166 23298
14499 20612
21950 24148
10060 17561
3401 17574
8946 13714
865 12205
15295 25433
8133 15220
17414 20801
3970 14257
9899 21716
10341 15297
6932 7140
13901 20289
11989 26126
14384 26753
6693 8863
17804 20747
3572 20914
11637 15906
3139 16962
4101 22471
8059 18040
1516 16718
27020 27214
9528 26147
12483 17070
4142 23437
3575 18334
16942 18331
1419 10145
2369 3957
7396 22651
4354 16662
19502 26429
10559 11746
5211 11326
1050 24355
10279 25083
19127 24957
5670 13249
1754 27125
10282 12900
8057 10532
10573 22588
5353 12533
11542 24448
13482 20408
11142 22230
8253 12273
3121 15682
9747 15727
11496 27164
5332 16683
6726 14226
1335 6703
8291 24539
635 7414
26055 26376
6578 14103
6878 12793
2270 14748
1767 15558
14335 21789
5434 26737
514 4325
4226 18436
18906 23665
6832 24407
10965 19174
4937 19105
5403 17905
2389 23811
828 24104
12084 18667
21476 22537
10002 27015
4284 14552
3874 22120
11474 11484
2748 4468
14606 19950
11366 12529
4642 24764
6982 16588
23915 27837
7793 24444
4477 8208
6013 14276
25287 25405
10425 16986
10286 21512
3446 21075
6533 21886
9927 22080
25036 28011
19857 27758
24069 24616
19134 20558
4954 5042
10026 19524
8677 23400
16207 27861
9552 19845
23271 23789
10195 18082
19459 19500
6881 24904
10522 15111
8511 22376
7915 11090
6156 13412
7827 26737
364 2427
11017 18355
10756 13661
8889 24061
16806 21609
11169 25959
1815 18945
10511 22878
1451 15790
13468 19813
24454 24663
10121 21861
5862 6278
9127 19351
307 23548
15672 16276
3306 19153
11393 23146
7725 9358
8670 21673
1234 19730
5380 25068
11989 26784
13313 25559
2554 17718
5071 15233
21746 25283
7019 20504
16194 16253
2242 9985
1318 17198
1644 19630
2831 4612
6536 14445
17586 20472
9253 27259
7676 16794
15988 24706
765 6104
18700 25009
1214 10407
5944 7355
4700 18884
745 16923
6680 14513
8388 12924
8772 23408
1106 23623
717 6340
1070 18233
19351 28175
8365 11269
12568 27744
14974 22897
10668 23233
448 25399
1556 10050
8059 25237
10234 13159
21481 21919
2748 13282
20876 21456
14489 17757
4367 27418
15008 28238
1621 21815
1364 21984
25247 26926
406 19952
691 13980
2770 26503
2518 27790
8209 14276
1613 11134
2232 9028
533 24122
1181 17729
1381 8925
8065 11712
3902 23159
14017 26591
13091 25748
4123 11455
9214 20114
5636 25157
1133 22892
681 5665
2664 12727
2364 24613
2448 22227
4026 5033
7610 9882
4386 19863
581 3900
8331 27368
6746 20286
21277 26053
2740 13046
14129 21987
11151 14736
5836 23296
6076 18538
13428 27885
3711 24824
9871 22646
12105 16979
693 22454
19421 20980
16629 24415
20758 23143
10581 17198
21152 26466
1056 18560
7960 9863
20661 25212
3353 25094
13924 16683
7986 8863
5041 7746
3638 21829
10643 20035
7595 26413
22924 24836
1140 17755
17524 28163
973 16026
11255 22536
22105 22218
9215 9416
5641 21293
22056 25012
8740 25317
13166 18272
3582 3862
4581 23450
558 6830
23143 27117
4391 11009
380 19584
11023 16701
2311 6462
2226 24580
3039 23310
11975 22543
17114 24869
11687 15221
12169 18262
10813 22827
10672 17507
8715 19566
4167 22651
12836 20948
9089 21416
6914 23891
10579 25251
16031 24051
8065 24631
12153 27332
13465 13476
17524 18541
14539 17412
1056 26303
23577 26147
4791 17253
205 7838
10287 23422
11465 12324
22675 23325
626 4976
1225 15182
24217 26871
6848 18678
17671 23237
396 26587
2190 20002
20419 26017
7695 16694
7707 24843
25876 26187
3753 7647
15480 22425
7820 9553
3263 8185
19846 22143
13804 13851
19482 27913
18369 25433
11657 27499
8781 13091
1936 12314
4625 28239
23759 25708
7987 23136
21426 24251
12993 18128
1746 9525
4101 23254
12484 17044
2986 12726
14962 16629
782 13512
8290 8437
669 19924
67 9569
7596 10154
16276 18690
5888 20337
15612 16727
910 11638
14703 25680
12385 18479
3212 22638
12581 19612
4824 27673
1659 9970
11304 17534
10114 21798
19335 25158
22746 23710
11064 18518
18993 20554
6848 12852
19477 22190
2880 12270
14971 20302
6255 6705
22043 22178
2598 6994
11121 19800
10547 23537
24739 26085
4468 26134
2154 10471
4789 25414
86 6821
838 5069
2474 11592
1031 11059
6506 7632
2748 8285
14541 25699
11804 15141
6059 25877
4325 5378
3648 25130
1008 5943
9410 23152
8931 9821
15561 25696
16180 17898
12650 23929
7832 14642
24240 26591
7052 23111
16495 26773
7205 8818
4085 18541
18505 20142
2494 19948
4218 5336
16446 24147
7073 25214
2929 18548
10845 15705
12924 12954
6728 19154
16603 23706
16823 22200
2170 2565
5832 5940
6972 12193
12346 16694
9549 10372
321 15370
1482 22832
8249 16111
16509 21079
7835 21828
21637 24145
8230 13438
12965 14926
8716 27350
16914 27867
5867 18962
24158 27228
21818 23886
11710 25278
253 28157
768 24374
8905 11212
2677 5614
16425 16748
14010 24825
1884 21968
2624 6780
8192 21240
8223 17937
23015 25336
7154 16460
15945 22261
10359 12155
13779 13888
1817 8108
22160 24846
10971 25828
8244 14471
3422 8151
6959 10962
7236 27074
8565 22660
10698 10971
16922 27584
10618 21061
16473 21862
9737 18211
8924 24244
12090 28211
2210 22984
6819 26404
616 7813
7144 9901
19330 26269
15325 27898
4632 27883
19845 25221
609 11580
14410 22263
867 18591
22726 25865
6492 14834
5094 13889
8270 25035
5949 20066
1199 5850
3708 26929
15743 20782
10185 16915
14461 24099
8522 19428
10736 22988
12593 12698
9851 24371
11562 24406
3021 13669
16581 17446
3201 6589
2303 9590
9183 27192
5776 6065
10714 14845
15141 17499
20 11214
20410 21131
4636 8924
7280 14539
8306 8730
9923 17562
25998 28255
3810 8718
10603 27977
8103 19546
3970 19477
3819 8465
14872 21760
7029 12601
9671 25250
7741 24158
533 1435
4693 16386
3880 5965
12067 16749
3863 19008
12688 12759
17559 27867
4979 13718
12380 23134
2484 17432
1434 25349
3686 22007
21881 25406
1614 16036
9061 24682
5463 13442
6693 7828
1828 24297
3580 4455
19510 19598
8043 16185
17527 19610
5767 13832
334 13038
5606 26832
3406 11518
5339 14342
9699 22919
20946 28217
4797 7900
9038 10055
15041 15607
1753 6451
10303 19818
1744 16276
7473 25229
13207 20365
23626 23722
24923 26507
4806 22017
17138 23932
2607 14489
10959 21000
20833 24324
15108 15141
9180 16109
8536 9516
3366 8157
7925 17105
16739 21289
6342 17914
922 8148
11444 20667
19789 23993
13885 15409
7763 12055
5984 7011
3399 25245
1023 8775
5989 16922
4265 5384
15450 22981
15530 16821
2824 3846
1596 2727
2005 20998
1890 8619
11010 25294
1701 11286
582 1750
14439 20370
3463 10619
12536 16300
11073 12155
3241 11260
256 18423
5038 22065
2557 18658
860 10128
19510 22021
8062 25287
7328 9301
5994 12442
13984 24415
12715 24453
10647 21849
6227 6698
7746 20031
11580 20682
8148 12680
9232 15173
2703 4581
9988 14098
1113 9419
11188 26866
3729 25285
4061 9252
14547 17771
12962 16152
10071 21623
16452 17442
12356 25085
16230 20633
8692 12649
17438 26120
14101 19583
19686 20757
6824 21633
15868 22379
18841 21968
12028 17479
13847 14033
14301 25617
9710 13383
25344 27671
833 20615
8022 23253
2248 18477
4166 22240
65 20480
14954 20430
3286 23669
836 10887
17563 20201
1140 25397
19896 20245
1171 9268
16679 21849
1830 2386
5893 18521
2037 26006
2111 5440
13472 14665
3805 13341
11857 21758
2530 15531
7643 25560
4368 23390
3624 13264
1545 8640
1962 26993
20278 21811
2015 9086
12145 14129
10298 17804
10282 17507
4414 25110
21000 24068
3121 25830
15600 18381
7262 27375
18402 18489
8660 26597
1162 4386
8718 12846
3779 25165
935 2766
16527 18673
609 5287
341 5756
3640 21068
7820 23298
12436 12640
20743 21849
15511 27923
21727 22457
9803 24395
10082 18251
2455 14193
21616 23377
1398 7744
9228 27778
7832 27578
10588 20020
7442 8251
12090 17067
10284 18827
8499 26497
16794 17799
19289 25272
2438 10347
15147 17397
14383 24487
11444 22734
3401 15056
16955 18885
13149 25050
7250 10238
2179 4959
7916 10399
18300 27627
1199 20400
1559 8018
2469 3323
8308 21563
8110 20767
16142 21497
1009 18761
18286 21294
7600 8391
4214 14040
15666 16630
8057 19482
3534 13436
8469 15357
9805 25238
1234 11908
1878 21359
9226 21925
10963 13257
1113 23456
1 24342
1925 17797
1045 14358
13495 14104
828 20841
8040 20974
220 24263
16633 23954
10326 13897
6794 25598
47 10114
3835 26074
19086 27569
10816 26929
8292 25646
1178 17089
10191 12555
10592 22317
152 25059
2967 9264
1159 8707
16152 16767
1034 14456
327 10815
13682 22202
10662 18625
8048 9319
10971 23553
2338 7399
10303 12023
1122 3065
13542 23608
16781 26510
17590 22416
9084 19481
6013 6937
17714 26725
18219 26400
24801 28208
4721 11113
13272 25321
1833 20376
4868 19277
14771 19219
3975 25009
15332 22687
664 14724
17209 27325
9137 23799
6877 15053
12236 24662
21151 21438
578 1565
17760 23243
15529 26243
12175 12634
21267 23106
17403 24636
1382 13504
1600 4524
14 1030
19419 25509
13276 19099
6390 15111
1725 28186
4094 27828
18930 27150
2929 2962
24105 25995
10800 11449
12424 19852
10042 22448
583 25349
8884 18804
11133 23250
11866 13029
10942 17962
14517 17484
8737 22651
8613 27352
11553 26808
1496 13270
5876 10294
3098 8376
9595 23209
1653 8280
12404 16349
3635 18984
7870 13023
448 2785
3441 22853
825 15498
20789 26084
4999 14724
4914 16968
14390 18251
7451 19619
3944 24783
3512 15639
1142 4448
15693 23664
4442 21094
3850 20384
11416 19140
7895 20778
17480 23236
9587 17308
5359 21000
4600 18533
7915 18286
4632 17530
3846 19748
9416 10998
5055 12073
13212 22551
3734 13360
7508 8624
4178 12282
3002 6490
4784 14769
11727 17501
8370 11093
4671 24551
19562 23597
1613 25524
11218 24104
2874 24438
4341 16317
13745 24900
439 5340
199 22182
1078 21704
15376 22913
334 3167
15906 22309
3422 23692
8469 11718
10484 15429
10871 24062
19343 25902
1410 4123
11868 26136
3317 12242
3622 23608
23619 26471
12368 22885
235 24509
4603 23196
4646 25735
7828 25366
15986 16489
3802 16276
3804 20854
10971 19153
2212 10777
5344 26110
8289 23794
15425 25838
15383 19186
5071 13956
5395 22606
348 26597
10935 26764
9961 18927
1936 9078
4085 21582
1434 14361
5150 22664
14675 15286
14032 16331
23524 25959
2028 8493
6270 12913
2618 17017
7323 20528
1114 10023
17235 20247
13888 16905
14555 26702
1655 11125
3858 9492
10391 11878
8620 17568
523 581
10508 24823
7489 7523
17251 24049
1 2211
16720 24561
7058 12854
1266 14998
497 17785
1471 11519
20064 22241
13289 21026
12999 17098
606 12286
20609 27762
14070 16904
11458 19448
21773 25228
15377 24127
2901 10703
2598 9590
14429 24000
12356 21185
3665 6717
5978 20437
1990 8730
2547 13934
12385 15617
7947 17075
495 27563
17150 18994
8963 18521
183 16923
21421 24085
6848 23932
18036 26048
8352 26061
6865 17756
7783 27509
14057 14568
1026 25116
7144 22688
17186 20904
11087 12357
7997 13391
3434 13054
9524 16904
4595 25893
4101 4689
4646 24823
1779 28028
693 15913
1311 19246
1242 18257
8850 25083
7150 8511
12672 26057
2003 27889
7413 13454
6345 16488
3762 14407
19775 24006
24104 26554
20113 20826
2358 3709
22829 25294
8135 23934
11185 16196
15286 27795
2466 21355
12169 22335
8075 13620
3889 14672
2646 6099
12830 16627
18776 23994
4201 13292
7398 27924
10876 11080
7441 8921
11880 18498
1750 10859
7429 22149
2093 9991
21796 28042
3708 4179
18199 22843
10709 26633
843 16955
9360 23534
3898 14971
19990 20855
17802 18457
7373 12081
19671 19857
4718 4813
11876 15508
1635 2387
18306 24299
2596 19101
6541 14679
10691 12772
13291 27382
12321 25604
1273 13198
21886 26753
17739 24032
21225 22453
3389 24330
14499 20481
731 5520
19894 21202
18004 19810
10200 17713
2092 23521
3127 22913
2671 22479
865 26058
16600 22897
251 15178
11535 21688
4894 10784
9523 10561
6576 18594
7333 23178
5890 13058
12089 13601
1511 8971
3864 12214
17717 20490
1302 15734
9012 11701
5895 22200
30 18133
10024 27365
6127 7549
1900 14771
2298 11280
19857 20498
2617 19669
2670 13987
15934 20122
193 1335
15450 19373
15235 19982
2015 7301
4414 24062
4253 7009
8083 17813
619 10293
19385 22549
6478 15558
11688 19621
8291 22901
439 1700
7362 8177
288 3708
3169 3424
2132 2369
23983 24104
2906 21404
10799 13744
5767 13928
4073 24062
11216 13970
10216 21545
1932 4439
6605 11867
18871 19842
10794 21610
12793 17108
421 19383
2170 5359
1836 27952
1023 4012
2759 21798
9275 22450
10370 18830
12882 28271
4556 25986
20388 27161
8789 14131
14564 17676
8209 19710
20408 24467
3810 5702
8685 18861
18176 22378
11080 18134
16424 23950
12041 16791
21741 25438
18850 27248
9699 18938
1635 20754
14364 18592
6517 7477
15161 21312
17941 25685
17489 27221
15648 27045
2934 17335
6573 20765
4623 14253
14200 23651
13208 17165
19491 24122
22309 26613
11295 26137
11041 27684
3467 6737
5986 10127
19683 23518
10584 24904
2635 17263
2539 5413
5246 12517
17456 25453
1505 24116
11637 18208
2867 20653
660 5989
8003 19457
12939 15179
3651 3970
13203 27989
5659 25064
22264 23267
2130 2520
17022 21719
6077 9896
1401 25294
1543 24390
7297 21079
1948 2957
16928 20629
1208 24897
10626 20394
17373 28278
8069 20646
867 13186
11866 18581
11441 17203
13614 18729
12304 22403
6147 18572
9837 26605
6594 8770
17422 20544
10714 25468
11112 12922
25518 26017
2667 21049
9236 27172
2379 11995
8220 19750
1105 27352
400 16277
418 20102
4643 14168
12510 16223
22635 22763
11311 18775
1851 8501
23332 23731
2708 27129
7533 10874
825 15090
8372 20804
22304 23066
19878 22001
20162 22871
2942 19916
21172 24539
5588 22324
3884 13389
11987 25464
6972 17905
23707 27752
22001 24782
2396 23722
21070 23643
1576 8692
9795 24351
2351 17496
6232 20233
1144 6936
12411 21120
1864 7288
15047 23361
16194 23836
14006 26890
691 27517
8669 22016
19933 28208
1604 2986
7804 21904
3954 14298
22871 24756
21026 21409
1324 18521
5477 20849
12629 27899
1430 21291
2120 13074
5379 23866
4893 13139
22265 23094
13271 14270
12459 17331
11746 22871
13472 16582
416 16718
23377 28119
8787 15893
2545 13857
12469 25630
10399 18971
12160 18641
18624 22769
5485 8353
3231 10325
15692 25225
19140 22925
6239 22153
9599 10328
4665 17992
15985 19704
16401 19639
1536 26612
2030 7688
10834 21701
13243 23910
19433 26344
12521 16979
7002 27530
640 15327
22349 23476
14364 15498
15840 20461
7742 8169
24861 26510
8081 9521
1870 20723
3258 5832
7948 12363
19006 25392
8927 9963
17667 28194
6705 20081
1962 21577
6432 22923
8392 20754
10916 17522
18553 25564
1575 4979
8717 20046
2454 4880
5651 7231
4328 25155
15011 15840
1434 2148
11729 16998
6940 20337
10839 14791
19308 21052
20943 23653
9731 17727
1223 22871
2985 12025
17073 17568
7950 15561
14599 27857
6007 20758
8500 12697
1067 8496
2137 25194
3881 23392
16369 24326
11927 26928
3751 5275
1755 27706
12309 16422
4110 24098
14703 25810
14060 21673
15836 15911
12309 17915
3598 7195
12945 20063
14662 18845
19602 21671
5161 27868
13059 27356
16870 20276
4896 23891
11177 11832
769 12011
14228 27914
8970 27746
3927 4969
2801 10647
2 26177
8767 10963
1015 22734
12252 17554
583 7987
1343 20367
13616 23608
1142 8364
9072 12062
6355 26473
358 16202
2715 15870
4711 17354
2709 3452
25525 26400
12266 14671
16619 20370
473 16679
15920 18425
16954 20224
14487 27726
5815 9563
8248 25817
9454 17534
10336 17516
609 23932
7713 12516
3712 22611
17637 18945
523 17060
17377 26899
18704 23764
15634 20880
7290 13127
11032 11237
12189 14819
683 12399
3244 12282
18451 24908
4766 17526
8886 15562
4952 18679
4101 24136
9928 13690
14666 15957
2470 21987
11020 18226
17412 18348
7461 17146
3469 16735
14022 28068
22912 23990
21353 23749
261 14002
7558 25209
13912 21101
21944 27719
16331 24938
14363 14548
3300 4595
1018 26829
2858 15998
9969 18507
16460 19480
5864 21635
17443 18287
6809 22786
3344 4995
12109 22487
3432 8823
6198 9683
4750 8368
14555 23802
1902 19061
7202 24820
62 12869
5055 24610
8160 22851
2933 4826
10008 11825
1843 21981
2118 3236
5139 8162
11412 19309
21369 25206
14759 14820
16187 20797
48 21730
2186 27913
12808 19827
8706 18415
19819 26686
11802 12902
13185 13440
12291 18808
9716 16249
8937 24861
8502 9369
17177 26717
16667 21506
20797 26908
16896 24053
2980 11916
14657 25357
7141 11253
10309 17530
2547 23241
57 12511
5190 25039
9452 25330
4645 12139
2886 23695
12929 19548
7818 13485
13970 23111
17877 18386
188 24083
457 7473
5355 7802
3810 27074
7910 22240
13777 20405
7969 26204
9639 21270
15672 17453
1871 13688
3715 16276
18952 25182
19853 23932
8151 27508
16238 23488
8192 9641
24364 26784
21505 26116
9629 17028
2708 19691
257 12228
14342 22985
2172 26478
16999 25241
7038 16997
8576 21175
989 23383
15727 23890
49 15312
16401 17914
2486 23703
6157 15868
3354 11628
10158 11059
3743 5821
9524 13957
7258 19200
24 21525
564 23243
346 27745
4749 20178
1440 28141
7707 13235
15549 25735
6555 12385
3734 23128
3940 5867
1321 13078
9438 13346
7360 7945
9050 11724
12069 20108
16478 27541
16644 21883
2452 12244
20816 27579
3000 11342
9084 24241
1067 20973
13393 13744
6789 11378
9339 25887
9710 10716
19392 22997
8880 15749
16683 21990
10184 25773
5982 15798
7920 10708
4307 6843
9189 13809
8750 28245
2273 9438
24616 27830
8363 20910
11261 13574
12194 19643
3296 16490
9699 22331
10242 28111
2940 5609
7496 20616
3010 6085
2954 6940
5437 7549
9281 9569
1092 23273
18417 19130
12049 22664
997 4029
7881 14369
7194 17129
2373 3421
193 27821
16457 19147
2189 19369
18782 19779
183 4603
4519 15789
18406 26327
19733 21889
6127 24783
5712 5836
9226 15286
369 1435
17513 20622
759 19496
6960 19230
3599 13222
3997 13227
19562 22607
7392 26131
10511 20913
8959 9749
12023 19210
2351 12429
1767 15027
5906 26976
7364 22462
22241 25028
5735 25651
2527 10334
17239 24095
1421 20943
11692 19140
1622 11363
20582 23722
12860 23963
5166 25433
852 5354
9226 23474
7469 20758
3609 27382
3518 21139
3167 27190
23777 25012
8547 27914
10050 19425
17735 18591
4291 12529
9858 10990
2022 17593
10230 24062
23310 27129
11800 13698
6535 11439
6903 18136
7213 19262
7091 14674
1225 22882
14104 23016
681 15442
4505 17527
11080 18894
10224 10377
8649 22290
13838 24362
8995 15251
9535 17519
5348 17746
12368 17456
6495 20222
9404 24754
7653 26709
16937 23143
4693 19548
16173 27811
7480 25517
22323 26584
1071 17543
2206 14641
4543 24610
7183 18374
2989 16991
21742 24187
12612 21446
18321 22650
22140 25603
13362 22546
6355 20545
8596 21060
5415 9601
1399 13168
14941 23340
8720 18001
5062 17742
9012 18319
6317 26659
3385 15561
23866 27976
18175 26718
867 28049
396 22296
25104 26061
9065 13345
1430 26244
13203 25834
14662 25229
16536 25279
6636 9908
7307 21257
10652 22871
8388 14491
8363 12416
10216 21878
4857 5485
7443 20167
5149 12646
13429 26172
11080 19565
5273 18644
8893 21643
6239 19548
19169 25788
1477 8509
17234 26053
9821 26505
8685 12452
2111 7311
13515 19717
18679 26212
19647 23500
1645 18561
15732 18181
1049 14344
17043 22540
850 6669
6489 25555
2348 13154
3944 7839
16038 24955
17484 20570
13557 18448
1358 17507
11496 26699
23267 24763
22735 22789
6699 25348
13827 15670
3806 6363
4066 24611
8151 15282
18115 25468
1421 15428
26142 26367
21325 26811
16124 16910
19837 23243
3624 13468
2707 16192
1998 17486
23070 27867
4643 16666
9038 14909
2520 20875
4489 11113
1 11290
17377 23260
6932 13951
21798 22066
1767 10792
17941 21391
6573 7475
7061 14393
4949 22871
16931 26753
3593 11635
11250 22325
16094 18658
17209 28201
10670 15610
20338 22521
12678 16968
11521 25547
12888 25034
7442 15952
1068 14033
12444 21727
6143 11035
448 1331
20023 22418
6463 9702
2283 25453
6897 17980
1278 8271
18620 25081
21212 25564
12506 16696
3604 7160
9615 25758
21855 25647
8880 10023
13137 22238
8876 9295
9610 25157
3156 9127
14947 26222
8140 17621
4379 12918
13091 27119
3622 7758
22761 25162
6350 6888
18230 28136
131 16850
4732 27326
21257 26753
4244 10066
9933 22782
13193 22226
8236 23115
11712 25720
13328 21029
1074 22388
396 26960
19780 22425
478 21401
3585 9822
16131 17124
2329 20605
14922 17966
2870 12278
1275 27314
5042 23012
18429 22977
20640 28094
8462 15440
3269 25306
1077 15927
1681 18645
17014 20008
14807 16276
422 6972
15064 18319
17263 23983
758 4089
15251 18024
13282 22355
8373 27188
4939 22416
21172 24914
20430 24999
25629 26209
5857 24451
1878 4050
5327 26413
16856 20831
6759 25919
5685 17531
6305 7685
1538 4620
2105 8162
11430 20308
7949 18621
17667 24638
11254 23265
4103 11504
13876 25607
12039 24284
10070 22130
15250 24061
7494 21853
14974 23061
9963 20369
4393 16170
8649 17423
1497 22558
3744 12818
7643 8105
9361 13025
11633 18128
14576 20310
20985 25653
15949 22735
12309 23074
3746 19768
15762 25145
676 19619
8906 25440
13700 21438
2759 14106
782 17604
16465 18032
6516 21883
3287 10970
2585 26401
1475 10027
14095 25974
11808 18921
2485 21444
21038 21268
7290 24057
4600 14971
3700 7405
10767 16083
6970 25986
25172 25646
9924 13222
14511 26281
1651 20197
8290 19817
4949 23372
3788 23015
6321 8675
5440 23062
12954 18479
2373 4318
2199 21296
745 15321
22698 25046
8577 19580
8806 27458
872 20055
4409 6151
4952 12356
1271 16983
2094 11785
382 4081
11755 24952
1944 13141
9638 19326
23997 27817
7325 24148
1328 1574
1508 1516
2764 14378
1434 2527
15112 22227
1208 22464
12536 15242
7456 16212
1629 20054
3734 19503
1925 26633
16457 22196
565 27373
5024 18627
18529 25796
6334 25012
7826 24968
2088 9899
1878 10839
8730 13001
15682 18296
16802 21366
12291 21026
23319 25735
9702 21692
11809 24854
15967 22352
4218 5883
14767 15064
16597 27034
2929 15163
14657 23469
731 7390
13085 21275
6198 24539
6848 17847
15792 19869
12657 19601
2157 25272
18046 19056
9973 11786
5063 27811
8640 27585
3080 22079
16246 18920
3585 8391
2995 14738
8441 16299
9019 23016
2124 27221
5573 9396
5893 14723
13385 25064
12090 14835
9951 23576
10008 22761
983 20714
7282 28039
1178 10321
19987 26437
4056 8471
7523 11010
2761 6857
22976 26717
15913 20017
10616 19990
8972 28123
13815 18870
396 12064
14402 27198
6116 7846
16920 25563
8581 22183
4524 19813
10937 13810
7541 23372
11281 15600
2368 10264
6426 18206
2787 18702
1686 8931
11998 19408
5206 24406
1390 7982
14567 27424
12291 19994
597 11809
5967 25658
15668 26027
10080 18823
7378 28010
8558 16271
3162 14771
2034 12606
12123 13913
17455 21766
5738 18894
3848 7194
14997 21646
20064 20963
2093 11439
21034 22012
11712 24596
22632 23366
4009 9441
11831 20664
8478 9811
18660 26731
13046 22768
3008 7551
12412 23162
7440 14555
2518 5620
3753 12754
14242 21473
2957 18679
5093 20390
25008 27594
7743 10310
3779 12195
1435 6309
833 7411
13431 26048
7758 11039
1744 22900
1308 27347
9086 17214
6346 25101
2820 26283
14464 15365
13101 28099
396 6906
13609 23463
3566 7610
20480 27117
24251 27751
4201 23653
3651 4035
16112 27867
1462 25651
4329 13396
2373 5271
2611 14023
581 11953
6189 22028
10692 15646
5386 15519
18605 24131
10830 21761
5190 16047
1035 27701
4328 6239
10090 20695
15955 20314
16118 17395
3068 17498
18189 27790
16843 25472
20361 23026
4097 9466
5579 12110
3006 18553
8754 16480
20258 21149
8657 20757
3780 23788
6004 23363
17265 17734
7716 19172
12952 18430
18404 23625
10916 13549
18816 21971
2475 13870
13910 17787
624 19061
13171 17593
17426 18700
1066 26593
12957 13910
5377 8177
14082 25653
3354 26931
2132 19704
4539 23553
6201 19053
8075 19804
4316 8956
2213 10390
15284 20758
6402 14464
5178 26946
11692 19482
22273 27173
4043 6233
7535 9038
17025 20992
1 22673
1072 8983
21563 24885
18745 21883
7109 15063
7175 16463
7997 23422
600 14273
18905 22292
77 102
10319 17084
9496 26690
11666 17035
1278 18578
5275 16972
20749 21746
5570 17782
5150 12321
8356 26497
1742 13970
26429 27042
1689 21226
4548 23932
14536 18457
797 15814
3275 5665
5978 15701
4132 8497
8082 19008
1804 9073
13772 27743
14603 20570
7192 17432
15031 25445
24787 25670
10406 19470
12602 12851
6508 13113
2503 6426
22365 25652
2709 27867
1692 11657
6472 18883
5430 27058
12295 15336
10118 12164
481 20527
5832 17674
5631 18911
160 11484
18704 24371
5638 24191
15645 19710
12358 14550
4685 8498
1447 17357
248 25368
3881 9993
4072 19419
14519 18758
11820 14821
1054 10500
5284 22457
4477 16253
14620 22178
867 22968
17893 20788
1103 17089
8692 26113
18593 27912
3162 7362
17316 22488
7342 18521
1213 2379
10854 11128
106 11080
8797 20733
13166 19008
19380 22752
2146 26985
4031 15409
1840 15985
10592 26681
6023 7179
3287 21673
173 17052
755 10284
4878 9205
5565 20098
15377 15531
11199 24405
1672 26201
19918 27990
9528 15900
3724 7737
933 9154
1715 13328
21476 25037
5312 8717
1779 17757
11166 25894
10674 21369
24040 24569
134 2710
7534 10612
22687 26104
9361 22296
16720 26094
15779 18070
18603 27466
18679 19494
1925 17057
18696 25067
15762 16860
229 5961
13359 27155
1559 1878
2003 20805
3718 13134
9759 16636
13784 17958
6751 17471
10093 20016
3585 27311
2518 18618
23399 28056
5470 6186
4574 25399
10961 15296
8528 14607
7678 9327
11722 27257
11295 16253
4140 21609
2126 26594
8293 26710
14912 25500
9213 17408
11880 17657
11417 25579
2003 24898
4216 10614
5832 5911
396 5408
7141 12752
2389 24783
26464 27761
17931 23490
804 11479
4260 20085
5028 27206
15205 23303
10741 17747
1412 25432
13155 19185
5210 20532
6489 23157
14129 21115
11005 11128
391 864
16232 16521
1604 24122
4247 25901
12979 14076
4498 18959
3802 7188
17617 18963
3794 4717
8246 18280
12423 18846
10399 19811
16983 19944
1851 9086
4159 11192
12121 14633
12619 19976
5366 14209
8920 13261
3322 20062
15968 20162
11657 25321
24753 28044
1609 25368
23656 26322
7147 28255
6930 13875
10815 25780
334 11045
3172 19337
4714 24864
15377 19861
7225 15815
8486 17865
2760 4415
9904 25204
12501 19504
12792 18920
4396 18492
6793 16770
3275 19964
14464 17284
3410 23345
1209 11250
8974 19948
8799 14467
10352 24049
1230 7820
3323 18704
3781 9406
11722 18311
3574 3729
2118 23296
948 12218
6875 19539
3966 21823
1643 27527
3997 23524
1056 19140
3665 21945
479 3126
5626 23688
4720 15659
11584 21477
16434 25163
5680 26418
11003 20528
5161 25295
6736 22267
20841 25428
18445 20556
4528 17263
1900 8385
13827 23648
6605 22440
19552 26232
18368 25956
438 24789
8586 12413
7120 23829
2955 24290
4237 18449
4149 9771
19956 23637
7465 16788
10008 26476
5107 5609
16194 24062
14670 27514
1197 26854
10757 25066
2984 17587
1592 2572
8097 9144
23060 25737
2980 18441
1851 18521
13823 28257
12512 25520
1559 2399
2611 17630
25230 26735
5325 19169
14456 25274
16315 25735
6196 23499
2337 9708
7881 24980
15286 17505
20096 27276
11266 19971
16742 21919
8974 18619
8271 17348
3455 7571
15141 27016
8915 13920
8676 8817
8057 12091
7950 16957
10316 24074
1864 5151
2696 13237
9524 16150
7755 20233
2665 11145
15877 17973
9500 25638
10920 23553
4967 6728
17880 18984
6801 14959
17904 22507
13456 17906
8454 24099
2925 24789
18604 27669
14400 23615
8384 24589
3483 11993
4442 19964
578 6620
8864 17803
18295 21834
13475 17465
1831 27202
8313 25150
3287 22895
10855 18146
4802 14092
10417 18943
1113 22191
7929 24481
595 20535
1970 2096
24904 27326
3804 5594
10747 14622
1955 6110
11218 20627
13695 14481
3853 14308
15664 20816
6794 14740
1514 10326
11424 27844
2129 24689
11576 12822
8123 16194
4966 11312
8364 13419
11945 18920
12433 23222
9226 11975
6432 6920
12826 22542
14384 21886
16910 23860
9988 24990
13595 24681
12282 16964
4323 8096
12296 25368
5979 26663
10612 24610
5450 7158
18921 21162
19393 26531
7002 25059
1370 27871
12584 22925
11059 16012
6928 8670
10813 21491
23400 24600
23143 25783
20258 27087
8884 25638
19033 20727
2598 12722
12538 18449
15812 22712
16694 21886
6572 17630
255 23390
11314 11917
5587 17461
9859 25414
4767 24883
11311 18894
9951 18415
8139 22875
13813 15726
1457 15950
2228 15442
9873 21462
11130 18310
2547 22817
6809 8593
8909 9395
24435 27647
4287 13756
5899 15032
3856 11562
16188 24838
9965 11575
2714 15037
14335 20049
16602 21634
10063 16323
5270 13393
16051 17446
4999 18267
17399 17618
22454 27976
12895 16572
1797 15868
243 8100
3198 16683
1743 27400
10393 23345
11461 19844
20589 21647
15009 28181
534 17984
9804 16048
20103 25509
340 2037
25162 25647
20600 27663
13649 17048
13981 27221
3882 21669
2583 4597
9294 21293
5345 14098
13553 27508
1414 3639
4680 8885
4006 23973
4685 14933
4672 25403
15804 27740
20420 22068
7297 23893
4608 17602
7929 27812
1920 11727
3101 20363
15084 19931
14539 25358
1393 2084
13 25684
5692 20042
20565 20740
874 14107
6198 7623
24298 25353
17146 25405
1275 15442
396 3285
5617 11865
24674 27316
14901 27074
14672 19868
15325 25451
17967 27090
8705 12246
4550 19655
1372 9951
840 5978
8162 25046
2260 8921
1319 12145
5973 17024
18280 19639
6044 26964
18454 22185
2349 2785
17992 27942
5200 8902
3841 10577
2955 11553
942 11263
6009 23422
8015 20145
4338 18059
1670 5669
3819 26641
20053 23102
4044 27349
19156 24061
7171 21908
12374 19744
3265 4422
13278 24616
12978 14470
4436 4646
8615 14895
4563 14795
1142 25810
4974 20734
3496 11022
2489 10086
24169 25658
3900 6760
7701 10842
3872 10935
4807 15696
13038 21407
12722 23143
6457 8011
10456 27969
6590 22657
14798 26322
2170 11251
3961 22112
5829 20578
13142 17941
720 8104
6254 14771
1107 26071
24062 24208
7708 11756
327 23553
11289 20003
2523 15868
3926 22273
22805 27085
4065 16589
23557 23708
17114 26003
6232 17479
341 2483
8603 27578
2396 19712
16238 27657
20687 21886
23219 25529
12169 14832
12250 15094
16429 17349
6618 14791
2550 10541
3530 19535
1650 16842
15941 23930
24690 26879
18631 27125
1274 18735
3409 15772
13362 27617
1896 15233
7512 10952
8075 8194
4295 5561
8920 15659
12956 19576
18876 26908
5329 9702
23598 24869
23210 24048
6298 10859
11987 23267
13362 23857
6454 6625
14513 16430
3147 20222
9669 16356
5476 26200
15493 23690
2038 14417
24586 26784
8536 24491
24996 26098
9482 27144
12581 14160
17303 22763
20092 22423
6767 10286
8246 27795
2892 21671
21665 27247
8685 23282
11997 24825
15561 16079
1795 24415
188 17364
13854 20639
11963 18883
2058 14849
3663 10023
8098 16426
6489 23391
9292 17446
17851 24157
8295 22393
1482 5226
15638 22506
7219 12073
20635 27562
319 24669
1964 20654
7011 21638
4646 15374
11826 14672
4132 12730
1740 27189
12103 22480
9205 14104
17550 24104
4381 23710
6823 27105
14666 20765
3390 12565
12596 16998
14942 22581
15792 18903
13970 16629
22320 24171
5287 18412
9559 16152
12984 26340
10974 20144
23305 23898
16439 20179
23483 26635
12660 25699
12485 16963
6864 9402
11987 15251
5607 6220
3482 6788
9631 13155
19562 24134
9438 26250
17 19507
5170 6695
8784 9884
12412 21018
17149 19153
3915 17479
6875 10399
4009 24576
2645 18348
7373 25121
1332 1939
2172 21397
7264 17201
11589 15091
5695 23849
3967 10495
1672 13227
2387 12287
1878 19993
21362 27143
3946 7643
11207 12369
5353 20909
15302 17889
2850 25753
3828 11411
11370 18042
7013 17763
8466 13383
4552 7407
9649 27676
1435 9405
18717 22379
11472 15630
6069 22184
1193 22379
12617 16087
3477 7491
8317 21341
3214 27676
10436 22984
13117 20299
9025 12811
23932 26312
1622 23361
2605 14635
2433 23880
2722 16425
11452 22130
1008 7977
11300 21708
24472 25263
406 10480
13875 24308
3708 26672
12783 21587
3695 22440
17437 24904
1349 14788
7959 23608
22449 22784
9769 25081
17416 17429
14141 21024
19425 20286
19001 23075
180 12405
14242 20758
7726 15003
3287 10205
10219 17941
16582 27621
3734 17713
15286 23608
6019 12403
19261 25754
12583 17439
9560 26077
7791 25302
12739 16131
6633 26503
463 26364
15950 25835
3674 26061
1095 21976
7471 21291
1489 11214
8385 23336
1780 4142
21919 24570
17737 24795
6536 6888
20400 22285
3789 26384
539 12278
2962 21328
4231 11780
18095 21182
2869 22498
12668 19127
19121 21639
14121 21616
4598 5751
2031 24234
2566 18985
9517 22559
4232 19184
16856 25167
3633 13239
3828 16141
20092 26975
18219 20918
10951 15301
14694 17423
4821 12114
8798 15837
1075 6601
18910 27328
3080 11924
21770 22834
4454 21673
20007 23044
17146 19356
9710 11133
369 23708
1014 28008
4123 19885
18463 25334
6857 14089
259 20586
9349 26421
14544 23447
20053 27954
7965 26683
11703 17999
11295 17003
2657 10951
9889 14381
8841 15228
5793 27821
9012 16906
10800 17857
18679 26312
13494 18974
16603 23029
19029 25887
17527 19111
4653 25838
1159 8478
6493 22200
7472 21438
7447 18373
9536 10407
8345 27908
16888 23198
19672 22872
23537 24829
5053 16957
15164 16979
3619 15835
867 5414
4397 9035
2436 21254
18298 27690
25910 26644
107 8525
4548 5327
18843 21904
1027 18769
5168 27603
10670 18281
3303 4216
8361 22169
953 27175
6190 14471
7442 13504
17017 20414
11746 16430
22514 27782
3856 25336
12800 22588
11216 17097
14803 15251
9949 9989
7196 18819
1392 11100
4135 8088
1794 12839
5392 9419
13 14832
14606 15330
1349 2484
2948 21275
25492 26087
17338 19195
2539 20172
9569 14941
9963 20024
8385 18761
1882 26613
9605 22939
17302 23333
4826 13583
13398 13458
20605 21491
11284 16781
14828 19171
9323 22734
11953 14228
7431 26846
1042 8356
1803 6332
4904 24360
12514 26929
17471 20046
1197 11215
2484 26442
12228 15951
359 9239
18497 28168
13054 16929
15874 16553
6669 7300
10485 22598
18823 20758
5031 11513
15202 25062
4791 4825
19835 24199
3738 22031
2362 9004
5676 21657
303 20171
20633 25276
2085 24136
11490 24082
15483 17745
5956 12664
8523 25214
7753 23320
10444 27312
2288 3947
2470 5587
18128 27814
1819 20525
1864 23269
9100 14938
12674 24238
4039 22546
6682 11168
27100 28088
10688 12737
1158 21727
10219 10741
17543 22283
16795 22587
16584 28063
14017 26038
2214 7325
10175 26817
1332 20816
808 10741
5213 19270
1021 3742
705 15291
5390 15478
1050 10252
727 22031
6260 18623
10974 12840
4672 10399
2517 7073
410 8471
3790 23016
6996 24502
24576 25039
2605 9795
19633 21733
5377 9878
16304 24064
2368 11789
7919 24095
16791 22232
3389 15365
134 22991
1912 18662
11091 22226
13507 20476
2696 20443
8067 17629
3432 6718
6722 15593
17194 23249
2527 20633
21024 24502
26909 27168
7022 18160
7114 20258
16047 19893
18448 20856
4556 9384
11705 17963
735 4218
10279 24904
18874 18988
8843 11080
3017 17199
4336 10685
580 1672
14971 23329
1842 27042
7284 19219
3908 12724
6194 23932
8200 10487
7209 8981
1528 26278
23645 26073
13093 19123
16502 22474
3873 23560
17795 20046
19858 21049
7841 10243
22422 22431
19362 22842
5 14732
11977 12508
13561 14971
3720 7832
23489 28036
11846 17501
22889 25610
2572 22893
17900 20332
13970 14418
4159 9704
6333 27193
11495 27341
3283 24954
6086 23615
16073 16961
4971 20587
406 20281
12523 12590
18510 19509
237 18143
3923 11880
3196 19079
7002 28082
13385 17196
168 17144
9360 20423
12465 17020
17650 24101
12754 27279
6879 26043
16250 23637
9341 16267
828 20222
22550 23744
10124 24229
3592 27944
22133 25552
16743 26135
12495 17902
8434 21585
10523 27282
22440 25066
18466 18854
15549 16645
7870 13307
6046 12801
945 13107
9895 13583
20401 27949
15399 21109
13318 22902
4207 15018
20141 27328
14055 23633
18259 24276
5010 15978
1770 6103
5659 17196
1578 19603
1045 19287
7719 22031
6741 19295
3961 25564
13951 19132
11483 24160
5982 10504
4361 9590
20728 20842
3733 17067
10662 22141
5661 15056
18386 21053
10668 21473
4646 22527
10800 22785
727 22192
8398 25083
11625 17084
5725 14996
5109 16324
18826 27488
245 7523
282 17863
4102 12164
1695 15592
1727 23140
18033 26363
1937 26299
15693 23843
1536 9365
3452 25896
23658 25302
6560 16013
12434 24445
3808 6016
426 23365
14330 26317
7902 26000
5084 13022
1361 4993
1065 28226
16467 26450
5327 17787
3203 7861
1 16374
106 11591
108 5978
933 2105
5112 26400
13846 17657
9185 13316
4417 6517
19657 26549
7579 21491
4934 22474
4833 27500
15471 18963
3003 23613
7464 25331
7227 14023
5319 14430
2926 16504
11444 17550
9268 16564
1978 3589
2245 15216
16964 17259
10280 22446
5256 14825
7623 17338
13407 23973
10240 27161
299 17422
1338 24290
3488 6639
6026 18241
6760 25353
10258 14500
11201 20861
7416 26601
14712 20545
10954 26740
17593 25104
8620 25432
3720 19537
1075 4824
14963 16314
14472 24854
10800 20567
16041 23472
14609 21513
14222 17760
4748 11026
4749 25607
18091 18759
21548 23582
3582 24719
396 10650
8438 23785
6528 13789
867 18626
25160 26113
1164 6367
16900 25454
15201 24122
4114 18997
10733 22931
14418 19871
8120 10197
2196 2413
4336 14415
3191 26457
2131 16276
10896 13251
10652 21149
25727 27105
5434 28269
12403 26082
7984 13186
14498 15452
16107 27124
13002 22947
7289 24900
13562 21462
3059 23492
1879 6096
11859 24104
2536 20092
25329 25494
1679 8099
3287 5777
5719 22269
1993 3491
15494 20230
9081 12890
3900 22263
21466 22028
2726 21671
14922 24681
1697 19261
3700 16182
8561 22300
8775 13343
16961 24408
15985 16964
12032 19747
12570 23275
341 25986
11227 21719
16117 24184
4762 25759
19670 20179
1058 19670
2039 3579
11442 21735
7668 8852
3802 4650
597 7132
9239 15666
14611 19788
11880 15727
19712 24122
3411 13910
15055 24428
7478 27810
9182 24999
8486 23901
3390 7360
5485 18533
1925 22281
3910 27702
6322 13874
5604 18305
25272 25294
13603 19738
11467 23799
10428 13108
2311 5497
729 14971
7407 21374
21923 25729
1294 6760
2517 9851
1900 19039
13257 14301
4860 26500
719 16225
3156 27782
7330 8185
8461 23265
12840 24853
16095 23368
4827 5855
14141 23094
1925 27820
18059 21495
2156 12262
16173 26404
8370 8972
923 27365
7950 19816
3147 11989
6883 25250
18473 22293
11059 17054
10054 19813
8963 25001
1349 7120
2339 6103
5702 7420
7510 20408
14536 19504
18189 18641
1103 6705
8200 25866
1779 26615
5461 19749
18824 21552
461 14555
12321 17138
6814 11697
9428 26126
11331 14964
8011 8013
505 6221
22892 24698
881 9113
9001 19195
3030 19906
13135 24507
3410 25966
5651 8520
16957 22648
15754 25286
7968 18831
3472 16660
6516 24681
4717 12525
18678 27527
1019 6215
7145 27373
3277 8499
25299 26559
18106 22104
9535 26133
9403 10985
35 2015
4646 9338
14543 27220
19420 20365
400 1408
16979 17501
18708 22989
8690 13926
10619 11831
18907 19701
23388 26898
4414 13013
17378 23296
15672 24442
25214 25711
15906 16493
7412 28150
899 25893
13673 16718
3045 3761
9162 12947
1508 3465
3257 16587
5607 10961
2619 17165
7426 25080
3373 18761
1412 19171
23857 25083
2743 8872
118 26618
13036 19398
8122 25068
1878 7777
485 24127
7205 25699
6192 23932
5630 27835
9890 25909
11937 23298
8772 27210
8665 21797
1349 2137
5986 25204
8709 9871
12214 21828
9252 14920
8411 23678
10215 24764
1103 16977
8385 28013
16229 20953
2240 3734
11657 28077
16968 27131
5335 8055
1 19996
705 11080
15749 18911
1878 26354
907 21145
1755 8511
2451 10649
13265 17189
8269 10660
9326 14033
10807 19688
1188 19857
7643 21201
2186 4211
15271 18280
209 25721
16607 26554
21248 21696
7252 17280
4820 7365
7288 24955
2116 25652
14712 24294
14344 15661
21084 23278
583 10675
4739 8556
11610 21733
2518 24131
9948 21870
2660 22581
9408 11030
14276 21077
1767 5600
4202 22287
8663 9329
7227 12598
347 25174
7571 25690
12086 26452
8384 16308
8363 19610
5107 9096
7798 17703
3617 27194
8213 19562
15496 26695
20657 25336
22420 23218
2686 3296
13809 18316
17146 23143
4581 22278
21038 27382
23711 27533
12134 24824
8299 18775
2289 25021
3101 11023
17146 25849
20754 21446
25229 26024
10805 22040
11240 16909
86 21733
15928 21369
4059 10646
899 18451
11624 16781
5587 8318
2245 26439
5308 22104
905 1216
4158 24882
21102 21748
12228 25068
16731 20235
26677 26764
10699 24230
13847 28032
17404 17977
22750 28186
12121 27175
8349 24351
4821 20713
13196 21444
1118 27867
11444 22700
13337 27389
1795 23365
11216 15327
7861 19267
13801 15698
9368 27698
11049 21328
24220 25095
3215 16776
11171 22814
9150 23318
9907 19931
2335 12943
22896 24149
20008 20355
8794 14884
4377 24575
3267 22874
13086 23024
8970 18507
1587 24616
8794 14882
10852 21904
3988 6162
14851 21211
2913 7609
2124 10889
19579 25343
2521 24005
2960 25978
5866 12910
1181 25940
194 19872
437 18320
4123 12581
24187 26931
5774 19721
21268 23390
9633 15091
3608 18669
7934 9218
7373 9175
1174 15666
19480 27646
2294 16235
4144 8924
3535 7318
12809 16337
10645 11151
11920 25468
1776 13220
9125 18622
23727 27621
7149 20667
5725 14571
5194 20958
7411 18113
5522 10756
4892 25083
10391 25981
6172 21791
414 14101
3900 27004
7602 11830
5042 27879
783 9157
4216 22790
8048 23698
2518 17742
11917 21738
4599 19644
7627 9685
7073 17097
279 11026
17949 27980
8794 9809
21328 24354
23143 26031
1 11329
2664 5477
8718 19551
4767 10963
9846 28200
10821 20054
1416 2477
27192 28204
3469 21209
347 24879
4927 5618
1050 14084
14088 19835
5651 16369
6001 6010
10729 21481
2 14276
6349 8441
1181 19029
2681 10934
2782 2807
3296 9944
6801 7154
3878 22311
5510 13566
7608 26665
4217 23155
6697 12411
4422 12889
3152 20778
11192 25678
1657 4933
2378 13532
2492 18601
6584 27541
1604 14840
991 15072
3757 20632
13504 26003
21788 24860
8020 16317
14396 26958
86 16618
327 3666
505 13882
2061 20550
9038 22229
3793 15346
14598 17351
2932 21934
808 3406
5975 17226
2526 27552
13270 18249
7484 7881
4420 13632
1659 11450
6711 14133
5057 22621
1047 9575
813 12377
5992 10428
20853 28086
187 16167
5250 21619
5827 19061
4086 25265
12244 16772
22340 26774
12921 15691
17054 20795
13221 23055
10350 10961
16478 21857
8637 12720
1019 11080
5725 7835
8574 25760
14217 25414
4711 25760
4113 6436
3143 17864
3086 20657
8872 15661
107 13650
879 25035
1292 5528
2440 21445
2701 19819
8212 23433
3933 11651
14915 19100
974 19242
8924 9365
7459 26698
12671 25622
6462 26598
10971 24503
25269 25452
20666 26725
1657 4557
12737 18419
4029 13890
11771 17120
4878 18921
19760 20717
7778 24424
15031 27557
10208 22242
7153 21269
2303 17277
6841 11283
18718 24613
20140 28049
10576 17108
21904 26727
8320 10951
11383 22721
19008 22556
24172 25121
12798 26181
16092 25715
6220 8654
19516 27049
8333 12555
16617 23372
3113 24104
8798 10212
5699 13133
6545 12755
4468 20138
10907 15308
4232 24943
12333 26016
684 27832
5505 9305
9111 24856
7891 27977
3436 17481
194 23798
5041 28196
5879 22226
3399 7016
339 12489
732 14234
1568 19968
8246 18507
7415 22606
23254 26312
11047 21213
11804 19140
3859 20258
5896 25828
242 1349
17963 18540
15792 26404
2881 22809
10587 18872
4037 26507
9991 11260
1538 18287
15762 27302
3065 20398
3400 6086
386 17747
1045 14772
5213 16939
17091 21407
23963 27034
14895 16016
210 16797
13358 24886
1553 1812
20427 22446
774 9316
639 7545
4742 20752
9018 13282
13988 19732
1415 6981
20640 26261
7213 28255
8891 16487
2435 21371
13741 16276
12320 22725
4639 19950
11022 20737
836 25357
13990 18952
1574 9309
1498 22818
1384 17482
13809 14464
14299 26153
8923 20554
5134 17453
2605 21547
1511 13804
10953 28275
20611 27883
8872 18115
9380 17286
1361 23415
7963 24826
2964 4827
1587 20544
19028 20144
4967 17167
78 10564
9483 18541
6235 21853
13055 13579
4720 27016
12708 27055
10146 23705
6802 18451
13820 24586
23066 24855
16901 27221
1142 3900
24845 25105
9781 22396
17436 19153
5437 25492
15368 21636
8837 21949
1924 17615
7311 20765
9367 25433
3969 26448
1240 14332
4717 19375
9803 22049
9441 23842
10286 16770
9226 18823
10887 26329
10157 18822
5084 10935
2583 7519
10908 26624
722 13121
12007 16152
13432 18092
15533 16288
11282 21315
2128 20951
341 15789
11711 13662
4597 23719
3354 24069
18606 25445
6562 10160
16992 19512
15934 24217
15565 16108
4498 24960
8964 18833
17259 24395
4693 16402
4233 14666
11187 16865
23674 23974
3446 9956
2283 2686
20714 24057
2547 6245
1830 6300
15443 25310
3592 7015
9907 11409
1833 25749
7937 26830
18824 23286
9788 13275
5128 13804
13373 28211
8896 17260
6430 14884
14487 26257
18792 21824
7229 11140
5441 9114
1274 8434
3849 13977
8891 16839
6793 20740
4611 11910
5879 19647
23143 23437
12377 23857
7937 24939
16026 20601
6535 20816
5433 28022
4964 15257
4252 20477
15897 16061
12225 19686
12942 16695
10025 24716
12839 25449
4240 26079
5403 22251
4507 28076
7929 17640
6994 17487
3711 14343
13220 19615
1609 25254
17561 19944
19865 23409
2324 3454
9572 12297
8144 25887
4861 9793
14123 26721
15771 23375
3992 18843
21481 22446
6972 13367
3164 10740
4646 9581
13910 17902
5145 14553
7571 10971
9842 16582
21506 25904
18704 20230
6220 17181
18505 21887
7835 20586
4596 6427
23781 25956
12143 26178
10920 16350
3485 10326
1920 16338
495 15676
9118 24836
1925 21658
7982 26614
3944 15267
26136 27509
9730 13910
2494 22047
15056 19056
4270 13896
2067 16144
13677 17488
3041 21448
7390 8291
22028 23277
884 20716
16201 18603
3790 4456
2807 17663
8016 24756
4285 6004
12460 18453
4429 23637
2710 18030
9479 21744
18929 27536
507 16557
17686 20749
9720 23015
722 17338
12536 20888
8836 13970
568 11428
11080 25140
13173 24061
12606 22441
3970 16584
18046 24371
3712 9273
1288 16036
220 4237
3793 17637
9541 14317
19777 19884
7497 15039
5941 11667
7289 24939
7307 9524
19068 20164
17712 25065
459 23048
1502 3881
313 10935
6209 27669
11251 15736
8394 28211
6059 24828
1353 16629
1445 9811
10490 11047
7576 8528
7855 22199
357 17984
10089 17444
2664 18564
20444 22585
11456 12102
17556 17801
18617 25625
11307 27247
22025 26706
7210 24779
8824 21756
1795 4142
12533 15030
4514 11888
16116 25781
646 17724
14464 16996
8785 10181
20938 24657
7552 8982
28 5070
1592 18946
8964 12711
6448 13259
2942 6912
4758 22643
12101 16923
129 18524
13222 19849
9638 19886
2967 25276
13373 16671
8964 15894
7846 23608
4596 26927
16255 18128
20205 22425
11973 18910
5956 23036
1419 1702
220 27300
5705 12549
15757 26654
1438 22570
20455 22140
6615 8734
3742 25559
1140 8263
3717 11148
2883 22827
13073 18265
3169 8785
7496 7893
7555 7907
5780 21671
2120 26135
1770 9683
7623 25658
4672 18641
18050 18120
14789 20610
4018 13077
17303 28147
2396 26593
1430 17721
2843 16081
16855 24374
5562 8491
10630 26187
5189 23954
1961 21982
17013 26044
1864 2686
13972 25299
5899 15857
3501 19225
15251 16817
3575 26371
327 18541
7419 27423
3287 23390
11243 18386
11484 11538
25903 27795
11579 17248
8515 9260
9682 27300
11193 24453
2606 25993
22996 24659
5603 23504
5714 9614
2560 15624
2608 25181
22587 28060
8930 11496
10440 15973
5068 11294
2604 14072
8533 11305
18926 27049
1476 19127
8057 11192
10293 23550
9093 22581
19876 24690
18962 25894
9631 12792
972 16837
5269 23584
4408 26153
173 15226
1043 8737
10971 23107
24645 28222
6196 20837
9524 15543
17648 27158
4626 15229
10294 27681
1787 11295
1023 11368
14728 25608
19445 27870
16121 23754
9312 14588
17175 24065
10282 23524
113 16480
18899 22180
12836 14345
17530 24374
8410 14879
8860 21742
8003 8465
22438 28061
4623 19704
8796 17144
12077 16276
14696 20661
1519 1878
11473 23408
2230 16648
7637 16245
23422 26476
6232 10079
13765 18495
21505 26476
9683 14771
10428 19372
14531 25287
7850 27640
13282 19482
11867 15188
3846 25453
12174 16457
2653 14538
22290 27321
6319 8377
12059 15308
3446 12025
15765 24538
16318 20504
367 15842
2569 22340
20499 23463
2333 5207
1456 21976
4603 15450
8470 11998
2031 7552
1467 25494
638 24354
12573 22311
23534 26131
6426 24469
18541 23068
27964 28258
8302 24747
9263 23106
4618 14996
11559 20417
13999 23431
6453 20021
16500 26053
14235 18911
10852 17639
23327 25634
12630 25966
5844 9537
9805 12941
20007 22756
289 17848
8479 25174
18738 25414
11641 26656
1900 17273
7497 18959
297 3218
4680 19012
5750 12573
9412 18474
322 7096
851 10845
8145 20477
17912 18920
9308 12371
1819 8018
7390 21938
5665 28206
13384 20067
17350 22650
4902 25652
22659 25504
19227 19817
13564 15123
2767 9720
10473 15610
4468 17097
1034 8177
6326 24459
11155 13631
20266 26612
7737 16323
4823 17599
1797 24929
3669 15120
5361 24518
283 22877
23083 25698
1707 3038
3793 27597
742 11133
9214 18704
2320 14854
3914 19043
15330 24267
13736 14633
21199 23601
10461 23194
5724 24360
1851 23382
1107 24757
4509 12458
1397 4348
1399 14767
10056 18663
17263 17963
2518 14672
6058 17965
6886 24478
12807 16536
3357 17762
723 23322
9920 28166
14954 15128
2373 10439
5135 6457
17521 23400
1240 23321
11668 16232
19548 19935
580 19880
892 5933
4967 9591
6868 20238
13598 21297
25273 26807
13057 21687
3977 5305
5270 18982
18930 25693
10767 17535
25329 28074
4156 28134
5325 7512
4201 9774
3415 23251
3593 14437
2587 4740
4646 10379
10023 18698
27464 27487
14124 15874
13721 22012
1559 19813
1001 14539
16290 17471
148 19683
13810 21326
7584 20906
8156 20503
8269 10419
11712 26206
13362 24477
20587 20749
8237 20120
1561 7213
10284 14555
3741 7882
12024 15251
9153 17574
14228 21577
20162 23143
19857 21791
5895 12886
5298 7963
893 17150
16516 27557
428 14130
6051 23391
19871 21188
3545 20069
9632 21199
17418 18792
13192 19539
18955 25381
9804 13234
629 1375
4282 13718
9495 17779
14242 22415
2045 5691
11535 14309
5915 25414
13307 22364
5366 10312
6750 9619
3826 9136
416 11727
3609 20786
11804 21798
18554 22967
7939 27286
7053 22814
17812 20504
24681 26689
1461 20848
8096 17847
12369 18793
6004 11791
5691 22901
23829 24638
6972 21766
445 18051
9252 21707
1178 21157
2155 10917
7348 19200
11610 15666
10512 23679
24618 26173
5728 27247
5967 8895
11804 25901
1343 3262
18034 25425
14097 21205
20417 28082
1511 12532
1575 18354
9001 13810
5771 21671
1505 10049
3674 7850
569 1541
86 19988
3041 9962
21232 24820
7938 22229
4794 15766
14641 27817
1603 24749
401 4456
10297 28238
8370 19195
5915 16478
13538 22194
7213 10837
5531 13661
9141 16201
10208 24219
9169 23930
6255 24521
806 11998
11388 13338
16402 20367
11534 21296
1015 2701
7647 26503
3285 7202
588 27621
4693 20707
9492 19040
17076 23358
5639 26418
236 27800
11816 24944
3380 27090
3161 26796
12119 16187
4778 10727
8417 25677
9998 24007
7791 16545
14106 15616
9586 14697
13085 26125
9590 25986
2325 11043
4941 22515
10222 22471
17527 26806
2087 15591
4942 20121
11692 27841
16187 22256
6931 22205
13192 21790
3340 22987
10839 10871
18471 20906
4094 13199
7229 10587
3892 23600
2427 24082
7948 24177
7373 7549
3378 18772
5359 12397
11143 26714
2484 16117
4789 24548
14771 23225
14010 18533
4964 7455
14519 17054
19501 24307
12994 23029
7379 11455
4680 4996
9094 15519
1665 17281
7836 14920
17883 21606
788 15182
1151 20859
1200 1758
7349 25575
7702 22947
6794 8961
16401 25176
19261 21790
10101 25088
2135 4324
5181 20170
22646 26270
1228 8179
3863 6557
18678 20667
13729 24326
9776 26986
10416 27418
13779 16664
12925 15585
3472 14468
9840 22040
17905 26598
6991 16467
12573 22296
2242 18256
3484 3778
3121 27811
2592 25177
8096 15201
6715 7367
17998 19928
3734 24057
10357 24069
11463 26955
8148 15098
9903 14783
15694 24696
17054 24705
10321 14879
11418 24342
11452 23365
3488 8057
5548 12858
8858 15857
8407 13112
581 8770
1293 17728
4962 25371
1530 6789
2093 10792
17017 20652
13732 25287
1016 23579
11080 23298
3828 3833
70 20758
23352 24636
18894 24444
17695 24127
18738 25063
5968 10854
8772 14085
12125 13282
3447 23712
10346 20160
4061 27612
5651 7162
176 1998
1951 4101
2969 9613
22616 26277
787 9712
2734 7667
11529 12574
9236 21491
1978 18771
6222 25699
13146 21407
11592 25831
18958 27087
8676 19856
23978 26931
1842 22021
11450 21146
8182 14798
5339 28211
3872 14728
505 4519
4115 13913
7019 21479
11327 14232
16201 23499
21944 22446
10959 24598
10767 19143
8487 14681
15220 24897
5691 13494
6573 10740
2245 4967
5237 10560
3122 25099
19203 22042
61 22474
3296 10174
9907 19558
13082 13391
3714 26546
12576 25468
9653 16107
6453 16301
10892 22513
2520 24195
11317 25283
957 26160
583 17197
9129 18529
19879 24187
9049 18308
441 12235
13789 17788
7152 15823
5374 18516
9369 14513
14428 18811
1604 18679
5899 14124
2210 22180
11235 16398
2798 27599
9399 25108
9569 24395
9466 21555
7075 10868
20354 20573
799 1807
15429 27269
1665 27490
4825 22240
13681 15271
11312 22265
22977 27197
15611 21903
11847 27398
11878 23454
11200 11283
8604 13624
867 3141
7750 25276
10951 27835
569 22226
8923 11905
2679 20979
13018 16806
4021 23608
23298 27197
7608 15239
1622 17115
23395 26559
22607 27343
86 11897
7272 28132
23554 27127
19427 27689
7320 13583
11483 12606
2995 28255
2413 11601
4675 16473
1672 23721
5473 13901
15920 17341
21026 26229
9528 14389
4003 25678
17604 24955
16170 25576
16850 26643
2217 24743
11011 21165
3882 18888
12658 19217
13164 24520
2538 19546
7982 9226
20408 23028
1211 23096
1343 17263
4605 14794
22048 27433
7626 27617
7595 17624
16955 21259
23706 25760
1545 9834
15366 19892
7355 9144
268 21909
20575 26133
3545 5155
2822 21623
1331 25962
2888 19001
19337 22508
4579 17823
13077 14186
15713 22415
10450 25953
16976 19152
12579 26731
12452 13784
7950 20745
2867 16508
13602 28074
11059 12170
1762 5802
10294 26177
6881 8638
20914 28109
8899 10723
3346 6377
12263 24547
13993 18163
2369 14098
10510 18904
14016 24540
12531 13272
1163 16761
13347 13385
193 4693
1335 24221
23086 27931
9709 13428
6037 7999
10985 24166
1911 10421
37 2454
6757 9247
21688 22787
2724 26107
21127 21484
15784 25139
967 28128
7693 12796
1168 9794
7560 14173
782 7536
6924 18398
21369 21479
10431 21407
15906 25626
2771 12046
10483 21621
4391 16921
758 5418
8434 25917
8140 22450
3079 15061
16470 23118
211 28099
2163 16995
10522 18657
22464 25868
6514 16425
6260 14626
5522 7185
16489 27042
7930 12086
3379 14604
12564 15021
2742 26691
17636 19687
9252 18034
1806 13401
1239 23997
10846 24068
5493 11113
4959 23442
110 8057
3649 14817
10311 24023
9324 24531
8337 21716
4102 4945
15815 27074
3728 12214
18141 22642
23553 25107
4500 19698
14647 27221
10818 23264
1106 8177
1017 7149
3090 20005
8278 19262
6310 13821
3063 6058
15188 18242
17863 23249
14203 19317
3225 26698
7313 27569
13664 15094
20633 25683
782 17509
9999 13101
19286 27050
7705 24275
7908 10207
1142 18713
11544 14763
7409 27547
3654 12017
7699 25859
17559 25805
1921 7139
17083 17546
10457 12869
2894 19189
6066 6950
11520 16957
17071 22049
5629 10146
21918 26905
2128 25853
5971 11430
396 7114
12659 18275
833 9683
1219 24053
3565 18225
2144 28013
7368 17715
15298 15597
1457 25835
24457 26087
7792 23356
13989 20477
8776 16196
3246 25082
10015 13384
23352 26192
5989 9356
13436 20087
5008 26398
5583 24062
12142 25433
7916 22517
15109 26598
4899 6857
3435 17647
17481 26736
11682 13597
12479 18793
6240 24827
1308 15266
10036 27091
3496 22997
4218 26061
10432 12511
15284 22185
19736 21564
6789 21462
17013 27522
2514 25511
14033 18379
3446 8465
19731 26661
13514 18089
13810 24069
2642 9961
7600 15676
5904 18572
10225 16022
16634 26364
1415 19999
425 8116
2830 22805
2944 4749
25174 26169
12617 25443
5989 10128
1170 27266
17106 20310
9195 15032
7541 23751
14264 19556
10214 16884
8315 19329
2067 4918
14672 24951
12001 18853
15766 25094
4693 10612
3593 13768
9645 9648
15721 28046
2396 2604
2040 16094
27374 28231
10072 18536
9139 25372
10179 22130
10874 24799
5211 5534
18266 23781
1253 13038
1612 18878
19728 27500
18192 19275
17288 19071
8437 15133
4360 14964
3788 23994
5116 22215
2526 17117
12405 14912
6239 19348
2005 14390
6315 26418
2816 18475
212 7484
7551 13271
653 17316
12764 22954
673 2245
9021 26573
11486 15713
8972 12649
11595 18045
1804 19448
16180 21462
15705 16964
12773 13695
14994 27010
22230 25160
2539 11443
13155 17762
22368 24203
16228 16621
9009 12943
11785 12037
11133 20849
3589 7975
11436 17901
5267 25301
2427 11718
23767 24000
22336 24510
8248 26838
2 808
16390 21792
4332 16362
5334 23885
22477 24232
16998 27514
3821 11255
847 21663
7877 8066
4018 23215
13232 20162
5609 24616
3940 11279
13937 16367
4656 28026
1103 10282
4328 11809
9834 23608
7390 17842
5607 12043
5228 5485
12939 19043
18770 27914
16293 24412
17397 19398
273 17457
7350 9416
20737 26945
19262 22688
6763 15693
2961 22799
18461 21419
13186 26986
5032 8554
7981 16671
5588 11888
2283 4671
23377 26956
11250 19806
4301 23521
2203 9193
1056 8251
18242 24195
9233 17927
544 3882
5576 8137
18635 26001
15783 26310
12556 22471
3643 26167
3202 8296
8964 17509
14623 24634
6454 20092
15101 19087
24145 26036
505 9762
14480 17027
1325 1925
3063 12881
400 14111
17235 17956
8148 16184
11513 17349
9843 14452
23721 26745
7927 27867
10406 17923
9257 16152
9853 10342
7027 18114
1850 17080
6296 18084
8841 10114
21382 23188
1677 10849
14298 19644
1813 8946
3237 6524
682 3237
7349 17543
12990 23430
3303 12708
21123 25830
17422 24069
11417 21625
14898 27121
914 22431
3882 27005
6482 10071
21098 26680
6996 21424
19909 26766
17013 26776
7437 20504
5089 13978
9654 15854
15666 24451
20634 23836
3634 8380
6177 10039
8392 8931
12385 22956
7500 22016
1499 9578
3622 14822
7030 8811
867 6426
8018 21193
2740 21798
21263 26832
991 6601
13681 26347
3708 8672
7380 22457
1155 14971
10296 19086
8646 21320
8781 20477
19353 22205
10838 24556
14564 28211
13185 20061
5605 18182
7488 15721
20737 25349
1345 12634
1013 24485
2235 21873
1767 24904
1609 16957
14617 19339
2671 27778
3805 7799
3654 22487
1458 3526
8063 26654
155 6001
15133 24823
5229 8357
7113 27024
253 16433
14911 23400
3057 12285
17593 27091
439 6413
10477 22954
21564 26761
21766 21800
14958 19942
12086 18761
16284 21387
1606 7407
15147 16025
583 7804
1108 11295
20573 21270
15613 18050
8232 28205
5387 24453
1026 10244
6227 12709
4650 10800
12892 25728
1609 14010
9441 18521
1292 5795
4495 5340
14731 18034
6100 24485
10611 15762
3759 10086
5620 20119
12252 28190
5670 14136
1229 7214
7492 15467
7733 23722
16188 16697
22308 23634
3024 22182
1075 8168
14012 19325
7377 10895
20657 23015
10061 20876
1169 25266
6728 9356
21984 22304
806 8875
18327 18752
7111 24608
2411 4257
10748 15212
1073 23155
6727 8338
341 27746
6528 16442
14881 17451
1948 5327
2787 18379
4070 7390
125 23249
2375 4304
17757 20647
12214 19337
17145 27899
23378 24586
19443 22322
1498 9583
20324 24674
10428 11545
974 1361
8470 15308
2150 14439
25830 27364
15749 21229
16914 19454
25309 27867
16884 20324
4408 6314
10175 19490
9610 13683
3075 11088
10051 27780
14022 17580
4998 19546
9038 27397
9535 24090
1087 7937
9799 20328
17636 26912
86 4849
4438 11899
1154 12026
18463 19430
9292 11729
3729 7471
9162 24432
12302 27179
3100 20711
12465 27906
11710 27404
84 237
5169 9833
4282 18354
2436 14650
15038 25771
9603 19138
14468 18533
6997 23325
2444 3620
7273 11988
1587 7709
10570 19917
907 14777
9535 11295
3802 14997
8833 12386
21486 23007
2984 19893
7523 16311
9553 19348
16640 25915
6342 14738
9140 25426
1851 17115
13016 26061
1978 7975
3622 9851
13314 21157
2518 27868
8931 20692
97 16385
21849 26412
6050 26011
1948 26340
19246 25803
9084 9683
5346 23546
13984 18999
6267 21166
11534 14781
13053 23754
3574 17692
2675 22083
6841 21891
2227 14697
5978 20195
14989 15350
3759 23672
3067 8491
12973 17063
6703 7611
6242 12882
16917 28075
8880 18107
13796 23607
13642 25265
8182 13970
13508 24131
12708 22638
1848 27548
5472 23046
7776 18622
1761 7149
14154 22832
13607 21700
1953 16438
4276 19407
1306 20621
9772 21818
12663 17312
3882 9386
22634 27746
12660 26590
3771 11047
581 14228
17501 20875
3457 5686
584 14389
2787 14648
7502 27194
7550 17108
16384 17409
21889 23573
4560 17931
2215 13841
16057 19977
3198 26299
9396 27339
16796 19905
1801 5989
14541 19633
3391 26796
6703 17232
23978 24439
18755 27495
12139 28077
406 3859
5930 15869
18878 21469
7350 8739
9696 10888
7066 16467
1107 13714
10232 11480
7621 19329
2379 14771
9507 18976
7416 25110
4471 9743
18129 19309
949 13279
17232 22168
14923 17528
15918 26139
16588 23394
9650 24238
20627 25822
17177 19744
18069 19221
1419 17556
20504 27966
1000 12765
7543 13798
14763 18250
14539 18348
25966 27703
5354 5651
16781 17960
3364 20371
1860 21110
22492 26581
6987 16582
19008 25290
4120 27982
5751 11076
3081 18238
2353 18985
12956 13180
9416 25029
8087 9437
15037 27482
11795 14786
568 15729
15286 24812
3356 23910
5623 20315
14451 22483
4422 10767
3727 24333
10837 21296
20032 24028
11897 24781
922 6550
8059 11537
387 3641
9074 20170
11306 27252
4659 24958
4596 25930
4442 7196
26963 27869
6745 16434
4415 27559
7076 24187
23225 24238
1223 8806
10826 24155
11062 13897
10407 11893
2406 15332
6521 14421
19712 25142
21983 22416
2027 26056
5021 26970
6063 18617
8604 28109
11904 24703
1852 15666
12402 23767
10080 27447
923 13787
5918 25277
839 6713
11368 19982
17883 23822
13220 24577
7009 7150
18232 19672
3882 9765
1609 25433
3268 5425
9534 22289
5972 14564
1512 3326
8243 23619
21192 21254
825 17304
2615 21462
9239 22240
17961 22746
14228 19075
12340 14557
5815 22040
8075 23232
2096 18051
17141 22089
2667 18933
7744 21010
7700 23719
18122 25329
1996 17603
23521 27538
3605 24563
14016 27989
13999 20008
295 13820
9211 10477
21325 21623
11092 22699
20258 24374
864 3999
9422 11340
355 10326
21846 26447
2207 15672
977 1076
10794 27586
5304 13994
2018 16473
17922 27814
3442 16766
5907 27056
3674 24395
23705 25794
12209 22949
17743 17963
6628 15251
1560 15617
6506 21944
11946 19977
15866 21231
3876 16590
1851 16367
2124 24121
15003 24803
6357 20641
8868 18448
18981 22724
6882 13609
17742 27013
18787 22012
1387 21093
1545 18760
1713 14309
14781 18021
8817 9002
18141 20336
5524 13875
808 25956
14807 23857
3687 13477
23631 25215
2560 24904
21274 24129
4850 17621
341 22061
4414 27374
7982 15492
19255 28206
12708 24608
6596 7758
5687 7316
416 24395
11738 13083
490 22761
6446 11387
19169 26554
1925 21670
12954 18769
7419 7770
2270 14201
1380 2048
19385 22300
17310 18419
194 5150
24389 27455
4807 5440
2040 3700
11295 19424
4954 8218
1611 18308
11803 23711
15376 22427
5180 26871
8188 18371
11727 14657
805 1978
9141 25977
25963 26927
3728 23015
19331 19352
3286 24375
18661 24233
1516 23920
9138 16823
416 20931
15683 22675
17115 22226
15845 16656
1359 16393
24586 26301
833 19190
4566 27484
6972 10284
5377 24238
8370 26838
14783 27969
16890 23265
24754 24831
8781 13373
4680 20220
6633 14010
12735 22106
7489 21857
24539 27500
6914 9793
19092 21246
22285 22910
2520 6842
7568 14697
13415 15426
1494 20182
1018 27905
9963 23031
9699 11152
19590 25749
22046 24422
5667 16439
13091 13373
18172 21118
6082 17940
16704 23196
1983 12062
1921 24274
5047 15626
10828 16115
3874 4081
18004 22668
3390 21623
7285 10113
18781 26062
10767 21649
17630 27928
3940 9268
3056 26931
17912 21732
4990 8277
1186 16203
4488 16230
2646 6879
4201 11079
11534 27855
11486 27513
11988 12229
26240 26371
4522 27423
3779 27500
13892 23180
2438 10720
13373 27117
7484 9583
25151 27081
13202 25977
15059 27669
4035 15426
4587 11798
4503 24061
4548 22416
364 411
21079 22210
20656 23181
6110 19361
21789 25549
2336 13270
7538 17319
7987 11254
18128 22126
10874 12295
13604 19087
2329 18266
10845 15985
9816 22522
13069 24862
12161 25981
7603 25754
18928 23172
8891 11084
11677 16367
21479 25206
15783 15844
13444 27507
21671 23124
21815 25484
3718 15556
10889 24594
11975 21149
10272 11975
10324 11729
4712 24598
1182 18308
9911 18630
2132 27867
1808 5899
6482 25976
23225 23539
353 11047
10421 22137
406 15429
11180 21794
14304 25617
2170 16941
8930 14165
7757 27243
7505 12392
6062 7469
6244 21754
18252 27151
8963 10023
7358 24062
2712 18136
1880 22701
396 26053
9915 18320
3856 5943
16766 25216
5332 26677
1223 5989
18281 24208
7350 19448
1279 16525
13405 23310
5105 25283
27514 27987
12983 16609
15177 26336
5391 23290
8905 20936
18180 22763
12483 26892
22283 23075
2301 3522
11712 16808
25915 27529
11677 18051
7168 9791
1884 7205
8856 13180
13518 23455
1518 19524
8935 17249
1779 16979
10629 19467
13422 17961
1272 14003
17278 17628
7989 18601
21163 26268
16767 18510
18471 27578
27844 28028
4099 21910
13412 26716
9408 23929
9408 10920
1663 8680
21456 27314
17304 19123
1742 9923
3296 8368
2587 6190
3557 5203
18217 27646
11870 17286
6501 9847
8933 18502
324 8818
711 3359
8811 14160
3730 3773
10508 26356
4256 23474
15951 22795
12397 23442
12059 16276
2022 14817
19478 24221
3638 15547
14375 18862
2315 4949
13755 20743
10042 20975
14876 15595
14033 18100
19464 23454
5021 9572
8368 13282
1569 17657
19574 22594
5997 19092
9065 22820
18480 22127
17422 26713
8955 23418
2655 9316
7320 19694
3585 15848
10790 17555
11465 26775
4067 23392
9563 19086
14659 23965
15383 27841
16756 22229
1226 15543
1830 12402
3892 14024
2969 20938
12551 23066
17763 22696
14361 25966
16958 25876
12715 18463
811 25180
4149 24444
15690 27805
8145 15149
15863 20439
7508 13367
1356 16501
9239 13472
9796 15048
14546 18001
5228 16955
2566 10787
3410 11795
9418 15964
1508 21491
14728 16438
12424 27805
1727 20931
14809 27421
971 3264
23265 23722
19409 26265
1471 9823
6967 27823
4921 23312
2458 18176
8438 15575
3202 20061
2067 6009
735 17605
12570 20936
5374 26606
15164 17757
24208 27834
8730 25045
