12166 13239
424 23736
19495 24353
7647 21423
4017 20538
16324 18593
17657 20667
712 21180
3285 14543
3710 13086
9970 14513
2396 17557
1848 10350
867 6203
4447 14879
6493 25507
444 23107
24062 24288
9616 20099
5989 11629
13289 15894
11039 21988
12034 24791
1876 8606
24297 26379
4819 9333
3186 4170
15003 20432
10946 18630
5569 9111
7108 25291
10932 16627
11959 16504
12294 13403
14160 26925
4274 16986
2244 28181
14180 18082
16373 23087
10717 18601
2689 18982
1508 11878
20328 21251
7497 21673
173 6566
125 23249
11867 20666
6848 19705
2440 21445
24902 27966
2710 4161
13863 27523
5203 10891
20808 21831
396 13525
2170 3674
8349 21366
4933 8751
21837 27316
7975 17273
10144 27079
9696 11428
19086 21058
6746 20286
8077 19033
8723 10052
8290 22771
7375 25699
14326 24982
8388 8924
3873 6848
5629 25444
3334 18875
2204 24564
24130 25277
3609 27382
3975 25009
4302 19037
1198 16047
25286 27718
11444 18678
1836 24575
9449 27131
12404 27210
22814 27052
396 17874
3644 17479
1482 5226
2596 18058
3724 7737
3 16049
10653 10724
22833 27329
11651 18663
12921 13592
3751 19053
7937 17239
1075 28027
2150 14439
11262 13038
6881 15955
2086 23918
14523 27648
4142 5288
24906 27932
19759 20953
6956 9497
14487 27726
19966 26578
6848 18424
23194 27765
2491 7205
2874 5247
13222 22079
6009 13208
9999 22517
867 24354
5797 6484
10495 16293
5108 16956
3988 6442
15792 26404
5126 18117
22379 27458
8248 8370
26970 27140
33 18679
4237 21024
17604 19704
15193 22769
4029 25301
651 23566
13823 13856
3720 21938
24774 25003
15236 25713
2436 24848
23 3186
8197 10308
7926 12602
7504 15762
6907 21849
16562 17419
16509 25991
2989 6597
1910 5331
4456 11368
13552 14394
6486 8096
15404 23026
9189 18663
8246 8785
8150 9127
7417 16050
3856 6518
2951 12654
19053 19788
1108 8085
15373 19116
18472 23970
10619 20605
880 6913
4030 13622
10442 28009
3953 19871
4000 4245
638 24354
8946 22885
11459 24575
3825 7950
10953 14835
11898 22156
245 2592
6232 27706
4550 24315
5984 17383
3521 4142
3405 21436
23324 28274
12121 17382
10421 11931
20741 21850
9572 19739
11672 15195
809 16276
2832 16957
8467 11164
3634 8588
11567 27437
3733 4102
1027 1767
369 9572
18910 19795
19106 20675
16326 28238
13937 17003
14993 17166
1931 14797
2667 20170
20069 25110
19171 25666
15064 22511
7420 24042
13195 27084
1991 5906
888 8767
1842 8674
545 17440
12256 20758
10393 26565
15477 22040
9061 17395
17963 23132
8332 17335
16910 23860
2929 9621
22875 28226
2999 17603
21411 23655
3501 20299
11292 24915
2490 6182
1712 4623
7185 17146
509 5196
20378 25941
20938 24657
11751 22112
16569 21377
1973 16453
23904 27928
4422 7316
11695 25219
19672 22872
955 14037
12798 16117
10490 19789
584 21999
21038 21268
8437 21712
18187 28117
16983 19944
3390 21623
5786 14713
11683 28063
7703 21760
12008 18033
3712 8191
22278 23418
2697 4134
8924 16429
416 16509
9717 21238
13097 22885
18497 28168
20326 20653
11627 20849
12149 25804
2031 5211
9795 14941
12947 14374
10156 22611
5021 26970
7804 9553
11059 12170
10446 21855
580 1672
1393 8434
3586 28100
16500 27372
10303 14809
21436 24827
6415 6848
14520 23803
8285 18616
2121 25074
4232 25978
2682 21959
21653 26429
11428 24900
11637 15906
4758 13017
10048 16354
4109 17782
10222 19819
2090 5006
23267 27077
1767 11735
9264 20123
11295 11701
10071 22676
12008 14012
5246 12517
9905 12444
17411 18022
14778 16795
7746 18787
5319 9351
10986 22570
8361 22169
4521 19484
3369 23745
10922 15401
985 3609
20016 21904
3089 11436
6349 7202
16138 21919
4719 19817
9294 26740
18059 23580
5472 11518
1798 9797
3959 7981
6859 22739
7768 24068
22498 27520
11905 13316
8923 9185
2186 4211
8075 14446
1840 15308
4325 25563
16276 27806
4037 7135
18692 28165
4457 11010
16682 24611
399 24836
11696 21849
12860 13385
9992 17742
15997 26364
16276 18115
5071 14560
20130 24888
3925 6669
7006 18963
5485 26090
4611 19523
13436 17836
9402 16659
21232 24820
2262 14971
11013 17059
2332 20667
14140 17879
7478 12356
926 23310
5787 28176
422 16369
1116 26044
527 12847
5084 7021
2452 12090
8506 12602
23845 25494
1099 17159
727 17083
1429 14777
5010 14511
18021 21026
9803 23609
9152 13721
9078 21543
8689 23721
25213 27667
3323 22607
4453 24714
14895 21158
8545 10472
6603 20458
7984 15666
850 6669
11059 22006
9049 10495
8052 14881
19189 27536
3019 12689
3352 24575
11200 16487
15792 15856
7820 19817
5993 23898
5680 19601
2130 15679
5008 15166
2197 7584
15531 23094
3741 11330
25250 25591
13186 25560
6498 14457
4233 8438
2412 25558
20695 24028
155 8368
3727 11472
1176 4626
19140 25879
3889 14216
1138 9263
3277 8499
10323 20154
17560 19123
1933 20778
17231 24326
19576 23748
1964 20654
14767 22184
155 11364
3661 23412
2245 9725
11023 17129
5979 26663
3957 17214
3420 24701
9607 17428
12596 16998
20127 22810
18154 18525
3419 7195
1056 20053
2849 24746
9557 15736
9803 20813
7740 26478
15877 17973
4260 20624
8207 16957
8645 26574
4584 14724
10405 25977
20123 20633
2915 14947
8408 19495
1593 8405
4255 15870
2525 4162
17660 24201
115 245
15834 18847
9115 20923
3471 15684
5348 11748
7047 18084
8547 10189
1138 3871
6473 21681
2978 20187
5175 20025
9189 13809
3257 17367
10747 17056
12956 27527
22857 26670
3424 26179
2764 14378
3167 7823
7803 27884
6411 22492
6493 10559
19068 27565
18298 20973
605 26182
3229 19408
12436 27221
72 11948
2407 18355
16496 26729
20007 25185
14474 27479
12105 17757
952 8842
5191 18708
8558 26124
1117 5354
13973 22531
2677 13852
2388 19735
24581 25250
9670 20637
17684 18947
13564 28056
922 8148
4724 18104
6710 21994
7065 19068
2722 11666
9051 15909
7300 21205
7538 13059
17634 27258
4350 21285
5207 27298
2365 4394
7737 8334
17119 19748
12725 21576
18178 20069
3682 24976
9293 21374
8491 23813
12076 28203
17644 23083
9408 23553
3759 23672
538 15750
13790 23921
302 8024
13306 20979
2341 7809
504 23930
1579 20428
20775 25385
8825 20345
7713 17797
21919 26014
17760 18784
12895 17725
258 25504
4422 4626
561 18425
12439 13082
1197 13829
4189 16262
4397 4399
6343 23430
8145 23225
4843 21693
1232 22748
8990 13208
3790 21710
2922 9688
9539 10543
9011 11322
5321 14776
17465 17977
284 3076
2583 4551
1887 12651
26546 26927
8977 23191
14158 26974
3233 19273
19610 20008
6215 20742
382 18180
1888 24005
8456 27129
3892 26670
5978 12629
7482 9063
8872 15695
21714 28150
6008 18036
14464 17284
7651 10743
1573 14350
19843 20538
10127 21715
9251 25163
580 7073
4648 12565
2719 12956
20733 25597
2254 3367
15213 23816
924 8090
872 13013
23292 27795
5296 16959
15985 16964
2148 3344
9842 10956
15047 17965
16184 18628
2657 27927
938 7915
12453 14539
3129 14671
20308 24405
9047 20057
18267 22689
14703 23273
8924 23172
2243 7207
13428 27885
8492 27908
7768 13264
13168 13289
3265 20940
9708 20144
7523 19289
4539 23553
14776 17173
6821 25769
2665 22646
2245 7205
369 3753
17496 25408
21561 25771
15400 17963
11789 16003
3348 27048
18907 24904
12035 21320
10598 27305
9316 25095
2596 21155
332 569
5805 20929
2869 20760
17378 17541
14136 22628
3952 27318
11331 13495
18122 24659
19425 23415
4218 19601
15920 26160
5904 18572
17418 27276
9111 27112
1720 15559
17289 19783
1162 24062
6541 19774
10836 18672
6433 21735
23898 24649
18775 27314
610 20245
4394 19301
3463 13152
18825 26152
22425 24127
526 20780
23379 24659
11544 17877
2917 5786
5097 5461
7053 22814
3790 21294
1640 22814
25468 27458
5327 26503
13299 27900
19090 25629
16793 26089
4468 10900
173 20370
2455 9403
2997 3970
1928 15207
1056 4930
6868 8781
1596 12269
498 22425
21436 26803
3601 11018
21577 21804
1234 10889
435 15001
4140 6482
17760 26087
8713 24023
4550 25214
15468 23553
24437 24670
22431 23165
3125 24908
12895 15556
11495 21648
4999 5583
12495 23679
285 18650
4205 13392
15553 19068
20188 22214
990 18919
3516 27923
13343 14835
4990 6295
4633 25743
13945 21193
8507 22334
15900 18449
686 2386
12040 23774
4433 24081
21849 22956
1658 18761
23557 23708
6257 14301
108 1016
6956 7249
423 4257
4070 11636
12039 24284
4325 7386
15302 21853
11747 13203
2689 8304
2093 9991
588 5115
9808 17464
6174 9859
1021 2180
4695 8945
1103 6705
9890 12539
2872 16536
5377 9878
17541 25453
9705 27060
24167 26977
14474 15916
17743 18135
2150 7383
3667 22104
2628 21962
13470 15673
11610 18663
23439 26820
13398 27144
14530 20054
8173 12668
4780 6714
9794 19412
13656 24862
14662 18777
9155 9164
6278 20956
19758 26437
12913 17293
7477 9077
14242 19515
16963 19482
15047 21798
12441 21438
4260 21252
5681 6107
6603 20471
336 26100
5731 13534
1358 11755
2029 9264
3688 11290
10717 18723
5201 26309
7353 27454
12868 25350
1246 24521
2424 9631
1940 7852
2429 14437
3428 26815
963 10273
15695 25197
5943 9662
17584 22155
4312 6801
8757 13515
1719 11793
20564 22151
13221 15497
5550 16582
26240 26371
180 12405
10294 14703
3147 21029
1228 8179
19985 23074
2180 16398
4391 11009
1162 21242
3702 23034
4211 8057
2754 20315
8875 17883
16092 17862
5213 27659
17462 20334
21794 26546
16311 18211
9660 10146
4297 7923
4676 25704
9063 23155
23619 28263
7561 13337
5914 22452
3882 23507
12517 25330
21906 26506
19501 24307
9553 10090
4767 25617
5604 18305
20295 22404
13892 18740
14386 24636
1135 15302
1392 25823
13282 26077
10337 21307
3483 13395
22503 26603
4642 21326
25110 27835
9837 22210
6589 10959
8233 26544
7081 19598
2692 19843
24091 26853
6628 15251
17678 24150
15523 16094
15117 19536
6878 27839
21855 27826
292 2368
1405 15995
4442 11133
644 8785
6198 17338
10012 16333
518 15149
15017 20331
3608 11937
9077 11251
17987 27381
8145 26518
2743 8872
1993 10541
15956 24999
8818 12428
12577 25140
1322 12576
7917 23783
3059 14672
10935 22425
15857 17141
759 20692
2111 26192
8472 10954
967 2162
11304 18540
15022 15478
10354 21497
23598 24869
1819 22890
23 3667
3940 17930
11722 27905
16563 27908
14633 18265
2102 2646
16599 19753
3638 25294
18919 24904
1266 6285
521 15561
1228 14359
940 24997
17617 18963
3710 22691
21891 23283
19369 25564
6896 21004
22230 22310
1023 20929
26179 28211
3881 24669
8860 24989
2677 19063
17010 23665
10495 18041
3875 5930
7933 21110
9996 21001
5798 9038
2373 7801
1878 7087
5128 12111
6159 23405
811 20537
5510 19768
3608 8597
2801 10647
2980 4650
748 4465
13832 15907
396 19618
1209 21834
7019 20503
16650 17003
9939 13711
11475 26820
20008 20280
4671 22870
4387 22319
503 3126
495 17902
4391 24062
8427 19354
3136 14048
3958 6804
369 18679
4087 12388
16686 23389
17571 23839
1343 5917
278 14611
8426 15959
4133 21166
19348 21407
7641 21884
18018 23254
19546 27315
20064 21865
7252 18629
16409 22209
19293 19761
15623 19264
2714 13282
150 14136
6888 19565
14093 14526
387 2542
5042 21864
8054 15312
2132 15736
6374 6778
5946 26750
1022 15895
20371 21295
6826 27262
14590 21792
3654 12017
3849 23930
2956 8857
6523 7290
13413 24113
3488 20387
2093 10792
9877 10523
6207 24765
4461 14492
7793 27821
14971 25254
18415 25584
13424 27867
4519 18409
2 24576
2979 7510
4029 24897
2968 21795
2379 9203
11784 12700
19576 22025
7982 25559
16205 23225
13931 27234
9257 16152
2248 20935
2185 17302
9049 12029
1900 25262
25657 26683
12654 24823
1262 6764
18449 21041
6695 10874
9663 27447
13434 24406
15826 17902
7383 18272
6733 9609
13810 24637
11335 17963
12551 18419
9296 16103
1797 6053
6680 27987
3742 11069
4755 22875
5079 18406
6773 22143
10269 14855
26737 28211
1266 13165
18423 19375
1852 7375
10419 11668
26469 27157
6591 23631
5695 25341
1827 19827
8940 22254
21464 26448
3446 19139
495 26503
1686 18956
4784 22080
1999 13899
11436 14315
14094 24406
15308 24774
24888 27899
19584 24753
1095 18380
11254 18909
12765 22639
86 28031
1140 19531
6848 9367
7826 15620
1609 19033
56 18061
3895 17905
8140 21367
25638 26277
2340 2598
5293 9165
9511 20382
3712 22611
3793 8054
1770 15341
11254 16526
841 7030
12091 19522
8156 16545
971 2348
7729 20630
1732 2243
22871 25903
23399 28056
1071 26284
22055 25596
18486 24284
19663 21673
5284 23560
14748 16905
13142 27164
10647 27086
2186 25250
7509 16318
24665 26363
16500 26053
1919 26265
8795 23566
19926 20963
3784 10805
9265 12945
4563 14795
792 10230
5475 21881
25100 25180
6876 15184
5203 27522
7719 27748
18626 27042
13819 25043
2336 16435
4868 10023
6705 10280
4035 20876
19753 22309
11914 12018
10010 22630
1628 25610
16261 17858
2267 15983
8212 14014
4072 22049
14067 17782
17757 26775
1589 15336
18784 18952
17113 17904
2805 21044
6840 19216
7230 20769
278 2522
11692 22254
6848 11797
17684 24950
8185 20867
10972 21345
12452 17193
12356 20144
13970 23111
1073 21798
546 20854
20448 24576
12203 12747
19086 23679
9739 19704
11080 19576
8443 11107
8807 9837
3326 27032
3518 13111
5067 7090
3545 19801
5950 12389
2593 16150
3482 18992
5289 14771
2796 24836
7573 15063
1767 7353
5412 9458
4240 18720
693 21944
7266 25729
23216 27464
12551 23066
5287 24323
6275 8075
5072 14604
20037 25623
22392 25329
1940 7101
458 19639
1852 5827
3179 3694
12137 17730
1404 8737
9662 16640
11989 26784
13796 14887
23695 27427
1592 5694
18690 23340
7907 18357
2132 7205
18606 20122
17114 25377
23830 23921
13440 17069
5472 7997
6080 8501
10961 24672
3472 8597
6118 19516
824 14103
11630 17114
2537 14323
23738 26134
12460 27718
3 15401
5852 21027
2701 26869
1744 2061
1613 11283
6972 15428
5190 11606
21010 24106
2849 20958
4372 4700
19355 21650
3472 7075
7728 17194
3380 7828
7303 25283
5204 27358
17999 27936
302 4194
2412 2736
7838 12567
14443 23615
8898 21291
1936 12314
8938 14429
5883 22837
14548 18795
196 9317
583 10093
11529 19481
2213 3280
7885 20367
15561 21066
2803 3330
19856 21889
2348 23276
7877 26974
11235 16398
5181 20170
935 27435
3011 26147
78 18679
17350 22810
8174 24122
1218 25956
13032 21157
15639 23400
3953 14053
11143 26714
11039 24095
19379 22418
8924 10990
4607 19183
19768 28156
463 17164
950 18567
68 1284
11712 21073
19552 22042
12194 16940
2131 7881
787 17264
6119 25109
4524 19668
14433 26959
5497 20554
860 10128
17142 19483
5150 26554
20188 23436
3718 25301
24674 27316
473 581
8983 9179
5003 8875
13532 16504
2288 3947
9141 17481
26231 27105
634 9909
10653 24634
12531 28040
4647 15048
9514 14745
3337 25547
9038 24641
2259 12565
2759 17900
1623 2191
6517 17177
15842 22309
6931 23929
5680 22425
17176 19462
225 23879
10935 24148
13191 19244
525 7328
1445 24062
812 24570
5691 12538
7038 16997
6920 10546
4110 26063
21735 23367
8975 23377
4218 24738
2927 8737
14104 27760
15766 18362
13208 21086
7155 22359
13082 13391
1800 2044
9320 23590
1709 5328
2707 11129
13883 25571
4561 16748
1197 1549
6458 25208
10254 10397
7821 18605
160 11290
5094 25729
10023 15749
5984 9136
706 10703
11559 14911
16340 22847
13756 27382
765 9255
6630 7571
2185 5609
2617 3428
14571 22172
9250 27625
7768 20115
431 2542
14 5393
7031 27190
11111 22329
15088 16943
12052 12647
11989 18669
10937 22157
18720 23844
867 1315
2785 11184
70 6752
12532 25470
5631 18911
5711 6482
305 22039
220 14710
3903 17056
3643 11836
4504 6531
9575 16533
22780 26302
11711 21471
8536 10900
19991 22234
4388 12493
909 4949
24285 26581
16956 17563
16476 25552
7576 16939
240 14772
23422 27932
16794 18784
14604 24082
8416 10318
8536 17509
10148 19078
4708 8414
3587 12214
2239 19843
5285 19571
2916 20898
7091 17651
5268 17598
8476 22985
7410 15543
23696 23719
4831 18371
16181 23845
18259 21790
7195 22985
5579 10441
13754 22973
23243 23392
5063 9252
7400 19502
6608 21240
13970 15271
23669 27144
15981 26153
12836 14345
3880 5965
9215 11989
10646 22416
20714 24057
15673 24415
2150 15206
4678 26832
2986 11575
6390 24719
6430 24073
3785 18963
15161 21312
1864 26923
25546 28097
12145 27279
5082 22835
5295 18603
14155 24309
10116 24113
16767 21892
4039 17281
18234 27087
23073 23738
11522 18691
4330 27467
570 20280
6657 14129
11599 22181
8807 17889
15442 19835
22452 25986
4648 14390
1591 19309
15770 23013
12090 14835
23489 28036
2714 15037
11953 24577
1284 4424
6255 25039
9638 13861
1415 6817
21098 26680
19574 22769
7365 7429
12324 25279
2503 21649
137 3622
1117 1936
4021 6752
1711 7737
3624 20990
15800 23076
25240 26550
6206 23304
3412 12548
5594 24383
6072 20367
21253 24713
880 9184
671 14993
20542 23814
1181 13547
8454 24379
4606 18832
949 3185
9138 24922
2230 7132
723 8079
3065 20398
3603 8434
8669 17941
2764 22325
10807 17504
16582 20258
1848 3753
2520 12652
7759 19754
4604 28095
6458 25993
425 20016
826 15251
2179 27346
6367 21653
9027 15823
7332 24793
4422 16377
5569 23379
9115 16223
1402 5617
16052 18281
10424 23830
22856 26312
6189 24122
27313 27495
8870 12290
810 21639
10937 16113
3251 12559
4596 25930
3788 25336
11082 17565
5082 19130
7205 13392
8637 25109
23143 24095
5832 26849
4287 21688
23915 26880
9386 17782
4765 17763
4288 24254
15251 18024
16936 17326
6061 8985
3311 22951
14065 23506
3529 24061
4237 9103
1139 19902
113 1529
12537 16465
6801 17404
4216 6850
17409 22581
12045 24122
353 10146
10935 19639
6608 27252
25445 27853
3720 15297
1138 7354
2469 8292
10125 26752
5168 27603
1932 4439
3499 19394
5101 25263
9093 18700
18591 20758
3951 6591
11216 17097
1760 24262
1676 13578
10131 27260
7768 19813
13208 17540
14728 21110
7541 8449
5984 24422
7963 22581
867 5414
6722 15593
9497 24504
21905 27935
15792 19846
11199 17543
19371 19548
4143 5908
16901 18989
12397 21569
18136 20551
16955 20191
8014 18695
3021 26507
4737 25432
7796 17499
5707 24398
11636 12397
2521 11535
4012 24606
538 11599
1941 21000
13495 22452
81 24850
1417 12261
14795 26176
11309 23014
11757 25768
2670 24309
9441 28055
1604 23932
7731 9008
15292 17816
790 12661
11868 22080
1489 10553
11403 20664
5102 10354
7080 10015
5485 8353
2348 13154
6625 11545
13186 27196
1353 22143
7695 19874
6930 24882
342 11076
2636 23734
12260 14033
19105 19696
15798 22389
2986 11133
5647 7820
12028 13983
3576 6616
16544 27365
10279 17530
23510 23687
1181 13120
2635 25341
16851 19662
13878 16053
5923 7677
3162 24047
8069 10181
19829 21690
3214 5964
16091 19068
6881 28176
14675 15286
1 10646
10849 17723
3836 14956
26963 27869
16621 25316
1311 19246
12511 24170
5381 16038
19827 27458
1324 27374
5989 27221
2454 12639
2365 22227
1823 10701
8985 26577
180 18216
2038 14417
16457 23627
7451 14291
12260 22860
8860 23920
10741 18727
3268 5425
1534 11035
7497 8772
19620 23417
15996 25283
12100 22650
14016 19041
20633 25276
820 16351
2494 22901
681 21638
7222 19244
1795 14675
5379 19374
12578 18167
10438 17981
2458 17755
1900 14771
9466 15388
9263 23106
3779 27500
12877 13274
4370 10137
24172 24634
1275 12145
9862 18369
2942 17308
6308 19514
14142 25105
11104 16351
811 2283
8057 27374
17392 19162
10507 27988
7091 12444
9811 17035
1538 26585
2454 3296
17152 17767
11864 15895
22716 27042
7756 11531
1586 16203
4619 13516
9769 18498
1148 11526
2297 22320
16884 20324
1260 24904
15468 19042
3219 13732
473 4817
21730 25669
11080 18288
8349 16391
2244 27557
2573 25759
21504 24450
8869 27500
14941 22476
3997 25414
9424 25232
8275 24388
8515 27642
5911 23828
5716 20504
8558 16955
4795 12526
9683 18662
8717 8787
8715 21499
14017 14120
4609 18491
3206 20498
551 19606
1582 7185
14989 28176
20605 27162
3296 8875
15689 21737
1325 1925
6263 10497
5307 24061
441 15820
5475 10201
3758 22435
8624 24160
3559 23244
11396 18526
7342 18266
7533 10874
4445 15897
17326 25110
3867 7703
10619 11831
7398 22556
3298 28182
7956 9154
19385 22300
7518 23932
1230 1759
3873 23560
15622 27452
8156 20503
1297 9265
8920 13261
21398 23721
1339 3263
722 6198
3169 6058
3255 10286
8349 16108
7251 22350
7538 22103
12610 23083
12606 23912
14076 16984
16991 19445
13808 18643
3323 18704
2050 16999
17263 21115
16770 20740
1877 1950
2170 15705
7077 10160
2700 21134
11013 18247
11238 11746
5978 27778
1521 18521
2431 12361
271 17481
2647 25708
5146 26130
2699 17600
18359 24278
8939 16138
1410 24539
6506 22446
4422 28014
8990 25771
1343 22301
1635 13864
17391 18097
7002 22012
13910 16467
14301 16891
10747 24173
15918 19123
11347 11756
3047 23173
16239 19536
2590 17354
9670 21789
8130 14753
19034 23150
21422 27264
24576 27514
1049 25626
2170 3640
806 9236
2469 21364
18679 24825
16289 19964
1878 7768
2368 7964
23722 27084
11762 13567
17051 24364
3146 23603
10054 26573
3848 10477
20517 27702
18685 21632
8108 26077
1462 20786
3590 23111
4642 6506
314 10033
2269 16016
9356 18384
13306 23411
823 20021
5614 10079
17941 24032
1105 26573
16886 22725
6220 10751
9550 11369
2282 25800
3793 11082
2292 18595
18258 26570
13756 24005
7948 12363
7318 25163
10054 19813
7878 11518
588 9226
1228 24082
5151 21717
8933 25002
16314 20387
4305 15745
1635 12214
19548 22734
6116 21829
8487 14681
12921 27956
5966 7532
5263 19764
874 17418
6594 15392
7861 17481
23312 24908
6625 17923
5296 27769
5665 28206
7976 26021
2129 12067
11746 28115
9914 23296
7490 21028
14389 24554
1970 26984
10830 20758
5189 19888
5978 25487
16845 20347
9610 25157
8016 23176
11495 19935
1801 7205
3566 23914
7826 11076
12056 28156
4699 13437
354 22842
6832 13447
9184 24385
1169 25266
3634 10916
220 28056
25361 26598
9080 14838
5678 14611
2392 5071
19047 27560
5042 22058
22423 24127
6707 9951
8816 16311
1864 8036
5868 26464
26968 27469
11588 19763
420 22848
3053 5274
20773 21688
23880 25563
2764 4102
6239 9553
13121 17199
15133 24601
11465 22841
2750 16429
8246 18507
14022 28068
18911 22255
14033 19978
473 26147
18336 23265
21798 25414
8063 9280
17056 25254
1605 26548
20615 25949
13683 26133
4076 21374
8833 13225
12606 22441
7871 16688
5469 24765
5802 14251
14075 25254
7592 15825
8304 10166
4287 21111
7205 25182
16059 17081
1541 17543
25034 26230
13186 15672
3411 24258
11580 20682
1026 1356
8203 11381
3206 19115
2899 10110
6498 27465
358 11644
14694 17423
7813 18646
2971 14555
10106 18688
14667 25064
6221 14028
5716 12341
19748 19913
14297 26775
11495 17383
15435 26644
6523 12282
17837 19631
12591 17936
5588 22324
16487 18115
5019 19138
20626 23963
4769 24207
9465 16582
861 19885
1717 18247
334 11045
11944 25104
14057 18242
7489 22246
1657 26343
19972 20366
1617 26163
5607 6220
1075 21721
2806 13804
16955 18369
1054 10500
16573 24435
6516 11878
9553 23679
7975 14672
3733 13362
804 21806
13528 17963
27765 27890
18138 24437
3753 17426
437 9938
17952 20744
12252 17554
1785 22453
5850 23514
10344 19627
21650 25680
635 20480
3126 14204
1524 8488
354 6555
442 11978
13106 25412
17930 18149
14517 21712
6760 9377
13104 23520
7453 14826
283 16274
4826 9505
8921 13152
6930 15447
16712 19609
11599 15189
9510 12692
609 7012
5381 7103
13377 19222
16475 17573
2320 27605
16289 16386
10813 16177
19982 21006
20504 27758
9572 23265
5930 22151
6404 27737
1999 24005
812 22334
10462 14728
7004 9007
18780 26258
5626 27175
5 2518
1613 27841
4548 7595
2518 24131
1058 4802
1270 7113
11484 27381
2040 14828
11416 23081
505 26546
5020 16998
14853 20234
1196 18772
12415 12626
23955 25280
11961 26268
17530 27795
5108 25886
8148 18778
749 19237
7877 16369
9683 24131
12444 20667
13756 19830
17657 18221
7025 26276
894 11552
2530 22553
9436 9598
1282 22468
4916 19455
896 24576
19177 20402
10046 26552
1722 4121
13264 20115
18192 18354
7963 19588
9521 23090
9511 20469
10767 17535
115 7513
21656 24974
20099 24005
6973 14667
14997 18788
11534 16772
12781 27106
4066 22822
26945 27970
4454 16547
4721 26147
20008 20367
1177 16656
13597 13702
475 27015
7839 11637
3810 25343
9095 17823
972 11886
17347 20737
2336 22326
15373 27896
8555 14969
6833 19356
16928 20629
13180 18018
19721 25397
4209 7320
9666 12879
17813 26958
4689 10393
2399 8291
969 26503
20345 21874
1933 15633
406 23823
9526 18342
24074 25916
1672 8689
5879 18095
4993 21084
3953 15856
3617 5843
20157 22016
14981 23048
18416 26986
4172 26452
15259 26161
17742 24131
19298 27113
52 9263
21300 21449
16965 25956
7687 8100
289 25219
13225 27013
14033 17422
881 10441
3859 23628
16229 24934
4518 7550
2311 18211
19758 26389
12865 20737
14848 18457
6707 26594
4101 19712
9524 16904
2664 14103
9213 9659
15004 18799
17842 18545
5017 8597
19894 25221
13202 13827
3748 25603
11342 23365
17743 17963
7889 12068
21244 27042
17833 21330
9443 10639
1823 2320
3585 7951
4321 6587
3743 7113
72 28211
10748 15212
6606 15613
5475 7740
2054 8035
13316 18854
8059 11537
21323 25879
4515 17981
13429 26172
2600 11388
12218 20222
10643 16337
15003 24803
16771 22517
9850 12606
23981 25849
6957 16141
8343 14437
12427 25272
1065 22763
4311 9612
14342 16623
6738 24783
4101 23254
22045 23552
2724 21909
7247 14844
10160 15672
22996 24928
5150 20627
6350 11080
2975 8699
5042 16681
11746 15635
14421 15001
18794 21813
11337 19947
8381 11540
12155 16276
2150 14961
825 10407
1575 20123
19978 24069
12900 14969
1795 7758
2217 24743
1878 18206
14012 23973
10366 11810
4899 23201
3420 21945
2837 13060
4488 16230
7909 16194
563 11274
867 24616
13585 23574
729 13331
16890 17445
896 1405
3444 20557
10039 12066
6057 16804
2460 13787
4175 19947
5598 19091
2657 8481
24768 25849
17787 20876
8402 19531
10199 19717
4544 20773
6408 26358
10324 16956
7584 20665
6323 10764
2885 25422
22321 25992
2208 23194
1232 13134
11744 11950
6820 17893
6973 21036
16770 19776
14633 27954
21341 24122
1672 8277
9923 23467
20499 23463
19189 25906
18371 23949
7598 15104
327 7763
19817 22269
11804 12532
16288 17310
14592 18784
22830 22900
3825 13195
577 6972
7392 25019
5383 22496
2227 14697
15141 17819
3331 12708
19845 25221
3895 4551
2373 16049
4711 11661
15344 27462
6865 17055
6931 11076
8733 18791
828 17657
7307 21369
7907 25409
8180 13689
9157 19576
2487 13698
2985 6707
1172 19086
3172 18708
4874 14892
4256 23608
3287 23390
18034 21662
17484 27809
4671 25759
15182 16723
7577 21449
2502 7387
8441 8641
23214 23663
12385 27285
490 749
21447 24172
19821 23107
20406 22813
20770 27079
12852 19567
24074 26445
4288 14691
22264 23267
11963 13827
7950 11080
8852 14155
10451 13449
15132 22330
7508 25432
12956 17963
22670 26283
16194 25562
2602 24539
12341 14569
4725 18454
17241 21232
10967 13422
867 28049
11804 12056
13840 21120
18669 21078
4949 25299
5695 22790
19728 25321
7523 22543
8575 18704
1450 15376
1564 2929
14468 26361
106 911
22079 24040
5403 22251
6891 11436
6618 14255
4457 6924
8644 21641
19733 21981
13392 23365
15226 17087
14306 24017
7191 15353
439 4752
19449 23427
6058 27819
13154 19877
1151 1878
6879 11168
12111 25270
5181 26721
4836 17735
9603 19138
5832 8358
14626 16584
14473 27058
7020 9285
9965 11575
4584 21683
5262 23708
11789 22830
6085 21919
11011 25634
2711 3017
23152 24564
4789 25414
19280 21147
1085 4825
1425 11043
2439 14688
8448 16055
14886 16893
2767 18553
8096 11997
7987 12257
7763 19827
7017 11787
3810 25287
4299 19765
1613 3762
7783 17735
15425 16129
6846 25420
5047 14517
4700 12010
21792 27494
11295 17003
15549 25283
17417 21831
5994 12442
8349 17483
24229 24509
12356 20274
19058 25803
13995 22763
9389 22511
7324 12067
18521 26095
13190 23278
9496 27822
12866 20392
14014 24665
11544 14238
12647 13405
1050 15917
17079 27463
7213 18062
20427 24594
17869 23140
5391 23290
2986 5984
5309 24061
14677 17965
18297 18769
12490 21522
20467 27976
3101 10046
19941 25876
9614 16128
14728 22871
6915 12403
7015 14555
18091 23267
396 18507
9069 14661
6778 18582
8871 14604
16341 19580
1106 15037
5084 25273
6262 21187
2667 17524
7033 13867
8437 8493
3063 24576
9736 10767
11128 21546
16479 22046
661 24928
22771 22780
1830 26075
22639 22923
16184 26134
5989 9356
2518 26463
2526 7750
6825 24611
14866 24373
6398 23873
12434 21359
439 5340
659 10933
3108 8899
1885 26043
27706 28039
3970 14468
10187 19201
1756 14398
19662 19733
2929 16791
23267 26378
18520 20711
3619 7166
16258 22425
4253 8497
1613 27969
4608 11546
1878 14359
8964 14954
9945 16695
4433 20155
16276 17161
1178 21157
22966 28268
17407 25453
8692 26113
8025 22654
21738 23761
5994 16337
16855 23608
597 7132
23798 25433
11335 20937
6142 19326
13425 20392
8182 24069
600 6470
23809 26155
10643 18550
15644 20162
20397 25250
3501 27584
8447 10170
25110 27423
1516 20601
7420 10407
11112 24872
967 28263
1920 14657
19627 20553
16095 17477
9368 24005
3793 5466
423 11777
5978 22640
6177 26687
6722 8978
16095 18256
14065 22390
15952 26003
13468 22716
13762 17526
11953 12214
24509 28170
4949 10525
9696 18985
16744 20204
3338 20366
16024 19148
8924 18556
22659 26518
22426 25402
24753 24823
881 10245
2269 4649
11331 20363
9253 22756
11261 25831
21079 23696
19445 19845
8964 22273
18114 22255
12167 17108
1628 17164
13207 20365
5336 7975
5503 18257
20841 21779
1263 12765
1918 27686
29 1750
10236 23411
14964 22666
3944 24450
18015 26264
10320 16599
5327 24122
14995 25443
8559 19008
9879 25139
8028 24970
6511 15509
4095 5209
7155 27328
5055 18248
5155 24739
396 10015
725 18680
7283 27514
1241 5168
722 12657
1178 10428
4103 23538
8213 20583
6127 15022
955 3163
12158 23400
1240 22883
14440 25381
10023 18911
14595 27374
2894 24031
6702 27896
20399 23608
10591 18949
7580 13937
75 16982
20066 26244
2104 23561
6641 24980
23929 25759
7199 8801
2798 27599
10563 18265
17892 22977
5650 25254
3625 19566
2412 5146
13739 25338
8322 20789
12172 16738
9416 18491
7493 8987
19947 26743
8447 12602
1104 17604
5616 27040
16781 17118
1884 17761
14454 22872
23832 24081
17007 19524
7137 9040
2421 14648
20378 23808
5375 7820
14662 26024
428 26382
7677 21066
13208 17779
897 18361
3828 25343
2272 9769
12092 25876
10464 19281
17907 25477
25273 27369
6832 15480
8567 21012
4454 7701
13289 22477
2605 5816
16328 23181
5389 27019
957 9315
11953 24955
7988 18351
2521 12792
7205 23633
8150 19351
10449 24069
19712 25142
2172 24207
7720 25220
14591 22469
6977 24831
2981 8744
5390 15015
5386 27687
11657 23248
22987 26044
11143 24101
4999 14724
19775 27557
6926 10243
19326 27868
10057 11569
4806 15432
4649 7375
18852 21859
442 19298
825 1105
7068 11217
16042 16756
27152 27569
339 3928
5659 17196
19944 25197
15928 27758
16880 23932
3946 8679
16954 20224
18369 27050
569 24634
18480 22127
5204 8522
1724 6453
656 10794
3841 14539
3674 7850
13978 20472
873 14979
5036 22894
12122 26432
7743 19532
545 15285
19006 25392
299 24069
2096 15376
7321 17745
15834 17779
11677 23651
14285 24828
14832 21010
904 3863
2688 28250
3423 12760
9784 18674
11396 14642
12531 13272
3141 5434
9527 17728
14133 18320
8363 20910
6034 20045
3592 26813
18558 21327
12344 16328
12988 22180
3820 26151
1753 23629
19989 22416
2708 2868
14748 25559
7768 14604
8191 18745
4244 19192
5966 6177
179 21248
1782 4724
17032 22284
8281 24218
8075 19444
23455 25525
8872 23193
8373 27188
3842 27779
4218 7975
7584 23971
7185 16106
20370 24980
782 17604
14656 15943
17 4069
16048 19506
18373 22646
5984 6239
13802 22865
4263 22548
13216 14129
3364 4374
10152 24221
12419 25160
14164 24653
9571 11334
24720 27405
18819 19183
1239 10042
20944 22516
7187 27148
13744 23377
21242 23535
13169 22973
7258 9333
22880 23086
5051 11049
12119 20752
7084 13773
3446 11369
17149 19153
24576 25432
773 12945
23066 27987
15257 17990
1043 17776
17164 20480
5084 27155
16588 18809
129 5528
16700 21690
5956 23036
10127 23159
6973 16538
11628 27108
14507 19190
1878 9865
7944 27743
21123 24167
21369 21479
11023 17125
2947 3741
11248 24726
10927 11286
4960 26047
7019 20504
18475 27478
1777 25919
1741 23038
17211 21491
16517 20975
3676 11762
983 14163
1588 27685
14445 21647
19895 22644
14282 22666
24858 25502
5869 10354
11916 16322
1050 14272
11334 19807
21226 27810
11069 21927
22605 27482
17630 27197
7407 27857
5797 24147
5681 16317
9904 14473
9717 9948
10701 12521
22368 24287
1288 25759
14794 17672
11866 18581
8012 13363
10800 23338
461 23388
1852 2925
11652 26129
10189 21651
7337 17283
14777 26675
11838 24616
3585 27311
16284 23911
2526 20755
2116 25652
3059 4514
4672 23145
1240 12787
10813 17274
18697 22385
321 17757
16638 23854
18403 19237
3757 25039
9906 20115
1744 17341
341 5288
16849 17804
10101 23074
8242 21929
13875 25118
1418 15766
12351 20733
4955 16961
825 20084
10792 14973
5183 19061
4672 25327
14663 22416
17649 21673
3712 25575
18497 21410
19853 23285
874 14908
9026 24782
9049 15968
16251 23711
6788 12590
5443 11156
2189 3961
3188 14820
7508 12193
8730 12347
16077 17509
22379 28211
168 12966
11253 17527
11192 12093
4201 9774
12074 18953
4436 10825
1475 3098
5169 9962
19797 21633
4386 15301
6215 26806
49 8898
24085 25614
5418 12120
8654 11798
1966 14021
3585 5934
6410 19865
396 5115
8074 12403
12557 16328
129 6894
14631 14959
3908 15997
638 23905
13506 25453
16500 21277
16102 21122
4061 12769
2610 14713
854 6633
5691 24068
1754 13305
16988 23175
9138 24869
15530 25708
2664 8416
3102 25973
23372 27445
14022 16062
8467 16435
17458 26532
12077 25273
6398 17010
3059 23914
1622 7323
13534 21158
12029 26974
14604 19023
9268 14731
11334 27948
9715 25247
11614 13054
17474 26052
12779 21914
8730 27413
15676 17970
4423 27417
2474 4717
18861 27725
5718 8608
8635 21845
188 17739
166 15212
17762 19185
24057 26908
15405 22674
17 34
21343 21638
3256 4574
782 15283
29 582
4335 5905
9670 13978
10920 22205
5816 6489
6887 20291
22528 25695
5371 21569
24293 28198
8441 12963
3556 24648
12368 23389
13813 16814
6640 15857
2961 13127
4282 18192
9211 16763
16475 25106
6007 9635
1694 24888
6816 27209
2205 2991
24862 26498
9512 24158
2027 19734
1701 10835
1779 23831
16928 20354
10119 12708
18057 21979
588 18787
653 13966
15759 25833
5255 11451
4191 14683
15341 18247
4596 25986
17106 20310
11948 22379
19750 27924
20600 23034
499 22427
714 21420
15038 25771
4077 17059
9724 28158
7284 19219
10625 27662
2624 6126
9788 18281
25062 27495
16576 19539
1902 25847
6972 17073
1689 15367
12081 22092
26157 27220
9646 25587
16366 25598
3741 8401
13158 25306
7477 26781
1181 21516
7635 24062
18481 19140
9123 11735
8705 17479
8373 22054
10532 21798
7394 18538
4027 5440
12066 24399
12983 26928
579 4252
14471 21877
7718 8443
25444 26364
17341 27042
20123 25640
17137 18416
8772 14085
5906 26976
3447 19996
10507 17856
5162 18035
24104 27758
5065 10096
9799 17823
3122 13349
9750 18366
6868 15084
10128 15551
7325 22640
4949 14260
5890 22082
18736 23721
20181 23295
3711 10499
3858 21293
1571 7795
13407 20856
11144 22022
10800 18206
1126 3206
9575 11048
4973 25796
21766 26324
501 16610
17243 18184
23063 23082
17726 18214
19184 28228
245 5546
21398 25991
6552 18411
18448 24532
6898 14968
14374 27178
12565 19154
4568 15489
7135 13503
13545 27761
17202 24608
15972 17339
3878 6227
15323 15865
12119 22256
11880 22700
16135 21735
9022 11408
10419 26764
18305 25260
2883 16984
6498 14351
829 23178
3872 11727
7626 11634
788 10875
5087 8806
7852 24147
331 5393
4962 25342
3852 18850
1878 19827
19598 23409
2386 12402
2127 7392
15727 17065
2302 17509
465 25404
13656 18628
2527 20633
196 7915
9038 13351
14532 26343
4343 17177
1090 10090
13055 18009
3849 5821
11039 15346
9038 11563
5440 21390
6269 22820
14555 15067
2306 18784
9524 23114
7979 18808
2701 25713
16770 27173
14029 20400
18952 23106
391 1768
16959 23452
2604 18027
4528 17263
14003 24616
1112 25903
18034 19657
16160 22164
4581 27542
19971 23595
606 22316
18702 18879
630 1629
14585 15379
10230 24693
935 5182
12493 15175
18927 20162
17251 19925
17742 26743
12493 22546
15621 24719
2955 5082
7477 10170
2396 13134
478 1218
6552 14154
271 9897
16999 22242
7820 23983
6525 12355
11556 11821
896 13475
8063 15757
5205 6680
381 1507
1106 8177
3257 22449
9016 24512
16767 19597
3090 9361
15023 16092
11603 17989
22664 25443
9164 24232
942 11263
4364 17399
1055 24506
15501 24914
6084 23112
1421 16772
5815 27821
9250 13367
6898 9838
11396 27303
4717 12092
15188 18242
12211 19378
6177 14995
2470 21987
11985 14474
1803 10123
26810 27648
6612 6998
11039 21849
1600 24693
1014 25162
6832 20541
8886 10751
8733 18820
130 4414
18808 23845
6235 7916
7346 8122
13580 22230
10018 24507
2974 16226
1232 21226
8085 20615
14180 14695
1529 27013
1982 20144
3160 22010
11517 26583
9569 12069
9808 15012
5398 26786
5295 19938
6930 13875
272 344
2388 7214
4954 8229
1948 21354
6907 22956
8200 14998
14181 19014
17723 25272
21849 22012
3002 23310
3152 12652
11408 18938
9586 24738
3689 23980
3257 15354
18386 23472
12708 15619
7350 8739
22715 24977
204 22659
6692 10286
6725 19037
13564 14228
19415 22830
2399 10554
15004 21449
7471 18015
22908 24787
19247 22012
3296 17584
6462 16311
1308 15266
2031 4351
19212 27458
554 23633
332 22117
13054 21861
4024 7997
6342 18427
13937 14976
19902 28084
15660 20932
1888 7471
13298 21798
973 7387
12708 21557
19061 25059
16214 18876
2819 26397
6738 20635
6267 24773
1878 21245
3851 19567
18920 21111
1351 1910
1271 23762
5100 11534
5414 20313
12858 21757
13222 27042
15837 23104
18646 25399
19817 26503
2410 23556
14015 19812
2960 25978
21852 23389
6274 20805
2878 21852
22818 24368
4864 14687
1067 7461
683 6807
4069 22717
7392 26131
3622 18820
3204 23721
16447 20337
10436 23799
770 20363
476 22329
3071 5339
9294 23803
9614 24730
3434 10498
391 12481
332 2650
545 7723
9398 21275
11636 23525
9369 14772
17514 18480
14355 16679
14074 20196
11590 26181
867 15932
1340 14976
6299 28184
11785 21883
8190 22421
13853 22973
11347 22622
6410 14390
5551 18262
23932 27821
9111 24856
18795 23379
16909 27978
2476 3922
11201 24899
14445 16609
19138 21041
5894 25652
13171 18674
14712 20545
505 15196
21798 24947
9799 24415
1864 13193
6255 24521
4273 9795
3059 13954
13426 16154
6366 10234
6189 22028
3882 13728
583 17892
19960 26824
14016 22068
24539 26838
6973 26888
3617 19086
6973 9949
20384 22511
1180 5786
4564 22729
7079 14758
5409 22292
17530 25083
18280 23857
12124 27467
11552 14071
7741 19326
12874 18659
22616 25638
3585 15848
23206 26182
4316 8956
10462 16299
16796 19905
21798 21866
14438 24351
10670 15610
7739 24727
7867 25602
6261 8806
6639 10062
12376 18256
23585 24061
14133 18775
13810 24127
1645 9144
5906 8249
867 3701
569 2202
17733 20715
13437 18352
7263 19227
6936 23524
16743 24866
11771 17120
13560 20986
5138 13127
4272 17399
6776 16517
24059 27004
11397 18933
17468 25188
341 5301
10420 14511
10541 22676
13068 23470
5557 18592
4642 7247
16582 24434
18665 21821
7950 26970
5366 10312
3686 22007
9612 14954
16276 26073
7984 25247
15950 19039
15376 16276
15030 27924
23215 26994
4680 4996
19843 24801
4758 10473
8679 17443
7804 25349
13208 20743
20131 20310
5308 22104
4337 22997
2041 24486
12054 19774
6305 10646
14473 28136
4149 21058
6990 11471
20406 24976
10544 19688
22710 24299
13227 26438
9766 11904
1516 14223
11580 16955
3508 3795
4858 21407
10859 18761
5525 11322
1625 23927
1028 10871
4438 6809
1230 11591
18631 20564
11144 11229
23719 24750
9864 21959
4581 4857
4563 9782
19089 28008
16276 24869
12957 20222
20634 23663
4360 18189
10569 25487
18701 23146
1609 25283
3467 16976
4302 14933
341 16878
9589 24371
4693 12617
2810 8899
750 20259
16328 17431
17963 21341
8182 13984
495 9454
4329 12389
11232 25399
2236 22353
10998 22813
4675 11142
3888 9991
108 27743
11187 27197
3629 11047
6253 19982
13619 17530
8144 16727
18051 19999
2293 8451
6902 17539
15825 23265
4956 12712
24340 25799
1482 2533
1675 23932
21762 26005
1878 7473
3828 10826
24389 28146
1622 12565
761 25437
1609 14099
12468 26929
214 22062
4328 19723
21516 26361
971 3264
8756 15376
12852 22319
2206 9525
14543 27220
4536 25915
25070 25433
21849 26412
11544 17222
15325 18718
16991 23370
3728 6106
16210 17429
10416 19019
8003 25426
5485 7600
2161 19237
5427 25680
13373 16582
5864 14440
11913 22536
10318 25788
2259 12228
7101 18413
17028 25505
10727 18836
3728 21387
1211 16851
13480 19029
2605 26077
8275 25918
8824 14971
3287 25927
7747 25306
10810 21735
6806 13968
8794 9809
6355 6536
16173 19177
22153 23254
5454 20538
12371 25984
17742 18425
16992 19512
19322 25108
17961 22746
7377 12132
12943 13183
2112 8488
22151 22965
850 3599
13787 18761
16960 18249
16160 18986
19309 19922
2423 14608
8679 24451
2163 23914
10460 20312
14519 20704
13788 25067
9075 19722
3867 22285
1726 1737
939 2482
11156 18883
18522 28061
11382 20626
505 10027
17022 23506
11853 17941
5353 16006
1106 8349
8243 21077
24224 26717
828 16386
5399 25552
811 1529
6280 22640
17404 17977
5416 16276
4983 25707
1089 20695
22416 23794
9989 24671
3997 23143
19153 20919
14421 25978
14556 23857
160 19610
11422 22607
1181 21240
12199 14151
6106 21057
7492 7528
10974 19348
14034 21767
3703 14230
18861 24717
16175 18745
6148 9733
13736 15756
5685 17531
9518 24601
7773 8063
13672 27032
2670 13987
22236 22256
2067 24057
13978 25321
8944 15189
20665 21207
7802 19182
15304 17136
14955 21505
8536 21379
18189 22517
8222 28150
328 21438
112 13972
8797 13058
11154 25445
13915 15926
20980 24068
3069 13455
12612 22140
12565 17819
1963 3622
8401 22846
2348 16203
2068 16992
12708 17630
5327 27569
12350 20355
2662 4645
190 25465
12551 17310
15442 21679
6188 19960
5315 27924
9572 11880
369 23298
6860 14409
9572 24608
4597 22806
2410 3229
16745 24323
3435 25608
12388 26596
3259 10109
18963 23528
18533 25203
21278 23033
75 23722
20575 26133
400 16277
9632 21199
14141 19879
8536 11344
21433 22714
2642 24031
9642 20018
9992 14989
14126 14654
4072 16523
6656 22421
16200 27649
1138 5102
8081 19981
5694 14879
3076 18157
2518 9739
13193 18308
15731 19326
5841 22227
11687 19132
23090 25331
12424 22012
152 6268
13649 23647
7368 15804
6935 23661
4599 6785
8156 25206
5440 7311
3762 14771
4179 10660
10454 17122
16036 24062
867 15429
13920 17580
5609 24226
14464 25269
20582 24828
11080 26360
6008 20316
18824 25329
3634 22256
13485 17883
13832 15741
3401 18906
23469 28190
1412 17509
24261 27123
3831 24064
11484 23817
9327 20479
9084 24539
4301 25538
8917 22835
1107 10594
6301 24433
3757 26053
860 7878
2132 12397
9226 23474
1159 24575
9805 17692
2635 28044
15099 16878
2022 22481
20483 24326
1902 27478
5846 25727
877 23997
13446 26946
7533 12632
10215 21126
1361 12656
1349 18137
2705 17831
21257 23170
9639 24950
21952 23429
1489 18524
251 15178
19061 24519
6783 22058
12703 20711
2689 15930
7410 16386
3484 26087
1996 11737
4645 22493
15853 18038
7988 15151
356 5989
5787 18724
3129 6810
3359 3800
1993 5360
11710 27404
581 8770
4246 20991
11831 22543
15493 17351
1561 22848
12411 16443
7508 8624
9103 9217
2008 18208
6793 8785
6495 7614
15424 19272
10114 17819
2227 7568
10326 22381
3069 27508
16468 23039
5619 17500
24610 27387
719 22197
867 15584
4398 27105
2255 8893
17226 23337
2686 16965
17873 27413
10530 26470
4693 12956
10003 24272
18625 21891
23340 24681
9528 15900
13896 24271
16890 27642
4802 19374
13155 19185
3240 5009
6477 11960
6219 8041
6801 20395
15887 23457
10028 12037
11866 25910
340 12881
135 6876
14507 18791
1942 8711
5217 5275
3862 4859
1475 10887
10403 13391
21323 23353
22570 26981
5131 5665
2147 4394
14839 15126
10326 23095
17483 18990
6450 22998
7737 21318
164 24645
15661 19132
5923 6633
751 900
2173 4391
10140 17017
8753 14378
15001 28228
5476 22761
5554 8886
5765 21654
26331 27473
862 13789
2710 5427
6875 10399
5117 18541
283 23081
4979 9264
5151 25706
3501 19225
505 20235
4339 24931
7387 25260
4580 24422
1219 24053
872 22340
902 24507
23451 24158
22012 26559
4758 16396
16276 16845
867 14364
10438 24127
7676 16794
7809 21272
23803 27423
2170 24395
1097 15330
10401 15041
12675 24342
9730 16166
18750 23697
13259 22897
16107 21955
6227 24929
3471 16453
8291 22901
1392 19948
7877 22379
7702 13168
6069 19893
15964 18883
677 11951
1820 22666
10208 16742
22644 25647
13157 17326
8964 18833
17830 21252
17079 25950
18436 18990
4201 13292
129 20943
12806 24325
5832 27330
12069 13515
5194 23202
343 21843
23197 24964
2769 13766
4971 20587
3358 8527
15562 27821
6941 20585
1721 23245
5905 13204
683 20841
16064 26227
3993 10410
14922 17966
10210 19289
9084 9683
7623 23733
24171 25100
1169 11685
1726 15744
3961 9495
1979 12346
3738 21252
7695 21886
8437 26413
5518 10900
15573 17911
8724 22669
15202 25062
7725 20694
9459 10229
3354 19114
14592 18952
10531 17700
5886 10270
5594 24870
706 28187
7969 26204
3059 8377
10672 21373
16108 19615
22427 25123
17439 19400
2232 16426
3839 20948
13984 20162
26113 27306
9563 27569
27359 27811
16666 22116
15693 23585
24495 27051
3734 19542
3524 16096
18724 25397
18816 20638
10856 17029
19410 26503
18880 28092
12677 14564
12221 21072
20947 21991
9518 18819
3730 21366
24722 27669
1794 12839
4737 10216
10211 11260
292 4239
11241 27552
5904 12551
3966 21823
348 26597
9059 18739
9061 14527
3564 10800
6053 14997
14827 15443
9631 21688
9956 15867
12112 17692
12306 21763
7367 12378
25547 26901
6431 18251
2189 16369
5055 14704
20118 25758
3154 22263
495 18369
1630 9520
1944 16513
8424 26540
15376 22427
6908 15355
1878 23392
8485 13822
3628 8930
6817 16983
12538 18449
7825 22461
5206 22311
1933 17356
16263 21147
13739 14567
1817 4531
6206 22265
5600 14758
867 20856
7950 23906
569 9214
12049 20582
9339 16189
7721 19000
10579 25251
2414 6301
11390 28082
8930 21506
8673 9321
17150 18988
4081 16901
2647 9272
23776 26872
17364 26901
3086 19423
16855 22010
2628 12874
13677 26958
27572 28229
13277 25121
7746 23029
10957 14412
14479 18603
8261 28163
10114 18721
3882 16497
5309 15308
211 28099
4314 13087
5922 16641
11954 26015
799 15964
9584 17283
4768 14044
2185 2619
1959 9367
10714 16006
11348 24617
18717 18769
788 8348
17416 20162
13585 14743
9056 13566
6065 13293
6922 24538
2462 3848
4469 15690
21098 27298
66 23874
8220 25454
20907 25283
7456 8151
16402 20367
7917 20468
11953 14228
9142 23913
903 1042
18438 26589
8552 13669
7997 21366
341 24415
15214 15354
3167 26480
8098 23727
9043 25559
3242 7552
1226 11809
19926 21235
9725 19037
8884 19675
2009 20720
14091 19434
7867 27052
2487 16068
24157 24198
927 9918
9544 17284
7277 19324
4697 9321
16553 22357
4422 25329
23628 27229
4162 24565
7390 9536
6669 7300
12134 20635
353 25042
1180 24904
9699 10560
9242 19917
7073 15267
5601 21763
21438 22525
7746 15330
15329 22604
25440 27928
2530 22777
1097 13795
4952 19086
8889 20889
1379 5384
14407 26001
14927 19573
13602 18604
20500 22283
935 23753
8935 25329
396 3622
11657 15427
11637 18945
6430 14884
16051 22476
7386 21748
14088 19409
1688 27724
8040 10559
22555 25108
4098 18171
6222 14997
7494 24056
272 17920
15225 24019
9837 18318
11571 13789
25490 28156
13554 22607
10896 24961
1422 24209
1727 10935
3098 8905
2355 16218
874 10141
6633 17902
7312 12342
3482 20279
10972 23873
11050 15442
13985 21811
1234 21511
12945 14585
5701 28177
8090 17468
19712 23277
5382 20045
8364 18150
2607 27356
14840 23298
21984 27541
2676 5166
1106 18714
22550 23744
11884 23111
6462 24061
13359 16523
825 4789
24349 27790
406 26053
8785 20258
22178 27478
17082 22497
6726 10570
15973 19947
12342 17842
19584 22190
25273 25404
2385 18131
13002 17838
7962 13359
7023 12947
17338 17502
15030 17598
9488 17394
4325 14344
2342 12564
1142 8470
4414 12369
8441 10729
8384 18521
15165 17516
3622 23608
9717 11053
23585 28177
9838 17177
1440 1860
23074 24516
13271 20245
20816 24565
17889 25157
4802 14092
8757 18777
957 11812
2647 25099
15634 28127
6812 12422
6556 26254
8520 16369
7774 27005
9804 16048
3663 6972
4188 27970
2074 27104
26596 26969
23905 25106
12437 26003
16509 22225
2022 11030
5722 22896
10330 12855
7631 16494
6738 27562
16267 27204
15426 23952
7154 27294
12751 18630
12801 15532
14052 15960
17851 18154
25781 26993
7021 27867
9378 21250
21682 28156
17865 27152
13820 26319
9108 17919
10005 22679
7033 22065
4142 27458
22214 23705
17444 20861
4418 19704
898 19857
10741 18628
381 7497
10935 20427
6776 16640
10369 23588
11106 22855
4216 14638
5316 9427
17133 26447
1878 13815
11816 24298
6933 10618
6301 24576
7804 19169
4890 21390
5615 14271
10822 17199
1748 16963
11877 14710
15402 19957
20 14017
19033 23660
12610 18912
3542 8382
4639 15330
25421 27164
6576 9424
9109 21934
11244 16582
3420 24910
4477 22184
15640 25971
6936 7849
6404 14612
22808 25614
11452 23365
11378 20694
10026 11530
4081 7152
280 28044
12742 25962
3634 22481
5418 28061
14464 27593
17521 23715
4717 19467
473 14180
2702 9661
23217 26691
15023 21404
15048 23568
10230 27417
9336 13475
14233 20492
9702 28231
9274 17269
3689 17078
20329 25986
2129 9167
1275 15442
16228 18784
3126 23787
11417 14328
6879 26106
23070 27867
5292 12798
10543 15843
1567 10807
12083 14384
220 24263
1898 14880
5485 7381
18920 24167
9252 21038
4999 19143
22544 27202
7881 11483
26147 27087
15536 25786
11262 17244
11784 22918
10048 20272
8104 14460
5893 18521
10824 14196
2810 6620
10957 27128
8286 19545
7166 10393
7805 15169
17169 19775
18798 18950
4083 5119
10282 18226
2125 7164
2189 20685
15792 21810
16002 24537
24444 25029
14867 26809
16386 20339
8959 13098
11943 19933
12234 19749
18843 21904
1466 10845
4201 7477
789 25344
4142 24374
1605 20279
8954 13324
8177 14389
4534 9160
11649 14732
785 969
1936 4180
7491 27937
5049 16178
9896 27796
3657 27115
609 25966
1045 19287
9260 18535
609 23932
23847 27977
11991 16512
10102 19281
12965 14719
11113 17126
11495 15288
5055 20789
5327 27821
2008 25525
22265 23094
11800 13698
2984 10581
5197 22857
19138 24393
1375 20937
14508 25735
6740 26127
7031 12243
4902 22896
11722 27283
20171 24122
17420 21210
18116 24590
7737 27108
1324 3863
21565 25636
3788 22209
1717 12368
222 5832
1697 23145
8990 19784
6891 12020
1284 10333
865 21724
9663 15950
21761 28085
3090 12017
2153 16228
826 4691
7213 11701
17951 28177
3521 24659
15616 25525
4919 16430
5626 13937
1144 19068
20297 20593
5651 22091
20880 21631
14136 19311
2410 3166
21256 22079
12800 23109
17482 23754
8756 15910
493 22872
1638 19247
17955 24530
17977 26850
1423 27810
1340 10625
9509 10342
15301 21113
1015 3275
6640 18606
10982 23379
3810 7123
2189 15729
17797 18616
8438 17914
3470 15787
5776 26068
7741 21291
9137 14037
2302 19249
13472 25294
1843 21981
5620 27404
10313 18357
8882 15442
4029 9845
19601 25034
448 1331
16313 21497
1404 18939
24169 26709
1713 4626
4216 12306
9730 12443
16942 18331
3562 17603
8609 23220
2157 26620
26223 28137
21028 27665
18521 23977
11260 26260
7841 10243
3219 5890
21746 21809
10509 24054
73 5832
13647 27861
6608 16727
7645 18078
17482 20162
7954 24450
3826 11688
4477 22186
346 27745
9275 22450
15440 21929
3882 15453
6861 13197
15992 26654
495 11551
23267 25905
21369 21886
16770 24566
2667 18255
11977 12508
820 5221
1604 19712
25057 25505
8831 12419
13328 28238
13847 22310
17749 26688
4823 17599
584 3869
19675 21695
2850 25753
7877 12287
12483 25414
4626 9253
2045 18811
10476 14783
15804 27740
9967 12040
14711 17201
412 14031
19706 26463
898 19410
4751 12092
9327 20954
11439 15749
8109 9320
4515 8057
5690 16767
10039 11466
4595 18651
2413 11601
3465 18281
12811 16197
8972 11084
3162 16643
15633 27589
7999 10916
1814 27296
25590 25927
21991 25287
24435 27647
2304 8469
14534 20757
21438 26541
4086 26996
9653 16107
9215 19015
3667 26258
13104 22549
7208 7296
2336 7375
5734 28013
4201 11079
911 18369
140 26405
17842 20544
16073 23404
13431 21712
4339 5466
5628 19524
10875 15749
23656 26322
1830 6300
4945 13142
867 7087
4216 22790
86 11897
14010 25306
7482 20741
4477 27927
15536 26312
3491 21839
25525 25823
683 12233
441 18033
16924 26749
11081 21071
18533 20171
4923 19068
20388 26400
169 4624
1520 7342
10405 10986
1306 3759
8675 18885
17237 18230
12090 14564
31 18244
19464 23454
3853 25817
26133 27211
17020 17742
10350 17426
18088 20243
13656 19884
3553 8558
3846 11744
3748 20002
211 17331
18600 25259
12360 15159
3872 5309
2015 15286
18792 21824
5267 24053
6737 17309
22857 26150
2596 5669
12888 25034
6134 25575
9049 18308
3189 7031
13367 15729
4278 8795
4326 11994
15702 15734
5465 14530
3649 14817
2709 25397
3615 17343
17422 18688
11826 26057
3068 17498
5504 22449
10531 27087
1851 7861
1949 24708
14912 21798
7945 22676
9814 25875
14563 18402
10902 21673
473 17165
2210 11251
3227 4125
740 25559
18133 27373
5214 6222
10532 27715
19616 27982
7390 22237
8855 21991
23605 26628
24062 27927
8824 14365
4089 12120
7141 22771
485 2518
7114 13091
6454 8462
21192 21615
5609 24465
6469 11484
670 24955
2393 12994
11814 18534
12727 26608
8919 23781
400 4207
6773 11634
12038 20757
1379 24245
10028 20086
4073 4813
2106 13288
11124 24643
11971 25727
843 15484
1294 6760
10042 27129
17857 19539
7772 19340
18679 26212
16313 23644
8018 22300
7031 9959
1881 15122
14180 16928
9270 14942
355 8926
1229 8958
2894 19189
21352 22415
9262 26769
17198 17757
11712 24596
15877 21101
13888 22746
6408 26116
17733 22425
1052 5484
6857 16717
4984 16036
15477 26312
12447 23188
549 4670
5387 8753
7835 9720
10743 13075
3141 10691
1550 25525
1422 13789
6346 17627
4758 11295
6741 19295
6618 14791
16475 17560
9904 24663
7275 8155
2028 21963
11569 23071
2746 18181
5989 11727
5275 21173
24799 26829
273 23736
16374 27726
18824 19373
13033 21577
7176 13152
2474 19019
7023 13029
8706 12484
20300 27228
23062 25035
10303 12023
9553 10304
2708 15661
2892 11798
20922 23934
14024 15920
47 24934
1372 9951
24929 25847
25214 25711
17536 26880
10298 24005
6773 9670
5704 6973
12501 19573
13158 14010
6891 11019
20127 23104
10185 27461
3373 15511
12474 13484
22729 23830
18160 20773
13856 17722
15317 18160
12657 21010
1302 20054
12523 24300
18759 26744
11628 22322
11535 25894
7329 18015
926 4205
8787 16267
15549 20972
4328 23354
554 23157
3121 22787
7831 19955
9647 18848
9019 23016
13767 15441
12971 16679
11082 26244
12055 27560
7721 22380
2939 26200
19215 27087
19138 26852
7439 10213
4967 18884
6161 19857
7432 7950
22973 27762
9211 27890
25542 27611
19206 21338
11026 26827
656 13025
13129 22186
1103 27224
25636 25908
26838 27887
1925 3431
16333 18651
16276 24069
14489 21738
2708 22779
11985 19025
139 19378
25628 27596
2602 15184
17592 25468
256 13574
737 10822
12917 24189
7112 17963
5504 21296
13363 22216
19876 24690
3268 8188
13806 26945
3279 3390
10973 19081
6103 13054
9986 25185
12368 22885
13415 21269
17169 22992
8161 21384
15353 19595
4408 16517
12927 16905
15629 24217
4627 17397
3744 12818
7216 16210
729 14971
9090 17430
8155 12540
3852 6427
7987 16957
3052 6994
6891 25328
13344 13802
17676 24309
18993 20554
11817 13032
25167 27835
1790 23315
1239 7635
11471 23437
13328 19169
9701 19634
253 24965
926 15391
6948 21729
1860 6780
12615 27005
406 9881
6266 12606
10693 18615
20678 21498
9357 10854
2826 16597
2623 25054
1374 26409
13419 16862
15393 21716
19237 27087
3667 25993
742 23387
3933 11651
17819 23361
15866 18323
15682 18296
11599 13550
7742 8169
16318 19000
9422 12765
13202 25977
942 26265
2317 2516
1925 21366
6342 22203
976 21829
1169 15324
21321 24765
3757 27514
16888 18635
763 18251
24219 24653
25999 27686
15338 15424
1140 22549
7000 11244
770 5999
1630 6271
5485 9367
7438 24908
9341 14993
10901 18507
7054 8947
1541 2022
3561 16729
8411 18332
3654 8511
12683 21195
15594 18461
2017 27042
15991 25028
1433 7000
15392 22956
3300 8295
710 22464
12444 21094
5398 18481
10261 27599
835 21146
13117 20230
406 2841
21802 22400
5150 6177
10113 22236
6254 14771
13481 18786
974 17319
862 24516
3310 8248
15874 23082
8924 23851
4408 5130
11286 14265
13517 25962
1364 11312
17166 20363
5691 19285
17578 22127
6773 7568
17397 19398
15562 22780
2891 7456
1020 4087
14276 20654
17801 27294
10298 26752
9767 24229
619 22357
14727 19356
21716 25183
9811 27702
21057 25107
9209 15735
1167 7488
19095 27932
2491 9077
14110 15443
11327 11634
573 11785
1779 19242
5680 8872
6879 23574
3544 5495
13761 26431
5691 28040
13939 19761
1015 3753
9525 14657
1893 8108
8672 13386
7951 24108
12186 21809
1083 23210
22134 24259
24241 27853
9633 16673
797 22783
15824 23837
2583 4263
1755 22575
8243 24616
15832 25507
11623 18683
1500 11484
4949 25355
1349 13296
10704 20222
9012 19356
2782 20633
12945 16150
3741 20053
25570 27382
1529 27954
13046 22104
10660 21656
5984 15676
11898 12651
6776 21293
1747 15654
5074 7003
1948 4101
23707 23719
14947 25982
3056 26931
3634 22930
2085 14296
1745 23445
1672 21006
4802 27613
3872 22283
437 25696
14033 26946
11234 24547
11216 17562
6855 17084
3284 24479
4110 12437
15251 18887
10242 24122
7495 22322
12086 20664
9321 13710
5046 19008
17992 27240
8386 27001
9797 14005
16071 21955
7881 19645
10831 15534
19140 20092
15251 21071
3577 24854
9631 20786
25504 26176
17532 24731
10309 16627
1538 27795
5978 11322
11816 14574
15464 24868
13241 20204
8242 24509
5505 15370
2357 5694
11512 15712
4675 17167
11677 26829
7935 22409
3920 14552
11431 25903
5655 15112
3289 6155
17518 27731
6990 7320
9582 13506
7647 26503
22966 26793
19023 26266
9607 25559
6158 26670
20507 23312
4101 25140
5672 27150
5 11385
10149 12591
1279 14772
15791 21688
12006 15623
18164 18348
21409 27052
13810 26053
5162 19979
10745 27222
6875 15284
1672 13375
5147 23995
7536 22607
20339 24104
1761 9518
11807 18265
24662 27456
14387 16595
1797 25435
12228 25949
7509 26753
2938 21430
20242 27293
1361 1797
3728 22255
21908 23763
12671 18443
23183 25163
6951 12034
7869 17424
3355 18622
2213 3522
22655 23123
5300 20210
22905 23358
10090 23983
2664 2701
8011 25134
8536 24491
4076 11387
9850 14104
12962 16152
20985 25091
22607 23719
7041 19059
1023 7320
7869 18784
6801 24099
15843 28170
1541 25357
13472 13699
5289 23719
18278 27350
906 24430
14070 16904
1008 25336
1878 9672
4253 6876
14242 23762
3900 15983
7185 14355
14630 19177
1840 26781
24289 25712
6514 22763
8466 16942
10559 20162
382 8781
327 26807
18065 22469
8378 21703
16954 22350
8893 20448
344 19333
7541 13933
2938 9043
4181 19203
16016 21981
8239 22067
12498 23721
3329 10874
3634 24042
12115 23930
12808 19827
1545 18777
3882 26674
393 16373
2807 17663
1670 19409
1609 3269
17209 20865
25185 27887
23373 27659
12629 24867
10220 14971
6269 23165
2317 26741
12696 18591
6610 16499
22040 26340
1935 7896
2635 7885
5768 20551
1755 8269
8515 9260
18941 26405
5386 11488
2144 20234
10756 15271
12451 26127
1576 8692
2104 18679
17836 20087
7677 21767
10559 26167
17364 26207
1106 3356
1399 22184
220 5339
2002 14007
4216 16612
1460 15613
868 5879
18312 18667
14145 16322
13810 16751
825 10323
1597 28034
31 5536
1015 22457
16276 26878
6702 15170
8613 27352
193 27821
3231 11486
11073 27868
825 15090
16323 17427
16627 19236
1884 6221
17263 19548
8434 11500
11781 16155
841 17196
22130 27974
7888 15171
20127 24557
3071 18259
272 25460
3503 4607
788 12134
19223 25010
13681 27199
10603 14247
8579 25884
21462 27273
6848 12049
6589 16960
5651 22948
16083 16983
6446 18588
14797 19404
25904 27719
6680 7598
6645 11484
7909 14680
2375 11428
8990 20558
5041 12116
17723 26665
22564 23034
7007 7492
16201 27702
6182 18979
1036 4959
799 2988
6798 25709
2324 6632
6483 11790
9084 11529
10015 13384
5437 19879
7659 8773
22012 27932
1387 10712
11647 18921
8770 17214
10160 21902
6011 24806
8502 14577
14390 23361
5361 17928
5410 17017
8484 14998
2373 23334
13087 14437
16428 21909
15713 22379
15952 16919
10530 22947
9023 21004
8396 21029
5716 24530
21351 22456
8257 12912
165 2895
6255 14027
7387 16257
8096 24444
21000 24395
5758 10495
12508 22079
1726 12759
23897 27314
24637 26764
7900 9654
2297 24095
15341 26880
7297 24717
7616 24904
5065 6517
20145 23243
505 9762
35 2015
19536 21963
22580 26929
5551 11504
4336 19792
9536 27368
9797 12509
14552 14906
13093 19123
9408 18541
18434 22311
7647 27788
12716 25568
11366 19195
1672 22479
5412 9730
5852 14175
4672 24883
6923 11970
17407 22205
1475 17070
4941 26222
1814 3507
8014 27755
15050 26457
7108 19440
3757 26946
3997 15429
15019 20367
10462 18128
3554 6967
10292 20310
4378 25371
4438 11899
16666 23234
15839 24774
660 14228
942 7171
11254 12257
7281 19338
3758 3761
814 23267
19122 22020
2928 22321
2058 6296
6779 7031
9016 25474
8773 15952
22894 25431
15731 20692
3934 14333
16953 24095
22996 27841
5978 22871
4216 20548
13222 26429
15981 24062
22460 22681
4693 5325
1356 16501
21739 24841
7343 22960
12452 17250
10288 16191
6584 13240
3483 23588
15907 24721
24723 26476
21955 27698
23836 26457
4592 17237
18377 22038
6098 24539
19979 22504
1384 17482
20286 28108
6198 12111
1920 12869
17656 26946
6154 9615
16694 21886
11456 15074
4140 19430
16842 21105
16148 27030
13112 24641
4794 8959
7236 25228
1456 13836
7804 20633
909 20993
11193 19482
7497 9616
4355 14817
7508 18521
5289 21941
2503 10767
10179 16624
3947 17335
19351 28175
12573 22296
6131 6977
11416 25699
1052 16187
16742 17370
16475 22481
187 25397
9095 16878
805 10981
10959 25642
10301 22503
12646 21523
327 15470
21154 26603
18952 25027
3572 13838
5111 22004
5765 23106
3026 19386
16203 27100
18001 28035
4142 16121
4475 16915
6994 16299
1033 16901
5978 23629
5 13709
1080 23675
332 14125
782 3296
13524 27881
4142 18823
1948 26503
8368 10920
21946 22287
14604 19668
10454 14082
10847 24005
493 11688
5473 12590
1755 2708
15874 24595
15579 21616
2111 19553
12493 24061
7644 27387
854 24444
12479 17717
18 4999
4492 25454
12110 21929
1188 15727
1449 22430
10321 25040
9289 14456
8478 25634
18470 22492
236 25966
26085 26640
24062 26153
4601 21011
6533 21886
20138 20341
7892 12003
20032 24028
7105 9203
5564 15428
5344 19598
23703 24322
2320 26584
10438 17142
17734 21345
21123 25607
1141 20746
2137 25194
1970 17133
5818 6968
584 9065
3006 13384
27759 28217
838 24857
890 9260
23609 25586
4325 12112
10496 20292
4086 13978
4665 22531
9851 23935
4927 27719
4632 17020
9837 22104
349 6794
10646 27213
12510 21748
8508 20021
7076 24187
4101 23679
17445 28277
1507 14851
14657 24127
3856 10309
7073 18449
18227 24911
2382 28092
4541 17035
8531 25769
17739 26106
8812 15399
5383 9654
3751 5275
7871 12127
12244 28211
4902 5722
18784 21484
13241 25911
23437 26665
8054 8248
18344 25915
10350 10961
16622 20704
22479 24738
2648 11432
411 21674
8346 24864
1711 6389
19614 26480
10048 26168
863 17963
9518 13999
20422 22180
3728 6179
9053 22421
11080 21875
356 5930
3287 8145
1852 8467
2949 11569
3531 7101
22369 27685
563 21839
2132 3944
3860 8895
4646 10352
22107 24450
10453 20718
574 11248
8739 19817
5252 24064
9209 9614
7603 10937
1142 23310
16608 22834
12161 15642
10284 26095
3947 21846
4162 8956
4189 26148
7758 17505
5362 27698
20401 22912
7612 18328
1116 12045
16194 19898
18521 24804
23530 24657
21231 22910
9255 16245
10674 12346
1699 14541
21312 27792
10254 23178
4187 16860
14093 20109
2452 25063
9454 19086
12246 13962
14158 28167
12887 14193
15181 16388
11479 13046
8471 21353
16852 21194
9918 22462
9924 13222
4919 23161
2163 13736
1291 3415
108 23050
8899 16016
5923 21438
18823 24830
341 2483
16901 18791
5716 9446
640 18791
13467 14828
25428 27031
14881 17451
11408 22768
18201 21147
16025 16984
4424 23213
11917 13682
2255 13266
4323 19853
24221 24510
1669 8676
18626 21473
26035 27160
7885 11809
9396 11849
20867 27729
4178 6868
6594 10741
4379 18364
8015 25120
6805 20380
15162 15559
825 21230
2026 19782
11270 28194
3741 6548
3872 21398
14324 18464
5941 19611
9536 18276
11575 23265
11616 22843
13976 18324
18449 20424
977 14167
17165 17779
19085 22646
21113 22184
3651 3970
369 14080
5473 19399
2058 27428
2957 18679
5252 13284
7635 8320
4108 5229
272 21203
9843 20579
5133 10662
7741 27052
17456 25272
21096 21671
14971 16938
16998 27514
2094 14916
75 27911
8925 15180
19374 24600
4165 11361
2325 19081
15106 19909
252 23876
26260 26358
15477 18679
3055 24774
6703 12236
1958 10291
7992 14658
828 1188
6078 12724
4133 8585
3646 14015
14995 24608
14446 25550
3790 13721
1803 3440
2375 16806
6563 21663
5008 23929
2664 10747
8948 18945
85 16709
4321 22696
327 2759
7881 17591
3741 26708
10844 16197
4189 24691
24171 25748
12515 24132
11082 16107
732 3169
2826 18285
7132 16660
27039 28087
1004 15721
5825 10799
24780 26513
1023 17097
6170 27324
1900 19039
13385 21811
15457 23963
5168 21837
1403 21831
16960 24598
7105 8605
5373 23194
5459 13706
11076 23829
6177 20876
12587 23952
4043 22566
24386 25851
12838 20817
22763 22947
17294 25608
2022 14817
3733 18304
2003 13328
7632 22861
6528 8826
4442 5984
314 12608
17611 18918
17140 18929
17445 25301
17404 27389
1116 3309
24324 27179
9615 18049
5114 19301
3306 11354
17194 25935
8094 24073
435 10408
11641 18654
1725 4573
11773 13776
6719 8579
16002 27979
20758 22605
921 6476
989 7986
10559 12657
6693 7828
5857 18557
3264 25219
7592 7677
17214 24263
6614 21315
3337 23467
7746 20031
7375 19140
6086 21902
12087 24723
1317 5592
1085 23781
5466 17961
13644 14591
12708 25443
63 9646
8458 23430
7443 20167
5246 25330
11467 28205
12056 14559
1402 19680
967 25959
4552 10578
3287 23964
2619 17735
19615 26525
2427 24082
20665 24371
1809 5810
626 21962
7923 26889
2635 4154
3122 27374
6632 12758
1105 13093
1331 25962
3630 15825
289 25272
3889 14475
3107 22268
1025 16961
2302 18850
12667 17983
1851 24255
1645 10820
5745 7486
14048 28215
9465 18507
1425 28063
5716 5739
1126 3987
5430 23764
443 18361
6306 22255
17482 19990
2373 3421
449 4737
14665 27993
10333 18434
24904 26396
7963 18174
5102 17752
8624 19647
424 16333
18957 27991
811 23404
6239 22168
9853 10342
8624 23363
3759 10578
604 25614
4925 24229
7768 9906
3816 20946
18950 21149
15644 27229
49 14731
1395 1411
5844 10326
214 19670
6506 7632
1730 7607
2596 18669
270 24689
3966 14809
7285 18605
20020 24706
569 23303
6333 10535
2667 18933
9822 27041
3850 14040
13830 23113
1234 9327
14546 23454
15442 19959
1188 5716
6212 9613
5794 22334
21804 24326
11167 18097
4080 14586
15906 16493
11416 15839
15985 26949
10263 25981
1042 26107
14814 25865
16142 18461
7325 12428
253 17607
4802 22454
4581 6888
3296 17923
10517 22232
12678 22295
19835 24199
1781 7153
2708 8511
3101 10440
4234 19895
27361 27479
21821 23113
9709 25653
10674 11847
1308 27347
13564 27300
3154 13343
6589 7567
400 8403
15857 18641
3015 18361
22992 25561
2197 9078
9254 9722
8411 27460
2315 4949
11306 19029
7839 20257
24017 24586
180 23857
583 17197
24098 28056
2643 28125
1604 27821
3889 15920
3695 14955
11474 11484
8480 17017
26250 26993
969 12264
3257 11294
18517 26053
10368 11194
16268 21881
1023 8710
1719 11295
7881 24061
15996 21617
1070 1818
4409 23395
18594 27801
10252 20186
14197 15622
4029 23265
14662 25229
9724 9837
3828 7468
5418 27886
7885 20355
15749 21229
13780 20222
8914 22580
8365 11269
12369 20384
6061 25405
3845 5398
8321 11417
9690 19066
10326 11062
23267 23511
21166 22885
23187 23254
10935 12689
17709 20227
1796 5554
4949 22106
16639 21919
8155 14958
11030 18304
478 11553
13054 26497
7802 15499
1361 28028
11877 13161
873 5283
4967 17487
7796 14609
18177 25306
1573 25032
7495 19443
5077 7209
21233 26955
2061 13171
25950 26377
396 15376
1142 14783
15983 17211
12864 17593
22020 26469
10876 27449
4178 8746
5267 18369
2748 18736
1618 11875
8492 27502
6495 18104
3921 18997
1171 22787
1594 14881
6126 7975
13373 24415
7293 24069
18962 25894
18955 19267
17526 21822
5185 26613
7977 16383
3102 22188
7481 13864
12485 16963
19525 25202
3037 11817
13937 19909
21857 24779
10660 10682
9800 24244
7779 13973
8956 17165
865 14032
3625 4361
2954 10725
3970 15996
16374 22616
9524 18271
2368 9968
18541 27913
2727 26608
12056 22688
706 26077
9291 10123
19907 26862
18627 21006
18633 25623
6832 27078
12041 14885
6975 22605
17640 24775
19496 26582
16374 20213
11795 27703
11161 14662
18787 22716
8742 25517
1 22616
23375 26821
11877 14178
3794 16562
22464 23285
7787 14828
7783 16460
10372 15391
15668 17457
16516 27557
7927 8084
22194 25741
6318 13099
18256 27848
7718 11727
14584 16585
749 2929
4878 16090
12363 27243
14106 23925
3666 18265
8646 16388
22193 26278
17821 20841
16851 23573
222 24194
24326 28089
14901 24406
8812 18527
17114 24869
17454 25299
1590 6284
11368 17838
16766 21442
4232 22516
7584 26787
8280 27710
6367 12151
3665 5327
6937 10832
11754 28194
1769 8296
11295 24055
11082 15866
3214 27676
16708 20161
2040 20022
4386 12402
514 24158
5472 24855
9059 26704
1412 8797
4544 10125
6042 9610
3126 12180
7491 26900
5112 8889
4750 8368
12365 24872
7231 15919
8938 28196
5485 21466
4574 8500
3952 9736
21111 27612
11149 16888
4918 7919
11447 21382
14750 24425
10935 20500
12429 23659
7483 27029
8785 27042
14 19287
3810 25976
1249 4742
16149 26137
51 4893
2410 4819
15035 16867
7248 17259
2945 22307
8105 28092
5876 10294
23799 26397
9901 20959
3400 26127
1688 20127
21428 23021
8705 13443
1920 11846
20833 27179
13578 20586
14396 15376
16868 17254
9629 26544
8510 9638
6163 14942
20 28169
5704 24172
10935 17507
10441 25563
7185 18787
12811 25760
3580 12737
1830 7607
7492 15467
1126 9524
7950 10092
3228 27274
14768 22273
1207 25341
24608 26710
17412 24811
4638 15349
8168 9323
6729 22536
8924 24244
9194 15996
9574 20057
11927 19004
10101 19091
7927 9465
8735 22796
25349 26727
6495 9215
6048 11080
7896 25341
11411 17779
16454 17385
16452 24598
14452 20579
6072 25080
19966 23062
17376 22884
7320 9874
3012 16939
9454 19817
16917 27860
5468 8100
6658 15949
2401 26063
1158 11880
11163 26340
11273 24104
15090 16422
4827 5855
16313 23202
11836 23251
3683 4800
13732 25287
19203 24068
620 24676
6452 26074
14055 15916
6489 27428
7398 19514
2603 22581
14814 28127
24762 27978
2883 26168
3488 22633
257 24344
22847 27358
21201 27485
22160 26096
10357 26678
10289 26395
5893 22835
8828 25107
12836 25283
5048 17560
3936 23718
11449 17857
15784 25115
9772 21893
1959 16680
7152 15823
19380 22752
4255 7099
9732 23566
6065 18985
9805 16107
15298 15597
11023 17933
12711 21990
10560 19171
8689 26957
16748 17025
5865 15723
1272 13800
9683 11334
7600 14050
19013 25410
20338 22521
11696 20046
22117 26510
23102 25192
5981 6495
4722 5978
2995 15130
13274 18428
1918 16961
11997 22192
3482 13690
22464 23909
11042 13272
13460 17017
22403 27433
22278 24586
7945 13161
18034 20236
15428 24474
7390 8291
3940 9268
10691 15739
1236 26547
9260 25301
10041 14592
8177 15530
23182 25559
1164 5134
14288 19500
19600 19602
5216 16152
9250 11964
12194 17527
15286 16261
1045 20054
6674 20959
14369 14989
17930 19869
8990 25468
20859 28259
12945 17513
17505 23437
2179 16941
11447 16362
2334 4960
16683 22180
10405 11164
16062 22583
18997 25107
12506 25540
11197 24715
1930 11302
21231 27831
5042 10889
843 22087
4708 10715
13912 26742
10160 18435
4004 21755
17102 22278
15104 19967
7900 16487
12726 16526
15729 27760
5004 5989
8797 26395
8754 24950
2606 25993
10714 17779
3280 11674
2667 25109
5680 10733
8431 14547
1026 10128
25711 27795
13776 20579
4199 10473
5607 12043
4603 21074
2031 13031
16979 23415
16478 16644
4216 23750
12522 25056
9124 19075
6367 16023
22696 23143
909 4110
9751 26358
9144 27112
8293 26710
2711 28234
24175 25449
14620 23225
16968 21942
219 17637
11648 20002
1925 19718
11518 13784
11621 21770
6668 23932
4233 19721
22454 27976
4677 27262
22598 28218
16355 16782
710 6717
18133 19467
12459 15418
7945 26981
4573 18472
3128 26173
14920 24005
4829 17514
12495 24677
10184 25773
7902 13575
19115 27966
7538 16979
4408 10088
10189 13789
3944 11047
8190 17604
495 5984
13853 24514
10484 15429
5765 22644
17823 18924
22 25689
24101 24208
2308 13927
20535 25311
3667 24612
21522 25039
2527 11308
425 19903
15169 20956
15426 19536
8684 23230
18963 24614
4956 23997
7737 21297
693 23202
20474 26791
3856 10358
3564 9793
3054 22605
4353 22720
8108 17684
20179 28049
3442 11940
508 23410
11327 14690
6232 18319
8685 18861
8734 12871
14390 19670
18175 20263
2227 3758
9590 13970
10296 17963
15700 25552
9187 28258
23490 26757
5578 27847
3210 21623
5042 27702
968 1970
6239 24028
749 12997
2230 20630
21688 25830
465 4954
2657 27489
19576 21573
717 3876
10692 17402
19148 21084
288 4821
20959 26925
22273 27173
16788 28238
21470 26347
6514 12016
1870 27212
1562 16299
1134 21798
6215 28044
20053 22156
11634 22605
14242 24069
1879 6096
9166 10137
1230 20887
18945 22787
8801 25336
9992 27490
7587 24169
11535 18920
7176 8921
1067 24577
113 11365
8734 17203
11520 16957
14095 25598
9427 14804
13321 26457
9610 24633
4196 13796
988 26077
2702 2777
15141 27016
3206 3987
961 27003
14048 18014
2344 27702
12590 20279
6762 25383
13351 26744
3456 11916
8005 27353
3090 8750
18521 22255
17277 20553
1469 11657
8705 13595
7346 8478
16197 21462
15757 26654
12498 21159
9231 20046
12440 18775
7886 14653
3733 16643
8659 28016
5949 13545
9168 11463
13282 24006
17022 24229
12647 28080
9226 17489
3483 24069
4072 15246
14969 24148
17027 22791
1438 16383
13097 18321
15344 19313
5454 17756
17851 27824
8725 27614
9074 27080
20975 23848
9872 11484
22798 28051
16463 25949
1556 17757
3381 18187
20622 22734
498 1971
15733 25826
9631 16246
5651 16322
2420 18525
15516 25683
13178 17918
4057 15660
10003 17075
18529 25796
13700 27084
15118 26043
588 11975
5155 22022
237 27976
16986 17819
5691 6372
11277 22420
4036 8104
11992 20515
2933 10245
584 7881
6575 16152
9931 17837
17237 27772
2525 14763
7290 14280
15661 18471
1531 24721
12850 18013
8785 14728
7741 24618
18639 20271
20258 23608
14072 27341
3992 18018
11777 25382
3587 18225
3987 12675
5531 21542
12708 21407
4216 10614
5982 25992
2714 26077
19325 21460
17017 23735
21491 28115
770 4936
6832 17407
1952 27901
5984 23345
1389 15373
2399 12361
1256 16221
8709 20041
17820 22416
6608 25887
9252 11296
12237 24856
584 20760
3912 21994
3890 24519
21919 22080
2113 16966
23472 26704
6997 23325
1377 23152
8276 23045
3510 24789
14818 25780
23673 24242
13215 13440
9408 17407
23748 26833
5728 12492
12356 14444
15731 19627
2001 12138
7600 8391
1464 7937
18472 21524
14680 20401
4231 11780
18128 28152
3354 11628
4863 6320
7355 14154
14480 17027
3482 6788
18018 19494
4440 16862
1307 23365
10048 27805
7105 16530
15622 26310
425 7410
13264 16017
4508 17155
15957 23785
8318 21987
10328 19121
13977 24803
17511 19133
21130 22992
5194 21853
3712 9273
8842 10061
16209 25975
10444 11080
12321 25604
784 23071
22163 22565
7023 23998
2715 28202
2857 15762
5418 12997
3169 20558
11537 15844
12779 26959
11012 24219
13723 21873
4445 24502
9114 14550
406 13105
12497 12957
9358 22548
5827 7288
3483 27483
17695 26189
18998 23600
7241 18314
4531 8456
22273 25649
4218 22479
13504 22120
6282 15749
18775 26265
15293 20031
2333 5207
16108 17483
2936 15404
887 22910
10747 18369
13736 18777
14342 14783
24955 25468
1197 7853
3993 12970
5252 20334
13468 27660
2093 18107
3442 4029
6948 27207
14067 26081
8036 24955
1672 3638
6235 25323
16446 24861
22161 23525
14400 23615
17717 20490
1406 12573
7128 17664
14487 26257
825 14033
5107 5434
4240 15066
1015 19576
16152 27166
16092 24515
4573 9462
1363 19169
11324 17089
5398 10293
23252 24555
2657 11128
1863 22818
22200 25680
18249 19396
11250 22466
12994 21101
21064 24121
8502 18548
20459 25059
10143 24171
8508 15712
7867 24177
6869 17586
2955 11089
4057 8748
1925 17024
17000 17931
6176 13954
17300 18128
14136 27328
3845 18273
9865 18009
635 22379
12252 28190
16754 20275
12067 26379
10547 19681
5502 15480
12160 12910
14134 21823
12404 25904
5359 14531
12852 25276
15840 18553
9576 11484
10498 13054
7488 10308
11479 14989
14134 22680
11805 12162
1142 4448
2284 2930
6811 27234
12063 26724
9702 24756
12771 19069
5658 18910
4321 16718
11292 15360
12309 22905
12556 17787
6268 19287
11766 20007
2707 25956
6005 14564
11651 25758
3994 23353
16957 25735
7828 20661
3397 12657
8985 9268
21831 23722
16203 25530
20023 24944
2961 17492
842 4026
14736 18462
1768 17434
5949 18015
3620 21971
6342 17404
23378 24586
7478 11697
2977 17763
22334 27180
4629 22837
1788 8375
14559 17819
14329 19445
1637 3745
15676 23000
4694 26055
8948 11039
140 23162
5413 28061
7031 18669
20931 24934
8716 8781
10652 18475
4636 9417
2710 27998
632 24543
16888 24040
13428 24832
11806 23593
16453 27153
1499 26151
20258 28211
3530 16966
17331 24883
10939 22630
10764 15450
11047 13520
9693 17121
17634 23453
19053 28035
12139 19948
2245 10484
3721 14130
18977 24841
5117 15470
8764 13836
1999 21552
16629 22871
12242 18015
12423 12565
1144 6936
3446 5480
11729 27257
7956 23588
9524 22813
25287 27930
3791 18277
2987 7963
19759 22711
13126 27801
1292 23272
4655 25788
3186 25227
8360 13397
6210 20886
213 494
7668 16219
4168 14631
3656 17526
7158 18432
13186 26986
10740 25738
811 11457
15343 21874
194 23749
13557 27757
6198 19150
3202 10919
4188 15199
1100 8730
18533 23254
12479 25008
17619 27752
4633 25935
5651 13357
1454 23737
15727 18458
4365 25658
19453 21746
14500 16138
4827 18408
24238 26991
5598 23074
7387 17067
13827 23648
11773 14987
823 10949
4832 16253
8974 16914
9408 27766
4886 25836
1744 16276
13291 14309
3592 26872
3214 14672
13101 28262
18185 22965
7461 13220
5249 18478
3492 10745
19758 19987
10559 20675
799 6081
24543 28167
7255 20310
4712 24598
7914 17983
3779 11283
14380 17922
2212 14706
16686 25229
23978 26931
2150 12927
2764 13246
15320 25062
9432 11884
973 4737
6337 16840
4169 20046
1068 8830
1275 15133
16984 23884
14336 14534
14407 24129
12512 27758
3900 27129
6832 22634
14643 18225
11295 15064
1613 3488
5716 14569
14215 18425
10127 24663
14657 23469
16657 23905
12479 24379
8368 14771
8377 14891
12476 15605
7358 27650
3358 15437
17560 27665
8372 11242
16021 18452
3819 5781
420 19182
5957 9064
5943 21828
5327 17847
23132 23354
7002 17022
16002 17782
15951 22795
6961 15857
1086 22977
18213 23808
20327 22267
17273 19763
6573 18761
6913 21430
2764 3319
7110 28091
505 11755
11953 20319
17012 18464
7758 18959
9567 15321
10729 27117
3296 23142
674 9462
20728 21087
8922 20487
8370 8972
2826 8972
5839 17986
3734 18029
23251 24157
10156 25197
19760 27914
9614 10801
8924 13402
991 9847
1103 16977
27751 28156
12204 19200
990 2587
12328 23333
7101 24903
24611 27175
17619 26892
482 17220
2225 3876
11667 23455
22634 27071
21139 25636
9614 28260
9998 24042
17597 18211
6482 16094
21688 24167
4218 16905
3915 9012
6473 8313
1112 11431
13438 27800
6454 22106
2520 9786
9805 15217
22632 23366
2189 13193
15133 25331
7075 19736
10798 13910
23143 23788
1361 15868
17561 19944
4672 4767
9553 10393
6380 11648
10693 11561
1322 22404
11866 13029
23563 25317
2566 18985
4075 19354
6972 17423
23396 24921
7141 28111
18779 22919
21648 27205
2872 25279
15069 21025
3399 9235
6134 11789
9799 20552
1742 9923
2170 16964
23696 27221
6591 11469
6158 21955
485 24057
22446 26978
2363 15467
6173 14065
2786 24882
14624 17832
867 8871
10629 18133
16167 23661
4332 12971
12692 27279
12556 27107
405 17584
16230 20175
15297 21192
5534 27869
13564 18937
7471 24005
4273 20931
1635 20586
2863 13652
7241 25553
6703 7611
19548 20008
4468 12261
13810 24576
1498 12632
10662 22729
7826 18099
5506 21685
303 8846
4312 27660
1900 13980
2790 15939
4175 8707
22607 24057
14542 19465
2112 19857
12486 23155
11846 19829
6304 10993
22020 28013
679 16616
4853 12462
7566 26053
1176 25232
11547 23329
15282 23555
13901 24162
1928 2426
25008 27594
24828 27370
5579 6940
12752 16659
17037 17160
13912 24589
17795 21944
5034 17885
1181 20987
18787 21849
13038 27190
18669 28199
454 7148
9252 18920
11567 14395
5150 12321
8523 11922
902 28134
2941 10263
18295 20758
7881 16867
24069 28190
12621 23138
2964 21326
2721 24157
9847 24028
3336 5916
7512 19169
5415 9601
12412 21018
11172 22704
9465 24830
15149 28175
14228 27914
14970 26131
7737 10063
3406 10277
2289 25021
4551 20235
8597 8943
3667 15856
4086 10943
15707 26017
5844 9537
2522 4462
1767 9293
926 2556
2474 12514
805 15128
1069 19004
12309 24723
2396 8391
4805 4929
99 19409
1761 6248
9651 11710
588 24095
4119 14471
17211 19008
2026 9542
9095 11815
4110 16963
12133 14176
5618 17481
20627 25822
18124 20656
4849 19558
5832 17405
3560 16955
5406 10515
7362 19285
11019 15549
187 16167
2322 3539
7243 11599
10674 19857
7881 12119
18878 18983
14503 17018
12711 18516
4186 20936
5598 13238
16116 25781
4949 8798
12028 18128
11251 15736
6562 6923
3377 22962
14124 15874
7975 10146
16901 25169
10264 14437
7599 23377
2244 28194
19714 25765
1762 13070
18790 27876
4992 19939
5344 16362
3873 27191
737 10584
11216 11804
5989 22688
6936 21125
20242 26545
369 12399
7389 22570
2061 5511
14728 14959
1047 3734
23275 23352
17937 18027
51 25472
2245 4967
7758 9356
3598 12397
7609 23185
3382 21389
5449 27470
3622 9731
6876 21501
7832 22001
13373 23143
13504 26003
7404 19861
1285 1949
21272 28121
14492 18081
7413 15567
15470 15808
9573 21462
2022 14657
581 11696
1693 14398
27459 28220
18946 24224
4336 9447
20687 24530
7891 14247
6876 27102
16351 24068
5293 18496
22425 23863
2117 21982
808 21391
1979 27299
10900 10935
4754 15304
396 4620
18679 27821
5852 7387
797 26986
14331 14699
2274 6058
16835 28277
6334 25012
14046 24371
5416 28177
11046 14907
22679 25559
6472 18883
8162 25046
4531 24425
10076 24082
6316 22068
8747 24502
20081 25039
1331 18055
1349 20833
14195 16616
788 7610
8756 14567
3634 10541
9788 27352
10523 11681
3054 26001
8825 14462
24172 25121
3738 24747
9252 18435
8368 13282
10520 19885
23198 26262
10083 15868
3357 13111
2185 8785
2646 22012
12868 18511
6858 27856
583 20016
13778 21996
16311 24935
1205 24407
19615 24924
7488 9239
5568 15297
3164 12343
17902 27084
13487 17557
16314 20517
10175 12208
10389 15141
18160 26764
4321 20500
8292 16674
12410 23896
3868 13805
6789 11378
8396 11940
14577 16543
18984 25816
2934 7972
3289 3528
1419 10145
1368 2330
7987 9367
8923 13316
18117 26016
19830 28040
17304 22864
1721 19275
1651 10874
4778 4816
23353 24659
8593 11899
26263 26495
4782 18415
9951 23576
97 16385
944 24753
1027 27229
7635 25110
3045 21105
5392 11708
8785 12538
9869 26201
15425 26654
12995 17814
19594 23849
10287 12454
4012 18321
9084 24241
3873 4801
867 16165
23143 25278
5006 15914
16308 21753
4076 11128
25292 27265
15669 18281
1800 1914
3761 20958
1117 3925
10523 18340
18659 21293
12257 27569
2944 26977
13809 18316
183 22392
3088 6896
11675 18354
4209 5386
11264 15676
808 6594
7332 26688
12538 15483
5286 22008
3467 11946
7832 18046
4672 18921
22154 22842
4729 8923
2304 24739
21076 25324
873 22724
3101 24543
3878 21955
7950 17270
12800 25977
111 6331
13345 21333
21831 25466
20914 28109
3625 3895
7935 15167
19638 22707
18216 22446
20988 27643
4823 17924
24127 27795
683 13830
584 22565
18767 25181
12424 24148
12090 25805
4081 11780
7945 21798
14832 18084
17912 18920
12137 22310
3321 20800
13038 15402
11281 21079
17605 19868
12402 25008
5749 7626
22585 25986
3872 13405
13272 20626
4824 27673
12161 22473
3779 25165
1688 19165
20715 26948
5611 20122
18371 25348
16187 20661
18093 26871
23892 27197
16152 20710
4237 19154
18738 26358
8114 11812
3234 18408
5336 13202
14998 16901
16910 23929
21029 25283
12939 13628
12979 17198
15038 20608
2709 6367
13933 26647
3200 9917
12121 27175
10828 16386
6549 12334
17585 27276
15152 25950
3469 21209
20291 22508
22882 28269
9923 23193
2032 17360
8787 11738
4468 13227
17318 26372
15736 16964
21003 21293
15425 25712
17838 25956
21326 27684
5371 26421
20578 20625
14543 15892
1290 20696
8956 17406
9252 12897
2440 26344
6227 6926
12209 12958
45 20941
9542 18669
5868 14138
10160 22273
2722 21552
11893 21798
11517 23459
6192 25473
7692 8987
9285 10132
4381 5448
10364 16598
9065 25299
16496 27156
8933 27366
1438 26981
2958 5018
14768 25559
16324 27126
3591 5782
7034 15355
7478 22420
15366 22255
3329 26922
7922 23495
6201 18204
5189 23954
8420 20118
3410 11080
4341 27528
27500 27938
515 9403
13509 24720
9847 25657
16900 24675
8467 14997
2112 23354
11551 13269
8285 19247
4997 23663
2708 22575
6054 9553
1579 22404
23026 28034
27082 27456
884 6163
12374 15547
15734 20054
65 17214
5755 13141
16570 25239
2587 3644
21481 27042
10998 21779
17527 19610
5442 10743
17369 21688
14543 19347
21663 25059
15224 18898
10231 21811
17445 18336
18095 21182
5112 26400
2770 26503
9358 22857
999 27016
4440 7741
3435 4026
13608 24096
10185 28126
10826 18003
13709 27136
9923 22640
3520 9842
4081 8816
22231 26457
12868 25760
2031 9658
12122 17637
1239 24062
8646 16956
705 9959
3911 21321
24081 25790
11800 16092
14263 14942
11214 16038
18541 25174
21687 21798
14555 25387
16588 27644
11119 17416
20904 22012
20726 25278
9194 12356
7312 8005
741 25011
10586 19247
15863 19081
6609 11657
17410 22416
8323 17194
8902 25010
7843 25433
1223 8806
13266 27296
6586 15383
1898 14828
1040 1878
16112 19361
4197 14082
23377 27503
14255 24412
3311 20286
10287 23422
9312 22819
16073 16961
3643 16964
2721 24502
4339 17965
1432 2240
20664 22889
6572 16386
8462 10800
18679 24122
15687 17795
262 21696
1412 5827
2303 23365
7839 27247
14457 26616
3636 5003
2245 14672
16955 27696
4971 21746
8176 27464
4548 6633
14424 21545
406 1574
10023 26805
7178 10444
3041 11055
14273 23609
7082 25849
9631 11413
973 22711
2171 25729
943 9704
6158 21196
1743 27400
1327 8256
10487 15141
12371 28106
2556 25260
18369 25433
4468 21430
15009 16394
4401 5617
6263 15954
605 13434
5820 26628
5008 17329
1878 22758
3055 3952
13025 14242
8772 25998
8586 17242
15011 15782
8168 21638
23764 27615
12956 19991
3183 15900
19530 27014
5371 8246
3493 5243
16608 25327
8528 26674
545 10215
5217 18850
13025 20722
7120 26169
14912 22226
2671 27807
5725 14996
17630 27788
26976 27770
15978 21501
8284 14721
11049 21290
10177 19273
7708 21892
7316 27667
14779 25652
11390 20409
6081 18529
7698 17593
4270 13896
882 21730
6960 12307
9052 16699
23434 24617
19271 22228
7477 28170
13859 20224
2157 27508
10393 19705
31 27333
10684 11558
4067 22095
17 9036
12658 15736
3708 5931
509 7258
13373 19952
1474 18090
7571 16779
1293 15606
7469 27203
1767 21974
20446 26351
9683 13121
4081 20837
1940 27080
13383 13967
2582 24450
13091 13143
7461 24847
7156 19396
7881 9150
4214 24245
3988 6013
22437 23275
6842 15918
16014 23679
518 11869
23500 27884
2230 5984
16094 19469
2810 21760
12583 27431
305 26203
3240 5089
6517 10416
8376 12087
24900 27884
5855 27908
3865 15804
6931 12648
3068 15573
10719 28157
22769 25395
19287 25356
14240 18823
11840 23825
2989 16991
374 14342
13024 26552
6868 16643
2831 4612
22132 24364
642 25698
9699 13564
13542 18903
7768 10054
1852 24274
1465 5100
3856 21446
3670 4732
5466 8122
10464 21359
14874 20455
23925 28245
27795 27867
7099 10370
9546 22329
9738 11376
8959 25441
19927 20313
24795 27821
20586 21828
16138 24219
7306 15738
14591 14641
3511 24062
20858 27669
1180 25299
5110 24904
1858 15148
13208 24939
5317 14227
6904 20966
25278 26313
9063 9895
18294 20703
1559 21193
11295 26698
2724 7002
18371 19197
600 19826
16175 16941
14589 27206
6488 15369
22926 23876
12236 17040
5447 28211
10311 21269
12424 27805
21663 25322
20749 21809
7080 24057
7747 16957
16261 19566
19189 20424
9018 19140
5989 19068
3331 10061
19033 22040
22712 25031
8615 13252
5797 16106
505 6058
5177 5506
1852 23665
828 9323
2655 11785
1417 5065
17087 19150
15410 26341
23897 27449
21990 26613
8137 27508
1819 20483
3902 10127
1449 15590
1600 20389
23180 26736
8148 10971
19869 19886
14976 27867
448 1707
8818 23993
7836 14920
4361 8212
15071 26437
13106 19446
5201 26126
1242 22082
6686 15048
7205 23628
6097 22383
6930 27656
13484 19374
10517 11928
17489 25108
10654 17902
9699 22481
591 26135
5984 25029
21205 21938
9788 26589
9851 23372
14563 15571
8596 21199
2002 24876
3287 5777
3144 17975
15727 25788
5661 21737
3399 4546
8086 18636
26193 27490
10296 25306
932 8586
5458 15734
1996 25262
21962 26026
19574 22594
7536 25293
10926 11790
1851 26396
1402 1940
6446 21242
1674 18014
12040 21376
8789 11322
10534 27197
21436 24446
6166 23730
15055 25998
9905 17513
10956 21928
19271 26777
2000 21335
9119 13755
7915 9785
2776 4072
2135 27827
9008 13440
196 16619
6440 21794
6601 20799
19443 19938
13480 25186
15308 15839
9575 26677
4232 6844
7885 12023
1068 2146
24735 25849
22591 25308
5731 19713
2368 19534
11484 13820
16566 26699
24950 27646
12425 19016
1270 16694
18941 20947
5691 24030
11540 13387
6587 10935
3532 18218
9086 13970
132 6038
12093 26731
756 8471
1390 15354
1112 12235
621 1343
11930 18226
3465 12746
14110 16292
4811 14534
20053 21835
9826 12342
4511 6648
17 871
4517 22181
8151 13841
9292 11746
16969 17136
4352 24417
8281 13240
6801 13468
6077 9896
8368 17027
9294 14767
6470 22049
16574 27297
12049 12312
8478 22605
861 12763
11030 25453
11878 19977
16212 24653
24716 24794
7357 28085
4107 17479
912 26539
8291 24630
5389 26495
8912 15171
5117 16963
18132 19510
5514 18677
654 11861
14473 20201
6298 10740
13946 18479
14993 22499
3916 11700
20038 23521
4818 23644
2400 14471
953 8138
15297 26728
2743 7948
11256 24428
19181 28211
14954 18046
22203 24659
24848 27101
8471 15704
3342 22742
14451 22790
6437 26244
4954 22959
13956 18726
5517 17495
9193 21637
21140 28237
5003 23629
17751 23455
19081 20624
10473 16308
1682 1736
6994 19372
461 5496
13450 19900
2438 5082
5435 15634
16540 18716
2003 7963
2776 9569
13772 21690
19712 27569
12188 25272
11087 11104
15282 27508
5916 27529
22425 28166
1694 20130
5668 8693
3025 20847
4209 6990
3696 22295
15020 24658
424 10792
1177 9850
18533 22040
8003 11562
175 17974
425 7455
8958 22185
16766 17220
3300 11431
1267 2150
640 15327
9708 28241
14680 22912
22042 27541
2677 6627
9228 22499
11080 14971
5946 23876
13495 14104
251 21474
13999 27793
5722 20627
4328 10119
17057 20558
13293 18905
7808 21929
1181 19029
1287 6231
1851 14555
21967 24280
8972 17975
20279 22264
14445 17630
15426 20822
2951 17202
8463 25557
632 19190
1173 4504
1695 14027
11866 16979
3496 23995
9 27562
20657 20831
1 3364
3283 20322
15008 28188
1075 5397
10076 11718
461 5283
6993 23854
1644 19630
8384 21826
4450 26235
1978 18891
2177 18458
10837 14534
3053 19704
25062 26945
12983 27208
11771 24948
10105 20752
10691 12772
9330 21559
381 15693
8863 22418
18593 24915
826 27753
805 15713
7670 15410
23996 24836
4670 15452
24997 26080
21962 24242
3780 20424
6857 14089
4158 25789
5653 7089
5082 15271
4837 5219
4371 10484
24556 26873
17097 23016
8806 11948
2778 8636
17963 22153
11216 21692
10822 15605
2648 27375
5988 26498
5377 24224
6487 15612
4018 15009
253 27790
435 15436
1301 1693
14452 18521
23267 27580
3282 14010
16351 24242
9217 16536
2435 23560
1694 14480
16922 27584
5291 21968
7626 11977
7236 22768
836 14106
17304 26061
11443 18959
20640 25590
5352 5626
15716 23549
4949 14831
10001 18238
14912 22688
3719 15822
22651 27514
20388 22183
14976 25862
1545 19287
8340 15002
1229 7214
2198 18187
814 14627
14288 23194
2061 3414
9103 12868
5123 10070
21012 26810
10658 12344
10745 15251
5330 14129
22416 25311
920 20200
2894 21815
4361 11011
8143 9367
1858 6967
25724 27705
13091 19181
6857 15787
4218 21651
1041 25164
4131 13533
4454 7900
24720 27222
15857 16608
15004 27586
10376 14519
11047 19095
3401 14954
13724 21862
10354 17033
22902 23919
2908 27308
18370 24247
12423 20953
6009 8717
8080 22470
7681 13117
10531 23106
6155 25590
2893 18755
22684 23869
4373 24492
6426 16192
12341 19819
15672 25732
9434 22630
43 27779
21984 23973
1172 12472
19251 25666
23106 27405
8675 24761
9974 13303
3043 22270
20541 22021
15182 22718
12612 21828
5068 21569
3636 21072
763 15563
5020 13185
23422 25172
19542 24065
7545 15604
3063 14807
17526 24510
7845 19960
25245 26877
12428 22640
1996 2351
10384 14776
2130 24195
5989 16108
4860 25268
2001 10114
10691 26737
18334 21577
11465 27146
4512 18558
1380 22272
2254 19545
600 13359
8990 10516
12218 22046
3442 16766
20891 26143
1202 20144
2767 20586
1936 3997
20760 21225
1830 22894
911 15201
11573 14284
6166 15022
6228 19292
1635 5293
2670 7100
1855 23455
26045 26571
3648 22340
6013 24576
22334 26676
523 8572
20196 25504
3993 19419
770 8500
14713 18496
5407 25286
5140 16188
9835 23833
27459 27480
15282 25272
9665 16637
4198 27032
4549 14289
7471 13756
6493 12657
11012 24570
10177 12363
4394 12523
17194 18241
13495 18421
15906 18046
7760 14626
5495 15138
18189 23970
283 1921
9811 13152
4101 7227
7861 14176
3810 9137
4693 17550
12792 13876
3182 4992
6172 27758
3378 7802
2093 13329
15543 21372
418 2251
7206 12720
12991 14181
21011 22780
1038 24750
10857 18921
20857 21612
15666 16630
5913 22240
18687 25780
5146 7727
1270 13626
9739 22481
17541 21275
6785 6837
9648 11917
22636 22966
22422 22431
1032 7987
645 25081
5676 15725
1028 2647
6707 8434
2954 7933
9292 11910
5945 19819
5598 13900
18520 25722
13968 15218
12648 12677
13343 17524
14822 27221
18402 24257
9525 22536
16919 21138
5057 17182
5181 9582
13137 25364
9336 17653
849 15629
8457 28272
7349 21577
3753 26554
1713 11413
15883 17842
10707 22346
15464 22798
3420 14448
14569 20503
5100 16772
3900 10018
6789 7725
13763 17337
23863 24425
4770 22607
6069 22184
4248 10154
2245 13888
11250 22325
8397 27655
5609 8790
14672 19868
11261 13574
1312 4211
22970 24933
21470 26736
4416 5476
5295 5997
3201 13471
867 21473
7962 9803
6914 25684
24608 27279
601 20227
19411 19583
3587 9956
18005 24435
6953 22273
10344 12452
1042 4787
16627 18509
1757 14193
2003 22447
12921 15691
2547 20756
14040 24245
8486 15996
16687 27662
4623 14253
7234 20988
16600 22240
1979 27398
7446 10041
16767 19997
14927 18556
8776 16196
5484 14442
21699 22507
2003 13353
8741 19303
17727 23365
2039 25011
1921 5177
6879 22440
23143 23982
3265 5867
16386 24280
7647 15426
18624 19574
16772 21296
3007 12516
14033 24379
13364 14481
2449 3564
3780 24773
20608 26186
3317 28074
3101 25771
9095 19732
24577 27089
21864 26737
3938 23473
1421 21296
3338 19753
17723 22556
15756 23424
12281 20189
482 19712
17419 22678
6052 27664
13510 26682
3669 12561
12151 13484
3808 9033
1291 11836
19043 24815
4659 24958
3197 18411
6879 21079
11100 22393
4766 24510
1545 14662
9648 12434
17867 25475
4242 24164
11747 27180
4385 18593
1875 25192
11111 18097
21815 26102
872 7194
2180 11075
24607 26424
15376 17214
22340 22954
22471 27107
1773 24464
9465 15169
1828 24339
4066 8796
14273 27300
13437 14097
10082 24181
14383 17838
16276 23006
15695 16778
1596 2727
4198 8909
4720 10578
17073 18297
539 5114
12812 13242
8151 24503
17650 24659
6855 11625
1477 7117
8875 25022
9631 13756
4442 12956
3186 21079
12514 26062
10785 24557
4132 15346
2697 27953
6239 19348
9978 15090
11150 21443
8324 23799
6379 17027
916 3712
7832 24371
99 425
15696 16307
14888 16152
15883 20200
15701 17194
848 13303
8974 22781
143 930
1633 18596
1795 9226
22311 27158
11880 24608
838 13165
11467 21682
10248 22937
5584 28209
8140 14417
4828 13227
14577 23684
4316 6868
7463 10496
3741 26938
1630 20874
4309 9234
9396 27940
15706 16640
24154 25262
867 18549
5003 26055
9207 16487
20141 27328
11241 13448
11133 26706
3592 22131
23392 25154
17159 18276
825 2462
14264 24862
10018 14082
16338 25610
3780 4551
4039 22857
9413 17364
17513 20708
782 23143
3484 22441
3816 14513
7877 8066
15823 22286
5620 26000
9785 13721
12169 19273
7079 27746
1881 5393
9215 16054
7987 10876
3585 27599
4711 17833
14970 21326
2455 16951
9418 15964
836 9043
10421 22137
1368 11063
9717 13935
13619 18507
8667 27502
2140 12970
5551 9709
19459 19500
4508 27307
3166 8893
10762 23103
11286 12924
15053 20481
11809 16955
17186 23024
600 18105
10228 25967
144 2810
9252 15791
8220 19595
19249 28140
2556 25956
13091 20558
10959 11439
20931 25991
4828 9008
17695 24131
8310 13468
2850 6397
86 9065
8875 21742
6876 27872
3244 16258
7378 28010
25414 27669
16026 20601
18679 19741
4782 16313
3658 17653
1851 17481
22240 22897
3275 25005
1693 16203
10892 18037
4477 26615
12258 20041
14250 15678
16488 20557
122 15761
20799 23083
3773 17140
4568 11775
13134 26111
20875 24195
4248 5023
18305 25432
10499 24993
9800 18497
16457 22196
15642 22866
925 23118
426 22857
22074 22799
5609 27565
10587 14604
14838 17749
16543 28154
17232 25822
5275 24892
5705 26401
10160 13494
17416 25864
19075 22897
8424 25262
16120 17580
11167 17957
18736 22112
224 22265
5204 8185
10576 20131
10214 27603
15375 25341
5522 23705
9323 24104
13809 22761
1173 4510
2484 19985
18621 25782
19877 21218
1840 13106
3759 19296
1292 5177
12090 17518
22192 24444
150 16151
6707 14827
1398 24576
2245 15216
12092 28155
6051 11322
12655 13475
3118 16092
16193 26838
3294 11340
10985 24166
11653 18900
21798 27469
5064 15839
12956 17526
3036 24823
4456 10284
7273 12931
1486 2764
13625 14724
9455 26194
2521 18920
9589 27361
2525 12410
13603 15413
11825 19047
3337 26505
11268 20230
11134 20947
16919 19419
12486 19428
13289 21026
9617 13332
18738 23586
7550 10576
2542 7373
126 14697
9948 16950
9796 27129
3539 27740
19028 20144
1935 26695
5751 25247
13516 18411
23143 24904
234 20313
5089 11047
14491 16887
7896 24153
9482 21556
4893 18772
17556 25006
3379 14604
3877 8290
6631 23402
14849 21216
13745 24900
5089 18160
12474 24600
21439 26053
21391 25685
2073 24829
13810 24904
18673 23412
428 13719
1944 8148
6976 22146
7508 12719
3186 12244
5117 23553
16489 18787
9281 13564
7279 19591
23868 26773
17997 19230
11509 24460
20742 23345
3733 13186
11726 12983
14344 22143
1045 14557
13905 14291
6653 18146
18136 25329
4600 24122
9047 22508
1640 10579
6511 28134
8015 23105
7709 8110
1949 12431
690 23566
12518 25233
4221 10920
11593 17561
18219 26400
8756 27453
3229 14325
1595 4974
14959 18411
2802 8581
4867 16491
11609 20563
12114 24726
13 19193
7805 16360
847 19133
243 3437
7135 26256
4581 13072
1767 17523
23104 26232
2639 20793
592 6566
8801 21473
18777 21483
7935 26689
12260 19254
5691 8948
9252 25855
7695 20503
12465 27906
23892 26197
3718 13134
4502 8380
881 1142
14464 16996
10835 21754
7830 17604
3885 26450
14592 27113
1699 6493
1541 17501
17678 21823
15751 27901
9168 9944
4444 14296
5749 14433
6220 20165
6182 19239
12077 16276
16150 17955
12679 28044
17757 21738
21436 28063
15993 16835
9575 18115
2709 12655
18249 21079
15924 21372
20969 26574
9583 25962
5325 16955
22651 25039
1107 3576
2671 14086
21207 24371
3700 27667
13243 26612
3700 6056
14681 16712
24660 25816
25419 25557
8952 22791
17017 20521
1181 22823
1030 26324
17238 23279
2053 23809
497 21200
12757 23829
2524 22510
14153 24681
9252 25817
4148 24430
7766 17203
18706 22666
12957 16326
8801 9720
4468 22741
15650 22739
4560 20651
4693 5595
7937 26830
2349 7813
12900 22338
2897 18595
15565 18524
8576 10894
4065 11270
3111 17889
16887 26489
2586 16742
2719 7413
4685 11051
14772 21503
14297 22897
20188 22002
3286 24128
6220 19937
3930 26172
9805 28116
10215 14662
20159 22431
1323 17963
4209 9992
6069 11207
25317 25957
11076 24719
20712 27220
19068 20162
25108 27017
15037 19496
12091 18799
18850 23415
4334 14456
5028 15302
10747 22397
5895 25584
5839 16939
245 27513
25454 26260
8248 25817
22199 23433
10460 14950
7656 11112
2522 18704
16785 18667
759 5530
21475 21746
12615 12846
9993 20475
21335 24720
353 19582
7677 15367
681 21746
23816 24804
22775 24955
6217 8100
8553 14832
3167 16584
7562 25314
1050 19147
12544 14822
3793 9368
9923 10843
15468 25345
16536 18565
9378 27026
10119 21423
2527 7804
7213 28255
1719 13495
15426 21353
8587 20383
10152 11798
9704 23672
12309 24032
396 18280
11755 20261
2830 24412
19872 27907
2764 3589
2148 17347
23377 26956
7802 7956
4500 16599
19705 20204
14752 17250
20634 26544
3759 18053
22761 23643
7552 17411
6309 23571
8859 18589
598 20470
8588 12737
15892 27500
13401 26152
1985 2093
788 5989
10242 28111
4391 17435
10974 17408
13215 22792
22720 24804
12447 17059
18823 20258
10524 16206
13772 17161
6310 18574
5519 22886
2003 27889
3947 17115
5028 16974
2625 23017
2413 15415
10951 12479
8110 24069
4568 6980
2759 21954
23978 27296
15852 27428
1297 11102
13408 22205
19169 21638
6198 24539
23911 25432
9406 12402
10309 28166
15272 20175
13222 15156
17462 24122
22894 24000
7136 17342
3127 14342
261 26756
21835 23059
3729 5691
12792 21139
8049 9356
13140 22888
16095 27848
19115 19874
11193 23454
18793 25110
1974 3796
10829 19042
8441 15997
21551 27446
3979 23254
45 5751
3236 24265
10875 15224
21564 26761
3733 18947
2447 25230
8807 22012
1878 12767
26134 26288
8789 27517
5874 24830
4623 15391
6118 12983
742 25103
16584 26480
23090 24440
12313 28181
3564 12262
667 22591
421 17601
2611 16037
20118 24676
8958 18328
17510 26654
3855 16617
131 7816
9690 11433
15056 23372
3586 11283
19548 22168
12194 22771
369 2272
6994 22379
6588 9038
16046 24804
12402 14878
9225 17217
2601 20462
5298 19840
4671 23553
6637 25630
644 13728
3781 25318
17586 23438
12322 18015
4172 6573
3240 13978
12981 17527
5623 23830
18670 27094
8017 25391
2894 26204
11158 20422
10594 15169
17480 23236
14520 27690
2113 19162
2173 14398
1516 9465
2518 14215
19819 20667
2901 10703
2761 6857
393 6789
8148 20212
12374 21542
18586 20043
16599 18203
4073 18061
22025 24104
4742 22634
10326 17230
10451 13203
9978 16870
7168 7492
9586 27028
23372 25564
10008 16451
1188 24104
8209 14276
15298 24659
13806 21442
428 24004
2202 11647
4823 24279
20661 25212
8249 11682
17506 21826
5521 12409
16203 25850
4087 7997
18013 24711
2650 11375
4789 12164
6832 14418
4629 13954
20046 21685
4332 22784
8886 17513
11723 25222
1266 7751
6725 11592
1516 16718
1767 10449
3685 23282
867 2588
7668 14104
7519 12689
10348 19414
15349 22949
841 23141
4949 10911
13733 14322
19760 19971
2588 14994
15839 24374
12308 17485
7632 27719
7869 28147
3642 22416
6461 26905
4650 7414
9800 12090
15426 19771
4458 6053
3759 24219
3152 14258
12860 24904
12512 21369
1006 27197
18859 21455
12579 26069
11985 23422
1604 14840
6086 9223
3717 11148
17598 20166
1171 15196
3279 19686
7797 27612
15938 25062
1032 15855
21804 25953
10670 20939
605 17422
9590 19140
10393 11495
9583 16878
14246 27701
543 15425
6753 16434
7107 9047
2964 24716
9896 25505
8315 19329
4035 25443
12403 20041
4072 25586
16860 24522
822 10393
18823 19134
6956 8342
10971 16542
11255 27418
7798 25956
7013 10858
12546 17249
18276 21130
829 16720
5898 25566
22735 23713
9422 11340
15253 16498
8715 17568
3689 3857
11521 25547
19169 21407
3961 18736
8250 25525
1147 23029
2436 21254
10485 15945
67 13405
10431 22190
9569 15985
7949 18621
7500 14057
10456 14079
10733 22931
2602 15664
4761 19189
4693 17630
10214 24674
1546 12057
3825 27622
2004 5564
15674 23901
2852 19184
13202 23562
2339 15283
18679 20171
11977 15701
3099 26766
874 20096
17941 19358
812 26676
14082 19972
5614 26596
9065 12038
3932 23431
13810 14017
16985 25106
16446 24292
1193 23886
3179 17097
4535 7441
7147 24516
1033 20758
7229 22923
9338 12264
1 8884
12994 13705
16478 20200
7737 26501
4939 22416
5048 26735
6701 16241
12228 25068
8000 26061
5549 27501
4209 9683
10190 25918
12066 12416
3285 6990
6280 13253
13740 26624
5724 10662
22550 23352
12479 14187
18351 18799
7539 18556
11311 20876
262 23369
17169 27247
958 20092
4010 23767
13894 22340
24131 25342
7051 16378
5978 16276
8350 23052
6426 10942
3640 11773
3608 11495
1103 3128
4024 27202
2569 8864
9884 23825
6842 7637
4571 25563
9632 25660
13272 25321
3753 19169
3566 7610
1438 5263
3636 7521
14223 22644
2261 17714
6295 6454
9421 20250
18958 27087
638 17842
13585 20797
18692 26143
2161 24241
1239 5630
8948 17692
11131 13784
4336 14415
5956 27051
20151 21641
1111 24030
3420 9260
11893 18265
133 24069
9201 24398
1525 22702
1121 27570
10732 14942
175 7254
1482 17196
15366 23881
3039 21194
10638 11239
18514 26947
9704 16138
2288 21377
4849 26908
4332 26154
10467 10725
5481 25617
4581 7503
15457 17199
12689 20485
1970 3892
56 27423
2373 6030
652 22627
15559 16054
3872 14975
1050 25499
5266 24127
340 12179
4142 24156
9429 23193
9406 14520
20321 21955
6026 14689
23283 24177
2961 17094
10965 19564
19536 25921
7213 14534
9803 9829
4287 9252
12708 26143
19898 23836
2170 8746
782 9526
5183 23739
3638 8715
15385 20280
2831 21681
13553 27211
3169 9465
19445 24165
23553 26077
1085 4557
26414 28147
6714 10207
6751 17471
11045 28063
9290 26122
805 5602
8667 25250
10692 18139
10693 23734
5618 24746
8589 8861
2189 26027
10957 21139
16939 17137
4807 21390
6743 11310
18027 20857
6868 8000
5751 8209
18234 25067
6914 9266
1476 19127
12444 14499
8905 12124
14193 18751
2208 2709
17239 24095
2527 17347
4630 20313
19660 19979
1417 27805
12754 22269
13032 21138
10473 11473
8282 23919
16911 24222
4739 8556
629 1375
1878 12762
2395 9398
10346 11735
8705 9012
15112 22227
6435 8329
12955 27130
8542 20398
18392 24218
14543 15430
8639 10772
5943 7481
8364 13419
8675 14505
17378 25273
11082 19750
14769 17837
19326 27651
12383 17097
4216 4342
19409 20008
983 11475
4205 5893
7575 19110
5441 14278
2040 10072
1605 8210
12250 15094
3667 26848
213 10618
7871 24224
15493 24565
17460 27719
3311 15368
7902 20363
6177 19448
19711 26702
13471 28049
1979 9524
4325 18591
8977 24854
5950 7523
3174 24836
8295 15910
15910 22965
10921 15693
1635 16334
7018 15054
5714 9614
11795 13910
6262 27508
1559 13945
6820 26828
12437 18690
393 9296
5292 22676
15918 26139
3389 25452
6750 21293
4766 11880
2052 19443
9438 24602
9380 11951
11238 20251
12560 23482
4806 24069
1440 12274
8818 14537
2708 17509
6482 25976
6059 23610
4646 9146
6879 20006
7987 9563
13193 24384
9157 20612
4671 18541
14275 22208
11094 20388
17234 26053
4624 20386
3156 27782
15619 20222
5602 18784
15729 17568
11866 16984
6559 23509
2745 16996
10767 20563
8291 28196
23941 25740
7965 21115
19509 25379
2344 17443
10393 22046
5273 23229
5620 23785
9423 17441
16989 17747
15990 17192
1958 19434
7189 24061
9049 19942
7867 7919
17853 20741
11080 27810
5042 22996
3434 5107
14334 22680
8750 18522
7981 8012
8565 20710
406 12149
26265 27279
1757 2624
10639 23213
11327 14232
3972 17071
9704 15511
1993 21093
6067 23236
2245 3300
4367 19760
6295 10882
9723 18120
24023 26044
15906 22309
22255 27172
7154 20001
1582 27433
4439 16386
4649 19251
12556 18679
428 16069
12556 19086
14536 23517
477 2461
15391 19764
17 8149
1948 27569
11751 20719
3573 9919
18191 21589
23442 27078
7124 15201
1630 8815
20429 26331
14474 16184
2543 23978
2247 6346
5262 23298
10200 12664
18416 20565
3169 10956
11027 17697
3180 23267
4719 26503
18752 24319
5588 7959
6893 20538
2521 24167
11783 15104
2997 15542
14534 23096
4827 10493
10269 15347
12822 23165
4827 7489
11486 12606
11456 24527
16293 27085
23178 24974
2031 21536
18772 24551
877 9465
2012 25956
10733 10972
15938 27311
13116 21438
18448 22992
22423 22984
23243 24669
17565 23417
22294 25530
4581 25283
10079 25986
21084 22956
4904 10942
479 12417
12402 13663
9454 14892
1075 13940
19817 22192
7741 17773
6586 24412
23721 26786
15081 22998
7785 11104
6450 11960
2104 23132
18359 23643
1622 16628
11763 24572
24935 25781
1318 15911
12444 19857
8746 22900
12090 14017
2882 8785
1435 18336
17501 21883
10407 11816
2605 25414
5792 21296
17819 18721
21149 22378
3380 18137
11657 13000
5033 22286
23552 27586
21131 24297
7289 17509
825 17304
6605 11867
4142 23143
13242 18462
1573 23767
1225 5342
4101 11709
9879 21449
2556 14912
9601 14608
1467 21884
20733 21057
2348 22294
5265 23295
15055 18908
6926 22139
4001 8987
16960 27488
709 16890
6068 7448
12812 25156
5357 27867
10574 18644
7910 25343
6244 26660
3186 17702
2915 24410
16504 22099
7011 15426
3139 9518
5297 8558
20397 25771
22581 22717
3141 17524
9873 19947
15179 18294
668 9581
89 22581
1574 8482
17501 20931
9563 12556
14380 24069
10807 25538
4770 17307
11854 27942
4103 11504
14293 24917
5500 25986
17556 23634
5351 9704
11888 23550
9683 16867
3995 19679
6552 14588
396 21258
8123 25332
18105 18436
7638 27072
2920 18476
7439 15330
11536 11720
16905 19781
3961 21766
4725 4861
12794 23574
5588 21033
9696 19171
12134 24824
6879 26043
369 495
26365 27482
19034 19884
6980 11775
9847 22647
7195 13408
22256 26511
3096 15513
1181 8144
15907 26948
10740 26276
24330 28008
20823 25571
3790 18521
4780 10952
12459 14993
86 19931
7435 18641
2594 3041
16136 23361
18982 20336
10312 27577
4700 22404
14671 15865
3389 14464
781 9074
13289 26449
14317 22483
2746 15732
15377 20608
373 4916
11463 25160
11381 17490
656 14123
396 16276
13756 25607
7956 15986
8280 20211
8251 16301
5832 16548
2518 11216
1532 8057
19384 22836
1015 25550
5274 8833
22875 25257
10607 21171
1591 26868
19739 21423
15009 17365
17194 24281
8205 26572
2830 18647
13091 17965
1502 13294
16814 27509
2336 4703
5896 25828
2318 24828
13686 13809
2369 15985
4448 16424
11045 15996
8710 9412
14179 17457
4676 13370
3946 13392
19289 27702
9256 22316
1502 9466
8707 19088
14804 24068
22798 28032
4471 17690
1832 23074
25172 26366
13649 17048
5737 25483
22347 24900
11626 15758
911 19712
19494 23679
10773 12440
19964 26084
24329 27611
15875 23437
12425 17760
3395 23978
4218 24211
1604 12264
8466 9524
4256 11486
1451 20591
12145 19771
6914 18593
21506 23408
11295 16559
15456 22227
13129 27227
11580 13559
7656 25923
26113 28049
11803 23711
3093 11463
4333 22164
20875 21960
1673 15716
14010 14023
5554 18534
6859 17713
12956 13180
6261 24904
8852 27013
9226 20424
7950 26413
7740 13203
15634 25865
14 25844
2248 6188
16191 16885
16210 21053
9651 18999
1925 24206
4323 17902
11735 27565
11258 27559
1232 13700
1335 15072
23921 28243
7364 28162
22605 26505
1746 19568
11875 12092
6037 15967
2040 24393
5978 11327
179 22120
5636 27373
4328 23201
7045 7323
3729 17762
683 20348
8536 13208
11299 24842
20398 24460
16051 17446
21079 24928
4379 20556
1948 24122
21886 26753
14181 26392
14437 24600
8188 18371
7075 23254
4039 16197
20337 26444
4093 14708
1820 4821
4418 9150
8081 10518
24539 27500
6228 19134
8999 21823
10464 28157
7796 14033
7832 28048
15907 18401
21929 23176
4256 9716
1852 21545
341 22061
9214 21045
3759 17370
11612 26829
9978 15135
19657 26549
5497 8780
12304 26087
292 17325
24861 25432
18669 21538
1887 22156
21962 26153
9001 19195
13652 24195
11975 24935
12212 18281
17484 20570
11484 22916
5780 21671
14728 20959
8503 16660
18331 18424
6962 25627
185 27461
7061 7281
15509 19430
825 9640
4248 16879
11749 27575
15742 20789
17592 18823
3729 11746
11941 19117
4006 20550
24565 26948
7842 14025
2951 5147
15869 16959
7610 24861
22764 27996
4325 22010
904 27093
6930 10706
3337 21384
4965 20003
12598 22028
11619 17626
8368 17650
3632 21407
245 15508
11310 23802
4397 11161
8930 11978
4247 25901
4081 7205
9919 13902
15661 21086
10668 17823
23845 25329
3871 7152
3620 26114
8566 27626
21857 24455
11799 21991
17630 26265
5907 18837
10326 23164
2767 25220
4339 13143
9964 22328
19140 21682
1858 14773
7318 8377
10647 24812
2798 27067
24563 25759
8952 21387
13980 27224
9847 11520
23015 25336
5217 17479
18958 22761
2189 25272
9193 9789
8840 14857
1420 5438
5152 11774
1108 4758
3206 5716
3659 14070
797 10807
12413 16987
5007 13970
3587 15899
11629 12538
8336 20956
596 27052
17952 27778
5288 15731
21671 24190
1568 19968
15922 20832
8020 24847
7217 20630
17 3343
6454 7205
16725 22865
2027 23389
21200 27718
17932 18119
2000 10493
12403 16794
6753 11628
10018 14158
11798 25009
16369 27161
3069 9737
1884 13888
18793 21003
1889 11566
158 11462
6674 14705
7804 21904
6268 18714
16377 16925
10248 16329
18927 23864
3864 21446
19662 25986
3415 13841
13736 24407
1604 18679
5031 11513
7932 16834
19183 23332
4 6347
5832 20025
10742 24405
1851 24474
12711 23372
12275 22764
11859 20622
7915 8183
3638 11439
16673 20308
10788 12816
22581 24562
23701 24108
13313 26193
18615 25139
4051 18053
7205 17487
9844 11461
822 9260
14591 24739
9253 25908
5144 24053
11780 15712
3279 27016
799 26457
26132 27265
9786 22393
21991 24232
23260 26704
5583 21113
24195 26955
1850 17080
6843 18824
1500 9959
10331 25025
11599 20747
15682 21139
10243 24105
983 8085
6707 18852
5557 24340
16160 16510
1415 19999
2427 20069
22130 25059
5125 5210
14997 17656
27853 27906
1808 5899
1003 21823
11467 13817
2882 4468
1605 16099
24032 25945
11880 22734
12672 23993
9624 26962
8086 17097
14522 22634
14912 24685
2598 4627
7084 23590
13597 14803
3680 22721
957 7522
14901 23843
5 27927
1101 2411
17057 20162
5797 12452
18280 27795
11141 24098
1058 7524
2396 8338
5122 16051
2517 9851
12426 16113
1611 25746
3006 18717
19086 21438
4123 4244
18463 20363
2215 7172
24776 27382
7975 16340
485 18713
14093 18679
448 8113
1350 24436
2530 14437
11134 26405
15489 22655
1284 24861
6363 8160
11937 26687
8157 12128
26892 27607
2606 15492
11076 19552
11059 19711
3861 22897
13192 21790
6103 12161
9699 23330
12244 26737
12405 25893
3856 19139
5755 17518
6004 23942
20053 27954
1786 8352
12983 16609
7946 27392
2841 6227
8043 22685
6076 25945
1087 9043
18219 20230
25083 26071
11634 16597
7746 22467
2986 19771
16460 26568
11743 26673
1789 17601
428 17237
17344 21820
4858 8701
8190 11816
13434 14728
19406 24506
13343 21997
25699 26313
1775 11073
21990 24363
9465 20860
10687 24104
4043 15799
20522 25950
23994 26546
20920 24435
6680 25390
17457 23480
5325 7512
2017 18400
13014 18312
10560 24968
17220 19370
4091 27686
5971 24254
2373 6884
15437 24389
6570 8114
3484 25451
4489 9127
9095 9226
8057 14767
26380 27766
2233 11878
2386 21293
2037 10459
7073 23705
13972 18651
194 5150
16480 23038
15047 16941
9720 23015
307 23548
438 4573
7401 23111
7015 22663
13411 23261
20732 24623
3269 18346
17632 23653
24232 28039
7123 27136
25006 28267
11902 21697
6530 18556
20002 25603
16307 22095
6370 6692
17550 20622
16759 27104
2130 8368
4611 9843
2029 5562
14609 26451
20248 22821
2767 4329
11450 17598
10641 21192
3993 22617
9710 25202
1116 5252
19061 20583
21304 27159
532 10646
11059 12095
383 1925
12411 21120
23116 24952
13095 21258
495 7075
91 15928
14807 17906
1979 3206
15312 18787
19139 27576
1116 17248
9915 16055
18938 23193
473 21766
3400 27698
14148 27669
7997 14922
2694 10188
1568 17870
1138 14669
2170 21682
1482 22832
13154 25850
7511 8184
14964 17857
21158 23264
12660 15666
6702 18646
7342 20480
15875 24728
1429 13985
10264 20611
24616 27420
2407 3517
12434 14359
17587 26644
16591 22726
15419 25676
8954 10737
10475 17753
16493 21665
21739 28114
7472 13700
16320 17294
3872 13827
736 18464
23459 23825
3231 10325
9617 20527
1181 23716
10145 13465
23829 24551
10213 22421
9839 26893
787 17119
3647 14725
1924 24061
3296 11484
15749 17641
8784 9216
16523 22049
396 2787
7147 28255
4672 13101
8063 17510
5496 15302
498 21589
12778 13690
1568 14607
16897 17931
12226 22311
485 3734
5832 20404
3039 10698
18588 22469
5288 7982
10012 23588
8966 13209
10036 16276
16243 25953
9777 10812
24637 24789
23 1840
13597 14838
17487 25903
20227 25247
11080 19565
11311 20891
16607 23890
5565 8252
16923 25385
18669 25283
1546 19241
638 26172
13033 14710
3106 12163
9878 24238
19615 20337
23799 27584
1349 24040
18027 26495
215 1047
292 3296
4233 14926
15950 27224
14971 18346
16206 28189
4328 12956
8300 27893
4391 15995
25421 27987
7297 25261
16035 26608
426 15410
4554 10990
1614 22782
7791 16694
15446 21638
7357 27913
86 7414
10050 14939
7489 7523
1159 1699
7686 8730
6738 17785
872 24200
3598 23521
5062 17742
2386 4886
7896 21331
20809 22461
2512 25327
4806 20081
21476 23288
13894 18845
2535 22392
5691 7956
7423 18772
5941 20609
8497 17700
2413 20455
11812 21928
5681 6983
4595 16560
1068 10370
3251 24516
10007 17560
2206 23412
8372 27418
497 11296
16823 22200
10393 13180
19237 20002
7984 14694
974 9479
201 13623
3154 12551
18997 27918
1178 13150
7239 24611
5576 8137
9509 11112
1870 14731
10935 13810
1035 9574
22426 22787
828 15236
5313 9336
15783 26310
6979 22810
8061 28035
14862 23502
6426 27042
5327 26823
4562 12427
26584 27605
5041 16439
220 12800
11444 15619
14474 21938
4024 18651
6972 13367
3345 27068
711 7555
16138 20385
4672 14301
15941 23930
12082 15899
6793 26256
1840 12282
4581 23167
14759 14820
11878 12077
234 1878
2912 10740
2233 8620
11495 27341
4477 22511
6662 18625
12556 17963
15377 27702
21788 24860
9482 13398
7359 24864
7305 19153
3531 12711
5641 21293
13152 17742
3711 24824
2347 9535
10201 10287
569 17075
22207 23343
6616 25200
15871 19105
8104 17828
3440 20078
24811 27268
16149 23467
2981 22367
14157 14808
15808 23269
6001 21193
9716 24252
13775 17995
10588 23749
24823 25713
14413 17399
6290 18219
9352 15259
12282 20601
23330 24872
26584 27195
2447 25770
17509 21915
10701 26379
17491 24476
9676 18187
17319 20031
7835 25336
5597 8953
14534 20409
9105 12631
4439 11335
46 20450
18249 21773
22698 24485
4101 4580
15470 23929
23663 25110
8057 19670
1273 19467
3587 9574
9058 24303
8523 21232
5371 16850
1 16374
7765 27174
396 2246
1535 18908
16616 25851
2288 24867
19169 19348
12717 19536
10787 24238
13512 21653
9338 13180
1672 23521
18262 22256
4843 12217
12585 20393
5070 24681
10956 16369
5882 25219
2903 10100
5766 11082
2605 21915
14233 20171
4363 5876
5369 19216
4399 16509
10714 13741
20324 28210
11913 15920
16296 25262
3856 11369
5193 15173
257 10929
8558 27049
23180 25564
7442 10464
1767 19331
12661 25534
11483 21889
24782 27494
22220 25454
13725 14445
10854 11128
7231 20792
4205 11710
16504 17841
390 21668
7878 14347
3518 21139
3574 21525
10698 12800
12320 18630
11807 19480
3493 16713
1920 12565
14429 22239
341 17375
3864 5725
11461 27702
15430 23427
20258 24374
9025 23706
15228 24395
15446 24104
5691 13245
4448 18219
11039 17637
1519 20828
13087 16354
10441 11023
10652 15672
179 27579
2764 10447
3695 25666
22031 25142
5691 26127
5060 27669
10046 21955
12278 22983
6499 24068
7142 20944
19068 22652
6345 14219
9854 11080
8923 11905
8312 27562
9302 20696
18521 18911
17364 18266
8005 24393
18045 25341
1871 7950
22399 26586
8150 12120
5055 7892
1745 6026
20339 25713
17017 20652
1066 25368
9153 20053
1399 24224
14033 24616
7152 7555
3859 20258
18508 25354
2123 3126
1162 21293
3128 8025
3860 22678
1939 25454
8304 21209
8435 21707
10191 23764
10146 23764
18772 18842
12244 18001
17695 19289
355 27544
21599 24836
20053 27792
1767 20662
8870 20311
7505 14144
727 13358
6069 15082
2682 27051
867 9356
17193 20005
3323 4904
7243 17880
11598 21881
20630 24747
18669 20796
369 11080
11942 21610
14358 23408
26358 27643
13605 20041
6705 19585
1622 21798
3084 20448
6857 13172
5117 13513
985 24520
4221 17897
10191 12555
1930 18848
15749 25272
13016 13161
13086 19041
5213 12141
24217 27557
12151 21032
9699 22690
7002 25666
9207 10302
8074 25242
23361 27085
5204 5786
16584 23295
6720 21641
1644 7102
17832 17963
8437 26265
2807 12264
11997 26298
2691 13154
15603 17904
15346 21665
16870 27300
2871 24418
15637 18871
2657 5641
9461 18154
11809 20367
12598 26315
4090 16670
13819 21673
808 25956
13788 15325
24169 24830
19723 27810
3733 10197
9502 25512
18538 28124
2954 23730
2782 19736
2382 25066
638 17076
14499 18692
8717 9901
2986 16982
24575 26643
10653 11028
2033 23329
11868 20527
15368 17785
14911 22498
1067 12238
9959 18491
3137 18106
7456 17507
9558 28210
8435 9314
9710 11683
3633 12746
20304 25842
13405 15512
23372 24939
6594 16155
3717 17910
4845 16603
18277 25556
816 19796
9180 16109
23939 26147
10660 22376
2208 2305
872 7878
8588 12709
24379 25505
9388 24792
18850 27248
18099 21248
6427 12545
25271 25636
17938 19095
898 12341
5583 5641
292 441
11009 25232
17963 22046
9698 19219
6215 21029
6832 18384
5667 16439
19255 28206
1689 16835
21026 24326
11576 24669
13391 25242
17032 20461
6591 17310
5348 10846
9193 13781
11092 18825
953 3267
1236 16259
1638 23236
10346 20628
3817 8000
11768 12751
3704 19531
14564 28211
12045 16174
4506 8212
16262 27004
19238 22870
8064 22351
6624 9094
5569 11098
9933 22782
2281 17718
2283 19531
681 24910
18266 23781
7608 8228
7744 14003
943 14666
3885 10948
10666 11073
2541 12359
4339 21862
14860 19883
3447 18934
3581 10313
13193 18521
6182 11398
9038 19485
11216 17838
6516 25580
391 5468
8246 20480
16681 21571
6334 14862
3008 17763
1065 12848
24159 25602
11924 25823
1162 11147
17458 23197
4245 19040
6552 11963
3156 25162
11786 12698
1197 26894
19965 25261
3638 3806
629 5607
25160 26113
14260 27676
806 5505
4515 23799
19289 22996
4477 18483
7049 17354
118 9026
13148 16727
20041 22875
15804 20339
10284 18827
17938 24354
9301 14280
10036 27091
23719 25370
4363 20431
1857 4496
16261 23628
4587 5984
24435 25874
19056 19647
2227 13589
555 16055
3053 12551
17713 23990
6847 14776
10959 18249
6879 12794
20245 22543
5269 16046
3625 10015
9611 15417
17782 26881
21963 25081
11133 27917
19625 26838
4502 10729
5964 19035
20778 26358
588 7846
9238 12126
3002 5368
9112 19687
10241 16766
137 14883
1748 15182
12271 22060
10444 18533
3748 24330
582 25459
3566 15211
2500 25881
3379 14178
15970 18700
1028 22989
8640 15756
6502 24069
1449 23487
649 4399
12613 22460
8931 12711
14748 25287
7205 19570
4218 4629
5752 22112
18955 27123
3869 18496
401 10309
9495 21543
14794 27129
5986 23608
11992 16058
20860 22425
10576 12167
2233 10216
20195 25560
16968 27131
11150 24287
715 4563
1555 7170
3482 12032
9868 26871
171 18904
2787 18379
19219 25194
12453 24811
22829 25294
5539 9038
12959 23822
2128 20951
2991 10787
16981 28055
8715 16976
21626 22842
12508 15090
2412 12165
8406 23610
9044 25838
9858 10990
10976 12740
4142 18313
2474 21260
9710 24881
7312 15672
13970 21473
7863 15454
20302 21727
11665 27817
16313 23576
3694 23838
8923 20554
20627 22734
5536 26861
8339 23265
1239 4477
11797 24828
1129 9176
19250 23926
1308 10108
2769 26077
5323 16932
11375 16781
11461 19844
1965 24423
3729 24526
9285 13844
5153 27300
7111 8957
16112 24290
7348 23369
14541 26189
15505 27155
20650 26928
1925 21830
7425 16178
25173 28018
3127 21646
10982 25468
16077 17950
13646 20370
3446 13416
1441 19917
12363 25602
19274 22194
5390 16569
13380 20388
599 2420
11078 12311
6009 24752
24062 25110
10934 14096
2708 11261
15346 24072
2149 6275
3287 9568
18818 25870
8215 10381
9683 14771
8615 16846
21111 21123
7002 25839
2954 11087
635 17712
24594 24955
15771 23375
2370 9731
2660 15173
11444 13180
23949 25632
21149 26695
1389 18777
10556 16006
20263 25191
7536 23121
3423 14359
3711 24005
15667 23637
5898 15041
9879 19414
7169 21910
2984 16900
4506 13914
3365 23361
4537 9624
3121 25607
13700 22174
1467 3381
18247 22842
5174 21163
14297 16623
6230 14916
8798 10212
15214 26851
8795 23510
9408 17792
10581 25110
7440 14555
19768 23392
7231 8520
16797 18103
14504 27821
406 13363
2883 27506
2162 3204
12561 14486
14281 15744
9040 24645
9420 20538
19068 22323
15543 26138
18708 19443
16986 26283
852 13914
4327 19113
5587 17112
20666 26725
7432 18346
5237 22449
5330 22475
7498 18135
13783 17459
13354 24171
7947 26284
19068 20556
7379 11455
4861 27271
1582 15312
16129 25838
3638 21470
8370 18374
6728 19154
26352 27638
3004 6348
8191 25575
23034 27663
5850 23875
8408 19513
6213 18441
11082 14731
19124 22662
16608 25063
14503 26980
2324 21071
11965 26786
2926 19824
11636 24166
19148 22421
13153 24953
102 13115
1399 12369
5371 17486
1151 20247
2413 9602
7051 8730
17245 22425
9838 17838
10816 27464
6008 6238
943 8438
20092 21942
3728 23015
25491 27263
15397 20723
18437 21990
2709 22639
3059 9113
17920 22452
17657 27758
6382 20235
5775 7869
341 9465
1942 14327
12142 25433
3709 11209
3793 7741
11996 24982
3786 11548
2341 14288
3317 24005
14708 20950
963 20328
688 19177
21138 24378
12009 23868
5773 22092
17315 21671
3059 6555
828 20622
4532 4702
2604 18665
4906 24708
4295 7535
8787 27204
1462 16377
22308 23634
1421 19961
25607 25817
18706 23024
3197 15166
4444 16492
1652 15873
7626 14433
9620 25932
9697 18346
3598 8057
11148 22329
1651 20893
19524 24090
6729 11438
16282 18529
8070 28205
6301 15955
10643 24876
3746 27439
12584 22925
2396 7595
11720 23381
10967 18962
6491 18190
2040 3700
10490 26083
9260 28277
7492 11295
2245 11020
1961 20249
19183 21617
1565 22184
1214 2662
4253 17863
18528 23778
5958 16955
4942 5289
1589 4720
4414 12474
10770 25906
17611 19077
16949 26643
19007 22043
1052 9536
21950 26186
1 7618
21895 25265
54 11599
8352 18541
4186 17760
1827 23935
9123 27179
11674 17264
11026 17688
15642 24502
2022 22149
18115 19601
14010 18679
23579 25399
7128 23265
7929 12153
9226 23628
11286 23238
7930 22904
10399 10963
13833 22157
9119 20227
7131 22420
2650 19231
1163 2368
17831 18819
9053 23061
2689 15952
16273 23267
8770 17747
10393 22471
5342 24922
7511 13542
16582 17727
6305 7685
14359 21770
6470 16523
3665 7153
259 25220
12729 18107
15094 19735
10662 24360
9370 16163
1001 24811
5197 7881
1613 3779
6301 20234
12762 27428
11748 22252
7976 25309
11712 13435
11340 22949
8269 12651
10952 24138
1480 1830
13373 20554
6298 28189
5691 27722
26000 27042
8835 13480
18824 25291
220 25397
8397 22605
3805 17349
1065 11047
3293 21974
19420 26866
8190 19508
8355 25375
8438 25397
406 16410
6928 21673
8673 16010
1122 16866
3475 5519
18505 26073
22637 25328
4563 8364
7477 22425
9366 24299
13042 21804
14124 14301
2224 24444
15470 25174
5201 26541
5338 23275
18265 22634
15091 18784
3267 21035
24747 24902
1562 13203
1575 18192
3286 12407
16805 21250
4132 20677
20950 23372
7119 22223
12349 14989
15494 15814
5368 20544
7846 26851
19424 22515
6667 8498
2089 8465
10889 25724
1605 8625
18030 21881
21653 22079
22896 24149
17949 27980
3683 13925
2702 5821
197 377
5002 9112
288 11295
4850 15342
6972 13832
5860 25960
3152 9751
13292 27562
2157 13551
15141 17499
9572 23713
1689 7677
18686 20552
14637 22686
13822 25599
4326 25630
15211 23736
1926 17602
2407 15843
18110 21595
10346 26779
1075 23798
11535 13756
12709 26094
1349 9167
5904 27300
11963 14438
11880 15727
12385 13833
6334 12031
5250 18217
3270 7911
5989 14807
14464 27405
550 7977
1251 22728
4549 20695
19334 23267
13221 24755
17098 23682
25011 28238
18921 21162
1604 15477
11943 19278
18591 21535
19627 21484
18369 19155
828 23890
154 20640
12199 26617
8479 21248
4836 12288
4232 6496
7562 17229
15410 22425
1082 11592
4763 24171
8004 25620
14875 19127
7483 11899
7494 21737
7422 25435
6594 11424
8814 23862
11905 18636
7581 11128
334 3167
7392 9216
15031 26177
9427 17975
881 22026
17177 19744
3634 18472
433 3873
9214 9502
4797 21753
12341 20503
4646 23120
18578 24540
8075 19804
2208 12765
4325 17280
3724 8806
11039 14630
6377 11262
9465 9799
1975 10622
16814 20131
5325 17263
6533 12956
19088 21159
6800 16257
10825 13501
9122 14462
3472 15019
19139 20460
13553 27508
717 22011
21636 28211
3660 12087
10106 13412
8064 10128
2225 24948
18910 26231
1141 17512
8810 27129
11746 14228
2874 24438
2382 6288
11552 26906
7438 12076
2189 6972
16108 19467
17898 25513
2964 22399
629 2896
11641 15080
295 5090
24131 27664
9095 20005
17566 26057
9268 18808
16352 20879
1573 19893
2759 2869
10546 22232
4532 23379
8715 10023
6239 7498
2015 20205
23857 25083
10618 12582
8669 18032
12881 27500
826 16817
9837 25610
13941 22588
11901 20541
836 9421
5448 8283
17803 23915
20211 27530
13089 26201
16642 21237
5972 10641
16911 24659
2003 7697
22416 27314
4162 27743
5794 27923
8855 17207
7926 19836
12069 21646
1158 6533
22409 25669
4629 19717
11442 16570
3488 4142
2880 19039
2880 19627
9488 24623
21798 23799
24241 27557
13684 24729
13581 16744
13800 16276
17511 22237
12232 16170
1777 13328
11592 27872
22336 24510
12980 24146
6296 14993
6446 23445
9847 23798
20798 22035
570 15385
14106 15616
2427 14303
1361 1579
12760 24008
2864 9956
7532 12823
7080 25927
23677 24503
4958 5832
8151 20664
7152 17785
25744 25828
11371 17931
479 25673
10348 26520
5850 11240
15357 26640
5389 20339
15292 18602
17901 19817
22789 23092
9847 20799
17902 19494
5989 15666
11817 17914
9416 22457
4551 17364
15731 26764
6837 16148
8003 9574
2124 11494
21156 24271
4316 17695
16314 22932
8795 22929
4962 17406
4098 25174
14296 22657
16453 18012
14361 17347
17118 17883
19134 24127
11380 15756
4689 25448
5006 12937
669 19924
10279 13675
1817 26735
16472 16718
14076 16351
340 14242
12712 24905
21846 26447
24240 26591
16901 26341
1178 13165
1309 21886
3401 9851
1142 22479
20420 20705
10913 25299
446 26293
505 27087
14604 24226
20355 21746
7676 12964
10432 14027
2027 6149
8157 11026
392 25978
3428 17285
10967 25232
11424 15435
5728 22959
12264 27788
14167 19081
12274 17676
9663 17603
11169 16569
7523 9403
1178 3819
16094 16138
24167 25830
8818 21377
23376 25174
4030 19712
1602 27194
11192 27374
3089 25301
12512 20504
11002 22769
3946 10653
10770 21163
2353 21511
1755 15399
8939 24900
11192 13129
15141 23911
14777 23916
4579 19089
108 5978
10212 18155
16249 27634
3483 13329
16939 19968
1593 21291
7523 22379
17280 24843
9795 14724
20162 20480
9368 15847
21158 21361
1894 2679
341 19483
4959 6785
5371 23455
27489 28159
825 11340
8156 12341
5359 10755
7849 27505
8933 23685
1808 22517
1761 26503
439 21264
17491 27358
11741 14507
3947 27864
9683 24539
10393 12618
9599 16847
3339 22116
8924 22130
3139 3206
9271 20494
2410 11260
3326 17757
5450 7158
8751 26347
20535 22581
1126 7695
12792 13756
13681 26347
15104 15419
881 15015
9214 19068
5419 26430
14528 23930
190 2039
11348 22892
245 18255
21312 21506
77 3068
1511 25470
7701 22895
6757 22350
3740 27572
9563 18118
6063 18617
4600 19712
2440 27121
5082 18959
1617 22049
16906 24659
25833 27221
3383 18651
5267 8102
416 20931
5832 11468
10971 14771
4732 22932
5775 11746
10496 16694
717 3700
13595 27769
17916 21737
7508 13367
3565 7121
17125 21505
20517 22982
3121 24177
3147 15291
17781 24512
8525 21603
17455 21766
2373 10439
1104 2551
3300 8470
569 1541
7684 20179
2242 9985
2609 10723
12939 19269
11268 22787
8003 13150
5466 15723
1941 18441
5134 17453
6668 24886
9067 27016
14755 17727
11009 21086
14771 21798
2160 8040
9237 15050
8730 28146
9285 24371
11809 13328
812 3373
715 7144
599 18270
8388 14491
6138 27192
2936 18633
5919 9356
1924 17615
21057 26364
4289 19052
1858 17415
5687 25329
13482 20408
5327 7227
12912 27299
7732 13427
9563 21058
1 26238
9660 20943
2646 4223
3947 21641
12963 13032
17107 18556
17145 22430
18636 21797
8221 22780
1197 7507
9685 17344
2545 8635
14332 27130
7695 16545
2023 24904
12111 24539
448 2291
19670 27976
3197 27428
6555 12385
7765 25577
2867 15342
2390 14411
13970 16656
11697 19004
14634 15449
3357 7471
13610 18758
14463 26815
20816 27579
18129 19309
660 21761
867 6426
7800 11987
5093 20390
12433 23222
10971 12584
14965 20677
9980 22885
2412 12068
23482 24240
8501 24645
8434 23868
262 28156
2353 17600
16983 20649
18185 21747
25568 27373
9944 24600
8268 10021
6946 15530
4954 26186
3793 11039
21324 24872
6633 18533
7351 12390
8290 16532
5500 10079
10066 16020
5453 8895
808 17747
6760 25353
11439 18257
4581 23450
12965 20640
15256 23722
4166 22240
18927 24069
7920 10708
18463 19735
7435 18993
15840 20245
14852 25869
2396 26413
7029 18901
22110 22469
13440 18084
3525 16170
9835 13054
2882 19639
5153 27841
14021 22750
2195 15863
113 24069
10885 16470
8025 21102
556 2568
2499 7818
135 12651
7827 27518
17828 21982
11220 24171
13831 20355
2121 19303
8057 26659
9067 26283
4320 11188
1103 26322
401 10756
18128 21761
2482 19839
17027 25779
9979 17724
20881 27144
8806 21149
3541 17443
14686 23218
2518 18618
25344 27778
185 5846
15747 19672
19021 21853
7927 28211
3428 23608
2205 16372
21034 22422
5183 27617
23608 25214
4178 12282
19454 28106
10584 20726
6679 7244
9676 17438
22393 25228
6097 27623
10440 23194
10054 20990
17812 20687
4350 6876
13772 19829
10444 28150
9998 18685
18280 20477
5086 24339
6876 7009
2585 18615
9085 17782
16434 25163
9937 24381
206 22135
25902 27668
10489 11132
17284 27405
16035 24023
10457 21806
16639 25086
3275 17383
1075 6601
6616 19647
997 4029
867 8718
10309 15092
5585 20558
15856 26773
577 8781
295 1321
2705 4883
3227 19670
1474 10388
8078 19672
15468 20537
6804 11385
14264 19556
4995 23892
7608 25732
24427 27075
25973 26295
7903 10961
9896 12369
8785 13744
825 3380
2518 24846
20437 27632
17481 27867
11307 16932
12399 24104
1811 25838
11416 19666
16106 24803
11992 19123
7413 18044
2664 18564
10287 24503
8396 14944
6437 14854
13091 26068
7185 22127
5688 8750
8770 16679
1411 15058
12399 15446
418 25895
15725 22993
13744 14997
6927 25703
2810 10717
18963 24304
7325 24148
25046 26150
17 27135
26024 27719
5927 11237
8609 12032
5749 13827
6705 25503
2767 27678
949 8357
7758 9226
9569 12869
21000 27157
3705 26814
4267 11902
2436 25623
1800 24991
1986 20573
4248 12271
16911 26998
7671 11063
4148 7656
21293 27690
17636 19982
9521 17049
13984 15376
10598 17146
10023 25272
3742 19617
5609 22080
10512 17787
26158 26497
10501 10839
14010 19853
16313 19742
19653 23983
3900 11953
8139 22875
22191 26438
10495 19942
10416 11261
18185 23736
3152 13081
8970 22271
7502 13890
16767 27470
1745 21618
24948 25472
17486 17768
281 23068
6426 8088
15496 25757
3901 13972
10280 20427
14167 20109
115 20162
396 22907
6078 27433
25083 27221
2265 27419
20607 21831
14971 23329
2362 27523
7086 16609
763 4181
1349 27579
8491 21908
16210 20162
25966 27703
3634 11260
3468 9308
2413 8721
1947 9120
2021 22296
3187 5949
5162 22954
8734 15025
26338 27572
5820 16130
12387 19127
12402 14478
15880 23152
14264 26725
9923 12155
3781 9406
6116 21885
14298 23829
11576 12076
27374 28231
3380 19203
12884 22433
11678 17079
3819 22369
54 26364
10795 20914
11218 24104
737 24904
8766 11052
7209 19248
1448 7002
1198 4367
505 16582
1397 23830
4104 24864
7823 10431
40 406
7091 13146
6426 18078
11545 19927
704 18841
5082 5893
6221 14069
10756 21641
4022 14264
5949 21291
6707 25382
19445 27474
1421 25343
13203 14016
6342 20448
5585 15713
640 8864
15649 17076
19952 24069
1162 18746
341 28120
17692 22746
11059 23650
11369 23424
15022 28147
3758 16829
5390 10530
2067 5479
6794 16366
12787 22883
19531 20230
3217 25638
5904 18419
2849 20564
12506 13042
11307 27247
31 23549
9239 15666
12908 28211
14136 25105
13695 14481
3329 7491
2050 10208
564 19244
3947 22687
6077 26544
2189 15668
3568 18789
22217 24864
16629 27944
4690 10449
10124 14954
2443 16119
8795 17105
24890 28250
9968 24263
23781 25563
24783 24939
10612 23560
7826 22276
22587 25057
8248 13756
8852 18425
6824 23384
10660 17967
23210 24048
12639 24830
4162 23863
683 7464
481 25232
10768 19255
6342 16286
14630 17692
12561 17924
9271 24603
1516 11975
10836 12517
7207 28170
4607 14626
14608 15629
4914 16367
4065 11239
4724 15549
7373 17429
19206 21482
9604 18001
8528 20201
25781 27293
2296 27096
15298 21359
23298 24403
8140 26002
11281 27841
2611 8846
16686 25380
24364 26784
16152 22416
3148 7915
12974 20969
18704 23186
2810 14940
14390 23911
4911 7878
8382 14534
7804 9458
7020 16354
1335 6703
2807 21739
19835 26319
8388 12967
3066 23866
6807 8223
8647 19784
20204 27843
5052 16563
12900 18636
7029 10824
22457 26554
6738 23454
15236 16607
5458 23887
8718 19551
15610 23510
8911 9717
23755 25658
9348 21536
2146 5916
6248 27596
12495 21438
5440 27598
15376 27621
3677 6722
3099 23400
16976 23950
11017 15168
12754 23295
8550 23395
3166 22544
10408 23726
2532 13456
1940 20210
3719 24127
16001 25121
14124 22785
2523 2801
11172 22425
3889 14024
3098 20328
5767 18521
2709 4038
16686 24598
5728 19138
2474 21618
3121 3265
8801 11562
15423 26062
13443 15474
2636 15939
21341 26311
9268 21862
18189 24820
7289 18639
17468 25972
23219 24427
1027 19068
7368 9463
7009 26929
17616 24256
6650 23718
1116 10084
1589 22860
3910 16654
16139 21671
2037 2764
3038 18921
8150 14121
12056 19419
20813 26139
3861 25079
8263 25228
5087 19952
9121 12000
5486 16641
72 2517
14033 14522
2709 22627
9788 13285
6264 7606
1663 18886
8043 16185
4534 18784
674 1944
4018 13077
1278 17177
1138 27222
1412 3900
12854 21704
3598 4640
16766 22677
492 6998
9055 21898
19128 27339
3008 24741
12056 23361
183 23390
4866 12894
14995 27279
3051 28060
4634 18336
9820 15027
10845 15736
8382 14176
2644 3005
16181 21673
5923 26413
4607 10624
1240 3031
8945 20011
9587 17308
9222 10693
8426 13189
24405 24457
12503 22738
20838 21098
11747 26676
12927 13810
9020 9127
3057 6049
9326 14033
13840 23136
2702 5246
17778 20589
13988 19732
115 16255
16534 21988
2369 8155
17167 24425
7419 24379
8612 27828
2685 25977
13975 20041
11692 19728
4650 10800
6016 22441
9717 22559
11997 14035
23332 23731
17510 26491
14121 25162
345 660
4135 6105
5751 14941
7695 19857
10971 21541
898 7791
23932 26503
6823 27105
9264 24294
16656 20935
8128 18015
12917 27638
13649 27751
5907 16276
5787 14989
5646 8148
49 11952
12339 22147
25139 25414
2815 3038
8746 9569
6495 7611
4519 15789
4784 24219
1104 3762
18415 27982
23911 27016
10 3818
17306 21118
1481 7360
18064 22630
220 24904
5787 27025
11650 12997
11809 24280
19577 25141
1860 12487
5505 9923
1489 11131
641 2470
7700 22226
16228 20340
13152 22605
11242 25962
19623 25907
17787 26413
20053 23455
957 2344
4192 5703
22144 24392
1181 15179
2330 11026
9614 16162
6848 7987
2245 13980
274 13999
12204 20427
8294 19909
2961 14753
24108 27311
8014 27971
11465 26775
3296 9206
22273 26908
13844 18599
1659 16346
2635 25822
4295 18024
18522 25344
3793 20711
22965 27562
8781 27867
7533 19883
14233 26541
3701 12529
12830 16627
24299 27105
8156 21369
3598 24979
14024 17759
6215 26869
2769 27997
5996 22161
262 12274
6898 22376
6355 21951
8718 9065
2771 12046
9737 26665
11207 26601
15173 21464
22440 25066
1850 18072
17404 20661
18182 18558
3030 12089
4244 10841
19982 23392
17158 18002
2541 9138
1360 23413
16284 18318
8182 8770
3488 6780
6489 14033
382 20345
837 6555
1647 7031
24495 24659
16475 19095
6355 9284
193 17743
804 10457
7465 28238
2058 15628
6381 22799
18349 19546
5815 12726
4967 21346
4428 19188
406 3526
4877 6552
5852 14215
710 27821
650 2406
714 10809
727 15619
7342 22426
16515 21929
24068 25557
11044 17318
9590 25986
3547 20916
22593 24059
1955 5731
1645 11098
11004 20014
20386 22274
3705 6041
15713 24830
22306 24217
6975 13697
20479 27125
173 17052
6656 9992
9873 14104
2040 19171
19181 27759
22761 25162
5113 5238
3566 4967
1958 9795
2969 27745
21835 24080
8793 12790
4988 24625
16328 16601
10476 18603
10260 19352
11657 21635
20078 20735
155 4343
5128 6922
18091 18759
15085 21891
9098 24322
18000 22227
7828 22304
22570 24089
2112 5150
18641 19021
6017 9384
5971 22363
12147 19891
18107 19682
6506 22861
6222 25452
1583 11059
3484 10887
1295 16369
3026 21012
6182 25506
13329 18993
3002 4839
13513 22440
5302 14244
1181 18131
2592 25177
23679 24122
1793 23295
18533 19086
15670 28013
6490 23310
4256 12438
17620 23520
9408 23915
7950 19033
14758 27124
13357 15391
7428 10012
3176 4004
1538 6972
2814 27168
17207 23162
6172 21564
9260 11925
12194 23136
9055 13412
19493 23146
3167 13038
11294 15022
14971 17056
926 14657
5628 11790
2003 7540
23361 27016
8087 24535
4381 6188
16581 20258
17495 18055
5485 10296
8939 19721
258 6955
5283 23388
11093 17322
10429 12243
14588 19419
3130 25198
26908 28263
13391 14033
17177 19171
22263 23606
8806 22415
5336 23807
13546 22925
12793 16480
2856 21675
7189 27202
24638 27570
11637 19753
8824 10112
6419 19797
8497 10549
23663 24295
3078 7033
8352 23721
369 24422
589 12112
5446 7507
1575 20633
22275 23338
7505 25735
2212 12266
5604 7964
3437 7094
5691 6086
788 16769
2669 4387
17902 27152
16871 24513
4414 11207
425 21823
16021 20661
6385 26516
220 581
2458 8974
16627 22892
3778 15945
4516 27088
16315 19817
19136 27083
23174 27861
876 21036
1843 25759
17043 21849
1110 13373
15110 27179
14023 19712
572 7368
9847 18944
9252 25043
3900 24465
7919 24095
14753 27927
14805 19382
5692 15443
14794 23016
4878 18454
582 20332
16781 20187
4310 26647
15087 28176
17140 21231
11725 14546
17260 23680
14520 24062
15018 16899
10029 19960
14758 16510
15613 21665
14168 19857
19445 26294
15739 21710
7438 20575
4806 8332
413 13460
1755 11261
17140 20717
24069 24616
3228 25272
3457 23420
5946 23952
271 21753
14625 22340
15169 28211
12056 12565
9416 23345
588 2015
13359 27155
192 25638
14257 26408
6326 8990
595 28238
19086 22040
115 8472
8787 18001
8315 9286
24167 27128
841 22832
9949 24147
8831 21703
1178 7560
3872 9498
9323 11133
4681 21881
2144 20813
5429 24169
4925 18959
246 18474
18308 23060
338 27957
4789 24040
4849 8891
5229 22253
16994 25614
4546 25245
8567 18922
1940 16604
12654 27121
7020 14513
2517 24720
1948 27821
9465 22907
15352 24369
609 2325
16238 27985
12020 19275
17990 20406
3338 14800
13918 18543
9011 21616
3562 16349
2855 26097
1421 10146
2561 22897
5004 11953
20162 24929
2293 12754
1696 16928
22661 28087
15869 24665
4227 24127
5918 11369
17883 19325
16074 25828
6800 11725
17640 23208
17314 17496
8669 11611
4326 8924
15911 16674
10952 21564
5150 5540
5504 25128
854 17787
20018 24512
1228 2305
6701 13633
2997 9959
952 24421
1559 17231
9193 17589
2686 25453
681 27917
3049 18603
23694 28247
4665 13973
21071 26976
3038 14131
1446 3401
873 14471
23172 27944
14992 22321
391 9962
7354 20041
1343 19169
10598 14969
10325 16529
8510 19562
194 20020
3622 9465
17074 19801
16659 19253
1568 25886
3350 4685
3197 20813
13695 18761
5558 10484
3253 3306
11790 26635
340 4445
1116 18268
10200 14029
8712 24396
7975 8263
5861 27746
22320 24171
10937 27681
18160 25034
8964 11193
1049 12244
21105 24131
7543 11415
13515 14696
16349 24764
2667 24803
6161 16904
10990 24076
18468 26688
3790 6972
17714 26725
5852 25708
687 18712
8213 19562
14552 25978
9683 9699
19819 24104
9001 25658
7269 21184
17165 22425
13610 14294
2845 23010
5867 8985
18376 21856
25314 25773
1005 20170
978 10825
10299 24023
8289 19332
1795 8781
21525 22320
14767 27374
9860 19330
5170 20893
957 6290
19853 24122
1154 12026
6495 24223
12739 16131
5134 27393
485 18425
5254 26686
10952 23174
10225 16022
974 19242
5719 23345
676 15784
2487 9340
3511 7484
16629 17823
12869 16855
10157 18822
8349 10924
588 20860
3503 17254
615 21826
9798 27059
11011 24384
17399 17618
194 15539
1736 4204
900 18388
691 25377
1056 8024
6809 11724
16917 28075
9638 15792
8001 24502
417 23921
2326 7427
18533 27821
13978 23459
424 5494
5749 23648
13 7626
14665 22161
12689 17393
19680 21130
11884 14240
23553 23915
8473 9454
10937 25754
22180 24127
10601 23026
9837 26846
7756 13906
20763 27669
14364 23423
10815 13018
3622 8098
2708 25397
8413 18082
3322 20062
1049 19753
10837 15064
5174 25200
1548 24861
8952 18708
8507 21603
17541 26781
4892 27004
18944 21823
6972 16369
1864 2283
2482 10584
4740 13017
3003 23613
3732 22055
1999 13291
19133 25101
3826 9136
5042 9615
11096 20617
24521 27924
23930 26767
3091 7085
4558 18669
21149 26341
1650 5724
18826 27488
22965 28031
13038 19957
7910 22543
9371 23026
2303 17214
6237 22399
20540 24053
3424 3622
9943 21303
11954 22292
1109 2412
2143 2556
8959 9916
867 2878
3383 18745
19176 23292
5116 12709
8314 26589
1045 14358
765 2518
4858 7908
2606 9334
7508 13661
26372 28263
9662 15981
2782 6177
905 14534
2719 9689
1706 9502
835 3773
6572 24280
6738 18502
612 23361
690 3844
7323 15047
670 23526
21476 22865
10296 25735
8826 18712
874 13526
9300 17587
12800 22339
652 14227
16898 22786
5984 19959
3625 23608
4253 22834
4646 16848
22804 23932
17421 18903
2412 21611
13793 19285
16121 23914
873 16219
10957 11535
7471 25908
19448 24136
12678 16367
10742 11199
18541 23929
11480 13766
1689 23030
16509 17906
4029 13890
13059 20061
10454 14958
22870 25439
14964 17020
24055 27500
8620 17568
3960 11520
24364 27798
16205 26617
2748 14389
15017 24172
11040 13078
5160 21056
5206 5943
24571 26874
14145 25564
6069 22448
2104 13116
106 24754
13688 17931
12452 27087
2320 23987
5904 16262
450 20689
13600 15034
18963 20105
17967 22440
12257 17847
11250 14782
16300 20097
11648 28061
5540 15619
7861 20245
5989 12483
1284 6045
15541 23492
13789 24616
3726 17803
19004 23346
1797 15868
22897 26531
3713 17963
7297 25154
22547 28205
1039 22795
7176 22423
9937 10922
10990 28046
9271 25161
9084 17502
21407 23254
11867 19425
26439 28031
3964 7031
9204 18996
8226 8795
815 2246
21887 28156
1208 14194
867 26127
7656 21131
910 20748
4720 25397
13343 21550
4268 23050
2227 2650
3810 5702
21254 23976
6788 26744
18635 26001
2932 12637
10026 21380
20639 27197
15056 24617
1681 18289
7031 27312
1511 12532
14777 19640
13014 13737
12596 15106
6363 11307
2191 10921
7332 25151
12369 16194
5482 20041
8363 19567
25184 27531
7627 26083
6288 12047
2435 19771
2858 15998
6227 13144
2110 11627
19033 27152
7604 14627
14471 24862
7981 13373
12773 25219
1719 8153
17938 24117
12677 14781
2433 23880
4581 10876
1574 22115
712 28065
12551 14228
5264 24731
3762 7737
7148 16245
23932 27569
22319 25276
5765 27042
9234 14033
6246 16181
3567 27811
13802 25276
3446 14614
9704 23216
5056 9038
10487 17819
1028 11192
957 17281
13328 23983
5856 7560
12928 15313
14661 16027
12029 16369
1704 18508
14993 15170
15175 28013
2000 14997
15360 15869
15470 22159
2023 9626
4328 6239
1958 5623
9610 23970
245 8720
9225 9965
7648 25997
14386 20328
873 14749
2944 25830
5396 25421
2031 21519
4336 25714
22475 24223
18830 26085
4009 24576
194 2676
15610 28117
3819 27045
14276 21077
19270 20597
10535 18480
2776 19419
652 19524
4060 16504
4326 11599
49 20940
823 14151
7813 18601
4782 23455
2205 17265
5466 9268
1270 17337
5041 21084
6709 14456
1925 4028
22031 26475
11932 12062
12128 18709
3856 5725
5406 18190
2133 23441
3689 20075
10454 14795
13807 18820
6147 7468
5415 20596
4545 20966
3953 17070
15222 25550
7212 12662
17304 27914
9231 9639
16789 24341
2707 6051
12887 22476
7469 22017
15047 28156
7728 27224
20141 27696
3204 27867
9074 12581
8730 12723
770 7494
11539 15214
5287 18412
11248 28155
12089 18236
13564 16460
3039 21773
16951 25376
9029 11993
20309 20605
4142 6227
9939 19744
3220 8035
8054 27698
6239 10974
16258 26010
840 5978
3759 14411
11838 27830
13892 23180
11035 19355
1153 19690
429 6798
6618 10839
15254 21895
18720 20861
17912 21732
3422 6879
13173 20235
19723 23254
4329 5507
17331 25962
2030 7688
3419 4943
9928 12710
6905 15357
158 27382
11186 22226
652 12114
9399 20476
8297 26698
24444 27596
3045 21118
3593 13362
9504 25350
11288 15112
2061 9579
1693 22294
13668 19148
15450 21074
16633 23954
9306 20583
8392 9077
4240 25280
4756 6620
9710 10317
22446 25857
6672 14241
873 23388
3051 19879
9300 19425
3002 6338
4209 17273
18416 20688
1878 25303
5419 26553
5371 26034
10923 22156
2470 19819
9881 25493
6067 21717
18959 26056
808 4192
2547 27165
3903 8048
3383 4144
11963 25262
14077 24866
10581 26615
2734 24617
6543 17471
808 22224
10490 11471
8290 24910
3451 21987
4287 4626
6609 26372
2314 13410
6879 26299
17397 25454
7498 23561
2474 11261
7695 27758
1613 16322
9115 26661
9907 19558
2460 5531
9508 16588
5669 18775
9189 9663
663 6355
1270 21404
16713 19787
13190 21503
10800 18591
10833 23252
10971 23107
24780 25950
8427 20307
15983 16802
16311 22165
15695 27220
3575 25575
11133 16754
19231 20441
6914 9793
2740 11479
17246 20409
13564 23066
691 14907
4336 16410
3314 23729
13779 27353
7536 15283
16201 23499
7539 15612
17177 17524
2186 24581
21000 23278
17336 24782
7881 18688
10477 25012
1142 4247
16756 22229
6466 13922
17599 18217
7836 10615
1851 27185
2719 15646
10303 20008
14241 16940
2127 18919
5608 8588
3592 19152
1878 19281
2767 13745
6528 21744
5338 17760
2929 27608
4942 8894
14451 21788
2245 18607
11250 26709
14809 19409
16006 21079
1672 4535
12146 15549
5876 14703
11211 27468
6220 11693
3741 11860
5248 20445
20723 26902
10344 24274
6017 13578
1370 26696
9726 11055
4194 14916
8667 25272
13681 15271
86 20480
1014 2169
19852 22941
16237 27732
4695 13950
17041 22179
19487 27729
12145 19536
4790 24166
8990 16905
17743 19610
21688 22787
867 20313
9773 22983
1043 8737
14546 14835
27942 28163
4612 15263
11192 21380
204 19941
1795 27117
19900 23845
2200 11563
24904 26795
10532 14912
3856 22322
2874 22112
273 6480
8506 20694
2767 9720
1529 27175
8977 15484
21457 25462
3432 8823
23355 25589
15916 23422
1741 25219
21188 26830
4270 23412
1396 17726
2474 14879
2157 3627
15263 19278
13456 27652
8471 10207
2756 2981
406 2610
18355 26052
21641 24876
971 7351
5978 25267
8385 8424
4298 23298
16314 19947
8770 11953
7830 12855
17698 26099
12311 17364
20452 23711
25485 25657
4367 15335
2980 11964
1243 10701
25174 26169
1211 13080
12123 18277
3039 26148
12198 25029
711 5102
15643 25822
17947 26069
7158 14479
1223 10279
21149 22679
15248 25866
7118 14588
6263 18128
972 15114
5850 25525
4376 19772
12709 23574
9443 9961
24824 25623
9553 12956
2020 15182
12954 18769
7489 20437
3000 26799
14136 18336
13145 14718
4974 18453
4295 18371
17109 23205
12009 26773
18644 20066
17020 20363
2774 6148
6185 17380
3528 19323
2470 11080
20477 28158
14261 23693
1373 23983
17727 26053
2667 27079
1819 26596
1144 18445
19326 21990
5117 19091
2545 25416
4332 25219
4551 18211
10786 16485
8746 26141
3612 8612
9944 26531
3506 22074
58 10072
581 3900
4775 13195
10715 24575
6305 23897
6110 10829
867 3152
14922 17191
9967 25632
3125 9228
9393 13682
16209 22483
5915 18951
17600 26643
8806 11486
7950 9194
22750 28186
14625 24676
11875 18442
22946 24595
4306 21991
1349 27949
8707 25498
18510 21842
909 15482
896 18522
478 12412
2820 26283
1672 26147
14036 15294
3728 13447
21115 25788
6078 9584
10753 19400
13579 22026
24976 27050
1741 8298
9549 10372
4868 12193
360 7835
11495 19409
1925 21670
5989 6832
12906 23549
16965 17840
4702 21068
7162 19759
10584 28181
1343 20383
4732 11183
9323 17657
1154 4218
874 22759
1106 21086
12217 21693
5796 12066
14771 23372
5989 10330
973 28093
15694 15788
24864 26873
2986 5389
8772 13091
4581 27150
12495 24444
14557 15734
11710 25564
9080 26688
10078 19421
4705 20893
11698 28138
10209 12801
9702 18166
16858 20962
12426 15031
10531 18958
3191 4076
2135 22656
1858 7119
1240 2433
2708 12711
14971 20302
24620 25776
927 28142
7915 25987
14759 26422
2027 25409
16311 23365
21228 24576
4136 25445
6450 14482
6528 15814
21111 25817
1741 18035
13493 25344
31 69
3665 13049
9410 17347
22283 24637
16084 17054
3634 23593
3452 24639
9768 24648
434 11671
2292 18515
2438 28128
6972 18565
175 8143
15386 18232
12484 24490
7976 17488
19971 24693
2462 19834
12580 24181
3357 13155
7083 24377
1851 23821
5068 13649
3059 12168
16900 22079
7036 22764
18036 24586
19675 21983
3446 14407
2064 25978
1729 27810
16825 23007
12257 15477
6074 20936
2550 10949
14019 26392
18517 28055
848 13484
14617 18963
3539 16558
3826 7542
4216 18812
7702 14767
5636 12252
3146 13903
4531 16842
18544 27145
3265 4422
6408 22253
329 2324
1632 25399
2002 6818
13810 28085
169 17561
13059 13220
67 17075
8016 12193
11878 22425
6049 19947
3186 5120
9148 24278
5651 7162
21815 23738
7523 16582
18945 24279
20630 21252
10434 19567
13626 20204
20313 27085
1948 26930
8411 9158
8955 23418
19857 21638
7111 18775
4009 23525
609 12104
16065 16447
17787 19723
13329 22584
3728 26591
4519 14016
17114 24947
10612 24610
11241 17546
21123 25636
11164 20319
8450 9441
10464 20990
20084 24551
705 11080
10104 10483
2677 19068
9236 16324
838 8531
2961 23225
16441 18855
9683 25321
4778 7245
131 872
617 5768
2329 27980
2828 25658
12849 27201
3489 15509
107 14507
2639 4220
13137 15899
8211 16725
17901 27507
4009 20092
11181 16184
7020 8049
15727 26554
8814 25951
14509 21419
7448 21198
580 7975
2076 4548
4414 8481
28 5961
19169 19409
7725 20836
10570 17186
3757 16794
9582 19085
16334 26641
8423 19686
9795 12869
15693 23843
13864 15580
4693 22153
12346 15928
3986 7368
15549 21058
16751 24513
3940 5378
22095 23392
6235 21853
2336 18950
22025 26706
16016 20390
5237 10560
8856 16014
13468 24068
14012 17922
3805 6918
1713 14309
15672 16276
1097 22897
11507 21059
5995 12804
8409 27677
6800 22799
8074 9205
5609 20162
961 26970
12144 18457
3201 10763
21498 24943
13051 24072
2892 23890
15291 17999
11340 16194
9408 10920
16842 22423
3730 5040
18219 23919
7635 11128
14868 22479
14471 24057
18878 21469
18952 25182
10687 28044
5436 22537
5150 8730
24127 25083
13679 25174
12228 25971
18799 23312
9528 9933
12954 20712
9321 14601
14901 27074
10515 27792
4548 15477
9359 21737
3624 13468
11274 14106
20328 22550
6374 24397
5114 12278
5978 12077
17847 21438
12385 18479
304 7059
11366 25096
6065 23893
3251 16763
9528 22763
314 12259
7997 8875
9109 26755
10230 18261
24917 26584
19552 25366
4314 8343
9226 12639
12701 27030
203 1176
12369 17717
4459 5227
9907 17456
6972 10284
11440 26896
8779 13090
20945 26551
23472 25774
5941 11696
6170 11628
25063 26260
5071 15233
5512 17742
2679 10663
2389 17524
3797 24848
13186 24779
8739 9260
13316 27826
25580 25904
26626 28077
1471 11519
18272 19161
4595 26663
12056 12423
1978 26559
5599 19368
2929 4081
5236 18960
3482 26045
3518 11001
1755 16559
9495 17779
15201 27569
3691 20579
8906 25644
731 15951
1097 22607
26445 26685
6700 23139
17355 26409
11586 23144
8520 25564
6758 26052
2322 16289
604 2105
17509 21473
20171 26340
4866 17747
48 7832
2723 10052
4287 14309
12111 12223
14547 26077
15727 23658
12754 15133
16584 28063
8679 27263
22138 24267
15882 21359
11494 18599
15432 27746
15813 18502
5581 18556
17535 25310
8616 16218
3186 7973
10255 18908
6615 23605
896 3068
8707 21835
14217 25414
1878 22509
2671 11316
12302 26774
20336 28082
2470 6020
8705 25876
12361 21958
5585 8923
12481 21448
3399 26297
11484 21745
16806 28166
939 22384
1771 17838
7219 12073
19362 24095
6883 8368
14946 21909
14390 16136
3730 16404
2342 23512
3108 3734
8057 27795
7869 26643
261 14002
18352 23538
5056 10511
6305 15117
15174 16002
2887 20109
2282 8925
7189 26645
22210 27766
12798 26659
9673 11740
6633 17787
5989 12225
441 27655
5710 10144
16369 26974
12164 24650
4667 17017
25280 26079
7169 14970
3139 10312
1713 9919
11381 26794
220 1727
2969 7515
564 16210
4323 24122
3805 26611
18636 22183
16433 18861
6081 13222
10473 16396
9065 21243
5659 17851
13679 19917
3440 15232
4627 18406
14552 14560
1925 21137
1610 11064
10855 17392
7228 18395
14791 28156
9615 25758
11636 20632
3206 27758
9388 21803
5536 26194
5283 6676
16057 19977
495 14010
14911 20417
7987 17902
17443 21400
4492 25471
8841 16094
12437 19468
6753 9884
6182 27707
2402 10691
3017 17199
4507 18009
10444 20124
21761 26391
19712 27821
872 16850
22425 25067
13059 27356
4902 25652
4509 7309
7889 13211
18176 20448
20367 25077
15595 26978
9597 25771
4949 10718
13175 19019
2550 9055
991 23798
8760 9742
15003 24313
3401 17509
17523 28031
3916 12850
10242 26869
11059 18110
184 14813
11958 28106
19409 23679
8256 14563
5051 25340
1545 17314
1561 10745
11438 24224
6774 15123
7839 18945
15619 23560
21038 25830
7297 15282
602 18718
19441 26097
18993 24069
11692 14748
2587 6190
14944 28044
3643 27428
2288 5522
3730 12459
15015 23284
187 16742
18704 24371
1804 17630
6030 10751
18192 21423
7905 24836
12456 21438
5926 27513
16258 23863
29 13787
7982 21840
4734 19539
9127 26956
9662 16351
19525 25301
7604 13398
12939 19043
6478 15558
4102 18728
7878 24019
21382 26948
2342 21965
539 18759
23941 25309
2619 3758
9265 11880
21601 24212
9067 15141
343 11809
9019 22368
16689 24783
1925 19343
12244 21296
19769 19810
11307 13055
23372 26211
7160 16955
16766 20815
3613 7530
14228 14672
3915 13683
9033 22246
5448 14642
16390 26824
10794 12234
8905 9421
9805 12242
9358 16197
5142 27418
4993 17947
17737 24795
10800 18471
3420 11410
5760 9174
5085 20848
9979 15499
10795 24265
23336 27126
1457 16354
11041 18033
2189 14145
914 23268
19739 23708
7816 27639
16607 26554
5708 12769
10888 23396
2768 6267
3257 12204
2150 22352
3233 12155
2520 7626
7983 10364
8734 11226
20332 27715
179 13282
11133 20849
1719 8899
6268 23998
2677 24336
1925 7367
4593 20995
23650 27261
1979 5716
13242 24277
8756 16179
2373 7377
12105 27356
12228 24096
12995 23365
5326 19909
7443 19684
5404 22581
5917 17651
2940 5609
7381 25433
1418 13651
13282 19482
2150 7065
27494 28084
8442 13636
6427 14420
4984 27849
6794 13536
5377 13168
1904 27651
8964 19056
18507 22845
8620 23696
3265 10298
4823 6957
14890 25704
4280 19543
11100 20500
19268 19647
4719 10393
16094 19171
13471 15564
9000 10495
24831 26413
2812 8322
341 22551
4759 21184
11837 15660
12633 19990
5461 17075
13320 16514
22288 23150
8081 18559
9815 21456
7213 8024
19317 21343
3708 8672
2275 17226
18891 25999
15481 22421
9319 12073
12406 13127
8180 9572
8251 10726
16668 23602
6067 23082
17784 26790
17604 24955
17667 28194
22271 27746
14165 21879
2336 13270
22058 24842
18365 18764
897 21659
5378 26244
4192 5528
6626 8412
12965 23672
876 12188
13832 27074
7645 18392
2436 22787
5332 8787
20964 26419
21328 24354
7290 15308
5284 11495
14189 22161
14428 18811
16955 21823
10254 26536
11133 11495
11124 12607
7440 10160
7210 25104
6759 20356
15600 22205
5197 21431
21025 21552
1948 15477
2708 22376
6995 19652
4577 28210
4967 7205
11495 12708
12397 17259
6134 11612
346 26436
2270 4196
16852 25273
752 19008
5749 25116
18011 20749
11610 16901
18994 28108
14692 24389
12252 24624
21334 26017
13899 27128
1116 26178
10990 14771
15064 22678
14420 21027
935 2095
8900 22008
6117 19843
11804 23911
13910 14821
12309 16422
2655 13046
3414 11368
1275 12708
5371 7930
14033 18137
1292 23094
9733 27059
8816 16401
14600 16851
10638 27497
5177 17191
5082 6099
159 12264
862 13819
15454 21350
3708 6898
14024 24057
13220 22956
20821 25273
14969 24900
18565 25863
6560 17492
7580 25639
5128 11350
10670 19891
1198 23412
12056 21798
2929 24904
4942 25026
3700 10324
17926 25490
5089 6773
1614 26787
234 14364
1721 22031
8269 10660
1923 24284
17916 24797
12792 25894
15136 27921
18548 28061
14589 18788
810 3592
1539 5832
13913 18277
10425 28026
10209 23859
19460 19848
17017 20912
2811 15840
3186 26033
12327 23366
16138 25397
17263 19169
2677 9826
4597 14154
12684 17264
196 3678
12204 24392
13724 21277
11932 26089
22998 25686
20502 22144
6604 9033
14511 21296
4288 17575
2782 10512
1434 2527
3997 26764
0 12029
728 24324
12769 18835
2284 20053
1398 3907
1795 6797
14564 21938
14660 17396
115 26393
2708 6737
18413 22607
2215 25854
5123 8151
1714 14974
1332 4043
6725 15184
8781 17823
6065 17330
8742 18057
6037 7315
8453 11080
1714 20054
185 10994
21194 24309
3727 28023
683 6813
289 23910
10352 24049
3718 26598
1321 11700
17489 20258
2250 14407
6372 20108
1936 24057
173 3046
15297 18633
19192 26359
3006 18553
23552 25228
11244 25564
5051 14080
14272 27422
3634 8924
8242 12110
14792 24182
16901 25986
24061 27829
872 6798
3065 20431
4159 25099
17300 28139
7864 12332
2874 9255
12223 15892
166 3958
2611 23254
1529 6705
7912 7954
1688 7807
2867 17931
7927 15910
10157 15188
1275 8437
15325 23846
16178 19518
11893 25953
4314 8972
3434 13054
3718 20782
2711 22650
10219 18704
23368 27054
3522 12653
19459 25003
396 27849
5393 18317
264 14987
21956 22998
16152 25656
9127 12562
2635 26503
4920 19117
8318 21712
1251 18093
13146 21407
2269 14665
21079 22104
14 16486
16743 25918
217 5734
2412 6836
1072 8983
5797 13302
13293 22292
3265 23719
9261 16490
967 10080
18906 23665
13194 26691
7916 10399
2226 21320
20818 27337
15037 25760
17420 24562
3771 11047
3856 5943
3709 15503
14824 22866
8945 17687
788 28056
8172 19686
681 22734
374 24936
7084 21881
17973 28013
16331 17056
14404 16524
9808 21445
10120 18052
4365 12672
23 18425
22200 25507
1142 7073
9937 21055
14564 21296
2340 22344
588 20288
18027 18665
13980 15247
22769 27147
8956 26061
8875 24636
4749 26151
8797 22082
127 11989
4599 7241
660 18304
12086 26452
8789 14131
2030 4634
2244 16225
3609 9631
19217 24309
14751 23086
2162 27787
13373 17364
8858 19539
6669 19419
4979 13718
6004 23363
10969 21790
22066 27337
2759 21798
17442 21291
5989 7205
8467 24451
23633 25945
4117 15204
19874 27758
17 10051
4847 26834
6591 7826
13428 23412
3063 12881
16017 26840
17442 21270
21719 24509
6326 15922
14334 17630
8408 9683
3875 19655
7756 27405
9368 11082
3229 27701
1240 3762
5047 10838
17918 18457
650 6417
3714 8624
1950 14213
1 28238
14097 18247
5247 9108
13192 19539
5587 8886
14976 20258
19900 22392
17637 25034
760 23633
15429 24955
3393 20349
13652 24018
588 16333
21242 25054
6896 10753
4708 9337
3156 9127
4968 11263
8975 15144
691 13980
7581 22296
9569 23598
21162 25409
18694 24650
4082 22299
9274 14676
16246 18920
14471 20338
5749 9884
17238 28036
22227 22966
6992 24841
21761 24904
11872 25813
5986 13203
2542 25459
9459 16580
1008 2767
4110 13513
14707 20021
3616 24505
900 27776
4691 16568
18784 24069
774 15298
3734 25279
21225 22453
16855 27087
14666 17728
3733 7707
653 20549
13355 15291
5440 25035
915 18294
18004 22668
11080 19033
3712 14736
10270 13744
3793 14344
6671 20906
12705 24158
17022 20046
7254 7978
9282 21716
911 26409
7508 9591
15747 27400
2776 7964
1852 3728
14198 22775
1707 22114
22954 24509
194 7381
9323 12444
3742 25559
9165 16973
683 9521
19806 24309
19273 22335
345 5505
7902 23024
24378 28177
7746 23278
2626 7491
14592 17636
9311 23915
21409 27811
19089 21654
15592 25175
15311 24636
872 2040
1505 10110
12971 21412
12885 26691
5923 18679
1362 23449
887 6198
6232 9281
4941 22515
5667 14392
15041 15607
13359 17259
19464 26267
20633 21423
22757 23711
4101 5327
12120 25547
4251 23432
9608 15717
1126 2751
4782 15595
15082 27489
4414 13168
3762 11406
20031 21084
5301 26905
4156 22591
4954 11268
17662 27029
14060 19742
11422 13764
20479 24384
13789 22403
14995 24373
24894 26178
12773 23392
2141 6997
2022 11727
23710 27220
4061 27612
10954 12171
18319 19262
2646 7002
12424 23976
12790 25879
20032 24138
7342 9907
22105 22218
3386 9767
867 16919
1150 11722
11141 22954
1240 7661
1736 15102
11253 27379
8057 27913
23409 25010
5832 24332
7692 24919
12220 23973
10207 10952
3472 17861
10833 18547
7813 22410
1023 8177
10 19601
13945 15894
1278 25787
19122 27015
7950 27549
70 20758
1487 20515
4815 7251
1112 24384
6106 9799
8471 23089
7588 21886
7956 18743
8677 20117
4959 21569
14839 23653
16944 25492
3059 19068
13328 25919
98 16328
16900 22438
14299 25075
1666 10961
8533 11305
3672 24645
253 16433
5420 25580
2386 8690
4688 15585
2067 6009
21355 25683
19542 25952
406 867
2128 21244
2320 13382
111 21154
17041 24454
19856 20557
7491 24256
11878 26069
5336 22575
21716 24219
15576 24467
6166 14481
9062 18699
2225 7443
26790 28150
11059 19084
1285 24236
2928 24059
24444 27788
12211 17467
5978 28181
7050 10050
2807 27682
11334 26190
7612 15931
1984 16835
13616 18734
21983 25600
21770 22834
20849 25713
833 27896
20201 26836
8645 20969
13597 27770
1346 11240
2831 10632
6749 24242
9162 12947
4222 25433
474 24208
9411 16467
4155 20209
4178 25439
18598 19325
6566 9443
22014 28025
19972 25815
6290 15920
4949 15606
11497 12753
1382 5443
12657 19601
4806 24576
26 20664
7611 10604
7623 25658
5170 17853
5151 23082
1271 20794
8259 8979
5258 7670
2563 27899
6372 25097
8036 25871
15883 21854
4085 18541
24463 27385
14739 25735
12056 14390
14996 27576
5918 6518
15711 21458
821 13078
13583 19746
20354 20573
11731 18046
7718 18015
13501 14136
5782 16605
8864 26829
7449 25239
2810 2823
1878 27660
13093 19167
14384 19857
11349 22187
18133 23970
12621 20068
18095 25962
6926 9635
12614 23033
9590 16314
2971 4226
630 8710
1851 12879
15672 25991
7 24884
16858 23214
7963 14921
1331 8372
5623 23467
12328 19378
14459 26161
21712 22031
4218 5816
14728 25608
7121 9236
7036 9751
22352 22485
14172 22770
10299 20915
8601 16702
1197 10458
3228 17115
5617 13488
1228 4404
13543 17886
2832 15829
2556 21891
7698 16964
3441 5675
6042 21770
1105 9536
5040 12829
4729 28158
14743 26591
3378 11993
17364 19899
2602 13952
12250 25439
14701 20664
15174 26081
9419 16469
12260 27180
12145 18369
8107 23517
865 11080
7961 25412
14681 24873
6629 14964
4509 21645
17527 19253
10512 19736
293 10701
4060 16330
2447 25560
13725 26503
10951 12369
15661 15695
6337 21458
6980 13597
545 8924
10570 17549
13530 19372
25043 26464
544 2057
10315 24607
4962 15169
3285 18206
13140 20387
1462 25392
8094 16252
17303 23275
5976 11006
1 21500
438 12313
1405 7268
5826 6551
660 15197
2099 23004
10888 23872
1597 9918
1398 11150
4301 23521
17599 22634
7050 16517
8055 10912
4298 11080
1400 9730
1834 18325
10036 21806
19421 24611
8909 12631
14523 27700
11315 15712
12970 20599
1750 13787
5405 24808
12671 13431
9378 10027
20431 27681
19868 20024
11599 25287
4782 19742
10282 15376
3987 20503
21462 25343
5472 10945
10417 14353
10638 18474
568 3895
8235 16636
14876 28205
5763 6705
7830 15377
27285 28028
13203 24566
22022 22894
15551 21255
1672 13827
12879 25750
2454 14002
1735 1773
8057 10034
19909 21798
15829 17445
9252 13756
4221 21677
7441 8921
1755 6898
131 7488
5782 11647
19053 27281
660 5989
3357 4061
24330 25543
7031 7177
8807 11024
4732 27326
2798 12572
275 18046
257 12228
12371 26128
15618 16131
7469 15713
15869 22902
4915 17983
8212 21889
7950 24323
4026 5033
24578 26691
8810 17938
21018 28154
8352 10971
18443 23992
11585 14106
1785 11778
7496 21921
1417 17838
19205 20497
14941 26077
4645 5569
2591 2798
437 20204
432 19507
953 2600
9968 14584
3463 7342
22186 23767
4507 12434
24069 27841
2316 11049
5530 11605
1755 9791
782 7536
10840 18136
8515 11254
792 21330
3866 23375
15022 24624
19818 28063
5609 13261
1440 7746
8533 24477
7647 24136
2120 24866
12682 23295
3715 6931
7732 18673
269 26942
11692 14405
21873 25320
13825 14090
17798 21031
1197 11215
1659 22802
8364 15666
3310 26838
16181 18187
1399 25110
8402 27933
198 15112
9737 18211
1001 21436
14898 21257
10189 27560
14631 26580
3432 6718
11370 24090
4717 19691
5191 15964
3736 21719
12253 18160
161 13131
9517 10314
9398 14987
17259 24643
1471 9823
18784 24575
14837 24836
2065 4321
20609 27762
1975 2602
8474 12159
11059 21595
5798 13351
13437 21205
27059 27949
24577 27827
7127 24565
848 22323
1116 24122
6303 24005
4858 23174
2917 15770
2467 16634
1206 21619
11144 21083
7236 16960
7469 20726
4391 8633
6232 16253
3323 7975
8967 9430
8465 9574
23144 24127
8027 10368
3652 7350
3741 8225
13515 13575
15623 24728
3845 22859
9377 12162
17763 20555
3848 17472
19018 19560
1593 2152
19133 20501
7568 16027
22376 22947
825 13475
12359 27469
6937 22607
3216 5832
14264 25272
6826 10946
10930 21119
1851 23382
6771 7152
12959 17883
5071 28228
17017 21530
10082 19372
11307 19775
1589 25397
5744 9365
2208 27879
3287 19900
1972 16904
8493 12717
18302 24514
15271 24713
4232 4296
16846 18392
20424 26447
5344 13036
7535 10055
15652 23516
5659 28045
7975 17097
18756 21746
14809 21845
4693 11859
13254 14784
14438 14998
7746 21084
9144 20299
20045 23018
6027 10646
9999 14124
6314 21293
2710 17389
4785 24068
8290 15133
13248 17510
94 25178
6319 21835
4597 4749
7488 15721
11896 28161
4589 7437
18319 25157
4732 10800
5102 24453
7626 14743
14033 15335
14602 25589
9963 14571
176 5979
4089 14961
17128 20031
770 24883
3406 12490
20758 22829
2469 19514
4361 9086
20630 23892
15710 22390
1658 20250
4282 26197
11411 20265
12569 26436
9408 18265
4316 4849
9590 14541
1568 9066
10637 10795
1746 18655
5105 25283
3015 13304
16354 26025
18386 23469
1516 26745
6371 14136
13225 22230
1197 23028
6548 22490
7300 16614
2984 12105
10653 26943
15543 19548
3728 22322
6716 9523
10865 27044
17541 19154
4507 13579
5708 26464
4682 25997
1050 27366
13048 20068
3734 13495
6034 11964
17482 23143
2520 14364
3126 26634
2383 3657
12141 19974
24459 25454
6215 14133
3203 7861
19801 26085
3287 21673
8624 20266
18034 21021
11766 16173
867 18591
7813 25399
6703 7614
899 2218
2636 13811
10662 27702
12508 13085
1878 22128
5671 28006
11802 12902
16394 27179
4808 15183
25619 27289
16483 23908
18920 28014
424 5160
7137 18717
6925 8899
5564 25708
837 23026
8117 8959
15535 23149
7923 28250
665 3126
9495 18736
21484 22565
11412 19309
1323 7498
12218 13180
5989 10128
2447 14771
11422 22138
597 1777
7765 13287
693 16349
17903 21573
1942 10306
1141 23737
2807 19817
1272 3198
11877 27949
11847 25206
340 6604
8025 27026
10949 27610
640 28205
10432 21256
22328 27655
18738 25063
8083 8923
19289 25272
8057 10727
7252 22763
414 19411
7543 21574
4424 23864
747 9435
439 7856
344 5303
20943 23653
16951 17358
21491 25437
6177 16230
3729 7797
471 10863
747 17232
9496 26690
17214 23143
12664 23875
2637 19222
17963 27973
8437 24969
16411 18952
10348 18087
8669 10218
5832 7889
7716 19172
8889 25610
8003 24406
1556 17319
15085 17333
8438 23785
583 16195
1037 14590
13914 14969
2607 19425
3414 11191
16759 23102
1878 28172
23194 24772
3743 13241
5850 20680
13697 14232
10418 20235
9432 12696
18442 25810
8781 16582
1617 7162
15851 18024
15751 17438
15743 25729
11365 22942
17831 25137
19343 27962
16867 27500
7975 21086
8473 21269
9361 26768
8964 20950
23952 26495
10886 20669
2709 8327
17020 24543
3804 8807
15346 18945
19140 20286
11795 12991
17727 21925
9152 13022
6903 9509
20515 21324
5352 16183
139 18603
4700 9322
17220 23932
20116 26220
7114 15271
2022 22254
23455 27536
12798 23521
6415 19712
22399 24728
2563 8975
4414 22988
4581 6593
8112 17228
1116 18642
14194 25062
7350 24753
18374 26552
1171 12351
15120 20775
17760 26870
1030 16589
6486 17902
1078 7058
8041 16638
588 15271
26901 27087
12434 27961
1851 22385
6354 24325
9574 11406
18463 24965
14055 19064
3283 24954
11561 25525
606 22087
2617 17782
8539 11048
10029 18046
4581 17192
3643 14276
7374 18833
19351 25647
7360 12735
3241 11492
6290 22426
3630 26344
2798 10261
1772 14767
13152 20491
265 4646
7577 10407
12118 20830
6239 20355
4627 22438
14445 18036
20355 21029
2517 5387
12498 22549
5659 24716
14534 23825
9343 21523
14409 16594
15635 20611
15263 28208
7478 8824
15247 18442
6501 15072
23983 25207
2414 15772
17138 18376
9055 23455
11496 27164
2995 12677
22495 22992
9524 16545
17507 25748
1755 22659
15460 15739
4489 25547
106 26386
8954 18704
2247 24626
5989 8478
2788 18720
23400 23508
15531 24453
9988 14098
8956 16127
10971 14941
1795 7205
12910 22517
1162 9294
9915 26554
4163 23251
6156 11545
12551 21402
9120 13602
3441 10961
23066 25504
19301 19485
21038 27382
4442 22025
5438 8405
11516 19123
7205 13373
18426 26737
3253 18529
2939 7798
7836 25830
8329 18313
11145 12009
1106 22409
1305 21505
19936 20406
985 10615
9933 17318
15464 24057
8312 20480
202 9907
1727 21079
5127 15986
16673 23442
309 1719
3484 3778
14392 19526
15545 19294
4115 13913
17280 19846
9306 14769
2470 6348
11295 19008
360 13745
600 15077
764 16944
21077 24904
13807 15224
220 23469
9123 9998
2514 24328
7645 13475
10733 24752
12112 24095
16246 21584
1972 21679
5802 21831
1565 17634
11104 12593
23324 23619
9525 17604
4946 15429
4221 15470
6994 11431
1159 8478
2874 2888
10372 12395
5913 24965
18463 25334
7537 27948
3970 13038
1707 23481
12300 18679
2494 15493
3354 12002
19794 20846
4833 27500
4581 14010
27464 27487
16113 27557
8437 17542
1944 13141
3708 14933
9881 10792
15561 26632
5738 23771
19983 24152
14033 28084
11366 12529
8657 20757
17405 24332
15972 24691
9811 21913
7225 20500
6882 22570
8413 21086
11417 22852
2407 9487
300 3970
3827 17821
8786 16092
24869 26154
7780 14784
784 11569
6725 10727
19480 27646
5332 16683
2954 5380
2678 15561
15665 16905
11808 18921
15377 16683
8718 20855
1043 24623
6711 14133
7484 16878
5466 9098
3362 6952
2259 18304
1979 20701
14758 27454
6775 21423
1916 24244
5658 13438
396 9534
11522 27419
12572 16904
2954 21505
12356 16188
11534 21296
23467 27388
286 20158
22 4877
18015 26308
14023 15477
11460 21118
7166 9416
3598 9569
6094 19033
3700 25850
20538 22707
3019 11588
7449 21735
21735 23865
10287 14474
3559 19132
1920 7205
8057 10532
1338 13298
14240 18751
6994 9119
626 1138
7903 27311
9285 17795
25405 27536
2874 24869
2832 12432
7145 11643
15731 25732
3818 16047
15712 28097
3259 6510
1241 27603
23099 27879
2403 24836
4954 19784
12111 19195
602 26397
7758 17727
1787 9272
5305 6429
2991 5338
2789 21596
654 20213
2189 27329
18967 22750
17383 24967
15522 26087
364 20069
8167 20046
10251 12114
12612 21036
4148 9233
987 6165
11444 17398
1767 7956
650 5756
16640 25505
5641 24062
8456 19175
2300 8284
218 25076
11695 16598
14092 23384
25674 26099
17584 21195
7213 13349
6262 23552
7976 22077
18699 18885
17501 23396
1150 11815
21091 25381
17115 18521
19586 23994
9922 25683
9689 22416
1878 21097
10838 12045
10643 20035
7083 27923
17167 20611
7921 25497
1635 22404
2794 19746
16547 17649
18057 25306
5857 17457
10000 19782
9490 11828
2411 4257
1356 8497
3872 15672
18051 24855
1197 20408
18469 21709
23278 25003
14771 23225
19445 25221
13091 19002
15282 20605
896 4391
10825 27810
10800 27790
1864 16038
283 22716
3762 9550
4295 5906
23792 24122
7187 14203
17191 21646
8271 17348
9427 19955
9782 28166
7033 16477
16369 22326
18760 20424
12656 28158
7410 20667
6798 16791
1 22673
12597 13173
19294 21509
6320 21904
297 17637
4198 13672
18651 23102
11508 23360
16184 25095
14009 26907
1640 27778
14429 27701
418 27438
3414 18304
763 1284
3482 11008
2925 7283
7488 16177
19017 27271
17860 18272
16276 23361
6546 25251
10478 14463
11922 28100
4878 20449
1186 8064
21327 22203
2423 2518
8754 19515
1216 16149
7083 23785
245 16582
18994 26719
24636 25538
8413 22892
4279 7266
11952 26244
15931 19554
4512 9144
689 24416
406 13091
12689 16748
14010 26340
1878 22310
660 16308
23788 24103
2474 2708
11192 22448
4534 7170
8291 12361
3488 21079
6798 11928
3381 7757
13770 27267
10298 17369
12228 19095
7651 9102
4505 17091
3070 18296
8905 11350
10221 16467
5827 23911
4188 7278
4312 20990
9316 10557
7416 10951
14439 20370
5197 18985
1776 27523
4755 5190
1864 5827
9598 15011
11510 21716
9371 9918
15322 21084
23086 25102
1412 19061
6078 16850
1140 24799
664 22049
10175 22728
18901 24492
15317 25321
22205 23553
10287 24315
19005 22448
16299 19577
18155 22716
6495 12020
17945 18078
16902 25427
7800 14562
2079 11191
14103 17901
9012 11295
2664 14622
6348 14129
1033 21431
11279 14778
3317 19890
51 7162
2489 12260
2527 17111
19390 20122
8939 12965
12875 23069
18115 24127
16770 18639
3213 8639
8536 23372
3251 13983
4753 20916
7205 26670
3859 17446
7175 14911
7797 13291
5552 9717
20196 22481
9564 26877
4051 18427
2185 24105
4901 7033
1226 10061
867 21514
1875 7169
14427 22506
11484 14088
3136 25534
17940 22413
10157 13437
15341 27710
15641 25614
9950 26991
4685 9623
131 16850
3328 24888
11059 23924
9524 21886
5511 11877
1046 4073
16890 17787
9915 24104
8220 11093
18711 24138
7963 28238
2295 27895
1834 28007
4720 27923
4642 20981
13700 16890
24122 24677
24955 26700
7772 17956
7987 18669
9642 25543
5850 16909
19218 22227
2521 25636
15082 28159
6177 9460
7330 10324
19723 23657
1506 10319
1015 19857
8669 19358
11335 23933
7290 24057
5582 19133
3351 3643
245 27980
92 12397
2330 2832
17119 28215
10792 26021
10321 27867
10309 17779
3885 14468
16286 19165
3651 14775
7947 12612
1668 24005
2387 5918
825 24094
11675 22879
2518 2925
514 24229
1064 8704
7813 16946
3790 24047
4286 10052
11113 23348
19442 23526
6605 25853
3066 4072
2306 16750
8802 27025
8938 22956
19474 27004
15610 17649
5510 12352
1197 2540
18084 27375
13681 22216
3342 23074
104 16687
3311 17958
13926 23371
17938 21416
15199 16955
7057 18752
13543 15490
21883 24681
3082 10230
14607 25886
21148 27021
125 18454
3009 27690
24864 27862
12445 22630
5773 20575
132 25597
9305 11507
16154 19906
5298 9647
2482 21722
26945 27495
862 896
7954 12881
4581 23345
6432 22923
1 19996
8236 15236
11484 20012
3410 13910
12371 25391
8361 11881
5728 12282
1162 14478
1945 18308
3445 14881
17916 28099
967 28211
6848 21438
3586 11922
347 4165
7194 22954
7990 15120
8230 9396
4886 26601
9913 10873
3860 23834
2396 15825
1996 9702
5084 13022
6002 25660
2435 3991
1355 18478
1042 14690
12001 18853
715 18108
2584 19884
7021 27744
4024 23601
12368 14791
2157 5497
12526 22292
14513 24771
1593 25329
9617 10839
6622 8469
4708 20369
5723 14312
2027 18208
424 7762
25329 25494
26449 28249
6046 12801
4599 27291
1477 23049
2667 10144
1349 23070
19086 22028
3902 23159
6426 10800
17735 26670
3307 11989
6178 13093
18348 20219
4896 24721
4097 6843
1562 14016
12977 25629
2694 4096
17857 19811
4754 8950
14998 17638
8057 8770
6932 18524
3741 13411
21026 21398
20991 25704
2712 3381
23352 23645
2146 15357
7579 21491
341 7726
13196 25274
10746 17281
21766 25878
8372 13517
4012 18219
5651 11916
4096 21858
13697 14690
8565 15072
7635 21003
6282 14555
228 22876
25984 28106
4190 5485
17209 27602
1592 7115
11113 24007
11289 28210
1526 21911
16639 18427
867 16823
5208 17902
1505 6479
18645 20657
763 8765
17164 20611
2717 4608
16900 17883
110 27367
4857 5485
7741 7948
684 27832
666 1495
3858 4245
12748 21616
4933 23930
4405 13027
24061 27129
15316 17214
2466 14393
833 9683
11051 26005
1863 25570
16410 20288
3049 23178
14097 23678
7827 10983
10541 20820
21126 27074
22983 25522
2245 6173
867 23088
20749 21058
5084 17259
2961 4484
15508 27462
11076 15620
10144 20170
6734 17990
4599 21774
15304 22614
10650 25096
1837 20929
20722 22750
6105 15772
4325 11637
10026 19524
8222 16162
1914 24589
18049 24244
24298 27853
3129 15323
334 6377
9086 17530
604 25042
10149 17936
1154 6773
1769 11854
1346 3606
6516 25475
8075 8194
670 18069
16668 23094
16963 19140
6931 9018
14016 24540
2420 17684
23674 24007
17735 23978
6894 13302
23694 27083
4424 23973
2937 11260
6072 18092
11689 25262
14911 22141
12024 15112
4937 10646
16367 16493
3528 16632
11121 16866
4237 6009
9543 20046
401 18736
742 11133
600 9803
16749 17468
11994 24451
13699 27508
10128 22035
8483 27514
10834 24347
16340 16964
7845 15297
5849 17719
2776 23609
8254 12119
1167 8502
14916 16644
19121 21639
2320 2711
10920 13018
8785 15376
15642 24187
17071 24660
3090 12966
447 25382
4358 14433
4719 12218
7195 26016
2628 13813
53 19033
8322 12614
19212 21725
201 20899
8151 23730
6932 15106
9662 15082
16640 21242
6539 14604
5531 17120
6288 12006
16640 21380
11629 24148
3081 18238
794 15996
10284 18911
3051 5041
9818 10205
6449 20387
705 28063
9179 13649
334 5166
9717 16606
1167 2342
4326 26327
2909 12597
17478 23191
1770 4218
3065 8067
1757 20379
7536 10407
1188 24280
10523 25631
13062 25902
4332 18304
10945 20313
1978 11282
11805 22112
507 15276
15091 23578
4388 9473
4390 7733
4409 8806
2333 9414
9472 19887
6572 17630
262 14120
3727 21556
10026 11834
3674 26061
1878 10982
663 7950
8080 27179
10924 14922
1050 14084
1756 18117
609 17664
8772 23408
24638 27538
5301 14016
5906 9080
2388 12459
3872 5734
3753 4101
9465 16276
5990 7240
160 11814
11867 17941
3504 5393
11584 21477
12067 20859
15496 20251
13759 16652
12228 26520
22870 27640
7176 16276
5250 24950
25081 25921
3608 18669
10729 27042
1182 2303
18760 26423
8707 16643
9141 9526
5767 13928
24289 25838
7971 17803
7451 19619
3729 21552
2184 21641
4081 19215
20410 21131
3990 21673
6777 9388
19869 23451
1367 21555
22953 26024
12222 14158
10800 24965
3147 15294
4857 12194
430 7341
7130 26143
10270 23286
2012 26358
20073 26926
6609 9874
4650 23916
9590 28176
10426 14986
2105 5725
18078 18465
21860 27298
325 24158
17224 21006
16581 19639
22560 25338
4951 5002
2488 21748
2118 2456
25146 27821
5084 25453
5747 25008
19799 22184
10284 15929
15536 21438
8209 23213
1694 25478
19910 26672
8723 10598
11087 14437
14144 21727
8151 17730
13297 14835
7049 15650
10384 13054
13108 15327
5160 21998
11193 17456
11953 25468
5112 8715
21537 22457
3944 17076
1689 4952
9951 21262
14783 27969
4131 12163
2560 15624
3057 12285
14233 23841
22426 26299
12012 16974
18430 25442
21506 27886
26601 27716
2605 24098
11866 28060
1056 18265
1196 17113
7595 22040
4992 6013
4770 14911
16428 21315
4004 24244
8739 20639
10267 16131
2386 7635
18669 24283
3942 8841
9693 10825
4101 14050
1919 10039
1006 1066
14989 15308
14389 24451
18753 21153
8145 28255
10582 20646
5827 7225
9858 27782
12333 18554
5532 23282
14621 24731
3801 26863
11143 24362
6879 20797
2074 12496
270 18281
2635 11495
17523 26884
1178 19053
4304 24652
9963 20369
22787 25068
9424 19347
1828 5735
11943 21681
7101 9582
19189 19601
5014 26626
7869 18952
14782 17776
12724 24575
10219 25685
12257 22040
23309 24613
15892 19150
21855 26536
4671 5632
10990 27192
4577 24674
12296 22735
14082 17541
2547 16615
7320 16974
20661 25557
8937 12110
7774 17782
3624 20115
12954 17032
1866 21131
867 15672
3712 11094
6848 17383
11034 25494
16329 22278
1440 22834
1435 15619
17 19211
17377 21328
21473 21753
21000 25090
12726 16676
20142 24697
12531 24486
4394 10427
5441 19957
2003 16710
15922 18281
424 22693
8770 16922
8770 16823
5262 7527
20544 27976
21796 24908
860 2336
3287 21653
9465 21149
15046 16943
17169 27768
1243 9268
14016 27010
12947 24226
16125 24161
12654 20339
1559 19813
8579 26476
10876 12356
13041 14100
21717 23082
13472 25272
1270 3955
1211 20757
13998 16198
3237 6524
1937 26935
7103 20558
4973 14335
194 3115
7200 20950
11992 28009
8539 14662
5814 24485
24105 25468
6879 14437
11785 14916
16559 27706
16276 23326
17285 23414
22199 27508
6126 14657
2067 26743
10243 16121
13186 22784
22340 26774
1977 23712
7205 17507
10600 13447
454 22793
3143 17864
18362 23913
6573 7930
14727 23696
17826 27961
2363 7492
529 17744
18285 23361
7741 26752
10326 26282
12351 15036
9416 25550
737 27557
7229 11140
11784 22694
8657 19242
24681 27913
12629 27899
1819 15894
11880 19819
4191 10579
14684 26212
9524 11847
8169 14993
16770 19160
1970 3162
3059 13984
12262 12910
16046 20291
6924 26927
2003 6187
137 25699
17017 23027
4038 14710
7261 18991
5866 13037
13208 26787
12984 26340
13193 23524
51 24461
13073 21526
14849 16978
15941 17401
1551 15955
12715 24453
2087 6619
194 10588
152 7929
18265 21526
8158 13553
10867 28228
17348 27464
973 8620
1587 6218
25275 26641
6258 17982
4975 15561
10511 16496
15100 18387
8225 25147
9865 17404
4980 20376
6634 10155
201 26916
5219 18472
11438 28084
7086 18579
1499 21455
8707 20053
613 25160
9338 18764
1529 14635
11934 27445
5204 15531
910 1301
8730 10483
5725 19139
3169 18787
15610 21576
8982 20955
5574 16686
5392 25238
16955 25433
17485 23215
2369 19354
12086 18761
18891 27932
1860 11637
8889 26186
1018 2648
5876 10937
6649 17160
5014 24684
874 24441
8441 23055
19002 27570
8705 25280
7002 28272
991 15072
710 18909
13676 27495
12847 19489
6612 24410
10065 14537
6367 19116
12762 24218
7121 14286
2470 13743
19785 25330
10786 10876
9761 10961
8535 20088
6300 14878
2740 13224
8437 14133
7225 14724
1958 16802
4623 16964
14534 21656
21111 25607
4424 19110
582 3993
12069 12241
3978 23534
860 26525
9563 23932
10595 21133
18669 26441
7311 23062
16021 16353
3169 5600
7103 15942
7255 20131
8730 18362
13313 17460
1947 5864
16878 18862
313 7375
8169 22499
3683 18038
20694 25263
1925 9376
13329 19156
2216 16465
830 1878
12954 15283
19710 22799
4039 21761
20441 21680
8730 14692
577 9008
14428 23619
4711 12901
16467 25837
2893 24875
8306 23271
3206 15245
14974 22897
7776 18622
4115 18277
13163 25638
14930 22666
1863 10323
2801 21035
2522 6687
9562 10170
20376 24904
538 16971
9001 20626
17070 23730
21258 27865
15358 28251
1067 11953
9562 13033
14770 23584
11193 24263
13032 23730
4546 9372
5989 21079
438 27847
22236 25821
16748 18144
5008 26398
13093 15776
2060 7033
421 1045
15269 22411
10086 12260
18051 18196
2491 24451
594 23547
14612 17239
12459 14706
18746 26653
19819 26869
5593 16162
16035 17590
3931 26680
13282 23340
4566 10828
25902 27820
8332 22687
7820 15305
1719 14534
12921 21380
16978 22035
7242 21831
25838 26491
926 18401
2378 2926
580 7085
4737 7348
3010 6085
12908 20858
2104 15561
1321 13078
867 5180
9869 22539
4448 22214
8293 25446
7297 9226
5185 23769
4037 15854
4272 18621
4166 16360
8596 18419
4426 4646
4010 25812
10532 12506
3921 16827
9574 11562
11138 18195
23499 23793
18800 19660
10889 19982
8352 26077
6239 26806
5857 19289
106 11795
1853 3797
18298 27690
7166 7350
18679 18909
2393 18016
15768 28222
12026 19717
9074 15905
609 12080
14606 24554
3954 14298
4442 9747
5609 21654
9569 12397
1226 3842
6099 18832
16209 23750
7695 19115
16210 24450
18594 23719
12158 20523
14513 27393
10100 11153
5454 20846
240 545
2456 22641
11363 18955
19275 25349
7103 27687
12569 20620
4051 11747
6248 25210
17304 19123
4562 20162
12606 19781
7347 24852
505 21149
650 4167
2906 25911
346 9613
867 13591
3494 26366
14393 19545
12434 25896
1417 27872
1707 6642
4537 10290
12979 16979
11571 20081
6016 28115
4331 16584
19731 22079
23686 25949
8054 15847
12737 19140
7937 22273
13111 14920
1795 24155
4102 19191
13077 25472
13244 25438
14954 15056
14833 27618
1142 3900
6170 7897
8730 12919
9835 10101
18387 28202
11171 24872
3086 23327
17817 20321
465 19171
2587 26798
7877 16718
8015 21443
13736 17286
10951 23663
24824 26155
6215 9416
18019 24211
1684 5341
8824 25433
22131 28242
1259 12661
15123 23518
3793 10723
12090 17676
12169 22335
2667 24169
18910 18979
4169 14997
8741 11658
14724 22149
20179 24428
12916 24159
16026 24172
1871 7356
897 11457
27758 27966
13197 21668
421 18384
8056 9296
3256 6702
11092 13874
27313 27970
3066 22454
22973 24351
2364 24187
26493 27596
3627 9198
10018 26775
9255 27318
3759 20741
2287 5850
26413 27596
5369 19046
7289 8964
3779 20744
7703 26672
2379 11995
7073 12924
1789 18557
20469 22320
1512 17075
25262 27969
11565 18627
558 16762
21072 23390
3147 9915
7375 24366
25272 27129
7911 17804
113 17511
544 3882
1741 12179
11818 21753
8963 14771
21818 23886
4938 7111
3162 7362
4582 6322
4097 17649
2696 20506
16418 23662
396 7469
2547 9095
7011 7820
13591 24068
10920 22210
14771 19219
1621 21753
15634 20880
19468 26063
3782 17593
4240 27805
12346 12512
5359 12397
10086 24570
11251 12709
130 23214
15694 23559
4164 7650
27285 27844
906 19601
6517 25876
2500 16386
17851 24157
19200 21665
3006 4849
5398 6155
3169 15673
17141 19205
9252 25607
18471 22829
6067 22455
2815 3256
5765 10725
13831 19348
3940 28094
3961 25564
5602 25765
14672 20162
9590 27221
16337 24166
10444 26344
5822 18984
1302 24764
406 12059
1885 12210
21821 26554
1770 24266
18486 23566
3821 28082
4009 14582
12009 16874
15616 23799
3624 23338
2561 22240
17398 26013
9281 9569
24127 24746
3644 19322
1284 14795
2732 21564
650 14422
15769 27469
1672 21665
8641 17501
9795 19530
12711 25084
17224 21033
5451 23060
10417 18943
8877 11784
378 8806
8831 22810
14564 17333
5794 22080
9536 25187
461 23227
768 16901
23619 23822
11734 22443
12369 26153
1280 13832
4951 24687
14835 26189
4320 10222
7073 22892
4468 10756
4627 16922
2109 15561
14666 20893
1465 10270
6658 25055
9007 20328
7211 21428
6094 7296
3674 16964
7159 15843
12573 16080
5485 24122
10767 19440
12849 23605
18745 27488
11331 14372
711 22892
23225 23539
9399 25108
3634 10407
10824 12793
7003 23365
2623 3051
19978 22931
4650 28217
17696 25428
4678 8164
10524 19579
2420 22702
727 24886
6497 7463
24864 26362
3864 8801
8802 28176
14706 24543
5440 23062
13390 20409
12945 17526
24187 26931
7216 17422
8638 9333
18963 27434
6317 12169
910 9836
20008 25443
9572 21638
22015 25049
19169 22416
9121 18521
1112 2303
5047 10039
9252 27382
1609 26642
16313 27446
3802 10800
18516 27811
8956 25810
11141 26882
21778 24575
14067 23166
2104 25155
9323 22734
4041 5289
7505 8143
10971 22205
8150 16987
992 8593
7065 14584
14352 26643
677 17374
8318 27788
8708 18045
2102 13058
11026 12929
13274 25978
15854 25163
10290 18829
3789 12402
16529 25564
3306 12383
7048 24671
20936 26087
3728 25275
5279 25505
8843 15401
1425 6215
9349 13609
13670 20742
10830 26260
7760 16732
3634 14771
5654 25704
18854 24806
2017 3622
7600 17787
1858 22127
18259 18454
3729 22787
11580 18540
6862 17484
1589 18724
23343 25221
10494 11682
15803 24420
5862 8167
7632 26024
12155 12428
7846 21577
3043 8631
1697 19261
11095 24886
10118 18485
9111 20527
3701 4291
14468 27121
10645 25992
8830 10493
4831 27234
14464 25229
3394 13604
2482 25724
6250 22966
18795 21010
8990 23372
8151 11831
7743 22647
19371 27208
460 1925
9729 27843
22634 27746
2297 6162
22080 22334
14164 24377
13121 25270
9625 26289
19723 28044
9215 27631
5169 26599
8061 23651
207 21279
2986 24104
10695 23134
948 7410
218 9832
16686 18249
9406 20831
1599 22510
15370 26380
13960 20032
9987 23853
12755 24697
8344 13776
10215 14844
7166 8437
3380 7038
4408 6776
1201 10344
2189 23023
6765 16644
18894 22031
3933 13232
2380 27038
4023 23347
22949 22992
1849 2870
16603 24816
8855 14104
3625 21753
10175 11470
14378 24393
15471 18963
6578 8527
14787 15605
4442 10209
12459 19735
11917 12508
26740 27927
13561 14971
26787 27627
12069 23444
8734 9802
5296 6638
8396 21746
5288 22378
569 26986
11200 11283
21424 26591
9114 22960
477 25826
7205 14807
934 7031
3819 24406
3408 11484
10927 24201
21904 23892
15403 24605
19453 23143
8837 17580
12913 25285
4414 27927
15576 20302
8645 12974
18572 20647
5633 22474
16311 23143
2613 12184
4043 14823
8096 17847
8361 22678
14473 23889
17422 18178
8858 15857
6620 8443
6209 19192
282 8184
4309 22294
7787 17803
1465 10048
8804 22460
13154 15906
17446 20162
6890 24069
2764 5691
8669 18984
6549 7468
22425 27221
10408 25978
10050 14076
5042 8187
1223 4918
8757 23119
16511 19219
6707 24143
4275 11701
5342 23060
4145 17736
11657 11825
24326 27842
766 6145
3368 25944
4790 26186
15665 20045
18628 19425
2186 9738
9349 19730
16276 24971
20502 26088
17792 25312
2628 22186
1490 1720
17754 28181
23085 24939
11113 13906
16090 18259
539 1849
8618 10594
3331 21557
11080 25049
15666 23665
11128 25054
2061 17593
16078 18427
3619 15835
8283 25498
9124 25626
6380 25364
1351 1902
1239 20069
4138 5366
4024 19633
14298 20994
5978 24127
12008 13374
3167 23548
11100 25090
4837 16183
3201 8669
6564 22014
6707 11898
1487 19001
7092 27921
3951 15679
25711 27867
359 17615
813 22112
13669 26507
2373 28062
9154 12379
4226 26154
4216 27237
3052 13362
13078 25813
4167 7304
1130 21761
7140 20081
11599 16255
1495 19927
17169 23562
5989 23459
12483 25432
1786 14500
3032 21095
9066 14607
3718 13195
7170 22821
8845 21984
14681 27596
4409 20734
19601 23286
12938 25552
14771 18784
16314 18493
8034 26989
448 25771
10811 25263
9785 25903
19546 23569
12956 28044
17774 24326
8536 15056
3900 9502
10935 24127
3820 24521
2820 22226
567 8147
5626 5752
4626 9631
11878 17245
19726 24256
5583 10871
16349 25998
18369 19426
939 17108
8685 11969
13348 21694
4645 13777
13945 24326
7587 23917
2636 11009
327 22205
1181 25762
2569 10441
2943 26989
12010 17559
6931 10971
5987 16152
11055 11584
2247 22799
1047 16501
2340 13091
17718 23772
17456 24263
3253 24453
2118 6511
12899 17526
1061 4270
19963 24181
187 20322
11997 24825
12101 16923
6965 15843
16055 23113
9025 12811
15031 15629
3272 14606
349 5521
1815 16246
15705 20601
750 5731
5904 22544
1584 14728
2150 14303
4181 9536
2304 8454
9333 27184
2375 15686
8441 22325
13121 13272
20715 23863
9082 11229
1719 14689
4493 28262
2602 17047
22321 27640
11076 14633
10320 19753
8931 23016
11439 15748
6007 7608
6734 10881
19482 27913
16923 23390
6126 8810
6061 14760
1679 8099
1419 10466
17593 27091
3156 14121
7979 17228
3940 19717
3191 5747
20859 21592
27326 27790
106 25155
6886 24478
3634 26724
10818 11141
580 23662
6309 24873
22587 28060
14796 25197
2213 17264
18354 19275
2572 17419
8443 24659
4611 6571
2124 11854
16870 17310
16957 21362
4468 17097
18276 20323
5413 8309
14080 19169
10128 21613
9264 18192
1087 7937
13763 27327
6841 10302
1379 8378
2021 4470
1317 23619
10280 11424
8586 19360
712 20054
1532 6412
17696 20841
17927 20616
13875 24882
2648 25981
15437 17841
14896 18174
11375 19827
1878 16598
1060 6525
10428 20752
4718 15599
17584 23951
13204 21511
396 16806
5694 7115
11534 23225
5569 24755
8949 26060
17817 23162
10488 21198
8852 24057
1538 11975
9281 12282
17457 22255
6804 26327
16500 26947
11638 20748
3788 3856
13984 16629
12684 14988
13029 23608
21227 23086
13182 27939
5978 22340
10046 23202
7911 21130
1900 17603
11966 20605
14033 18100
2245 5458
1324 10307
1411 23314
6372 23376
2023 8969
2227 12673
19432 20384
2173 17435
16253 24855
6868 17167
17198 26946
583 20633
12872 27795
1767 8923
21523 26509
8954 26260
9710 22084
6695 9888
10160 17100
16677 22371
28 5070
3041 3437
13591 21251
257 1065
4178 15391
22650 24917
5997 7469
2269 4424
16098 19583
13106 21954
3089 25349
406 7981
1332 1939
4884 7710
10893 27207
2647 20384
8323 25329
13516 26003
1574 9309
2305 18009
11193 24557
9115 22259
25638 26746
1080 16904
8478 13152
4050 27202
7911 9704
26263 27677
8229 12151
15883 25366
16748 18945
897 13409
17259 24660
12388 20400
7576 8528
9423 15184
17658 27298
3132 15442
19091 21244
3481 15712
9748 14914
7666 23625
8363 20008
15962 24528
11510 25745
1878 10199
2746 9580
7081 13697
9006 9421
11438 26042
18177 20064
7896 8751
14301 22785
813 14661
1878 14447
3337 9772
8577 19580
1852 15470
15663 27689
16351 26417
588 26313
9163 10268
2040 7971
24637 25991
3631 11230
6730 26884
4315 15590
18461 21419
4116 21330
14559 25901
3472 14468
9591 26851
7342 26951
4842 10982
15637 23009
2714 10920
10990 24061
7827 7927
4444 5106
161 25273
999 24274
8624 10307
881 17172
18211 20092
7322 26976
1802 24906
7003 27795
13018 22210
13046 22768
7525 17837
4646 7950
17530 27883
1672 4990
556 2346
13221 23055
4051 16762
7149 9416
6951 8606
995 8397
3976 20703
466 18904
2226 8646
6058 18280
10832 20430
872 12812
7273 22117
21920 23074
3238 5738
11230 22679
5015 16374
2787 18879
8734 16297
13468 19813
11935 12805
4671 9835
24682 25350
12016 20370
10982 12930
11692 27841
220 8397
11348 20950
12489 16258
5689 12614
15108 24059
15077 15854
499 26438
3900 4237
17003 27372
4920 14732
27654 28251
15815 27074
2530 15531
7365 8368
19337 20155
5246 9452
2740 23392
3427 22184
384 21828
12531 13851
11067 11712
8510 9268
1009 8385
15284 28121
13142 21893
18086 26663
6998 21014
1678 5603
11059 20704
4671 13282
16688 21927
210 24617
3864 25336
6072 22903
4622 9002
17372 18648
1029 20394
9277 23465
425 15543
14044 14480
9416 20789
5827 13785
514 925
1 22658
10312 18534
4649 15248
8898 22548
5505 10197
13127 20046
3908 9188
689 1349
22114 26499
12568 14964
9465 19732
12994 14082
5431 8096
505 25732
13282 14633
18073 21207
183 745
14339 19566
4216 23411
3024 9621
2944 15791
8970 20480
20677 27790
11153 11464
806 16838
2803 3232
25381 25876
1680 3650
16135 24403
12921 17947
4447 10321
4162 15493
7582 22912
6557 17922
9563 14010
8405 10942
722 17502
563 17951
13187 17479
25188 25197
21978 23743
7954 18993
19002 25793
2604 23265
16893 18653
2927 23693
2015 9086
21368 21409
24758 26097
13724 27605
17684 21794
3635 20232
8140 17621
8148 15098
11852 15913
396 15210
505 13882
1510 18369
2383 24136
5192 17177
2381 27931
24904 25824
10326 21478
11255 21293
2022 7429
16600 22111
13819 15610
16547 21074
6172 25352
1281 5950
11579 19817
12489 23770
1562 19434
7816 14511
5213 9776
13054 15323
10309 17530
2351 12429
9589 16597
3279 21835
6043 11252
18931 22285
4960 15247
19657 22548
2375 20576
20299 26935
19695 21671
14672 23165
20789 26869
1864 8190
11832 25159
13912 22191
3383 16429
16986 28156
10800 22785
495 7820
15422 23913
8083 11198
16678 26360
2427 11229
4221 24098
16056 22713
9888 17062
12945 19964
16328 16796
6931 22973
378 7162
3287 25771
8065 11712
8481 24379
11785 12954
22499 26012
8291 14604
129 14206
4262 24156
396 17823
9648 13225
17289 20421
4003 17028
4278 9691
4860 26500
11020 18891
5630 18793
4719 11311
11047 27500
14811 25330
8730 27002
7968 22232
20657 22322
836 27462
5691 12404
9425 24855
5989 10935
4846 15251
58 4422
1491 14976
11788 14602
4408 24062
8435 27259
13864 20754
13480 18294
9487 11408
12346 21369
4642 21944
8469 10370
1878 6664
19086 19853
15949 22735
12660 24594
3880 27014
6006 12162
11128 21003
15196 19566
2930 14970
10284 22255
5309 15672
58 27372
2656 13597
211 19735
15182 19482
9466 17649
19982 23730
548 15549
8751 21470
3401 18046
15317 25549
1358 6531
7836 12792
20826 23984
15327 22885
14572 26779
8437 15133
23183 24449
16902 22998
5114 27096
17730 21883
10621 18381
4014 7209
20893 23236
6297 21661
18430 27741
7463 20498
16402 21441
4355 15933
4515 10484
17422 23143
18406 19189
19061 28157
9429 24393
84 19701
5781 6333
911 17902
15440 18772
6004 15758
15151 16291
8263 11242
6965 12206
15727 19169
10197 17930
5429 16512
9103 18876
12260 22550
1462 20140
3961 22112
1045 15734
430 21048
9233 17927
13557 14288
18450 23560
632 8112
5338 17330
887 27681
6448 15188
16673 18873
4806 7619
11347 19509
5919 27162
11870 23586
4233 14666
13910 27534
3975 6385
879 25035
15391 18384
9089 21910
2667 25160
2467 25405
395 8219
2242 9776
1321 19572
16373 23791
15224 24384
16955 20355
6746 10245
10242 23713
17246 23816
8818 16353
8810 10391
7 9443
13951 19132
16013 26418
259 26908
2914 26788
1239 10951
10399 25617
22112 26717
15882 23799
9336 26366
23754 24461
3296 7915
10039 10301
14609 21513
7067 12000
4629 24211
15655 21875
8932 21673
19062 21146
4169 8891
2388 9999
21362 27143
24718 26150
5560 18595
20943 21105
3280 14988
10711 11821
7310 28265
10844 17011
6363 17169
7726 15003
11079 16893
21657 26951
3126 24097
3585 24108
5496 23573
12436 13841
18136 24629
4436 7950
19730 24848
4608 17602
1047 15875
12754 13647
24404 25643
16026 19001
8202 11748
4314 22063
2882 9095
1438 7137
1978 5522
2986 20503
7994 8639
7976 9895
7793 17787
1959 14278
15642 27025
3154 21804
23628 26439
12219 27091
18665 25788
5024 18627
2607 12105
2748 17938
313 21057
6315 10160
1438 15239
355 10326
1632 11147
2344 8939
17161 21228
14402 18760
12442 21968
20571 22205
4693 11336
21643 25091
31 2562
21523 22456
16229 20953
12341 17526
24663 28136
1592 23617
7144 27016
1212 10643
7137 16369
6931 18541
16458 16961
6084 18973
1609 5717
14872 21760
10488 13597
8775 10041
22255 26561
18627 24393
1878 8990
919 1609
21766 25432
3346 6377
1123 16621
12759 19184
15592 20392
1767 11993
16756 27040
21149 22425
929 18867
1349 19537
4980 13384
22401 26753
21359 28013
17331 25323
1786 13095
4767 10461
13342 23870
10497 17300
8666 22272
5036 19126
2124 27221
9683 10490
19353 22205
6577 6705
5629 11294
12956 21638
3759 6695
10452 19053
2667 24904
2511 24238
9479 19019
7004 13191
15530 24746
23932 25433
4556 19847
3944 18891
1553 12675
17992 27942
4802 27443
11430 21744
7350 16758
4096 22207
12262 12459
12908 24069
4563 27715
9959 19818
476 18356
7579 12768
787 9712
1713 14412
2024 19869
21849 22892
2518 20041
3055 4891
9038 20279
14534 21532
1173 27864
9552 15270
11035 12858
2170 12397
2526 27552
3483 11993
759 8020
14145 14270
17106 18384
7282 13166
4061 13291
1394 11677
5028 17033
86 22461
16036 22045
209 25721
15250 26908
16494 26767
21325 21623
20837 21118
3592 10626
11363 24752
4329 13396
1179 1925
16762 20893
2210 12069
439 24809
17027 21206
2673 9323
8781 13050
15043 15968
7196 20222
836 15616
16291 18738
20479 25468
11405 20546
5313 10050
12454 26927
4477 10091
6106 22095
8589 18319
19022 26892
638 16475
1573 4414
16583 23465
6044 18056
2339 6765
13681 27746
10019 27313
396 22296
10342 20616
4102 10042
2532 23180
6868 10391
6495 19004
15996 19286
920 6143
11095 26263
8958 16576
11757 23184
5280 9614
9226 11439
18665 23850
13780 14857
2388 5481
16905 25287
3444 15673
4695 11987
15822 22311
226 3807
13193 23085
666 1541
16127 26273
11804 17819
15048 18279
14165 22295
10488 21071
5636 18302
10393 19169
12377 21857
23060 23284
11096 27373
2146 11743
2348 26186
4285 11791
11585 13060
14647 27221
1505 9717
19287 25408
11591 16467
4274 17819
12033 19560
10498 21028
4597 27342
1273 4717
3997 21826
3606 12386
10046 27247
20677 21010
15128 21273
8846 27314
3805 17302
9425 22240
6485 24743
3709 7088
15493 17160
2716 8265
18346 25735
4861 9793
16922 23799
9915 23265
21080 26948
806 18729
12650 16910
13151 13450
20086 20211
840 4004
1755 19019
23932 26312
10367 16843
6737 26077
1970 24371
25359 27314
9631 11945
4073 6069
6965 14680
10804 18059
9893 14599
9215 15561
2435 15117
384 14407
569 25104
2366 5305
2087 19004
3779 16683
9541 14638
15444 15749
4489 8753
4109 22814
7953 15645
11872 14088
7089 19675
12560 26497
19525 21058
10146 22012
7015 9208
14136 16151
4037 17041
589 1593
1750 8707
9007 9993
2826 7519
3804 18704
2026 7630
865 8317
8287 15867
8677 24600
17563 20201
6381 10839
1275 8290
11378 12219
2518 10428
11960 18201
1823 13382
5839 6569
15874 21472
20005 20563
24267 25998
18276 20421
15052 21442
8202 21129
7885 23522
12991 26409
10829 21869
1621 20162
15455 22832
2210 23534
2893 16467
7456 12924
8912 22481
12965 14926
1432 1613
3378 13091
48 21730
16784 26863
1510 19004
22309 25626
16550 17963
11599 20511
11747 27514
6716 26219
19618 22907
13558 27912
3967 13054
22040 24122
4546 11196
8100 8965
5607 12034
19286 20841
11462 24951
9481 27083
21026 25986
8368 20053
1319 20109
23144 27565
16764 28158
6098 19513
3069 20648
4065 16923
1 24342
7346 12228
4301 8090
1178 27561
14079 27585
7100 13422
1093 26580
8008 12281
12095 26494
2518 24274
8170 13274
14105 26097
19990 28139
7205 27300
8220 17159
12253 28189
10670 12147
18061 27423
3925 4498
11143 28028
9599 14555
5064 8282
4367 21201
9795 22047
193 8363
3344 24221
21962 22469
23491 27041
8385 28013
2870 15998
2577 25130
22331 28267
17076 17842
4965 11289
11234 19546
24069 27458
7531 22553
13134 21438
5505 18729
7423 13329
13277 26989
13731 23346
6848 15619
12491 18670
14539 25928
11438 24724
3454 5730
2585 3599
11553 22739
13196 15823
12426 24056
563 2759
2081 2331
5042 11887
8416 11043
2672 22178
2191 3622
24295 25332
11071 17411
70 4161
3585 22589
19445 23605
6876 8511
12383 15366
3455 7562
8690 27834
15282 18280
11857 19054
3455 8381
11432 24059
11138 18639
5 11958
16457 23386
4717 10629
14513 27056
17949 22187
14050 24017
1920 15620
396 7159
11790 17742
850 5001
17482 27876
15225 17198
14798 21149
874 3013
12214 25596
2961 8413
23860 25012
8958 13593
1775 18318
3928 13126
12538 22871
21228 22531
1228 19459
10844 28100
19516 24510
8424 27969
17115 27304
1520 21415
4797 16071
16106 17578
19082 20579
12356 27661
2241 22581
4956 26544
4142 9086
4216 22483
5584 25285
7065 9968
20742 22825
7073 16905
4707 27870
3518 9324
9915 19169
11870 17286
27415 27770
3903 14971
1759 7820
19941 22575
5433 5943
19601 27822
18409 26544
10393 12566
10699 12394
1419 13476
7630 8488
2009 3178
13466 17286
20366 21473
4918 16581
70 4021
9368 14644
391 9833
8860 17673
13054 21942
16051 16127
9316 26167
10454 25305
3810 17523
10163 10767
2518 18478
2961 6770
15366 19447
4606 8858
1164 6367
8977 17478
3125 27611
16094 18704
9483 10920
11331 17020
12927 17640
6555 26663
416 11727
2198 27243
13332 13810
7547 14219
2002 16311
18302 24110
3735 25949
341 23730
11111 27643
19362 22842
8957 19169
38 6079
4778 10727
2272 2470
3167 23302
21490 21824
6363 13917
18249 18826
17111 20509
11987 22227
9059 25175
19131 25329
538 11305
215 16501
13725 22040
15461 21420
7589 25262
2379 22803
9607 17827
12309 23074
7768 13591
5846 18910
21631 25865
10 23165
4671 14633
21026 26518
24359 25971
7492 9791
8806 9226
16055 27019
11692 14853
5869 8336
14738 24075
19238 24031
5704 16538
949 24405
15360 23919
25174 26092
7371 13687
2172 13270
13177 23951
12430 26741
7228 25838
22244 22750
1925 27668
7948 18516
478 7049
15791 20066
3392 21662
3592 26254
3802 25468
1223 8931
19100 26788
11712 23380
3381 10175
17306 19800
12153 27332
11111 14368
825 11992
7137 7803
2981 13843
1472 23430
88 20179
2489 4720
12538 27746
6370 8483
14591 26640
3828 20053
396 9465
4892 13366
763 25504
4833 14043
3323 27664
13503 17782
24 8948
1049 24690
12726 23722
15652 27831
18948 20028
17455 22259
8857 25232
4469 16181
24279 27112
918 15789
6020 21533
2388 15673
7623 9001
16901 21496
11218 20899
6497 21369
11104 25110
2373 13957
12366 28126
13564 19189
4245 16517
10121 12302
18820 26160
5277 27288
17796 17797
9923 22010
12600 19546
14371 22871
5722 11809
13976 18522
1392 25090
11667 11804
11293 15943
16992 21349
5125 17171
3821 5313
19555 22385
17854 24828
8411 25401
13401 22610
8083 20238
7113 16092
1181 16019
1084 23921
17369 27612
2081 2519
2178 23382
4382 6725
4640 15468
13874 26869
2703 8129
4420 25773
2121 9321
4438 14016
5196 18114
686 24062
5449 16767
4245 7635
439 6413
10120 24160
12447 23340
5111 24964
1975 9398
18464 23293
8254 26958
833 983
3410 6603
2518 24061
8040 18823
4379 12348
1266 7986
20400 22285
9915 18320
11982 21094
1942 11480
4162 16258
3506 20517
7592 11814
6765 14916
6749 10871
6999 24057
9201 12935
14226 16939
11008 27406
6453 20021
15555 25956
844 15401
7594 15800
6462 17568
16623 22078
18553 26546
6578 10483
1804 23904
13887 23983
4037 10800
19849 25525
566 18627
17081 17175
14032 17686
17695 26670
14706 24965
21841 26000
10419 19019
8208 20758
561 17742
12304 24457
3829 23341
20797 25704
7320 16913
7365 20998
3393 18911
7701 26690
20195 26457
12847 26750
6127 17429
8486 17865
2906 21404
4457 27011
7491 10827
5579 22340
12954 27321
14080 25683
2710 18030
10250 25634
3141 23762
1425 3977
14632 28091
10309 17165
14235 14636
11431 24095
12924 12954
13602 23510
11312 22265
12868 16197
4343 6725
20010 21639
2646 25666
5728 10981
2943 5505
2227 26456
10245 23673
10197 20092
1288 6606
7348 24395
1795 18823
15486 23175
8812 21109
3759 25086
14325 17455
7581 16192
2423 26177
1727 11727
10878 17513
9747 22734
9523 10992
11218 21638
8596 17951
17211 24293
10023 14555
2000 25507
7283 23745
24904 28198
2110 2986
2120 26135
5351 15659
10896 13251
7610 18386
8075 13620
898 16694
3797 27412
21555 22472
14793 21788
9356 22378
16739 22198
10235 14662
20038 25969
26476 27146
7950 23932
17567 26194
23354 25996
1181 22051
22172 25474
13806 27313
15895 17948
5676 6965
22348 23007
3287 16600
4509 22604
303 21438
2704 8011
4218 26061
17108 27886
16762 21654
14911 19228
4029 16766
1181 19043
6384 19309
12114 13486
24846 27538
18007 23458
13203 19684
13294 19050
4774 21987
550 22948
7963 8884
6144 17782
9087 10729
7568 17356
14981 22581
967 4209
638 22481
2667 17320
7410 12956
14672 24951
2270 25564
5327 10222
1264 3633
17161 22531
7205 24148
6924 16656
16679 21849
1878 14648
767 12564
5609 20552
13784 24691
11748 20225
8290 24601
7086 23374
17734 24405
22548 26244
864 9833
6263 21994
23106 26978
17119 19913
1050 11088
6869 14443
7007 9791
8416 16626
1961 21982
19091 27247
3622 17965
10798 21438
19180 26879
1 14220
2664 4442
987 11792
12023 20367
559 20069
16775 17512
22311 22941
1342 8719
12941 25894
6917 17787
406 9752
7213 20804
12347 14150
4240 16972
580 5522
2392 22444
15201 18909
2484 23144
3169 25247
21029 21809
1223 3598
12956 22457
9025 26622
10962 17151
14309 24005
6139 7447
5 4081
12242 20578
3273 13682
15370 26476
12139 15701
660 10913
23 15308
11008 26907
5502 17559
7025 11119
9428 23983
17507 23162
2763 22593
673 4595
8255 22796
12965 22080
21929 23506
10907 15308
14232 22236
495 27596
2617 17739
10440 25771
18116 19728
10216 11539
1770 17310
9621 17377
11987 16756
16907 27342
5866 25617
11444 22234
5916 11597
7274 17657
6961 13968
11609 20005
15572 16965
2555 26461
15094 24241
8970 20258
10319 17084
1068 14033
11773 19775
4286 8754
9016 22140
1026 10244
5691 19684
1614 13016
11894 25094
3623 20412
7149 25550
11880 21945
16388 18639
14153 18472
3618 4438
10623 26232
6463 9702
4920 21180
1116 7122
8530 19309
349 11694
3197 10121
6722 24471
11320 22624
2087 16757
2185 8990
13780 25005
13078 27381
6096 19813
5397 23798
2227 18048
2279 15911
9250 16582
13673 19879
2944 12792
21273 23149
5728 14635
7839 15661
3902 18230
5904 12805
13239 23691
3019 14895
12633 16515
7396 8868
5699 27152
8392 14916
1477 25510
11484 17987
14886 24681
5313 22230
20448 20578
8980 20564
12658 14707
5774 6680
3789 13475
9542 19348
8494 9842
825 24068
2648 18465
13033 15508
12335 22238
3892 10330
8384 16506
2477 26358
15575 23785
9479 21052
4776 11952
2648 16108
23125 26752
25361 25437
2780 27814
6655 15084
11756 16767
3110 22011
17605 26582
11052 14971
25956 26358
20605 22476
1246 18604
25271 25830
3337 8039
4945 20310
7670 22961
9312 20816
11340 12655
4179 19836
14728 27042
5989 16428
4954 7839
12620 23424
13222 24059
1942 11103
6801 7154
23552 25017
2270 23180
1065 18770
20645 25414
9738 9851
16150 19857
5288 10668
22441 25927
2832 27441
22570 25321
13484 22384
1720 9215
8920 17504
2990 24278
4168 13952
15530 16308
2040 26053
18164 25928
3729 7471
19673 20376
3665 14504
4237 7195
21704 24253
7169 13580
4388 27300
212 27489
23 26961
7915 20532
11709 17963
5010 15467
3086 5943
1404 27509
4581 21357
2004 24848
3625 9590
9041 15626
11192 12369
10444 21304
3665 11252
4720 15659
5719 26312
17251 19224
1286 22265
1629 20054
12728 20600
2539 21209
12720 16020
18775 23295
6848 19853
15205 23303
18533 27516
5939 23549
2344 27101
7977 13360
15921 23662
629 17542
4477 14217
18410 28082
7296 24505
1148 22846
5168 27316
6201 19053
1107 16847
2067 2518
1978 6611
12508 28275
23236 27759
808 18727
10393 19723
9859 25414
829 20231
11256 21944
4519 15695
9362 23819
7213 21770
7358 24062
15727 24104
27547 27773
18471 27578
1879 20990
3605 25759
4600 18533
7897 17067
8923 20370
17319 18370
5691 14758
8031 16072
6116 21326
8679 22829
8753 23733
2396 15880
5376 22367
8551 9038
9989 13385
4336 23719
3539 23170
14606 25321
6750 13391
9606 23952
17199 23963
13059 25482
1039 16276
1605 21943
18454 23017
1967 5325
12444 12956
20432 24888
1768 16151
27279 27314
12800 23310
3701 12757
24374 25748
18906 25089
22821 28203
19180 22917
12924 27074
14942 21925
10393 22460
8471 19458
18041 19001
18112 24693
14306 23265
9452 26953
10111 24643
5930 19876
5609 20724
18406 27565
3400 21914
23608 24232
5989 17492
23007 25832
52 9020
10102 11142
7541 8072
8048 12679
10415 16148
7552 13594
12244 25805
2881 15202
4639 9772
3283 21167
1554 11417
5275 16972
5150 9915
17399 25782
7937 16905
396 21159
18657 20661
5321 26733
6372 24884
4571 23880
5330 6348
8499 18267
11126 18862
5292 7961
15480 25893
7118 16245
2148 25683
25340 25727
2362 24675
6746 9792
19684 27648
14390 16175
15038 18202
5047 22319
1900 22541
7566 26677
6608 15179
13139 13289
22769 23986
3522 18128
2002 10308
21136 22402
15263 21681
6350 21951
14445 23932
4942 24429
5818 7625
24251 24947
17754 25494
10845 24127
14086 27497
17524 23811
3310 25658
21725 23365
19857 20504
9296 28015
6350 9381
5906 10784
3045 12773
1038 7387
4435 22156
12323 16953
4358 14630
300 27624
11692 16905
853 1961
7975 18315
14666 27923
19228 19552
18225 27795
19339 24304
1201 12171
9356 18437
17176 27380
406 15695
16207 16386
8868 18448
14699 26902
17530 24095
6298 10887
13613 18986
8005 14954
1306 6695
9173 9390
1777 9416
13033 23318
6406 22416
2605 4110
1902 27958
14010 21438
8282 14950
18789 25713
1103 11854
888 25488
13848 18464
11994 23333
22950 25116
22546 23585
12077 22781
16367 17814
8391 22353
14348 17616
19947 26954
2255 27953
3257 22885
12679 16626
7555 16043
17684 18154
16184 16513
18200 24325
8835 19029
10056 19446
4886 13926
27374 27867
3085 17696
1761 19584
19086 23932
18920 25607
12244 25299
3449 9252
833 25417
21377 21770
13876 22787
27316 28210
10023 18857
882 25498
24065 27824
1314 7150
10836 13241
12728 16429
8893 21643
12792 21123
16045 19089
9465 22271
3872 14791
13623 15829
5568 21449
3162 24783
22871 24127
16720 26463
26598 27274
23080 27977
7350 10061
11143 27285
2113 22010
11626 13223
1733 4498
23967 24997
14604 19374
2157 7984
20990 27922
10838 16505
7380 25041
18772 19097
2596 19101
439 2531
17841 27455
20195 25396
12090 13295
15063 15915
13536 14095
4519 9583
220 8478
4353 8695
15659 22860
17484 26048
18656 19641
12614 16048
4306 9980
12769 26266
2008 20407
11023 17348
1879 19813
11132 13416
20523 25209
3828 13276
5500 22619
12738 23771
15808 16063
18507 21149
3154 7497
15211 17073
6221 23143
8157 14432
10920 15808
12608 21929
9019 18225
19153 28052
9070 10662
8923 22251
6667 15090
10052 25084
5184 25875
1308 14761
7387 10433
9252 14716
15666 25608
396 12064
12580 27353
609 15773
12365 25906
9963 22549
4191 25344
1254 13408
1543 18951
3513 18577
19548 20032
1853 8533
1178 3761
10859 13091
13091 24069
10894 15549
7550 7598
1581 22340
13978 18160
2813 5883
13575 23955
8144 21240
11558 22673
3065 16866
13810 21326
15108 21798
11374 19004
11059 19769
127 1782
13472 15282
4041 20753
14741 25748
1370 23366
5817 25011
10350 22212
8817 21118
897 22696
24517 25547
11580 25446
4117 5662
15825 28277
24794 25340
20925 24332
7360 18194
3661 21201
9607 25289
2883 23415
9144 22203
12141 25449
8046 10352
5 14947
6969 14078
3903 16957
3871 27222
354 19868
18678 24104
5751 23616
7751 28179
406 9361
12521 21700
13158 28129
8924 21324
4469 27805
4659 21634
2858 16572
12922 19890
18280 19813
5569 24856
17173 20196
2240 8770
15422 24972
2878 9470
21735 27568
264 1741
1439 19630
3484 12086
23686 25608
7459 22422
9065 10738
22882 23213
4332 8624
5846 7609
3974 15196
835 17474
19731 21910
8057 10935
8085 19116
25008 27423
16511 27047
4721 23377
7394 18384
5802 21655
2635 7820
710 24221
7915 26300
693 14431
2383 24319
334 13527
24217 24293
1020 27692
11361 23919
14029 25753
3197 16026
1605 13702
23665 23809
8003 23550
3625 15840
15762 27302
12343 24457
12257 27152
8841 25901
693 21126
13661 13855
14728 16299
4109 11785
18994 27175
1190 8148
8982 21536
12625 14291
20047 23289
9424 12460
7656 10342
2494 26469
4003 25057
2202 14189
2505 10793
7325 17562
12386 19948
4484 16016
14611 21266
1052 17401
4096 16991
8975 14723
11080 13213
2845 22476
10919 11380
17378 23296
17318 17895
598 6846
6773 6796
15958 27320
605 11463
6087 20770
13343 17277
4731 24207
12686 13402
17823 22378
19352 21000
9989 19885
17215 24467
18603 27466
1679 23307
13534 16814
2077 9080
9724 13699
12250 24056
16404 17684
1371 22038
554 24032
6103 25666
6838 22101
2163 13529
5790 19073
4623 21819
1 8071
7796 18538
3501 16922
9923 15432
9339 13480
7897 16428
6305 23748
10387 13327
23771 26409
15971 17835
18422 23907
16622 21098
4507 13475
12881 24069
18416 20289
22634 25451
5273 10767
12927 28141
11193 24939
2530 10128
4258 5567
1677 19558
3026 11810
16124 16910
446 12153
1070 16092
10749 16953
14342 16567
18628 21391
18633 24824
7902 9511
9319 10786
19354 20714
9989 25160
743 1492
9109 24152
8096 14035
4031 8515
6105 7017
19941 22352
5808 15605
6907 13059
1338 17753
14560 16828
19169 24586
6935 16138
4477 20384
3869 27161
12807 16901
9955 23433
25614 28233
5344 19615
5271 7039
7725 16665
12945 25890
14746 18669
5262 26503
497 21776
26429 27588
711 10531
16684 18567
8254 16187
5089 21215
8766 18353
4216 20367
8439 24748
6372 19829
3957 25626
3987 21257
2259 7707
3441 18519
17556 17801
406 18950
7550 17108
4685 9398
19420 20365
8896 17260
17056 25735
2369 3957
12045 26178
8237 10366
10966 17782
6057 9446
6290 19701
13909 18823
8501 14441
8893 15712
7975 25810
1609 13482
6937 18323
10935 17214
18015 21650
12820 16566
11555 21050
177 27686
7353 23206
2341 5323
1423 14233
711 4489
7975 16560
5986 24663
7370 12038
20754 21780
11144 19801
16709 18362
12346 14569
786 14930
17747 27187
18584 22399
24019 27844
4232 24943
15321 18537
2679 9299
18430 26410
16509 27129
20742 21278
4865 21075
9080 18468
6058 8970
16888 26176
6461 14758
10075 16276
21766 24274
54 18082
10658 16328
7057 18910
18807 18857
1232 14686
2686 6832
15608 20045
5731 25415
4439 8416
6331 23341
346 20938
10935 17407
1195 9154
495 15676
4729 24105
4321 9473
7974 20423
11884 19337
13101 18832
12740 20257
15847 19830
20008 26306
6917 27152
2629 16482
1502 25120
1609 10876
9779 14095
14344 24279
6605 22440
20390 24616
18171 25097
4142 9533
22266 25998
3728 24775
5989 26498
6176 21074
3428 26119
21455 22986
9706 27220
12397 15985
6077 16194
15450 16923
14881 25931
15199 27696
13484 15628
15187 20558
13655 16682
9214 25468
4286 4828
20157 24964
13367 17905
3437 17602
9539 17018
13800 19727
11290 20008
3750 24229
949 26421
21904 26727
289 23372
18264 19164
391 11584
6257 14964
15291 20853
2797 6301
396 7114
5371 23843
867 9906
723 12975
3900 23856
11363 18704
8523 17241
23254 24136
16767 18489
22384 23525
4986 23617
8685 12760
1751 9963
18160 20300
13387 18402
15694 23211
319 21424
14433 24521
5832 21540
401 2557
10951 20962
881 4108
5763 21504
1103 14418
18001 25684
18265 19832
13166 18272
22581 24221
3679 17171
1755 9838
2885 11562
24514 25157
3121 21111
1105 20661
3885 20184
6227 8924
5600 17035
7687 25152
3346 14088
1764 23448
3764 18861
1851 8715
11424 27844
7185 22048
17712 21849
4205 5082
2362 10287
6848 13887
9963 23031
4990 25578
2396 27152
13472 14665
1397 14224
2664 24831
1117 4215
9853 16794
19576 20222
10517 27418
23996 27061
1529 11747
4618 22273
23273 25754
12821 18556
9541 14317
8096 25786
16002 26081
864 3041
11875 27080
7419 12479
9670 27500
588 20205
3279 17165
15532 19286
5949 12016
15355 22559
8990 23601
10251 20713
2339 9699
1367 5867
4649 7783
14727 26097
14901 16452
10675 20016
13710 17606
4217 15547
4175 7975
6294 27202
10535 15100
4455 24292
6278 14153
23937 24939
1986 4352
3933 11661
1 12734
881 22340
2984 22024
5570 14314
15346 21291
22150 26595
2406 15332
5687 7316
6606 14437
5177 17966
2837 8787
19639 20258
25513 27418
8920 15659
18141 20336
1441 16623
4633 6229
15141 20953
21337 25708
4596 6427
8522 18434
17504 20265
10767 17443
179 4539
2624 25139
6447 27271
16766 26771
3390 12483
13340 16665
12982 13491
5306 11887
15163 16642
8441 15511
15422 22486
7783 26372
1556 18095
14605 17826
16545 20503
11896 12255
4114 16149
87 20702
12389 17487
7320 19721
337 21436
19891 21038
15866 18919
16600 18647
7923 27749
5393 15122
10402 16490
24208 27834
7473 17730
15377 22180
16127 26659
7183 25880
4110 7401
7735 18998
10756 13661
6609 15457
21126 24764
21950 24148
17041 26373
582 14008
19248 24987
9194 12078
12436 20623
5797 11677
2112 7695
15857 21480
11758 16616
15900 16324
19289 27841
7361 8075
5943 19139
309 18319
4890 5440
11515 15710
9184 11022
833 13517
5071 13956
15104 21122
10747 19957
4742 10449
505 8182
4729 23437
24539 27938
17499 25685
2943 18729
2243 20959
22183 25437
10641 12244
4240 5217
8264 15128
5588 21885
1915 12755
7323 8841
12929 24608
1034 5161
15325 27898
7937 21940
6480 24061
4563 13313
865 25735
5477 20849
4334 9279
3289 16434
23361 25901
10398 14104
12874 16814
18785 19496
9422 13475
8891 16276
168 26268
3299 12320
8451 24747
6981 18249
21517 24323
10756 11491
2567 15187
14984 17731
11148 12325
3121 7867
16338 20332
8679 19847
9253 21123
945 19704
23953 25571
12652 13081
23094 25684
20131 23106
2210 16340
4767 18463
2351 22953
5852 9857
12228 12709
4218 25182
7929 17640
428 15669
925 16923
9211 13894
2708 6852
13152 28278
3059 7956
3907 8330
9573 19688
13384 26974
7467 21515
11954 13984
3871 15899
5476 20010
2525 26948
4107 21109
21673 28117
7600 10961
1124 14901
16467 26556
22770 26210
788 15182
9470 20305
22452 24750
3365 12056
17618 18621
9080 11682
446 17145
7375 14657
6251 6898
13382 16356
19049 22652
13 1613
3154 7707
3753 21423
1920 25580
726 10002
10998 20406
297 3218
1604 26413
1449 4315
15874 20418
6112 19761
10369 21988
17968 24069
4237 17763
15879 19913
3053 23310
5913 12459
14055 17167
15382 19917
731 20434
3304 16238
8488 23798
10541 14063
5989 11988
1055 25692
10714 27945
24976 25428
23181 25681
106 12991
12512 28087
1251 15090
803 22356
3512 6792
9813 12103
5140 8675
9575 27909
3708 8494
4767 25327
1426 22232
3728 10292
6516 11785
11709 20171
20876 23560
19017 22596
1108 11295
4216 13188
2635 19409
9345 20112
3134 4773
7778 16651
4384 19247
16342 19280
3765 25904
16835 23265
2259 9746
588 16435
10765 14311
17037 22049
11540 24706
10646 28238
14340 27478
3873 24104
13927 25057
3790 14586
6517 18791
1810 11395
2350 4253
5473 7556
18236 26089
21688 27382
1097 5505
20479 27621
454 20922
9264 27279
418 14502
948 12218
2013 13657
5989 14657
5296 25052
6528 27514
1948 2957
1689 25297
1566 24067
25108 25849
3532 8622
4581 6536
1915 20599
1878 25458
17 8426
805 15834
18001 25414
11741 12965
18425 24127
9717 17661
867 21359
1606 22469
23910 25295
9884 24240
323 3592
21151 21438
5979 21794
2696 3986
2497 25597
15338 19272
8605 11554
10839 14033
17043 17319
12887 18553
9300 16439
6905 9896
2295 18811
5069 13253
9820 22215
17640 21317
23520 26697
15954 18454
4362 13861
1293 24131
5784 14492
2087 12245
19870 20605
8140 22450
6220 9761
4336 26492
13374 17907
15836 16190
17791 19836
1830 25008
16419 21968
18951 22607
3139 9524
2796 26863
1061 10403
8685 15854
14203 15928
9440 12542
8188 25635
14885 26477
3126 25525
1322 11799
20261 24782
16324 16953
12225 19686
14619 21281
3056 5978
485 12855
9837 21412
17686 27553
11544 14763
6863 13263
2798 3585
3075 11088
3825 20631
18241 23249
21378 25496
20527 22203
5600 7353
6196 6972
2226 5213
185 27105
2092 15015
16124 19979
92 22254
23159 25508
3489 4126
4623 9703
1687 18297
2351 6707
777 9813
1457 25835
19878 21730
3465 25725
7456 10619
4949 23104
3446 10210
18541 22210
11985 25646
6860 9003
10006 22283
16041 19909
8924 25630
22841 25602
15869 16323
889 21552
1499 16907
25353 25414
1609 12257
9747 20876
6377 7760
6842 19123
18968 20408
7880 27015
7900 15721
4519 5219
2887 8515
23277 24444
502 4567
1878 5609
13496 27852
7867 19657
13954 25329
3204 20382
7021 8384
13446 23188
1180 2894
14825 14958
2980 9087
7824 24195
9239 18636
8586 23643
1948 22278
20109 27821
8248 9986
4142 22415
2139 10847
5985 26194
10977 18369
10839 17747
5059 17106
1405 18117
15858 21831
3581 20449
15098 22455
10082 19219
20354 24169
13569 18938
21026 26764
588 8781
11682 19197
3865 14681
18428 22267
3664 14492
20054 21244
512 20409
4081 8497
5128 11042
17407 21864
983 17495
1067 27827
3435 8984
5454 9420
9683 16540
18784 22092
9067 15642
1788 16104
12175 12634
5626 24947
396 5530
2787 9645
19939 22477
12564 15021
20965 25311
414 16803
20949 26753
10137 11137
4954 5084
1356 15832
6749 27834
16138 22242
18259 19856
9798 23934
1851 15211
11080 25190
9873 21492
10799 12997
1937 26299
14017 17900
4763 7429
7403 24024
7005 24883
799 3669
13640 20303
17530 18823
6889 27223
764 20958
11440 27722
18950 23143
6939 7724
6786 27382
915 13120
5071 17127
4199 16396
5651 24934
23359 26135
272 3101
8429 12176
24299 28197
3592 22663
8057 27927
1075 8168
14995 18292
3984 26747
4102 4745
14612 22135
21484 27210
886 13650
5269 8016
5579 24239
13973 17922
12689 14137
3113 20899
2085 4646
25308 25927
16255 16829
7900 24274
2250 20586
2957 12785
18679 19086
1680 3714
9310 14793
7867 18516
6914 10428
12483 26892
12761 24947
16152 22727
6832 11250
16833 26517
20387 28231
10291 26429
11557 18457
5580 20229
14504 18679
1387 13764
20764 27316
12472 26344
6848 14010
9443 21101
4454 9466
787 22018
590 13812
4642 27719
12886 14728
13355 23983
12689 14893
2329 15910
1196 13271
3861 16301
6730 15673
4205 4321
7624 27405
8246 19639
13057 26689
2944 18920
24836 24982
348 1270
2861 19149
7851 22122
3167 26827
1165 1309
10654 27152
2562 9708
11534 27855
5500 25285
2960 14560
15281 26539
8176 16234
5832 14049
4129 6099
21733 27043
16686 21773
23053 27424
1693 25530
14670 24576
1095 2661
594 22497
6239 22153
4976 7832
12346 20503
7401 8974
11948 15974
6738 16686
2250 19139
1097 2475
9357 11128
20502 22338
1144 24170
12409 26535
898 21257
1448 17483
25664 26965
2354 16138
5498 16385
8183 21710
7590 8157
8101 19068
23799 25853
22052 23612
8588 22418
19547 27378
33 27821
22453 23919
810 19995
8822 16307
5711 5989
13086 23024
12275 14941
21636 23543
14849 26925
12397 16964
15172 25629
12489 13222
3257 13556
10523 22332
15064 25318
11429 22899
1284 11998
12737 13013
856 6457
3039 23315
2527 20016
19212 24830
3638 25987
1761 15727
3554 5978
12538 27087
8217 24024
1692 11657
872 9133
24410 27559
495 27563
79 1887
24483 24727
24363 25906
5609 25468
6562 21902
2986 9116
14857 14914
7601 16770
5042 21766
3624 14648
5170 21484
1141 5324
19089 25543
1695 22331
14242 22415
3666 15620
10146 10532
9859 26531
4287 22691
359 11626
4717 10660
10298 22548
4323 19712
14473 26815
9378 15431
1878 2068
11048 27719
8460 24602
8925 24823
3802 20758
10577 18348
13748 17251
8925 25657
985 12779
9568 11034
1174 4211
3314 7549
20556 24170
17022 24232
9362 14714
13452 27775
16922 22777
14657 25357
15869 25163
14129 25062
6232 17713
9313 9717
3446 9956
13676 27313
3121 4287
3852 16814
2200 13702
1529 18573
5444 10582
10998 16162
19171 27129
5764 9799
7452 10415
7420 20661
9378 14592
10286 22605
2572 22893
11073 22883
8087 9437
6178 17480
3788 8801
2336 4737
14791 17593
8011 12393
5200 17988
6017 17246
867 19143
17731 18500
5978 15009
13226 19923
17509 18046
14707 17843
15252 24949
9416 13180
886 17212
867 12762
5825 17899
7797 12792
11866 21182
10312 15121
2764 24668
4471 25970
20570 21564
7867 10967
15346 23125
3829 20365
5629 17110
15561 24100
1666 7141
19068 24818
12835 17033
25522 28201
5024 19686
9214 24929
12952 14524
13096 26588
1397 7782
13970 13984
3125 25542
22153 25443
9356 19061
3534 13436
12090 17219
15956 23443
2169 11783
20876 26503
1787 15876
7621 22331
23361 27514
6220 8654
2333 27298
3648 24457
21789 25549
7279 22945
2562 18213
8552 11344
9563 21438
9638 26244
7528 10420
3147 7743
14487 26319
4827 12212
810 12626
8122 19249
6898 13002
7660 11522
17423 21431
5736 5854
1405 7229
6426 11920
12793 14196
18272 21733
1067 6105
4699 7988
1586 9234
14599 27857
16276 18663
13309 24900
16337 24442
16787 18295
16961 17027
6296 28074
17727 19566
26386 27152
14666 15511
14390 15141
2157 18266
15257 18353
22025 26686
2465 14990
10784 12895
7318 11217
7429 22149
9403 10985
15187 26539
10325 25564
3296 8669
21423 23897
6891 25080
16116 16847
17789 19265
4645 7681
13642 18328
3379 14695
22473 26880
1815 25034
57 12511
9012 11701
11551 26413
8391 11019
11945 24167
15531 21333
3841 10577
9730 10222
18457 23566
8633 18860
1421 15428
3741 14078
5890 7002
3741 16101
17823 19732
1936 10330
18981 26898
13863 18160
6903 17927
4306 5930
3121 12792
7085 23157
6268 8424
11013 14097
130 16640
1746 9525
14258 17517
3456 17027
1067 25321
6181 16238
20848 23295
5727 6301
4353 7816
7205 8931
4414 25110
609 1689
9920 15883
19424 20917
21716 25397
6177 12726
7598 27104
21366 22409
6629 15857
14556 24047
24127 26030
12755 15091
4590 26862
4159 11192
3727 23778
17056 22341
8142 23893
654 7242
8202 26594
1171 10767
10012 10369
7828 26176
3783 23007
16113 18921
4009 14082
9406 25701
17880 20389
12693 25666
670 13291
16955 17963
4489 27608
8081 19584
891 25829
25301 27313
825 16226
12689 15346
6927 26858
14541 27117
20445 22150
9740 22507
26425 26806
19703 20594
9105 13323
2373 6617
7380 22457
8705 12851
6972 25272
17996 23104
12525 14968
14642 19140
6876 10833
18333 28212
18908 27719
5571 25525
874 21824
6655 19931
12440 26916
341 20724
7921 17043
12402 14767
9923 14477
14488 23265
1677 11539
5082 22218
9574 25275
6879 13585
2598 8889
597 26019
300 7965
7141 11253
5058 24913
16509 28156
165 15986
2872 12994
21358 23711
877 8806
3872 7775
13935 24446
11059 17054
1707 2291
3141 15376
7206 14834
10320 23799
20790 24104
4551 14623
10748 22743
5359 15952
12236 15257
10927 18938
385 972
770 25327
20763 25860
10088 17437
22425 24425
5348 25736
13076 16615
5389 22771
7008 15251
24571 25712
6301 15106
396 2610
22255 24474
933 3383
22855 25629
425 6072
2894 17695
19704 23521
21441 21945
22042 23525
6517 19941
111 26265
2094 11785
2665 9074
3051 14939
13595 23830
6032 12123
18731 22031
1103 9173
1905 26629
3056 15009
3086 10309
588 16823
10200 17713
9682 19767
341 11107
11134 20480
14989 27025
3759 21716
16464 19611
418 20102
11128 20478
5864 10660
3436 17481
13069 24862
10182 18051
4575 8724
20545 20948
3972 14724
2518 8852
13362 16855
16700 17071
9120 9865
5557 9782
3565 13609
9193 23346
14862 25261
2305 4507
3664 4461
11441 20834
3002 26525
1068 2984
1392 13085
2503 27042
5084 15985
21456 27314
7642 22781
3321 20765
16293 19942
754 22696
4397 8539
1925 6715
7713 22409
7253 23835
1038 8814
5393 17794
11150 22865
618 27773
14961 27087
4574 14131
6832 7878
2611 4548
1613 3289
8338 12089
7637 16245
21766 25299
18131 20703
21554 24032
6507 11817
14631 14648
5941 17851
5917 20008
5656 23932
6509 27669
4282 18354
4210 26799
1846 14473
7534 12023
7394 16602
9328 15480
1413 12801
11069 14781
6814 20302
24444 27309
3993 25680
1878 7777
7731 18547
4116 16594
13443 20002
3366 24104
391 3377
5267 15591
1767 15558
6832 15756
705 10876
3967 19759
18160 28048
1162 21962
722 11366
10470 15113
2547 14555
21079 24502
22344 27678
15109 26598
19570 23905
5832 15005
22917 26364
7169 26139
9062 15943
8524 23698
16404 22897
13057 21515
13483 18603
14873 26344
11852 23182
6503 19899
21071 25348
1340 9089
1541 11727
3728 28130
18409 25332
9018 11729
2986 24280
5756 27737
4328 7498
9250 13472
2172 28172
2454 18987
6350 19565
1605 27406
2529 26518
3560 22188
4533 16785
2869 22498
17424 21086
2943 6587
14645 18464
1782 19544
2928 27655
5373 26429
2521 17034
14141 15642
16107 26690
4872 14070
7941 22983
16456 27089
4778 13327
8920 26973
7758 17135
22769 23372
6832 10128
12094 26659
15250 17457
495 19086
7402 10326
6075 22569
22416 24586
2003 28238
12345 25302
17256 26087
6710 27835
12785 24294
8680 23963
8709 9871
438 18472
1311 12116
16967 18907
12094 26273
3121 27811
7748 20166
7401 16276
3346 20222
18619 19948
10778 24090
62 1878
1309 26212
4470 25054
8931 12388
19229 24946
18927 23233
1014 25364
4870 4902
7872 21438
7047 20578
16373 28205
9150 16197
9428 23657
1223 18050
7635 27835
1228 4956
5681 24160
16958 25876
16457 27863
18944 20406
8723 19250
9125 18622
4629 13373
12689 27034
11381 12350
249 2421
2996 25306
4930 26131
6337 27967
8536 24698
9883 22399
15570 15786
2233 4737
2724 23574
19847 23363
3726 17941
4378 7813
24836 25964
1773 15012
11948 28211
15922 19999
728 16346
2815 6295
11417 11824
18669 21304
6573 26452
4291 25658
1703 5473
10660 12564
5950 17681
8668 25011
7921 15293
1144 7362
25865 28127
10896 26779
7512 20008
9223 14400
23655 24869
9108 21317
8181 8887
22972 27087
18281 20859
442 8930
7298 26435
11082 13422
10755 24643
2959 10495
22460 25168
3698 8816
967 21692
1209 14782
6994 23143
2536 14534
2571 28159
2545 22695
16509 21079
6869 15856
12597 23555
4140 21609
11045 11262
3331 14133
25299 25608
13555 15312
1809 24668
764 23499
7068 11151
10665 18405
20162 22425
15804 26214
2065 6480
12403 26082
9038 26907
538 11921
5301 9744
1507 7084
20826 25329
3892 4142
600 7069
23849 27871
14264 18565
3084 19329
9064 21181
16718 24779
1345 12634
14706 18259
3761 13575
5472 20166
8601 10230
9999 11232
1609 26413
8855 20958
2908 25236
4917 23983
7250 10238
3734 28092
7929 27812
22923 23361
11603 15676
7972 14668
1816 18811
15561 23407
6307 9811
3727 25126
10935 23193
10303 25659
13582 23390
923 7170
19677 22227
7431 26846
2528 22541
6903 9853
3718 13021
9517 22559
1058 25265
1103 20424
13364 20265
6914 8148
20292 20504
12188 19987
6451 13486
11948 15169
9260 14072
3625 18553
2330 8766
10560 23454
2929 23377
16299 23509
1560 6044
1067 20046
22116 22394
18604 27669
154 16999
9443 13649
3395 11931
25828 26296
3015 22874
6042 24659
8220 27640
10907 17114
975 16152
9915 28044
16544 20340
22331 23454
10659 20720
3121 25602
17955 25652
11132 19118
6 935
1299 2118
4628 14442
8386 25828
8434 26773
2279 14635
396 9616
194 10209
1270 5821
13510 19100
2958 20092
10242 21423
11435 28082
18141 23576
12632 21915
4878 21853
3946 17146
18062 28255
14654 19564
21201 25242
1000 22639
9860 18107
728 21781
9222 25339
6936 21835
7637 26814
1477 20053
331 19367
2894 27404
4152 7283
19494 25368
2780 20860
1572 6386
1105 19484
7522 16311
4152 7979
5959 14393
9734 27628
16801 18796
4886 7416
3589 14037
425 6177
7110 8416
3614 16170
4992 18919
1848 17426
8750 18685
6110 19361
25174 27420
15575 19721
4442 24280
10553 27192
16794 24457
7982 27791
7726 21253
20387 27795
7758 11975
11193 16961
14579 20442
3406 13564
9882 26729
15182 22254
14104 21864
5081 6603
5217 27051
16931 26753
10298 22143
11989 13328
25564 28276
2592 11831
15097 26136
1014 27782
25735 27152
5906 27753
18665 20348
1464 23509
12324 27146
4076 9237
5437 9951
8075 25062
7141 10805
8963 11692
12708 22638
14998 20436
3588 12403
18355 22511
24244 25106
7600 17963
6377 11026
2718 4243
15011 26417
19723 20355
17773 22787
5930 22214
7275 14697
4724 23909
738 16230
22830 25253
6365 22667
7375 27221
610 14139
2851 27894
13538 22194
8669 26113
15074 17263
3472 8154
24068 26451
18495 20914
4841 16351
388 18973
4496 23573
1659 24254
2665 23141
13564 14672
18510 19509
1074 28024
18295 25409
8313 25150
10357 21799
9557 11023
9471 24232
2304 16975
13398 13458
6222 24453
26324 26613
7068 21766
17073 17481
9168 25853
19780 25986
4228 24327
3073 18430
3922 10958
1755 27706
3102 19004
9646 17896
3594 21824
10532 21797
3014 8704
8043 27367
8267 18270
10052 12711
4593 11825
3807 3989
14534 23769
3059 11581
3496 11022
12426 25759
5665 17408
1432 22476
12067 17295
4693 12610
8159 15066
9236 24095
577 17482
22446 23935
5461 23188
517 17731
12939 14812
22382 24438
11311 23679
23383 23963
17329 26840
4110 7684
2617 17804
6030 10961
18669 21407
609 18944
11322 28181
7987 21951
20007 23044
7619 16794
19223 22634
8481 18793
768 7984
8515 16935
5535 17712
1600 4312
11908 21351
11334 16137
2075 19535
672 21611
3734 19943
15368 22770
18366 23811
5327 6668
13970 16629
9961 23863
838 5069
5585 13373
3544 12195
2413 24151
4162 16898
6215 18669
15388 25570
865 20948
11973 25727
217 2625
3167 20462
11841 27643
14876 20257
8905 18712
5766 17836
13721 22012
9650 24750
5082 13058
19733 21889
22553 26389
17106 27886
1043 22265
426 11884
19721 20119
3096 15868
1604 19817
13509 23016
20376 23143
10935 20205
8930 18837
11079 23807
8163 25443
218 5973
7375 18481
3762 22784
1985 3548
10800 20567
9423 18697
1456 8590
20846 22707
11746 21416
56 2386
11111 11148
16431 18334
11948 13901
3872 14380
7915 9499
2156 2349
1060 13028
12030 16313
24061 25272
24288 26069
2297 27305
24575 24623
13691 16588
5636 25157
5392 16547
17648 27158
5978 8685
15282 17097
6221 6493
10177 27243
374 13810
4442 12727
9631 12792
22561 25427
5593 6756
2336 10726
17214 22479
6924 18398
1753 25329
3117 17556
13454 24058
5708 9368
7410 20876
18921 24120
12658 16965
11281 20092
19064 23143
2335 12943
3188 22040
8046 17902
13890 26111
18037 26680
11729 25102
1275 24823
7560 21431
24995 25771
11529 27500
2438 10720
17599 27914
10800 22847
14963 17170
6058 17965
461 14555
4828 22634
492 26038
20529 21671
12469 25630
481 3762
16026 23598
25492 26087
18542 19553
19566 26799
5371 26643
3700 22343
13348 22966
1936 17742
15823 15910
8996 21570
2293 2951
2768 15550
11552 25699
12162 21535
17836 18823
1768 13850
4680 6592
7002 13412
9936 14597
3683 9099
1920 13362
10487 21798
3987 19857
15619 19959
23762 27867
11831 20664
1239 27835
17797 18054
3593 16967
12296 21980
2782 2807
6426 24469
14473 25406
10287 12403
13553 27129
384 9574
1234 24848
12678 16968
1880 20742
1213 4084
7323 11003
1867 3843
4599 21361
15792 18149
2252 18050
4312 19813
9137 27664
198 4394
9086 9356
621 7061
22624 24653
10346 18539
2667 6280
1275 9905
6880 11868
13245 16094
7606 10291
7139 13185
1259 28139
4581 24859
11667 27684
7896 20045
1030 6246
7965 26683
5588 13493
2274 25294
9559 14888
4671 15275
7230 25583
24005 25830
10709 22281
800 24800
6812 15388
1944 24595
10114 23361
6691 14817
16961 21513
11870 19704
3397 9006
11100 16452
8159 19990
4256 9226
22304 23066
175 4860
5583 15301
10800 14997
22256 27078
2874 8364
2619 17695
991 5397
5331 12980
9892 18461
11042 25270
11119 16664
497 24287
8610 12832
8212 11011
21671 23968
6263 22575
6876 27746
6760 25451
7802 18406
9710 21144
24369 27700
1867 15298
16979 27967
11113 15163
7404 12807
1572 9382
8185 25177
1768 12481
341 14016
6832 17570
5344 24884
1112 24477
2277 4096
7290 15244
2302 15397
6961 20343
220 11953
13936 24373
3944 24939
22814 25602
6928 23051
1605 13119
8996 20861
4072 17071
13277 16001
16401 19639
15184 22607
9255 12558
3969 15173
7747 23932
16711 24575
488 5953
25445 25810
19861 28217
21992 22755
15922 19623
4904 24360
8472 20291
11439 21326
9543 24752
12056 16941
15620 27766
8637 12720
5326 26808
8774 21727
12907 22366
11975 21149
9472 17401
21356 26695
17417 19370
26668 27129
3306 7725
6103 9923
495 22269
4732 25454
11989 26126
3714 8937
15853 27419
2724 9289
7558 25209
10889 12768
9260 12865
12228 14073
1483 12065
10115 20313
6366 18926
650 15614
14941 20985
396 7988
4967 8398
1343 6495
1613 20480
11909 27575
19825 23146
5371 15793
9268 19657
9084 16867
9153 19080
3872 15308
1727 15834
14093 27821
16879 18117
5528 6528
16657 18452
22025 28044
21688 26151
237 21008
1878 3457
18300 27627
5583 27690
15141 20110
10639 27751
19580 20362
15530 16821
11696 17938
3233 4806
651 27916
4609 7760
4493 12698
1820 4150
3231 4849
568 19940
18280 24127
183 6654
12440 24049
17812 20504
3310 14409
14600 18357
12726 15409
4711 8852
3559 15765
5097 21653
4658 16032
21102 26155
10784 17725
904 15547
3435 9065
813 13186
8658 17553
237 16003
3500 10423
9465 18070
9680 21167
16373 18985
4103 7323
8241 9848
9028 26698
13222 14817
15416 22947
19367 25006
3666 18099
12738 14971
23722 26706
1643 27527
1266 14438
12637 16622
18409 22251
7974 9610
898 20504
5521 22279
70 2710
14438 22634
15634 19131
16840 27662
14008 24589
7323 27085
12411 23947
11539 22138
5651 8394
6342 20407
1014 16225
8835 12939
19004 24533
23554 25328
3456 4684
11369 25596
5029 22519
14160 14758
2396 15477
10298 17586
17823 26405
17265 21273
6914 20956
6369 8439
10986 27078
6885 11696
10146 26559
1959 27661
5350 18154
17869 22761
8304 16354
21915 26559
3275 5716
13607 21700
10807 23872
3475 20233
6692 12234
20222 20667
1936 18998
22151 27218
21773 25228
3927 25920
16874 18735
854 3410
7413 17408
23830 24775
2258 19756
18606 26884
18669 22071
7805 9569
12040 23267
7512 7894
3014 20775
8430 19565
15171 22223
11265 26606
7373 19627
4439 15074
8720 10619
8433 21459
22416 22630
19325 23081
18280 18591
10763 27560
4604 22426
2170 15985
6061 6638
12678 24031
9252 24005
6931 11030
9699 22919
7382 13090
11139 18415
2129 16608
3856 25847
15053 16588
19823 27558
19857 21791
12711 20950
3539 20355
4598 5751
8813 25112
14010 18369
18704 23296
4844 25337
24510 26554
3146 15937
6981 16960
898 11847
25414 28109
5386 20307
10846 17304
22441 23775
12429 15247
4456 7969
12145 16865
8114 20998
24069 27986
22765 27117
18608 23921
1435 2396
1284 18434
10395 23430
15758 23632
15048 20574
14843 27927
15722 16893
2827 9647
10321 28042
21247 24149
15470 18541
787 1965
341 7114
20626 24716
4407 20816
5909 7948
9325 18514
11133 21252
4767 22785
6229 16688
12759 23498
679 4953
10284 15749
11356 22711
19640 23916
2172 18639
5893 14723
17819 23521
9932 28181
11718 26770
8781 13464
7081 26765
1049 7386
18827 22308
2833 20627
10951 25110
19008 25290
9543 17813
18387 26786
11322 27989
874 19103
2944 4626
3995 5134
4039 7668
15536 22192
198 22602
10444 18679
2842 23736
437 27024
13373 20258
15304 26472
6521 18428
9294 11340
7523 11905
18560 20645
21113 21380
7277 7508
183 16923
3337 13564
2177 11133
125 17869
5056 21868
4753 18496
4210 16177
3472 7412
1852 1902
6837 27854
9760 22411
23225 26991
8846 26413
5663 12501
2719 6532
27586 27710
6954 26226
7307 27758
10428 14672
23133 27161
22555 25849
7025 23105
1683 3808
17424 17734
19024 20689
2339 22160
3718 7472
10326 22620
6196 23143
10449 24659
8746 15736
5504 11235
324 16126
8145 22191
3284 11673
24147 24298
7523 26799
5079 12451
4054 28137
18779 23061
4661 7737
7205 8295
13807 16929
9424 17170
15928 20504
12110 19847
7975 23422
1878 5842
369 24510
5079 10160
8753 18367
2679 13306
6745 14153
12612 20586
836 10022
22879 24015
5276 8982
17636 19687
10784 15251
2714 22205
793 9234
1399 14753
3286 13282
17259 19826
15945 22261
10075 26675
865 26058
8642 24022
9922 13482
22536 22805
4103 18862
5448 11296
3390 7360
13364 21345
11030 17593
14043 20084
10815 13512
1952 22320
11107 23036
3052 27198
994 9424
10569 13259
23719 28047
3100 20711
14778 14895
16462 17481
17943 26862
8923 16322
3944 20743
6481 8982
8119 9422
3665 22865
2386 16351
5725 12214
10844 16564
17936 23350
7913 20251
6198 25270
11978 18538
2 18084
17344 18603
20003 28210
827 25796
2324 16381
166 1714
3889 11913
15622 15844
309 11295
3793 18945
21481 22446
20069 24082
2526 13344
1858 12652
8012 13373
11295 13706
2494 22531
2834 15709
1097 22841
599 13687
13328 25311
16374 25638
12244 22996
12260 15659
24469 27042
17803 23959
12538 12603
1687 7018
717 18056
1138 8817
11880 12945
17121 24023
2635 17630
1032 11848
19964 20222
21831 22745
17219 17559
16259 20232
17097 22426
23433 25986
13560 22507
9752 19078
6503 26414
15231 25838
4557 13384
70 867
10483 14103
1211 23096
8924 21883
18704 20817
3186 3667
2730 22060
5389 9136
6056 19851
6589 28049
18285 23619
14670 27514
15669 20167
3279 15899
10396 15236
17717 18793
1996 11524
15922 22627
3762 25426
5190 25039
4090 21186
10669 19686
6204 17420
24073 25055
4604 23619
2484 26442
808 1441
9942 14484
3000 26991
13098 15657
5406 15161
1573 16640
3731 4032
13093 22387
7987 14558
6704 19704
21768 23273
262 14183
15236 26916
1590 14519
11757 16705
14359 24659
12657 13473
7896 16961
401 9245
1095 1456
1874 9622
14675 23941
7974 14227
13003 17922
20355 23763
3609 21111
13081 14258
4886 11128
9228 24904
14082 21542
1971 14378
6390 26184
7484 24415
2438 5422
4918 6058
8933 20398
12980 14703
592 16094
8785 18626
2653 14538
7341 18837
9967 10382
19219 25214
494 6477
7832 27494
24274 28056
4758 12924
2049 4636
13494 23615
1077 5751
14616 25561
4950 14566
448 23420
3317 3534
25468 27013
2169 4489
2499 26990
12375 25243
14129 22046
11614 26958
12257 23932
3901 16338
6738 23016
4416 8750
3695 22440
1871 8255
2484 16117
774 1449
2974 18745
2398 20398
2721 18874
7959 21033
10391 23438
16839 23573
12731 27298
11688 16754
26544 27767
6975 28170
18951 19325
684 7300
16910 19979
18787 22956
2272 23722
21964 28043
7397 11830
5343 18398
13759 24031
569 22033
5571 15985
8750 19800
22078 26775
12952 18430
7304 22889
21057 25653
18 19419
24244 27078
16647 24061
8734 22701
22565 27167
3354 5244
11443 11592
7541 15966
19086 22471
24900 25564
17 1654
5288 8035
6302 22076
14477 16483
4360 14304
15840 18591
6668 18533
2035 18869
11743 19924
15074 21372
11017 11128
8924 15962
15953 23213
15229 22787
2045 13575
186 9621
18249 27488
3636 7065
896 24616
4656 27145
12982 14461
4855 12434
14034 15829
812 4856
1884 7073
13221 19257
2396 24504
327 11030
4211 27913
3802 8278
2132 22578
15296 17181
9252 9631
17766 25658
1434 25683
5498 11813
16197 20282
9193 18369
1660 17963
3852 12545
12931 24557
11629 16564
1851 18911
193 10512
19639 27117
4804 13555
18059 27828
10054 20115
15285 25904
5884 7704
3950 12184
4006 20813
6876 27867
478 25956
13210 21885
11809 20848
1627 2320
3554 5427
1833 9132
3071 16267
5319 11550
1902 2185
2172 20705
2480 5498
7948 8924
1133 5082
4241 15543
9816 22522
15892 25270
13970 26764
864 3999
7458 23510
7223 13175
9285 18217
5778 12356
13888 17783
8151 8280
11677 19264
2894 10830
17999 28044
2587 7103
824 21061
23973 25730
22218 27702
26244 26404
15560 23746
20906 24971
1721 22052
9324 11001
7744 21010
7419 25054
3735 22256
11268 25350
8924 22418
5134 14947
2826 5220
18425 19200
7021 13246
9488 24616
2435 12754
17433 24836
16329 20204
3279 16462
16121 24105
2624 14672
1928 4439
3858 9492
8804 10393
1033 6549
6473 28208
2518 14024
5425 8188
4570 27247
2647 19432
7665 21147
12660 18791
9067 23911
8318 24444
10243 17597
18911 20758
7606 23955
10662 16683
7350 14445
6296 24576
15341 27837
4828 18521
16414 16948
16261 16311
6680 14513
6127 24783
3401 12711
24425 27942
969 2807
2539 11443
4563 17397
1566 2324
3704 14575
10770 14079
12244 14835
3593 24477
16763 27573
6217 9962
5662 7788
1417 27926
660 27218
8437 27279
1292 6516
14911 15639
12098 23816
15493 15719
1541 22283
340 10075
16286 23320
8493 23300
16435 25665
3165 24061
3874 4081
5520 14012
14288 20975
221 5458
23442 26725
14612 18560
601 25404
9762 9873
8933 28153
4124 10205
1605 23871
8913 26691
356 5332
2758 3196
4646 24823
18651 21010
10169 24569
11335 19348
5042 5728
17407 18541
9668 27693
7835 21430
10115 11913
12765 27890
17417 19584
11757 22148
11235 15652
22714 25652
5339 19541
614 16330
5328 27224
7241 8716
1628 7414
7233 14391
3719 15553
9368 25138
12495 19853
13905 17341
3294 15900
12217 15678
1894 13306
3257 21784
7702 22947
3163 10033
2330 8558
17 20013
24603 25403
3066 27974
12778 26571
17955 18742
14723 23377
6377 23758
1306 17938
17097 25856
16071 16953
15418 25617
3074 11241
155 4845
17847 22040
2547 9441
9874 25559
2743 4732
1112 16470
8816 14325
15731 21409
12369 23663
3634 24298
7227 27821
1126 16318
4132 17700
17951 27996
13764 19325
19712 20171
4500 10008
3446 22456
15981 19178
396 8057
9574 21769
3759 25397
1015 20222
20744 25344
17640 18530
23312 24876
9379 23182
3136 23584
15906 17634
10019 27033
9837 15282
18524 26892
5166 25080
10585 26193
7987 23136
24815 28148
6948 27897
396 3372
19019 22659
3472 12023
473 14228
3586 16564
9813 13585
6960 9919
22180 22984
5623 23848
5228 5485
2226 14052
2219 25424
12981 25178
7953 23689
16566 19340
4565 26323
4216 26783
20942 23422
8348 22254
4166 7947
24011 26436
22285 22910
3987 16545
13910 17408
2447 14546
12023 20008
4514 20160
5786 9502
8809 26473
19523 22124
1228 13181
6295 10462
9918 20361
335 20679
5609 12790
287 14555
17318 27258
21635 21656
10595 26855
18370 22230
1699 27570
303 19712
5075 10747
9351 13334
512 20235
3639 10876
17014 17651
17779 20319
11157 21680
8292 23422
17586 20009
2003 9817
22045 25017
867 19203
19257 22493
3010 3624
420 2458
7053 26476
8349 20608
11692 13193
1622 17858
8693 16374
9755 23882
16226 25803
14481 15906
9425 10569
5716 7695
11822 24506
17040 26426
20245 26598
15225 27844
11436 22771
12631 18718
14809 21823
6449 17356
12010 21864
5145 14853
12627 25163
12353 27221
3253 15212
8879 27644
1853 9874
18704 25602
7793 14050
13534 23688
12485 25758
4421 16514
5540 9997
5978 24040
2410 19398
2259 6940
7106 12740
1460 27044
12083 25718
19025 25454
1438 1477
9528 17438
7665 10618
22970 25881
12296 25368
11009 11140
10462 15038
19531 21424
8003 12214
12696 14794
867 5728
6771 17979
10839 26497
1138 24512
3169 12886
14916 21773
2516 22255
14763 18250
11804 19140
4340 27374
2120 8275
5156 23557
1329 26447
2816 9716
2623 24062
24098 27841
2247 18799
181 723
3002 17160
22393 23552
371 25163
15446 19525
2100 22448
12271 19522
5315 19361
9465 27092
10929 18173
4247 23021
4321 26662
2518 17965
23382 27270
23736 24061
5874 28278
10630 16439
11368 20162
16555 18972
9784 21891
15626 18424
11449 12160
15248 22841
7963 11329
21011 26508
2526 24444
18491 27190
9992 23162
3472 16660
5691 27068
12424 16431
2715 8834
2906 27920
19127 23618
14765 16131
22883 23062
3140 5705
3734 24131
4534 8958
1732 7207
11080 14080
3942 8620
19853 22804
13168 17128
12805 22230
5956 10517
11965 15645
396 13303
1833 19247
8075 26140
2177 18104
17145 27042
3856 20586
3956 19722
22255 24830
11668 26038
13178 18457
1213 2379
8732 24846
14033 22716
961 25341
14661 14807
5551 16224
6177 19409
8669 18351
4116 15756
2322 5400
2246 13773
3449 16109
10082 21861
5463 26204
4742 5551
8209 11076
3921 18319
8038 14534
3825 17251
4758 9492
9403 23736
7635 9406
6178 9418
2944 4749
4340 7484
9597 10027
9438 13346
22338 28272
6616 7587
2710 10257
5502 12010
406 9605
18304 24095
14724 19122
5692 20042
7773 15425
11289 24674
2596 20789
25525 25689
2460 19347
11439 24980
19428 23155
14840 25140
7804 26727
10432 12511
8732 22446
1487 13036
9911 18630
2283 14486
16490 23455
8212 27168
6390 23829
1343 24104
19008 22556
11541 12812
2635 18764
1683 12596
9072 12062
15372 17305
16478 25575
1713 21111
8872 16685
19584 23983
2908 22699
13181 16259
24886 26312
13 25684
1777 6759
14003 26115
9584 16850
2986 16607
4352 18178
4081 5618
19982 20719
2130 2520
9315 23342
1940 23864
2268 2297
1635 13745
19326 25602
129 8947
9631 25908
6950 18119
626 11650
17165 25182
7813 25697
3383 27867
3269 16957
17795 19480
2169 8512
12759 15233
3882 17260
13276 21991
5812 12211
15722 26343
16202 22744
23341 25467
1672 13227
18424 26866
12036 15529
13533 26041
21831 25020
14411 21919
20018 28008
3127 19956
3651 27410
21742 23342
4611 14702
10982 13366
3354 14217
21550 23186
1772 15064
245 6626
7836 25855
16322 16369
2191 4256
8019 25046
3119 12847
18479 25228
7852 26721
24996 26098
3197 9569
18937 24485
23803 24379
3362 18216
19467 27559
14730 22784
11059 15698
10449 20477
3935 24656
11975 23365
15224 18521
5438 14027
7823 21407
8137 11014
6221 19566
10457 12869
22964 23549
2718 5298
22925 23176
19122 19668
12936 25757
7627 23809
334 11262
1776 16439
7246 23502
15076 21228
369 22040
11610 16149
24752 26659
3488 24928
4190 19723
5055 24610
414 14101
24971 26497
16457 19147
4921 23935
16975 23653
16293 20234
17422 21881
5989 23454
9852 20702
13060 23676
9677 20045
6891 9847
9260 24897
8948 14344
5999 8767
7086 27642
8150 28008
1606 7407
9488 25482
6517 6898
15128 17115
3753 8318
9777 25855
683 10612
10195 18082
3098 28147
2374 22271
12495 17902
15188 16887
726 24398
8188 17635
10825 24122
3618 26256
6457 16883
12393 26897
10462 25141
10381 14474
11962 26952
2485 9179
11627 22025
24904 27879
4086 4166
21268 23390
14604 21914
4174 16725
20467 25992
4336 11178
5799 16955
4240 26079
13564 14710
11033 26254
10080 19639
9651 19428
19491 24122
5802 11880
10552 12385
11752 14969
10854 11005
3647 14140
13492 22130
3609 7471
13943 27587
10209 14820
17172 21958
652 28186
8398 20273
7833 23857
1184 1550
1744 22900
7486 18461
1782 22168
2053 22022
21715 23159
20705 24207
10957 26151
2714 11030
15835 27788
4881 24577
16784 24836
180 8931
17497 21007
23520 23820
10968 18631
14738 17443
3846 9960
8352 19247
12264 22471
23948 24829
7166 16672
8593 17662
3128 9813
3946 8555
12128 15402
24616 27830
27448 28044
1036 2027
13468 21359
4092 18225
3831 26044
1208 7086
10340 12729
6221 21079
10218 28049
12438 18718
2456 16372
16922 18615
9893 26939
4489 8039
1475 19714
4725 14598
7323 10114
8939 24127
9569 24395
728 12183
17489 27221
16720 20916
7170 10357
11771 21493
3593 4180
9535 19424
4543 9524
17851 27331
6931 13282
16867 25321
12437 24591
18369 25792
5252 16174
12935 16894
25067 27942
5906 6968
5691 14400
1199 10200
10660 28029
7443 17986
3521 13484
4029 13249
1082 3794
2414 5145
234 8912
10082 13036
6012 18556
7101 14123
19135 19425
22012 22956
1034 23937
7413 15543
3051 12116
22446 22829
8835 19269
22040 27033
8251 21880
2967 25276
2647 2657
11940 14136
8011 12548
4162 26061
20227 25404
21352 23567
947 27229
1657 27508
2150 9356
19287 19337
7392 7621
14572 17952
19658 24948
6232 17479
15201 26413
9032 25840
14062 26899
3486 8087
9970 14997
5917 20367
18669 22863
18136 24211
9663 23576
17256 23105
1624 27834
15176 16201
2269 3803
7144 27883
2555 3550
11113 13744
6351 7354
3357 9631
13743 22046
16794 28257
6557 10187
7783 16435
4557 9850
8060 18347
2929 2962
14970 16464
15708 27329
17430 23328
406 10480
421 693
65 20480
20714 27221
2001 10330
23469 24545
11246 12253
7935 7997
20941 24611
24433 25052
8151 26031
23521 27538
4732 8872
4159 27374
8624 25200
3620 25268
16596 24486
14280 24438
18557 27545
6738 11629
16245 20998
4361 23143
4302 10244
4236 8184
13976 19097
9047 10551
295 13820
15331 24364
10282 12900
20789 26084
5308 15440
595 10053
11536 16152
8240 8807
22092 23062
2205 17734
21537 21791
11307 17169
1916 16657
5609 6489
7339 9493
14146 25263
8918 12847
4758 22643
8550 21194
21798 23905
8151 8720
6633 14010
18947 23269
7820 9553
10614 21116
3333 22564
15013 25552
17756 20846
15146 25435
8155 24131
15450 19373
23910 24703
4271 27660
19731 26177
21811 27080
10217 23295
3357 19185
9250 25493
229 23395
319 15822
5390 15478
1850 10263
1412 2708
23857 25732
10531 27405
15505 26476
1545 21483
18906 28115
958 16301
8333 12555
6839 7568
2750 13681
742 18972
180 14794
862 24659
22771 22863
1557 2879
6668 6877
10041 25459
2339 23193
24193 26027
19784 21188
10442 20434
619 21033
3810 16094
11191 14304
4180 10075
8412 24042
3420 5098
22479 25344
1609 25448
4891 11156
2172 28232
15978 19424
10030 18950
5095 11814
21461 27052
2324 5920
10244 16232
1926 26841
7987 20911
9310 9541
2925 19947
18607 28254
7837 9690
3620 27856
15701 19948
3035 24589
10191 15368
9627 25065
8073 25010
5042 8086
6759 21908
14867 24668
8856 23679
1174 18521
425 7534
24721 27433
2435 24910
1438 2767
19537 25530
1213 13453
10279 22885
4076 11205
1117 3202
2542 27016
478 18627
711 13476
728 6255
10361 16152
3385 15561
1613 11134
21284 21671
8990 24971
11356 16026
15712 20021
25095 25956
19042 21384
4895 20745
13352 16961
2547 10559
292 3928
10464 14033
1246 19177
3900 24065
2082 13154
13853 27562
20503 27398
1468 16286
7529 21266
9283 25833
12076 12570
15916 28162
12957 21029
5678 11096
2793 14334
2321 22399
7986 8863
2342 10824
14274 23529
8679 10170
23457 24904
11436 18912
416 24395
7746 17198
14513 26025
9553 25153
24672 25062
5104 16861
16529 17838
14942 26706
12874 14767
3810 7900
9082 26085
4711 17130
4070 24068
2039 2967
9380 18634
21700 27769
1445 25129
10650 14180
20196 24068
3234 4627
20553 20721
11729 28115
27010 27648
5570 17782
4280 7470
11356 24861
898 3987
6738 17770
178 352
438 10778
7444 22230
7734 27605
9699 11618
11866 13059
24754 24831
1371 9190
15708 21380
7375 26010
10701 15397
11140 18117
14941 23619
271 5874
9683 23469
10491 19328
27263 27805
1505 21468
4627 21650
7524 25265
20475 22092
18758 27095
4193 4607
12696 25740
1103 13970
24453 27222
15668 23237
4282 20123
17348 25422
15412 16374
5505 9774
11739 23267
11940 26212
369 1435
2807 15278
10639 13222
20693 23455
6219 14971
2154 25185
1925 27962
14104 17186
1713 25865
688 5467
8434 21703
5857 17364
8040 18554
4971 10894
21798 24290
3037 5794
22724 23388
4424 21279
10139 21884
5197 11868
1681 23303
428 6643
11559 20417
1086 12853
5587 9769
14228 17803
5295 17733
12834 23104
3769 8679
7753 24717
10197 22866
2888 16293
1613 25294
11504 21402
4216 6029
115 19372
5906 8592
20069 23663
8096 23932
15499 21436
15085 22130
16256 21073
17787 22581
3147 4724
10369 25769
10189 19254
25828 26557
18714 23623
14012 22607
1806 26152
16901 24690
2759 17552
10935 26764
2503 18342
10200 27706
8974 24442
495 27821
1142 2627
11727 15670
15712 24317
18046 23372
13380 15694
24299 26348
4043 5543
5540 20355
1266 16812
19200 24419
11630 24869
327 20578
6832 19871
17429 18952
15565 19132
711 21616
8864 17803
7205 9086
6111 14555
11366 26469
22790 23347
22095 24669
4081 11049
20056 24708
3143 9054
19835 22876
16588 19059
1140 8263
889 4440
711 18891
1482 7638
1322 21512
7482 21919
731 9925
19242 20233
3716 16766
1314 26929
15030 20286
3349 12991
1768 9962
6177 12617
2373 20700
15561 26754
7830 19154
1103 26261
8322 8445
16617 19725
15572 20437
6370 24303
7741 14433
16274 18265
854 4436
20724 24442
6624 7273
13054 16929
3318 9472
15184 26038
7758 11652
20286 22078
103 16228
313 9699
15660 23072
18947 27259
9055 25468
15676 19817
17963 19348
288 24974
18167 18249
3506 5751
15749 27944
7627 26614
10598 23788
8972 10264
12804 25404
18672 27920
1321 14088
24324 24470
22147 25693
5033 9942
16108 18381
9089 17140
20625 23916
755 8188
18116 26256
9286 15647
5621 21606
1461 20848
7869 9584
7623 14127
6915 8550
2191 20554
13559 14910
2891 12954
836 21939
17373 24171
17422 24659
7484 9583
16414 27945
10493 22156
8076 20758
3421 12043
5409 18905
18679 27569
23937 27969
20611 24076
4858 10952
16999 21919
5749 15178
21642 26128
3710 7529
327 4671
19481 25321
3441 27335
24040 24591
8982 27869
15508 27085
23143 23696
426 1852
17170 17785
7272 18267
11580 23771
20387 22216
11288 26688
20818 22066
13227 24820
6400 26012
8140 17162
9196 18811
3912 12976
12369 14110
609 25013
5665 21278
7820 23298
14456 25274
19150 20929
7916 13257
4177 23400
1773 15766
6270 12913
6440 9078
10953 28275
22987 24023
3366 12194
1176 19846
11510 18631
56 14287
5626 19909
10495 17400
17091 23932
9349 26421
1500 11045
4551 15286
8057 20387
21083 21201
3819 20586
3641 8015
9233 15313
1468 4330
5112 16337
9905 24608
1780 4142
867 27042
21777 27459
788 4967
13769 23549
17754 25329
15383 24412
3566 28158
16487 23070
15715 23034
10821 13491
14513 23069
3348 16068
68 12060
12878 12945
5030 5500
19123 22481
5979 11486
1559 1878
7084 15520
7401 15493
4695 12621
11171 24474
17473 23593
2336 3052
22295 25106
1993 10712
13851 24486
1745 22784
14055 21891
3932 10434
11949 24836
22100 25138
9702 12562
7145 19267
12677 26079
6994 21559
12402 21962
523 581
8291 21172
19243 24883
13360 25658
2744 20639
16170 18246
8373 12471
24612 26978
8022 12674
16656 28120
10670 18281
9685 11552
11633 21109
7025 17416
19688 20133
5756 27945
2215 13841
128 9992
9067 10425
21917 26348
8536 14389
17543 18874
9837 26605
8412 19192
8823 25867
406 28035
21333 21801
4717 21091
7261 19003
1860 17281
763 20875
22983 26835
4626 25908
9988 24990
21717 23063
16205 23148
5637 20500
8899 13766
270 4268
4979 18192
11407 18782
11289 20324
2410 13600
9526 25040
5249 8433
12980 15934
10644 13875
15325 20046
6059 17865
2325 19819
3921 22724
15784 25414
16065 23324
1878 6832
6832 23686
11370 18042
13859 27526
17331 18641
5365 11795
3253 13276
3244 4162
18704 20230
7333 15036
14481 20308
4149 18420
12013 15063
936 1981
9553 17963
6609 23978
9159 20956
4044 27349
4162 26948
15056 23085
1682 6797
10449 18584
1910 13422
14711 21497
14771 18940
4600 21438
10971 23553
17902 19816
3741 22846
18574 27809
8785 23608
14820 26361
7111 20849
2373 21560
1860 9358
25690 25889
22311 25743
8398 10830
10181 12442
16914 19454
16362 18361
22210 23269
1713 11952
9782 27085
14782 27467
3994 16253
22291 23152
465 21761
1440 15508
3445 27863
6977 12713
14136 27696
4223 13323
2925 21323
20138 26978
1444 2586
17931 23490
5111 20157
9013 24827
11428 24830
1056 8251
4537 13802
17303 17636
17509 22273
11241 18707
10871 20962
14964 27790
10061 21456
10161 18787
7915 13313
90 12787
9586 14697
17209 28201
1405 4391
9248 17562
14763 26469
21438 27441
8825 11113
17787 23679
10559 11746
14971 19004
7810 26635
8103 18330
2527 25446
17600 26005
5089 15317
2227 19099
3617 27194
10639 22180
6818 21079
9252 27364
444 17659
2092 23521
10393 13328
17649 25494
13003 20813
11287 27102
5655 18000
1748 6490
2259 8536
7984 19354
24216 27004
5416 20856
8753 25543
4282 9264
714 19674
5719 9367
11692 17407
2589 3890
11352 14115
17251 24049
1023 7497
5162 22340
8925 14775
425 11558
4056 8471
16781 26510
8829 24136
705 7412
2189 11916
15410 18999
5412 22789
1972 8342
22032 27365
8852 9903
16625 21710
18336 25301
19430 21871
15531 25857
3643 18732
18386 21053
4216 23160
9074 20170
2831 15263
3050 16027
19973 23399
2179 24407
9252 21707
10641 18334
9884 14433
1630 16876
13789 24771
12512 20503
8685 12452
15442 16526
2668 21985
3510 13579
7378 16092
18054 21943
11273 20302
2307 22160
12994 18708
2954 26476
9591 16322
13833 20056
7166 10303
7390 27271
1833 8923
3729 8751
14971 25306
3885 15401
8719 21410
6105 20432
12773 23577
17760 23243
6655 9907
14579 14736
6760 19704
25638 27794
22031 24886
4854 18145
22581 26691
5583 23803
13328 23047
2325 21115
5197 9358
21725 25903
9252 17762
9466 21555
5660 9091
1349 3821
1687 12947
7635 27594
3795 21340
14229 18529
17070 21053
2786 8400
8424 17603
22026 25156
10023 21986
19389 22606
9968 17214
14133 27278
14010 17220
6201 12750
23550 25277
5864 6661
14814 20113
9067 18251
6801 7768
2212 5725
7591 24053
2480 9038
10189 10450
2518 5617
6156 23521
9207 14768
5117 20060
9448 22675
1153 25221
9588 14947
4172 26578
5190 17298
15454 19614
9572 25550
16264 18994
473 2769
21191 22156
6426 22716
15883 19123
5181 17320
8010 11902
10282 12090
21984 22304
5205 15104
5983 15493
17562 25879
15273 22641
17457 27274
11692 20228
1940 2665
3793 17637
1208 10825
4675 27769
9196 15632
18027 21821
2009 23222
21036 27883
8596 18753
14375 18862
5079 27597
7290 14989
16245 27042
18353 24648
24516 27912
1066 2526
13108 25260
15559 22212
8931 20692
4454 5751
9511 22650
18860 25384
6806 19503
15792 24363
495 3665
1190 11439
791 7929
17304 18689
1240 9115
21566 22892
15540 24218
19033 20171
17763 22948
13866 19690
1405 5126
1990 12512
7838 14909
17406 24131
4906 22479
4745 13516
12596 27209
22504 23860
1 190
25630 26207
1925 6202
22028 23277
10016 10402
3541 9587
25444 27189
14021 14280
930 22052
23162 26670
10511 22878
1050 2857
2000 7283
1822 12952
8269 10419
7041 7532
16388 21881
4828 8934
22046 24422
126 18603
23597 24072
6604 26735
10680 19217
2255 24148
14689 25998
3741 4864
11836 25816
6243 16246
332 14469
7447 25270
9598 27921
10672 17507
4551 26799
7414 27678
7297 10888
4478 22581
6062 25815
9559 16152
8471 18299
2236 26215
7979 27795
8515 17691
17499 24412
18138 20742
4164 16271
15372 24739
9334 18351
2484 5309
3759 16138
3856 18066
596 22814
7112 15853
4711 8025
4992 24576
17166 18921
23866 25115
10442 16478
2469 24937
6182 13835
8958 19205
4675 8956
5944 24254
10710 25687
23932 27152
715 23143
5716 25657
1240 14332
21165 21889
4006 21798
7381 13195
14995 27197
22416 28090
8560 23738
1761 11273
7073 22012
7610 9882
13230 23807
5832 27351
3780 6221
439 23123
8370 19195
5327 12598
9008 10245
8732 12492
5731 17304
4281 12040
16974 25658
3002 20922
11628 21909
3702 13777
5797 27469
8982 26101
321 15441
3068 4782
15540 15964
8212 23433
18308 23707
814 19197
771 3072
21413 25540
353 18378
16814 21566
2927 21589
5485 23798
3272 11677
8341 26830
1361 18370
6972 13721
16427 17286
1669 14631
3735 6478
1986 27819
4221 18265
17472 22954
18046 19056
3146 25700
7162 22004
21213 27101
1767 4893
1604 4149
12214 23015
11916 16369
7320 27795
2758 14267
5206 8003
18557 19333
9907 11409
21307 23316
1767 28190
3172 27125
1067 28178
3826 25842
2173 19877
15346 23597
17929 25368
10160 28094
1137 18907
1127 13911
6789 9573
5466 13422
187 10208
5350 27587
9466 23510
12108 12151
4101 4689
10216 19061
9378 18618
12076 26087
12403 24746
867 21245
11793 23936
17963 21407
86 26908
6426 10925
16288 23760
1101 2905
15358 24705
2845 26862
711 18315
2711 26584
26993 28070
9902 27087
152 25059
11865 16216
7183 18374
7325 27273
6333 16249
3140 8893
12066 25297
6182 16172
2943 19266
11893 16274
7311 14568
5636 25309
16188 24838
20647 22230
10061 20267
134 9377
344 27545
533 27279
3593 14064
16328 16448
14557 21759
11184 18261
18216 23857
5773 21262
6624 20786
6493 14997
325 9512
7410 11809
2535 16283
2619 25956
6876 12514
7149 22738
3478 4173
15482 23795
14464 15365
18475 27221
15967 22272
11990 21332
15535 22565
2259 3154
21252 27414
13279 19965
13300 16600
8245 15011
4951 27900
3129 27416
19180 26498
17492 19093
3861 14707
6868 18667
341 13212
1878 22768
4256 13989
3750 26591
12709 14696
19704 26752
20624 24280
23016 24252
16560 20817
2432 19960
22036 26635
17489 24900
12246 19990
3651 19862
1762 18414
588 27621
3333 19139
5603 23504
15211 17905
1412 25397
3789 14288
5463 13442
7534 11809
21788 23904
12474 14092
3488 5196
2329 3463
546 17889
161 9874
6342 13261
23284 23730
8504 20409
8864 18334
18341 22631
18494 22164
7326 15531
22845 26518
2728 5430
15033 18610
13686 23747
15911 15919
9396 26007
4626 25636
5345 14098
4361 14098
6745 16795
21891 25500
7981 16671
11164 23809
11891 18735
1538 13058
1231 10392
4365 26819
16076 24811
760 17075
1399 15064
5680 15492
25991 28156
6550 14604
7038 19203
3860 22456
620 22954
18567 25800
19385 22549
2706 11655
90 25559
1719 3915
11484 19572
10990 17156
4471 19528
3059 18015
414 8776
15282 15947
9924 14033
13705 27046
22975 23186
6263 13029
8846 22028
3942 9709
10260 15467
17730 23422
11287 11746
2847 12598
3165 8715
309 23997
1590 2333
4476 14767
2087 23008
5659 24147
2348 25748
23899 27646
9764 25382
11261 23178
13428 21402
3244 26363
2056 15064
7345 11773
1589 15511
24637 25090
9487 11286
4275 16688
1181 19269
2696 20443
23111 24205
1365 21849
16203 22507
14997 27571
2617 18797
22268 26017
11456 24709
10065 24085
7354 8930
20355 21537
22425 27746
6322 11405
3885 15257
2981 15935
1381 20695
19767 24157
10937 17375
5620 20119
4021 20988
6841 12288
5066 20749
23373 25449
12427 19289
11009 23340
19641 23619
12154 17340
16578 25868
1343 20367
3978 14216
10845 13649
5485 21875
2206 18547
6868 21891
18553 25564
1613 10330
5949 17637
3084 21205
26427 26480
17823 18823
150 5468
15666 24451
7365 16026
16679 18736
3804 5594
8990 21219
6879 25059
4603 20775
5206 11401
15543 28044
14771 17022
12915 17865
11201 20861
5852 9878
8361 27501
9323 24823
19882 23016
26069 27956
1482 5659
16986 18721
14993 16488
840 23246
7243 17120
12722 17277
3947 22273
4354 16662
5453 26125
10496 20503
5800 11795
7830 13767
8556 19162
8482 12640
8959 11691
15666 18791
6517 10096
6342 8939
9364 25838
25758 25981
582 6573
21222 23143
11552 16197
10282 13343
280 23254
4109 12924
17077 28272
1279 16525
10929 24344
11322 16080
7457 16145
14731 28054
3727 27200
102 14053
3733 17067
7933 22875
9358 24589
1613 3734
19445 27870
17166 20146
11869 15899
1178 13314
16905 27224
1292 21028
12075 24904
10863 25197
8361 12861
16276 21950
21506 22446
4074 16461
8706 18658
10849 11078
15150 25232
2850 3934
2132 19704
19584 22700
4237 20376
7631 26767
4645 24589
21423 21987
352 2881
12097 16138
717 6340
18883 25666
1534 8924
714 746
1628 13998
2150 2849
16961 24408
4669 16328
16640 24379
46 18949
10560 14657
16697 21534
9977 13875
21000 23476
16527 16702
1748 22958
17028 18061
12199 14599
26774 27706
1617 4072
1920 14807
3989 19035
1310 9278
9631 24005
12612 26641
7323 11804
10727 22947
7741 18668
4422 24322
4896 27433
11267 17777
3734 17920
813 21366
17034 19886
875 27522
10079 20233
5379 23866
11545 14710
4090 17304
18087 25100
12459 17331
11542 21191
22311 26107
20906 26787
9001 13810
1762 26682
23316 26119
3790 8924
22515 22575
22327 23911
5121 18638
2520 22764
5719 17213
763 26381
1226 16942
4600 7012
14758 21303
20667 22734
9144 18561
7472 7502
1175 10326
18755 25762
2293 16004
6219 8897
6296 22216
3661 20226
8858 11621
14815 20200
12729 26677
14433 26867
9786 21960
2972 4068
10935 24637
10618 17252
91 24164
7997 17966
7879 19762
1107 3086
3435 17429
3396 19127
4079 10892
3689 20938
11080 24422
14234 26969
1 18843
21582 28176
9251 10935
23734 28116
770 17141
86 19988
2189 25564
2111 13040
18016 19541
17479 21512
1804 19448
5639 22143
21653 27586
3439 19647
2505 11060
14643 20393
8087 26388
7468 22679
580 18879
4581 22040
1936 25959
867 13065
3625 23793
2160 23806
11288 22966
10650 16276
19891 21268
2124 7964
19109 23687
6057 16150
4453 17973
10662 13649
18507 22425
894 6166
3962 26443
2986 12956
16877 17764
20397 22331
505 20258
19477 22190
3528 3845
664 16700
1343 14809
7939 14555
4825 8720
8650 22598
2955 11746
7923 23307
13820 22916
1645 22203
1236 15874
14451 24020
10547 23537
6177 20630
4618 9390
1336 12563
6848 15829
24296 27324
7070 18057
10061 18775
2460 4209
18755 28064
25453 25470
11407 22743
7000 21733
10296 22278
4386 17977
6177 11758
14840 25062
1545 5458
3410 26409
6546 23358
4942 18671
3734 13968
1503 10646
2664 21094
8730 26142
14719 19781
341 19618
635 24830
9438 26250
4719 26197
2475 17598
2293 16865
848 2636
2935 22795
7881 12549
14548 22721
7997 13714
13155 24005
2067 23600
12834 14987
20421 21577
3810 5989
3484 20541
13372 24337
9762 23686
5375 17445
7141 15426
16038 24955
13271 14602
14984 15024
9873 21462
10023 18698
4967 23721
19893 20384
21098 21848
495 18533
129 9871
7878 10128
787 14033
11047 21213
22141 23436
12196 17465
2539 6517
1066 26593
710 6848
13076 21792
2252 6994
20491 27500
9078 23738
2454 11725
4237 25182
7108 28014
6490 21413
4196 16213
14932 24053
4029 13008
17353 22421
3900 27841
3099 4821
6973 8714
1147 14789
17739 18797
8491 17321
9669 16356
1338 21484
2027 11243
4178 14280
3380 4637
1579 6832
683 5984
4807 9479
20698 23210
2986 11444
2744 27875
4353 21330
11527 25902
4329 8801
6533 24104
9239 19289
12169 25116
8831 26606
6243 24069
17214 20205
396 27746
22338 26913
6881 26397
8314 23935
24548 27520
3374 24659
20677 23974
1253 7590
4535 11030
1571 27143
4004 9472
6545 18985
11545 19188
11164 28017
1609 17015
21043 22509
9737 13635
7147 26489
1270 20204
2637 22560
16025 21546
1371 9093
8090 24715
12778 13702
2756 14434
4090 22767
11535 21123
7512 26687
20754 21446
396 5888
9795 14380
3157 9198
1605 16385
21138 24892
6506 21944
1181 8192
1975 14588
5102 10531
10444 27312
3598 25626
13027 16559
3575 21577
2422 19136
4481 9362
4414 18793
731 2130
9090 10232
16206 23550
4181 8611
1468 11826
47 12423
16092 16631
11659 24737
9578 27359
119 16152
8632 16878
11743 26153
14741 16903
13926 24242
13878 15548
13484 21032
5701 5705
8167 15429
12052 14916
5026 10590
3379 17338
1107 13714
9367 27152
19735 25409
1435 5587
17388 22701
14969 26851
7230 26049
7166 22046
2351 17314
13564 16963
7411 18113
15977 17304
6432 28082
12829 16656
1065 9813
1151 17404
10230 23255
3399 21863
5155 14789
22968 27702
23328 27107
7741 24177
15119 23207
9724 10956
6341 8150
1475 9378
9714 17911
21692 22284
7853 24740
14208 27210
11444 12956
14858 17162
426 23365
5522 13892
4807 4890
21790 21993
18635 25497
6488 25412
17608 27404
4644 28021
15196 25764
21079 23310
6426 16786
16598 18528
825 20196
11657 28054
13366 17992
9005 16855
5 22487
5475 26478
5283 14579
14464 28175
13679 27329
10618 18201
16090 19856
7831 26097
1770 5505
4388 25422
2210 26061
1609 18369
24301 27201
4626 11535
11348 14708
17331 24349
12137 14862
8515 24504
1719 12252
3234 25414
6869 23615
17472 22056
7859 13350
3080 22426
5843 27132
7900 20041
10800 14598
11444 22734
1039 9214
6595 10393
19186 24613
17340 25667
20320 25625
10576 17108
5728 15592
14033 27418
3296 10174
25095 28017
1147 15548
8266 16755
574 8672
1435 27633
10222 12726
764 24042
2712 17249
21026 26372
12711 21409
12689 27651
7419 27423
18749 27649
14282 27954
17098 20728
21059 25167
6070 18667
4766 19516
3197 7442
3472 14809
1840 4218
19163 26295
13015 22446
2627 15377
13969 22365
19133 23653
8807 11096
16743 26135
1827 6948
3101 5914
9256 17832
5950 22901
6917 7987
9444 22329
1392 11100
3163 13036
9814 10953
1895 16836
5371 7297
11975 26374
396 27737
9794 26487
1900 3562
1676 14193
9051 18590
3734 17713
13772 20943
6481 26963
10646 27006
4237 17938
18083 26638
8999 20594
20480 27458
25911 27024
918 27174
9285 18867
961 27140
2210 16964
510 17094
3738 22031
4695 17614
5331 7948
19717 24157
11417 21422
1894 15380
1113 7641
14358 25904
4076 14604
18999 26341
461 13376
9006 11350
11624 16781
16963 25107
2028 10992
2894 17487
10552 19947
8852 26513
5252 12045
9851 24371
3401 16016
13331 20267
967 10484
5768 12105
88 21245
8861 22126
1489 4433
15344 24638
12839 16939
19953 25341
6928 16547
261 9055
11882 22772
11891 12792
8338 9542
1212 7318
7083 17728
12818 22799
1091 11128
14193 26546
31 27496
12754 24122
20794 23941
5150 11880
3511 5349
15335 17178
21954 22328
22149 22283
19853 20222
2976 17430
17487 17917
7905 10540
25229 27719
9067 14390
13686 17284
2775 13458
5263 17193
1651 20197
9379 25164
4784 21919
16154 24553
14436 20828
14611 15529
17530 24127
4147 23390
9535 26133
8447 26766
4216 22686
5587 6848
10937 26896
6832 18777
5932 19139
22127 25468
17475 27485
8942 15196
2881 13639
13150 13828
811 22810
1290 15245
7205 19140
18524 21800
11470 28014
2015 21988
925 14344
2093 19156
16725 28020
2555 16180
1197 9922
11880 17657
9442 14840
5160 12291
19678 23775
8480 24306
24092 25996
4693 25467
6914 13165
4174 9442
20597 26674
6153 23007
4265 24741
17501 20875
8067 15177
1142 25810
22179 23373
4721 5102
9638 26400
12711 24177
7478 14971
3683 26050
5727 20563
1979 7437
2022 18874
11712 16302
1870 26584
6239 7820
1776 3051
12105 25414
7176 15069
1768 20141
8324 23662
2339 22246
3741 26865
1281 27011
15854 25046
20985 25653
10812 13876
9543 16180
898 26753
4061 18920
16855 24374
12257 17865
656 4234
4012 8575
140 20947
12214 21446
20125 20189
6744 16395
16979 21738
4823 5134
10327 25557
8187 17703
3102 21749
6239 23187
4307 10638
9272 9662
7205 22925
9730 18420
11964 15182
26197 27596
13175 25876
11229 15130
5862 6278
18458 21305
24823 26710
12565 21920
4825 11240
18043 26858
2088 8337
2696 13858
1447 17357
9959 21304
7695 20687
14696 25653
7707 16763
12155 12881
10407 16058
25445 26884
17880 24127
12869 24637
10978 11569
13905 17562
6248 22780
7271 24904
20218 23600
20311 22299
7239 14994
5389 9915
13305 20817
9746 27462
12479 21003
2616 9152
6066 18119
8974 19948
6691 20967
2648 23467
20831 25008
4749 26977
17556 24171
670 1864
22858 23320
15442 17299
11483 27562
11414 18662
3063 7954
4191 4421
4245 21003
10935 26878
3111 10630
13047 22363
4701 23437
2764 25052
20877 22500
2993 19712
2874 14038
7691 9182
10487 11963
10944 13350
15011 15840
11463 26113
8050 24290
9405 15536
21521 25576
2624 25959
867 21458
323 14555
7595 17220
3885 14129
10826 25174
5613 9626
393 21462
1858 21719
16899 17737
20477 23628
5332 6099
17303 22763
10158 11059
1878 25468
6190 10244
10935 20387
1358 10830
6326 24459
4552 20640
7192 17432
13700 21438
769 12011
18466 25267
8797 21057
4780 6862
6432 6920
14319 22515
5580 9154
7105 27298
17341 26429
18641 24146
2888 19186
21810 24679
7120 14298
18324 19281
18920 22787
1465 27497
20885 26567
4791 6765
4386 24062
6489 7273
14617 19339
1181 3737
9884 23934
2764 8085
21532 22424
3575 4134
19576 25081
8100 20456
25588 26601
13706 15064
2067 4468
2132 13779
8155 11480
13540 20028
9487 13046
7987 20306
17559 27867
10563 12051
20417 28082
5314 27702
12189 14819
3712 25366
4844 17984
8246 21149
6458 18273
245 7487
13117 13994
6255 12564
2885 5528
27164 27886
19296 21919
523 9738
17963 20570
19068 27030
6454 21725
10941 20533
14976 24069
18369 21980
13784 24240
458 8715
10063 22874
15271 25083
14783 18425
17398 23763
18195 18639
7974 22639
580 12687
17082 21794
15565 19340
2677 11295
22729 24057
1349 17465
5430 23974
11916 14244
3359 14464
2039 19675
19764 23143
9214 13845
7382 16543
17923 26886
7835 12612
3532 27976
2807 13180
10943 16274
2834 16357
8812 21231
14474 21577
8459 22966
8640 21126
1229 19018
12211 27898
7529 24611
2163 6832
7734 12212
10950 25043
10971 15916
8963 18430
1590 27298
24083 26106
19021 20363
8290 12642
4636 16429
12423 18846
15639 19076
8021 18758
3427 12749
6013 14276
16582 20554
11952 20066
15640 24359
16986 25901
8573 19690
9214 27874
10146 15428
4581 4646
18078 23651
1767 24756
4096 10593
17489 22425
3230 17782
1052 8588
4271 9662
2386 14939
1669 21118
16629 21149
1563 14136
14508 19493
2396 7075
18910 20982
1056 2764
220 19480
4399 7247
3122 22894
8128 26444
5625 12374
7461 18419
10924 20332
3126 4843
7445 24842
9834 23608
630 12223
4878 10800
2646 23574
1308 11562
3708 8511
21454 27247
2024 18015
1590 9409
5344 19731
39 17527
25348 28201
13530 23914
1666 10503
9300 14489
13565 21823
15366 21079
2578 22460
22355 22557
9308 25226
7669 23750
218 25902
20515 23192
581 21849
3890 5659
10419 22487
13729 27842
8218 19056
4515 7392
13484 25265
2915 10767
2932 8722
1090 15019
4209 4885
23467 28243
8372 14163
7071 13356
2556 10756
10942 11884
1978 22012
9404 25966
1884 7975
1522 14610
129 21424
592 25589
5907 20632
11878 26327
7089 13448
5325 17963
2005 21577
10532 13564
1004 4326
25754 26896
11080 23298
896 27514
727 20614
5285 17024
10652 20205
15225 18095
15323 22819
5082 26343
7877 9881
8469 22502
4160 22616
14050 15220
22702 27662
10318 25283
19841 23143
509 7375
846 6636
6403 15617
1613 22104
2655 12541
9616 23619
13085 21275
6608 9339
918 13173
21761 25273
808 22441
9358 18511
18678 27527
19895 23524
14666 21142
20553 27500
4959 24201
1979 15245
4671 24551
1 951
24032 24404
13844 23140
17382 17795
3059 5354
17787 23419
24125 26759
12250 12426
8833 13585
12082 14700
2786 26560
6972 21986
3214 21664
4386 16640
5540 7410
17319 27285
3287 14771
7627 25397
866 1055
4385 26820
21631 28127
2124 24121
9114 19172
17550 20000
8999 9646
14066 23754
11416 27964
2247 15621
3019 25957
18608 23202
17471 20046
21766 23372
4185 4432
1199 20400
2414 18120
19442 21733
907 14291
14660 23034
1 2211
11531 24575
5434 24112
22857 25748
17974 27630
5458 23282
4237 8802
3197 19537
4806 15021
3545 6446
109 4420
10822 13121
7929 23225
20370 22599
13820 24586
7360 13564
19896 23867
2995 4005
6705 17909
7343 12180
5946 8429
518 2929
11692 21804
4151 13275
16867 18560
1761 8962
11494 26811
652 9211
2133 21881
10845 19861
16193 25185
7783 11461
15894 27842
135 14689
3763 18600
8454 9866
2591 27599
9536 26200
24933 26738
921 21594
698 20045
13603 18164
14989 23099
6188 21687
1658 8507
8161 21893
8454 25057
18 18874
3786 22636
4373 8849
21315 26350
1117 21010
10662 13648
10680 24904
11817 24844
1713 18962
5894 13969
18678 24753
3667 10967
20129 22773
23274 24094
3185 19965
1573 4408
8081 28063
6994 20162
4828 19071
9840 22040
17194 27373
20157 26891
19053 22002
11853 25799
6416 22237
21995 22541
18823 25468
15717 16584
2547 21141
17115 23911
21188 23470
10487 13827
13282 19219
22810 24557
4528 6094
355 5832
8104 20725
5876 18529
2157 9239
5715 19934
3859 24415
6493 22200
7571 14688
12239 22983
3338 4336
15983 27388
16957 25306
11138 12400
17040 17555
1065 16053
18870 25557
7477 27705
5084 15620
14426 14498
23422 26719
14584 17214
23936 24611
12139 18729
2462 15865
9531 26190
10622 11467
7003 21165
4340 26297
3810 5306
862 10200
21796 28042
3280 12684
2011 9093
11784 26070
22732 25557
8523 24876
828 5389
1657 23365
8633 24573
10680 16038
9121 13091
5691 23118
17739 17804
353 24718
1920 8649
692 4201
9399 18959
10302 15069
16731 20235
14171 21649
14942 17657
8754 18361
7610 28158
7509 20503
897 22874
11696 16679
3599 19749
12674 18959
3192 7774
4654 16131
17803 27932
15001 25978
7803 17058
14264 20909
19566 26665
4024 10924
870 24850
1878 13789
22445 24907
14023 26312
6026 11295
16972 26079
8773 24703
8872 18663
16600 19533
15928 21257
1851 9731
10232 11480
11041 27684
320 473
20818 21798
10334 22420
1487 2933
10708 25784
118 26618
396 6906
9229 26925
6198 9001
8295 15528
6182 13629
19627 24589
5201 8491
21131 25329
5451 27787
22449 26341
8134 11416
12536 14908
15596 26729
1213 2122
610 16337
1978 3788
18784 21906
9638 15723
21285 25405
7068 7737
7406 19195
11059 13801
4323 6668
3 5607
670 8775
3667 21079
16480 19575
23665 24451
16702 23945
5768 16367
12664 18720
14242 21470
12708 18775
15983 23455
19421 21764
11989 12957
5497 18211
1819 12386
3788 7199
6490 23547
5614 13810
15665 16679
5437 7549
735 9391
4695 20065
5141 18135
7911 9296
18475 23730
16865 27314
1221 3169
27085 27091
3940 6576
491 19846
2784 28069
12454 27523
3364 3996
5728 24502
15387 16083
22469 28077
828 1666
2040 7878
9380 19710
7469 20758
4675 15808
12121 14633
6586 18350
11975 21462
21246 23415
4902 6621
3488 22012
4778 22947
10868 24023
15941 26249
19181 28128
20236 23044
418 10971
3979 23904
22048 27433
4065 17233
3845 23809
12105 19135
6183 9753
426 9150
4603 9228
7900 15391
7111 13647
10728 26228
16754 20504
24351 28157
396 21149
7220 20189
10800 15868
6920 16268
4086 15478
3874 21947
5053 5719
10177 25329
11931 27240
14227 25699
2163 27680
181 27007
21443 22058
834 2723
580 9078
2368 4569
4606 5640
6994 24904
3203 22763
10352 17892
7073 9851
3762 21710
714 16056
8982 22353
7842 19068
8443 26134
18412 20224
21554 22905
10701 26584
19233 25849
2870 12278
6910 18520
12237 16781
1 13802
21011 28044
3587 20677
10309 27564
24211 25329
1181 25887
5708 7741
15505 15620
14129 23995
850 1659
7514 13191
5725 23015
11580 23952
3041 7687
230 9254
860 21973
3286 20791
1996 9132
20274 25618
12402 14520
8508 8893
9042 27768
21000 22531
2175 14849
15069 24177
188 8669
7828 25504
15475 17220
3544 9774
1364 7832
3985 8391
25036 28011
12134 18565
9633 20475
5691 23615
15235 19982
6516 16353
9185 20380
7025 18806
14024 18425
16329 27312
19056 24939
4009 10018
5049 23007
19686 27211
9776 21602
7004 26087
6351 17302
7830 23574
7442 15952
7936 21434
864 9962
8717 11242
19086 19712
7791 25302
584 25960
16439 22956
684 10471
16602 21634
3745 22269
22095 22497
14383 24487
4930 14064
7023 24970
10805 11253
1538 18287
8207 15543
8478 27702
16961 20679
2929 25547
25084 25299
7895 20778
8184 8807
12052 19670
129 319
14233 18600
1170 27266
253 21225
13846 17657
4456 17165
16587 21473
14914 24529
15216 24908
5787 13579
7935 25759
4325 25034
8296 17827
6126 15377
20235 28026
5632 23427
8964 15894
2221 10349
10462 24756
6687 9634
922 16184
14724 15308
18929 27536
10330 22996
5413 5461
4870 16579
7135 27207
25833 26447
1775 20836
8785 8990
12090 25309
3086 12830
21577 27155
23143 23365
15874 16553
4717 14988
12928 19396
12754 24608
11569 26064
1204 5373
16457 20174
2878 25509
865 9194
21327 27607
2213 22598
17190 17471
4275 12127
23676 27520
6404 19342
22250 26074
7769 24454
4954 8218
13111 25607
1429 25676
5767 18449
3566 21346
14390 17819
11866 23074
13734 24309
14946 23886
4998 19546
8426 12623
6782 11652
1795 10935
4063 12549
1745 14246
1075 3105
1126 12945
10622 20363
5915 24040
4272 25782
23385 27094
17035 19505
4541 15319
806 6103
4209 5019
4507 11340
2981 7086
2293 15272
7121 20391
2632 22568
2254 26868
10846 25557
4866 11846
1042 1529
14393 28044
9131 21296
347 8974
9260 13284
1806 22610
7783 8990
10794 28108
929 18565
9767 17022
7916 14494
8646 17870
8702 12679
24326 25913
4812 22416
1618 14531
753 5465
19758 24336
2794 17739
26972 27326
9788 17194
10292 27514
2938 15644
8791 17735
11281 18434
18381 23547
17927 23053
10815 13624
2436 16974
327 11463
2270 13384
1 21365
1014 22514
10389 16986
7830 9005
10597 20519
478 14475
2231 15660
6896 9023
19950 21194
13408 15883
12860 16604
5155 20100
2023 15349
173 12490
16899 22790
1499 6437
11473 23408
18674 24719
14959 20313
10437 24412
23425 24727
609 17963
3867 24326
14612 25278
16890 20582
14631 14997
7810 14998
4429 19523
13373 21387
1050 10252
14758 27030
2744 3753
9547 11484
2192 4216
812 17940
12409 22279
380 17063
197 14513
11463 28049
10022 13787
15874 17022
25278 27221
850 12994
758 5418
6528 10807
7596 21954
560 14258
20258 24830
683 8488
10576 18190
9527 20575
12589 24104
4072 21317
4198 26699
22265 23304
401 17779
7695 12346
1710 23245
1155 14136
439 4641
731 19484
9716 16249
9047 17440
10152 10350
24069 28275
5708 5875
13627 23749
1370 22616
9869 27016
2715 15870
8057 9005
23866 27976
5642 25343
4326 27537
10249 21822
18649 25619
17580 28068
23902 25274
7205 26878
20441 27560
21370 21538
175 26515
9526 24928
9141 27739
15843 23635
15605 23963
2556 25610
8683 21286
15493 17167
12284 19683
2121 8673
6705 20081
20719 25334
12294 27292
21513 23104
7384 27908
5629 18368
5808 11657
18761 22860
15670 17906
13091 20258
10639 18814
17013 20814
5496 14594
7855 27485
5903 9507
19096 27821
15559 15561
3286 18961
12312 15619
972 9958
9842 25468
14758 17422
8491 27527
2249 25849
4758 25235
4256 26665
13823 20621
2034 4039
13756 23044
9950 15843
1767 5355
17723 19758
5063 27811
22919 24721
14120 17422
3949 23146
18521 22308
7245 28218
18651 23686
1734 14473
18985 23893
2017 5475
21029 21746
6086 6869
9250 20010
1532 17629
14234 17702
6766 27054
16775 20746
13761 18402
17125 23954
15037 26077
10258 14500
12296 12566
15364 22986
12426 12980
7833 8723
5848 13918
13683 21050
5328 6846
15282 20271
2352 5166
3059 6188
2387 20657
52 8068
17640 28151
8248 25185
1500 2997
6959 10962
3634 7456
14500 23730
3420 22038
8806 15541
2213 11674
193 12257
21716 22119
6707 15443
25151 25522
16545 20292
18553 25305
18920 27382
22542 27334
22020 22180
21886 27758
5102 10799
19194 26476
12103 25956
25309 27825
101 23254
2835 17741
12855 20706
194 19872
7439 18938
16379 17061
253 28157
874 14107
6220 12034
19986 25061
606 18885
12066 13146
9907 15084
5832 22609
6901 10687
396 26341
740 2303
12877 19184
13772 19552
949 9349
4081 15930
9895 12030
16877 27752
6170 7737
9631 27376
21773 25380
2803 7741
2020 26074
13387 15571
1920 16338
6523 7904
202 26397
7061 14393
9583 22841
5669 20849
2048 15151
14728 21398
8642 23920
514 10124
16463 22141
1836 27952
9214 14113
8893 9746
812 2088
7350 18669
4442 5055
2821 23026
8218 12406
14309 21038
7176 14598
10628 11430
17307 22607
11677 19792
5082 24384
930 2635
19819 22416
2552 25288
1945 14153
21547 25385
5288 22679
11020 26147
5522 26559
6738 12368
1276 13639
1507 5217
12443 26340
6790 23584
11271 19590
22464 23610
10389 17115
1744 24869
18255 26330
10283 20503
1573 23214
17832 26361
1879 10054
6602 20051
9502 18387
19960 21207
2933 10929
12881 15432
21236 24409
11263 27280
1813 8946
78 13241
12155 22640
14203 20504
4237 13564
6235 20956
1349 3606
24005 25636
19443 26635
577 23342
11710 18999
21908 26126
24899 26969
1267 18703
13091 27119
6158 20760
0 25564
7387 16730
6587 7375
7022 18160
10523 20246
1400 2906
6257 12262
10775 24997
17526 20667
4814 25173
9073 15561
8100 22054
11633 15942
22988 27927
2338 7399
16932 19775
13362 25560
704 12615
8835 18294
26677 27651
12452 13784
13980 25408
2373 19937
16344 18472
21988 24114
4325 7707
16529 16656
12317 25838
564 17760
14088 27779
10312 14896
3805 4457
2966 14594
1440 5358
2245 15739
8648 9524
22990 26970
3987 21479
14767 28231
4754 25978
11667 27710
7368 9013
7475 12086
13186 17543
17318 27206
4712 9137
1719 27371
12721 14971
14703 15031
19539 21790
198 18000
21944 27719
21212 25564
21070 21600
14635 18619
25046 25163
1100 20766
16333 23340
15672 18570
20925 27330
18719 26991
14456 17443
314 23082
11344 21915
3287 22392
22712 26331
1459 2064
14644 27698
18577 22031
4006 27918
23356 24252
686 22894
8830 14288
751 14084
6563 25852
12220 16184
10767 17763
15713 26665
650 5618
15245 16055
13900 24265
19449 21730
5768 14957
8690 24703
1229 27790
3622 14822
1421 28211
6198 11402
588 9086
24820 24876
3423 9871
20611 23600
8972 24600
9657 21995
2894 19868
14492 23732
458 5112
396 8855
4623 12282
9336 11340
14556 17928
17073 27358
12005 24411
15286 23628
2505 24895
16582 21471
15202 23557
14407 17305
1878 2418
2345 28109
5522 20752
11098 21327
8362 19271
13495 21203
10612 12399
5989 6490
10258 16968
2600 26304
1050 3894
9491 18144
10618 11960
10170 20233
7842 27712
7078 22909
1009 8820
5470 25328
12820 23369
971 22956
398 23418
220 25810
23619 27841
691 16509
13349 25435
137 16795
12415 15749
21149 26405
313 10935
13647 25443
1334 27192
14996 15837
24069 25197
4577 20324
10737 26358
23377 26901
3575 18334
14971 20534
2679 23372
1852 16901
4472 19318
825 2431
10061 20355
14153 22539
20081 24749
5476 8150
2428 4505
7672 26531
6894 18176
5815 20296
17562 25445
18521 20479
13106 15330
12706 20398
7834 16518
28 9706
9944 25853
333 13870
18050 24148
4913 24450
13523 20118
4190 18533
269 8336
1200 23703
3002 6649
6940 24676
18641 24008
4340 16726
714 5615
674 15709
2413 3460
10935 27795
872 5229
3483 9250
1240 6766
9056 26497
8504 10588
9074 17196
9709 13428
425 14809
4782 14711
2410 19950
3842 26331
2379 4736
396 20301
13364 16307
6235 8858
7020 27839
2354 6085
490 9336
10273 14592
1349 22032
18242 24195
11747 18155
18450 21908
7375 17214
12313 16314
6261 9465
24069 24469
5052 21686
4438 26988
1349 21205
10363 20868
25815 26162
8046 13707
15376 18950
3251 7707
12422 15388
10600 18465
3609 27612
15301 28196
19244 25980
7120 8712
13238 20616
1502 3881
10390 11674
5434 8182
5313 10114
9590 9857
1142 4614
14189 21300
3848 7194
8889 22996
10090 18044
6516 26758
3648 14625
19647 23500
15749 28055
25008 26026
755 1938
18550 24061
874 26465
14555 19121
8046 21355
1925 25076
9942 19918
4756 21211
5601 15996
6166 17760
6707 18415
14258 21199
9717 11919
3101 26640
6198 13272
12605 23372
12689 23597
14942 23794
18791 26128
5415 21610
17482 24904
8665 20480
9461 27175
3545 5155
6372 18171
21577 22973
10888 23893
4897 19624
9532 21207
13041 13341
24585 27083
10512 17630
1181 13480
1795 16311
14880 20676
3503 13527
4192 12324
6590 23536
5930 17770
6534 23146
7323 9067
7225 28166
2607 17128
11347 22247
11816 22418
3063 24288
65 2017
7412 21823
3414 26253
23833 24321
18533 19853
2285 11944
8886 18764
19835 25813
2092 17067
16096 20144
10972 11991
7890 26550
6107 15921
1112 20695
4295 18468
11483 17214
7965 25258
9816 24610
16639 22860
11203 19546
17847 19712
853 21982
5716 25652
11049 19320
10920 14907
1529 24616
6137 15130
12902 18881
2764 10424
12546 13954
4595 19868
5610 8318
11255 20100
7209 9172
15957 26716
7401 7779
3666 9408
20500 25090
11677 18051
2014 8734
1887 8410
12423 16136
1596 10961
8020 16317
1909 13084
1389 3624
1827 23441
9214 17179
5331 17235
7861 22385
19281 26169
1658 6298
17559 25805
9617 26083
6437 22723
14954 25962
14268 18122
20437 20470
8044 17896
4512 23034
7014 7344
1428 24232
21813 28183
16307 22565
18105 24575
5018 11977
18985 23396
3794 25381
2587 6725
17653 17922
10641 12090
4367 5743
1185 5592
2410 10442
15221 19917
1477 25222
7877 18471
113 9488
4942 25594
1782 26868
973 20489
3633 23412
14731 22548
9614 27738
7956 11735
9371 14859
4507 12655
967 19181
6019 14291
1405 16921
856 8011
2785 24883
2389 6764
5724 24360
199 24490
3846 19154
21520 25675
5528 12994
5984 23298
21991 25559
14814 15634
1331 18113
7328 22371
5861 13212
14594 25833
4628 25287
6745 26076
4859 24551
6351 21491
14490 17194
1672 17273
9398 11140
18352 24714
15175 24184
7029 14947
17526 20876
12660 20427
10692 19519
12965 16138
24854 26541
10859 13123
746 23339
3698 12761
11323 19768
20616 23074
7943 17455
13383 25137
616 4378
7205 18919
990 23540
22503 24023
6796 8869
21945 27788
2003 8042
2024 8740
23377 28119
5832 27399
1815 14344
18092 26331
6446 7484
9059 14941
8675 16188
406 20758
8281 26419
14516 23605
10691 23590
6488 22857
457 4834
6449 22547
1609 13226
7358 22186
4259 16842
11142 16567
3712 22984
2734 7667
20135 22763
14592 27365
3037 6507
2435 19536
8138 25017
3931 27298
14105 16245
13383 19819
12228 19133
22716 22871
7162 22344
13484 26661
10931 20848
10090 13535
5802 9265
8816 16845
9252 21565
22627 23194
7927 14781
8473 16853
396 24448
4096 23343
12313 16145
8386 15186
2087 15408
8163 18574
25922 27675
2883 8305
20496 27745
1232 1689
11916 27760
5638 21671
24967 26495
16328 23337
17243 25105
4192 23094
14344 19753
4603 11239
1614 22001
20061 28190
14851 14863
9874 16928
17692 19347
3436 23474
5832 12500
20998 26181
1269 3805
18927 21000
15947 23555
5991 8733
4182 24828
19900 26267
1290 16055
2067 18315
4470 9912
13246 18591
3428 17782
18651 27458
13701 27374
11198 20238
2657 25110
5097 19502
17457 24096
8751 19382
862 12664
8478 23830
20205 25879
14499 20481
1181 24437
16619 24183
581 9569
10584 17754
18529 26106
3265 6344
11710 22204
11120 11484
17963 18353
5117 11076
1900 18760
20545 21724
2170 16941
8481 9294
2252 15271
2349 17495
8235 9759
10462 19486
9239 10063
8083 18753
635 7414
17073 17568
193 16957
660 11953
10170 17515
47 18846
1852 22996
24599 27005
9005 21633
3421 16331
1777 21904
3762 3819
1138 13393
6586 17499
5670 13249
2912 21180
5142 24693
18798 27529
4312 9906
2066 2505
19130 24393
1425 16584
11458 19448
8085 24966
17574 18254
1329 9356
911 17355
23074 28060
4838 17985
21072 22121
14930 20363
17326 18793
17383 20667
10086 19254
10444 24568
22323 23459
23565 25184
17473 27015
6722 11733
194 21875
8069 24566
20424 21149
19670 28085
4081 25547
2542 22010
5663 19504
8810 17803
4582 15386
406 9465
19706 25214
22158 27323
2191 16234
11170 24335
334 7965
14572 22479
4931 23679
13886 27374
6537 22479
11625 17084
13764 17100
16117 20813
7101 26721
13404 16328
8655 25695
569 16781
16276 18411
505 15376
17597 21499
268 22875
19080 23566
3997 23524
5859 18369
11963 21738
4391 19605
10560 24451
7419 26601
10937 24241
17497 23026
1412 14954
5595 19712
6812 9631
24289 26654
3306 12722
2156 14131
8182 10594
7584 25296
6697 12411
11358 25906
4361 9590
1978 7975
2869 25672
3789 23848
6301 11692
1052 23521
25956 27955
8075 12909
10747 21044
4711 17354
1234 18226
9280 15992
4737 18249
9762 12389
6518 18318
27123 27905
14771 25525
11610 15666
7401 20715
2760 4717
3932 4282
660 25219
17597 26102
11946 24738
10525 26063
11628 14713
1500 23295
16490 16619
17760 22565
4448 22463
8895 18300
8443 28077
2954 4974
4606 15689
9918 17497
6178 22042
3446 3762
13281 14827
12665 23800
6936 26993
6842 7002
8039 20542
3241 11260
5348 17314
16308 23987
2009 10659
12374 25623
711 17310
4949 23372
14140 24698
16514 18520
8148 15916
11825 15815
3410 13559
2130 20875
3229 23081
4834 17641
14437 26943
1456 5591
16979 17757
4824 6601
3978 14817
297 22320
569 9333
6024 24019
1012 23168
17657 22664
12954 18479
15047 23075
240 26024
7802 10254
3741 6679
11657 14671
1197 3462
7916 12910
588 967
8057 23608
11218 25919
19219 22984
16766 19256
9226 19566
23524 25959
10849 18634
18670 19672
8753 21063
2093 14555
2596 11444
1878 19978
3130 25644
4674 13766
259 7977
11073 22956
2776 14273
13515 17851
21493 25454
4300 6877
8846 22040
24981 28018
5984 10393
4396 18492
3397 8243
22329 27643
8911 25248
8798 15606
1507 3295
14076 14364
19817 20639
9239 13472
3961 23023
16396 19961
7968 16047
4027 7311
12312 23571
12137 22230
14886 17965
12209 27722
12066 19314
15662 16709
11142 12560
19043 27991
1432 23707
2401 4799
3250 25254
21929 22390
23006 23236
582 9421
11872 26934
21123 25271
6220 12043
13221 21072
14777 19680
2186 19659
681 11133
10931 13328
8434 16874
19168 22507
4325 7839
7611 15257
1284 9316
5213 23373
2759 27616
4550 19895
3585 8760
12313 18472
13676 14991
25439 25507
9241 14651
21823 28072
867 5609
2455 14193
7216 24659
464 1232
3987 6533
8 6268
6836 7727
15211 20803
10953 19537
10379 25223
1878 3254
5725 25596
1779 23415
1497 3261
12832 14027
8924 22814
3806 9132
9648 20467
10708 21607
19987 26437
17718 19881
5353 20909
2368 24507
14384 21343
617 8106
3249 25793
312 27756
7568 27531
5493 18217
2986 4757
8826 8905
10555 16659
10074 18325
20916 22835
14985 15212
14402 15275
1419 17556
2916 14619
5687 20140
11428 28162
11463 26955
4037 10767
313 18475
16 2156
17501 25357
15446 24610
19868 21199
3156 8750
16297 16689
20206 21964
1902 8990
6215 9785
14104 17507
3024 18522
7575 11931
7793 26413
1171 4263
2470 26503
14473 25886
4756 22382
3073 27110
1789 18945
9184 16678
9528 25878
14768 27664
7990 16181
10312 27299
9336 23063
13105 23628
10646 11745
1755 27499
12031 12487
16210 17070
5689 22040
17131 25869
10 26716
7457 8022
7416 20831
3294 9973
19091 22331
7796 11747
5263 12887
8924 10333
17196 25064
6697 23599
10830 17164
4216 15543
7392 16422
9021 26573
18683 22157
15734 18760
23593 27541
13700 22962
899 24908
1056 15479
1326 8730
12254 25109
43 11484
8462 14818
196 12543
11750 18556
1804 9073
12155 26591
5882 25530
20410 20858
8140 14858
4626 19886
4255 7623
13579 27685
21919 23216
2837 15893
6134 18267
11926 17623
5288 14242
3528 4329
2862 16824
14228 17779
11483 12606
21730 26728
9524 20687
10315 26424
6868 14428
9709 11804
7845 24371
7031 25127
1402 25680
14388 18708
8797 13362
22583 25692
4448 25397
592 26186
15282 25894
25262 26261
17953 22416
2128 22607
719 11113
17977 19435
3521 23365
12183 18685
7869 24575
4904 9709
11654 27706
15207 22353
6360 17881
4334 20688
11422 18411
12552 14456
10046 24450
2527 10093
20278 21811
12690 22449
1717 18793
17227 18667
5363 26190
16547 20939
16976 18107
11133 23250
24872 27429
14672 24127
2732 3348
2757 6355
5847 8810
18736 21766
2708 3667
2031 19321
6446 24739
22581 26503
19561 24164
3835 26074
3997 20162
6497 7791
3398 14264
1417 11261
1773 10876
17422 18743
11322 22399
8185 11295
8997 9268
580 23721
15442 17526
1656 21831
16311 25564
11655 24306
21394 24122
5092 24411
3239 7443
3932 24294
8182 25732
12194 15619
7484 26740
2576 7403
19952 22871
10710 26017
17408 25306
13091 15508
13110 22277
755 4105
867 14648
1023 12446
1719 9610
11113 27087
898 5657
6182 14096
14309 27382
1 19675
22977 25763
6545 15091
7429 16026
1835 3286
9356 15104
2115 10200
6127 16210
2602 16340
14407 25539
17075 17368
7205 13266
12442 19776
10407 11992
3634 14471
8750 15524
14407 27546
18999 23433
20671 27885
14464 27087
4188 25056
16623 17173
13349 22448
12147 23390
18732 25065
6426 13091
1343 20799
10289 11369
4138 14914
15014 16874
8814 24855
14264 16534
7488 15913
14672 23333
9528 9940
14123 25413
3966 18944
6972 8780
8010 10290
3059 18927
5308 27823
16039 25487
4648 17122
11609 17193
9569 14228
16504 19824
8200 10487
12257 18533
2104 23858
2732 19169
17489 20205
6801 10054
4921 11998
16454 27770
14577 22654
14789 20610
21359 27743
12646 20744
8349 24351
22277 23896
7757 17257
5441 7987
16284 21387
5430 6676
7192 24076
7067 7413
16707 28044
6832 14961
3624 4312
22082 27587
5973 17024
9211 14851
7855 16175
877 16901
16565 17296
1213 24365
12218 20667
6172 12194
1477 4595
18057 23932
14555 28242
2280 14092
13837 15422
1970 16006
13970 26322
1878 28192
3188 27591
4166 20332
10369 13611
24282 27543
15853 19540
414 20690
9265 28104
4689 21667
7389 9536
2031 26963
5658 25664
1878 10935
12762 15090
1635 2250
7032 7368
9214 27042
17906 28013
17446 22106
6616 20266
10280 23246
16214 16299
424 26074
13038 14626
20600 27663
10961 24897
2788 26954
1900 15950
9993 25035
628 12111
15083 15870
20131 21506
17264 18133
14421 18428
3067 8491
1071 18441
1679 19928
13885 27810
16292 22511
14254 16085
2368 2619
12492 24061
2379 24524
15211 15749
5925 9250
4226 23253
9268 15058
3606 11630
3881 11576
15891 16557
102 8368
14340 15668
396 9226
11397 19085
21829 23736
12034 21945
5336 17791
7478 24356
18318 25165
6244 18870
15967 22352
204 6898
14309 25830
4886 5283
7759 24880
4081 9016
7768 13679
473 22255
17458 18705
17956 22819
18869 22820
21392 25463
9210 17363
9755 17902
7374 11946
10388 22989
2396 16890
102 13609
5728 28095
14288 23456
12411 24828
804 6104
4073 10871
2874 28166
3733 21849
4945 18901
12411 20076
4646 10773
9487 13905
11998 23784
6551 12817
10935 14240
2648 12216
6601 12341
14807 16276
4714 22217
2267 26588
6273 18072
23325 24332
396 12881
8818 24131
4949 18956
9737 10023
1666 12727
3602 13340
17218 20960
264 17789
6486 25140
4044 15992
12215 22565
17742 22035
1106 17966
11804 17965
396 3699
4530 9717
8835 20703
18259 20449
7410 12399
13649 24127
21326 26299
2714 10971
1767 18717
1907 14342
3765 18029
20749 21746
6635 27599
5436 17657
4938 14445
4391 12480
5055 12844
2419 12595
7779 17148
16121 21470
7613 11596
5448 17269
15550 26083
15116 15617
12566 17579
867 27867
8820 19088
6228 26663
27030 27229
811 11807
7469 23143
18827 20996
9524 15928
5715 27988
3024 23576
21857 22265
478 19171
11758 14233
897 13335
401 28128
16890 24897
25494 26690
24065 27004
6841 24303
9498 14975
20151 22956
20639 27279
11987 12040
2303 9086
20504 22213
21000 24659
1072 20081
9253 20236
10114 26283
3156 6402
12606 14104
21638 24280
17768 27818
365 17604
3592 17455
2336 26150
23983 24028
16934 17184
8705 15955
11050 11187
15286 15376
10630 11113
6860 24554
6200 6707
3511 16640
14465 18082
808 23046
4109 8924
3511 7238
8669 25265
7086 24897
24904 27326
10449 25299
12554 23157
9856 11069
19827 24935
1959 18369
15805 25330
5767 13396
15130 28049
457 7473
14716 21700
4519 17874
16722 25992
16226 23147
13373 19639
9403 19787
10509 13639
1874 11358
6669 20813
3475 22910
14879 18959
12517 26597
3279 5632
280 12440
2667 5659
7002 24296
18876 27876
13180 20355
17353 24904
20537 23104
1083 27007
5504 7861
18833 24423
15749 17744
987 3071
3925 25414
15236 15804
1086 7950
7587 16512
8840 20406
8945 25464
2435 3885
2648 6824
3805 16429
7471 11535
13127 25451
7921 10746
23248 28054
4221 17747
8067 14755
17420 22416
10908 26553
3267 4523
22257 23549
17865 27441
18260 18906
7068 7318
2664 20667
15712 17494
2894 26663
3537 24606
1428 13289
1558 3432
7930 27900
287 5609
10462 14001
5072 9788
8669 11463
2295 7783
1306 20893
12717 21353
4606 18357
19952 27746
9234 18117
1161 11757
10612 21638
3825 25306
14592 17070
505 5496
12128 25049
634 8608
1828 24297
12959 21077
13977 16234
10871 26601
8858 17166
8085 11242
9738 15900
18724 27923
11208 15461
19086 27563
21990 27811
2168 15694
14517 18574
4386 25054
3354 15328
22971 27385
8835 15179
7919 21291
1900 5458
4283 24221
11977 15151
16369 21794
5030 9164
11039 20711
3916 14653
22699 27308
1392 26003
10833 11248
6177 19494
6913 22948
24317 25048
18253 18457
17761 24752
8833 16362
1878 15687
5767 12829
14652 22134
11060 24478
7836 11945
3734 13360
782 12954
757 6365
20982 27946
16957 17743
3167 27515
1664 20895
874 9775
6994 17487
11868 23281
22071 25813
705 12128
9950 11599
1467 10638
4301 21052
1348 9268
3669 6871
3759 22623
2302 10160
7350 19448
3539 23995
12602 21048
7828 24040
8342 17123
8407 13112
7827 9654
1213 13816
4360 28099
10209 25786
15083 26264
13765 17855
18190 27792
8802 15798
10892 22513
17087 22323
25016 25433
12512 16545
15782 26303
4671 26232
1069 2087
150 6722
10941 23698
9424 27718
2596 24113
14534 18319
17678 19169
12525 18133
10350 15202
16684 23170
4977 11836
12812 24277
6017 22449
13184 17550
8242 24229
9968 20871
8003 19457
7607 12064
15298 26391
15383 18593
9038 10055
1249 18251
4906 17285
9997 15619
13736 14662
9897 21753
12479 25110
19337 25310
1417 11592
7869 14592
3030 6727
841 12581
27087 27222
9019 12773
2369 24195
1727 6353
9718 23827
2150 7005
9829 26838
8388 20797
3746 13060
1579 23200
1581 21163
13978 24848
1001 3841
13185 18001
160 2327
9343 13208
13604 19087
8096 26312
5635 15833
9358 9573
4442 21727
12556 15201
2303 17277
12444 16289
4849 28031
15851 16385
842 18154
25337 26179
897 13314
12171 16255
17441 18697
4041 10991
2272 11080
9367 17787
12793 17108
345 22382
5224 15452
11534 14781
14153 21672
5677 13744
5503 9106
1950 14785
426 27865
25960 27715
4516 4616
6655 28059
539 12278
2232 26308
12227 14955
8081 20857
9636 17137
8291 12402
9186 26688
305 20479
9093 25921
9771 19026
5349 18061
1744 16367
13619 18626
14240 16656
24570 27035
15426 23748
6377 26337
15059 27669
1257 5010
18187 21884
4737 16026
6966 17157
107 8525
15108 16175
8405 23921
7018 8586
15441 27223
1374 28020
193 16908
1767 9250
272 15293
7662 9690
15141 16986
22171 28246
2270 9850
4966 22862
10071 27611
13072 14233
3757 20632
21831 23958
11422 14911
19445 23885
11218 25944
11808 15418
5979 11014
7320 11657
12539 20260
2213 4778
22953 25091
4110 8974
7880 18251
2344 21753
11214 13951
3634 23648
3871 4326
26087 26973
7444 14017
5943 21387
16984 21849
4828 14833
3561 25638
15160 21016
20314 27706
15267 26559
18402 18489
5543 21435
9090 11390
3421 5607
2104 15026
11627 24280
10061 27314
16516 22469
3685 24274
7005 27757
7312 18831
5288 27042
242 4666
18412 20729
18000 24067
9635 21473
1412 5183
24611 25660
10691 23762
4783 18166
2827 18848
13151 24047
11255 24771
17484 18574
2368 22162
14322 22694
8841 12565
17524 25403
12209 24157
1112 1324
2604 17691
1245 22205
3401 14778
3019 25034
108 11345
23269 23929
8939 9590
14531 25287
2386 25008
5664 16238
10767 10800
14650 26157
5005 18181
2531 21117
8605 13247
7592 9260
11450 19062
9333 16435
11227 21344
15022 16333
10472 21834
11451 17807
18336 21362
3944 13208
20916 26513
3171 11902
10995 15714
3044 19403
7285 10113
16986 22805
15293 16671
22646 25758
3488 6639
115 11993
3930 6958
23045 23870
7545 18802
19091 21862
2539 12261
1250 14907
8860 10953
2144 21359
19670 26661
12737 13564
11094 27015
1755 11443
22593 27254
7518 13415
19669 28166
10023 10328
3186 5783
2542 10041
1814 3000
13738 23934
10508 25713
12383 23061
14097 17059
6597 16991
13809 14464
14867 27764
10935 24354
840 5961
4422 17498
5919 9189
20053 25498
21818 22129
217 27257
685 17292
11677 18392
14556 22202
23310 27129
1068 23984
16072 25695
5517 24008
10072 13607
1640 22479
14437 20006
7833 11652
5416 15396
1892 3140
6594 23861
6377 17861
7033 14722
1374 3411
2302 2880
811 10428
2702 3955
5004 9784
11030 22222
17735 25342
11720 18954
8817 13397
384 12054
17714 24137
3794 5527
12194 24104
8825 16866
10496 21886
8073 11951
8782 11784
10729 10800
2635 17263
1372 9308
20948 22653
6848 23265
5565 6658
868 23964
8835 27554
568 11170
19275 20175
805 20369
14303 26085
5583 20831
6911 8719
22227 25526
867 13186
150 7155
22644 25547
12168 24069
10464 14359
1672 20900
22837 27499
19516 27049
9020 9263
11809 17743
8891 16839
8745 10876
17798 18651
9185 25894
16385 28236
1232 15240
5613 20081
3593 13768
5031 15962
8469 19863
6685 27234
56 13839
13059 25910
19503 19542
11580 26450
18164 25098
3024 8039
13328 20848
3822 13603
10578 16762
1920 6128
6981 27488
8157 10431
15899 28061
19432 27374
19827 21680
1630 9980
3039 11286
836 3484
5122 8781
9009 18523
19497 25895
11295 19424
1126 20503
3538 19711
9629 17028
9530 17514
11080 22839
11562 23015
3953 7896
1744 9196
6882 28121
2721 11836
867 7806
13221 19951
11880 26554
2533 22646
16415 18004
662 6455
4287 25855
24216 27652
292 1163
4776 24322
19939 21026
11242 14954
12716 18908
12677 18021
13354 25200
8026 26161
18368 25833
13252 16846
8750 18784
5609 14609
10321 21950
8133 23722
22094 24639
9951 18141
21266 27373
11124 13652
4329 17562
7737 11171
8291 13111
19074 21831
224 11312
3890 25490
214 1878
5 5786
9877 27556
5691 14443
3566 6972
97 15206
5609 21473
4565 26273
2000 3359
943 28124
22496 22640
18370 25482
19169 26554
595 22581
1721 19207
7437 12341
2724 11628
8148 16184
5769 14683
22066 27830
22804 23897
2491 6516
12956 13328
10235 11852
15950 23873
13240 14380
7753 12437
6914 16340
4534 20253
2740 18479
3850 27218
10889 19354
11614 17981
22947 26717
4367 26247
9323 11273
15505 17259
8708 19253
1239 12369
11171 12954
3169 13246
5424 25770
11692 18636
2503 27829
8372 25417
24451 25699
3645 9234
3101 9617
4263 28140
22981 25329
8021 21661
25725 27924
17954 22566
14050 26413
828 19169
21948 28217
7985 14835
13155 17762
4650 18206
12880 15301
4189 10498
16698 18075
19913 24554
648 1706
20222 20627
11531 21129
8202 8304
20669 22645
14817 26077
15251 20983
7288 11023
14558 24831
570 2029
22784 22829
10208 16999
9479 11395
5738 21987
12274 27992
2925 4649
2247 20994
671 10218
14240 17507
6533 12073
17803 27129
6894 17562
12163 17407
11987 27260
19712 26413
2951 15804
4645 20179
9348 13031
2435 9769
15840 26546
1840 10225
1462 27501
3141 7827
7826 24968
3609 9252
11879 28239
1613 3810
12077 27655
21968 22000
614 15766
13822 18563
4325 12538
6026 8807
9003 12291
12479 19459
9067 10114
8370 16193
341 15695
17956 27751
19776 28172
2460 18761
21798 22157
15286 23086
20184 21987
2239 15589
4391 16921
6495 19169
7985 24019
17938 23586
12932 18556
15974 18386
15540 27030
7144 25960
14185 18461
23143 24517
9569 11416
8434 22398
27495 28277
12994 23647
2822 21623
18265 23553
1779 17757
14847 15616
2254 19416
17906 17967
13610 26837
5620 22255
14878 24208
4789 16276
19667 23375
3758 25006
17329 26469
3944 23721
10152 25009
2565 16197
24032 27955
18520 27052
15292 26801
3389 15365
6626 19952
2252 13681
1695 14548
5079 21707
2240 3734
7320 8177
17524 19429
13415 22780
19896 23143
1864 3296
4441 5071
18332 21861
10565 18502
2102 2303
5110 18314
7369 25985
7209 26987
4674 22476
2067 2474
12754 15272
288 21109
10935 14671
20384 27374
523 16274
14072 22804
17334 25699
10765 20284
6778 16152
1514 10326
15360 21244
11709 19086
1950 21849
2722 15195
10287 14055
19646 19934
1425 13322
18622 23946
14771 17763
5466 8054
9098 24521
9698 26864
11978 22204
14369 26010
19417 24397
17742 19189
15102 26745
9441 24804
5112 10023
8355 21228
17791 27706
10156 25575
8096 20171
804 13818
4586 4768
19970 27374
9724 10023
12792 21732
16021 24681
9963 14106
9784 13522
16103 21267
15822 26363
681 15442
16955 27055
23252 26281
5630 7416
14154 19985
11128 22826
7293 11560
16185 23543
10974 24138
10876 18669
6382 20947
7682 10350
3931 20669
2894 16702
7600 26503
4498 11746
23189 28015
13961 17922
23455 25777
27950 27980
7699 16947
4703 17456
1630 22788
11020 14794
16480 22156
14941 18690
3719 19189
3277 12994
15310 21880
15664 20816
16552 25300
6930 8400
9654 24274
25185 26838
4642 24764
9967 22966
10023 18167
21573 24049
22309 22781
6935 21919
6209 20170
4595 20366
7192 19985
4685 28212
19547 22603
17325 19534
14742 14942
2596 26681
10170 10497
14561 28034
4078 18967
7375 24637
8158 23566
9835 25088
13681 22829
1214 10407
1458 21623
1888 9252
4581 19565
9369 23061
345 23775
13465 20358
11239 12890
23470 28039
9248 15405
17806 26048
659 3777
14539 18348
1754 23838
16587 25230
2027 23868
1335 6008
705 13038
6667 20859
5327 22471
23776 26993
2269 20390
7191 23770
9314 26640
20677 25158
10369 25525
3052 9762
825 16900
17603 27969
2227 19753
6729 26477
7550 17106
15048 17859
18901 27514
20783 25108
9517 23947
880 12978
14650 23926
2039 20252
18522 26672
35 18626
7746 26629
982 25295
7719 26409
3810 11592
18009 22244
17492 25169
4072 5791
7390 18592
3141 13424
14534 22452
1861 13128
9904 25508
2929 27087
7287 10032
3137 18870
4134 18948
17509 18653
15306 21545
13345 21319
369 19739
14513 20103
3544 20836
2635 10178
6295 21659
13253 18770
15974 27867
12263 19546
2104 21922
4444 13433
9904 25204
8931 22226
3536 22581
550 2938
3357 3720
16702 19760
8943 19548
18964 22626
2389 11629
10033 12087
5316 27660
3205 17963
4835 28238
23415 27664
3882 10906
4197 18615
19279 26098
7767 24232
7601 17870
15629 21768
2351 3562
3359 4089
11431 23608
3059 7169
17870 24580
10101 20616
12108 20041
6085 24219
8108 8160
1197 27583
836 20250
13389 28190
5190 16047
4606 17166
4287 10298
6728 27447
10937 20431
14876 15595
22857 23889
11079 15492
1311 3380
12369 18793
1707 16946
991 25005
18963 23740
9834 22425
8433 25089
6390 11076
2865 11345
5004 13827
6517 27872
7420 12119
7833 24096
808 17941
6572 20667
11614 14255
12941 17637
16373 27823
8244 14471
3593 22731
7172 13073
2348 27654
9047 20705
11124 28205
3569 20215
2289 2533
8552 17666
1163 14452
16026 22711
17562 27375
5236 19658
12244 20162
4102 25247
1097 24888
8015 20145
6205 23265
5462 7390
1814 13106
5176 18559
2440 3496
492 8966
19803 28199
2396 19712
7966 25494
5145 24613
6951 7688
12773 15509
7996 12444
11814 20383
13794 15410
17 450
4660 13396
262 11836
1355 14042
7375 21057
16240 21890
12038 13139
18985 23392
7982 22290
1193 22415
21623 27032
12282 16964
1736 1953
8730 25892
7390 17304
12072 21304
16131 17124
630 7824
14791 26061
9776 16208
948 18775
4422 23229
7984 21398
4737 14665
4110 16026
14445 19723
15162 21438
3902 24760
5537 8034
6426 14076
14140 23721
7900 23939
4930 9408
25021 25421
478 16560
5587 14129
7603 25445
2454 19474
18189 19021
10242 21945
25012 27759
14197 15844
9536 9867
4097 20939
7131 13885
15968 20162
1604 15675
11845 25187
1672 23764
20093 22925
4231 18603
664 4584
1013 3951
18128 20163
5321 19441
9294 21293
16833 24149
628 12223
2990 6380
2967 17901
4100 25747
1685 14396
3265 15682
2657 7439
7439 12551
1218 9864
6015 8773
2290 22868
4216 6159
5588 8521
7923 25457
5813 18617
4061 7836
22746 23710
2043 14136
21228 23442
3872 16338
439 2753
18620 25202
7036 12489
23157 23633
3983 9354
15068 19480
11846 27155
3381 18824
1860 26690
19417 23265
4149 4634
8708 11809
7075 14050
9195 15032
6928 8670
18360 24191
1613 26732
8493 10922
21201 26584
6245 13608
7681 14513
9268 26549
8203 17490
13091 18591
4951 9335
19601 24971
3700 11508
16687 27053
3333 10820
5042 21535
22285 24326
160 1373
1361 22352
10251 25356
22424 24744
20639 26554
6737 14064
14543 17692
12480 17435
5772 27478
6261 9234
1008 2449
10511 22966
10490 26764
11943 12736
2159 8817
8465 11935
3987 21369
7849 11365
11320 22433
1548 24098
16584 23548
4866 12927
12372 21213
9650 10942
22079 26429
14924 20650
13581 19991
2396 4931
509 10726
9375 12367
9282 22274
13266 25249
705 27190
12881 13677
5041 28060
2708 6517
14760 27119
17259 21000
1878 24689
16937 23143
17037 22901
17509 24939
7404 16535
20744 27611
13468 19281
3043 7033
17256 21262
8264 19871
15541 22415
7988 25724
4096 21202
10188 14403
560 27996
11727 27751
14728 16438
10192 10729
3254 27042
1878 26273
17562 23469
972 20454
1402 20661
3824 25629
4146 17805
5330 24422
943 7533
369 15609
20066 21552
16922 27271
3484 6573
10080 21832
485 27969
10987 24904
11755 23111
20292 21257
15429 16214
15722 17366
5272 21972
3609 25271
7695 21257
7907 15762
13363 16812
580 11261
13648 21010
25329 25865
12088 25564
16928 27932
7911 8056
16201 20258
16152 22840
3734 17742
4026 17250
14057 14568
15470 23608
3793 15346
1830 8481
23935 23937
2665 27080
11192 14388
5676 15816
3484 8902
18138 24709
17262 24950
8982 9348
7893 10321
5235 19502
10711 16946
115 2536
22605 27844
5996 7893
1112 9657
10076 11229
2596 19409
16947 26812
6526 23202
17407 22210
14658 18165
13906 27405
4119 5373
12554 24032
9465 26053
3574 3729
18362 21622
19539 22185
7133 22606
19919 21121
13407 22864
341 10767
13937 21948
9968 22162
17395 19463
1534 5548
14683 26379
22230 25490
17666 26507
4758 13959
594 3002
7639 24330
8281 11623
5079 16065
5226 21675
5064 17744
15725 17792
13114 19039
18039 20227
1349 8692
3439 25796
14862 26005
7115 21191
9614 24012
21945 28111
6898 12651
12709 13447
9454 13180
23201 25996
18899 22180
22171 28194
6832 19068
448 19429
11998 19408
18192 25276
11055 13850
1597 14561
7453 27365
6346 25101
9560 25107
2378 13532
4515 11876
20449 27892
20307 27490
23410 25338
14103 26326
6615 14427
21473 24830
16766 19493
19945 23880
2030 11885
5288 11486
11603 28171
8785 12452
6013 6937
19400 20536
874 3371
4003 4076
25276 25352
8490 20961
80 3955
606 12286
8454 21293
8251 24884
7489 25329
24171 27463
18369 24973
6442 20409
9005 22570
4361 25278
12141 20201
10794 21610
17119 17198
5786 9271
23510 25329
7627 27578
10807 19688
20789 22046
1612 18878
9367 14099
9438 21487
6567 17936
2959 22542
4570 15721
12939 26966
460 27668
17300 20117
14697 21323
16018 16550
1141 19232
13091 27321
2252 15840
9067 12423
20099 21955
2926 21531
3098 17044
3925 9055
23764 25794
17649 22392
10495 14958
7487 19289
27111 27177
4174 10242
11682 12895
4159 19005
4556 23143
21261 24714
23265 24504
3932 18192
15233 22516
1006 21564
20565 20740
2936 21192
4319 28014
14010 24886
14794 15282
23187 24136
5550 21925
4534 24069
13282 17407
2872 23736
324 4782
2706 4667
18420 22457
862 2115
3605 17660
4456 17779
4475 6182
5270 11392
12293 14903
27702 27969
21881 24659
2031 23572
3231 15282
10828 21367
3738 19819
711 10148
20737 25349
2447 21623
3665 16477
16939 25886
1789 5627
1541 10935
5145 20234
15377 15531
401 22112
7149 20667
8933 20883
11963 25666
13969 26517
4187 12329
197 27886
25598 26535
98 9010
10364 27027
11417 13667
4685 20859
4305 28197
10538 13553
10048 11948
6846 18999
1834 11543
2381 10274
2220 18991
1308 6304
6784 19008
7746 10161
2381 23620
3981 25302
9443 24127
7789 14280
12612 20657
1052 20661
10000 25433
8285 15267
920 20515
16210 23730
12981 18129
9903 27969
1150 10389
8909 24577
15435 17587
20878 24572
21366 23036
130 1573
22497 26525
7603 16113
7927 16112
1197 24988
3069 8667
10015 15286
15311 20475
7166 14995
19929 28156
14304 17141
2388 5913
3315 8820
1980 2518
7243 22979
3700 17880
4073 14478
7635 24208
1111 13683
18051 24069
7411 25323
15664 26931
10900 17507
5530 11238
6104 10288
7361 27495
10837 15866
5564 16428
3166 27976
3634 20862
12096 25632
1715 12643
7798 18258
9528 10042
18381 27014
2414 17333
5697 24857
4758 9387
9393 10050
12694 22631
17597 25294
12653 21759
19479 25083
10971 18265
8001 26476
593 9043
11480 19189
12773 17700
18185 24904
24281 24904
14464 24453
14555 21626
9690 19866
13679 26162
7927 26179
1556 11866
4201 10126
13363 19001
396 3576
1792 4731
2894 7910
21826 26341
8424 25750
5190 19760
6292 10365
22446 24939
23437 25564
13389 24955
2132 3674
20864 22432
3432 9088
6182 21263
4255 6560
6623 14577
20162 22248
3212 22638
19748 23806
6489 14907
15228 20956
11157 17384
15482 26526
13298 22421
8358 24180
230 4245
2504 19158
14989 23896
20564 27218
14733 25828
20162 24127
926 13447
13383 26869
6759 22457
10282 18811
3636 27571
2136 18798
9650 24238
3970 11419
9746 17446
23078 25838
891 7444
10188 23343
18305 19171
8278 19262
2320 9415
3710 23024
8586 20018
6560 7099
1412 19460
3328 21163
1606 28054
1534 9920
1138 19775
7358 10118
3401 7937
3581 15673
11809 24028
2563 4135
1199 23875
5618 11593
14657 25879
3551 9316
7820 22206
22409 22570
1204 24847
2076 6633
4347 19287
215 10115
19203 22042
9951 22325
414 6498
4562 13032
12336 22394
24637 25879
8025 13091
5371 20552
17739 24032
3411 26360
9804 21030
23722 27911
15642 21798
9121 9891
11456 27991
3336 15357
9874 17318
7487 22883
19326 27052
9036 10051
10050 19425
6618 23207
15907 24717
20550 21984
13827 14661
21157 22874
13316 22882
8814 20541
3306 19153
222 5940
16036 23214
23140 25653
10668 27611
12110 14065
2518 6363
8898 10885
6501 6601
14179 21639
1453 2679
17329 20500
17193 25004
11633 18128
25915 27529
11154 25329
25054 25167
5115 18823
116 24500
1852 20162
5751 26077
6409 22010
14835 17219
16581 20424
8645 12783
15423 25935
19448 24853
13880 19546
5620 17755
8806 20480
9871 22646
11488 21618
5288 24415
12703 17280
2518 23600
20926 21127
13725 27821
13984 20258
3592 12729
211 27790
21980 23294
2124 6261
2212 10777
1468 11315
7494 21162
11251 12282
6801 14648
6794 12409
7587 24317
18811 23260
3019 7108
621 12236
8653 22048
13219 26066
7390 15728
16961 17238
5150 13762
14410 22263
9972 16605
9555 15123
6178 21261
10617 22799
1484 8775
19817 27788
13041 22344
19857 21886
3741 24016
9733 21460
9993 13191
11105 25302
6100 7827
15428 16323
15823 24061
565 6351
4369 5500
9849 18592
9354 22540
10704 19584
18272 23225
13681 21826
11240 21026
2293 12708
25482 27420
18659 21962
8973 15431
11349 20420
7413 9563
8343 16984
237 20467
236 18540
9494 21192
10350 17402
62 9795
20162 21470
3377 10801
7222 26796
7655 18499
22791 25277
7368 23462
7184 22541
10838 17292
9268 12422
10786 15831
3927 19654
4442 19964
15951 17842
2494 27579
4159 18902
187 3759
11746 16430
6820 22329
9736 20610
24900 27221
16192 27042
7464 11095
6792 7318
7307 21739
1888 18034
15435 22141
19288 27165
20016 20633
8361 9398
14215 20449
292 20579
679 7307
18610 23422
5089 21213
1720 23638
10921 19362
1925 22281
25437 27536
5071 21502
799 14308
4627 19068
4441 18726
13585 24918
7715 26555
9522 12947
4799 19468
4316 12954
11311 22269
10874 26847
7877 24040
8167 16823
5238 23947
9970 13778
16369 27760
13552 20078
15505 19067
9043 11790
220 867
2283 12892
7457 23225
2162 15572
12411 27877
1878 5080
22805 23361
21665 27247
936 26002
9316 25357
21587 23501
1253 4609
18062 19233
17121 21078
20839 21831
22227 26658
19896 25903
1893 10813
8959 15766
12600 26924
5557 8669
16611 18428
19817 27279
17279 24237
19221 27269
1122 3065
848 16922
1112 25121
6939 17306
13423 25608
2602 20816
5546 14546
3854 21494
15161 27886
2012 8005
6458 17492
3146 8968
1856 5731
18027 20355
12927 17747
4237 20909
12944 18030
3435 14635
24675 27523
1413 20094
2430 8298
3261 4531
23923 27173
8437 17202
11612 18078
18626 20758
19133 19873
6883 10460
3626 19721
7896 25769
7975 16905
4809 26508
2826 18374
11597 22186
3354 20039
22142 26004
4952 21438
5767 7379
583 23247
755 7855
5151 19071
1456 6715
835 10062
4453 6087
16232 16521
36 17782
2141 2922
11539 25523
6177 21445
8498 26589
5466 7873
17763 18267
4885 5728
9116 24286
16404 27373
6785 7179
6515 22237
15190 19863
9304 11360
16641 23415
1005 23141
836 7930
15765 24538
1834 16069
3774 16092
1067 15507
5146 9678
22184 22186
2571 22186
18002 22981
764 10056
9086 9226
14826 24405
1452 27129
4132 16515
4821 20713
17660 27879
5057 16984
1878 5549
3365 9067
16547 19131
3973 20479
13521 23947
17518 25799
825 15498
6054 14357
23594 23719
10598 23535
17280 18962
1588 8750
6058 18155
14830 25083
3654 21405
11416 13900
18243 24169
13917 16525
8151 14055
7152 23499
7789 25651
12773 17273
662 14174
25036 27101
6413 13348
1606 12028
7489 21857
2247 18674
7002 23574
11388 13338
4209 17241
8541 18210
8592 12272
5984 10612
10071 15854
396 8772
5699 25735
3156 25647
17902 21355
6692 22799
259 17523
20078 22053
5081 6601
9946 17051
4661 10063
1343 7534
1317 27571
14096 24027
24320 25652
2035 21279
7950 8317
7793 26503
18708 26641
2216 7176
18625 26667
21421 25042
12356 24341
14507 25984
13918 14703
1506 17084
78 11940
10974 12840
396 9799
8826 16442
17146 25420
6680 6925
10813 16535
7963 25620
16517 16640
6898 10416
23011 26517
17988 27787
10624 27190
6999 14418
3257 5082
23765 24403
18843 21154
22324 26514
2503 27013
406 7484
4353 15734
11216 16094
21438 23766
218 5121
1116 24064
11165 11953
588 13646
6506 25904
1163 19534
1878 22716
11729 13185
1745 25935
22581 23943
17 19507
8721 15415
4581 15841
770 25409
180 5711
14895 18906
6182 9823
153 21836
2628 10042
19978 24659
24398 27184
262 15679
18745 21883
7501 24435
873 14163
5074 16388
3449 21139
8781 27795
11572 26821
8887 25407
7314 21033
4006 4625
16909 18931
2348 3645
5222 12900
18787 23607
9105 19699
8016 24756
7132 10431
1679 17998
1397 7397
13982 14862
7348 14671
14010 24122
4469 26168
2776 20001
6678 19205
7885 19409
12066 19448
5978 15105
18473 22529
20421 26882
3091 27756
12023 19210
9226 10849
8384 24096
3872 8364
25524 26447
9826 23470
978 15863
15611 26146
2832 7361
4671 18526
6130 13252
17717 26075
1349 22665
111 20365
5326 5878
5338 26087
19154 21194
12690 21925
18782 25791
2030 3275
8155 12483
13373 26074
5769 23358
6971 26340
15703 24977
7892 18815
23686 25214
5333 24864
11854 12266
5644 17167
17060 17779
8813 27522
1860 6408
21421 24085
3638 4955
27006 27213
7472 21438
13603 24811
13856 24623
5265 15238
7145 18955
16124 25780
14219 21242
20747 25027
16173 27811
4123 10520
735 4218
2728 20677
1360 4900
12410 23609
8730 16774
6493 11950
3282 12066
11520 28091
22457 27758
15358 28149
17210 25423
4763 15049
6489 28157
6846 21079
22295 27175
11368 12506
9250 10956
13074 24866
23415 27126
15536 24886
7913 27257
11763 12879
2701 12956
2708 15056
6838 21297
11364 24326
5492 23772
12753 13036
16984 17757
17249 18136
18351 19530
3635 18984
17161 19948
396 8970
2701 9572
1767 20480
12260 14008
1013 24485
6741 15225
14584 21118
2369 2530
980 2996
2093 15749
4234 6725
6482 15500
2364 19879
8863 22774
11461 23606
9842 11993
6226 10023
509 6753
10701 25755
2712 18136
8435 19891
14108 22537
12244 14546
16467 17875
10282 17507
17963 20109
5327 14050
4600 14971
5322 9268
650 7396
4782 22182
4810 25036
23584 23744
3441 18967
11952 21143
9591 14694
18547 19019
10480 15470
9838 25381
19860 27143
7091 8353
1353 6958
7950 15781
8732 12228
5100 14564
18667 18737
5825 8711
4634 7820
12346 26753
15549 16645
5377 13289
7873 9683
22479 24025
24295 26457
19721 23785
9148 26901
1103 10282
4741 8012
4566 27484
20138 22446
2412 7594
3266 5161
18081 25840
5437 22163
26753 27758
1649 9038
6776 14091
8251 25107
2798 15117
12543 16619
1222 10930
12236 20572
16941 25639
9472 23376
15472 21800
14949 18940
2657 16253
2692 10965
2648 7728
19221 22579
14474 26366
7758 9494
19708 25464
3874 24354
11876 27085
10230 15075
3710 7145
16197 16603
5839 18056
15216 18120
4509 12458
7982 23953
805 3947
6763 20347
14294 26837
10294 27681
22180 28081
19701 26160
13718 26930
14672 16922
7338 26053
11113 15365
3197 23688
1852 15271
3609 3729
1574 21253
8972 15512
15404 17356
11619 14474
13623 25297
2283 26077
8649 22290
5456 23143
23767 24295
11816 24594
13088 15717
1511 24681
7464 8223
14113 16142
21735 25239
7977 10484
4256 20860
7390 21230
4205 13193
14912 25893
18141 25310
9004 17291
1153 8734
23496 23923
10287 25172
1023 4209
1405 12480
22761 27405
4743 8959
6695 12965
9670 19495
1264 6639
18837 27514
2227 6671
3179 16686
3210 14514
956 16587
8114 13296
8012 25793
13564 15839
25247 26926
16117 23521
2988 8357
10842 18136
2788 10935
1488 23531
15550 27578
12915 26340
12921 23409
19278 21681
11619 14501
6889 14690
22805 27085
19177 24521
22255 27746
16276 27792
5967 7928
1116 17064
905 23524
6196 24061
11814 23529
8616 16566
396 26418
10990 25930
5057 22621
4142 8751
9847 21403
1223 25083
2726 21671
10294 19018
248 19536
15376 27986
14499 15863
24023 24064
24679 25138
2856 19007
21508 27097
5318 10661
10746 20520
1214 9699
2064 2960
2414 18169
14964 28099
5084 5571
9215 19723
3589 11807
5793 7677
11009 19347
13385 25064
3859 24155
21696 22159
3354 27841
19396 24121
3399 25245
5950 18626
5669 15401
10990 25557
10146 17779
4802 13110
5973 6202
4665 5724
17906 19927
12246 25280
20226 26672
1873 22998
5082 17241
5910 14463
7595 22475
13355 15294
11935 25419
2569 4108
8067 23566
140 9716
5636 22691
16516 20674
7910 20031
14463 17819
1670 27279
551 26907
1817 1893
12341 22436
269 9930
12617 20296
3940 8985
2141 15778
7387 17165
9039 18457
5665 7413
580 26147
2111 23062
4595 14672
2666 16374
14910 26409
2849 18269
8300 23641
9418 16184
1178 17089
10330 24131
19518 23007
4962 21105
12918 27944
14767 24288
349 8961
12573 27158
8479 15679
8212 13721
2735 5371
127 3147
2882 10833
5269 19459
20789 25550
24299 27637
20636 23023
19314 24424
8098 16582
673 18911
457 16686
7152 20564
19686 26786
13114 18417
5465 17428
1435 5984
15713 18823
7836 15791
3940 5867
16092 24657
13585 13905
4082 18691
11867 15188
14494 27790
6565 9013
14515 21162
13472 24255
17775 21131
7588 10496
11330 24765
11689 14431
2942 26174
17166 27909
20975 23214
3398 14794
13832 15224
6495 20222
3172 5943
9496 15610
11128 19040
6358 15048
7541 23751
6314 12284
3522 7374
17166 20309
3381 28074
17339 27514
4029 24582
13862 25433
18588 19760
6881 20156
17747 22441
11363 14307
3608 7412
9521 18027
1851 26467
17773 21123
652 23456
15672 17214
3118 23122
2547 9617
10022 27520
3465 5352
16268 26766
7355 22493
14016 25197
265 12853
13592 16702
17536 20833
11746 26774
15148 19398
6473 22512
19189 22871
4391 23929
21084 22230
15384 25945
13820 27381
8434 21812
7584 20906
4952 12356
7698 11030
343 2570
14796 24069
8229 24915
5961 10714
609 22142
12690 16276
19584 23763
2917 18839
1917 15337
12388 22012
3689 27745
13209 15151
3326 16360
7626 25666
22278 26639
4290 11758
12757 16887
22814 24177
25875 26958
11925 17787
8548 23175
19210 20008
22273 23923
7747 8143
13728 27005
18906 24638
4253 23178
10701 18615
2520 21960
13918 25185
6516 11286
20502 24325
11796 11987
11332 21856
17018 26980
6257 7005
17407 23553
10639 11251
1573 21962
17779 18736
3728 5386
6623 21969
9154 17222
25341 26103
2379 16695
1249 14795
5296 26363
757 19097
20657 25336
21753 28158
15829 27441
18669 18964
1020 1456
1604 5327
10189 11149
17683 23277
12920 13830
14344 18387
17164 17530
14573 26139
14136 24145
4926 15891
4043 6233
9795 9930
11306 15179
9854 23771
3796 14167
6422 24317
6262 8138
6355 27449
7949 17399
19170 25452
1106 7975
19194 26905
3169 28088
19064 23982
22606 26239
2577 22340
963 12475
7491 19726
396 19732
3209 20763
7420 16985
7890 25240
26311 26503
9086 17823
2583 16907
3729 21732
2849 10725
7499 11187
3184 8220
4035 20639
13465 14549
7881 15482
18298 21275
512 4551
16906 21970
16935 27298
2325 16151
22819 23655
3648 12792
4373 24904
11880 19169
6381 23665
4336 10685
13697 20310
10579 14572
19827 25390
1920 7375
5569 9144
16961 24557
13227 24224
5042 6120
1023 24538
26617 27051
1925 24912
727 2596
1375 10961
3206 21343
8920 18379
11946 14055
2334 3293
7221 9710
7195 22453
8657 22956
14099 26004
13810 24616
4671 9774
13055 13579
4422 7001
16276 17907
24069 27819
7908 27279
8872 23286
17662 21881
5984 23708
15443 27686
5284 22457
6324 11484
7514 12484
15367 27495
2058 14849
15452 16592
26209 26345
12105 14489
8291 26458
867 8790
4967 6728
3828 5493
1762 20727
12300 19874
11216 17965
4269 23330
425 23254
1466 3122
20909 25106
9436 15973
3482 12590
13347 22832
10114 16986
6000 15063
12426 25754
2102 4129
25006 26358
8954 19940
656 1996
16463 22106
15968 24374
25117 25261
4626 24005
16373 26935
20931 26010
6359 12010
17240 17731
16942 22744
13887 19525
10173 22763
4041 11285
12385 15617
12000 20097
11841 23659
7603 27681
19611 22321
19727 23492
3731 9559
9553 26503
7699 15967
6280 28181
4414 17717
2460 10279
23459 26053
1878 26659
20092 24637
867 18748
3104 7358
8863 17867
3810 16027
5699 6677
14228 16922
7765 11492
11160 24023
25866 28166
8397 19868
7031 21278
973 2002
9228 22848
21064 25214
5807 8530
2022 22210
4209 6796
8299 18775
6981 16686
9955 23617
6385 8168
1878 27922
6158 6573
2646 5890
4142 19952
1878 26673
20419 21334
16955 20144
4101 24444
13780 15442
21642 23934
5583 27594
22896 24320
154 24274
14167 18764
1402 11122
9479 24457
789 3779
2832 27821
10747 14136
8772 14844
770 4672
25249 25269
18775 18944
3197 12864
4672 15418
131 14378
22226 26186
3359 4489
4717 10387
5876 17700
828 19857
15067 24255
1603 10050
1349 24292
2964 4827
13969 22896
401 28100
19751 24804
11804 21798
16963 21248
4693 15477
9873 16536
11011 19304
17559 17992
6618 24999
14500 27819
9746 14048
5168 16884
7976 11692
22966 28038
3648 5579
6482 10071
18606 25445
4168 18522
5008 19285
6773 18160
4749 10957
15634 18019
11982 16239
7522 19787
9295 20779
16928 20573
11323 15798
13875 26560
18478 22193
7966 9496
10719 26591
11023 13294
7456 11594
12657 14997
14092 19112
2872 17905
13090 20054
8304 10956
10937 21881
13530 19631
1746 24926
15356 22769
485 20611
9182 24999
15736 19704
10023 18521
5691 20831
6611 8147
5496 14534
23574 27324
20824 27887
7871 21927
11465 25653
17416 24656
828 20032
13049 22865
11128 25196
4603 22981
7419 24242
12551 17214
227 7018
17071 27841
12411 22559
881 20118
3545 11490
828 13846
7286 24950
15055 21944
1477 9934
9833 9962
4614 14479
3287 4065
4101 7820
9385 15730
558 6830
10585 23520
8297 18939
9847 13707
7031 22071
13744 18788
6838 10135
5504 15652
3423 27896
9038 13690
3987 12512
3781 19893
8970 18507
26763 28264
14327 19746
8344 19827
22384 26812
11197 23723
11393 23146
811 25180
14620 22178
1442 5914
7053 22045
10373 14519
6876 7150
23116 23721
12356 19033
7490 14776
2882 8084
8381 13831
18755 27033
20197 22334
26053 26947
2330 5297
4807 25035
7592 22420
1614 18477
4342 13071
3341 22938
2438 15376
10816 26929
14892 25081
21999 27126
10406 17923
7142 24943
788 9591
12451 23615
1349 14033
4815 4942
544 12012
1140 16905
11411 16806
272 3734
5 8775
14701 27536
4677 6826
2127 7707
11062 13897
4230 8699
11333 26022
13091 17468
8116 13647
15613 18050
2359 3676
16742 24219
8498 13970
1622 12056
900 5761
473 11696
6026 18302
3964 6896
6609 15059
731 11447
10844 17046
3401 24939
4646 12972
3437 9833
26709 28195
1015 16289
953 18871
14228 20046
7538 22621
14865 15920
8075 14991
9776 17563
16827 27676
1578 8734
6894 26808
23143 25547
6708 11682
2836 6578
9583 26587
20084 27352
15348 22491
16465 18032
1831 8964
421 20054
11347 16767
8454 18061
3313 9354
2336 22012
17196 22832
568 17641
1311 26176
22568 23492
20314 28039
16511 25682
8754 25299
12069 20108
5448 7832
18249 26091
7987 12356
1979 3139
114 7308
9662 22184
23619 25983
27543 28234
7009 7150
4745 25068
20375 24501
4132 18436
5989 24419
5378 26320
18583 27417
26409 27703
3126 18504
2925 25699
2161 22200
10008 19047
7885 19548
9590 24127
16884 27815
460 22516
2185 4711
9438 21234
17562 17991
6077 23836
9491 22363
1193 6763
5944 25850
11916 14418
11047 27101
1602 21438
10324 13901
4896 15907
12659 20691
722 13272
5378 26404
758 5205
3285 14758
3528 10967
11757 20053
3456 5263
3419 7911
396 1795
15292 25259
20577 24749
20475 24636
18039 25437
229 22225
11809 15543
4218 12225
14728 18591
16488 18454
23721 26810
23970 26168
555 20841
10487 11727
4234 22965
7707 8427
1232 23610
16829 23591
5304 10601
13928 18449
7034 22416
11395 15022
4719 20876
9305 23278
7908 21712
20069 24062
11696 15665
9390 17627
6355 18669
3164 15372
8385 23336
20813 22042
15429 16333
16238 24621
24219 25397
23915 27837
4423 13405
16131 20360
16452 18249
21505 22253
9809 22896
4325 18208
26528 28164
1952 12888
16559 19662
13257 27179
18567 20624
67 21126
10230 10936
5117 25174
15429 23857
6177 24444
6624 15130
14635 18883
9045 23440
14403 26294
3634 5153
11185 16196
15894 24326
18993 19639
9959 16584
3197 13222
3983 14140
3101 22452
13556 14717
11668 25831
25272 25991
9717 12530
21032 21072
1499 19790
9470 18367
2247 4886
2002 27841
1878 5411
7601 9066
5493 17250
722 13121
11599 26991
1823 3537
22246 23619
15195 24374
1152 1429
1878 3152
11262 12461
6601 15072
4359 10326
7149 25713
8830 21003
11985 26366
11797 12312
7029 14276
9416 24104
14021 20962
3805 8771
22285 28209
8946 24746
11809 15074
6177 18894
82 14519
1347 14025
10563 18400
14472 24854
20849 24601
2270 15845
8063 15992
9922 23139
3051 23687
25519 26176
20162 20758
8145 10837
14798 26322
867 20021
5087 27221
10375 16909
21815 27867
2563 21522
20060 21134
1755 3708
6188 13232
2697 12357
6539 11759
15429 23193
2816 17027
2438 12828
14010 17787
2423 13486
18521 22476
4282 17953
13760 22457
2880 12270
11019 26340
24520 24741
2381 7224
1 2003
10467 21156
2811 7318
853 27457
1399 9090
3488 28211
21505 26476
10951 12988
12725 22981
9963 14782
5595 22028
10833 16469
17377 26899
1707 7813
867 3010
2830 21563
10344 21079
9614 15735
7759 14704
11920 21110
13681 21149
21440 23867
18223 20066
7325 27405
14771 23719
14876 17898
13291 24005
4111 25676
12257 14023
6367 10018
4508 19651
20906 26173
8085 14631
21737 22349
3608 21823
8124 25693
10517 16359
2628 17717
5621 23686
13915 24904
12452 27013
781 4203
7987 13023
19639 28211
12199 21109
7285 25997
8481 17717
9976 11300
2484 14635
681 16386
8124 19395
5386 26137
1828 17637
12927 18084
16094 25653
11551 15409
7930 13787
14586 22036
9624 10290
16905 27932
2672 15011
10594 27867
24313 26347
7289 26848
6190 21260
23664 25775
4261 22227
11975 18518
15108 28156
3733 13564
1052 23593
11801 14534
6239 7987
6134 24270
27383 27446
13910 17787
10776 11997
19368 24549
868 10598
9759 16636
14411 25241
22581 22630
15104 25676
4218 13202
369 12642
4612 21681
9755 17929
3024 18982
6016 11619
7015 26702
3059 10293
3666 13282
703 6753
7323 16175
12260 16999
3714 4496
165 5701
3188 16848
1428 9944
2288 15267
656 14464
11363 26811
4009 18521
2369 4075
19484 23525
11290 23295
20657 25165
16587 16600
12366 27105
3877 8643
8817 25193
13619 18318
1985 20567
5949 9268
13444 23566
11766 19177
2227 17258
1240 5206
6977 13021
10033 21000
448 22114
8083 27460
874 5137
11710 23143
6363 7354
17781 20018
11131 12161
4408 15082
19541 20551
8584 21946
18188 23430
11416 20092
1851 17115
10698 25977
8085 14749
7273 10601
9252 14920
6727 14902
6129 23775
8734 20153
17545 19576
10990 16272
5371 9226
7676 19538
894 14778
1095 21976
4409 26347
8795 21867
1821 11671
6725 22935
396 6876
11544 19579
3463 10619
10971 25971
21739 26074
3583 16437
19409 19548
12650 17472
4980 19778
8544 21707
17908 26055
8249 16568
19826 22900
21216 22507
19161 19190
9031 24853
16809 22761
9846 22766
14912 19865
2605 23502
152 916
12174 16457
13782 15001
2024 9466
930 8957
2438 4806
4517 21275
8920 23672
155 14753
387 3641
10593 16991
18001 21633
16511 27377
3947 13845
4945 23399
20667 21094
8096 10209
15171 22008
14021 18386
8396 9416
1979 20503
6651 24325
6832 18908
2435 15232
406 2191
10210 21351
11748 11978
7174 7577
15330 21132
26930 27788
3188 23561
1487 28157
14072 17787
16979 17198
6743 10916
8251 8746
7091 12983
319 21633
5455 21391
4701 26528
12689 18189
1273 8349
8970 21150
8539 8757
5606 26832
2609 25238
11484 27645
5453 26787
7471 25817
23703 26244
19853 26413
3072 18958
929 3622
15162 27810
1213 9595
16602 28147
189 14243
1609 24221
2334 21056
15192 17795
8593 10279
18027 26554
11182 17682
1590 22971
609 12356
1043 25962
16679 20046
7560 27273
5079 8435
23483 26635
3928 15466
19005 23767
11919 21436
14947 24771
14757 19124
14082 21910
9878 20804
4933 24171
10971 19591
7103 17444
1034 9495
11264 15133
9616 21955
11978 21484
799 25329
5946 15230
1940 23141
9104 25337
961 17639
14784 27286
17078 27745
12218 19169
11917 21738
4826 9251
230 15190
15047 15141
27293 27428
1176 25138
12033 22729
7229 14398
5018 15701
11438 27374
9951 22182
1768 27328
4611 19815
904 15784
8246 13681
5003 7997
16104 18456
6209 13385
8533 27101
11868 14679
848 27030
2803 24005
12561 17939
10102 20980
11059 22235
22087 25881
5699 9193
2701 11880
17178 20833
14416 27106
9429 21999
14697 25157
20778 25017
4802 27816
10609 23201
694 25981
5701 26303
6879 28272
5458 22250
19827 20441
12 26124
14043 23074
440 4743
10805 19253
1122 9575
12512 25520
11411 14912
15297 23926
12903 22579
22664 23265
8166 28253
13215 17981
15302 17889
7401 9255
10800 25560
2625 24042
12282 15985
21304 23254
18851 21593
8057 22634
3126 13149
944 8925
6994 26546
3574 17692
3872 13186
14791 17456
18431 22821
15155 25157
6361 21997
21423 21945
17146 19356
2882 7861
5160 21665
1713 21619
21139 25607
509 11545
6885 26438
697 3439
1293 26363
9438 13395
6741 27844
15749 18521
6680 10056
10453 18127
347 23020
5121 19343
7911 10967
2596 9994
18259 22933
920 22481
26446 26724
9915 11880
3712 22112
1350 10706
8467 18861
5546 25781
4564 12616
8852 23600
9006 24240
16928 27938
4831 26793
3287 10462
13208 19315
21372 23522
867 26012
12033 13687
9897 10325
3410 23345
2368 14452
8351 19691
5060 16595
19694 24756
14959 16900
3296 24829
16629 26053
3665 15676
21355 23285
18267 19122
1878 10464
8085 18055
12426 24241
745 18603
12554 22905
848 22454
6663 6861
15925 25911
4531 7290
1767 14683
2667 9989
16640 27927
3537 22650
5087 15500
1213 2653
11925 18996
1900 15734
1374 28214
896 21651
17017 25979
2720 4366
4756 8361
22163 26915
5416 26371
25229 25904
12091 27841
19119 21858
23788 27867
6239 21726
5832 15683
2213 10390
2112 11627
3451 14129
16954 22998
10023 23736
11636 20196
5547 18388
15250 23736
16847 27129
369 1275
19446 27326
16496 23171
1142 13980
6717 14361
910 11011
4327 4942
6432 23400
15302 27222
5485 23120
18056 26964
15276 16557
5716 23944
259 9720
12782 16966
2707 22858
3775 17149
9356 20427
1005 17700
13391 25709
11386 15133
220 3154
16794 19521
18121 27992
847 22898
7354 17601
2954 17443
18304 22222
10714 23621
26591 28157
8734 15538
481 9236
15588 20273
12135 17963
2518 27790
27209 27375
9794 22872
13554 19325
7552 8982
505 16656
4581 15549
19201 20956
7725 17640
5984 12399
17138 22269
7930 15369
17917 27508
11216 25610
3845 9685
14368 27643
7695 20504
15907 16418
891 24884
13299 14462
16210 24656
8816 23355
4072 12349
3689 23530
21649 24469
4509 26502
12128 12614
17906 22020
8471 23999
19190 19746
15251 17972
3428 27643
3741 25171
6071 18556
561 19200
3599 25286
15512 25730
11816 17473
187 12004
8087 21957
22515 27490
5864 19424
7373 7869
828 2986
15464 19839
1622 8841
5205 15419
5117 18947
18219 19247
6940 11193
14128 18954
2284 25255
24056 24241
2148 2527
18768 20113
3872 23075
11261 14228
15327 18685
1242 19365
15505 17730
17407 23929
6753 16961
4606 25327
4671 18099
2031 19422
3987 9828
9648 22079
4064 19504
110 8057
949 25538
9730 16550
12228 21680
3439 11305
997 7592
1961 16364
10157 25504
948 7820
8905 9884
11880 13762
7419 7770
13195 13890
9942 15125
12423 25901
686 10819
854 17086
4870 21247
15009 20477
17649 24268
3638 21829
6287 23430
17683 18679
1999 27612
15633 23863
19867 20384
9426 17003
2396 8515
22160 24846
15103 22784
1663 7883
7297 19140
12228 17938
3784 22771
3411 24246
4091 7881
14820 23561
3665 21963
867 18915
14445 23254
4415 24410
627 2769
6657 23557
560 1858
1823 22650
9243 19289
10169 26176
1369 24041
18033 26363
5019 26677
10473 25345
14814 22726
4646 22980
9536 24659
6355 18369
2180 9094
2161 18403
14029 20233
9544 24733
14577 15290
10449 10792
14093 24221
11473 23444
6981 15221
7523 24061
10258 12678
16554 24163
14291 15481
5416 10421
4121 18643
15676 17787
5680 22746
14594 15894
21296 27263
24158 27382
5295 16201
12801 22015
8717 11629
749 12496
582 3463
23151 24379
3225 26698
13682 18281
18471 18713
18391 18618
27964 28258
17599 25691
4217 17047
2544 22200
8893 25088
17366 28100
2280 22454
9236 24018
2560 28041
3358 6578
3362 16953
9700 25266
5201 20355
3715 16276
14767 23997
17220 21066
1928 1948
841 6209
1155 24323
24869 27025
1223 14418
12228 24061
509 23521
15330 24267
1789 25125
18662 25038
3296 11148
455 19327
8396 14341
3728 14969
9532 26589
12641 24994
20876 22040
5327 19853
14565 14971
15543 23932
25460 26062
17383 18667
8887 9565
21107 23590
20939 23510
22931 25571
14803 26976
6868 26061
12451 21902
3021 13669
10175 13868
2605 27004
7777 25286
98 17226
13397 18172
3643 20625
8001 26131
10618 26346
1033 14798
15179 19029
15055 26892
2771 12424
21257 22436
26505 27655
20417 22498
23497 24222
6255 6705
4487 8000
5639 26418
8174 17013
1774 12692
15543 19862
569 811
1 22630
5267 17056
8558 16271
20367 22714
2785 7813
2012 9615
12642 16526
8894 18671
1823 12307
17305 27030
12703 16862
8249 16111
7934 9218
9417 16176
10173 14001
480 24904
23023 27329
1091 27227
19204 25020
22533 23265
14037 18496
4361 21889
7915 18286
12010 12436
1073 18652
23719 23954
8411 22154
2178 17905
10954 20757
1140 25602
3068 13764
5284 24164
19246 25803
11878 22902
4719 5669
3889 24057
15286 16311
14563 20663
8670 20826
17883 21606
8925 12614
313 10927
4218 16802
3831 20334
7108 10967
2888 24613
4097 22667
23368 24905
10967 26379
9173 24334
11826 14672
6629 15689
3735 27403
7475 26452
101 1689
6235 28121
7563 14351
7758 8243
22905 24032
8875 26880
25301 28277
24556 26527
15179 27554
4158 13875
12904 18894
745 15321
17487 27795
8826 25972
14122 17923
12363 22814
7571 8381
15776 20501
2093 9250
7205 17214
6454 8816
2986 15727
17161 22810
15070 17089
17904 22507
16152 27521
12308 22111
3157 10292
1704 10971
17664 26017
8821 21827
426 10935
21990 26078
24065 26284
24061 24255
3647 17071
10639 22775
10357 24798
3647 13651
4012 22650
21835 27864
2718 18848
4009 9055
1882 25578
2945 26237
1301 4021
1072 22224
22977 27197
11363 22010
481 7183
7414 16046
9975 16511
3421 12034
2064 2852
2386 7419
10623 22593
12426 14703
12444 15426
13998 16905
1335 25822
1172 7987
2443 21000
1736 27247
7260 12947
2291 25399
5330 14080
15836 27702
448 2349
6870 10884
1308 12622
4646 15374
3544 14743
8959 9749
1358 17507
16117 28217
1755 14731
3734 5309
17958 25695
11531 27725
17573 22112
5831 14947
4324 26513
6590 22657
18423 19291
7202 9698
3698 21776
18044 21809
11584 12481
4260 20085
7384 23461
4456 19068
4653 25838
4721 9356
2929 5102
5315 14064
7185 22956
3354 23242
1491 13937
2700 20060
9214 18471
4574 25617
8384 22835
867 17599
9491 13047
14763 21878
976 8923
23147 25803
19548 20594
8465 14407
2392 25978
7031 21746
19289 24784
3860 11295
5854 20448
495 5327
10325 16656
14301 25327
14829 15375
714 20934
16102 23867
14024 23056
1605 26571
4442 26950
13635 23915
3886 5738
11678 14044
4024 9821
10534 16477
10042 17717
10217 26694
3104 18061
22901 24879
6960 19230
1614 5630
7881 13173
2712 27693
8864 18392
2768 26173
60 11867
8424 23396
5485 17963
9123 22200
7368 23195
4838 21107
9860 19764
5640 5913
19409 20136
18267 24179
10090 19169
8705 21582
11847 19739
19169 24373
2980 4456
4205 23524
8683 10356
1012 10757
2389 24783
2160 20974
8846 19086
5972 26946
24105 25995
834 13206
341 1730
1970 22885
18736 21849
1483 9574
2606 3667
8700 15063
13276 24624
18704 20476
6255 20447
13008 15804
15741 19787
4721 18958
16602 17429
19788 26617
21840 25169
17416 18618
573 15000
13744 14464
6587 21806
11091 20179
21349 21668
19978 23286
21673 25107
5598 25113
9683 24055
17767 22237
7166 7750
7968 18831
13317 18855
21113 21293
15592 25539
11953 23269
609 17545
8824 19155
15837 21944
4635 10908
12225 23857
6514 15639
10050 22024
3648 25012
6829 14954
13329 16932
11627 19819
16741 23707
6072 22153
16224 21866
4966 21668
12056 15141
19275 26493
15047 23361
14697 23608
16163 19852
9329 25740
17984 23225
14270 16976
5815 6672
6868 24425
13316 24806
3937 11322
5359 20601
8466 13326
18108 22035
12369 27374
7382 12485
7132 13501
10935 25308
14429 24000
5267 19033
1223 8703
11253 11436
16609 19444
3647 12843
3734 21589
8817 20958
23254 23679
9077 15666
23145 25488
4826 14090
20705 27648
27316 27815
115 2677
13477 24299
7658 24502
8554 18474
8706 20282
11104 14520
8385 17603
5082 15015
21563 25816
341 19732
5372 9323
3121 19326
3400 14433
12909 27495
3337 16077
4009 9441
6695 16999
558 943
7677 13700
8649 17423
1600 22167
6116 17813
9089 19189
7350 24601
6876 11674
25088 25412
13592 18366
9019 17273
4080 22024
3307 22365
10293 20160
7400 25646
10967 24843
535 20292
19342 25956
16633 25261
7920 15785
10443 16634
8772 21384
10645 25957
4302 25831
8368 18541
9041 27522
13307 25198
3586 20991
24053 27225
836 867
11735 15497
9536 20661
7166 23897
1687 23839
8846 14010
2285 12137
4550 7144
10756 16323
18668 21619
13480 19269
14491 20778
11199 16432
16025 22024
16112 16624
6848 22420
8393 12099
5502 22996
21769 25959
16898 17880
3845 6458
17443 25956
5606 17466
3890 19203
6546 14683
24551 24719
3864 7835
24653 25397
11045 19818
3925 12657
2389 11483
920 18745
13906 15163
9583 26825
9865 25562
13299 28181
7635 14767
2710 3879
17785 22543
3161 26796
13935 28185
835 20100
16098 26616
10232 15891
14560 18580
17228 27795
20766 24023
9252 21393
22340 24874
3295 3808
21218 25530
5354 18717
9137 20640
4952 19004
13 22973
6538 16312
6876 12114
7467 28177
12215 24069
6677 22420
8169 11829
1950 25738
9327 24216
23459 27969
5721 8858
2539 8397
11366 25658
2825 7932
580 15267
12114 17561
12753 27899
2588 26825
14860 24575
6667 17977
11743 22511
3534 17754
137 11552
3543 25838
18007 27845
3859 9095
810 27625
109 8381
12312 14632
8957 13353
7458 15120
8536 9851
2701 11627
19171 25432
9109 11298
23645 26192
15069 19130
8946 21173
16582 17489
1697 14301
16862 25165
3357 20786
8469 26026
21792 21901
2954 13032
3121 9631
12075 18724
13747 25468
16656 17134
7758 20837
12324 23409
10303 19610
4591 8187
12388 17829
12257 18679
545 24872
12103 22480
11529 12574
12677 19053
7814 15458
5252 24122
919 7950
3305 7637
12260 22334
18228 18723
11541 24200
400 16865
9033 21891
17076 25116
14933 22156
2843 16081
833 14163
6215 12949
6493 26347
13831 17963
23022 25169
17787 25301
2150 3065
2527 17892
12565 14390
4253 27490
9403 24061
15298 18251
2435 21094
21341 27152
8151 27508
7223 19322
7075 9553
11465 14297
12689 24752
8511 11443
10757 25066
273 359
3994 8916
7195 25981
5760 23022
13091 18626
23347 24860
7428 25108
3727 28073
1833 12639
5848 14598
9142 27658
18824 23286
21426 24251
18262 20038
6815 9322
7959 16656
2787 12361
3203 11677
7885 18669
7080 8183
11709 23932
20645 27375
22163 23872
660 5004
9966 25236
9850 22226
16219 18203
3872 24742
14157 16188
14633 24503
2285 16838
8952 13828
8220 24226
7911 23106
20815 27142
14865 27872
3139 23152
2124 10889
2826 7183
25683 27788
12077 22605
4103 12869
11754 23846
23321 25758
16091 21710
10189 20081
16029 22607
1860 17035
850 20170
16422 27906
20222 27750
4178 22634
10800 12160
2182 17167
2225 22329
574 18547
8293 10765
17317 23267
8692 12649
7730 14153
4414 25677
9138 25614
4430 10772
13383 15928
9478 20897
674 17558
16031 24051
17630 25443
12518 26396
15339 23422
7349 25575
13943 18529
6526 18342
5669 8299
4302 15416
9442 11693
10773 21164
11720 12128
1850 23857
5191 13150
8898 27326
18302 26187
14534 26518
11659 22506
10693 15939
441 22605
6147 17574
3146 11740
6295 16608
10419 14968
14911 23400
7589 24428
8290 22031
17939 18729
11806 16022
4689 11997
24372 26892
4581 14637
13663 20069
17054 18758
7721 16498
20109 20737
7826 20187
17599 26077
5081 21029
3871 9020
8663 9329
22233 24862
2527 4529
11076 12234
5902 12877
12244 25309
14380 23278
2928 16262
23199 25914
1921 12927
12779 14644
8806 26740
4357 23521
1462 13878
2791 17278
5691 22901
2664 9497
8773 15573
21616 25136
3551 7348
2970 23566
1197 23323
3795 24736
9793 16576
20563 27189
7493 18489
4552 22080
8071 17086
18413 22988
7325 14477
18831 21377
10539 13848
9421 9884
18177 25028
12078 25975
14280 21080
4804 16268
6453 6946
513 25286
520 7493
13141 16184
5435 18019
5511 16910
18004 24778
12771 22927
568 22766
1674 27833
7289 18475
8749 25137
820 23338
22279 26535
16227 27700
9215 18679
4648 12423
1117 21205
19900 23390
13058 17354
16953 22835
26758 27685
5734 13827
1368 23372
1456 1925
14898 15804
23904 28103
12010 18911
67 9569
9018 22214
18823 21723
5396 27792
3331 10880
7420 27403
17601 27719
13968 18029
9488 23619
96 705
4391 7229
20099 20654
16656 27944
25547 27087
12161 22985
7809 14124
8506 21211
21294 23721
509 27705
13087 22063
3476 6635
4362 9252
15450 25329
3667 11200
5093 17032
2592 28158
1138 18982
13056 21853
14153 23540
1605 26723
5288 27819
7654 9080
1770 4237
1879 27660
14964 20363
21569 23442
16609 17963
16187 22256
14809 19381
15293 21849
14427 21202
3985 5665
17146 17653
4708 24075
8581 22183
1925 18638
15973 19008
23037 25822
4086 25265
26836 27659
5978 7606
9716 15741
2288 25468
7320 11047
3340 22987
4717 13175
9654 11812
5886 16984
2040 16094
8298 19479
2980 5082
7360 22688
19309 19796
406 12433
2710 27989
745 4603
4561 15200
15803 16111
4704 7306
5705 12549
1871 9831
89 28238
10497 24271
10473 15610
1878 20758
20730 27954
21505 26116
7047 10164
2128 16026
1921 24274
2320 14404
57 10230
8939 21716
16404 23038
8708 11264
11129 27722
8967 15744
14359 28077
10464 12434
1832 19359
14344 25626
1462 5124
11360 21716
12040 15583
16551 17964
6745 7360
20258 20554
15480 17245
7229 16879
7820 19819
21451 26189
1259 23744
3568 13148
11797 21226
1163 14588
5445 13819
10194 10488
4031 16766
2124 2368
1814 6800
11080 27788
1114 26872
10937 26177
9666 27476
12257 21438
23288 25328
9330 13779
21019 25181
9429 12954
122 8359
4274 12056
13343 24453
1925 21772
13414 24610
1153 8573
1733 27362
10674 12341
12325 19814
344 9750
11243 18386
9074 23141
4132 8497
11766 25017
1113 18824
11579 17248
5952 20655
16152 18212
2588 11462
16136 26283
5205 5418
5082 8775
2133 11269
714 23339
13970 14418
2353 24998
8749 15543
18708 21387
14402 20380
1732 15906
2943 26397
4831 26688
11804 12244
485 3892
9944 11463
5371 7959
2929 7555
6055 24904
2116 4902
1658 13787
9454 27205
20323 21130
2259 9229
6702 20497
788 22696
9242 13977
3720 21010
11965 21811
20201 25886
2189 10067
4609 23137
4199 11623
3689 6212
4386 22894
17787 27642
3459 22411
4289 25047
1134 18078
16641 18850
8891 16806
8895 21351
15386 23385
183 27851
21227 22880
9067 15047
6221 20726
7982 18481
812 13035
5587 17461
17214 24274
16865 25683
1596 12665
24904 26292
8168 28037
1820 14527
14082 14696
16054 20495
4321 28272
259 21430
339 4098
4180 13665
7137 17073
7877 11916
18521 23016
20069 26770
12660 25699
584 4599
6587 16472
2677 3255
25366 26689
4512 27607
6676 13926
16753 23635
8148 18814
23571 23722
10934 15853
18371 26688
16629 27124
485 17020
13291 18920
7854 20099
1105 23274
3999 26841
1461 13328
2076 14050
9120 17194
7478 24424
12556 19712
7584 23769
2883 22230
5531 13661
16898 17662
14794 22326
9502 15699
9124 13522
7728 22640
13234 17953
2744 12708
867 10341
23260 26899
11366 17730
24298 25023
6965 9154
10187 14471
8108 11030
22025 26869
7162 18211
3331 18775
6629 8858
1415 6981
1178 19442
1489 16038
23553 25174
1001 20219
19189 28190
1936 2086
18629 21552
7373 7497
19045 27393
2547 5550
10971 13018
14623 24634
22765 23143
814 14838
12674 23253
580 18891
7607 13363
3881 12927
12217 25673
8132 18034
1170 8188
11022 20766
21654 23106
11034 15610
21003 24062
9441 16046
8906 11241
20129 24895
11816 11992
6968 17725
5458 17080
2646 13058
14352 17768
26245 27312
13597 18024
2810 7703
9846 28200
3667 24629
7360 7792
5178 8588
18039 19068
6577 8935
10279 12457
5342 11216
5702 16187
12397 22711
5406 22504
13094 15996
5614 27978
11124 15597
2712 21074
8513 23142
9454 11495
1223 7488
7772 15565
13291 22787
16276 23705
15741 27274
20116 27464
15267 25182
21380 24062
4498 21010
12920 27143
15433 22966
973 6894
464 7696
22834 23496
2 26177
21135 22292
6258 24828
3725 16221
16258 20046
16591 25865
11134 15376
9008 9746
8324 19847
4954 18565
5945 13725
17274 18781
11248 26935
108 5598
5767 21815
19768 21798
8516 15770
1951 3103
14337 28182
18475 21864
3326 22288
644 3257
3430 9317
16352 16665
34 19926
21449 22288
6994 20313
6927 21336
2227 15633
3997 15376
1609 1729
2243 11646
8120 10197
4607 13527
3 9093
3453 19683
18178 27710
1516 12376
4416 13976
10646 25011
4742 18437
12318 15894
3989 9583
8893 26958
24490 26540
16713 25564
3661 27418
4891 25525
4737 20162
15292 15345
12452 13744
7919 16470
5583 12402
9281 24904
16017 18265
11233 14341
7021 14082
16850 24575
28051 28179
3114 6681
11368 21086
20657 21415
19772 21816
1259 23584
13173 18308
12446 22223
15357 26457
26990 27669
22698 25046
13661 24588
12214 19337
3728 3856
16406 20179
8361 11295
15815 18834
4352 22950
17526 18293
11744 26459
5062 15531
16188 16697
7556 17237
5000 25873
7307 21257
21279 22224
18717 18827
13249 13501
8122 18704
1 5011
1685 7881
25219 27646
13515 24216
9114 13875
10598 24945
12306 17737
7252 12968
7139 12994
3378 9154
5832 20294
3900 9699
4288 22992
13494 18974
4962 15840
12948 18572
8605 27298
25727 26845
2066 24197
7283 7979
13085 26125
11297 14374
26547 28049
24965 25403
7315 16455
7783 18626
13064 21667
1787 4517
3321 14568
9178 18540
2563 15144
17260 27005
7921 20031
4211 17763
2516 21413
2379 17054
22351 24928
18002 27243
9294 19377
8236 10503
4871 5846
14288 24208
4964 17990
14129 22416
15047 18280
8935 11034
7648 23143
7987 14971
7587 19499
9993 15696
489 11202
1297 21831
5358 15672
10441 20118
334 6260
12244 22777
1713 4749
10632 11943
16469 25405
11036 26886
18983 19292
10913 17763
4548 24399
10075 20578
8435 28140
13279 23396
12953 16803
11416 18988
1477 16740
23388 25710
13185 16998
9123 26915
21087 22135
21486 26712
5326 12489
21094 24104
582 4489
21950 23102
12512 13957
7323 21798
25444 27685
22530 26481
5321 7997
1381 9847
16609 24897
10818 23264
15083 18015
5725 7481
10652 27221
4608 8100
15493 23103
24904 27274
1625 10595
6072 7894
14728 23721
3565 11177
8802 13107
9784 27206
4123 11455
10883 11709
569 13405
3791 13401
5406 6491
4617 22772
7115 23617
23945 24636
10370 22469
3759 22119
3146 21838
782 9251
11244 15668
3892 27013
8208 22066
12495 17847
90 21348
21246 23955
7854 17613
15384 17483
862 19660
18755 26295
19189 23082
15758 18866
5521 6794
21849 22827
7750 8363
11535 14309
1761 3113
2818 22956
11093 27698
1663 8085
23610 27642
1158 21727
19670 20179
3769 13724
13823 23006
10270 14997
6320 15355
10238 12609
11648 13953
5611 16350
21462 22857
19771 26554
7400 7985
2438 8056
9226 20205
2667 8811
5384 24187
5448 14590
4360 27790
3149 24741
2269 26179
17514 27954
9524 21257
15029 19024
9472 26273
8808 18277
11809 25919
8892 11567
2874 27090
1717 13266
4567 8445
3987 19874
11229 26085
5478 24836
8022 15187
1178 22139
4134 10563
14620 21885
4562 15027
3956 17316
2195 20481
2191 7758
26597 27073
1160 1230
10384 12805
8841 20953
5352 26876
9371 13736
1005 23864
1273 16108
10326 13897
10178 18152
7334 9873
21231 27805
1916 2462
12090 18001
1052 10846
10086 15511
8190 24594
3742 22216
4606 21737
19104 22479
24332 27399
4216 14913
10849 27304
4771 14080
4606 24349
11953 16258
1967 3539
12479 27835
21209 21296
4302 27926
8370 26838
2084 16874
3722 23932
12921 17717
12663 22866
24920 26099
17025 20992
9712 13327
7846 15286
22399 25329
2685 27879
3819 11369
482 4190
22478 23175
13173 14277
25107 27646
6646 16429
251 26081
9888 17250
4009 14633
8802 20046
2387 7835
2680 6962
220 1468
11812 27539
495 27484
8483 24576
19002 24477
1176 3528
11576 12822
1197 13684
15384 21748
14469 15815
17651 22714
27100 28088
13828 19443
6492 23825
8095 20018
1668 4061
12476 27605
15404 21396
2007 19259
2028 25203
19181 22857
4790 18568
26528 28163
3684 26684
8115 14488
6814 25650
17296 25838
7111 8437
8820 23520
6139 15892
10954 20235
9428 19059
4555 26265
2227 25006
3186 14977
1063 11697
6130 8615
12116 28060
356 28115
3201 10218
9246 11537
17484 18424
16659 25203
9072 26089
4384 10831
19973 27303
620 5579
867 5549
958 23619
1242 14471
18920 21688
20524 22205
2189 17457
8048 9319
14443 25012
2413 5179
343 4328
17477 22545
1672 6042
9821 26505
9055 27080
384 3819
6385 27548
1795 19566
17936 19587
23065 24731
9799 13123
3726 11066
1015 22734
7828 26816
18631 19271
8880 10284
3762 9956
12144 18703
20816 21938
12581 19612
16954 26367
11391 25395
300 8157
18008 23599
6649 22497
6301 24613
1771 2882
1311 22240
5569 13221
7461 8108
5540 13180
12369 13168
3904 12069
10341 27042
3357 9252
19585 22953
2412 9678
640 25901
806 1770
8000 15377
22193 27021
14151 18592
9917 18438
18591 27117
24232 25986
8792 14491
2012 14833
8817 9002
2647 15428
5659 13347
7229 22509
25301 27642
2129 19199
22974 23931
18417 19130
1228 9294
16077 21915
4931 9745
21252 24747
12617 16616
9776 19968
8437 12145
3261 9871
5587 11252
11884 12674
12684 22598
8001 27337
21232 26670
7079 20442
7909 14548
18154 24720
719 16225
18077 20966
12066 21154
12341 20292
1545 25229
16840 23314
770 5661
550 16031
1185 23175
27192 28217
3728 12214
10146 11953
11442 26842
106 26409
3160 12705
8454 26770
108 20666
11513 28116
2214 25547
16576 19856
20657 20754
12260 14926
4954 21761
13584 25606
7236 9487
4024 13366
9137 24554
23103 27813
349 14108
56 25588
1465 3769
3059 10956
220 5344
5327 7595
18430 26898
1921 10182
10006 17543
6623 23086
14803 27770
925 25034
12169 14832
2592 21913
669 25899
65 15350
3592 26993
6535 20515
12947 24970
12917 20511
7185 19982
10893 21955
11804 18721
635 10449
14532 16750
8520 12088
1817 24752
6589 13471
1850 16071
7258 11545
3753 23708
2274 26043
8705 11295
1482 26721
60 2482
7835 21446
23194 23456
9829 24660
17495 19116
5221 26476
2193 9367
1284 15298
1987 2481
782 6268
2076 12264
4146 21028
8481 27927
959 1144
1757 1769
8291 25750
4477 16194
21450 22379
10348 27674
10831 19247
843 13910
17135 22283
20434 27368
21374 24417
18358 23420
12601 14947
10497 11363
3622 10480
6313 24412
116 9354
20 22656
9380 25455
3985 25735
12939 18294
10584 24904
9410 26748
3761 14997
9250 24255
4867 13444
7361 17111
5614 21770
4375 14041
16976 19013
455 25116
3279 24955
175 3903
7224 21748
2179 27123
9683 24267
1254 11878
10933 26245
16720 25888
400 1408
10449 11787
10767 26476
13272 15605
4091 25084
5775 20162
10917 22229
14689 19941
7852 15144
1338 2205
14642 24904
16408 27689
2671 27778
14982 25617
18211 19304
4233 23785
5965 27014
16229 26283
15151 20232
25953 26293
10873 20773
1349 5724
1998 17486
344 3306
17252 28193
689 19948
11228 26172
15584 19813
8982 17521
6875 19539
14771 16108
12862 23892
618 22977
4444 11779
2254 3595
5288 18999
6103 27802
7005 12459
669 9866
4737 27652
21369 24035
10393 23345
10835 26846
11571 26115
9523 11982
6707 8706
13455 20664
5114 20913
15979 20487
5051 24794
9483 18541
18959 26470
15955 20314
808 25927
3527 21018
5989 23365
19565 25049
1370 27871
11327 26716
2389 22835
2470 21945
6086 28040
11975 24374
18665 23113
6091 24638
3210 27662
2170 25626
11627 24104
5451 18820
806 22640
3169 4341
6832 25453
2031 25483
7375 18636
8817 22947
396 11590
16259 22157
16124 25012
4818 17498
9382 13576
1979 26753
7758 23365
5127 16036
1573 2628
12873 17177
10910 11998
8770 13302
9466 25329
9479 12304
9751 9884
10709 26633
11880 16289
12709 19273
17572 18277
21887 23729
8304 20272
7354 18908
18385 25920
12252 25329
7020 26025
2600 22265
18409 24295
16173 21552
16449 17219
2613 11722
7091 20304
6453 26725
1689 1781
6489 23391
5327 12257
9562 13522
19185 20670
13679 16288
24005 27128
9562 13374
910 2768
18964 25013
3810 13313
10767 22787
1140 1171
3667 8478
18659 27662
8753 12496
9639 21270
2311 24756
16956 25449
9356 15672
2341 22627
17671 19289
1013 10495
877 14183
10585 25482
4563 25757
19824 21813
2425 15292
343 28044
2314 13597
1906 13093
15987 18250
7015 26872
12333 22848
8320 20069
17568 18553
6454 7881
5217 25559
4999 27409
1948 25146
8163 17484
15897 22917
9252 18034
17146 18999
137 1813
9699 18938
23759 25708
3262 20008
7559 18415
828 5150
1770 27837
5177 17803
8872 9575
23686 26923
3806 7107
4967 9591
10410 20599
2226 24580
21421 25614
5923 15258
4910 9396
2721 19514
9281 24884
1382 19742
22420 23218
5978 26273
9358 20282
4367 21146
3889 14696
16766 25216
77 102
3897 14930
12194 19643
16397 16765
6726 14226
12397 24643
18897 22362
10199 18651
4386 25008
4218 15120
334 9959
5348 21551
11122 24537
16373 21665
15637 21798
6752 12253
4498 5989
7992 18579
3780 23788
5288 19780
15179 21240
24923 27579
12032 19747
6239 16955
495 7600
16742 25086
6269 23600
9575 28084
20633 21712
13433 16492
14727 23237
13363 21722
12040 25632
596 3121
1782 5959
21695 25638
4536 10871
13455 22954
13185 22441
13078 14487
11822 27894
8954 10212
8396 9816
15852 18883
10088 14091
12544 13047
17303 22904
2703 3064
9519 11090
4440 25610
5275 22869
2518 24057
8291 21513
10970 19434
22339 24065
16919 20467
8351 22779
12001 26393
6868 25397
9129 24624
6865 10965
2190 13953
974 15392
2333 26680
3882 22315
8057 23189
3059 5408
2933 24069
13813 15726
9956 10289
5371 27405
8816 9320
21910 25525
8478 20918
4362 19846
20162 22871
13472 15693
3944 20352
19187 21831
6508 13113
7538 17319
1425 12614
11499 27506
22227 24793
2494 13679
11581 19641
669 4141
5169 9833
7358 26417
4695 17687
23427 25758
424 20935
4173 5516
15014 16706
18192 19275
22379 25847
7802 17681
3406 19393
10908 13740
10616 28152
1152 9094
6959 7051
10189 19974
247 7031
9286 25109
7166 24403
4199 10936
9281 15985
3310 8370
7741 13599
12994 21577
4217 23964
857 5968
1138 2929
16676 22420
13195 13700
9228 10489
15610 19717
6009 25878
1027 9214
2324 8532
6714 6862
12266 19652
245 15572
660 22925
11517 28234
9333 16888
243 3041
1575 4979
6459 9895
4355 25642
3790 15224
18326 26834
14136 18369
263 15762
3411 5738
14500 20610
9107 24475
422 13892
1042 13126
24053 24506
5153 14807
11346 18855
2767 12214
5511 22149
5539 7938
1353 5161
22998 25947
17963 25297
2472 18475
12504 19034
3770 8730
4133 16038
13780 14453
4312 10054
13484 16281
2585 16065
1223 7114
1771 25108
6702 12649
5829 20578
21883 25630
4287 24005
15031 27681
14672 23799
1609 11937
3903 11080
17102 24444
3667 16487
862 16753
313 2339
3165 23736
9089 24693
18555 20475
1047 20229
17422 18823
1699 15997
17785 18453
15372 16368
2516 24018
8764 17582
205 7838
8003 24129
2189 10023
2410 14255
406 14242
8167 13807
3472 16745
13677 14153
2185 25468
4745 5331
22666 25345
2764 7175
4609 24976
20424 26189
12293 16328
19712 27152
12157 14299
10600 18078
10845 12934
1724 15665
7386 22309
8886 15562
5130 7358
14123 26721
2336 18249
1064 16802
10748 20031
3152 17951
11899 17662
14971 20262
6820 9087
2499 8111
2729 27792
10245 15265
787 10485
8909 9395
9509 24872
7982 17509
14969 25699
6416 7390
10039 11426
17938 27129
11416 22254
23009 23246
11975 27795
8646 14607
9144 11098
19794 24801
5371 9421
3456 7915
17012 26164
17161 24626
11939 13328
1192 15691
1738 10989
20041 27867
1614 16036
9492 13926
3272 17945
634 6334
3667 24752
6994 23994
12072 18909
3473 9047
1852 24451
8506 11319
13822 21701
9682 12737
1435 11797
12144 22076
3625 23365
12326 15251
17782 22491
5313 10169
4623 23112
8240 17863
7335 25559
6682 11168
16025 24240
16959 20950
14471 16219
5269 23584
7137 12029
6280 19867
22005 26739
9774 27766
5174 24085
922 1944
6278 16823
5665 20749
24352 24862
10006 21529
11641 27756
17592 19827
1878 26127
23497 26358
9428 26126
6446 25588
18600 21438
16609 23932
18046 27494
22022 26640
9632 18656
135 10833
3793 13051
3961 11626
15080 23142
10619 13464
11279 21060
11131 23822
6197 14939
9951 18415
23791 27818
15928 21369
18883 27802
20625 22008
11759 15768
5327 8846
6860 26961
606 27328
14950 26095
9710 18354
14479 25906
1970 8177
18051 23212
3775 18468
5351 8438
5116 25969
3326 27514
11431 22404
4672 25617
7885 13999
14758 26905
1209 20159
12863 18478
5327 18533
14998 18791
950 27398
12291 12427
15250 24061
15335 17140
1779 22827
1767 20554
5735 6416
12423 14559
21821 25788
8313 15849
4825 22240
3585 22523
24087 27468
18929 26391
8791 27357
3566 14402
18758 26837
16384 17409
4076 19893
15220 27642
9550 18708
20434 25529
1687 17584
12850 17861
10900 12428
2259 14309
4339 13091
4623 9569
2181 25399
1913 21831
6710 11508
11283 23710
3110 18056
545 11077
9523 13263
8567 14925
2304 8972
1878 2878
6836 26165
1246 5322
15549 27951
2199 22275
7484 7881
18743 21045
4623 15985
839 6713
9676 12006
2676 5485
6289 23143
21593 23698
40 2841
5486 23644
18287 25847
406 15429
14167 19576
3967 11846
6914 16576
7078 8939
13693 17955
8022 18787
9063 12030
3157 16430
14971 24345
477 23416
603 16968
8217 23115
16905 25732
3338 26904
18353 19348
9382 23876
7498 17963
4832 7898
12234 17046
8985 19469
10653 23543
7209 25541
14579 18462
2671 24991
3910 13287
3097 25614
3435 17647
13111 27501
19742 21497
3608 27205
867 5678
15890 18755
11880 12754
24053 27866
12131 16781
14455 15734
5617 11865
7741 18516
7629 12388
12228 17560
292 1431
1508 12195
7019 9524
7005 25409
14604 16878
25294 28158
1727 3039
12229 27560
429 9525
7971 19171
561 17792
1852 2686
11022 20737
22666 27685
9874 12372
4167 20732
24053 25333
48 10490
2986 12726
18011 21252
4198 14514
2865 24032
1938 4105
8355 17094
1234 24061
15425 25838
611 840
18146 20355
26413 27150
5651 8923
495 19817
19099 27851
10621 19019
20480 20558
598 13672
7668 14471
15145 22966
1555 6573
4959 6453
4464 23919
3810 9992
15620 16963
8075 21047
20842 24360
14132 15153
896 13810
15991 18177
7923 19928
21733 23942
8806 27458
4081 13373
7444 10102
15295 25433
15561 16054
9841 12200
20611 22996
10838 24556
14891 27796
4035 10303
17836 19557
13861 15792
6811 13597
7450 12875
1890 8619
10531 22591
9358 21462
2628 16814
640 25653
7435 25323
10227 22404
2067 11261
21008 26661
13724 26372
1088 9859
7373 9616
12792 25636
17482 18001
21886 27966
18783 18880
18222 18758
7411 19116
19760 20235
1734 22011
23577 26147
17364 20131
6517 8511
19064 19189
21927 27561
8657 18831
1534 12858
17138 23932
25409 27790
8416 28044
8755 9732
17545 17963
5853 11261
1501 4587
13343 20836
19712 22471
7975 11261
2006 13093
19548 20367
15282 21950
1035 27701
384 6399
17636 22565
17527 26806
2943 4819
203 1999
7708 18649
8770 11480
1795 14541
25006 25968
2862 9717
3609 9830
8632 21657
24715 25972
2986 27398
5523 11341
475 9316
3734 25952
917 14471
5725 7107
17740 24708
4344 26238
406 23365
3895 13367
10815 25432
16961 19727
187 24219
5135 8011
9322 15845
9590 26665
1006 16725
18454 24603
8785 10982
14364 19827
14867 23484
970 24864
643 23954
723 3855
5342 20733
6914 21633
11300 28236
24177 27811
16386 20876
7350 9416
2509 19651
5221 18575
15221 17549
14233 17902
10485 11258
10393 15619
1556 16979
1613 23600
10393 17787
3422 21683
10 6885
6750 24208
7635 23663
9465 16629
5879 22226
15211 26054
4252 20477
8753 16850
25166 26843
1628 17120
5865 25289
7297 15267
3808 27104
8875 20166
6357 20641
14911 17307
3030 16793
12550 23655
7437 7695
8802 21207
6127 7379
105 1056
11006 13041
14471 19107
3597 9518
5984 6595
2878 22949
5283 24966
5652 20605
107 3163
14827 20825
4708 16373
2518 25158
6372 24659
11399 27195
5495 21911
7386 24279
19855 24557
680 10920
3010 13591
1852 22546
6841 10270
1693 2348
6205 21438
11551 18027
15620 18541
2530 22925
1034 8177
14771 23566
6169 20748
4423 18210
14898 20339
13041 22845
3882 15178
15217 24818
10012 27570
22186 24776
5491 21438
20621 22549
15471 23528
302 25986
2320 25755
4248 14676
292 19534
5331 6692
5843 18679
25160 26721
367 17889
17693 26099
4646 23932
3892 14672
11746 19969
5204 6404
8970 10034
1590 9414
9765 23938
13744 24290
11747 13505
14287 16856
23944 25881
12447 13516
22688 27016
4551 10653
6316 20120
1603 18041
7647 12020
9704 16159
3267 22874
20722 24923
2286 18777
11712 24631
24693 27514
13970 24998
11183 22568
7950 18744
7144 9901
4328 21058
4603 19373
12583 17439
3327 19900
10288 26908
6549 27715
22610 25398
9751 21653
23530 27745
3609 25830
7975 14912
1621 24169
5964 25555
1782 24049
11461 15694
16640 24627
8555 22289
4572 17438
1011 1716
900 7028
8767 15284
2823 17920
21948 22259
1036 4175
3872 8155
20008 23254
3197 10824
9100 14938
4532 7220
1226 23254
7350 13623
14228 21577
9838 10660
8029 11076
2617 7911
8930 10008
4707 24695
2246 6637
2206 16593
14820 26422
1659 26580
4274 21682
9252 15870
23489 27416
9687 20196
2830 11463
11260 16900
17426 18700
14369 24127
8644 19138
9192 27981
810 28242
8156 12346
9203 14519
24451 27664
8676 21118
9844 19844
1134 15904
23379 27042
8447 15842
4950 22994
12523 12590
9193 10696
3708 11295
9399 25163
23388 27896
25272 27508
8733 25391
2547 4009
5829 8875
12663 17312
5226 22832
4784 11320
19034 23574
8370 9986
10930 16863
18225 25503
16879 25530
5609 19827
710 9563
18865 23982
14127 19195
24953 27621
7987 21438
17941 26419
4097 4422
15550 19138
11093 11657
2764 23143
21727 24610
8326 11310
7956 10792
23806 25414
16564 23966
1169 10009
977 15379
1528 18209
1707 14850
1711 23617
14129 21423
6197 11229
7873 19318
10541 11260
12952 13367
6675 11569
1267 8981
12357 14452
14732 23684
12226 24756
20420 22068
9827 26100
22184 24000
16695 17631
17986 18056
7128 18369
2942 24959
545 1279
11194 20739
11253 16659
1353 14962
344 27118
17239 19289
5020 22240
4003 9629
8317 27633
2702 8537
6163 25638
6996 22343
10368 22800
670 22421
1244 22900
6238 6495
10839 21606
2523 15868
20424 22157
441 7288
4101 4328
9616 24005
10559 22605
45 6841
16223 17742
15934 24241
15506 23994
358 11989
21846 23926
24244 26568
15996 25657
11814 18917
26032 28214
9377 10816
15365 24472
8451 14540
14010 21304
25043 27761
2105 5358
4791 14976
8261 26670
5584 28217
14608 21650
17037 24970
609 23818
11969 16460
6163 8006
12426 23273
1579 3168
12928 15634
3013 21824
13298 15297
10488 12024
12280 15076
17481 26736
13301 26324
5675 27966
9890 25909
4415 27559
6700 20408
23206 25267
3802 7782
13694 23549
320 17142
5485 19872
8767 11191
7707 17601
4665 17992
8959 9280
15361 18341
1440 25836
898 6161
16889 18752
5850 19939
1606 16559
11239 16923
15026 15561
2541 7420
15399 23516
9503 15660
16086 18938
15088 26418
6951 8654
1253 11045
8756 17027
14181 28062
27356 28049
8789 9182
16896 24053
15341 18334
14474 26476
22141 22897
15722 24589
10721 14628
9632 13081
8620 13124
5665 21746
21865 25028
8959 20052
15836 15911
6962 23337
9521 25331
12944 21968
2764 4209
2170 4178
2667 14966
15639 22750
3532 12474
14814 15321
20724 24415
270 26547
3052 27814
7791 8156
14822 19098
12957 21407
12890 16589
4221 8352
18831 22426
2707 16192
7975 22570
8463 17967
16984 27086
8151 19781
17263 23983
546 15819
14010 19028
19633 20393
868 7423
12576 19662
8145 25290
790 26935
14907 27705
768 24374
6065 9371
12657 25967
18704 19479
12876 14534
12143 16174
15543 18669
5721 21272
20740 24540
9800 20645
4861 26193
13841 23760
7878 9696
10039 26903
17773 18920
22897 23619
6065 15267
6157 15868
13262 16171
12110 17022
14136 26711
3522 27371
1613 27026
6877 26970
1867 16191
10792 24551
5984 20355
319 1293
23549 27099
10242 24403
1008 5943
3585 25178
13912 19068
17022 20869
24491 25360
6705 24450
4883 7804
9702 19030
24032 24445
1799 12983
6222 27608
8570 10813
19343 24206
9528 14912
7320 13583
5352 19884
5395 24899
9067 16175
867 3726
12492 27525
6251 15184
4235 13613
1005 1940
3925 8074
6483 16625
3667 8415
2712 14180
9552 19845
17523 26393
10116 27279
3337 4498
7387 20719
10800 24543
10042 27927
1529 24181
11056 22968
9762 18651
7002 11696
17793 18901
3582 4859
12794 26568
6848 9416
26911 27697
8383 26402
2104 16955
22107 24908
11430 16673
8126 27127
20632 24576
15157 26032
16642 22882
3987 7307
16964 24360
1657 21351
545 10551
11342 26991
1772 11834
12737 23066
1340 16249
21058 23657
7959 24169
6876 7469
313 27221
3733 24477
78 26212
14297 16900
4275 24936
8405 17446
8963 25001
10742 22911
11244 16501
23 21377
334 16732
19469 26908
4 1116
8444 24116
9869 12565
12433 14822
9884 13097
337 5150
19374 26169
7990 26690
1830 24062
14971 27194
13736 14828
3239 22011
6342 17914
3059 20645
21473 28055
4949 7138
4933 20788
8709 15891
10208 22242
15808 23929
4849 18876
23592 26197
4764 18252
9195 10274
24158 28094
16866 25226
16362 20046
2779 17053
13414 20547
2029 12785
14655 28024
4336 22822
21831 27515
1230 7820
4954 8889
6921 21653
2022 8350
8797 20733
10532 19670
1337 20224
18593 20625
14633 21893
1645 9337
19952 20258
23266 24645
13256 24463
22201 26074
9246 15844
21438 21767
11916 15986
12228 13235
969 6388
1433 4967
13509 17672
13960 14521
673 7627
774 17512
295 11040
3593 26943
13246 20956
12935 22894
15402 27190
3995 9022
20065 25632
23082 28082
21462 27374
14280 17046
16088 21991
18758 21661
3027 25513
20245 21753
25179 25268
175 24444
4474 11499
24575 27502
12536 18232
3804 17889
18939 20024
11273 25550
1215 17936
7213 11295
1244 11789
672 2412
6807 24558
10230 28137
6103 13827
13217 16015
8889 21815
7804 25851
23395 26559
11717 25238
8461 11997
2230 21252
3892 24057
19006 20322
18663 27222
9382 13174
8549 8959
5617 9328
20490 22989
4828 7508
4967 13193
7798 17703
8675 13634
2339 23619
790 12596
14607 16208
7737 16323
4600 27810
13418 15055
4672 10399
4595 25893
3116 18649
9679 26498
7488 8151
15088 27404
6966 27935
6633 19712
867 13573
9704 23106
3511 14878
1275 7130
5918 20586
15644 18167
7290 24774
24830 27222
10166 21254
10477 22954
18555 24904
8268 18127
4507 13090
2396 11254
638 2240
28212 28259
149 9260
11450 27905
14167 19169
8689 16350
8591 27016
23866 28108
3670 24752
7755 12388
6155 15492
273 27508
3908 12724
16116 22144
7728 16038
4617 10592
23430 24605
17262 18082
5742 16640
2242 18256
5316 16351
860 14805
1005 7101
15672 22546
769 7392
10321 15469
220 13564
4209 10279
5682 26627
88 13764
13863 20491
12441 17232
4216 22400
5788 23143
5984 6348
19123 20195
12385 22956
341 26476
1178 1745
22844 24518
1543 11805
22179 24659
425 20008
4282 21605
1027 19350
6661 16348
19085 19885
2236 11833
8142 13507
9316 17763
4450 20498
1884 23422
651 3007
3265 22814
1652 8928
2087 25283
3452 7561
12664 25986
18867 27393
6426 10767
245 19612
11040 26319
424 7956
17916 24955
1936 8990
1266 14998
13274 14421
8817 13296
23582 23722
11495 20876
2550 10541
8245 26908
6199 24232
13591 23423
7323 25901
12244 17992
14469 23896
703 16866
16599 21689
9006 26867
7114 26313
15362 21849
11292 19652
3122 9272
9416 22071
2521 25894
8137 11295
2058 4789
20504 27966
874 2558
1005 27080
11534 18021
2508 5095
16092 25479
11920 15501
12749 16253
16268 21656
1921 22441
19600 21671
2483 14987
113 16480
2333 22645
2635 4693
8959 10147
867 27756
10054 25490
15117 23354
6008 7611
7162 10953
5737 21536
919 14010
2713 21299
5485 7630
8096 27569
16210 18051
16833 23011
20601 23598
335 20157
12656 25391
12346 14384
19576 25428
19601 20823
5794 7083
2488 24829
3862 24551
11460 17779
7732 23602
5096 25157
6372 17956
16722 21000
8161 14694
16170 21265
9979 10855
8474 10013
14194 21269
12052 28156
331 27468
18901 25390
25503 25857
10952 14517
2410 22544
16565 25838
10122 26521
12792 25817
16750 18618
5660 7009
18408 28275
3644 11261
7033 18152
6896 7884
9198 20310
5042 27879
867 11462
16115 23033
3267 11475
16463 16998
5346 23546
11407 16282
12145 15442
1745 2447
7373 18952
14807 21057
3048 14547
6746 22775
18454 22185
9980 13058
17695 23978
20615 25710
4624 6499
2832 4581
17348 18876
8048 26686
554 6244
2260 13465
12524 24553
7304 22651
4456 15777
374 3159
488 4054
17204 25329
18259 24276
11997 27821
3197 6669
21159 25209
7341 13478
2810 25752
14251 19033
2272 23708
21449 22254
3030 16154
14207 26322
14813 15322
8520 16529
11684 23575
14163 24603
600 2776
3303 4216
14695 24098
2303 2646
1477 17810
10286 22404
5042 20427
6609 18160
8220 19750
15808 18541
3484 14576
9226 16901
5481 15916
14140 27074
1079 16230
4026 19665
18425 24131
5291 27729
4646 5959
14710 26184
12678 16713
15031 25445
162 26340
11786 18137
10886 22645
6552 10018
12184 27287
8669 21902
7530 8205
10483 16774
9553 17630
22457 24510
9717 24827
2087 18369
3265 14920
5327 18909
11041 21673
416 25991
17963 20937
10935 14807
19714 25980
12754 19410
2666 27726
19288 21329
12377 20319
22089 27488
18171 23376
1358 24502
4967 11431
2452 3152
6870 23597
485 24131
21909 27324
4580 14129
449 6728
14559 20953
4871 16835
2057 2133
17875 18996
4990 11104
2986 23298
6308 24330
3198 24317
6178 20195
17371 23267
26363 26892
11985 17730
4522 27423
13422 24872
3756 9572
18631 21286
10593 21202
5630 27835
10170 13522
12260 13047
7849 22090
2338 17983
1085 1657
5003 5472
16014 18018
7982 15492
418 19889
3196 19079
10638 12890
11229 17326
2003 7618
5497 23941
1043 1209
17243 17689
18891 25182
17259 24395
7404 12155
443 23518
3057 6361
12092 26798
3366 11720
10670 21268
7290 20579
20477 27795
7289 17060
109 22123
4562 9617
1887 5694
1878 17057
7296 18017
4476 6622
12576 25468
7582 16702
1767 19972
14843 17188
5527 8511
8405 9100
7601 23441
6282 10328
12805 14438
13018 15470
18791 24451
5691 7877
2396 5923
5710 10094
10767 20081
6227 24105
16137 17014
3257 26923
9339 21240
1550 22403
1223 21079
10967 26244
20483 20890
808 27042
10146 23705
9343 18046
5967 8895
6198 20626
11736 16170
10998 20841
8564 13123
21078 23418
245 18927
9307 23390
1230 2276
19819 21094
7758 23474
19874 20504
22368 24203
10514 18870
13721 27274
11123 22733
6584 22042
15825 23722
1833 23730
2700 5117
15646 22416
7617 24453
21315 27804
4150 14948
4556 18950
10071 24749
17355 23771
1643 27799
709 22464
11124 18599
847 21981
14654 19843
12171 26929
21700 24552
14835 27681
1042 4026
15263 22512
7360 17819
2326 21680
14120 14364
12495 20492
2667 6881
7975 22141
14606 16439
27825 28211
11682 14627
9129 18529
9396 27461
22959 23880
188 17364
14060 21673
4877 27579
5191 21511
606 9730
9320 20817
2437 13994
9638 19886
18145 22812
11790 15176
11173 18692
16181 16923
5672 23265
7687 27328
5050 8340
11501 11997
19566 25102
11028 19670
4519 19457
626 26901
6889 22462
1353 28263
595 2603
223 24618
18735 25917
223 12377
11009 23310
13422 22814
6940 10737
24105 25272
6803 18093
7223 24410
14569 16694
3914 10649
1144 6770
1056 2336
13983 18938
2351 25287
5387 8570
4626 12792
6589 18249
7361 27033
7301 21163
21987 22464
19879 24187
7323 10425
603 5009
3715 14807
2826 13779
7195 16094
9874 13978
8974 27743
16334 22322
17137 24207
12577 23267
20636 24080
13741 14635
598 15955
20633 24294
16075 24411
4103 22481
7944 23224
4789 24548
8798 13412
14589 22702
7224 13253
9294 24379
15421 27808
9408 18741
17873 20473
12489 16682
10512 17644
1761 25081
4528 19723
3506 22799
2938 23200
4493 7017
8937 18326
8238 21678
10806 20490
12325 22329
6552 14763
16989 18628
21746 23657
3647 3872
813 20918
20137 25946
1 16675
3392 7471
1967 11311
14532 22358
838 19344
8261 19125
7531 22777
25009 25248
8708 16014
8112 18639
7002 18736
19139 25596
3412 8011
8924 24872
15257 18036
19554 21790
15629 19649
4047 22312
2698 28095
8909 21300
4111 8586
16713 25174
18042 26449
9524 16150
21717 25706
12720 24671
1306 4705
3230 15174
20869 24229
8356 21685
4580 5587
18049 25156
3532 5493
14276 18988
17176 17668
4072 24563
6301 7610
2118 23296
13097 23653
19584 20355
12777 18580
2701 11273
3265 19562
1706 12779
21172 25270
22095 22363
1295 17481
25954 28222
23428 26126
3609 24005
19853 21066
3882 13503
17259 23609
20890 24326
3746 11738
9939 25725
9736 27483
3871 18958
11085 20560
1429 15104
8209 15798
8715 22187
15887 16332
5587 15609
16501 16905
9383 20478
11395 21053
21353 23749
20893 23106
20211 23073
6008 21029
10835 18790
4595 23738
3760 18282
19181 23118
5787 10839
3729 23636
18128 21700
958 22254
2295 4316
24557 26986
443 24266
2997 23731
7360 12483
6771 17354
3566 7508
8707 23520
12708 13307
2660 22581
24354 25343
11408 12954
20586 26641
3845 3953
9915 12194
8441 20956
253 14494
14493 15620
18892 19879
23696 25294
12945 17383
10253 19689
19911 24864
21835 23093
16991 28078
810 16976
24427 25960
3354 21065
7249 18796
12182 25392
20959 25754
3753 4972
26107 28065
6156 14380
1864 18541
381 15015
8931 14813
14156 25730
8924 9600
21864 25927
5605 18182
4878 28121
9738 10146
1 9264
15883 23147
16006 18627
9658 10627
2617 14016
14691 20986
20122 22915
1851 8880
25727 27105
1724 16435
3310 9986
7372 19451
15318 21798
21589 26840
17169 17768
1116 10838
18999 21149
8443 10717
1411 8849
173 15226
12411 15944
9215 11859
3513 26197
2660 19509
8363 24294
8001 18560
23619 24063
5639 15722
6244 8499
7560 19442
828 17696
15862 17776
10900 24425
9104 27086
11353 26087
5081 10697
18159 20804
5055 12073
6727 12089
14034 20737
1014 21359
448 7813
10050 14489
24461 25959
16768 25686
8707 21159
16272 22833
16623 18845
3564 14494
4003 5916
1769 23372
4921 5196
22907 24415
2891 17507
325 5063
5242 27999
8825 20342
5213 19270
16475 18541
7568 11115
1324 19048
15735 22603
8455 16522
10684 16863
8876 10032
6725 22598
3446 8003
3034 10174
3073 10351
11340 13337
715 11363
3395 9137
589 3988
26452 26578
6566 18254
10033 19979
21919 25397
1505 22102
5371 6055
4623 22254
11551 11925
12400 26546
7635 24379
6231 7758
2530 21613
11157 14930
6055 23480
12501 14536
9285 17211
2710 21307
3337 20605
11973 18910
4309 16203
13658 15612
12376 20601
2076 4190
20689 26930
6568 24450
18823 23816
5585 24069
10920 16963
9006 11633
2969 20496
16102 17058
6832 13018
8558 23731
3172 21446
12422 21674
12559 16763
13906 22644
4340 25245
17194 26281
957 16997
2911 22925
10654 14793
15977 22864
3517 10277
13033 21804
428 6845
5168 27815
21600 23764
5825 13137
1020 12150
15351 21735
1767 16582
21122 28082
18784 25035
910 7003
8493 23897
20856 25366
1058 19670
1293 25342
9776 19270
3241 12377
10893 27005
6190 22935
8500 24134
12341 21369
5850 13945
16268 23400
3997 17487
10039 11732
15754 23068
13361 15292
3231 7877
495 18679
2721 21692
11746 18927
4807 22573
16064 21955
3788 23015
4159 13349
1181 18294
24788 25597
9308 21642
11430 20340
24068 26834
140 2007
1876 17865
967 17193
14574 25976
839 15072
7213 20615
10290 18354
79 1771
1116 24642
23684 28065
20292 26753
9524 21479
7584 26173
1827 2133
3446 9140
9465 16901
3953 26892
11700 14487
6173 8585
4180 5232
4026 9649
563 27520
9687 12169
19199 26232
3128 16823
2087 7950
7830 19393
19111 20822
4833 16974
15599 22826
21883 24340
12552 19180
10410 12970
25137 27278
11416 22288
319 21811
9828 21369
10303 21353
14920 23196
2746 5005
11322 25329
2341 13055
4415 6612
14344 22309
12516 22458
6188 15939
9268 9368
745 12725
12289 24609
12710 26744
2710 4795
9465 16823
6914 15464
9650 20291
9869 12498
11795 23771
2293 22269
10907 27221
3869 22848
21372 27875
10593 14427
17156 18980
12989 23935
1420 26154
289 23363
3251 9211
6009 6155
6708 14803
2575 19445
19350 19784
2530 24502
711 27087
5365 25013
15201 24221
19771 25081
7613 11255
6825 21989
8384 24589
11571 23598
4244 25064
8192 25887
20480 25468
18297 24766
11115 20500
14636 26955
5623 20315
13104 22818
5711 23811
1650 16083
7047 13575
5899 14163
22820 28194
5510 9056
8075 12547
13176 23410
14287 25167
18247 23678
1744 10560
939 4685
3828 18790
7937 23372
14168 20503
18959 23811
3121 25830
17278 27024
2662 22565
23809 25699
7089 25644
4210 26439
7956 25472
491 24322
10600 18035
15980 16678
7490 26733
4717 14968
20893 24799
47 2094
4408 27417
7398 19219
3523 11629
9625 19721
20040 23209
30 20172
1870 5124
12631 21300
3434 13807
14648 23338
16961 20579
22157 22897
16032 20429
15897 16061
21037 23546
14290 21972
14862 22230
8781 14532
7560 26974
1951 20008
18564 19819
13097 15077
2905 4718
20238 21891
25894 26404
13295 26566
22425 22871
1830 13335
3814 16068
331 25033
18669 27875
1946 13038
6699 21952
4089 27796
5728 16460
13616 23608
11275 13308
2311 27229
18624 22769
221 20597
136 4385
12647 13110
1253 13038
6072 16659
19240 21505
17108 27514
6490 26670
3010 6378
5943 12830
18269 21852
6197 28259
4605 14794
5458 22692
867 1004
3172 20586
3644 18319
10531 15302
4891 14907
1904 2956
7933 12220
1027 12065
11107 24069
10069 20032
2602 15110
10405 21633
9477 16134
12194 20841
6998 24410
23007 24694
1544 11830
16480 26162
6497 21479
1944 3848
3987 25206
9344 24122
1018 19909
17549 24252
8160 18713
8110 15754
16094 24963
17956 25097
20430 24999
743 24053
11778 19135
2984 21902
20732 23781
3873 24109
1050 12641
19204 19546
18428 28228
21152 26466
14466 19581
2968 4912
15705 16964
2838 23648
7090 12139
805 1978
5340 21833
545 26451
22205 27766
322 23474
554 12361
11627 20667
15346 22143
9660 27562
17696 20406
15835 21353
7166 23679
18721 22688
6569 21729
16979 18581
16257 22799
18491 21908
8194 26209
11451 12984
11928 22232
2832 21438
867 22611
11416 19140
22533 23722
1071 20489
6518 10309
9252 15682
9111 9144
1425 19371
4828 8522
4556 12576
16588 25761
5194 18172
18573 25437
16655 24332
3674 25626
3977 5305
16144 18423
1302 23282
5327 5595
12844 26999
22203 27112
14890 24089
14767 15064
14473 24659
155 19976
1213 20040
495 11923
8254 19200
9843 14452
4823 22106
16357 22156
12257 19712
2379 18037
3080 22021
22787 24005
8960 15251
9029 15325
20917 21635
4693 27387
3354 7205
851 5691
21528 21601
2759 7975
5499 23952
727 22031
6517 22376
3090 12114
2271 22445
13157 20069
1398 24287
1757 11854
7289 20608
6191 14140
12656 21364
2067 4237
21929 22141
9035 25827
18415 23576
22905 24404
15564 25394
14771 20046
15956 22120
7997 15984
27430 27983
14942 22581
1385 17170
15931 18328
3729 18435
3381 5777
9915 20667
17194 23249
19325 24548
16684 21456
396 5503
8144 9339
12910 14124
19964 23763
10869 18667
9011 19089
180 21079
3336 25057
3944 16665
18084 20130
4454 22981
1858 3207
19868 24193
13745 18675
521 26245
21473 25468
14389 23297
7375 23696
8899 10723
6156 12798
22587 27716
4537 6177
25154 25402
12501 18457
14486 26808
11486 16901
1771 21209
3727 27144
19548 19935
11301 27460
16463 20632
14729 14927
10493 18982
1368 3553
25712 27349
5387 21366
8679 20480
8437 27197
1770 10197
4420 13632
8160 8356
1365 21084
4116 9932
7002 20797
2260 8921
211 8320
6350 6888
15335 20577
199 22325
2170 9569
10934 12366
11537 15622
21791 23090
4504 16535
23639 24943
1970 17318
16311 19566
5308 19955
8419 18262
294 23345
21151 22464
3275 12945
7827 27867
4010 6749
7177 14944
9847 20572
3587 3728
20990 21245
17285 27643
4492 5191
152 24954
7048 7953
16293 20852
5965 19530
1824 15611
8057 8988
2647 27374
609 10876
10234 13159
20831 23767
4189 16929
6832 20288
20849 26686
4135 8860
2724 16552
3728 21057
7210 8956
7413 21058
15628 23442
7915 23707
5622 6495
18347 19271
13438 25727
8011 8953
424 15239
1314 4253
10225 24127
7433 11059
15549 20545
9543 17907
2210 14635
18517 27719
10487 14390
5124 18768
1335 8416
2138 16170
14743 24279
16183 22369
16815 20650
17922 24390
7171 7410
13802 27788
16411 20747
8114 24814
12311 24236
6487 13120
1239 23997
6408 21010
650 20562
10760 21847
13997 27554
17397 25365
13682 17757
22670 23628
1755 24752
20503 27758
11786 16775
7560 11339
9006 17300
7956 11993
130 24462
4881 13106
18461 26406
6637 13864
11746 22058
1279 13917
26806 27527
13086 27805
5054 7080
595 19696
3823 4208
19569 27198
18569 26691
836 10887
1878 9199
10036 22901
420 2482
4321 11428
11115 16596
19348 23983
15493 20715
3200 4641
6539 26273
19968 27501
8565 27936
13303 24037
6926 18823
5327 22040
24174 26941
1795 23608
5711 6213
3801 21120
8025 26736
2427 8454
4825 11166
16622 26772
2226 9066
5893 13124
10071 21623
8278 14948
10728 11712
9250 11439
315 3676
9503 11444
17695 24576
8057 18919
2162 27867
16147 23267
7985 12077
17120 22068
4597 26151
13527 15402
9591 23016
5574 8816
10954 21532
3125 8420
1962 21869
3121 21123
13924 16683
4307 27497
14694 23499
8417 25677
10012 18876
7300 21653
15991 20064
3050 7139
24422 25683
13114 19130
5296 25163
1936 26134
309 15064
16081 24331
6136 9535
2010 12661
1888 12792
6565 9717
18051 19112
2968 5228
6964 22227
3051 23278
7538 25910
3736 21050
14877 16055
13176 14012
7464 20487
4162 25104
11618 24551
1699 14332
3523 9813
3488 16201
24847 25468
9884 19469
21473 21562
15857 20343
22714 26806
15017 21737
9408 11028
11443 26798
22215 23219
4221 23269
10498 22827
7846 7982
12527 15402
6939 15962
3366 12956
16954 25902
10303 19818
724 4942
7782 11243
16122 18630
11416 16353
1398 12538
21061 21622
9560 15620
16989 26073
10421 20856
675 22194
15839 15985
12690 13970
259 20586
15609 19739
13792 16429
3564 27790
10971 18142
21293 25110
7999 23821
5304 23902
3789 9195
20018 23643
6402 12997
8123 16194
6290 14865
2121 16010
6334 7194
742 18926
4164 21964
3625 18950
10998 21747
10199 27458
6245 15749
18676 24982
6797 10976
14190 28169
13864 24087
15995 21043
1236 19611
6230 11785
15899 25603
14817 19263
9194 20144
23459 26173
629 10350
12956 20032
4606 15931
14792 15116
9631 21123
17010 25699
4167 7396
17779 21413
5028 9528
8368 14728
16900 18738
10522 18657
4326 25766
11987 25464
14423 25505
4693 18290
7937 8964
17726 22117
9881 22716
12214 20657
2232 12219
15119 22035
18449 24783
3265 4061
2121 17606
16016 27958
86 15354
7497 15015
839 6501
10298 26978
10720 14007
3612 18774
10519 22384
581 9543
10321 16524
3789 7047
14755 27760
25273 26807
3126 24692
2813 15120
12314 23928
20848 21407
9083 17873
1271 16983
9924 13459
2567 16559
9800 14705
13979 21688
6590 12522
12506 22528
1103 4618
12459 23420
21324 21883
11300 27081
21438 26340
16428 17397
2575 3221
2282 8236
4924 22900
569 11199
113 24616
8396 22813
3116 16767
11010 25294
220 11315
3043 13867
3002 19849
4312 26511
10154 12051
12650 22764
18184 25105
4568 11987
8633 23403
1645 4639
904 24638
14100 23628
5327 18679
15716 26524
5978 18983
2547 23241
17842 18745
3063 13091
8151 23206
11124 13844
11673 21873
17938 20046
7772 13515
10574 19557
18784 22821
6183 24460
10785 17996
3875 15869
16276 25571
7446 10273
961 19169
4857 16289
10885 15950
13756 25636
16025 19148
4626 18920
4378 26528
5102 27222
256 5181
2302 21555
14710 22160
1154 10842
2230 27966
3848 25012
16976 26872
22819 26010
1177 7736
5691 12451
4274 18721
3830 6097
25562 26544
5710 17320
7387 27129
14964 20146
15011 27536
17516 22145
26159 26770
14555 18257
11306 28148
20786 24005
11182 12498
10971 14474
5042 6484
5371 6065
18265 25451
18118 18909
12551 13564
2740 22768
17593 27751
27224 27969
6793 10893
2556 25833
1287 22456
19013 24060
13662 20242
1243 6576
1851 18521
16246 28014
8108 10920
22553 23600
2227 4518
3259 20053
24419 26811
12565 21798
15599 18659
9560 18265
8411 11396
5988 11805
1343 25080
4029 5699
9096 19566
15335 27418
5984 7820
14242 25468
4117 4654
4162 7197
5815 22040
1949 6107
2604 19758
17518 25730
1275 10119
7668 13017
23762 26846
19016 25972
12423 26283
24772 25175
15383 27841
9253 27382
22 7659
18514 26053
8603 27578
16759 21663
14399 26892
10170 17842
959 18062
14771 18521
8063 15231
406 8806
1779 18787
6311 19119
5351 14666
22948 23664
6807 20348
5522 7073
6739 21831
1205 25960
867 3141
396 20373
9398 27223
8935 23196
8884 18804
7171 25440
5943 20657
4967 25083
5440 8366
7289 12711
20929 21789
6426 18626
10920 12124
6085 10464
2823 19503
9441 17597
19950 26397
6557 17164
10711 19429
1299 18704
5242 14552
3128 5288
10639 22946
9874 14104
4675 6868
14409 16974
18136 20616
7783 18001
18587 27224
21 10379
10404 24371
21450 25272
10 10619
14402 19577
14807 19641
4636 8924
7362 26061
2399 19011
11965 13937
16617 24484
15561 26037
13917 14557
2363 16851
7796 8939
6771 15695
313 18938
23342 25487
6301 19501
8743 16095
6021 16374
1356 27795
3080 26397
4089 20447
9772 12658
11733 25618
19917 23038
4085 18329
14559 15141
2111 4807
6480 27508
18651 28128
19 18591
1448 24032
4211 22112
3024 14033
14957 25010
9895 20747
8188 22816
13422 13849
262 19768
22600 23467
794 10876
1224 15749
11132 22499
4604 6499
9974 20111
850 5751
13917 21503
23086 23719
21688 25607
6445 11464
957 3694
11261 13227
11264 13218
18738 21010
8039 12997
9140 25426
21735 23357
5677 9148
3903 17787
1750 14575
10326 18863
4597 10957
4563 10897
14767 19522
1181 15183
8070 26795
4581 4710
17169 17366
6869 17823
5978 27586
10869 13014
24396 26169
1774 19786
1456 8764
16245 24861
16470 18001
9365 22459
4600 6668
1800 10602
3296 23916
1240 9380
1465 9586
12506 24453
13412 26716
1970 18485
15690 26168
6136 21592
3257 10411
8649 24862
7720 12835
25446 25966
15056 25999
545 15692
5096 7707
4956 14288
1878 9304
21545 24451
9881 24069
18463 21871
13410 13597
16599 27879
4954 22214
6177 11859
16330 16504
4806 22017
5178 19203
10023 17239
2701 9915
14574 23526
656 5270
1181 10266
5571 12077
20658 26863
191 24539
1724 15865
3908 8441
6499 8034
20994 22389
13014 16785
8658 16467
12914 13769
6877 15053
10618 16342
2542 10887
1349 2484
7451 26158
5583 13168
11746 22871
9399 16110
1950 12478
22847 23600
3874 22120
6390 6591
1308 8055
4702 11773
9843 23705
12588 14823
7350 23254
10767 26167
5117 18265
20389 21245
616 10174
8833 25525
7019 16545
4075 4877
25336 25426
15189 25250
974 22024
8938 11507
13686 19735
3317 26690
3709 23699
10643 25708
4366 14856
18668 26053
5180 26871
9398 17843
17595 24836
8887 22762
12780 21431
10538 27505
3741 28079
15476 19409
1985 28059
3122 20384
21070 28134
12405 14728
2984 19893
11729 16998
16026 22607
4717 4726
485 24127
16803 26749
6843 11034
21787 26929
16600 23619
6729 18929
24928 27196
10951 14843
19874 21257
4583 17186
9330 25815
12488 26587
5893 16959
8912 17653
11444 25881
1999 9638
9067 27432
19514 27015
2232 3001
8633 10587
12004 18724
6062 22104
8785 25468
13203 27989
19328 26698
6230 6765
13585 28272
6894 10354
22446 23408
21717 24595
4142 23437
441 19629
4717 4751
1165 9572
9645 9648
8741 13710
13763 24286
1948 5327
17584 23692
17098 23376
18319 22452
8280 26232
3206 10283
22128 27429
9610 13683
5062 26160
2291 2349
1306 7975
18700 25009
12785 25640
6355 13482
54 2958
16640 24062
833 8372
8912 13516
21274 24129
1151 20859
10207 20673
17787 17963
6085 16563
5053 22804
12956 24280
6177 25443
2610 17798
20288 21815
5473 14838
14383 21377
7538 17198
3587 21387
6462 16304
775 23546
9804 13234
4489 11113
12709 24042
13270 18639
21832 27621
15660 24710
14555 18857
4009 25653
621 15257
11311 15619
11188 26866
6517 6876
5621 21997
16253 18241
2657 10230
16993 19733
11807 19950
10115 15875
13904 16873
17526 27558
2940 26014
23094 23863
9621 22197
13355 19584
3874 12578
10961 17520
13937 27175
3634 16187
22630 28238
12397 24395
3053 3598
2708 12092
1123 16749
23465 24350
297 15751
4175 12271
7325 10197
7390 14002
9802 12871
4504 23176
19275 24294
2834 28202
580 18702
11804 25560
14481 22095
12699 18726
17283 17600
7721 18742
12186 22416
19712 24886
17789 18339
20417 24937
1578 19603
7375 8818
5774 19627
915 19269
9600 10333
4404 14604
22395 23619
13476 16988
1230 20703
1351 14383
1349 2137
7927 27867
12879 20647
1590 7105
14782 26104
5907 27056
22467 26661
1251 21650
3539 6532
18168 23307
4102 4945
7982 13970
9084 27500
8242 23082
19533 23619
933 18520
1322 26546
401 18565
11741 22959
14961 26147
3439 18235
10222 12604
8730 27138
16164 23822
4607 13339
825 22387
3482 25554
7114 27795
10162 15452
16436 18652
826 23138
3463 7984
6177 19705
226 867
7172 18603
25283 28173
4024 5522
15357 25505
460 13062
18522 24278
10271 12512
16976 19152
17177 23811
6438 6624
4802 7672
10494 10984
6999 17742
22331 24934
3100 4339
2556 15214
396 10542
1658 20119
5899 15032
396 27235
9033 9361
2250 24129
11261 26798
11026 11045
10230 22184
7755 18021
757 19118
2818 7910
4469 15155
8462 26663
15723 18435
683 23345
3908 12686
13735 16955
2872 6972
18927 24989
21293 26740
2288 27932
12056 15108
1056 27705
10584 24101
1455 24379
3778 12729
8850 16369
2526 19567
20444 22585
509 10197
22016 24352
1878 1879
4693 23083
9115 12108
13291 27612
16814 22716
3052 3300
11788 17369
710 19817
3528 25232
3417 4691
8538 17718
11880 19576
9264 26866
8385 25262
2657 10951
15508 26154
9447 26664
8720 23016
2905 21003
2129 2785
1936 3719
8441 24659
6996 24502
495 15611
9180 12888
6517 10833
8878 12684
23 2210
7050 19005
7243 17917
9607 21153
14266 16276
36 22491
1589 27923
7176 15377
20958 21118
6446 14843
5665 14944
3863 22226
3882 25662
11281 21057
6227 26259
20594 24028
13994 18870
16467 19162
10185 27105
13681 28031
14683 21236
14388 22989
368 2182
10583 27536
24914 28195
5366 22522
11314 23415
512 14534
3006 7861
10309 20754
1529 24947
6304 25614
20001 26141
14657 27221
18132 24723
10160 11552
2188 19924
1264 18673
4072 12107
14857 17532
3233 26322
971 5969
4431 23270
8212 14612
1589 15575
8306 8730
4175 17076
2395 18041
3738 6891
3072 23830
11295 14534
15582 23684
3484 19678
4789 20515
1392 8974
7141 11436
7605 23143
14689 25381
1181 17729
531 24708
5613 5729
14044 14950
19918 27013
10792 17926
21682 26638
6301 25525
18931 25913
11177 25197
3622 9716
1688 21345
21486 23007
8647 21163
14331 16812
6616 11150
8100 11584
11183 14697
22193 23793
17546 18707
3781 7072
3738 26608
8550 14155
4703 11635
3944 8263
1748 15308
20685 24250
22250 23951
3598 14463
8481 24062
2521 3121
1884 5522
22581 25011
19788 24874
2648 21761
341 25197
1165 3886
4791 28272
2247 10617
3638 14340
7288 28100
7571 26431
22742 25759
1449 22957
813 3872
21248 24157
2218 25857
14086 25993
5259 14408
12040 16756
16979 22827
24934 27025
5626 18039
15817 21497
35 16983
1732 18392
9771 25335
11351 21547
12067 16095
7314 10293
5882 7268
15439 15717
21849 25566
22321 27993
3125 18603
4772 5701
22605 23459
6220 6775
6942 19180
10820 15708
20797 21275
17196 21811
6108 27898
15088 17446
5940 22675
19895 26736
2623 16640
1491 24485
361 24240
22854 25838
1499 14412
2614 9873
14690 26180
12043 24791
14079 14700
8603 13332
5078 17194
3523 16564
7415 22606
14763 28176
2144 14776
8223 20355
3599 12994
2254 13707
161 4954
406 22216
1710 13231
12495 19712
24502 25879
4360 7855
14477 27451
21491 22106
4645 21327
15894 19312
21335 28031
13681 17823
14814 24211
1526 10154
9605 28055
4717 23970
10359 20331
4009 14555
11748 18760
5505 10161
1767 17422
19662 21026
6390 15111
19566 20860
5568 24127
900 1050
8659 8717
13888 16905
13320 22479
16644 27488
15962 18684
7972 20835
495 23298
10191 15017
19086 24886
6637 19764
11447 15918
1293 13182
6763 7246
17702 27978
1253 3167
10857 24120
19329 19331
9416 10998
14534 16668
8514 18043
22426 22528
12128 18954
1058 10091
7498 19506
2948 3465
9489 21564
364 2427
11011 25955
2170 23520
13436 21688
19778 20376
21623 21958
22269 26784
12765 14288
26468 26493
4450 4916
828 3147
1013 11292
897 19727
6239 23983
17193 27189
1555 20765
7878 27655
2373 10751
19652 25329
6182 25132
6245 14555
1497 6604
5485 14468
19717 25507
21000 24905
960 15561
19605 25850
957 11790
19900 22895
8291 14423
15056 25299
8081 20355
1001 14539
1186 16203
8400 19172
5229 14625
14215 25732
10542 18976
20130 27841
1122 24324
3006 7942
20007 22756
24374 25402
2003 18028
9899 22623
1597 9371
22203 24856
10185 25727
25425 25570
17263 24028
16276 19948
1405 17435
19175 27129
15091 24697
4993 26644
1057 5832
20688 25406
22696 24952
27306 28049
3909 10331
1672 7827
14247 27977
1933 26047
1332 5543
1365 24806
17748 20778
17302 26736
16598 20740
2954 6780
344 16420
15396 22763
1141 16775
16209 24020
341 12220
5374 7586
6668 22028
14344 17930
21329 25571
9408 11030
8544 25138
16484 24069
11610 22996
7277 13661
10698 11768
5998 8959
5145 15507
12886 19154
5112 15918
97 5056
2105 8162
6832 14139
14254 16584
4216 10604
12479 25054
17487 18553
2883 24698
11077 23119
13105 27178
13108 24904
16213 21439
13935 24400
19368 19459
2495 27087
23910 25299
4278 26339
10309 21766
24870 27872
12391 17975
4413 10646
5734 7945
14694 23225
3790 15739
4274 13869
7645 17119
10540 24836
10560 15037
12356 14345
8795 26668
5413 21091
3562 15055
1181 18146
7910 27913
1993 17100
11157 22666
8223 21151
17924 25871
11465 22649
10767 12963
9208 9438
19736 23679
1440 19950
1505 6175
20839 21044
588 7003
867 1878
1748 18381
8861 10286
21638 24221
13480 25887
8060 19271
14483 16276
6824 15565
12576 19354
17503 23425
917 6253
20687 26235
11006 23955
16461 20291
21994 24351
2481 9690
20444 25986
4315 20298
6148 24081
22200 25519
13514 22983
9738 11854
14662 28106
6792 27648
3383 26060
23738 26979
34 20689
6832 8368
573 7285
10050 16979
327 25998
9662 11369
9327 19479
5984 11880
5196 7002
4181 25803
6929 24543
3562 15899
1645 27607
21024 21079
3515 6980
2763 23197
17017 24306
1018 3904
8396 28044
18359 22514
922 3846
912 14534
5093 20461
4361 28044
4218 18136
8183 26021
8438 22334
3633 13592
11866 27571
9086 9590
16025 25910
5588 19041
1745 18446
9117 11199
21435 26892
9525 14771
18554 27444
5744 6247
2986 6848
3575 23861
10466 20995
1254 18084
17603 25262
14922 25490
1950 18035
9717 27736
505 22216
4581 6722
17766 25036
3829 4780
6412 24129
2114 22329
14667 19192
19257 22203
15808 23553
7207 8145
14103 28193
15017 21398
6929 16576
345 16493
5500 25616
13856 22549
7745 9762
8734 25298
6106 7930
18281 25131
26358 27008
12230 13892
3069 14236
15278 25009
5055 7644
23143 26405
5870 26055
15694 24696
17696 22109
3307 11485
1106 15672
20144 27661
17598 22384
7878 15225
10601 15404
8424 15734
18201 27360
11119 28096
14382 25838
22814 28133
13161 14795
11382 25160
19649 22564
6036 7594
9411 18057
6533 19857
7952 8392
13405 17543
8516 21698
3338 14330
6573 20765
22847 23721
10080 21545
23086 27931
15985 25574
13195 17112
9690 22562
7738 26689
4924 7392
19830 22472
8075 10053
8055 27550
9572 19576
2176 26348
18461 21583
229 18392
950 22025
6372 22984
1851 7862
8435 24005
5825 21616
5743 7643
1713 4287
9129 19045
1960 11567
216 3865
19075 26148
7645 11612
7386 13294
878 23007
14023 16037
15261 25306
10050 18370
8075 15202
15875 23143
820 22276
1300 16684
8592 23138
9053 20054
3885 23265
5361 17891
1415 6894
6158 6489
15084 26600
8558 13674
14057 21770
20836 21462
11176 16588
3457 5686
8049 16354
27816 27976
4929 7213
9465 21473
9151 22219
16340 27571
705 25283
7318 12838
5618 25903
5107 19483
18496 26076
967 16311
13091 25468
5579 22026
19030 19133
3805 6646
19372 21315
20726 22568
23721 27247
11444 17550
5196 6879
23273 25445
3444 7809
19710 26253
11712 11835
12415 19995
15866 17300
3201 11463
719 19660
7835 12214
19424 19744
2093 11439
4252 25716
2434 7266
20434 22785
18820 21849
19712 23766
10381 12796
17747 22565
12551 28056
9552 11225
18287 23237
197 27179
1645 9898
515 24061
19539 21562
1445 28180
7451 16367
7614 17232
1103 3828
14264 18521
16974 23733
14524 27374
20162 21236
11847 13780
8478 17310
4581 17218
7728 9022
650 9311
64 20562
5635 26537
20431 23273
8660 26597
3121 21409
4515 7945
11295 26137
2329 16369
5639 12657
583 4581
2796 20658
2619 25006
5551 24075
7533 18850
2186 22205
19348 23047
9537 10326
2505 18960
2245 7627
868 21562
10330 27013
9809 13969
7613 24103
22295 23362
23941 25930
7185 16083
12067 24297
6639 22947
3401 17235
1223 18724
17147 22330
5082 24589
2526 13448
7620 19073
23669 24375
4055 9962
11266 28255
13772 21719
10061 23115
7783 23978
5053 16957
13416 20935
8903 25456
9906 13468
4922 26907
25620 27137
15247 17496
13095 16781
8263 16905
7595 18679
2831 11943
1483 27168
4268 23979
2646 11199
1484 4254
845 15530
3528 5588
1644 22280
13428 16972
10432 11746
8491 23794
14461 18994
21353 26565
2961 13370
825 19552
259 26314
2353 25154
18379 27184
5607 6775
473 20754
15285 17440
18494 24721
19956 21944
15292 23728
6832 9390
1902 2598
23352 26192
2172 4805
25302 25463
19019 19691
31 6504
2826 16193
5104 5802
19201 20479
8648 17112
4039 23520
15097 17904
8437 15401
3680 24611
188 24275
505 20384
1528 26278
19222 23670
7331 27683
17310 22849
11657 16867
1694 8787
22574 23711
13839 20831
1657 14894
13480 21240
3265 21851
21966 25472
13831 20032
2105 7330
7400 21251
15321 22895
9758 27967
1719 13451
10269 18818
957 20291
11121 24056
10979 17278
15682 18920
19801 21992
4917 21485
3469 16735
3587 22322
2505 20971
8349 12805
17003 20319
4702 23655
989 5160
2927 20024
21725 26573
14492 16758
26892 27173
22085 25842
24120 24720
8330 20031
1056 19140
2392 22267
5082 5711
14245 16984
3856 7835
10474 23034
4073 24062
7310 11784
15756 20017
19892 20554
16107 27124
8485 25599
3856 12830
373 7237
1050 3075
10464 24659
7783 27296
2694 20834
2796 21120
23686 27246
14997 19190
10054 17393
5680 26418
4269 17173
12346 20292
3558 23159
1140 10146
4503 24061
13583 14379
7285 13171
5485 6536
11933 23086
27245 27821
867 19668
15003 21014
5691 14359
14167 27208
6489 14342
2232 15862
8909 9105
867 10935
6044 26964
1788 8874
3105 25592
1477 15864
156 25433
928 20525
8965 14136
9792 21163
10496 12346
3961 24080
712 2912
23643 28061
1737 20545
14477 22640
5331 17604
7110 17845
4274 15141
1676 14961
4579 11993
3141 17481
12154 18667
1713 4597
5123 14727
4159 22448
438 24789
7300 23102
16957 17056
7693 16751
1864 24955
961 10852
4544 27943
19148 21546
10659 11091
669 22511
3592 22579
1385 25232
20298 22430
14909 24125
2986 5722
10319 11625
6003 19311
11368 25432
3987 26235
9823 27216
20424 26322
7721 8827
11315 17562
8108 8971
7644 8708
10246 12945
23983 24104
8394 22321
9081 15610
8022 18009
15401 25349
2344 4380
2767 21828
11692 14633
4774 14820
16090 17166
2332 24510
5377 12114
3900 27004
181 19316
18348 24126
13812 25552
15225 20330
10815 16337
18679 27596
6455 25202
10495 22711
10081 28044
3532 7524
25163 26150
14392 28180
24502 26131
4308 9717
278 8973
11073 18798
17606 19875
910 23926
22440 25666
1411 4227
4218 19717
15892 16974
17057 24756
9395 21958
10959 16686
4201 17742
9626 11128
19355 26545
3987 20687
302 13289
18359 21616
23584 25354
4965 27316
11795 28214
20800 22821
7975 18891
4799 18267
1045 9328
15106 23463
15665 15865
11501 19494
258 5368
8127 25881
13910 25966
11722 20479
4600 27084
13892 24061
10462 17485
18485 26676
7236 21665
2141 2417
5885 27452
19594 19610
19369 20685
10638 23390
7278 22067
16955 18199
495 12598
10073 13565
10601 27560
7079 8935
20227 25893
3214 5304
8237 20120
9633 15091
2722 16425
18553 18751
1556 11424
6940 8242
9377 24069
18824 21552
885 6538
18 3197
393 27391
2342 2912
2245 19039
4382 10767
9436 26417
13537 22630
11319 12383
3933 17033
10226 11436
15772 27899
14534 14948
10729 22157
4226 17803
9358 17113
8608 22399
4952 25306
2490 13806
13232 28031
11789 19415
1368 20969
10061 10116
1940 18442
8507 27035
14915 28027
2414 9723
3580 4455
21364 24548
8938 12976
609 18363
19474 22236
17364 28046
1529 2605
9569 22283
540 16542
6826 18630
2344 8215
13138 22098
3345 19170
6459 9063
2282 9373
15263 19933
13029 27899
12204 21766
16243 20628
24140 27174
2995 4756
8825 16180
14247 23870
11607 19265
9429 12924
23 28194
24 12266
1314 7009
20566 27316
12076 25980
3998 21036
12773 22200
5326 24947
7985 12855
561 24131
9260 14971
22470 24470
396 10956
4303 26077
8909 19699
3564 19735
9962 28058
6391 9442
3019 4230
10136 16655
9189 24746
1953 16438
7022 7982
13487 24969
5858 17165
15141 28156
17273 24720
770 7955
13091 20758
13970 17727
7758 9465
2340 25177
2205 10807
9410 27524
17524 26737
5888 16512
6296 22499
8650 13125
12638 26114
8054 22472
2978 15064
3772 9614
22531 26469
3881 19888
6804 19068
3147 13355
2227 20995
991 21067
12090 17067
13490 25414
528 21857
4102 14907
20181 24673
19259 24095
14010 20808
10830 25083
175 17787
12437 17593
6965 20420
17052 22156
1502 16949
32 8757
6968 25818
1529 25039
9638 9653
14634 21798
20276 21878
11192 27867
16507 17176
16025 17757
1657 16534
2804 9352
10170 26781
4417 13086
13970 24904
16602 21553
4190 10269
355 7517
1382 13504
14672 24888
10419 26998
2430 13584
18406 19068
9871 25088
8437 10061
10982 27042
7641 27389
9460 9572
5361 10913
22845 26322
12851 14599
6156 15210
2604 16055
18784 19244
8011 25707
14534 26943
14568 20765
17391 21736
1487 14992
22897 23739
15376 16261
13193 16618
11113 17354
3825 8515
6257 25403
20302 20406
6680 11826
7822 25214
15660 21263
7047 12324
1275 20681
2121 22342
3146 7204
17718 26932
6237 14229
11457 19082
15573 17977
7485 14016
15936 21790
7976 27728
1894 10236
1206 2754
2080 11172
926 5989
23352 25538
1970 7668
4321 10068
17694 19314
211 12262
564 10861
2132 15705
6110 21493
854 17963
15893 23676
14291 17341
17425 27942
694 16292
5217 21471
3778 4556
3079 15061
22976 24224
1375 17520
25019 28116
7624 13106
3249 22093
20778 27880
5301 8781
12652 21051
5989 19076
7317 19504
27121 27740
13671 20904
4869 16466
17914 26743
17770 23312
8066 8202
5413 10419
17742 21633
15185 25260
14065 21929
8285 25299
3287 12890
1614 9969
14958 19942
3752 17042
9524 22365
17525 23767
9071 18341
3712 17851
10653 14969
6678 8413
18059 24436
4286 26447
4883 9747
5353 6972
22470 22667
26083 26787
14022 17580
3349 26409
3073 15268
19275 26197
3845 11888
2379 11059
5448 19878
8488 11338
21383 24848
15924 26353
17117 18036
21688 24005
14898 27758
499 3439
941 21173
8351 13086
11780 17133
12368 25708
9234 9903
3280 18133
5317 27765
1401 25294
13221 13961
7701 20826
4218 22837
8982 13031
8281 11450
5989 8852
9710 21521
3618 17803
6179 23762
6378 13591
16367 23807
15789 24069
14988 19375
5691 23379
3389 3748
6322 21433
12549 24908
11668 16232
2767 27582
3609 27128
16640 26069
6510 18753
20 2964
10882 19775
8167 12756
7632 11256
7036 18132
4933 6760
916 22141
11796 21354
8088 19678
20420 24904
17530 24374
1213 14538
4812 22581
1579 5328
4199 16527
12785 22192
812 15511
1014 3389
12494 15321
24127 25732
3718 13700
10346 10896
1967 18447
379 18755
1197 10315
8974 18610
19839 28051
8575 22947
808 11867
11508 25983
1936 17020
1579 3762
9739 15141
10906 13381
1621 16629
2771 14564
880 17179
1770 21900
13174 22648
8511 23252
1306 25810
7608 15239
15303 22664
622 12356
1113 22191
6883 16214
7019 7695
5685 6171
22634 24127
10954 14534
7273 11988
11844 18558
2872 15286
17354 17455
17645 18649
6749 27529
9248 14407
812 25397
11784 14322
1148 3741
12097 18448
19400 19409
2111 5440
15195 17035
3997 12314
9236 10232
12762 17945
9988 23225
175 1609
985 27811
7390 22387
3622 5196
10146 11830
10318 15727
3728 11250
11990 11998
10309 25963
5387 27567
13374 18033
10971 17407
302 27263
16337 24665
2991 3098
12228 16475
10183 25849
16974 21323
9226 15271
2028 8493
1556 1776
18905 27719
7479 12585
7596 14165
6172 20822
16753 25986
2215 23175
1617 6470
10971 11076
12444 12899
933 9154
19819 22025
7440 10328
8363 25276
3974 19764
3687 7733
6830 14782
7736 9441
21650 26264
10326 27544
3202 25042
17692 18945
21990 25602
25167 27660
7349 9699
7681 9398
1103 15271
3194 11970
615 6970
3117 25956
18878 26927
21850 24393
1378 6527
15706 22511
5852 24238
33 22416
11502 18662
5852 22425
3114 19954
10871 27690
14227 17991
12049 16853
16984 19242
1429 21122
1441 16422
16986 23361
1582 11227
11111 16747
7534 20008
828 20667
5607 17181
5185 10723
5510 19140
19061 27617
11675 20365
15563 23521
12226 15973
16325 18910
8271 27876
2152 24158
24104 26554
24371 24738
10961 15296
406 23492
3084 19640
9179 19827
7523 27108
7236 25653
4044 9561
27765 27961
14242 17592
25009 26197
7802 22324
282 4818
11654 19068
22925 25163
20365 23341
7833 18437
1141 19025
8251 22159
23295 25207
5085 11233
11653 14715
21628 27446
2642 14584
11918 27424
8493 15426
9315 26160
20331 25164
11653 11794
7820 20639
27300 27306
5374 26606
14584 18501
3369 24042
14933 23910
4731 17949
6753 7626
2674 13006
3566 10023
21832 25257
3300 24954
1943 2637
21057 26000
865 14093
5661 14993
6081 19117
5651 15919
9523 10561
10344 17219
13379 23976
7047 22593
8816 20744
3239 18056
11049 27273
9910 24665
615 12963
2015 7301
1604 7227
11240 24640
23 25545
16957 20306
18978 24053
13089 13208
12246 18128
7136 27205
12351 25099
1438 13271
7307 12341
4568 4695
19717 27123
828 12956
11090 18531
4076 13663
1395 17060
8959 25615
9255 19001
8463 18434
10111 15344
9020 18958
33 19712
2469 13407
16640 22448
15251 23949
706 13100
7168 9791
10030 20502
9234 14398
20406 25013
15507 24611
11479 20715
2381 21577
4528 24444
3728 16334
14627 15251
15642 28156
16955 21407
3009 10871
3674 9281
670 18795
67 693
735 9683
4766 24221
3498 27680
439 13048
5522 21766
25036 28016
3296 9944
12801 20094
3544 18436
9811 22968
22430 27042
20235 22012
11076 18099
6008 15257
14541 25699
1140 1258
22469 26640
9833 12481
160 13829
15478 17574
8578 10436
7652 8264
5613 26880
3399 5494
11503 23082
15814 24254
8865 17029
498 3361
8970 15376
3139 20504
18192 24601
3697 10990
8965 21448
5008 11812
10935 18216
18029 22452
4853 23945
7234 25281
2724 16764
19116 25710
5189 13294
479 3126
9670 14672
2667 5874
16587 25275
11932 16793
1379 14040
18746 22231
14646 24061
24216 24954
1613 4954
10943 23467
9067 16941
23265 23626
1317 11969
22743 22919
4983 5597
5415 14788
16413 22721
12159 21624
16158 22518
17637 17692
7679 26217
9747 11045
7568 23971
4719 8290
10380 23465
4671 19482
6083 12959
4689 27821
1317 26220
5151 18808
11311 27314
16644 17501
23146 25486
8196 26410
20109 24104
13115 17273
7923 15371
9607 13017
16261 17456
8494 19425
983 18641
20046 22399
10701 23719
8166 21438
9081 12890
4360 17153
16772 28211
17599 24950
7950 19816
7313 27569
1744 18811
256 8410
18704 23764
8451 11311
14178 26063
13819 17649
6587 20127
13579 27961
1538 17354
3810 24354
1920 28156
1026 12139
4218 8718
9193 21980
9227 11291
4817 13076
11030 25759
3741 15421
15759 21201
9542 20032
3946 15182
4532 6552
9846 17877
16193 19952
18405 22227
1538 27296
20046 23395
19974 21000
3378 18772
10619 11166
1504 19192
5008 27016
2447 21659
7480 25517
24610 27205
3127 22913
7320 10080
102 17070
5573 9396
23243 24602
19801 20069
19410 21945
1223 15271
4715 7483
4919 24772
1137 26661
9226 11975
1178 3279
1954 8962
12124 12835
7763 22117
10248 14806
1693 25850
23610 28277
3679 5125
13225 25992
1 4069
10986 23099
3421 6220
7813 8113
6601 19857
14899 26286
11252 11797
8800 15009
333 1878
2505 5119
19348 24028
22701 24777
21042 24332
14552 18726
4581 4713
15136 26417
1800 22479
19692 22666
5485 9353
7930 10859
11809 26126
419 21794
1174 20672
5867 18962
4640 12397
16656 26927
880 15920
17634 27670
8649 18211
4650 12137
6037 6280
3810 10309
15747 18402
5249 9963
16337 25559
15554 24774
21886 24104
18921 20714
12467 26430
11783 19447
139 7158
2604 18679
4906 23422
4510 10653
2433 9992
18657 23461
17412 18348
6372 11866
6739 25657
12423 23361
3197 15952
11970 18160
14021 14235
19567 25276
18959 19284
2155 10917
7111 15133
581 17803
12056 25901
15423 25157
9795 24351
3788 15128
3872 20868
13970 27746
18414 25582
1879 4312
3287 18195
20313 20337
8267 11169
3188 26340
3102 15593
3910 21360
16276 22984
5028 11471
1889 7901
19763 27043
10393 20876
7935 14537
7879 8398
21753 25163
12717 17014
25280 26892
3002 8810
554 7085
5980 20702
15749 26347
22520 26164
8432 21908
9465 17823
1209 11250
17941 25685
25552 25723
15410 23365
9536 27635
7679 21331
4808 20112
814 7332
7320 7522
10959 21000
5435 21631
14705 18001
11026 14257
22735 22789
10317 12321
10675 17892
17422 25160
10512 15676
5694 10321
5315 18508
1651 13752
4041 10657
21955 25927
19286 27050
5476 28061
7144 23721
10935 21577
1802 6780
15991 21865
3383 20041
2132 18421
17469 23510
27013 28029
1795 12287
9055 26802
1574 25361
11063 28230
4802 24615
6555 24904
13220 17003
10372 21815
6054 18220
23963 25321
8355 11646
3300 10830
2324 27904
1605 7476
6798 27418
5485 26503
4818 17898
2326 24363
11597 19522
22451 23171
19086 20886
106 14019
23680 23898
10350 21456
13010 20592
3163 11161
4417 6517
23315 25949
17737 19548
5392 26053
24008 27896
13060 24937
7487 13091
7559 8929
8398 21826
14532 23399
6351 18629
14782 21939
8074 19947
11296 14716
6065 21135
11715 16314
17894 20668
20156 23764
8297 28276
1878 24068
10794 25412
4848 5832
3573 8003
11124 19095
4505 10852
2329 12225
9532 18073
6622 9598
14399 18593
12056 18721
13227 19322
7826 28156
21643 23461
15910 26737
24082 26770
505 4519
7033 8631
374 27918
2324 13229
19081 20355
5513 27605
1379 5976
16963 23553
23315 25351
16986 27085
11880 14585
586 2236
15672 17763
4081 5978
6007 21473
20470 26690
7950 14712
10403 18062
10458 16808
11998 25685
469 19696
5047 10301
14783 22605
4758 8076
4092 21156
7502 27194
14839 19083
14606 23761
3634 19137
4518 28263
22579 23829
10446 16407
1698 24145
8589 15857
7747 17056
9525 10484
16879 26034
23872 28154
5949 14731
17674 22675
3618 14473
7997 9683
16038 18524
3728 11746
3159 15670
3634 10757
635 25482
13780 24104
6832 9371
16126 24834
9441 22833
8075 25629
2635 16402
11594 16224
1140 19222
21423 22052
1193 22379
17374 24139
4715 11199
2716 22966
7195 14463
2269 5403
4700 16664
12614 21030
693 1302
6140 21247
20265 21887
15584 20990
660 19363
17341 21653
11803 22701
691 15687
21797 26150
595 2384
11722 27257
5339 15517
2882 8246
4938 12708
9923 16698
20162 21416
1266 16146
5236 25036
3382 4037
2329 14694
16036 23767
19067 20592
4421 12646
2525 15493
26005 26870
711 25452
1141 12698
25617 27271
1106 26201
21558 26866
101 2635
10935 17906
693 23282
19525 25429
4109 16083
24412 24861
8870 15853
6182 16980
4090 12228
1988 3235
2559 10523
18033 27684
3624 19281
12005 18603
11048 25568
1689 11580
15069 21748
3975 26916
7343 13875
8457 11780
3447 3932
11436 17901
8964 15056
11193 20127
9950 24750
4825 16369
3675 17734
12792 14309
3969 15315
7498 8708
18886 27451
1809 5731
8596 22764
23825 25251
6095 18669
2810 5686
15190 24208
3121 25164
12566 15676
9080 27602
2709 5336
6665 25301
416 14807
12565 16986
8173 19127
6260 27381
11450 22310
2336 12900
108 804
5878 25875
1211 11801
3779 27444
7157 26098
16140 19803
5 19435
4075 21849
244 10593
25610 26189
23465 25319
3915 10630
711 3359
17996 24557
19150 23459
13682 14489
4152 17228
6474 16112
8751 14100
11610 21733
22833 27114
1112 12933
5985 9172
12330 24323
23359 25918
9747 25788
23920 24022
1416 13029
11284 16781
16456 19451
10088 17525
4260 27966
8080 16849
495 12708
24787 25670
13373 18787
20081 26958
3275 5665
11641 13973
7335 13323
16835 17865
18314 25553
12030 18497
23585 26620
4489 5102
6958 26172
16071 16324
722 7623
2496 21374
3587 3819
79 1592
21963 24422
5117 21248
19164 27918
930 13369
505 21481
3528 5398
2620 4326
14233 15063
14519 20030
13527 19183
1259 5776
10075 14642
2403 15153
10060 20329
7682 8688
14763 18291
3711 7836
17874 25197
3753 7647
6383 8730
8913 11291
3762 3788
21883 22387
13032 14040
3881 23392
18090 23279
833 7411
893 17543
15986 16489
14881 17868
3387 25400
1960 3095
12111 17502
9502 19219
1940 5659
17188 22894
67 26497
18086 24119
14418 21761
3469 22498
20782 21952
9816 15334
17608 20431
3186 11606
14793 27569
3266 24095
3617 13885
16304 20631
193 1335
22304 27078
8218 20889
18192 19567
2072 25552
15015 23333
22714 28214
5072 18522
346 7515
6568 25848
588 11409
19758 28167
860 22842
13682 22202
6994 17681
4395 20805
5711 25856
24068 28258
4617 6896
9869 22688
535 3842
14607 20201
5793 22471
11615 21671
6550 8148
3357 24005
5142 16791
15996 17944
20001 24681
14096 27800
3287 25329
12010 22996
14676 23140
8812 27805
5730 19646
867 7140
14301 21480
10222 24122
13101 25403
6869 10160
6768 17461
15154 17851
12692 25842
10244 19941
7636 16864
1681 18645
21984 25475
2001 16358
7858 15565
7294 24561
15330 16439
5475 20740
10808 14014
15149 26131
14703 25680
1950 24247
3357 12792
9638 24521
12220 21505
1990 8730
554 22905
18942 24566
7626 15600
115 8405
3282 24136
11568 22416
4127 20743
2469 2759
3931 10886
1545 9834
9907 15428
11298 24418
4429 9800
3121 18920
4087 6868
2771 27263
10922 13462
2709 23064
16552 27178
19535 24284
8963 22209
5451 22553
22965 26717
9702 25309
11877 22180
4142 24929
2988 26566
738 20841
15453 20867
3539 22737
11457 20537
1322 19662
2209 22226
4325 15217
2679 17212
2748 4468
2274 20532
14976 28166
1098 26869
3059 19331
16639 24219
8971 22857
2878 15349
9550 11562
7009 11674
21693 25673
10639 10943
12082 21105
3414 16682
20321 21840
24843 25494
2489 27923
20198 26304
606 20682
7407 21374
24 22558
7810 15015
23233 24069
681 3366
26464 27761
5890 8797
1505 24116
15221 26946
7758 13989
1852 6946
11315 11576
19410 24608
13622 24864
8036 19219
6891 21476
3978 15147
10197 22640
11794 25956
406 25986
23674 23974
12556 17902
811 19549
6994 17530
25795 26929
1659 10824
9632 14919
12034 17765
6221 15823
5082 24291
3684 9771
4256 14694
13910 26515
2518 11141
1349 5659
593 24538
24842 28211
5854 21323
130 10042
15047 25901
14804 26169
6903 10342
404 24069
3501 9358
18306 24299
8705 9893
14712 24323
25172 25646
8443 11104
1041 18716
3139 16962
11428 15916
6007 20366
529 17427
1306 8352
22871 23977
2431 23678
16983 17791
13733 22694
3063 5288
16984 25337
19686 20757
13278 14599
11746 14043
2937 18132
7011 24280
23210 25559
13282 26097
11034 22981
10742 28231
4367 10062
6939 14031
13984 24830
6196 23499
19016 20340
2304 7789
8754 14242
6560 7982
4475 15853
16767 20043
16996 23693
4287 21123
6144 7774
8410 19291
3711 23878
1609 7040
3545 3697
10493 17178
13264 25586
6370 23619
1496 18942
4325 11039
5710 8831
1911 10587
3654 22487
3858 5641
5558 8056
3415 14349
12565 16941
6148 25790
8655 11791
1512 7295
1068 15357
20558 27483
1356 15368
79 1519
14355 23183
14468 22416
8413 23705
11996 24836
9354 12449
9080 10784
5989 19034
833 19190
20947 26405
1421 27825
17630 22153
9238 22227
3505 9988
8860 23443
21636 23942
4092 24287
12934 21725
21231 23516
14748 20950
18411 19419
5371 20936
1530 6789
20342 28001
2847 27495
14553 27953
12434 24445
11865 13488
6155 7982
1020 14338
20737 25062
45 9231
3517 4573
7214 19018
3296 16490
473 11953
12169 18262
15368 16724
7685 8493
19340 25981
5466 15346
3619 23897
10131 19635
6707 7559
12076 23243
4056 21287
21633 24031
6207 11330
1819 24899
430 4840
23550 24129
11245 14212
8291 14506
967 14541
4321 23133
3128 26539
3806 24061
13457 22984
21417 24836
12369 21003
8801 24406
18088 26830
11484 19835
9452 25330
21102 23799
3409 12947
2481 11420
24598 26091
3006 14145
24378 24892
3859 4256
17090 27870
10963 20449
1767 27117
1713 4048
14053 17070
7037 22116
6298 10859
18699 20742
1530 13557
5071 23726
17788 27113
6916 13733
11039 18820
4302 20828
11784 26369
2945 23972
15056 24939
6377 13527
6393 27879
22321 22947
8806 16276
10127 15178
4552 14431
7065 17341
5231 18499
15977 19884
11528 12528
160 11484
17196 27080
7111 14129
12758 18947
2841 25197
19396 27899
1934 22147
12166 27505
11322 27013
13915 22340
9825 28052
3780 22012
3036 24049
14570 26680
5611 14598
9502 23738
6179 22369
8291 24539
8924 17345
9330 11755
4482 22652
847 6724
8387 8536
3479 16162
8761 14369
14208 26540
6182 10077
2470 7166
5289 11451
14174 25062
13282 18265
21042 27882
9653 14709
10559 21138
14901 15211
9368 25602
19790 19846
8791 27464
13037 22517
11799 14691
12205 19004
10348 14954
257 6441
2526 17117
20064 25028
825 10082
2076 2807
1529 17909
1211 19820
16886 21124
3645 23276
3128 10263
12109 20917
3154 12228
3434 4189
7296 17719
2517 25214
19793 24935
13414 21557
15508 18619
15271 18280
25786 26422
11240 26969
15487 26194
406 6626
1036 12156
3802 7188
5485 17220
19893 23767
7944 8638
9518 26806
2585 26401
12264 13358
7987 8317
12034 12043
16700 21973
9141 23884
387 10041
626 12715
1234 13354
7929 14743
1404 27514
5984 12708
8458 23479
11988 19047
11612 18882
10080 23628
8377 14244
16695 17054
1868 17731
876 15510
11281 19061
5022 9732
4204 11634
17612 21191
15474 25537
3059 10224
5906 10488
11422 22137
2247 11076
1878 19601
285 438
1516 23920
1510 7987
17610 21397
5200 8902
2757 6350
11079 22324
8676 8817
161 14280
14648 19813
10207 14517
10458 25621
13022 19952
1613 24603
495 10739
15494 22273
23106 28008
1188 17657
12333 26016
10840 27643
7707 17067
11080 21304
12956 20503
10490 16867
9512 24231
6215 10304
10029 24371
2047 16328
15723 24322
17893 21229
11859 15400
8251 24904
12551 12737
15683 16389
1912 18662
4409 22271
1061 18704
9715 23752
20639 27314
22878 22966
2764 11610
2342 13720
3727 21752
14468 18533
24576 25039
1141 11786
3463 13553
8368 11030
860 11877
20537 26444
17630 24280
14445 22977
4974 12463
3601 15604
12635 20814
3828 16141
21514 23620
644 13203
10709 13062
8385 24846
582 14575
13010 14479
27792 27886
16684 26648
18521 23838
19180 20758
2617 22786
9105 23633
1 9051
3372 26584
9410 10805
12341 27398
26945 27313
9229 14707
4522 5747
15249 17456
1779 16979
12525 21091
1577 3554
10309 12075
9038 10382
16190 17722
9137 19579
15056 18714
671 11132
16979 18598
10653 24172
3129 5250
24836 24949
6807 9521
664 24660
5412 10150
13222 14970
17727 23143
7365 8114
11259 28228
3042 23307
144 24516
2125 20866
1925 17797
17963 28012
15543 28113
14672 18425
21945 25683
10593 23808
18099 25174
8615 14895
15027 27108
4504 21687
11465 26638
4993 25910
3746 27520
973 16435
6356 14820
7375 16593
11008 24787
2748 4604
3767 4542
10018 27802
4498 25869
14919 28108
2386 20831
10242 12604
997 8515
10532 22873
15064 22184
7937 8990
9616 10282
11499 23482
3354 6061
10618 24927
10247 11317
11064 18518
17006 18272
12679 22025
7149 21516
3359 25603
7297 23396
6832 11916
7341 24624
14378 24939
21882 26707
8310 14364
18755 19770
38 9228
9061 24682
5695 9518
5651 16369
656 28272
6359 13649
1645 19257
15984 23336
3472 21823
9505 27502
7075 23478
18682 25410
582 18761
2 32
8762 17953
7519 8370
13385 19192
11401 20460
12759 24010
12772 20480
1838 25732
7814 14519
21542 27274
107 26804
17041 18639
22106 27175
9903 14783
12506 26567
14319 27490
7626 9285
5308 24255
13542 23196
395 11484
4489 15730
6510 9354
4479 11052
5166 19409
5465 7335
1014 6222
3678 13596
7744 10567
10181 14541
25267 26182
11637 25415
842 15731
4581 8195
1263 2925
2677 17479
788 8780
3484 26578
1508 5941
5372 14174
12137 19502
11814 23718
3197 10959
13603 24176
6775 7434
4871 18038
2236 23566
10091 18218
4717 20172
7021 24068
4340 10559
3166 26116
18351 22719
14955 26358
12059 15308
7866 18468
3594 18792
22056 23929
2311 6462
3843 15620
24629 28056
20573 21215
12341 24823
20587 21746
12679 20841
251 21736
18850 27126
2291 17200
1321 11120
10344 18817
14881 20186
5289 18116
15928 20503
21409 25602
12220 17518
6708 11300
1155 5485
7392 23822
26113 28108
4581 13774
16430 23438
15179 20703
20230 22273
9148 26200
177 6349
5458 19039
7370 20517
15190 26601
17726 23442
5832 10136
11725 16117
3442 27142
29 7930
15164 16900
872 27092
4144 8924
18095 18635
2668 2977
21296 26373
18845 28219
11416 22161
2640 14803
9336 20661
24206 25902
4286 12696
23929 25107
15691 24909
13297 14953
21491 22295
10207 21712
681 2986
523 17779
473 11344
2635 17527
2106 8766
11059 22753
8040 23806
15906 24279
13476 24033
1319 24997
11702 23574
792 16702
10737 24676
22530 23105
609 794
9591 11431
8770 23799
7610 28056
8623 25191
4633 10397
10137 20378
9194 11080
25230 26735
542 14878
5989 18425
1405 14398
4782 9341
4076 4941
21690 22531
1107 19793
11559 16791
3420 22944
990 5096
6148 22498
20279 23267
24394 25620
5517 19116
15875 22641
518 1122
1878 27850
9289 25566
2120 10190
2990 18359
8621 15268
1762 9265
9973 15900
717 6569
2724 15041
5004 25927
21648 25137
1878 15467
2882 10727
5535 16276
17114 19666
16821 24456
5986 25204
1416 2477
604 18845
1878 19993
6370 25141
10884 14920
7322 23267
1440 25003
999 23942
9778 22943
11121 22612
14971 22464
8894 25149
9420 22707
4142 10330
5989 6099
3733 9699
10618 18433
6846 17406
9341 22499
8200 15307
7109 15063
10042 19893
21849 25219
558 26507
7571 10971
15762 16440
13343 18001
1365 22956
7371 9821
365 25435
9859 13181
1529 25414
2087 9367
7069 27743
3231 14418
3900 17543
16457 24045
18871 23246
14851 17713
15391 17568
6144 15178
11310 19267
15934 20122
3623 10184
3141 21346
10504 18526
12902 22987
16610 26542
16191 27091
13681 23762
11898 19375
12945 20063
186 758
1975 7154
1521 14691
22537 25037
539 23267
7598 16696
15022 25402
609 20144
15429 20758
5093 14778
14724 14911
24851 25003
23272 24351
1507 17791
2832 15052
1335 11080
7205 26498
19068 25083
9184 14181
1142 18713
8846 22416
3762 3864
8438 24310
3457 24707
3712 21841
139 1142
15968 28211
16770 20646
10770 22266
16744 19991
2929 15899
10701 24917
22025 25137
10161 23278
15483 17908
5978 9053
3886 13379
2383 12331
11526 14687
14080 19831
5183 11281
3406 8802
4623 9843
899 19039
9981 11747
5353 12780
6770 22746
4729 25114
16971 21049
2586 24377
16040 24062
12512 19857
20635 27562
14471 14579
3856 8952
789 5453
8959 16780
1762 12945
7552 9348
8075 16609
17742 24127
8224 10747
15164 17911
12811 23706
11987 15251
11599 24659
9138 18322
2529 17007
17687 20011
1724 25246
4037 26119
18107 22584
3634 7264
9404 14181
2150 18830
7800 11373
11292 15572
3038 23814
396 24329
6020 27219
3037 15957
10200 16253
19330 26269
6618 11142
17933 27243
13229 28268
8145 13099
13609 26118
6633 22040
11946 17805
283 22877
19750 25602
19021 22517
18021 24232
15056 19056
485 8852
11471 21789
4963 16365
19622 23605
13598 18398
7135 20881
3904 6674
24991 26442
5047 12143
886 5807
16640 21962
5802 13497
10668 18823
5 7224
5699 25693
865 13094
1776 4993
14997 22802
14606 19748
1606 4107
23066 27189
2954 26260
17612 25289
3265 24005
7877 18155
1056 26774
14229 27136
8677 15512
867 1947
5308 13329
18984 22454
14215 14706
15464 22580
14074 22481
2655 25357
6110 19042
1118 27867
14566 16715
2833 20667
12270 13706
5716 7509
12459 25409
3081 22052
13232 17632
561 27013
15236 20899
3892 17742
4199 18982
12732 23152
19848 24148
2667 13938
3057 18308
20639 27788
6856 11006
245 1699
4655 23952
15308 24918
2298 11280
3059 18823
2942 6912
3354 25303
5156 21539
3609 24167
17945 18173
6919 15716
21148 24665
7521 27816
5943 12214
14758 25482
3598 3674
16772 25257
8159 12252
4260 18567
6046 10998
14040 25247
18527 21231
17606 25074
16330 16709
9616 26613
3640 20579
15425 15992
3121 18516
5879 19647
16473 21862
11847 12346
12952 25703
1134 22440
6427 19647
24451 26957
6832 25214
931 21688
5448 9274
1863 20732
2773 7557
12280 17907
16929 26898
406 9095
18515 18595
2878 5162
20427 21864
10846 26546
14402 14728
2494 17037
4217 12110
1979 25206
22547 23733
13970 16587
1622 16642
3542 7861
10767 25468
4087 9995
11180 21794
8606 17765
2709 11315
18369 25306
3712 10156
11262 16584
4652 26243
4949 23022
16667 27931
285 23970
7142 20678
21873 24479
3618 28172
15431 21052
17140 23688
187 25241
11049 12082
5289 21119
8817 22992
9710 17065
22607 24390
23060 23707
17486 25154
4248 10033
7854 15870
22693 27867
10293 23550
12042 17896
833 8085
2596 8115
14050 23254
7956 26107
16718 23920
5540 12852
15364 25923
15610 18824
4507 4542
4879 27429
773 11688
13827 15175
25774 27680
8145 9895
19548 23858
7212 8290
7360 17115
18554 25174
22269 23210
9563 12643
14498 15452
518 18548
1830 18659
1779 14180
3091 13225
3147 6572
16774 22592
1142 25724
5756 9465
898 25206
17200 18646
17615 23736
19918 27990
15108 17819
14989 15350
10326 14425
4234 12204
19228 22331
21194 26148
8469 27259
8872 18326
1609 9614
7820 17902
6390 24551
3885 23557
1600 4524
16353 21798
1199 27934
17738 20137
4498 8775
9886 18603
7961 8280
21535 26899
13798 14255
14335 19205
861 1067
11348 23898
9179 9918
17507 21699
3893 6584
2349 24572
933 25564
3982 4803
9989 18255
14549 20859
13220 27285
635 10800
21746 25283
903 1240
5161 23987
15345 27815
16286 17739
2247 6244
13193 21499
4992 17422
4140 20956
3634 24944
10461 23194
6569 12474
4579 8781
3789 15032
6987 16582
4574 11232
16810 19771
6514 24374
1516 4515
6453 16301
1213 5683
14960 24180
4882 19546
21798 27337
8954 23637
3400 6086
6378 13468
787 11674
7023 9033
3762 9140
6740 17438
10764 25329
1149 8067
1609 9367
7443 25131
2744 17387
18636 25121
12090 24124
12228 26172
2603 24046
12121 17926
2604 14072
6512 17936
8891 26908
9870 12610
8596 21060
13591 14596
15442 21727
2776 9803
1343 3089
21048 22779
4037 22179
20116 22419
6288 11606
31 26194
25737 28209
16515 18272
18290 25009
18554 25403
7215 9797
9631 21111
2810 8351
1605 12778
13512 26150
7536 8924
3121 14920
1287 13301
1797 15920
14104 23911
11444 25842
18005 22416
9788 13275
19086 27569
3567 22468
9518 25443
5832 25567
1832 18281
14029 18720
7804 17892
4552 8779
3585 23701
2103 25109
4789 5953
6227 10243
2785 18971
4468 18959
8292 25646
12169 13230
17550 24104
23459 25453
5091 24122
1662 16457
7496 25040
19351 21616
13968 20615
4676 20991
13899 24134
10077 27105
23153 28185
1060 4716
25247 25390
1 5789
4645 12139
3873 20682
979 24811
782 20712
3045 8037
6926 16121
10258 24292
7459 26698
3719 14969
6698 17288
1848 25009
9987 10747
4340 14283
14363 24646
1 6133
7111 17138
2536 16470
4603 16547
21829 26598
1023 16597
16901 27221
5895 20336
9846 10171
15441 27306
16974 18603
6465 19483
17712 24652
3287 16181
18055 19116
1948 26340
7320 17318
2259 11368
20948 25013
2206 8601
15576 17215
24336 25410
8470 15308
1332 20816
4191 21236
3018 3146
13982 24226
4434 8511
1968 2832
6803 12033
370 4439
8969 25474
7314 10437
5636 8184
9490 21776
1241 27316
10442 14815
14278 25789
16713 18441
11668 22976
1550 25733
3366 8290
3806 8231
580 1686
2949 9171
14292 26698
18532 24127
609 14289
1147 23696
14474 19502
2535 13555
3900 10845
16430 20131
14530 27136
14586 23318
14821 19741
12280 19082
9042 16026
7741 22814
2832 12495
5047 15626
11809 16402
600 4999
8775 12228
1048 23885
1508 21491
10747 12023
9339 20703
7679 16656
27482 27655
6707 22325
14515 16314
5956 15697
5062 11165
8927 9963
8385 18761
3287 9873
3808 11765
1017 2576
14187 14787
11383 16413
2833 19964
17161 23521
7648 21431
3059 4429
14555 21829
10334 21280
8265 18576
10820 11844
2505 8650
4740 12237
22043 26401
1689 21226
5504 27831
6902 23198
12045 26044
8364 27947
1036 5371
22203 24589
11286 18351
9223 12451
6926 21473
5113 22581
21079 21797
17137 24494
2905 26457
1025 17569
19602 21671
2031 14259
967 8035
15106 28093
10421 12352
14689 25876
9511 14792
18732 26926
15128 19871
2397 9710
14703 25810
3586 18496
19730 24171
2102 12722
2807 28199
9022 12633
9239 27508
6169 17733
2430 4847
16509 23140
21813 22099
7737 19590
441 14419
4484 22799
6444 21968
6222 10935
2635 22416
5109 24095
15435 21182
23056 24723
14827 21859
10839 13042
9319 22025
8191 13407
15762 16860
2677 3915
3728 3864
7009 23178
6668 19086
1178 10321
1866 25329
1381 13535
12423 24934
3270 3419
11513 19909
5911 9688
17506 26254
8500 18172
21835 25623
21353 26806
1609 21269
4962 25371
9375 27324
8500 12697
7793 23897
19069 22927
12428 15705
10603 23080
7148 20722
14536 18457
6142 15910
4949 16519
9141 15286
18112 27224
10008 11825
24040 24507
11047 24085
1858 13793
7576 25449
6824 25981
7002 27530
18103 22085
5296 23389
602 1401
15173 24014
1412 24939
151 12148
711 23377
10487 12056
6656 22425
16559 25280
4173 8056
3683 5421
10833 25108
2397 23952
12718 22897
3280 12633
21925 26053
16434 20617
9635 16979
10054 26169
11347 27289
7126 11558
17446 23955
14163 20615
7387 24425
17043 18084
7131 9134
12066 26603
1858 3152
5798 13514
649 25482
23033 25400
5219 27867
9375 12978
12424 27263
4508 15238
4026 19222
3859 11134
8114 9255
3753 16865
8242 15293
11418 24342
11555 27849
5166 21353
6517 18547
9549 18014
4563 11164
14198 25139
4980 13157
5023 17906
2596 12929
5618 22965
16766 27803
3186 15672
4444 13586
21267 23106
512 10954
3354 7725
20393 21853
3939 16766
3296 7756
13329 25493
10987 26568
18072 22678
7473 16686
4866 6594
7282 28039
9256 10019
15398 23398
1820 7902
1209 19945
10832 19537
12437 13101
13219 26959
21753 23237
14657 17543
8291 12531
14514 21958
22998 25427
11671 13750
11696 24274
11147 20100
9851 13509
8715 12291
666 26097
20927 23311
8880 14555
2214 7325
17481 25278
1139 18480
17010 24451
183 4603
12562 16446
5762 26022
9263 10531
5209 24808
2803 26717
1421 3293
2380 18614
7355 8243
16983 18626
3154 4517
4894 10784
7375 10935
2767 26314
4986 13255
13890 16766
9710 25912
640 23809
4519 9465
10800 27254
23600 25760
18065 24739
2036 24109
14129 23771
1 23019
10715 27467
20423 22156
10471 22887
3816 7020
14433 27698
3049 13727
7877 22415
220 20046
275 24965
9183 27192
1722 21490
3633 13239
17507 27221
20734 21315
23225 27942
12536 15747
14898 27121
12437 16963
8836 13970
16642 23978
2919 26289
3759 16639
1795 3859
6586 21884
9915 22025
11784 15137
3728 21620
17487 25863
15549 26823
24904 28181
23970 24410
11953 14998
4916 7237
10839 18628
5984 26503
128 3779
10488 16111
10166 24876
4466 7198
1415 16065
7086 9260
6065 14826
1469 8622
8363 19610
1275 20853
5208 23766
11504 26588
13329 17228
11306 18294
2279 24281
776 23292
18076 24049
16901 21188
7386 23284
2067 18868
11795 14786
891 24217
16814 20962
5832 22675
16437 19071
22917 25716
3734 11980
7708 20043
6232 10079
12156 18208
1325 25902
10298 19020
4142 20162
13591 27660
17264 22018
7731 11842
25729 26093
7166 20123
19585 20893
22663 26702
4065 18824
24115 25152
209 6949
11830 19052
6839 11471
7948 27052
1876 6951
23931 24949
2294 16235
2069 14289
15977 22566
11299 16272
14777 18573
13766 27997
25395 27147
609 25301
12889 26898
12965 13261
1511 1850
10767 25865
20619 24053
11553 14486
13810 20195
15829 27970
23598 26003
17263 24280
12495 24122
14289 25919
2450 21695
926 2022
8579 19140
205 7277
4988 7622
1350 4843
18232 20445
7312 16094
18133 26038
17067 18837
8708 11187
1905 22226
24062 24379
4693 15619
6647 18678
8533 10129
2955 13943
11207 22448
1658 1750
4188 21442
7002 10839
11261 11443
1795 4142
7217 16230
9535 11295
4144 16429
681 15727
8523 25214
16276 24774
10669 17333
1292 18605
5989 23857
4009 15248
22592 23345
2497 24627
2048 25893
1767 5839
11305 20586
396 15695
20757 26943
4985 8188
13999 14995
3498 26698
22924 24836
3896 8396
8304 18982
25525 26400
14481 24279
9416 11444
683 19517
9651 24904
179 1163
15629 26871
11473 22292
9847 17999
7734 24917
4782 25039
3959 23653
10169 22183
13821 18574
424 5308
14138 26137
4599 19644
7471 12769
43 11538
7820 19739
4498 24960
7643 25560
11080 13561
4162 24139
21184 27870
8770 16965
6891 13831
8435 9252
6507 11400
2585 22384
6401 11417
9001 25270
6700 7853
9829 21000
20222 20622
15358 17054
2928 21491
5081 22527
5964 15517
13288 27070
3894 7907
2092 3733
25371 28211
1515 2677
6923 13876
9837 12134
4394 5114
17521 23667
9049 13616
2185 5691
7343 19172
9610 21082
23020 27665
14753 24279
14920 25830
15808 25286
20480 22871
5481 24543
14783 18603
3147 17999
295 11484
7475 21634
4737 22425
4753 24229
2512 24883
17445 18369
10444 16499
19164 22300
10926 17837
2410 25525
1118 8076
4073 4718
3542 10089
9378 14691
2648 4102
3381 21074
17114 26003
20498 20504
7400 11124
18034 21038
20645 24708
7297 21079
5832 9448
1622 8196
229 20238
25307 27419
11696 21766
4409 20522
622 18540
1437 3040
4154 5785
2483 10625
9056 15085
3815 17404
7631 8954
16829 22466
5344 13973
806 12428
8300 26316
11931 12773
10884 18296
11207 23997
4440 18594
1469 5864
12311 16311
7354 11307
2002 6946
14581 21675
3385 15559
4599 26077
961 19412
9090 13091
3944 4087
8799 18840
11070 13212
19893 22186
24556 27253
8982 11326
23929 27766
7073 27932
11880 27019
2003 9689
14933 25953
1804 10207
10747 13184
2943 4639
6705 25848
867 22415
52 3871
4205 8931
1214 8463
1505 6721
1297 5104
15792 19869
8806 20258
8132 23044
2560 24904
9799 20264
7533 25397
6295 8707
2956 8435
2322 7410
3800 17443
3488 20424
13714 22078
5708 14433
5690 7963
20053 23929
3619 18369
12391 19025
23719 24322
476 11111
5681 20299
5916 19924
10617 15725
13917 23935
4180 8051
2382 12006
16567 19408
6457 8011
396 6626
16769 27517
3718 21438
14635 18304
1870 13291
18497 25139
6086 14400
473 12400
17880 19140
1327 18402
21867 23622
20640 22060
4979 25276
6960 26690
8478 14976
6073 14480
14994 21471
12264 22269
15169 20162
874 18792
28083 28111
24454 25508
3420 20844
3421 16049
15202 24608
9356 22425
10838 22987
10668 23233
1775 3154
18348 24811
12646 14572
854 24886
2430 10839
9927 14500
584 20390
569 21801
12023 27381
12244 15974
18564 26686
2160 22634
17509 20950
26092 27743
9944 23097
5317 25332
3464 4766
18807 21411
10920 17647
3789 9294
21470 27458
15376 16823
4504 28215
10792 24061
10393 17053
899 23312
25210 27252
4918 14273
20081 23655
3112 8706
9063 22415
9320 20041
3781 20190
19982 24589
6408 8954
14922 24681
13497 19033
23372 25299
16043 25226
7595 12257
3666 17961
17627 26544
9969 22425
14242 15376
8164 15199
11464 16439
8212 11250
8818 10652
14474 24503
1056 15370
10638 16746
6046 24168
3727 8993
644 24540
2712 6176
10965 14654
7361 25056
3350 23619
3729 26151
6962 16328
1920 11727
6194 23932
14410 17080
7852 9949
8833 15875
11880 14129
6578 17252
16922 21053
5775 27198
9935 11712
22468 22887
11128 27835
9349 23087
15920 17742
6523 14743
18639 25204
17955 28214
693 22454
8012 16401
6307 12276
9428 20355
6848 12598
19502 21251
2325 11043
12781 16901
9846 10023
17056 18369
8752 27002
3944 25263
8128 18296
7426 19141
2344 16720
10839 13513
20628 25797
4878 18921
14104 16001
15633 15999
5832 22170
3270 22949
9609 20589
2894 18050
4328 7885
15801 16152
7031 25283
6555 15840
2740 13046
6009 9502
8923 11916
22650 28226
21646 23272
8895 12564
21587 23254
7341 20992
2604 11068
15031 27557
4442 5372
569 14771
1878 3624
21240 25887
26282 27882
13786 21194
1335 4581
11757 19073
10882 25205
10578 19296
7820 25683
1614 9377
13473 24069
13146 24138
13806 27142
17169 21955
782 11286
19865 24954
12403 18237
7797 15682
2135 4324
5273 13542
2636 14999
7550 27886
867 22425
8437 12754
22206 23298
14241 22771
6843 15610
9343 19878
14846 21387
8961 26535
67 17543
15666 16006
10521 26017
12352 13566
3947 7073
5263 17509
17798 26892
3882 21568
3191 11205
16830 22532
12383 25116
5004 17562
11847 20292
18041 26725
12927 19781
897 1178
7839 14344
881 14441
3961 10309
9919 22100
7937 11193
9424 11009
18007 27471
4362 8740
349 12409
2225 8598
1056 4959
11260 18132
20764 27815
17870 23373
12094 16127
2954 11710
7416 27423
18704 25157
12532 13522
7428 8091
10509 27788
9579 14033
7154 13992
3599 13924
3774 8786
8924 14867
1433 21542
5485 15201
2887 16371
12452 19181
8730 25045
2269 17429
7030 8811
20758 25732
6549 13681
6264 7964
5749 28013
6746 14021
21710 27232
605 23324
1177 2631
13224 18938
93 8769
6529 24082
13102 13510
4032 16152
5528 9871
11486 24830
9423 10419
3806 22250
5042 23012
7206 27079
23290 27041
7009 12468
1752 18331
8440 27730
11945 27612
12615 15438
7577 15967
7969 25432
8562 11712
23389 24360
18294 19269
9523 13932
17757 18581
6319 10040
3775 23267
5329 9702
21064 22463
2031 5737
22425 25748
15018 25975
1754 14605
10688 12737
11436 16555
9591 13091
5327 9563
15084 19931
3859 6847
16576 21790
7588 16616
1292 9557
7344 24939
314 11503
5876 15327
11491 25522
11987 23640
7147 14738
6586 14553
10062 11255
1801 22308
1182 13721
1650 11467
4151 4269
2015 2370
13771 15543
8802 22481
9388 11190
22476 25815
322 7096
18457 18596
10971 25453
7926 17791
2858 12710
13741 16276
21226 23265
3158 5414
1133 21915
13002 21048
3080 24019
95 9732
15258 24049
6657 11080
8035 14331
18472 23994
9842 25114
1857 7200
896 23637
12230 16437
4468 8020
3998 23696
902 11963
21917 24299
4639 14606
13737 18667
4528 16037
3997 24955
10407 19484
21668 22862
17530 22355
2133 24559
5731 5810
3060 22369
1402 11819
27221 27806
11080 27688
19033 20727
21138 22326
1468 5336
7586 22884
14668 21589
8407 19934
4302 7115
7750 18192
27381 27726
10099 19386
9328 18517
7745 25315
2031 13020
23462 23531
3305 14901
5593 28260
664 10755
17420 28238
1294 21382
396 20281
12476 24371
4102 4891
19154 22985
20243 24491
14557 21503
9179 17726
7885 24601
17087 26838
3520 14555
20130 23463
23060 25737
1144 21125
15549 27244
19068 20164
3411 17355
12444 19576
681 9769
9509 20616
3101 10501
11627 19771
10225 21326
6268 18480
18946 25743
7475 20765
9683 10680
5611 10937
16242 19343
606 16550
17781 25263
12465 17020
18800 24032
13044 21235
7091 22278
21798 27715
1867 21126
8778 9061
428 7151
13448 25644
9851 24939
3306 4823
23866 26232
2332 8730
24287 25843
18785 20194
10993 24074
4475 25664
224 2865
7642 22100
18726 20678
21456 27279
4627 27565
6506 21759
5540 21908
850 15592
18530 24775
6156 15563
9614 27132
3621 11484
5181 9884
18237 20227
3463 13472
12492 21138
4496 7200
2125 11295
11148 14925
4159 9704
8054 14731
12752 19111
14971 21165
15941 21570
2996 18456
4096 19445
14342 17763
16978 21804
9231 14180
13190 14772
16764 22118
19123 20200
5950 25847
13074 16743
18303 23245
765 7523
14990 17383
4006 19058
1211 23573
5978 13299
4365 19195
19616 22953
16047 21798
18516 22814
3882 27005
1504 8831
7768 11992
15768 25954
12193 20047
22581 28238
16094 20958
2657 5742
2782 18018
7854 18387
6589 16686
933 2632
12927 20130
6615 19845
7401 17037
5387 22409
1635 21446
18583 24921
381 8751
8372 11475
8419 21653
2961 11480
3674 9569
4668 19395
13211 15465
1593 21525
1864 5151
18870 24551
10825 22804
514 21988
18002 25329
4189 13054
2240 19140
20841 27726
7065 23312
8441 16299
19086 21341
6255 23574
16167 20197
6106 9479
3210 27032
7974 22627
6177 7804
7930 10740
10411 12204
1398 7652
3542 24905
4963 13478
17651 25080
12230 25716
2769 16382
3265 12792
5565 24073
2061 21866
17967 19354
3354 14549
23392 24374
10545 23552
9295 12191
8363 9264
15493 17037
4616 26197
2018 16473
3629 18172
8231 27786
1975 25174
22294 22857
1158 24823
9631 12837
3378 14648
4144 25699
8410 27926
11658 19529
10472 23077
5245 9702
947 15500
12318 21992
11082 26549
1493 26068
17335 22818
11620 16588
1925 3199
9805 28237
7919 16629
8397 12077
3867 6620
15637 23246
4312 24469
456 17254
1772 22448
3522 10727
12928 22986
257 17304
1497 7461
2496 14033
6214 9224
22117 27958
17054 19745
6749 8690
14369 22984
3287 23845
8034 12735
24811 25358
4914 8499
4967 7982
820 11901
6215 11043
14380 20856
8986 28162
16948 25454
4630 20140
5978 22323
4891 22256
5907 24069
4789 25039
2683 8014
4317 23430
8114 14727
6232 14029
5660 24069
1920 17906
5073 9244
597 6094
7783 22984
7804 16195
8818 24752
18520 19900
13728 22315
16822 24593
2967 5025
3638 15547
762 19844
4026 6489
9725 22884
22093 25793
3840 7565
23892 25202
3745 5485
2856 25849
17137 24599
16999 25241
15064 15082
7311 23495
1521 5371
6177 27197
12341 26753
12049 14632
2272 23952
10450 24816
17140 27914
15147 16674
9074 20210
86 16618
559 8454
5792 6444
6971 18996
14944 18744
16429 28033
1533 16194
4127 14368
11073 12485
11142 22230
2031 14931
7769 21117
18712 27365
12682 12733
1840 14989
20479 24904
4386 11507
25867 26922
4956 19500
1773 4581
1240 10048
18575 20313
17393 21391
1978 23705
1349 21696
514 14344
21356 26612
303 4155
5913 15418
16686 23806
2566 6065
8990 26787
2545 10780
1969 21044
9495 10309
4367 20717
18128 24659
3437 7711
512 8038
5252 16304
16600 20195
17966 22078
4199 8076
15108 23361
4992 13027
6497 25206
12650 22056
3508 11321
6891 21029
10990 20515
4802 7521
1142 14228
8536 23721
2208 21797
12040 17797
12776 23997
2313 2705
18603 23356
19199 23866
8858 12910
9633 14386
4439 4646
1317 13059
3802 21149
21114 21945
355 27882
20202 28238
610 3566
2848 16230
1371 5722
10475 17760
15896 19298
7458 25385
7051 26609
5188 10236
15749 19198
1005 10148
21633 24127
12054 14679
2880 18625
10310 10599
6410 27016
12836 19782
6705 25857
1134 27669
11847 26683
167 9431
1498 4806
23082 24595
15146 17273
609 11580
18284 25807
23802 26702
14352 22112
7520 19574
3925 18651
8956 19219
13756 25855
367 7404
18267 19468
9012 14534
15721 28046
9165 10693
1335 24221
19434 23040
6177 10039
5270 20369
8895 27974
2213 14988
783 21727
15784 23677
11269 23441
6830 9963
14380 16117
9552 14427
4130 15286
11746 20216
1538 9980
6095 18609
12805 21060
3186 15975
4433 21364
10298 21619
854 15426
3917 21939
12135 23557
5078 11255
6877 20745
22764 27731
23703 28074
7721 21338
4454 23510
5774 11531
393 9025
410 17051
21102 21748
855 8145
4504 10901
2816 17455
7525 24059
850 13924
8905 20936
4328 25996
5528 24611
4347 14800
3728 17447
2247 22074
19184 25978
8154 24700
9233 16418
17020 23600
19409 22168
7114 23608
1450 23032
5984 6848
13927 15357
115 23749
4693 20707
6931 9408
4071 6348
686 7419
3791 22699
12437 13513
19443 21387
3805 17008
12438 20901
4720 16762
19313 22640
25403 27271
1959 14136
6965 17222
11080 16485
9717 22733
7002 25059
15130 25160
1118 11073
7282 8861
4248 22265
18744 19004
2671 12333
2928 13240
9896 22231
3540 7772
4531 4532
4114 18997
14979 17524
16700 24796
11952 20402
770 4606
14814 23687
3838 24836
5296 12954
13278 24616
8024 18666
1669 19190
21450 23437
13462 23713
10173 22635
11113 20837
17457 23736
14097 22154
21903 26503
505 20205
2646 26299
25302 27838
25651 26898
749 14121
898 21886
8944 25778
2494 22047
5725 25277
8720 22037
1113 15624
2702 24145
3980 21737
24543 27790
20409 23291
16901 20424
4627 20758
11859 24610
12204 16628
2582 14844
4858 7350
4807 9993
890 16018
1962 3406
15468 26807
15883 20661
4614 20959
9696 15022
11868 16307
7231 12436
23833 27301
17161 27751
4481 14714
24589 26446
1620 19180
2221 16954
1687 6769
18110 25807
8880 15749
3194 26536
6444 6793
2387 13745
9081 19373
12552 14014
314 8148
19712 19741
12395 13937
6385 17426
4009 10284
22649 25059
12714 13483
9488 13810
505 8970
16202 17999
6042 26133
539 8265
4749 14412
4081 9226
6044 7443
8846 27569
782 17509
5383 7362
13111 17977
17364 17568
2609 15751
1707 25399
8075 12865
15731 17656
12792 20415
17214 20162
18813 26816
24397 25822
9988 13974
11416 21449
2187 5296
10937 25445
2605 21650
7948 24177
9276 24727
9909 26076
1767 8110
20936 26870
5289 9141
7926 21405
4096 18476
3805 23884
867 12594
20333 24236
11987 27459
13223 15758
12865 15829
1457 15950
7708 11756
8214 12382
5406 14231
10607 27905
22207 26628
3761 8676
17304 19095
7200 12220
12356 27313
19474 22256
17017 17346
4705 12815
12236 18036
10121 21861
2912 4920
5267 18669
688 26677
317 27689
21240 27991
8055 20207
331 11211
14317 21788
17141 21480
7289 17783
23541 24864
13332 26728
16907 27612
6612 27559
2690 12308
11041 11274
20162 27117
22269 24823
3987 10674
5481 19539
5028 27206
989 8972
12505 24610
9174 24363
9528 11471
9467 23111
10479 11922
386 17747
12604 17955
6516 24681
13374 16941
12078 28150
17595 28256
13459 22082
8470 10543
14828 18704
19548 20695
8884 25638
5951 23662
11064 27296
1621 1767
1840 15985
1978 25299
8841 21720
1308 22582
3326 7947
331 25006
6589 22684
563 3323
9739 17842
12143 26178
4791 4825
9575 10215
9250 25410
877 11483
24090 28218
731 9909
2926 11959
2518 27868
12979 22024
13203 17880
635 19639
2895 25468
14989 17310
5689 18909
6198 23963
17756 19794
18935 21853
4356 7420
7590 24891
808 19289
22007 25668
4949 6484
1878 18823
903 3937
5721 8767
7569 11773
4914 26946
17832 22962
4993 27835
8636 22761
1795 14694
14939 21546
4109 26758
3119 14006
2564 11603
9216 23525
2565 22968
23898 28000
9096 23365
19452 22966
5989 12428
16761 17045
24427 24488
13422 21544
3122 14153
10801 21516
7835 18318
2396 5485
14389 25462
4046 6405
13504 16919
6656 24374
1825 8236
8285 18891
17304 25106
3634 10800
23863 26061
20528 24040
22581 23366
9286 20170
1878 5605
12808 27865
9111 9582
8499 26063
28 840
15190 20384
12967 17260
12793 21122
16656 18186
21066 27596
15052 27495
1008 12214
383 21830
12430 14887
21436 25430
2748 22426
21074 25329
5978 26879
1579 4012
3401 14895
3080 25725
8669 19879
8656 17047
8082 21471
4853 14604
1556 26644
2351 5409
11813 20065
20605 22946
9776 14607
23619 25606
3851 6840
2914 20487
5815 12495
9798 13117
7205 27085
1530 9573
3780 17568
17022 23907
5749 9006
1075 2793
17586 21619
18425 21633
13169 26829
25687 26017
22012 24274
15609 26409
836 18154
6973 7638
15117 23560
6897 17980
2470 23298
15971 23087
25057 26457
7246 11710
5978 17194
16725 27309
811 16073
3807 27013
5392 9419
12282 15736
22238 24192
4606 24936
4648 20953
27017 27559
7225 15815
2667 19068
5691 24266
12912 17039
20802 21360
4614 6957
9670 20173
24828 28191
401 21766
10263 12804
7953 13106
8471 19388
7836 25607
21409 26764
4489 22761
1143 17963
2259 15531
2373 17934
20313 21359
15108 16296
2228 15442
5104 18414
3908 15939
477 15733
12986 22522
19441 22215
24 24135
7258 28162
429 18073
12488 18644
25484 26102
1164 26758
411 3793
23036 25039
4290 21438
18234 27273
3667 11283
6261 10935
14149 26774
7015 22131
19952 24232
18249 24598
2525 21080
14095 26535
8373 25264
1676 19068
3779 3953
374 4136
13227 17146
14904 19138
16905 25299
13347 14667
22330 25108
20500 28156
2475 8368
16225 28008
5731 8992
9691 26339
1767 26217
111 19420
5989 17487
10727 24090
7561 20634
5223 6495
7784 25315
1525 22797
15388 21674
20109 27441
11610 24451
10712 13764
20358 21801
3818 8074
2583 9919
18799 21449
9482 27144
1782 10352
4623 6084
1369 17923
24971 25468
1052 23525
10483 24357
16543 19117
12131 27402
316 10326
4936 8958
13716 23932
6264 18541
2712 4629
9827 23563
16749 26915
5214 23377
17718 23271
21450 25435
5047 22301
10720 20947
15448 22116
7390 19203
5670 7132
19995 22131
14445 19819
3585 6956
2106 5366
20657 21387
9751 19748
2605 21547
9314 24817
26793 28268
17019 21856
6281 21867
801 16019
2586 22802
3446 23108
5177 19979
22425 28163
654 24168
6533 21727
1095 6715
7721 16247
3090 20005
18759 23267
8846 18533
4600 13885
8891 23539
3126 21693
4469 22768
15251 18371
21438 26999
2498 27726
7638 17196
15741 20288
11558 25203
20 18732
2847 15829
10645 21920
22734 26554
20608 26260
12467 13740
9179 23026
7407 23130
4719 10655
13279 24697
23143 27404
20589 21647
23383 27091
16611 28228
15730 25452
8657 23415
3708 4179
13673 16718
4103 12631
2607 22621
3487 16552
24426 25509
12606 24900
22190 26827
21026 21409
16829 21315
1426 19899
9558 24674
10470 22353
2205 21345
13093 26931
1761 7149
5013 20158
17679 18533
1477 13908
2491 7375
19329 22331
4581 10350
19572 27779
13813 19500
8823 13262
24139 27949
13025 23377
17910 21923
26097 27913
929 8384
10321 15459
569 24477
13343 28194
10224 10377
20637 23733
14817 22297
1851 26278
13677 17488
898 4300
6254 11987
13362 15672
13762 25060
11410 16093
17484 19448
1181 26966
13556 27270
9067 17593
14971 25301
14215 17020
7750 22031
7269 22196
18339 21368
12629 17286
731 23361
20750 28150
211 14706
8685 21818
6269 15837
22596 25225
5389 9710
7248 14763
1141 18137
7471 27128
23500 24287
17527 24680
14464 25364
21101 24589
19046 19216
8775 26728
8182 14798
1242 16219
20092 21725
5003 18078
2148 25349
24454 24663
2088 20730
4339 15723
6460 22474
23721 26745
538 23225
1686 22308
18170 19309
650 27236
7870 13023
4273 24551
2957 26197
12619 19976
16691 22066
6255 24569
26147 26559
21067 22896
13847 26589
9358 19531
10644 22960
1851 9734
3244 24884
1878 25750
18973 23112
1373 8416
18529 23745
16205 26243
18784 23062
923 24715
2677 5614
13051 16107
2227 10320
8087 14087
22226 23085
8215 11534
907 14777
12423 15141
2996 16104
13407 15977
17525 26629
8692 14017
16772 25309
6204 10053
6873 16081
2435 24608
983 20714
9198 14576
5327 27107
8281 19358
8424 12653
9086 24374
2192 10013
6535 11904
6633 6668
223 21849
6935 24377
14767 19601
14954 15128
9122 16665
17737 23750
5620 8142
7747 25735
22042 23593
6198 14787
11462 21068
5230 15660
14491 17748
10062 21201
10852 25349
6077 20634
439 10694
11989 17232
12109 14319
17530 24570
19710 23677
867 21402
4379 5576
18607 25414
2530 7984
4758 7693
23102 28168
18679 23792
8852 17742
16855 20337
651 13469
3395 9654
18689 24095
7155 17664
1180 19623
1060 13421
22466 26261
872 23691
17598 27287
12398 18208
2058 14513
396 19952
18635 24290
4394 5841
11311 14995
5000 9218
5104 19964
10935 14657
10800 19827
3000 14546
17428 25559
10572 22148
1768 15853
7205 17530
1628 10619
8730 8989
8014 17579
24532 27908
3463 17456
6715 21670
13973 26469
11871 12842
7277 16067
9260 17220
18057 19033
17902 18533
20906 26083
4597 23719
24096 24818
6446 26740
15910 27867
2696 15763
9189 11651
17498 17898
2107 6182
6519 12434
1324 18521
3695 23574
12078 16955
18813 19613
10378 16377
1805 25770
21174 25181
2270 16656
20503 26235
7626 16291
9491 15431
25330 27073
16026 24057
23433 25716
8243 21606
14838 23138
8145 20477
15696 25035
14814 22923
22464 25763
3970 17244
867 2185
8322 23763
3329 7099
422 2329
5245 24638
1550 8305
16163 25109
3734 12136
9018 23553
14240 15910
7623 9084
6066 6950
6995 21800
12260 26087
10920 15620
2894 17530
14787 26454
20479 23994
18513 20222
14694 21893
8715 24336
22056 25012
9560 12737
9747 21115
12397 21683
2667 19852
10014 12473
1817 1884
1505 26216
3788 13598
16700 21000
682 2752
14407 19139
7497 25494
8954 26358
3746 4159
7393 15173
16047 19893
12960 24589
3273 11903
16794 16949
14989 19864
671 10489
21764 24611
2589 18544
3170 23295
2664 6172
18286 22115
20117 22300
459 23048
6972 17905
26761 27798
6134 7175
14424 20179
2442 17718
15701 22310
18228 25327
4043 9505
6129 13412
18567 26753
12708 24608
7878 14159
16258 17406
4306 4506
1606 11793
6633 14050
24653 25086
8057 11028
948 21407
9923 17562
14531 23038
7442 13504
10622 16677
948 14306
2262 22046
11181 23082
3140 17775
2357 4343
18481 27221
2944 24005
22934 24580
19300 27488
24820 27804
6587 27617
106 1374
4006 15043
132 18995
1349 11077
509 26010
23399 24412
3321 22821
10935 22446
23686 25711
341 9605
23554 27127
22282 22657
1846 21968
8357 8869
22871 23016
6918 18993
8211 28020
1275 19536
14012 19325
1289 3437
2991 17303
9218 25873
2067 27353
7406 14127
9335 17788
10531 15899
9205 21760
7369 23142
1056 19895
3455 15988
782 24797
22907 25197
12234 21610
16175 24351
25306 27903
23597 25425
18760 21549
14209 22789
308 2494
13725 19705
465 14953
789 4191
10477 25130
3954 24557
9422 17856
14129 20876
15308 26659
3537 25755
3041 9962
12226 13346
974 16979
14569 21886
2329 5989
1231 11417
8739 22457
12342 27418
389 7198
17280 20940
18948 27867
7323 14390
12956 20876
1332 17954
8669 11197
9543 9569
2247 15725
14402 22546
17742 27013
32 10456
5042 18820
3090 3542
865 19565
786 3419
10806 11763
1168 13710
9640 28032
16734 26978
17958 19775
16278 24828
8394 28211
401 4456
16734 27823
5109 16324
16999 18427
9103 16337
887 11364
18521 21079
10971 20053
3916 24467
3643 11786
9222 10617
9157 14499
10052 12696
1445 6652
14997 19601
12531 16596
9572 23858
2665 5181
6931 17407
2969 24011
23727 27621
13515 19154
5544 23523
3652 14809
14672 22634
18704 22588
2040 24817
7050 24379
22135 26225
3507 20155
1613 25524
4029 19493
15659 22334
4381 20906
16304 20334
396 19456
7381 26409
5819 9878
6601 9847
4892 14255
11925 27084
491 28074
19813 26169
1510 23697
13817 25174
15242 19651
5501 17664
21506 24764
1171 14344
15599 18178
9090 27895
3841 18164
11690 17142
2051 24864
10825 25301
1196 9154
12905 23267
10839 14791
9417 16429
5122 13173
387 6166
9790 10174
8215 24971
1244 22830
7512 23679
12868 25559
7836 20670
4761 10749
4232 5071
13407 23973
13393 25765
2624 5507
5010 13456
545 7934
10134 17211
7277 22613
22537 22569
23333 25230
11039 25034
6702 19429
1212 21333
16183 22982
8070 14462
344 18557
13984 21149
8730 21467
13978 27500
6914 23891
3782 25115
3202 20061
14035 22471
12664 28209
15766 16169
12792 21688
12877 21502
25498 26509
20378 23885
2325 20406
14106 26253
5506 11614
1770 8864
2584 24290
1878 6317
20538 20846
4522 24242
20377 24171
19261 25754
1178 6724
1593 25165
13392 27117
5901 8750
2349 23579
106 27688
1736 7106
15910 23738
21147 27360
7830 27504
3054 27482
911 8391
10965 13704
7820 11495
16955 21259
3946 24862
17603 28267
3411 13910
3819 12612
8846 16037
20570 27309
21462 27296
6352 20846
13673 17941
16700 23609
3915 11701
6728 8384
8242 20869
3903 18346
17534 19712
2530 8057
922 13141
11636 17374
19760 27374
20661 22418
3668 17845
13699 15505
12709 24691
1603 14076
4422 20113
7896 24313
3647 25991
396 21288
9165 9835
1970 14104
16538 17932
5094 13889
15753 25870
17214 22183
3674 11479
569 25121
24665 25471
11154 21650
1351 21544
113 26200
3106 17407
5654 15869
9123 15832
8140 13826
7031 17244
11479 12282
7900 26525
19542 23990
13111 19023
5895 22216
17177 26717
15291 24753
2518 14854
3967 16338
8113 10711
2274 10954
3727 15521
19678 23573
1507 13553
19180 23656
6886 19790
11266 23691
2275 5975
1851 22538
7205 15429
851 2132
12908 18206
16113 16610
18074 21425
5671 22230
17912 21688
9443 26446
7894 14995
16682 22819
1893 9528
7673 23798
12287 20258
11375 12131
11251 17161
25669 28120
17906 25710
11937 18692
553 1308
21446 22322
3567 17524
11847 12341
923 13787
8565 26426
25034 27811
9006 23936
799 23833
11252 13891
5583 24062
8560 21450
18562 25991
9367 19004
1000 23194
19004 28261
18658 22685
25280 27706
10541 15868
25711 26737
7937 23601
8666 9835
12542 18925
8954 20904
5845 17136
19440 23196
14892 16957
20953 21798
3053 25386
2748 12506
9205 17186
7531 10525
21102 26083
1622 17819
17813 17907
12936 15391
2634 18046
2667 12886
20490 27393
9082 26902
1480 24075
2172 20271
3918 13067
667 9019
1075 7743
8352 20409
3121 12448
8754 17171
18809 21557
15920 18247
16006 26162
7443 24175
9285 16094
23764 27058
8924 11785
12919 26295
691 27517
1178 7496
6629 17141
1779 28028
1713 9631
8098 16426
1922 2104
1754 17860
3872 21590
1814 21026
1181 9339
7900 16157
312 27705
15066 19990
3609 14309
7701 21707
17683 25140
3878 10525
7406 17338
384 6541
3810 13245
14287 20831
4475 18979
6516 21883
5609 10982
1469 25265
5681 23333
5413 10660
18442 27080
70 12253
4819 14198
9338 12708
17091 21407
10344 11755
8182 9762
808 13679
6879 7002
5614 20233
1229 28121
19995 20635
23927 27991
12437 21969
12422 27372
10100 12916
4689 23254
7820 17787
2605 9795
4274 14390
3835 6631
111 11604
293 21522
15037 17216
19086 27152
6188 16071
3808 6016
13328 19756
14429 17082
19140 24374
5502 21804
9155 12773
17513 22780
911 5674
640 25299
13543 27278
9627 27538
18861 27540
14776 22892
12805 17173
8774 21115
586 14233
4966 21349
2381 8304
5890 28272
26404 28094
14499 14942
21767 27152
1304 21353
8982 15207
2724 15046
8529 20682
3206 26235
23997 27927
25059 25133
1013 6390
839 27936
8098 27621
8075 14034
1914 27611
2381 8064
14222 17760
1097 8641
10652 16901
11259 25978
5716 27966
7601 17137
14228 24157
11133 21375
3287 14104
15770 18884
15741 18280
636 9823
4637 24244
3057 23727
2128 27221
16155 26946
11261 22376
2171 26093
5222 14671
8230 13438
1272 27175
7827 18155
13970 15376
4178 26061
2935 25914
15059 26458
2741 21495
16207 27861
20557 21790
22422 28158
15346 22010
9401 25041
6426 10982
4733 8887
19037 19284
16343 25110
3708 6211
705 17944
18808 21026
6832 18265
9536 19484
5680 20823
852 13888
2427 11490
6407 15247
9996 18757
11416 24573
3622 9851
16949 25702
6695 18102
4914 10258
5832 16655
3828 16751
11972 24019
8070 13299
3137 10262
808 9103
638 5048
15627 15749
495 6177
5466 25494
11098 27112
865 25789
7455 7498
12945 22190
9342 9696
13553 19662
8251 26131
5691 11508
3244 9795
22008 22016
867 27660
24453 26668
11219 13195
5004 11696
13937 28116
14254 25347
8318 20891
9591 17146
4394 8569
12606 25343
9690 11906
7518 21980
10828 19081
21616 27567
10438 23955
2530 18690
2470 21423
24023 24122
4090 20752
9895 16103
12128 15996
12829 21473
11905 24928
191 15754
23994 25336
5383 12506
2847 15240
3734 22912
4422 10842
26909 27168
3410 5738
18280 19827
1878 26774
4824 19964
21325 24419
11011 23721
2386 27835
11486 27513
9465 16581
212 4340
8363 10290
6040 24349
369 26503
13374 14419
3609 21123
8767 25617
2496 28186
1361 14456
14055 23633
5244 20611
16919 24847
5838 13901
9092 10477
3201 25160
9860 27358
3307 4870
1724 16261
3819 9574
1338 21178
8751 22379
8434 18735
2031 5534
13059 24577
10178 17527
21466 22028
22659 22917
8410 24555
17795 22775
20447 27013
7643 8105
6506 7354
1624 15190
15330 22225
13741 17843
10063 11171
2241 17409
11241 12852
251 11167
140 3761
15052 22582
46 26019
11661 25760
3146 22922
2671 2754
16914 28108
17073 25564
18451 24908
2882 17077
3231 7762
282 17863
2167 3364
10134 22992
8889 24061
5155 24082
21397 21968
11056 13278
6482 17453
18136 23510
15363 27976
12432 21438
1830 25267
705 8486
17513 26706
4577 4965
9880 26614
14104 25343
1878 8871
15526 17850
15095 20819
11546 28058
1613 4791
10920 18265
15536 19741
13091 17446
8151 17938
14044 17027
22112 25653
12093 14520
8122 25068
1942 10415
12346 20687
12792 22787
5620 19721
17550 23827
5299 23037
11422 24081
12712 24379
8406 9260
14221 19216
10436 11319
4705 6695
6220 24109
13970 26405
9252 27259
6255 12573
15660 17271
619 20160
4878 17166
3856 16284
850 14027
1817 27665
1879 13468
2284 11930
11080 18815
11032 11237
7926 12017
5819 16641
3686 24732
5604 11295
13806 18755
9525 11438
300 6377
11245 15462
7002 20151
4519 27746
7830 9222
2525 10036
3257 15665
7855 12498
4076 21003
23944 25550
12927 23696
16608 22062
4623 19932
9751 12683
2413 21237
396 18867
1141 22764
1690 21362
9333 23521
18633 23926
15610 20775
1110 14447
5460 24848
9006 9884
10747 12356
12887 25815
17501 23075
10215 21759
2714 8368
7320 27296
3598 7195
9252 11788
4097 19109
21752 23778
24752 27129
14496 19563
8039 25452
6594 21391
11193 12711
12617 24150
9222 16642
5344 23392
13008 23722
3284 21873
3801 24836
11193 23372
428 21711
10962 23789
14407 25596
1672 22308
1067 24702
13266 22233
1288 11168
10012 25769
10242 13482
2233 11281
5711 23016
1347 16943
22625 25410
874 1283
8856 26806
4287 10460
4658 24608
5273 18644
2079 5913
2596 3899
4067 12428
9460 20876
758 21616
16301 23598
163 13603
6061 21318
7506 17220
6454 11746
5505 24266
4205 24846
2508 8193
1037 27218
7485 13203
8511 16958
6129 24051
21650 22915
13188 15504
8816 26662
12333 22479
1223 3300
5369 10301
175 27630
2250 24406
9998 27043
6009 24939
5691 22151
2489 14431
7350 12956
7757 7990
2719 14734
19699 21623
3238 21987
6545 25261
15401 20633
11154 13664
8488 24610
1551 13930
1485 11080
17406 27759
14438 25490
10871 12027
5996 28013
1719 17791
7070 25517
10419 13187
11987 26907
3793 4776
26860 28058
5528 15815
7162 20635
711 27222
4936 21480
7728 15734
3374 25460
1613 22324
9901 14399
2386 11104
16197 22857
14971 18469
7791 16545
577 12742
15397 22472
13 14835
13661 20067
12049 23571
9997 12956
5690 11347
16641 27248
2353 18985
17422 20544
7603 25754
538 13373
5056 13112
7469 26509
23976 27411
16467 27991
15633 25006
2445 25995
1556 18370
3026 17237
4945 10042
5583 9406
5800 19014
8816 10023
113 4992
11936 24921
891 17114
24908 25857
2526 18934
6869 12451
2980 23289
12495 18909
1412 3401
18593 18956
3253 7341
904 6785
13347 13385
25838 26059
1338 23352
7677 27084
2998 27192
5413 25381
10284 24804
7266 14045
6414 13831
7774 8264
9433 15174
10242 13415
17747 17941
16954 18762
3915 10778
2605 24057
15241 27274
1658 23520
4557 15900
13602 28074
26634 26995
8364 22112
16455 19443
8875 10006
4098 14588
17543 18988
4571 19180
13909 20162
17857 18641
5815 21438
21353 25368
6865 19843
10569 16404
10612 27911
24935 25187
2698 10541
1630 23327
6493 9214
12709 16187
5214 21654
14657 14807
5822 26902
657 24265
16396 18921
10254 24974
3689 7515
2146 26457
3592 10340
3828 7341
18729 22640
6426 20313
11111 16198
9330 23111
5592 12403
3985 25005
5768 19767
10747 23718
9111 22203
19952 22425
14521 24053
929 15086
4217 5711
5689 14241
15825 17691
5485 9394
4287 15723
9988 18375
14055 20309
5802 9905
21210 22416
14445 19348
19200 21794
1904 12838
4217 24384
6703 11714
15330 21798
1270 19991
9150 15410
7236 21057
5336 8413
3970 27190
10165 24287
3468 23934
7097 18669
5087 9327
21380 26544
454 2915
22646 26270
19289 19988
4129 10669
6441 16053
7162 11780
1244 4268
12257 24122
15466 22524
14606 15508
6623 18658
24177 27052
3788 3864
19482 27766
1131 12082
1511 9871
13369 16131
5100 14781
2326 4614
6510 27702
6595 25140
18358 27906
4136 28198
345 13564
9371 16000
11456 16162
3837 23681
7855 24543
6367 15512
6533 21094
9615 22106
4079 21831
14997 17592
7123 27764
10360 18702
16588 26022
16159 26978
11504 15782
1895 25514
10581 10951
3296 14839
220 9089
16113 22390
11295 16483
1979 5436
161 23455
660 8389
3287 6246
11266 19971
2230 16648
12715 14223
259 2387
1836 22431
7194 13915
539 28038
4532 27855
13597 14790
4967 7508
13071 15028
7963 24826
25440 28020
4581 15477
14490 26779
15360 26936
3884 27331
3113 26682
8158 16491
1192 10450
7945 11345
3296 22329
15900 22357
8881 25634
22199 24566
15282 23225
8817 11400
546 19267
7160 17772
1900 7935
7824 25680
11789 24872
8251 23866
16749 23457
9591 13193
10337 23414
11292 11322
14072 19004
9590 25903
5465 19765
7339 16803
3885 20109
12927 22441
3404 16153
10282 22996
12811 22857
12576 26243
4325 17992
16666 26077
13246 28217
7964 20001
1085 11009
8473 25009
11311 18775
1999 20751
11271 23811
11710 24087
5941 27646
495 12726
13677 20195
5906 13597
5793 27821
7631 14268
19653 21154
25869 28092
5413 7007
8818 10935
881 25247
6731 8552
7312 15722
4471 9743
17288 19071
529 16323
5117 18099
8148 16513
20162 24061
16046 17130
9367 14010
14020 14655
6707 8720
17931 20545
16304 24023
4680 19012
13370 23809
1518 19524
2905 23848
8437 11050
11082 19657
7798 8845
7441 22810
19169 20899
3663 12193
2656 18310
19570 23454
3815 9161
4726 7223
2619 24638
4285 26580
8454 26026
15600 19171
14414 23430
8424 12989
7497 15722
596 12363
23932 26233
4444 16571
11131 19247
16901 23809
2185 6994
18293 21822
25229 26024
1358 6996
9367 25306
15905 23963
11086 16152
12727 16662
4952 21066
1246 7471
7772 22993
17896 25587
4232 19184
6983 25422
19140 22925
39 14687
2227 9150
6552 21091
13257 16891
7518 23294
20130 23518
1412 27129
18516 21990
14794 25272
17032 22271
9352 11764
61 13707
18262 19641
14001 17222
5386 26226
22056 22954
4169 6218
867 21915
19396 28211
9811 25865
19092 22833
16037 23254
1950 26828
3638 17457
8182 21149
596 15346
14178 24098
8956 26010
4424 14941
8553 13870
14675 23143
1358 18883
424 21739
11542 24689
12346 16694
3388 6334
1450 8706
8331 27368
8405 14027
1767 6763
9038 18992
2527 25683
25129 26884
3186 15127
7741 21409
11475 17495
416 2170
10668 24415
2150 12774
2835 11106
10731 14791
12342 24170
2447 25246
3121 21461
9788 24218
7987 10747
12088 13177
5943 11369
9468 27438
15621 24551
8990 23816
8846 11709
1322 15149
5048 12228
4852 25025
5705 7976
3622 24061
10248 15561
4892 5336
3101 3765
664 9569
6655 18069
17259 22041
21126 25262
17017 23790
4524 20990
1749 8137
22581 24435
14926 19254
25184 25956
2937 20608
15350 26095
21244 22919
3637 8730
3052 17239
11728 24036
4149 23033
2243 8057
88 18051
6446 16702
10618 27360
9617 27627
12868 20282
8565 9847
15108 22810
7390 23274
19727 27686
3605 24563
6903 18136
22340 24676
15964 27030
18070 26053
3753 7820
13328 14341
12136 18029
6972 13193
12023 21372
3307 14779
1381 8925
4580 26503
2826 9986
5691 9293
5609 18631
7537 7923
21798 27016
6994 18911
836 13759
13222 21653
4360 18641
15133 24608
1218 13173
10799 13412
6745 12244
26232 28108
26107 27013
8056 26697
3997 18999
12447 23881
6962 25751
6058 7114
16911 25706
3469 12065
10160 11747
9834 22245
7549 18784
20639 25443
10170 24271
12612 21387
2667 27513
8190 23526
5540 8058
14216 15635
7987 9831
7280 18164
25894 26476
10957 27342
8923 19289
18861 23686
16483 26936
4964 5075
16991 20378
10524 21192
9084 26709
3808 4212
8168 20799
8730 22780
1349 1424
12228 24170
14650 27220
3409 15772
14289 22142
1020 1925
3337 12077
12798 18598
86 7289
8075 23906
11148 16198
1672 7158
14320 25263
10215 20448
12254 17726
3448 12142
11049 21328
1033 21826
15893 21364
4110 27451
16117 24184
5154 7143
7785 12593
14390 15108
13679 24465
15435 25910
2505 14555
10909 16555
2410 13798
16423 26554
15055 16349
24453 26567
3690 10678
6848 12218
10747 25306
11498 24860
11812 12155
1039 14339
15184 19941
8054 13899
18051 24888
10699 14870
17348 27876
13737 18312
2604 24504
10837 16442
3987 7695
4866 13937
4767 10963
2867 16508
8705 26079
451 10533
6097 14230
1593 23703
11080 12354
256 21939
7397 18876
3125 20744
4067 23392
2904 6805
6817 26913
24042 26758
4866 8770
10462 23997
4649 20852
2250 11406
291 4827
7835 21828
1432 6011
9774 10920
2798 22771
2710 6752
16276 23379
24904 28211
7910 22240
2491 14642
5554 19757
11042 24539
638 24244
1412 12711
15493 25104
13046 14546
648 1406
19562 22607
1329 25512
8871 17404
9150 23392
872 16359
101 1641
8383 23430
7571 25889
681 12341
128 5835
1574 13105
6562 9805
2085 24136
3419 18704
5774 19721
7407 19990
17094 22799
1940 26721
3126 20660
876 20763
7323 16941
12402 21293
6253 22312
22339 23310
16511 21876
10270 15814
8156 19857
407 24864
19290 22610
15157 15873
16884 20764
5746 21671
4205 9590
9561 25838
9747 19169
3514 8908
11444 22700
10318 27265
11483 12155
14433 24005
4833 11115
5497 22165
9747 23897
1559 2399
5279 26457
1366 17657
1695 10824
7350 21963
7107 28119
5852 7213
7945 20173
23225 25833
15529 26243
5219 10321
6668 12495
15346 17407
4029 27194
14385 18766
10357 24069
10405 27004
11133 16386
14555 19626
953 1018
13744 28175
23141 25064
5797 7579
2489 26676
3617 3716
11148 19814
9496 22981
4594 25793
19691 22779
7793 9523
10309 11180
13367 25863
1178 13705
10259 22025
1525 27867
20447 26107
19822 21061
1925 5285
3901 25684
6883 25250
14519 17054
8057 23521
7042 22240
569 11416
10036 13788
6999 9903
495 15619
11696 11953
2521 15682
16847 20711
7015 19013
2387 12287
5918 7835
27092 27579
3281 7758
7982 17273
14361 15516
377 14513
3007 19147
7523 11010
6261 11629
24122 27309
13885 15409
12800 16509
8568 25459
868 25220
4287 22548
14386 25117
4580 13216
4766 5297
3819 19139
7600 22206
12724 21053
7289 21523
8388 12924
15847 25636
11030 26077
11273 15257
11951 15728
14340 17671
1755 26998
5233 23177
13059 27571
1776 13220
1396 24311
13888 22847
19827 24557
4039 27587
3622 11975
8689 25927
10767 23338
10971 16184
25468 27042
12207 17917
825 22042
5177 14922
7421 9873
1942 10971
2340 25793
3734 21633
9179 15404
3901 12483
23273 25193
18832 25730
23388 26898
4255 28194
6633 18909
10583 26704
10692 16869
7383 21125
6250 28268
3063 24374
369 14995
16867 20491
490 14033
6404 22708
8075 16477
12249 13294
2339 15723
7532 18622
923 26329
24053 26191
10420 13278
90 11922
15793 21262
13276 19099
15978 18697
3128 7849
11082 15610
19094 27120
6289 14532
8420 10300
12709 27841
11637 14753
13820 17720
18336 23722
17354 17833
17847 18533
5956 12664
6848 14448
20279 27317
3037 15659
1761 9454
568 21542
17590 24023
5943 18760
4121 25595
19981 25433
9463 21436
6239 21407
13665 14911
953 23369
8849 27373
5975 16328
10029 26728
1665 9992
6238 17232
5071 16468
7183 9354
2311 26665
22893 25108
17321 21844
626 2214
398 2236
7078 11360
1748 20500
2303 4967
11331 14964
4211 21412
9082 18706
667 25308
107 22959
2105 18520
1574 3383
5943 16284
3690 15221
21809 23657
421 14358
9730 16467
828 12194
10214 20003
3484 12047
11486 13970
10573 14545
3121 22814
11022 25062
24586 25467
7820 12472
2330 14652
10805 18533
12982 18517
6087 6902
2658 10564
18955 25381
14748 17992
19130 19627
15297 21545
1927 5941
15344 25415
24690 27587
849 4422
8864 27837
8585 20760
6794 9779
12606 21053
22516 28228
957 14464
14182 18591
17249 27822
11500 25917
2458 22968
6209 7852
19161 21377
3164 3675
4905 13664
7350 16880
3401 8964
17584 28057
13104 19088
2944 21123
2454 14758
10920 23553
6116 16682
3638 23736
4395 6145
12051 27640
6222 7283
21479 25206
7290 13127
2675 22083
14508 27194
18139 22416
18520 20041
5352 19533
1575 10434
11701 20417
16974 21995
3987 17657
5661 15056
12840 26603
8785 13203
3966 8597
13892 22415
860 19382
2105 10027
2087 15591
7497 12506
1390 7982
7285 17837
4245 21293
3240 15317
9706 10100
5525 11327
705 3796
10205 13599
5576 5979
2022 25357
3936 20633
10033 23082
5393 13464
19658 25630
6182 12362
9205 13101
9061 16118
6156 18870
18415 22820
926 5522
1528 24665
797 20502
929 15196
9552 19445
1038 22452
3635 27301
7236 27074
21194 24554
13947 20318
13706 24726
9271 21770
5543 25039
10218 11463
16299 21366
10672 24915
7857 9714
16919 22120
2277 23797
24062 25008
10208 12097
2650 27402
2945 9193
25404 25766
956 3028
4486 8440
129 18605
581 11953
4744 10708
21662 25425
374 17485
8290 16865
801 1181
22183 25957
2031 7552
4256 17509
11542 23617
2546 14555
3287 21552
593 1023
2589 22640
12434 24022
21902 26127
9776 25886
12147 21268
13387 21597
1153 19845
6783 14696
22003 26473
5861 26880
2412 13696
9055 23102
5396 10576
6050 25971
9536 21231
1657 15376
5506 22137
5941 27710
3312 17363
2894 17827
14363 14548
2213 22146
8816 20258
7277 13136
923 22821
3734 26189
14035 23254
3113 26916
356 21053
14572 27778
9926 12553
9540 11746
18743 19623
16905 26559
5308 26389
27150 28107
15639 27016
1091 6255
2142 6747
4607 20074
569 16117
10691 13666
11161 22382
15549 20749
15037 22205
9563 24122
8091 25405
4439 27449
3940 21707
5191 25805
3275 19819
1755 15184
210 16797
3052 13343
405 1528
8075 23698
23525 25494
12249 17734
1421 20479
1284 20813
4531 11773
25405 26717
2863 13844
3485 10326
14681 26265
5397 7743
7154 12410
13789 17788
10925 26904
11211 22770
789 12646
1152 17863
9859 13407
3735 7441
3625 4256
16340 17167
13517 20407
2494 5724
22046 23557
686 1830
4009 14438
5978 20410
21688 26264
711 14464
19664 22830
278 7529
6241 22329
1687 22331
1438 12230
2946 15378
15315 26448
4964 7455
1405 10587
10618 21061
4761 20904
5332 26677
2599 27455
13272 27034
11649 23061
4247 7360
8988 28085
13285 27353
7653 26709
5181 24147
47 20953
2144 5368
18082 27646
7396 22651
4557 23315
16113 23273
2391 24427
14291 23556
495 1006
14092 18218
9842 19539
13817 26141
11059 16695
12556 23932
6497 19115
6752 11246
10060 17561
15721 17938
2670 19806
15141 27085
8265 10984
3965 7264
17963 19033
2721 5941
2304 26159
6792 13203
4217 21346
9572 17657
5082 12537
27705 27895
14104 26670
3753 21945
18027 25331
4967 18521
15009 28181
2048 25956
5506 22222
2130 21960
17941 20286
7323 14559
8426 22581
10015 16806
6851 11722
7185 23864
9981 24371
5168 9558
5982 15798
11937 23428
774 9316
1787 2125
16171 21016
5747 20831
14590 17312
8759 14728
19402 22630
5587 24403
9254 27834
8114 16026
14050 18679
14022 22583
15892 24353
7264 10863
5041 13668
8856 19736
18054 27366
1851 9086
4325 18945
15479 18176
7907 27405
8880 10023
10868 24854
12304 21744
2687 10653
12565 15141
22098 27111
6958 16636
9197 22374
6034 21446
8582 9769
5868 8350
9530 10165
10487 14437
1434 2148
18791 25984
1864 27464
1685 10729
9614 11456
6178 19641
9012 18319
20639 22269
3924 13476
11727 17501
7089 10393
6769 26665
8437 11311
12798 26840
7278 9900
12994 16838
14596 26573
13478 16365
7763 12931
5888 13978
17304 19058
17522 20259
2373 20059
9120 23417
25193 27046
15836 22967
8441 9617
11133 18458
13155 27128
23548 23983
4955 24061
6275 22581
51 5705
6637 9952
4849 26663
808 7802
3563 4581
4162 26904
14130 16069
22101 23972
2385 8835
21377 25875
8131 25302
23282 27639
9084 19481
15251 25348
3851 3932
199 4120
20233 25986
6349 21780
20291 28055
4675 26061
2948 12437
973 14713
9937 25679
11804 14564
22697 23962
494 21147
12614 23560
4581 17381
510 8985
5071 16969
4229 26240
3099 18100
19171 25260
1356 4132
60 19157
6478 17560
5288 10727
7150 8511
2569 22340
22399 24716
7482 10874
3072 5960
6603 26630
3231 19871
3544 7473
11426 19169
12023 22168
581 18736
7616 20424
19508 23526
18354 24294
15596 27200
6484 21804
3953 19848
2759 13407
9027 26031
10772 11688
15061 26196
6700 24740
18910 25664
4803 15541
9179 17356
16369 17073
2081 26928
8430 23722
19386 26572
14454 15386
481 8751
3428 21307
7568 25602
7987 18679
2944 14309
3873 23345
15120 18187
5096 15697
6704 7383
15889 17471
10061 10119
862 2010
12798 26181
5749 6753
7822 28070
5636 18241
7367 17582
10559 21470
17489 19181
25123 26834
12111 19150
22296 26958
9744 18591
15611 22354
2139 17033
5492 26932
12939 13480
568 2980
18392 19920
7984 27705
10652 24131
18796 26529
11281 14710
3872 10935
6689 12203
12308 23215
11227 21719
3745 4948
731 19058
9838 22376
11913 17700
12970 16749
128 18603
18720 26954
2151 23459
5716 6057
5942 17438
96 25433
7938 22229
767 22858
10391 25981
6326 6898
20458 25301
17493 23463
22434 25433
9570 17370
6342 19721
15883 15951
12628 22187
8935 22981
14363 24261
104 12561
4468 17146
4465 25729
962 26131
20891 26331
19061 22387
14997 25519
7372 13722
24500 28248
15216 28024
4328 12023
2227 25956
7198 13603
12745 21892
18404 23625
18115 25468
19447 20935
12331 21263
945 13107
19275 27788
1445 25490
22339 27004
19263 26981
23803 24062
5694 13227
8463 15670
4072 11416
9237 15301
16784 20658
765 4747
14672 22820
2961 15325
2305 13055
7209 24987
3449 21123
623 23919
8320 24062
19408 19641
381 881
501 15031
2613 11351
1178 21416
16426 19746
13692 26303
1559 4251
15823 17735
25341 26265
24057 27221
9523 10890
21127 28140
15893 27540
5204 21072
2967 19996
616 16946
289 27155
18777 22466
6715 21976
8018 20483
17584 24260
2592 7523
15610 25329
4626 17280
12652 27996
12449 23617
1740 3904
8223 23344
1975 16276
14982 16095
6042 25884
609 20406
5008 9425
5332 27651
14894 28269
3150 17003
10545 12833
406 5288
12680 26995
11662 22759
396 24415
9730 12957
3580 17922
14778 18906
5943 21446
20367 22168
5288 20758
6710 28196
17097 18704
2377 10626
13230 19474
925 16470
1877 11609
6257 27790
11392 14961
1991 13597
3926 22273
3102 20325
8806 21053
2353 22461
19604 25712
16429 17349
7950 16957
2363 5010
16304 17462
9869 10815
9107 11919
7854 21447
24904 26199
7939 27286
3557 5203
7106 8825
18947 23929
11148 11841
2619 10982
797 2205
5658 8230
3140 12212
2708 19691
8957 17651
7361 12257
13407 20550
1688 15554
4967 17167
6551 14775
9956 14407
8356 22137
17027 27867
21202 23797
1985 17477
12377 19061
3041 26599
7015 22625
3465 23369
10692 21983
21459 26267
3449 20066
13029 23780
18796 21350
955 12602
1609 17787
4180 22214
2744 18036
13970 18999
478 21166
10219 16989
5752 23688
12231 26232
13249 13735
6966 11261
4063 12151
12495 27821
877 20553
2589 5221
15904 17048
7297 12282
3787 19009
4535 26807
13623 14840
13424 26737
18464 26164
6934 18399
2785 14131
9226 11811
3598 15672
11664 12493
2341 18259
5832 17736
18133 26798
13615 13879
6656 25454
18494 25274
18411 24576
5521 8961
13247 14519
6542 19540
2739 21302
18920 27612
1228 14641
4388 13659
8667 11599
3300 25083
501 21768
7559 23939
2573 26882
11151 26232
17952 22479
25006 27468
867 16294
4995 16230
10846 22481
8082 19008
5492 15518
15330 26397
17132 22835
9016 24151
11992 24068
5681 27621
3634 17473
16509 20931
1878 26012
13663 21003
16138 18427
17036 17525
1944 24309
17632 20347
16687 18753
13002 22947
13093 14074
3190 17941
7996 22025
1351 16016
19169 23890
406 4299
4263 6960
9962 26860
18478 24080
577 7375
1819 8018
13137 22238
10222 22471
3972 21683
7181 18843
6393 22593
16515 26380
19448 23718
6547 10618
2740 19102
15622 15783
5198 20799
18114 24904
5930 14961
3825 9260
18820 27221
7783 27509
7508 26347
19736 19817
833 25962
8770 16905
7325 27222
5710 25160
2182 21126
20064 20963
14965 21636
9720 20754
3951 21696
1427 17471
4144 12510
17185 18753
6972 21766
2929 8068
2061 15369
13168 24062
2230 9323
19966 22821
19871 27564
689 2247
1700 7856
19601 27087
16328 23985
16276 16353
5901 16065
5871 7873
7282 16716
21864 25748
21351 23108
8669 23097
22141 22779
9487 12052
6746 9231
4849 10987
12219 21913
12900 20931
8730 21445
12792 20786
8044 9177
1420 9879
12066 13160
2084 8434
4328 27596
8717 15123
8478 21798
2050 6695
20940 21291
1852 16006
6914 24842
22476 27908
7566 9466
15950 22010
3019 22060
1307 5926
13343 23225
11078 24009
3450 15716
23312 24975
13329 17144
4751 24410
6424 20409
5774 17393
19299 19641
6301 24307
1878 18748
9155 21339
12415 17723
8033 18665
2205 6528
14964 24543
6968 13052
3708 6522
23628 26834
7255 20946
2339 2491
10863 18415
12076 22092
4626 25894
3052 7802
16752 21716
14033 18626
18921 19390
2888 12357
2363 3522
6594 8852
7869 17575
1890 12228
11479 16353
9193 24145
4427 23349
9377 27570
1030 16923
6240 24827
8819 14643
1015 1188
14706 21889
18521 25863
14784 20487
13270 23978
1053 17349
5330 27596
7703 10717
5786 18287
11910 21387
11363 18366
3014 12363
10760 11042
7449 16570
7976 14853
23119 25904
5283 5430
21036 25415
874 24447
8676 18172
5203 15260
19479 23175
11846 17501
5262 11833
2163 11656
26091 27488
2329 24326
7194 17129
13713 14419
3885 26503
18424 23904
13878 20980
14486 27175
11368 24589
1027 3072
630 11115
4758 17519
11363 25157
1047 9575
7154 19948
4990 8277
9465 25197
86 18653
9123 19118
7967 27328
17541 23538
2944 21688
1390 9078
5079 14443
705 1143
15676 20790
17407 18947
6008 6495
10523 11915
21643 26476
16434 25068
3528 25138
7018 8128
2093 22250
15174 22125
492 4717
11592 25831
2894 15003
9393 18892
17444 23825
11469 15182
24965 28099
8706 21462
3976 13480
3733 14997
11073 23365
17865 23486
1686 20437
681 18972
963 18343
2718 9647
18252 27151
6620 7703
19249 27811
11888 17224
17839 19156
241 22810
14849 14912
11727 14657
1489 27375
16480 23619
15930 18982
4965 5129
6008 20572
6886 8024
4295 7625
13887 18678
2366 16237
9528 23023
21737 23145
8405 18033
18945 24752
5326 24442
11729 21416
5597 16883
8956 12282
17241 24820
7711 13249
19508 24955
9648 13054
14257 15402
11985 21938
3335 11895
11343 21950
12336 22025
16136 21682
8787 11020
1579 25732
1746 4169
11565 21351
15376 19952
3400 9777
8806 19952
3902 25508
1527 10973
5907 11322
15682 17762
4793 19033
16152 19214
15470 27766
14668 27530
14853 15182
8905 13364
16994 27439
12366 26050
9044 24289
1910 9699
4660 20935
21948 22871
3164 10740
6601 16150
3727 9046
11962 27452
5609 14033
7798 8187
7590 16584
16992 22862
4626 25271
24069 28217
15428 15900
11368 27876
1156 17580
7642 19230
5832 6035
14641 24242
23719 24132
942 11859
6505 13733
2986 12399
877 3424
7477 21569
10160 14400
3760 24675
2512 13677
8424 13917
7138 18154
10838 24023
426 17214
22462 27763
6190 25059
313 18251
13910 16678
4143 20053
1878 24226
12388 20606
2650 17258
14065 23082
8956 25067
10874 20893
17401 27078
15037 18560
11102 18414
9696 24405
505 21459
8922 22836
18682 24209
10935 28051
12282 12397
4712 5978
6771 11113
7802 9113
7239 21471
7494 8500
19588 24435
16542 17149
15208 19057
21476 22537
9205 19943
4695 21039
30 19467
10497 18042
16323 18249
16471 26738
1959 9701
6793 20740
9367 11080
11773 12056
2198 7990
18326 25451
5864 8309
8855 20241
17146 27867
4717 12525
5941 24157
7828 25366
6857 23201
4595 15572
4300 4895
5398 26514
7101 26314
15085 26497
12356 19004
12412 23162
3496 22997
20480 27117
581 14228
9101 22885
7771 14839
1026 4625
640 27247
13405 23310
3666 18541
1727 12405
10067 15845
588 3622
15006 23186
7366 24822
11748 21330
15141 25901
12910 13849
10156 19510
19155 25283
6314 24030
20953 23361
14302 25137
12502 18128
14167 20355
15042 17918
14319 22779
10076 26085
2092 24047
17930 19177
1092 23273
1755 21260
334 16584
16330 20870
8511 14689
5473 18468
8434 12009
2022 18304
4142 13373
16167 21337
6641 24804
603 1970
19582 25414
291 1043
4287 25636
10924 17966
505 13373
15792 26773
745 11239
19647 25200
23574 25666
755 23998
7927 26737
7390 15883
11943 15263
10593 23605
7108 13542
5522 18717
439 12319
7987 12669
11250 13736
809 25732
4935 26053
23062 27288
11080 16955
4603 15450
17562 21171
6560 21885
11484 16518
7632 24428
396 28179
13162 23024
5196 27126
21374 27389
1762 5104
1795 1852
3587 5932
2598 18280
11444 16386
6512 12591
5288 17795
11711 28055
8665 13024
7442 8251
24470 26943
2646 3219
10211 13677
25115 25412
526 5093
8199 8750
15619 20355
12615 20688
9025 21462
8924 22293
14384 19115
5055 26686
670 4787
8155 12551
6227 12709
22227 27040
14595 25417
1050 24541
1141 19300
103 16621
10273 17760
9398 22382
8424 17460
11781 22621
8274 25035
6760 11893
6495 25306
21506 25904
15554 25884
10772 20355
238 4860
12252 13443
16311 25361
15550 19733
8990 19315
21955 24005
11568 14942
11674 12468
6155 23577
20159 27467
1925 7865
21277 26053
1142 16679
3709 12201
6672 9523
7835 23015
2598 17530
17852 22323
13270 14016
23269 23553
4132 6511
32 4399
9127 21118
18144 21262
9536 10407
11422 15090
17126 17561
1858 2351
7911 20323
1906 5416
20076 23037
9536 22042
4885 15308
11207 13168
2935 23615
14681 26413
865 10876
2074 17377
4018 4986
14895 21999
3229 26926
5371 11212
7358 19867
10153 16272
23011 24149
5640 14301
23372 25084
12188 22151
7523 23760
4162 7210
4592 19386
20722 27579
3063 16932
9591 26031
1950 28028
20276 26184
12246 14923
6054 20008
6458 17785
7387 18266
14634 18536
3296 6832
5440 8015
17054 20795
8511 22376
14937 25306
3694 17097
2488 21463
11796 23773
14994 27010
5492 17718
3863 14586
10865 21212
16781 26807
13090 20706
1181 12102
17038 17731
10346 21033
12289 21726
25276 26493
2245 15950
15923 17178
2459 12185
10800 18626
9660 11953
3366 20667
1508 2048
22900 25253
4986 10462
3417 17209
18249 23978
2664 20222
20383 23440
10799 13744
10283 14914
4096 23797
4434 19744
1607 10822
20956 25417
3499 27944
13093 15951
311 7277
2127 12199
9240 25433
8413 20743
20419 26017
7041 25306
12346 21257
4132 27058
2105 19658
369 23708
24157 27175
11859 19033
11076 15798
12879 24861
10973 14218
17823 20205
1113 5063
9737 24255
5331 11816
2928 12651
1318 19398
7346 25068
3267 11143
16767 27307
15048 18710
731 8954
14473 23159
18678 27341
14771 18704
11496 12163
3318 17098
2566 11119
3223 8990
25008 25588
21518 27243
21122 22311
13243 26207
12634 14639
9662 26417
16260 24721
13236 22581
2764 22884
1925 12378
13203 21881
8064 14437
8579 25699
6671 14697
4496 9557
7659 19415
1254 13131
13257 18358
10661 22737
21067 25652
4886 5496
6932 9168
2997 27190
14767 18708
14029 27706
3903 7478
6234 14630
14589 19746
1613 14794
18051 21798
2985 17735
2008 10844
17120 27950
1164 1843
1677 10849
15571 27929
13816 18110
1275 14129
129 11631
8624 10691
15376 16629
19117 27168
2270 4834
1408 18429
403 9528
1888 9253
3601 17815
9920 28166
782 6841
0 3001
10839 24616
6760 11878
4693 5716
2788 20861
16095 23368
3655 19136
2189 4955
876 18270
2535 21673
5630 22167
21204 23197
5620 13507
2118 17785
7758 11039
10298 27612
48 2671
3740 28229
24586 26784
565 6026
1553 1812
5943 18160
19477 20367
4021 21307
1772 14696
17963 18369
18945 22309
21983 22416
3619 26833
933 9192
2396 23265
2022 8251
21061 24927
22052 27121
2813 25213
2474 18423
14651 16832
10080 22910
8251 28108
544 13381
3382 11445
5531 6404
3720 7845
7918 21438
4189 21402
2436 14650
10910 16291
16286 24248
660 20774
4442 26686
3472 16554
2126 24846
5820 22506
1343 17321
6367 25962
7643 17333
5734 17906
17758 28247
10937 16610
16186 18520
13003 15043
4065 4603
20527 23914
6156 27032
15684 27426
11805 16475
8145 12798
14437 22063
10444 15561
10540 17433
2530 21653
16567 27482
7084 17826
1794 15274
15512 25759
1840 26010
498 872
2863 23147
3851 14857
9047 20376
8145 23253
6239 27720
6775 12034
9144 19257
14833 27044
894 23396
5150 7647
13236 25713
16964 17259
21729 26964
17463 25155
4584 17159
1153 25941
15760 19068
8586 19351
915 12939
23494 24723
3667 26514
7252 16173
4195 21708
23979 24681
14991 15367
5797 14941
9715 10913
16653 21715
4791 17253
13516 20615
7128 23030
11313 18277
11080 17355
21221 21527
3147 11989
4612 19278
4120 18529
19271 23719
9861 19546
11535 20786
13424 15387
22955 25603
8767 10963
10325 15901
17650 24101
4721 11113
12560 24240
12246 26079
7555 21805
3298 16127
7114 11599
22993 26704
14178 15911
11286 25334
1727 7236
917 9175
8515 23722
1817 18599
21688 21732
6629 18641
4574 15284
1510 24145
11937 23298
6537 24738
9263 23939
25607 27128
16255 18128
7357 10146
14389 18736
20031 25555
10218 13471
4291 12529
9652 27664
11113 14056
2635 26806
2 9835
4999 13687
7390 21618
20314 24232
2294 15660
15344 27954
6107 16823
3094 11225
6709 26107
17635 18726
5658 27637
27347 27619
15961 23558
2157 3069
7106 16438
5430 23674
14314 15902
1500 14346
6395 21831
2037 8924
1329 20553
9543 17851
12462 21028
5984 12218
12363 27811
1322 25161
6812 11082
9169 24849
14541 14830
541 24280
10152 17426
21520 22553
1854 17360
4205 28158
13725 18679
10036 26154
1208 22464
7419 16132
2917 22704
5618 21725
1184 12661
5374 22884
556 8831
12792 25271
23239 23319
10813 21491
12715 18463
14687 15421
10456 27969
6268 25052
9105 21300
16855 18591
21881 25406
19624 21594
689 12139
19871 21188
7172 12006
4489 6222
8878 10387
4102 26775
7400 9236
7877 25564
7011 21638
11356 11618
9835 19731
6497 16694
9202 25081
957 22441
1049 22309
5174 12578
650 19585
16753 20233
1589 5351
13586 26744
2381 27914
5775 27026
2047 20656
6715 7367
3356 16006
6107 8671
2386 25167
13937 18207
12428 21246
3341 14452
20446 22031
5556 25270
3203 12226
1349 24857
2958 19140
681 25713
569 22226
14136 19004
3323 22141
4187 27222
10303 27152
7382 9053
15928 19874
3738 5477
22857 27666
25325 25564
2646 22440
31 24664
861 14834
1365 18787
6965 9095
3880 15330
3738 26869
13550 14091
18608 26716
6417 19451
835 1264
17963 22977
17301 20189
2665 24147
6437 15312
6685 8249
21674 27372
11471 25089
15231 26059
7732 26576
784 20795
809 17843
5536 14385
8757 14828
18313 20685
415 26174
11326 25483
12038 12918
25121 26414
2129 24689
13581 13678
11513 23463
11273 15576
19513 27206
3545 24275
9884 11350
141 7091
4581 23972
14057 16422
17889 18043
2071 27559
17364 23377
8751 15176
8441 12965
8566 19941
23345 24610
7473 10391
5304 13994
5454 19638
12493 13793
1720 18679
12449 20950
6154 27129
25908 27128
554 20661
10667 16131
2180 2677
6535 20816
1468 2709
9944 11013
14920 18019
4072 14273
1365 2818
16314 16901
9174 22311
2617 7135
2369 3050
494 28193
5710 7852
15815 23075
9313 18348
6560 16013
425 11444
15090 17757
5204 12001
6356 27121
11550 25145
17574 20053
19249 21552
5500 24800
18775 26331
194 4857
14981 16152
6196 20837
9569 22149
15225 19145
6456 18457
18790 23333
17808 27428
867 5842
10963 17194
13780 17532
3560 7160
19410 27279
19704 25451
13312 21378
11106 26345
1532 3705
10039 12566
175 8873
3779 5332
295 8219
2435 21371
7923 24890
9268 12968
1686 2627
5669 7111
8730 15615
55 17061
10643 24783
15341 17803
7956 15964
12835 16180
11131 18850
9781 23930
14123 24903
9973 27293
1753 24829
10533 19121
2027 4175
5309 23455
16328 24667
9616 21148
6994 19972
17593 25104
18344 22763
5065 16469
3020 7963
26520 28071
12773 25280
1238 10242
10699 12898
14519 19711
438 3915
15790 16272
8488 12218
6280 7420
1833 6154
180 5989
26948 27488
4389 18677
6818 25781
3969 26448
13503 26810
1948 12472
12040 24767
22637 23288
13564 21577
57 14871
18034 27259
19474 22339
4720 12965
24371 25669
20261 20387
6932 12474
21589 28029
12886 20424
1314 12468
16331 25306
10971 22265
12122 16183
681 1015
13935 21436
4216 27122
1197 10335
9625 19793
10123 23879
1430 8054
5501 16672
11040 19835
4409 17079
9710 19771
10287 20130
5003 14778
19035 23391
9513 13328
22267 22444
312 7748
20492 27810
14567 25772
7375 16435
14600 17378
688 7329
7202 27664
15748 17511
8087 27065
20765 26578
16290 17471
23711 24145
21447 23738
12391 14777
9410 22771
16785 18312
9575 21618
258 17919
17487 23608
26577 27844
23241 25418
21456 24608
12122 24646
10767 18626
8806 17422
2183 15712
3670 5680
12310 14781
1852 25699
10264 15512
1417 12270
4992 17479
17944 21617
23906 27033
1178 5070
12369 24062
5713 9408
22624 25241
8064 24061
8931 17442
4737 22841
561 19982
11082 18223
15391 19496
25795 28080
10846 25247
633 24952
3714 11348
9095 10285
2526 22319
3728 19443
327 15808
5716 19115
14681 19854
19710 26774
9115 14999
16338 17097
15835 27197
11461 19307
8047 19272
12598 27821
3127 19148
13307 13898
21028 24267
4650 11416
11192 14767
14182 28263
10326 19632
10170 19075
21612 23722
11953 17938
763 20643
2894 15429
5913 22515
18826 24598
11295 18319
16543 23512
3210 3311
139 28098
1878 13558
17164 17992
15883 17304
6738 23389
9748 17963
583 10675
2104 16402
2518 7354
12999 17098
3265 24630
10189 24552
19295 24855
13937 22183
20331 27710
34 19411
11753 12360
7556 27659
14555 23776
1728 18945
7725 21462
2104 10444
11391 22769
4990 16535
12708 20849
26189 27795
26278 26731
8972 26657
11923 13908
3829 7350
5832 8832
1253 10209
3382 8185
4827 20410
20538 24801
2583 10957
16646 24297
2733 14354
6033 21831
15996 19565
2474 25593
689 12391
5095 16803
23855 26833
258 20550
10317 12444
2163 18939
5506 8356
14672 25414
2666 18949
12769 15298
11773 27223
8746 17259
6291 20266
5613 13673
3975 26516
5116 17786
11240 13139
3889 17742
16125 22977
19793 24634
569 24935
1571 24564
8080 27375
2721 10154
18400 27300
17916 24883
9092 23860
7798 27357
6427 16429
777 3128
7976 16316
6209 25064
25104 26061
874 13808
18644 24531
8621 15946
22560 23188
16135 26353
19448 22278
5258 7758
16284 16334
23781 25956
404 3169
15167 22770
1795 23628
5367 15445
21793 23107
18869 22967
11658 18816
14335 16299
9538 21391
7832 24127
963 10571
12090 12651
24708 25422
2880 21484
97 8551
11773 12357
2441 18510
8074 11980
2937 17036
5211 11326
12653 18128
13148 13480
1510 1705
485 8814
9710 10716
15749 18911
4965 9558
4216 16209
23271 26932
20707 21821
1580 7935
12726 19712
9424 21323
4679 18963
4625 28239
21473 27867
8690 13359
11168 15613
14748 27087
4497 25712
16333 23437
396 26587
5358 25405
396 24069
711 4081
21074 27693
8527 24357
11495 24610
1767 28245
2061 13282
9957 20689
24280 25713
11700 14088
4419 17798
15874 18462
7038 26200
12946 24836
1725 24127
16184 26476
10042 20975
4736 7814
15199 27970
21544 27958
3648 25130
10626 20394
8018 21193
12026 19601
3489 17706
8586 16987
4971 7743
3622 25823
5196 5787
1090 21831
4829 20878
6198 12657
439 10427
2775 10699
5359 15985
411 5824
10755 15815
23415 28028
1181 3976
4498 21294
10205 10898
10916 17522
369 21987
21380 26153
3665 6177
14326 22052
137 25059
7307 20503
17735 18166
7358 10088
13095 22191
14345 20144
1713 12792
6246 19900
19447 28163
2136 27849
13081 17878
17281 18208
6972 12188
2135 18049
7970 24570
7949 25782
14615 22771
9479 25765
7314 14100
8896 23608
17373 23502
2369 12282
580 2197
8086 20862
728 27179
1738 12357
8558 8925
16276 26659
1397 2447
7076 26931
11455 17890
19188 21366
745 19201
14840 22278
23803 24208
21886 22213
5263 9152
15834 22892
13214 24254
1614 18270
15763 20351
12428 15047
6426 8785
5660 12051
3417 26703
16319 22686
597 8558
5300 15905
3286 15394
16152 18582
6989 19169
2104 16329
15267 18985
2647 9103
15088 25329
17358 22568
1356 9019
867 17846
20583 21835
4581 16170
17731 27241
4051 11012
21139 25894
20303 20495
21798 23361
8074 13239
15906 19753
14518 15940
7461 15939
3987 5716
9473 18999
23726 25978
6687 10245
17302 19569
3444 7955
16261 27274
14727 17615
3788 13010
1828 28232
5691 18591
17938 27867
537 3253
6785 7119
2482 12379
1852 8855
3641 20986
19424 27796
1140 4175
20173 23799
2518 6914
12952 26020
18561 22203
12328 15725
699 7120
341 20162
7672 11463
24425 25067
7771 8258
5522 14657
2692 6865
17442 20692
7883 25962
4962 7783
9252 11535
13896 16559
7005 17331
11232 28262
814 4295
3995 9903
21760 23420
5368 23648
14976 27117
1878 20313
1086 10876
11804 17676
2172 26478
22768 25228
6668 26413
8291 18032
25277 27546
10357 24684
20680 24326
19736 21564
6451 24904
12346 17542
1023 3154
7360 15721
865 14345
21668 24052
14896 14914
2740 18938
6903 20616
8290 8437
18876 27570
10706 23709
6940 23082
10646 22615
9940 15900
21638 26554
1 21695
3873 15676
11286 12954
23643 27782
16187 24158
18050 25977
7311 25035
4402 25028
16969 18428
4135 18466
8705 16972
9550 12214
10457 16353
7635 14520
4604 4656
9144 24075
9137 14576
5214 8039
9840 13358
17407 23269
25265 26661
13392 16314
1417 19291
4263 11766
14407 20586
7318 11171
1814 21377
18118 27070
15182 24952
6728 25956
867 22968
3373 18761
10350 25062
23710 24971
6350 9194
811 12153
711 11242
19967 21122
4507 9865
8285 28134
867 15373
13470 24056
2283 10029
4548 14035
12356 15591
8343 21849
17696 27726
8185 19487
10540 16784
5917 19548
4968 12852
14549 19331
5991 22690
5962 8554
14955 18738
3726 14886
15511 21919
14514 19699
5348 10560
6314 25083
218 19343
9966 22699
5689 9563
11544 18291
3039 12954
2227 7798
6927 26158
2518 22553
9732 14269
2445 5877
1896 4581
2548 8876
237 20230
7523 9250
2427 10076
6488 6789
2606 26418
24723 25230
18454 22258
4037 26373
8073 13624
10321 15912
4658 18843
16276 27301
20605 25528
11473 26892
10707 23967
4004 4517
5984 8318
2671 21236
7438 19714
8781 27350
14437 27016
15684 28058
4085 12742
708 18220
1344 9486
14572 25542
7991 16811
13991 26797
8081 21612
9881 10420
8089 25838
4648 14958
2518 12228
15505 25172
20162 27458
16387 24061
11225 25122
19896 20245
3323 18740
4496 22193
8188 8890
14309 25908
9361 13025
13024 25906
11880 25081
16228 18873
11580 14181
11073 16676
17860 23253
20 12596
11294 12204
17813 21326
10619 27123
5978 27795
5665 18972
9753 24460
8229 9903
21382 23188
8376 10701
5751 14297
6794 8961
1710 15442
3173 17975
12032 12590
1950 11143
8145 11599
6876 21787
646 17724
12105 16984
2929 18548
638 10916
17637 18945
2466 23658
18958 23106
8508 15952
8706 9951
22390 28082
7031 17963
9881 18155
7945 17211
21811 23963
4477 16253
12161 15967
2872 27117
15384 27676
3098 18985
487 23721
2447 5222
7524 19374
12086 17416
2882 19102
14452 23143
14568 26452
19192 21811
5364 24262
396 3997
4477 11207
9180 16459
10370 18830
3300 7205
4689 18679
5204 5827
6968 15251
12120 28175
8753 11521
14549 28108
188 15130
9279 18521
18678 22734
8357 27514
16842 24127
9741 14657
5960 16344
16901 22425
1320 3495
3198 16683
4295 21935
18232 18670
3472 7160
2767 20657
16261 23143
6669 19415
425 8999
6525 27974
5538 10624
5480 12829
6994 9762
13725 21438
8491 18669
15137 23181
7073 17562
9782 19329
12226 24255
23 17730
7668 8852
23059 25108
288 574
2005 25560
6761 26666
21026 28039
4774 19314
7743 22262
9021 15837
6215 14468
18527 24611
3449 21688
14117 14427
1045 1302
245 9881
11342 11452
1604 5815
1362 26570
8508 26958
10242 10952
24659 28077
11686 24774
10047 19827
9962 24136
2934 17335
3463 22199
14755 16322
693 21506
5962 18824
8654 20184
2354 22119
6064 18631
275 11009
6881 7850
10572 11757
20480 25083
9713 14632
13788 26092
14012 14120
3354 17507
5095 6498
8872 10270
7508 13832
7360 7945
19088 23520
10496 26753
16784 17433
11710 25278
4595 16656
2965 8597
7706 20144
318 15464
19382 22842
14255 26497
11747 13261
8396 11233
15741 24061
14999 23734
14120 22696
16640 22511
24513 25042
10970 23509
3306 26193
925 18160
15549 25735
6888 17644
13370 15282
22184 23455
5435 22726
340 2037
1876 7434
7672 25088
15052 17015
6426 7802
1105 20200
478 2646
11830 26552
2771 17404
4315 22430
2818 16439
787 8878
13243 23910
10308 24121
8443 21366
4178 8718
9014 23619
14228 25219
5829 10075
5083 14889
11300 25151
2185 24971
8824 21756
12755 25980
5786 11780
21843 26044
9214 21801
9605 22939
8456 14794
5344 13564
12982 27545
9043 18790
12356 18744
10600 24218
6230 7952
7491 17699
2031 4112
1590 20669
23376 25097
4117 16370
4514 10035
580 16905
19139 20657
20092 23399
5149 15036
2856 5226
11059 25807
660 13362
9354 18618
1066 11997
21725 21988
705 1872
4627 27746
12227 21505
8605 16530
6182 6823
20424 22425
16555 19544
13233 27102
5919 24746
14776 19441
15426 27788
6065 26604
473 21723
1026 9998
21275 23584
1042 8356
7007 13002
10047 20441
430 1925
7409 10434
1559 13468
17191 18799
2040 13613
231 3808
2983 6722
11262 17103
401 26528
1197 13570
2163 6527
5327 19712
15634 25329
9252 24167
9012 18123
5944 7355
2474 8566
9438 20029
7092 24750
16867 23143
2510 18215
6773 12026
8751 17893
1510 18439
1979 14203
11087 13087
1975 20537
13405 22254
4339 12538
6738 22885
8039 8753
9573 20282
5229 24200
6514 16748
868 18095
21902 23044
7985 19480
8739 19819
1659 11450
10569 22240
2205 22992
16803 23126
8261 23824
7430 8730
192 5027
9560 22230
9398 21097
6661 12164
16609 19705
11319 27531
9377 24415
656 26901
12260 12570
3456 25779
13004 15493
7576 16956
3993 26421
6765 23193
1163 1786
4367 15830
14156 21505
1517 6600
4192 6605
6728 22835
19965 24457
10948 21987
15410 17364
11251 11571
15481 20019
127 16955
1772 19717
16222 23043
9038 18309
2692 9420
7577 22421
9776 20565
3337 28056
2817 12871
4090 10358
709 2396
13250 27989
9342 27035
2491 13224
8893 9004
3856 19337
14418 20424
6749 14520
17678 20008
6636 19548
24872 25923
13600 13798
16550 18996
3638 17735
13624 28109
5295 19092
17892 21904
1853 7958
5102 11049
6495 24748
11073 12628
12472 22824
3892 6914
16103 18797
1555 20800
11562 25534
6736 22267
944 12983
21113 24062
1958 4248
3995 12982
5284 12945
13244 20008
1590 11059
4609 26257
11711 13662
15007 28224
16564 25704
6930 25118
13462 21423
4868 24412
8412 15647
9210 20181
16939 16956
727 27633
8075 12587
20051 26691
11260 28157
13984 24415
9940 23873
4753 5691
3683 27105
14697 21254
13492 19347
425 8416
10287 16184
2293 27788
2776 7069
26262 26992
12614 19584
9710 18819
16177 18827
6533 26753
2449 10800
1399 24870
15251 18482
3870 12776
9767 12031
4972 5485
23843 24313
6120 16201
353 485
11786 23110
23266 27185
1171 4660
976 26620
24202 26628
7483 9206
2191 24336
23563 28142
396 18538
9465 22091
9360 23534
6868 27129
13479 16766
14520 21293
2762 20152
18223 22548
867 10672
18128 23516
7382 10821
10130 23854
4582 10343
10839 16989
305 2671
17827 20989
5857 18211
22866 26812
7453 13789
23225 26923
7467 13841
7202 24820
8673 11929
8148 22455
7950 16955
10195 20053
11809 21058
6841 18300
337 9404
12890 21673
1589 8438
8669 13471
813 3901
7000 24384
15679 17714
5930 18413
1174 8057
7387 12918
345 12261
13444 18733
25453 27016
13661 22613
3762 7976
3890 5731
19095 24354
4509 7098
482 1948
4878 14304
7858 28249
8514 24559
8148 18350
4919 19463
1948 12973
20644 22329
2159 21008
439 8994
12848 23997
20258 25781
23963 24539
17146 23524
872 3027
24467 25713
8556 16467
10242 24294
8045 26200
6239 17963
7070 7480
4010 26640
3609 17930
950 20624
14631 23602
12346 16150
130 1614
5104 11102
12510 16223
129 20319
1925 12040
13779 13888
967 15572
4483 16794
1487 9989
990 14330
10394 14681
2298 6899
13543 25786
18630 20465
17626 25780
19061 24744
10839 11867
23024 25345
180 10337
1335 19371
396 3285
12536 15421
10463 15903
5702 16624
2667 15806
26074 26684
15480 18185
25121 26989
4436 4646
3705 14853
1830 23472
5663 18457
14017 23559
14689 26998
7468 26846
1466 13059
21333 25156
113 25039
2479 11199
8062 9741
4201 7497
5082 16006
8708 19705
13502 26866
7375 18050
3793 16629
4123 18373
22334 25953
2518 20235
17770 24876
9907 19931
19642 20776
11236 24391
13899 20007
25344 26379
3571 13609
1314 11674
1542 25650
14995 20876
10160 26127
7228 25712
1575 2526
1223 19952
3801 10540
15422 27658
17250 19601
4831 6968
17549 19917
12554 27579
18584 19331
13047 17818
3379 15335
257 16053
6426 19601
4904 25384
17757 25910
10225 16276
6407 18760
1859 4254
13426 24553
19091 24934
23180 26974
17094 27350
11804 15141
7007 11668
7820 17630
3512 14016
4906 7975
16727 18131
8148 19829
10990 24068
6108 14980
17180 17703
13668 25910
1579 18521
16053 24344
9523 21882
18627 22885
8533 21797
13536 14108
16664 22845
7736 16656
7746 16439
2325 17990
15892 22782
3374 26281
9739 16859
4792 24828
21404 24841
16351 27660
11095 23345
1 26277
6737 20227
11295 23825
17097 18249
5292 24789
13064 25727
22340 22390
2961 25343
1117 26405
14586 16656
7263 15732
15404 17726
9136 10828
8957 12321
7236 23799
14140 22892
8959 18412
8416 11444
1603 17393
16907 23703
15619 25842
5429 20354
10523 27556
5435 9412
10952 17117
10128 25299
2616 18883
8428 10309
2518 4557
137 12323
15315 21464
8399 19064
776 20221
4650 27042
315 26920
2447 26324
3522 15731
22044 25300
10822 19998
24040 24569
9814 27879
1888 17773
588 1795
6639 6798
2894 27462
4051 21919
6800 9012
1223 23503
3674 4640
4468 26134
15732 18181
10357 18784
1324 22672
13969 24149
7736 10325
11727 16722
5721 13257
635 19134
4556 22869
12346 20504
12364 17316
3104 10300
12487 15597
2494 23457
6065 6129
2677 15942
6741 26892
17418 21490
3357 21111
2816 21222
5481 17857
14167 24104
12083 26235
4606 19018
2627 25977
348 25330
2728 26580
10238 27279
2379 22613
11809 20008
14402 17302
10844 21615
18779 25287
961 3652
9253 25636
2735 15582
7205 23608
2239 20538
8964 23372
20554 25716
20103 25509
11599 13343
7361 26945
9110 26200
18791 26590
220 19615
14742 18510
10795 13783
2767 16284
21730 24629
5371 9378
15916 17938
2525 12349
8690 27594
608 4581
2779 6094
15882 23075
10951 27835
9201 16894
544 27988
4142 16219
13436 20087
17075 25854
4304 7998
9341 10489
3993 26092
11937 22301
14513 25525
2288 15464
4967 9738
10018 27146
14470 23907
20136 21423
3488 4091
11028 26097
10961 14102
5435 25329
2730 28166
7061 17999
13428 27218
1860 12683
18099 23553
2291 7813
14634 22468
5618 27795
4520 13916
4717 10390
18599 22497
8048 23698
15076 17907
8498 14276
3947 7975
1651 6695
9239 22889
17965 18631
1622 10487
11439 12291
19832 25689
8921 18361
14893 17167
11783 14456
638 18938
4 23757
10653 25187
6377 22015
27423 27835
8063 24289
24610 25155
4080 19449
19565 25127
7861 19555
14923 18128
8634 11609
23084 23522
15245 27966
17501 17730
1858 8596
11444 20749
787 4717
9208 18823
8588 20196
250 1440
18994 28224
15531 23911
2207 15672
9026 27494
1814 4316
16527 20577
8882 10612
175 13895
13437 27541
143 26123
22966 26907
15426 25443
1631 16910
1330 18181
9668 27539
6957 25559
1394 19623
9055 9065
10496 27758
7944 15882
5745 6182
1133 22892
22446 27719
7849 18673
396 23127
2150 10735
8293 8299
1575 18354
19627 20918
7923 23331
5466 19249
4968 23657
641 6657
18941 22679
20914 23280
98 6962
9676 15623
810 7015
8090 22550
9881 12226
4627 16083
727 24403
14697 20099
24958 27900
4142 10935
12311 23376
2518 3734
1570 19136
556 2499
16025 16979
2186 8667
8394 15919
2810 11295
4899 6857
1254 20232
19410 26554
4941 22968
23134 23719
9986 26838
10737 22253
9552 25221
4751 11443
8799 14467
8337 21716
13368 21066
2364 15642
545 22814
3475 20400
1902 7236
9314 13607
4867 23709
10050 16984
5403 28119
16957 27387
6677 16504
22093 24398
20582 23722
766 20088
18769 25194
6127 11395
17817 21991
12331 12542
972 21695
9970 26580
5917 23882
11415 21077
8688 9338
20791 22491
9717 25882
17712 19727
25 22541
22050 27290
1519 5691
680 17647
6867 7881
10495 15049
2288 2517
22998 27163
24735 25365
17050 28158
18097 21736
3398 10725
20390 27958
1748 4623
8212 28156
8430 11080
5519 27842
4493 10839
10617 17094
7750 21712
10507 17566
17847 24122
113 1263
6074 18438
8715 24061
4836 17695
17513 24280
16581 23628
5609 26438
2518 19639
21347 24997
8081 21076
1936 11078
6453 14469
11678 17027
12538 17965
3872 22425
5728 24884
5611 19390
1112 16881
13091 19639
4585 10429
5925 21891
18735 23868
3296 16687
10974 17220
1142 6620
5060 6609
664 12397
7010 7590
4974 13022
8831 13461
10292 25390
5078 23036
300 14257
10800 27042
4251 19813
2631 16656
6489 23157
6446 11229
16887 20232
7798 17556
23648 25107
8168 14384
9563 22040
13293 27990
7707 12559
4711 20162
15441 19132
4209 17224
17033 18208
2712 4218
2615 20282
17022 28082
3738 20849
15401 21987
8100 17434
4567 23657
7966 16589
7368 24878
10504 15004
9296 23608
11875 21811
1119 19983
6462 19566
3732 17329
14829 23174
9847 26271
22650 25755
3401 11772
23693 24343
6891 26516
7066 16467
2250 3446
9382 26750
634 17878
874 4121
8219 13078
19392 22997
13513 19240
5617 16216
6871 22605
10981 22409
22475 24422
1925 5801
1181 5741
14748 28056
17015 23218
2236 25739
18300 27974
10884 11093
13318 22902
6227 22930
3694 3810
4435 24448
2587 23540
8277 18074
8811 17320
2474 22976
10015 14330
13422 23574
16131 26982
16919 24660
12501 23517
4176 9732
7396 9391
4226 20046
5288 11078
2204 15747
6954 11592
4273 26955
4004 23066
1748 12091
183 23060
23474 24405
3342 10953
13689 17014
7387 24485
2635 26687
13344 27309
17990 25013
396 5219
804 3201
23377 25547
1197 14698
20061 27655
6268 18305
5446 23435
25504 27541
23608 27795
7923 17998
19737 26098
10050 22689
8741 21971
765 6104
17483 21680
4361 19068
2848 16303
12291 16512
652 19617
2664 9915
3710 8807
259 20754
16305 22445
545 16279
5540 27290
16640 22894
15746 16962
9312 26141
4054 9897
3741 7882
4549 10090
23496 24503
5912 20083
18679 26312
4003 25678
5048 24298
2535 5687
13736 16734
5709 10916
24869 26638
4524 27795
6596 7758
6431 15432
17238 22033
13816 14519
11430 16228
4964 15257
7523 25272
8112 20564
193 6636
8411 23678
16222 18772
22453 23342
1294 21590
1049 24279
13424 16914
3810 3828
10924 16838
6489 12474
16839 21915
10555 16765
7648 8108
4039 20282
1904 8857
1 3490
3400 13455
5890 9980
7804 20204
6494 7160
1200 22222
4218 7316
8405 10428
813 12377
4524 19813
23143 23793
10787 16216
11314 11917
7183 17637
19148 23831
8547 27914
10224 26740
1701 11286
13992 28108
4181 15883
5263 25083
1421 13392
9020 27222
21896 23947
5513 10495
9590 25309
11071 13421
2121 13710
12428 15725
20876 27821
16701 21835
2518 16910
2324 3646
7550 11496
14828 19171
3286 18528
7410 11444
16878 28055
5041 23278
1061 3125
14767 26640
1940 10274
10701 19657
8656 22787
25416 27730
5716 12145
2336 13313
22536 26477
3469 4090
7678 9327
7029 25982
7147 7523
8122 22787
15668 26027
1431 25287
20909 23573
7900 9137
5181 6973
17733 24425
8044 25569
2929 11521
7188 18206
5387 27222
14826 15397
23928 25863
12044 15074
2334 15122
7194 15926
2733 21436
20018 24151
18738 26260
6045 23973
13392 14541
1719 7411
14100 24830
3700 19171
573 21254
3634 12709
3698 10346
9568 17649
9022 28099
5864 8567
3446 8465
1688 3643
13003 18870
2767 25336
6385 14704
9999 13101
9212 13186
16562 28051
16018 16672
2235 21873
14672 27211
1852 3622
4325 5378
17140 20100
11232 18921
7331 17555
523 3521
3059 4099
7490 26289
2623 15190
26148 28026
1361 18594
8785 21649
2087 9194
22483 22790
2320 12087
18217 27646
8128 12139
11331 23024
11997 19494
6857 20150
3591 9185
2086 6079
19972 20370
16401 17914
10189 12805
742 3329
17530 23608
4251 20115
27344 27856
448 2785
6801 27660
18541 26077
12128 16584
13106 15645
19109 20939
1978 10146
8062 25287
16784 23931
4893 25472
1287 16560
2958 11416
9899 15957
12805 24351
595 25311
5894 26517
9006 21855
6794 14095
425 12023
7548 7950
1590 11004
6886 20036
12726 17902
2206 16516
11010 23024
759 23362
15751 21707
8908 26074
6453 23442
10320 20951
8891 27478
20667 27448
4335 20648
4328 18669
20008 23679
10003 19190
1600 27170
14378 16094
7328 23725
12452 18280
4024 18315
2206 6454
16288 19247
4548 12257
3628 6939
10234 10634
9280 26654
14959 27042
8757 9575
17423 27078
11493 18630
11916 18738
1635 23015
13078 13820
3790 24096
54 20427
10075 16947
4672 25403
808 16422
2518 24611
19532 22391
8129 22471
15569 21980
7514 9491
907 14474
10239 22356
199 22182
10054 13591
11185 14101
26498 26879
6097 13282
4999 18041
1937 7002
2530 27042
4820 7365
7114 22449
1933 25555
4289 15749
3734 7582
4293 14758
4295 9080
19901 24731
10121 27146
19016 27910
12291 21409
20841 21821
12260 22080
11439 24395
11535 25830
11146 23686
22338 27913
1266 14021
11369 19139
10937 18454
2227 3117
22143 25034
3947 23372
4720 15511
2128 12037
5659 19192
16584 19614
5656 18138
1473 11529
6127 7549
2664 25713
7362 18211
1477 8707
18617 27498
9178 12992
16045 22034
11614 24040
8720 9950
21094 26706
3287 9050
3848 16124
3944 7144
2344 11037
2410 18132
3801 20658
11720 27624
6222 14464
2611 27821
10476 25965
19915 23640
14728 15548
962 17443
10592 22317
25368 26298
17473 27011
13313 25559
15792 21707
8862 9396
4990 6138
3202 8296
1351 15725
23915 26403
2529 21049
22467 23264
10175 26817
4573 6860
1292 7997
6518 16284
30 20523
9038 26744
7982 20758
64 12632
15878 16874
22760 23426
16679 25299
6738 22835
3354 28116
11262 19818
2379 14519
16547 28014
5001 13810
731 1105
3869 5786
7519 28232
15897 25504
1388 17013
9532 10547
5782 26526
5113 25011
4237 26154
4646 15180
937 7584
23423 26838
11279 19710
9795 21798
20376 23133
1508 11030
19301 20913
1468 25397
2413 18079
9176 21774
18669 24185
5923 19712
1501 12432
2031 10176
13277 22240
12606 16901
11983 23034
5477 26686
21810 26464
3872 11281
5458 26787
8956 21730
9424 19601
211 3564
6196 16713
1878 26997
11518 16475
13699 17423
18905 22692
3592 10023
14648 20115
898 6497
5241 18319
10060 24324
4477 5916
22479 27611
1435 12312
8959 22561
5623 17803
8236 20899
1067 14439
5212 12369
7798 20995
7867 27811
11878 23454
6256 27096
6065 20145
5071 14552
22205 26077
17216 27294
1462 24904
6267 21166
19525 22038
15247 25034
11692 17965
1508 12241
4693 15446
1036 8969
6767 11816
4537 4798
1645 18561
4496 22461
8516 21798
16619 20370
21126 27719
2724 27324
7455 15543
17 17777
6673 20363
1226 15543
453 14817
21079 23915
607 27578
14827 18415
10917 16161
3589 9065
7852 21811
4218 22112
9141 12918
5997 19092
10783 11634
25308 28134
15344 26951
3446 3819
8238 10234
4949 9065
1535 19367
5878 16642
2387 25220
5007 25986
1628 20480
15158 25260
4141 15190
4925 10731
5691 22654
11444 12399
9678 11341
10039 25622
13711 26397
175 16957
20133 22421
8817 25997
9799 20328
18923 19153
12860 23963
9038 19747
18878 25757
1349 5018
6398 20871
16052 19199
3388 24200
3359 25519
6549 26846
1851 12626
9421 12835
11204 25036
12521 14792
2042 21831
21857 27541
9996 10230
2186 26825
2795 10646
4497 25838
4388 8855
1565 16292
16943 22462
4340 14511
18909 24504
7664 22106
7935 25810
21673 27243
13814 16131
9048 10721
7320 13779
2205 15814
12792 14920
10270 10302
20425 22939
4245 9305
15355 22581
20747 26014
13981 23279
7907 15302
22550 24636
1281 2136
21391 23861
19739 26503
3950 11722
2087 20466
782 13512
16850 24393
3354 22378
14979 18051
3354 16276
944 20458
11417 14673
3553 20969
7866 10194
1291 1878
3768 4582
1365 22012
5691 18280
7642 22309
16570 21735
7435 22545
1343 22714
20507 21798
2597 11334
3832 21279
9809 24149
6216 12792
5485 15539
7976 9008
4097 4454
2012 27479
14566 22994
16431 24487
4581 7987
10674 21369
3201 16264
15141 23361
11883 26448
17769 22591
15493 27813
7820 14393
7923 13965
13493 24659
14445 23187
11456 12102
8770 17341
22778 25509
3337 9682
11553 26131
14989 24774
11059 19745
19817 26710
2886 3795
3390 21798
3070 23703
4244 6209
867 8990
2491 21057
15883 22481
7111 24608
15729 17133
17032 18479
10587 14398
3102 5889
5760 20734
12032 13119
7091 8749
25879 25991
17250 25229
10714 14845
3762 25336
18782 19779
202 14606
19744 24224
9680 20267
16291 19398
12266 14671
1782 2466
12993 18128
214 11087
22897 25487
3080 13711
9007 19742
3545 20069
5989 11368
3463 15282
8850 23608
2953 7802
3542 14176
2778 25263
1342 21719
4970 22925
7058 23177
3254 28045
3743 13581
5767 23015
2522 9634
280 27278
21356 22345
5731 8949
3039 22387
9816 27966
9895 13583
758 2929
18166 24209
17101 24061
24800 25986
86 9103
693 23922
1126 19857
151 17695
10720 18003
933 24790
1952 3187
588 27795
1140 7867
13024 21665
4588 10137
11836 21696
3463 15241
5774 7607
19145 23415
3141 16823
3804 18241
4514 5588
10936 27170
748 9680
2670 27923
4902 26517
3784 22990
21962 24379
8730 24357
17608 24720
17323 25800
5996 16472
13492 28272
1155 5364
21300 25421
4326 15721
20805 22581
2864 23060
14894 24061
12361 17404
8696 16178
1124 12121
10487 14559
4165 9795
2304 12649
6426 21649
14380 27987
9642 19089
10624 20169
1614 13534
396 8781
6528 16442
10228 18853
1394 14537
474 669
17742 23600
7264 22495
17445 23167
5943 9720
25174 26902
15920 24057
10388 17530
3947 20004
2841 24415
18775 20304
22425 26061
9290 18029
2657 9662
9696 15267
4061 11945
17763 24741
21300 27032
3095 20457
9864 20781
11295 25537
11580 16471
2462 3413
18461 26077
26313 27795
5538 23722
2798 23874
15365 21616
289 14158
21620 23547
8075 11022
8075 19511
17370 25397
12215 17057
106 17383
3198 27030
14969 27173
20078 22019
17804 27104
807 11529
705 28273
7005 12033
113 11378
2925 17214
1697 9205
14969 20479
78 15943
8841 14559
7768 9788
5194 10357
3734 26321
12346 16545
18792 25595
12931 20441
758 10449
6045 12124
21160 25550
3872 4623
25403 25617
18520 26078
3110 15669
17061 24904
18798 27849
13619 26561
11036 16619
1210 14632
2981 25306
5527 10419
5585 18823
8048 25306
10490 21888
12748 16045
13686 14464
23197 25759
10861 14691
2556 9784
8695 15734
2813 22981
7410 18669
5906 15251
20996 24922
3709 8963
17257 27243
12558 19468
21123 21688
1904 9933
1900 24908
849 24056
271 17641
2667 14160
10700 21831
14134 21747
8814 23696
8509 9934
21240 21516
19594 27871
8457 18141
850 904
1135 18663
5301 7079
2385 5198
3098 16794
3922 21572
7382 27136
5691 12908
19878 25498
9524 27966
7144 8285
18876 25922
18955 19691
3501 27844
18443 24023
1545 7247
3269 7313
22984 25097
9889 14381
3916 4395
6495 9518
6046 22015
495 4101
5270 13393
6843 27497
1925 25688
7136 22465
3197 23074
16547 21025
19004 21637
4834 6196
19254 28257
12398 16212
3501 12408
798 27619
5710 11875
7407 19358
770 5913
3285 11515
4408 27529
14471 16489
19147 27422
13756 19185
5945 21407
11637 14344
5890 10813
9292 25847
3000 13492
5984 18678
2745 27982
7512 28044
19567 24403
10535 17273
10177 17257
11913 12773
5 1971
3859 12538
9017 15189
1429 14288
23577 24720
763 1495
874 3594
10896 14490
8364 25090
22521 23311
9033 9141
4646 13707
17141 28099
8113 25697
7869 16372
12228 16928
5042 5797
3572 20914
6385 10152
11585 24955
17214 20823
1126 19317
1499 27009
14920 18296
11395 20328
22047 22901
20705 24904
1271 20758
2216 19056
126 22001
7061 25657
1261 23210
1324 20092
9284 20144
14369 15705
2724 3402
10643 26363
20427 20541
3820 16591
8230 18038
18651 19972
7295 26284
12358 14550
2431 11149
220 8810
7728 11748
10484 19633
11948 24929
4942 13283
16939 24599
1349 7120
5996 10617
824 16342
14534 18255
9234 16203
12887 20947
15939 19264
8340 25170
12090 27611
2689 21129
16108 22497
24415 25197
3138 21964
3970 14257
4192 12489
10061 26143
4974 11828
8011 12381
13741 17712
3944 21766
4735 20629
2632 27247
16471 21058
17492 23454
10813 16268
374 18051
12374 19744
4999 6470
2937 26260
17304 20196
19189 22696
67 3872
13818 20157
17120 20705
11977 26176
16885 27091
4971 5665
6816 13215
1878 21458
11692 16293
302 21296
18304 19133
14233 22087
9537 27882
11229 26113
10408 19184
1689 17534
8931 16224
10058 16453
6363 9354
9038 27904
43 9030
15429 18876
9603 27021
16098 19411
15062 19546
12397 23442
823 18690
9396 19636
4476 11128
4966 19512
5869 21598
9709 18251
6741 7878
538 2407
13905 15920
3873 13623
17214 17640
2008 21317
8972 19728
14763 16600
5832 13079
5123 27358
1911 11647
3951 6390
1638 15432
6487 22823
1936 23600
9286 19192
814 18371
7412 21831
3852 13699
7108 10767
9095 20724
14370 25617
11224 25611
13259 25487
9043 17207
21605 24294
2847 28044
16627 18278
16844 16989
14942 19773
5196 24057
17373 28278
9460 21856
3059 21811
11805 27123
14753 17984
3121 14309
12689 19728
10721 18926
18061 23371
22498 25366
6771 19724
6094 24586
2955 11553
10871 26545
432 8171
7031 19371
1197 23485
2667 7638
3296 14998
8251 23197
8247 10372
5128 12164
3275 24164
929 13173
1 1370
4448 23919
14080 23708
20503 20504
8749 15426
20959 22035
3147 26009
10344 17482
27013 27841
5876 23273
22931 26418
3446 4865
1526 5506
4550 19655
10485 22763
16092 16714
7496 9429
1263 9788
1775 13343
7547 27700
14024 21633
18938 22768
5832 13916
7871 23116
15708 22842
1633 15908
334 14809
6095 27320
1194 17894
4139 19714
6425 14469
2547 13934
3222 21671
2093 3592
2536 20092
5978 13298
14106 18592
239 8043
15305 22040
10391 24681
3666 9560
3099 24616
11494 24181
1164 26148
17700 18529
4930 18334
3504 27576
10444 16054
7354 8817
13251 22479
102 27247
2148 14361
12311 19566
12768 16720
32 24950
10089 27010
71 22287
6177 7820
18521 23696
11311 20849
9330 11020
25021 26156
5716 19857
14649 16231
3269 16938
957 15920
11725 12506
4041 11377
10483 21621
24539 25270
262 7830
2651 18753
3011 21853
11828 20162
3441 4078
25505 27389
10714 22892
12798 18820
4656 9219
22175 24997
8750 18772
27013 27801
6560 22100
4332 16362
22017 26878
4870 5894
4941 7751
1249 13313
449 14794
8265 24962
13885 22420
8730 25480
9086 17640
4004 12743
1284 16929
2518 11035
897 21157
7336 10552
10799 21616
9049 10454
7600 27024
22702 23683
6528 25538
13233 16424
5047 17484
10541 21418
17586 20472
4544 9638
1050 24522
2635 19548
8064 11370
1314 22334
12549 26115
15744 21813
5728 13125
12537 22740
16184 25653
13711 25725
3828 13810
18429 22977
7443 11118
6945 7873
17530 22425
3666 6931
7560 20067
3904 26829
7370 21515
2061 22481
1325 10445
16700 22049
2252 22127
18119 20046
20222 23983
6326 15037
4029 11254
14023 22471
3581 24543
2413 4489
1 25638
7365 19001
17718 26279
4386 19863
2743 18680
2150 14305
1165 2832
11409 18521
7498 19862
9569 12282
2134 18752
4140 20564
20008 22503
1545 25262
11417 26782
7478 7950
6826 16122
9502 9674
11801 12576
11375 12229
3739 27464
4082 20311
4448 8585
8219 11700
8499 24626
7566 27651
20433 27469
898 14168
10488 16736
17114 23598
7508 17454
11442 21735
750 3832
855 27746
4071 11080
7617 26848
4646 14393
10512 23254
16092 28010
14457 19583
19388 21037
5989 14633
2018 27029
11987 27390
8423 14975
21792 26824
1017 4559
21621 25173
10580 26162
4993 15868
2521 13545
24208 26618
16855 19601
11556 18259
22928 24387
10301 15626
13967 16626
2498 22738
6291 12947
17398 17963
1465 27805
11012 16742
21326 23052
13281 23576
3411 23345
15470 18947
20170 23864
5355 7802
881 21717
6800 20390
3994 18919
5636 16149
10039 19216
8806 20479
8806 18280
7357 8057
5795 7490
16937 27868
12674 23721
1253 5166
3708 18423
13091 24721
13530 21794
1365 7746
7202 14389
4336 18264
646 1181
6296 10672
8816 16713
5437 26087
10961 25301
6177 24136
2925 15241
492 19467
15392 26513
10660 11592
24389 27455
396 7758
11128 27227
16117 20643
11631 13832
341 2610
4523 26829
10260 10385
10741 17747
573 11118
18808 20099
1284 12210
12356 25085
15310 27080
3067 25388
6668 8096
17487 24451
1672 11667
14703 15575
24883 25327
19939 22910
8579 26986
14959 17214
430 10748
6355 13284
11562 16284
5882 19605
10853 21822
9524 15543
13994 28135
7213 11643
11846 15505
14711 22507
5481 23154
16953 23524
12960 25262
6395 21085
7307 9524
3188 27633
1761 13180
7604 27234
22954 24676
8357 12164
13333 20508
10740 18761
15091 25120
4181 7828
7350 21712
6454 9651
8301 27480
3113 12440
9358 12868
12392 20545
11368 14807
2607 17757
223 20906
9575 25857
8972 18374
10636 27510
16668 22606
7096 17859
1747 4089
2880 26136
21925 25986
3053 16964
3802 16276
11128 24062
12650 23929
2814 25976
5502 5797
15874 24277
9881 13346
9426 11953
1489 10415
13651 25552
17893 27987
20799 26607
14193 18717
569 1688
8430 20144
16890 24504
4381 27578
954 11653
5371 19401
3944 6789
2748 4024
11804 26181
4859 4926
6842 16245
10974 14809
9503 22464
8493 10646
22605 28170
8507 9696
10089 25108
2853 11806
19536 21353
3705 21079
17662 26988
3429 24812
1440 26397
11159 25773
3285 4833
20710 21872
10333 24068
14687 27808
11593 16113
18824 25494
11952 19846
22396 24904
5562 8432
22078 24240
7337 9479
10369 17195
5152 7368
22012 27503
10061 20876
1568 19270
3313 22290
15920 17281
11595 26057
14277 21535
12735 23518
7471 14920
1475 13047
15757 25838
8925 11644
20640 28094
3881 11552
15488 16118
14358 15734
8225 15421
10193 23970
11006 13914
5692 26481
18073 20166
1776 22587
3873 5716
13362 14582
7210 23422
27756 28030
20984 25552
4068 21579
1445 27442
2699 17429
2882 26669
5877 21899
4340 26877
6422 10344
1609 6814
1744 6490
8191 22611
12399 22581
12244 23762
6350 27449
1103 20758
7496 7893
2230 8451
15377 22020
21000 21878
10287 21296
15182 22081
2412 22940
26395 26585
9959 12635
1026 6511
21079 28194
12052 27949
3738 13383
11020 15267
25439 28157
6607 14728
11842 19112
9850 11431
20852 22901
5150 14499
1397 26162
14852 16911
14445 21304
22309 24690
6960 7566
1692 16377
7725 13343
2771 12506
629 6595
1020 17797
19416 26868
7451 23719
8003 14407
2446 7815
12954 22290
2324 7604
293 13255
9769 25081
5329 7984
14689 16958
1827 11269
346 23980
3851 24294
8349 9625
7869 17070
10449 22399
18567 20771
3362 26375
2547 10284
6737 9214
6894 16641
5089 26372
11993 24068
9094 27443
3828 23997
14787 17199
14907 16406
3381 25329
4360 6257
12004 23672
4047 13724
23441 23935
142 3919
1817 23868
2883 22827
7761 13679
4413 21573
3059 3073
1052 23274
4446 18669
21598 23577
8469 26085
2715 8291
19243 22459
3065 5194
4253 16372
14771 21079
9221 20398
580 27932
6707 14771
241 811
10474 26074
6589 9579
19068 20081
78 10564
2619 5014
11637 14743
13272 24622
22460 27320
8730 25990
15311 23275
9327 12735
5326 22882
24833 25105
17201 17396
10230 20226
6495 21567
16900 25454
8398 24952
7866 27555
16184 23186
3152 5609
20008 20355
13980 17985
1124 24830
3419 11634
10646 15117
7471 17404
22432 24347
18589 27312
3690 9320
596 23597
6975 26365
14236 22706
7075 8363
4386 5641
18787 22012
7523 8247
15216 15950
933 11746
6624 18052
881 24509
10067 15249
6079 9047
1597 15404
15619 26503
12207 26988
3666 22205
180 5461
4535 21646
16150 26407
5913 25121
1229 25488
3741 6969
2148 20633
5850 6001
23026 23832
8983 9365
8860 22032
2360 17075
11826 13529
8753 27608
9136 16865
18904 22088
11641 26656
1819 15866
7976 21604
11140 12271
15235 25906
11552 13863
9896 23836
1993 9978
7914 24901
24317 26365
10282 22784
21390 24951
4534 6345
347 24879
8392 20754
406 24415
9720 18318
17041 18128
18747 24966
22479 27778
10824 14513
12356 22664
19800 22470
13173 17456
19638 19843
23162 25287
5441 13875
9408 15808
12873 26601
18562 22930
6106 15022
18608 20674
17842 24784
5989 14112
7836 24005
10393 23904
21778 22242
522 24998
1915 19068
11311 20367
583 23932
2202 22864
20427 22446
12882 28271
799 6105
7342 12428
3264 20151
11262 18440
12763 19885
3885 17630
10639 16642
12356 18540
18820 21864
343 24023
7513 14534
9717 24837
5954 25181
20455 22140
3842 27677
10489 14697
23218 26945
20426 23932
8251 16575
13853 18876
2141 12766
20504 20687
464 5595
16411 26585
11276 27294
14745 17075
10937 27853
11133 16289
1353 25271
1936 23928
5505 21798
6420 24076
9095 16582
19354 20409
8455 11600
15597 24181
7882 14687
6475 7403
22415 24069
11248 11668
3916 7097
5551 14795
5892 27256
10885 13202
6937 20103
18965 21671
12397 20908
25525 26689
12796 24618
16550 25966
8899 22452
6857 10609
17838 21405
4166 5913
4422 12546
18670 23385
7758 9590
3644 18527
6914 19947
2872 16261
5992 13789
23752 24872
396 18950
2816 9113
865 18609
18192 22319
10330 24127
11940 15825
736 12417
7368 28101
2803 4440
18219 18704
87 24850
1234 11460
6891 13638
13752 20197
3005 14058
20205 27117
15096 23803
8970 15713
2938 15541
300 11045
11444 27527
1814 14778
18540 23465
6527 13301
4618 23937
20633 25683
11101 21735
18679 26823
581 22696
16901 19140
18265 25175
1506 6855
9563 19086
15918 25504
11306 18146
15282 25833
4407 25174
4414 21689
1643 23763
9422 25896
6427 12438
1953 2213
9675 10077
19300 27151
23055 24856
14215 17331
1785 27010
8478 17742
7496 12110
11495 19817
13970 22679
13428 19140
20319 25006
193 6238
4561 23703
17198 17455
19879 21024
21925 24415
9894 25068
21770 27296
19144 21224
18921 23145
1378 17047
7036 24459
489 10934
4021 23249
165 18280
4414 13013
5390 21787
3203 13472
1806 11092
14957 20643
8034 23518
5651 14894
6514 20992
1597 2821
15282 25091
4582 17732
4249 11422
1405 2173
14153 17022
11613 16457
22734 27121
8169 9228
6832 17286
11791 24298
22502 26163
8122 17961
4947 5849
19494 20171
1920 23193
3517 22775
882 22001
5989 13447
7524 18984
12495 26413
18615 26454
18491 19818
24122 25845
13214 17938
12030 25402
356 6957
15179 21516
5832 23828
8967 9194
20953 24934
4519 19618
20668 26180
15688 16047
11708 16411
5604 15834
12496 16987
2130 3951
12462 17911
18679 23254
812 10086
3769 5879
6479 22102
23428 28044
3609 4287
11052 19380
26115 26975
812 5609
12925 15585
13014 18667
2615 25833
1050 18388
10344 19191
14074 19273
5648 19546
14555 26702
9129 21642
11291 26691
20891 23295
337 16241
7869 19982
2364 24613
3570 19778
14263 22416
24063 25853
9424 21200
6393 24723
7205 8806
12437 21690
1761 11880
4699 10157
8150 13744
8134 26545
15284 25596
19412 27856
1829 10646
12573 27013
1417 17146
1843 23811
7568 14697
9442 10961
2876 7373
2332 15990
4550 6784
20503 22436
25302 26720
3700 19851
18924 27235
3467 9236
1925 27820
16766 23786
19145 22476
5699 21980
16594 22266
1713 3609
3069 26620
9293 24069
8818 10391
7719 17355
8051 12488
5825 28061
13450 27198
9842 26074
4408 14767
3613 14640
23558 25726
10106 12674
15531 17067
5877 17098
13203 25834
2743 16487
20367 25822
7205 13810
9991 15891
3121 24005
9228 10286
4039 10472
425 16402
1299 24265
7756 23377
21010 24855
11300 11987
21438 22040
10370 18065
14609 25160
2130 17842
8183 24723
15355 24925
8085 22678
26413 27152
5327 11997
8493 17534
6868 16022
7031 25049
11030 23553
2547 14377
1605 14316
4779 10504
14989 15244
10417 23054
6325 8169
3540 25758
11729 24832
19269 21240
17686 25657
6296 25039
14590 26824
3146 3448
8236 23115
11444 22920
3488 17530
5852 18272
10683 23808
3446 21351
4405 18128
7491 20125
1140 14752
722 12111
21094 24280
14835 25805
12754 20639
3521 18823
12015 27298
5270 27725
9981 19960
10339 20675
22373 23243
6994 17446
1770 17803
24062 26069
24412 27841
2003 24898
1211 15529
16955 27534
9077 26807
14701 21499
19837 23243
5960 7974
4979 20123
20657 23015
16697 26017
20544 27184
18070 22835
8096 15201
18826 21773
13359 27318
1200 12790
7737 17848
12921 26069
20417 21582
4993 7485
6498 19411
1885 2740
12954 25228
7134 26356
4946 13970
13192 20557
916 11544
7584 26486
11640 17202
8147 17731
16173 20940
5903 20291
20687 21886
20095 24413
11417 20699
14700 20956
10589 14768
11073 24474
3046 12489
16594 21126
14154 22832
5473 13901
5107 5609
10571 15311
6700 25335
25397 27923
396 11122
881 7497
19326 21409
8398 24804
7496 17125
19960 24371
7386 7839
880 8840
15442 21438
11657 15130
10137 15587
1289 8490
6637 7330
8757 14844
4367 9436
9406 16840
8236 12939
9795 17115
15432 20605
1622 23911
287 18462
5104 17526
23926 25623
833 3406
7323 16136
1 16152
17220 28044
9229 24659
629 17402
16098 16803
16276 27702
20705 24029
6806 17581
3988 6162
20922 23061
1830 21962
11023 11337
10876 14445
5683 13247
2080 15981
10062 20890
14771 21849
9997 22920
7590 11262
7437 22610
8296 15523
2852 18459
17689 25105
727 19705
867 4737
327 25962
14723 27458
9716 20258
10097 11963
11634 22321
22736 24828
9438 13944
12696 14728
4580 10393
1383 11417
16361 20790
7579 28115
14390 14559
9774 23340
9558 16884
5266 23730
4699 14074
2031 19757
16233 18221
1958 13937
19675 26277
6936 20151
9470 24068
6883 23455
7101 25160
10846 20173
16955 28235
10052 23372
18818 24854
3740 26338
11569 20795
9999 20343
14400 14443
15415 21578
8309 11657
5528 26622
2715 16357
12779 24521
18004 19810
5525 6051
4196 16369
19308 23645
21061 27002
14753 22184
25236 27308
5081 9847
8665 16428
7950 19155
2946 18406
18308 24862
4732 17592
4127 5667
21919 25086
12228 18304
14635 16683
20205 27221
10432 22230
7142 12759
17375 26269
18321 22650
11641 23432
4685 8498
15220 27313
16943 24904
86 13681
13261 22334
2818 21084
3121 25636
13890 21438
6005 24591
2104 26265
3467 23502
2639 13132
5657 18567
17176 26077
9727 18649
22814 27811
9465 27746
8251 12069
20661 23525
22089 25617
2760 19467
1606 16972
8718 23966
1068 3425
10837 10889
12256 18911
20794 21590
6637 9192
4818 21628
12183 22536
20667 26686
1360 6646
2518 15464
11457 16338
8368 18947
3987 14080
2369 18906
5386 15519
1779 19425
8988 26097
7523 21913
11537 14197
1074 24934
17686 21058
13404 18749
16955 18669
14010 17963
6550 25869
12764 22954
14344 17692
1275 15426
295 25813
11987 22966
16037 22040
14542 14544
9356 19967
24521 27698
770 18463
7701 10842
4422 10767
8295 8931
482 6633
2606 15624
3400 9368
3047 11868
10369 21577
25015 27638
5626 22295
1425 14445
9067 12565
5109 7362
23555 26531
5004 11494
13038 19183
3073 13713
11092 26152
2270 23499
7893 13314
14666 23672
8396 18011
24274 26261
10899 11034
16026 20998
4719 22031
25876 26187
270 20980
1511 8971
13683 16557
379 15890
9095 20563
7857 10364
1181 20509
8855 18003
8891 17733
6545 12755
18665 25461
8983 22402
8500 15302
7552 18022
5775 10027
2324 3454
13764 22785
6225 9525
13032 24892
17251 18076
22036 23318
6426 14219
7595 26413
16640 25899
3059 10254
10292 14513
2283 4671
7881 10030
2452 12244
7361 16371
15345 24674
8770 9670
12577 12895
10358 27610
10090 27553
1107 20376
18192 20633
278 21091
4080 22640
15536 24854
8544 26613
689 15621
4532 12489
10231 27513
948 7031
2986 3147
14242 23606
4422 17721
4268 17846
3410 9404
396 1730
3948 12396
199 27118
1 14603
3147 14036
12552 22427
2096 18051
22056 26625
3608 6888
1026 25116
14240 25230
22649 26476
5139 8162
19390 21725
16362 16683
12089 16793
1900 2245
13686 20230
6331 13207
13142 20310
9460 10061
9179 21258
23615 26404
23892 25276
10799 23223
11184 22114
3329 28194
9465 17507
8807 24550
21377 21829
3798 22670
22630 24828
2031 4443
188 5214
10350 25009
12397 14724
4386 9921
8054 19830
2646 5196
14604 21861
5387 18958
8529 9593
8864 23915
2330 11850
4717 18423
6490 18381
11030 13282
8947 18684
15477 23932
1793 12411
10714 15128
11080 23652
8478 26303
6936 21641
457 7003
8280 17745
5326 17993
2029 23671
11193 17509
8390 8669
1020 12373
16904 23464
24739 26085
12732 24088
6252 27265
15185 17003
14719 18084
15297 25925
9550 22791
18816 21971
9250 25781
4127 5007
5485 5719
6252 23768
17366 25590
17823 22845
9035 14844
3828 3833
251 5570
2664 14099
11569 12170
10464 26573
2333 13256
6758 17474
12452 25229
7033 18153
8939 28124
20599 24717
21828 22322
8898 9252
2807 14050
2087 10747
9129 13805
25432 27129
19777 19884
15561 27631
16547 25329
5234 19976
1101 1487
10223 10362
9631 21674
18704 27584
396 27795
999 25432
21244 25042
245 22889
1761 3665
1129 1704
15619 22865
7962 27091
1516 16490
5 19454
8429 21058
794 8396
1033 5451
8441 16288
17763 24411
283 9978
7896 10428
2654 22031
2024 15792
22592 27002
530 26165
20096 27276
12358 12376
4295 8249
3110 3239
2710 21728
11755 24955
256 13325
1854 2211
3689 20496
10137 18147
13374 22670
660 5309
4408 17525
1412 10560
11539 19686
12377 25083
8715 15668
9067 17819
15370 25107
1015 11880
4929 16984
705 4331
3734 14672
10248 15026
6914 12367
7202 24953
11319 28195
2929 14464
2456 7420
10616 14599
14851 24659
8014 9630
14264 24746
10350 15676
13542 18644
19242 21849
16082 20339
10744 12991
15286 27739
1442 27595
4823 23189
9747 18665
1311 8066
9367 10876
9915 17657
10792 19787
16582 24193
3912 16253
8352 18315
808 24940
3872 17239
1091 8208
17238 23489
10122 18953
15847 19293
6882 25321
9988 21223
2044 13171
4162 7225
14033 19537
14589 24659
1010 18369
13381 16497
86 6560
3778 5219
340 25274
7349 17543
7758 15552
18639 24061
3648 11541
825 7828
27594 27835
5900 9699
3147 25476
78 10444
3825 21438
3063 7205
14758 21014
7362 15508
8824 11640
7635 14033
21654 25547
1878 16563
8329 21156
3371 17585
3897 17153
8924 13422
13689 16555
1240 9191
12124 16944
21887 27365
4938 22815
7881 15695
6559 14707
12879 24412
7224 19753
12546 18136
5852 10837
9315 19701
7903 21679
1519 3197
2981 5267
3513 4616
314 4498
5057 12979
15816 23590
10060 25986
15733 25929
15348 27984
1933 19047
6972 14918
928 28089
22814 24762
22783 25121
17543 21449
2637 23902
14209 27312
2212 11244
16855 17965
3149 24520
18379 24445
7205 25083
11476 23898
17597 21559
183 3287
5485 7615
3362 6846
610 9086
25197 26587
2369 23362
4332 6188
16919 20816
20195 25490
5587 5984
15494 25402
16965 18632
16121 23754
396 22216
7145 27373
2740 12562
2172 5291
8922 24651
3114 27727
6055 26851
16456 18724
25109 26359
3789 21113
21123 24005
1604 12598
11471 17586
12660 24451
11365 23036
8959 22350
14564 17676
23811 27913
6958 8235
1217 19266
764 14584
3609 26464
5217 9494
21026 22910
9296 18853
9080 21952
19699 27032
9349 13105
11599 20477
7987 11997
5140 12135
17013 23522
3455 7571
3900 25397
3885 11580
2228 16238
23294 27604
1787 11295
3311 19140
3882 18888
326 18812
1030 22392
5308 11964
2679 10236
5262 11080
6147 20205
20312 21992
8794 14884
16905 22012
2344 19665
12214 25336
526 17415
18904 20240
11166 24671
1769 10575
8502 9369
19341 25433
14130 16653
3165 6196
2527 10707
23085 23372
23053 23061
4005 12439
23467 23830
1657 3780
13662 23040
12689 18374
20976 23365
9601 19170
3598 3990
12187 18669
10128 13736
17587 21182
12390 26150
1823 22323
8182 16603
13518 24317
12440 23115
443 8898
11376 18386
11936 25459
8210 12126
7866 15251
9621 25093
1527 2772
13603 14539
23388 24008
12722 23143
3357 23044
915 1181
9683 27034
19566 23608
5681 14507
6738 24876
3417 28201
6916 18774
11811 15443
955 9654
486 2075
7955 10800
16464 20986
6871 25321
5128 11115
5943 26875
7213 15077
12549 27165
2797 16222
11296 11952
18357 21737
14633 15808
7881 20061
7497 10282
5196 24638
14150 27455
2018 19669
9408 27269
693 23935
9563 19712
3234 17397
20078 26636
17607 26865
600 22120
25524 27702
1052 9600
17209 26703
1870 6910
16923 26690
16268 20778
1349 19640
16117 20758
18265 20885
5589 14137
10966 15178
5288 21149
23693 25962
8947 14355
17864 25769
544 4099
4537 26565
4395 9270
2452 2954
5982 10504
14970 22328
12930 27093
4568 17811
13370 23315
20319 23454
3080 22079
11143 23415
1049 18945
5383 11193
4288 5971
4964 6848
18823 21470
1375 25217
7368 15411
4233 4720
3512 18911
3932 15401
21800 27332
9252 13155
6679 23012
16212 22086
2530 19768
10215 24764
16378 23271
6270 10200
373 4450
2513 9797
1482 18797
8669 22016
16138 27923
6454 20092
3368 25313
1182 9141
5436 21476
16124 23929
10823 25560
25174 25834
24195 24507
12026 18019
2050 16762
17777 27780
16930 22031
3862 15621
396 9327
4332 26061
8970 21473
13029 26262
6555 25278
4648 16293
9082 18169
25525 26580
1695 22973
12277 16600
9486 25622
10925 16455
1365 14429
8856 11080
1 20208
8434 16495
9056 22395
4626 27612
6913 17568
11923 26503
1556 11143
24076 25995
10800 23469
9361 14435
7413 11758
11156 18154
2015 13392
6237 13200
16282 25750
12405 15920
8161 13989
10197 12428
12676 25580
9190 22025
295 13078
23830 28243
3442 20815
9574 24406
16835 20109
935 27999
4153 25219
2617 3263
9699 22331
8931 14449
128 24419
1504 15144
9778 26041
770 4767
22322 23015
4150 13386
9932 22763
13600 16870
3734 10652
6517 10652
16245 26497
8392 8931
2691 19877
8515 18535
3400 5691
11797 18354
6680 17058
25109 27204
4894 14761
955 11562
8437 22771
4904 15047
15610 27243
22001 24782
864 8100
4891 22775
9523 26331
15296 19245
1993 3706
14907 22810
6459 12030
23208 24862
18398 22209
2544 14503
18069 24955
7887 26591
8292 27015
15141 18721
341 9799
14784 26606
5540 23522
15166 15470
132 9819
3329 6560
641 24422
17574 25740
735 17605
7452 13357
1803 6332
4598 20048
4457 17671
12939 21516
18911 20510
20069 22469
10260 16348
19615 24637
14163 15857
18736 24057
14437 27042
1840 23442
10794 11825
16055 24610
5196 22440
3634 13904
401 23085
11629 14593
425 17892
2948 23326
2671 6169
2616 16185
21715 25204
9991 11260
14864 24836
5953 25969
15929 23805
11994 12875
25828 27001
9055 26728
15203 18875
10767 16446
26753 27966
5402 7000
6216 21352
9336 11786
5882 13154
1091 18712
3712 12656
7595 22581
341 6965
1740 19396
1443 5602
16859 21700
14559 16986
7746 14392
2332 2527
671 28049
13091 18400
9915 19410
15766 16709
15076 18408
5581 27036
3712 15728
5332 21053
25699 27664
237 19374
6144 15453
1507 12633
10023 17115
6334 10189
1858 10678
12022 21946
2576 25644
10935 16338
14963 16314
3446 12025
4455 10623
2532 20162
12091 21623
6531 6641
2455 7939
569 16961
11594 12235
17762 20670
7836 19185
9089 13232
7005 20577
748 18457
2324 17385
3878 14835
11001 20852
20142 26421
2850 20400
11634 14463
2460 22326
22983 27040
6216 9361
12790 16459
102 836
2369 8281
22340 25130
17907 21149
22650 25317
3491 13764
15752 19975
19909 26766
25403 28099
20447 27801
853 8104
6778 22727
5167 8544
13982 27899
4167 27467
15561 20857
1688 2763
10868 13716
1188 19857
189 6891
19496 21149
4596 4980
25011 26280
18294 21240
1068 22469
907 21145
11484 26652
22787 25894
8866 21264
10408 20944
2016 5267
8080 20195
10800 12538
3110 7443
1806 3791
21815 23900
17 13333
16641 22915
9060 22197
1183 10595
20086 27737
12994 15837
16276 21275
12661 26505
202 16439
7297 7753
17487 26851
3032 23785
8478 26184
10800 17857
16401 25176
8311 25439
5451 27562
12090 13169
341 20648
5359 8746
11292 20611
6623 24225
1819 5850
8142 17283
2039 4427
11360 11890
2031 24234
2961 22799
3041 23002
10639 23534
19445 23549
3708 26929
2412 11341
11525 22309
4051 16639
3882 10127
7478 17664
1483 5348
8799 11843
18791 20116
18280 20956
10954 20409
18778 28141
2473 10462
3795 11321
10060 26239
7099 11229
17632 27565
4135 7017
17155 23385
2852 14552
20545 26551
5655 7332
8817 25454
22690 23193
7936 25080
13405 20964
10848 16954
20504 26753
22322 27582
12606 25927
14666 23106
20087 25392
7371 18050
6478 20661
15307 19460
7426 10646
9236 16823
16318 20504
8132 22756
11463 19325
1519 14033
21159 23520
4671 15808
21614 26480
4695 23640
2274 22004
8220 27690
4178 24036
1551 22606
2696 13237
11340 12209
4416 21127
16269 27939
20813 21230
23553 27766
1804 22712
7191 14024
1306 20621
3273 11596
9680 18457
11831 24378
16452 16686
3214 6051
10218 13682
5859 13415
12874 20384
5314 27337
7479 14643
16767 18510
22506 23797
417 18196
86 22005
9563 18909
15271 17214
8368 19219
5481 10800
6106 27288
20621 21778
7945 11877
6601 8168
21843 24609
8528 17563
10393 18369
14763 23598
9848 16131
5142 23502
760 16184
7889 12723
14494 22517
12994 23029
4399 16734
11657 18228
6349 12677
3357 7836
2288 10146
6687 23249
7162 24326
14958 16293
11710 26851
6227 6698
429 15711
14010 27152
17442 21026
12934 19972
2619 7964
3987 20504
564 23243
13033 27684
6693 8863
19894 21202
2333 12113
3728 11369
10287 27523
20679 27016
6390 16870
4248 15808
23178 26562
11113 24453
3172 5309
11649 24274
4304 27664
17976 25307
9552 11659
388 23112
5533 11898
19217 22191
5728 13741
2170 17819
22919 24127
9318 17043
18559 19712
6495 25822
8251 14817
8085 9535
4724 25005
12709 17492
519 1255
10902 11149
9834 16901
9920 25803
18962 25291
67 14431
10461 21131
1353 3940
6008 12236
13802 21605
6672 22471
22783 25538
17570 18307
25528 27162
15863 16055
5691 8615
1607 12239
2884 4646
2118 18704
5008 26497
2708 19056
9895 10989
7743 9847
341 9095
15800 22211
10541 13425
262 2721
2586 21919
1736 10479
1141 13081
49 25425
7015 10023
1389 20395
8826 26912
5636 21178
9115 13484
2144 17919
1039 16369
5832 18460
9596 26045
18669 19548
9699 11152
18442 21841
7836 13756
7773 25838
10517 15697
14025 19784
27551 27732
6760 12994
10485 22598
7502 16277
2297 19846
4018 13255
1511 5528
7120 25412
6644 17177
19189 22311
1178 3533
7852 9582
8588 23593
14413 27408
2864 7200
15271 20424
6437 17280
20990 21359
4205 8715
11129 11322
1174 15666
9563 9730
9511 24606
2883 22202
2327 20008
15377 19861
2646 27587
27050 27726
138 723
5454 6865
11766 24521
802 20020
7497 15039
3002 16108
2605 9400
1921 7139
19239 27105
14232 22799
4746 22492
1771 19467
3700 10033
26053 27566
4849 19469
1112 17146
13618 15788
6177 11050
11295 13937
3231 13828
7320 16664
16094 18658
9193 21724
1887 7115
426 20441
11335 16531
7053 25017
11754 19909
21182 22202
12735 16360
5681 10826
1373 20355
18224 23330
20706 26432
9738 17779
1400 16092
5107 9974
8317 11859
16188 21263
14242 20480
12854 23177
5832 25565
823 24442
13410 16736
7352 14954
4586 23087
3184 5691
11820 14821
16823 27867
7473 16624
15895 20255
533 1435
19374 25265
4626 9252
3399 9372
1502 14481
7490 20813
4282 12785
148 23257
2708 12656
18679 27152
11504 24065
14511 26281
22227 24654
16489 27042
14997 15832
18548 25263
15293 19242
61 22474
7289 8628
8657 18272
19118 23207
8148 12680
12865 14991
7559 19984
10791 16766
9233 10342
2221 20224
18641 19560
12270 27805
416 13405
15019 21745
22203 24755
4977 26232
17369 17912
6743 7145
8939 18538
18425 24057
14390 20953
4583 23954
11375 24557
23315 25699
967 17672
3257 21766
12444 22734
5519 12388
1851 8450
5984 24104
2709 24367
11156 16050
11255 22536
22761 22785
7927 9526
681 17192
15477 19712
3667 6009
10934 13824
6278 8167
18463 19430
22468 24829
9621 13976
19244 25402
24172 27510
4672 12262
5710 18255
4414 21003
14246 22784
3239 5839
17550 18896
7152 20958
2247 12391
19166 25202
1645 19951
5711 24384
806 2943
21949 25692
11783 28070
2373 24791
24074 27653
2067 24939
13820 14088
11279 14033
11154 21855
7950 21269
106 27703
1324 10691
23082 24222
9496 20775
7481 12829
1942 26564
14064 22321
16694 19115
2157 3165
7529 17222
2347 23362
3826 14942
6495 11213
14145 26974
11763 16282
22390 23082
16187 17473
12433 27719
1843 13054
19576 20639
3019 7577
8708 27563
17435 18872
9947 16961
1519 10660
2694 9551
3354 15573
1085 2556
24841 25693
6574 16403
5033 19451
1784 21423
10168 25996
18412 25751
14390 27016
16309 21206
1153 11659
6173 17060
17077 18708
5249 9354
3558 26382
683 20355
17126 19944
1928 15074
2915 10826
9090 16434
15320 21226
14731 19830
12194 14241
4599 15816
20282 23494
13032 18626
19992 24785
7142 14552
3790 6738
12504 15553
15615 17252
1438 23133
1866 24083
25732 27702
2241 16384
24219 25086
3728 14584
3504 10255
13905 23915
13363 16401
4742 15515
6099 6489
12202 20189
13281 15443
3598 4178
6363 8817
2132 9901
8930 26958
18190 20946
9528 26147
1879 17393
179 11076
22416 22581
16794 26459
6859 7169
4737 5084
16412 21569
653 17316
12617 16087
3762 25534
5359 17259
4442 28273
3793 22143
20643 25019
6862 10952
19836 23807
6673 19539
11287 15099
10400 24325
14559 23361
1545 8640
2995 24716
12072 22040
1496 13270
5878 22882
10164 21505
17880 27992
990 18836
23213 26077
1067 19946
11740 22922
550 11954
266 3286
17322 17565
6569 22011
9614 17707
5564 12838
3456 22135
9416 18669
16553 26016
213 21147
2150 6936
5967 12223
9175 18343
6748 22469
1351 13422
9867 10333
20769 26049
5089 8869
4097 16283
4857 27050
11248 13325
13555 26787
396 6490
4408 6314
14681 26309
4174 7647
11428 24393
890 4322
10646 20132
1851 14264
4085 14863
14243 22206
2283 18265
3 3421
4761 11397
9135 11692
10348 25559
20046 24577
7346 16446
19346 26585
13024 19982
13373 21925
20195 22096
11559 16478
2339 8733
3126 24070
184 13225
10391 11479
1536 9365
10824 13720
6952 21999
4952 23932
1105 28009
7054 10428
7264 26222
7423 22938
20223 24731
10740 16794
11482 22371
3590 27728
9889 27734
6608 13547
404 25875
11952 25034
15847 18516
15493 23690
12056 17819
1298 5355
7985 27655
14390 18251
7529 10630
368 4671
4221 17088
5590 26989
1173 23754
14433 15723
8781 10668
8924 25287
12592 25025
15468 23655
15670 17763
5641 28259
3067 11052
976 27274
6115 17329
964 26227
19853 26503
424 28158
8880 18107
3697 21992
7224 15605
4407 25253
2147 24809
9416 17263
1852 7205
237 5822
18911 24157
7213 19312
10876 17963
7101 11089
974 15435
2705 17963
4665 11725
17406 22425
14933 24703
15020 17044
7758 21545
3878 9604
6737 7830
18046 21366
26898 27896
2024 3940
12580 21577
8785 14016
1860 11666
4353 16594
19971 23691
1162 23767
2496 17222
6083 21057
17963 23946
2853 18507
15853 18910
7471 12792
1686 25414
22112 23915
21554 25945
3565 26291
18458 26271
4367 17140
7355 21327
12194 19964
1006 10207
21920 26975
7828 19552
9253 27259
1088 1858
12859 25059
675 8684
15670 22396
6767 24955
3805 8189
19169 25368
4388 6151
9701 21647
5408 12787
2518 22481
396 5087
4721 8753
6562 8924
1349 14609
6298 7930
20849 24823
8846 24886
23430 26402
4244 21036
22634 23911
15530 22364
18251 25504
1349 9842
757 23043
10735 13889
6860 16107
12855 25106
12210 23829
7500 19062
20272 26888
1284 18251
20816 26092
3265 7836
3254 10767
10097 25666
1067 4102
4269 14776
14145 25272
3401 23372
22290 23315
4447 18946
7721 12298
3940 11279
2210 19829
10157 23066
16806 21424
15493 27572
15578 20666
13772 27743
5571 10369
10042 26153
3121 9654
631 10174
4871 21917
1257 12715
6215 20406
7346 15184
7364 22462
2882 22271
17513 24823
9986 27816
4550 23617
74 4971
2253 22533
5545 21082
22436 27758
2781 3869
439 1700
11914 24859
494 6578
4828 22476
8964 17509
4029 10825
17660 27888
6591 11836
9590 17214
2072 12938
18911 23977
16814 27562
9399 16958
8318 21945
12271 12480
22605 27655
4592 10099
1372 16769
3022 10184
22956 24474
15885 22581
16246 21291
1604 18533
3789 4335
4009 24804
10154 22321
2447 14671
11274 18867
2651 22651
8136 10207
6260 20895
10593 20378
6931 18265
18402 27929
14631 16668
9473 16437
12426 15094
3956 25576
2929 11113
5514 21311
23278 23472
22045 24846
11251 15985
2940 26676
462 24957
7500 22016
872 4498
16744 17337
17196 20170
9410 16659
8151 13892
8931 9821
4497 24571
7505 7950
10391 16806
11808 19261
8384 15644
1902 6800
25191 26718
3129 6453
5906 11682
2339 4156
8785 13270
15467 23400
14209 27449
3719 7919
514 25034
1103 9923
11766 21584
7877 12936
12994 13153
4859 21938
17630 27314
2762 10773
7410 23522
10631 16767
11804 15047
5153 24374
14544 23447
3890 25059
6126 7375
11755 24952
5342 25956
23978 24502
6702 14131
6065 25873
12071 25942
15870 16357
8410 11674
13780 20667
7229 15995
3828 10835
11429 15716
6924 25740
4289 7150
3219 4129
660 15672
2283 8352
6848 27341
1997 2696
4122 14110
1272 24346
786 17586
11816 23593
20002 27782
11199 24405
16177 22216
11806 16711
16656 22892
2823 17713
9394 10444
967 28128
564 19837
9524 20503
7335 19765
4645 12402
18988 23683
5326 14817
6914 10652
4029 13195
20562 22818
3564 13037
12811 21462
20409 21481
18919 19354
2986 21638
1559 24326
1120 10240
19199 28108
18529 25960
194 23798
20491 26372
14809 20367
12476 15457
21066 23136
2254 5400
3406 11518
23292 27867
3698 19537
18715 23669
18541 18947
25572 27176
872 22026
2708 3644
3820 5466
17587 19425
14141 23094
15128 17416
22682 26867
7201 14600
14731 15847
8692 27352
20381 28023
1389 7768
202 4639
9226 21925
10175 14920
10102 26097
10678 17656
6216 24069
21692 25214
6454 15823
17232 18036
9703 18973
8891 23590
8707 18102
12602 18062
2112 23675
15286 27795
4849 6349
18522 21514
7299 8990
848 16259
16467 21743
5397 8565
25306 25433
4498 7002
11630 18408
7223 26798
958 24869
5661 6040
2001 17742
20119 22012
6357 24904
3224 23800
3742 16270
17326 26153
1467 25329
393 16197
11902 22346
3323 12656
2566 15267
8394 9706
8036 23269
5717 26503
4414 6342
4282 25349
15610 18019
18103 21904
16906 21770
2787 23391
13410 18371
23143 27117
6935 22080
19869 23459
9030 11700
24795 27563
3630 5815
24371 24782
13431 20570
4329 18645
2008 17980
65 17048
9803 22049
11193 15531
20118 22340
2170 4623
3901 11009
12437 22020
10837 24671
8990 10727
8099 23307
1908 16282
6182 18910
18743 18772
4646 9367
10999 17622
14461 18529
26921 27890
9895 15015
7533 10355
12562 23939
13027 25876
13047 25702
21987 23771
4044 19604
10662 21275
7436 27843
8429 16089
1292 5795
4126 20677
6301 15383
14121 16987
11825 23248
1770 9543
7429 20421
12404 21944
12028 27831
2518 2894
8264 21710
7881 9671
14687 15124
2997 25428
8963 14748
4169 28224
11592 13086
11198 11836
3874 11593
17761 22905
9047 21126
7917 14170
6177 7350
7323 20953
9206 12489
3440 12604
8083 19871
1031 1590
10360 25262
3779 5621
3625 3859
10506 25433
974 18095
896 19877
8178 18595
5327 11551
581 27016
9066 12839
18381 18947
9006 18128
15989 16071
17366 25953
3101 8899
5947 24422
9324 24531
3345 6214
11192 27927
5038 22065
1426 6798
9086 17481
6972 7508
1441 26704
2474 3947
4434 16232
21673 27412
7944 10953
2216 24068
12405 17341
6172 21791
471 25052
13422 27597
12214 25426
651 25224
23590 26908
11965 16016
2614 11601
12218 12444
5435 12922
5585 25414
3201 28049
2474 13227
18027 25788
14050 23932
2105 15393
4416 10652
19040 26740
3480 11417
25454 27557
20444 23635
12711 18046
583 5595
12959 18823
6800 18906
18936 24092
15561 24745
7298 19316
7836 25817
8397 19898
2686 13282
4938 8290
5876 11746
6848 14820
5978 17754
7714 8788
12612 22322
5577 12058
9295 12021
9826 28039
6086 14443
24308 24882
19004 25306
3493 9282
10687 20899
15332 25262
11795 14181
14106 27976
25008 26457
70 21728
14712 24294
6070 14248
22841 26958
5398 23607
8785 18280
9057 11688
14227 20081
3825 25763
890 8459
1138 27042
7656 9509
5670 13910
7820 25625
3566 9846
17222 20179
485 20802
9361 18823
3763 7987
985 25817
10240 27161
15082 21988
21619 24679
2853 24238
84 1058
2471 7196
14971 18970
15076 22805
14662 18845
15355 25943
17287 22581
14862 14957
9786 11076
18689 20108
20778 22814
27107 27821
7950 14681
15056 22884
22464 26392
506 9717
154 21919
3406 15030
8553 17941
8553 26505
15597 19095
836 13972
766 12185
397 27657
4358 19869
2837 13961
23997 26069
6077 26985
3993 21898
10085 15072
4302 8410
6825 24407
3446 9574
3511 26629
7471 18920
12341 20701
10508 20533
5290 16465
6489 8441
3075 26800
3194 22369
8057 11192
11636 21798
10097 18883
4162 13785
15854 26150
4762 25759
9776 12141
10025 24716
1726 1735
4770 14012
19657 27811
6560 26614
7814 21465
1767 10792
13203 24465
13168 22184
11080 11127
13472 16582
11494 25163
16626 22025
2646 22885
1103 6609
19319 22897
1717 24240
2548 6025
2852 25978
23672 27725
15900 17708
8488 23345
1900 11039
14160 26888
430 13491
13699 15508
1516 25608
10767 24950
2598 3997
8134 26902
6793 10284
3806 22204
3182 11979
9951 14827
1937 27324
7534 20367
7354 9129
15178 18097
2484 17432
20391 23104
1951 24122
7944 9406
3038 16359
6172 16318
4507 21374
9179 9371
2667 16922
2325 19169
16939 19270
3041 4013
3634 23091
5353 22338
8118 22581
3296 25754
4581 16757
9067 22886
2455 9897
16500 26538
7456 18479
3871 10531
2037 15210
7375 17080
19294 21017
3446 11562
989 14021
25494 27499
13329 23241
5660 18302
15916 17483
24068 25799
14813 23666
92 17259
6139 15369
6392 18963
446 27175
808 8770
7420 22256
4253 7152
855 22972
10844 23693
15531 22925
99 11809
20031 24921
11877 25969
13517 19539
27167 27181
3314 23284
24576 26153
6876 18547
7533 27786
6309 13195
10839 13789
12931 17118
13214 22104
4767 23145
757 8199
18678 20667
14433 19750
5336 25083
20123 21605
2458 23955
3595 22647
1570 23694
6342 9144
12861 15529
10175 22408
19281 21359
6047 25306
16767 17645
7158 21543
490 8753
7596 20108
973 25432
12111 13272
11814 19400
9286 25064
4282 26493
588 8098
1302 8424
16224 17442
704 6809
4646 22192
19512 21861
1590 5207
2582 25848
11763 13313
2478 28111
10170 17009
12978 14470
3246 25082
5371 27087
6161 27558
4603 25755
22656 25907
24095 27198
5181 9949
1579 12506
5180 24611
3378 14555
7728 15950
10378 25329
3287 15895
985 24005
1456 18380
1468 18689
14396 26958
3925 21764
17056 21269
5585 18547
8096 15536
13619 25559
4796 7379
19717 24211
1613 17742
14969 17568
755 13855
273 4321
3954 8454
275 994
2591 3585
183 26267
7783 16842
6707 18658
10630 26187
18841 21968
3944 7935
3482 26723
19478 24221
6048 20759
12160 18641
11692 20500
9136 27208
1541 20500
19161 26171
9847 22134
5691 14037
4581 14816
8205 11224
17220 18363
10901 21687
3019 16494
3472 5649
23183 26270
5731 19061
5691 21296
13485 14024
4927 23119
20676 23843
14564 14781
2782 16863
7368 23332
15795 16668
11154 16350
1954 9757
3472 9553
16744 27920
15785 18004
6528 13789
15898 24850
8155 9067
2930 7398
14064 26513
16935 21098
19941 21260
4294 17075
7166 27197
1026 26880
1573 2818
9214 16961
621 5198
16629 27868
979 14539
9784 24487
6244 11612
7323 16986
16671 20258
14933 18423
5458 15950
1707 26499
15068 18760
14057 15030
22871 23379
13168 18319
6478 25888
9487 25228
3759 15511
12493 15410
20640 26150
15020 15037
23697 26488
11857 27062
258 3002
2326 17089
3638 10328
16276 24354
17329 24412
5661 22724
5516 21159
21353 27197
6972 15224
18071 24158
2799 24172
11294 13721
5192 8836
5500 14534
2667 6102
25 10553
6848 13725
8190 24955
12249 17760
7172 13841
7836 20933
3371 21824
8152 19565
5878 10943
11104 28077
2470 5984
5614 14029
20722 26507
25075 27706
7076 24502
2172 11445
15133 27279
714 22713
20277 25158
3319 14781
3039 23140
8212 22564
13804 27336
5537 7999
1273 13198
8206 24061
2110 23626
2815 9365
6507 24844
22264 23640
6477 10618
9371 21396
22035 26925
1900 23282
11668 18454
1830 12479
4414 22425
7927 21473
463 26364
245 11073
2479 26087
2692 19174
10998 27726
2837 3746
2974 12210
5288 26053
11614 23197
13927 25505
25225 26580
11847 27758
17787 24504
18700 21004
13927 26457
6533 24610
1529 14670
5899 18641
6876 16314
10935 15910
17244 21407
22338 25121
15064 24062
8441 27923
1168 9794
288 1820
6209 27669
16171 25867
17263 19348
13232 18568
10209 13543
10540 13960
1609 19816
8110 20767
11805 16197
17838 19342
9837 15648
11956 24690
2233 22425
5 19171
245 8923
424 16311
15660 24525
5667 24576
3889 14672
11260 22870
12663 26173
828 22771
24855 27905
12341 19857
3472 17678
6868 16340
2589 18870
13696 17357
14911 19552
867 22911
3970 22071
86 8756
5585 9250
8455 25163
12708 15133
21593 24164
13420 23366
5118 18669
23143 25309
4143 7817
14445 19155
2471 20034
1707 11184
16402 23300
3781 11128
6857 14401
2991 3164
22275 23938
15079 25046
868 18878
5229 5579
3154 20156
10297 13328
6972 8384
8783 26172
11193 12368
13521 22581
3293 19337
8157 13527
12779 17394
11415 22183
13810 24774
10083 21738
8935 19891
12214 22322
11674 18133
5620 8438
23497 26116
21930 21964
18958 27222
581 27129
1140 25405
1672 26201
16627 17530
2984 17587
6062 7469
24313 27725
22814 27600
17191 26497
1238 18574
8739 18369
3255 15652
10173 13515
5716 26753
16588 18492
8037 20045
14203 22436
337 9013
5945 10828
18383 19023
4218 5336
12808 13095
8331 23556
526 14175
8248 27698
7386 14481
5989 17742
1349 21435
905 1216
2655 26167
1761 16386
6511 16349
4727 14250
406 13212
11254 23265
6868 24089
7296 19828
2124 9005
14727 25658
16326 22581
12371 18791
2721 21248
799 27030
10419 14689
1602 7987
10674 21886
18246 22190
5841 15251
9316 18251
17140 17326
6308 26956
14712 19004
292 17045
10393 12218
5543 24616
21273 25402
20975 23151
6531 10598
16961 22033
101 17995
3519 16152
1713 22787
16090 18454
16457 16813
11576 17330
7411 15617
24105 25294
11415 17161
296 27373
2264 16574
1742 13970
3367 17845
11030 26591
3789 9347
5669 8290
12257 17787
19383 19647
10706 22960
5380 25068
12743 21755
1181 8835
14989 27490
11212 16307
1573 13129
10593 20896
14607 19270
14271 15766
15749 22663
14735 26194
6001 20483
14242 15429
473 24392
14418 24127
20809 25445
5279 5916
6594 24309
369 9404
1920 10935
18113 24008
13534 27375
6806 19276
3311 3406
300 11720
13486 14598
11193 24453
4540 9269
15645 19710
7205 21864
10741 16989
2446 28231
2679 15380
7152 21335
3663 9842
5546 17073
3759 24653
1409 24085
23619 27428
3337 22946
14861 15561
11988 27751
4116 26074
14496 22130
3841 17715
2724 26107
8943 15074
7713 12040
1609 16957
2068 13558
23705 25794
20199 25849
5352 17945
10971 25828
175 13565
1343 10090
3915 12183
9412 19459
13282 16963
18752 22921
4225 20704
15426 23855
126 26824
3123 3624
16495 26773
10839 24756
580 23705
15713 19212
10773 26503
1023 16094
3162 22835
5197 9150
23997 24062
5143 7156
4108 9800
7309 22604
4680 20220
3853 27698
3954 10097
13294 22095
2249 21675
8157 27624
14342 14479
2446 18417
7975 22996
4216 10349
1012 25066
11687 20625
13791 25828
654 18904
9019 10115
25819 26799
3734 20162
4717 16108
2635 7350
9961 18927
1499 1713
13574 22156
10520 19085
3062 16836
6727 26893
13245 18779
7937 24939
5602 22173
689 15322
1368 23131
20671 26097
1061 18673
1141 6174
3808 14017
2028 19771
2954 16449
24965 27790
372 18142
19650 27381
570 27088
604 24618
23719 27752
6100 24485
9162 24432
8838 25828
9331 22613
19062 27352
18211 27217
6228 15729
944 24736
3704 27735
8478 28056
5930 12843
14464 15163
7581 26740
2427 11718
3075 27776
1018 1254
8523 23312
681 19817
22227 22602
9416 12956
4068 19445
3695 26358
5893 24384
1621 18950
2796 3801
9477 25693
3803 17443
17938 25810
9904 21715
10530 25831
11211 18225
1593 11746
17138 27677
19595 21673
3812 8518
5095 19411
3921 11621
7453 13573
18818 19491
1270 26597
19848 22160
24453 27273
2308 8454
7225 13785
24322 27761
10195 21270
13405 21895
8050 20825
25365 25849
16482 16605
3934 23926
12515 27791
7420 11816
5898 10914
17838 22857
11484 27779
9254 24208
26476 26774
8177 23372
15267 16905
17515 23915
9762 21580
101 1408
4971 7177
5725 11562
1699 24756
19780 21409
12321 21456
22140 25603
5978 24281
19493 27084
15401 21963
2232 22135
8391 20189
16386 23332
23480 26347
3741 17607
3794 22798
7784 8515
975 11536
1676 17372
448 25399
8188 21785
7695 17955
3727 10605
12411 25211
3083 21433
3562 17601
21725 27404
13978 17586
11710 17597
5354 14805
1726 6677
9843 11261
17461 17969
5004 25450
5149 12646
3158 25901
13553 17838
1003 18775
8746 12282
2492 18601
8833 14106
18421 20743
14344 25034
11267 12823
351 6253
211 24965
19132 24600
8256 18402
19410 21423
23363 28070
18507 25732
1399 6042
19576 25443
10765 16584
3933 14471
3265 11535
1138 9020
17926 20195
4439 12949
1950 25101
9473 14969
2087 13094
12839 22934
16544 21052
14577 24131
3884 20114
14901 25798
8249 19197
439 20440
21301 22399
20752 27883
12715 14162
828 15727
1672 6349
4902 21067
1240 20460
1609 14010
11382 16799
15672 21377
3279 8544
1815 12888
12162 18884
7569 11612
11905 28158
1679 7923
3877 18303
4827 7396
6289 18211
3900 22339
1628 19228
23566 25729
1767 10199
12274 22621
18015 20485
197 896
21536 23351
1810 9479
11073 22187
2277 21202
640 1052
722 12223
15920 22035
1844 27740
10223 21876
11037 23693
10039 26970
13355 21164
20831 25110
10270 15069
565 14299
1826 16882
12881 14396
9001 11113
788 24952
5183 9968
3275 9915
640 14699
13407 25366
3204 16017
1043 27467
22350 26142
19109 25329
5537 6053
5433 28022
21438 23722
7313 7503
21296 25309
12164 25329
24542 27530
16346 27908
11627 26706
12651 23807
4447 13032
12529 13756
4183 24557
21808 22137
10848 21611
4640 14763
10447 19181
1690 9367
6288 25689
3808 19258
16957 26399
14828 15430
11045 20406
10535 13115
1018 26829
1767 25083
1840 5336
2202 22254
9460 12708
4904 15350
21123 27612
9962 20141
4519 24434
1772 10951
401 3944
9441 20291
4000 23803
7896 27570
13480 15179
11017 18355
9033 14055
3593 23526
5864 14968
2971 24512
7299 19315
10813 18442
3330 9594
5815 14023
13387 16738
4468 11539
16667 21506
8707 21435
20123 26493
2905 18793
10393 19736
5994 15639
3734 4026
21149 27746
4693 21269
880 24856
16489 22716
8441 11250
6065 6707
2180 2797
2874 4072
4365 7623
1223 22871
5517 8085
6179 7835
14119 24422
12218 13414
1177 3231
9947 19727
14378 24368
3807 6255
199 14827
7134 15236
6996 18265
15501 23963
136 24061
14519 16695
3093 24275
16025 22230
3790 23016
580 26559
5906 6708
1937 2646
15960 17563
10532 25960
10960 24537
18533 22028
14428 24549
23619 26471
11298 22513
8715 9250
12307 28140
14156 26358
3059 5989
1066 10242
1587 20544
3357 12837
14287 25588
2872 8944
16608 25205
10971 11030
12678 25065
4035 15426
293 8074
11009 19877
1775 12211
13471 24275
10372 25484
4038 19868
22663 26993
1980 4803
14783 17020
20159 23165
881 8719
23899 24847
7923 12057
8167 15169
8239 8730
3634 14556
5725 6518
14249 21639
5287 23239
23225 24238
9232 15173
10859 25261
10611 15762
7533 17680
23537 24829
237 2589
7139 8005
13681 26405
26152 27308
2151 10650
1198 23469
7525 18615
4189 5332
9844 21254
9260 16835
2869 22026
6151 20194
13784 28266
7491 27590
11747 12402
911 22464
6642 10956
14445 21823
11450 21861
1275 16865
503 18504
8264 18308
2375 4304
7979 8112
4009 28156
5082 22885
7877 17846
10160 23615
15981 27442
4221 18689
10041 18784
7027 18114
15446 17550
5850 22285
13101 28099
11508 21003
5854 9981
2505 8834
877 16201
8212 23608
5531 18167
17422 24417
13772 23916
1050 21408
5325 21533
5747 16856
505 16983
4132 26419
13443 26672
4225 17054
4826 25961
5089 15718
10434 19275
1404 1498
18107 18927
9720 20586
10309 23754
12439 23457
15284 20758
6053 13646
18985 25402
5417 16222
18704 18955
2126 26594
13973 14728
4623 11251
600 22049
511 4178
23565 27829
107 16683
10088 19005
2508 18838
1349 19143
17973 21554
2557 20743
14695 18689
20355 24073
218 1925
5703 23188
14604 25660
5326 7036
7287 15660
16588 26579
10490 25096
1767 18418
8319 19992
23619 25039
9060 14464
1840 15687
1852 20424
6116 13373
3420 21575
1080 3585
19819 25550
10792 13108
5754 10953
11714 17232
16744 19453
8833 25455
12328 22704
589 25993
7923 8099
3802 14997
3421 24791
18641 22517
10067 25907
12010 23459
4002 21875
16816 27150
16984 23831
2801 27086
23134 26777
853 919
10023 16116
1727 20931
11652 26739
11594 21079
1435 6309
4244 10066
8730 27338
8404 25362
20122 26542
867 2418
6736 22516
3904 9835
568 16421
1655 11125
2667 9582
2005 12051
15678 23163
5438 16887
2908 22610
5747 25167
19712 24122
3944 16373
18084 21194
2162 16420
17262 18705
26896 27853
12001 12603
11034 20775
8688 18775
19948 20537
1349 13849
19606 26907
406 11975
11873 15840
12948 15214
1470 25976
8356 26497
10318 13957
4414 26153
1000 14288
11439 22222
6459 22333
21182 26946
11540 15571
341 26587
18520 26637
4495 4695
6030 23334
6377 19183
21325 22339
6982 16588
6263 13187
6957 19333
650 10323
17684 26077
12302 23392
21638 26753
1804 10952
2816 5451
4340 21415
16659 27524
904 22074
13813 14288
4789 7768
17487 23143
6458 10128
2410 6674
4817 20754
16515 23674
8901 16131
10489 22499
12698 18252
7210 8997
2447 12155
5984 8493
7341 23521
6793 7135
12472 16453
13740 19032
22453 24600
1727 12800
15048 25411
2466 21355
9079 23429
17971 22416
5996 23521
2034 12606
14959 19813
6773 11115
11216 13970
7150 26929
10321 22144
14062 21535
22912 23990
14407 28221
10031 23430
9755 21453
974 25910
1742 26764
7069 9803
13534 21610
7002 20904
21943 27406
20899 28225
4535 14007
2391 9438
8825 13299
1770 8802
14228 19972
865 4581
5877 9179
2646 13585
7321 20045
10023 19013
7813 22476
221 867
15689 24603
5836 23296
24052 27908
1223 24904
6699 25348
16482 26054
2596 4617
15829 27495
8807 18704
15847 19562
26186 26846
5665 19086
760 1448
1050 27776
128 3634
15321 16923
7702 15064
6177 15676
3002 6490
4085 13373
6045 13407
13491 16979
13626 16092
9141 22034
5891 11697
10075 15967
6161 26753
3923 18118
6055 27696
1942 16148
10913 14707
5363 23640
3585 9742
7274 25254
396 25197
2452 26260
18781 26062
391 864
4428 26429
11539 11854
21470 25847
14612 17073
4218 15341
2740 21798
533 24122
3326 13672
16941 19398
6812 21674
7392 24924
21456 21945
19489 28112
13736 17742
7687 14136
11133 21809
20950 24939
4100 20291
461 6911
2396 21438
13699 17457
4260 19081
14976 21183
7031 23299
16941 21798
13507 23899
5252 10838
1779 21849
5960 28082
17001 24617
21363 24997
19576 24280
3940 23535
2364 20092
6370 20081
4255 9776
7987 11532
6163 24511
4711 25760
12423 17819
21762 22163
19445 23426
1729 26503
8750 17274
10127 17782
3605 4072
11916 12029
19322 26929
4565 9301
4438 12207
669 14685
9454 17014
9496 19109
10385 10702
3637 5121
3618 7971
4721 16045
18272 25967
5071 15001
5978 10584
9454 17534
10854 22627
1978 27932
193 495
16341 16652
6055 8483
3147 26778
5587 15477
1140 21835
19576 19772
22775 23653
5433 8020
15732 19227
45 17599
21814 24522
542 1162
5042 17755
6975 22973
933 20935
9793 16668
9346 16299
11240 22910
237 18976
19386 27772
9838 27872
10925 18421
16113 17604
17239 27931
12941 21700
16955 25297
8368 14480
4162 7127
3167 18669
7827 25997
9786 24195
21250 22312
8413 27867
4749 21688
5003 10570
4159 6770
4305 27105
18206 21097
14594 21609
6495 21608
13258 15708
5913 14993
19479 26416
26824 27814
18173 18716
13091 26507
3 24280
19051 23781
5547 14272
2521 9253
19797 22106
11931 18422
7921 15325
12402 22511
19183 22015
8434 25917
1849 12278
2274 9192
16941 17819
9804 16934
8316 12411
1764 1922
6118 12614
8442 24586
15074 24028
13777 25988
16460 19882
2994 8491
10148 15430
1879 24616
4291 16673
4600 6971
6868 17733
17403 24636
9683 17852
935 18140
4175 24738
16976 22663
18965 20026
6566 23743
24729 24957
12049 22664
22726 25329
11544 18250
21344 27258
25229 26429
15382 17549
14827 23576
1448 22905
19134 20558
6248 25628
9805 12941
9575 20740
2329 6972
10466 25983
14014 26546
22663 25410
10070 22130
1573 20577
21801 22810
16860 18225
11583 20083
9999 10399
11011 19036
3463 9907
26457 26673
759 5935
3753 19819
18281 24208
12097 16999
10607 25415
4076 13927
3140 22650
2759 14911
6684 16803
19145 22421
16949 26005
5989 16338
6849 8830
13456 21359
11870 24723
5765 11868
439 7253
17630 19707
7879 21431
2179 4959
9226 16311
4979 19275
2194 11857
4511 15538
25330 27284
17992 20480
10008 22761
15682 21688
7741 12711
8521 11033
3695 25839
7610 22255
188 26113
15313 16418
14748 18867
5174 25614
5416 19973
6238 12236
3533 23653
3357 15682
10160 13455
5861 16947
781 20210
9043 15290
5344 14635
52 22140
22688 23686
12887 26546
7248 20544
4549 13535
24945 27376
4671 11416
2894 24904
19244 21262
11585 27520
21853 22349
4591 7798
4248 8305
14132 15797
6879 27324
25817 27342
17070 17303
11792 17018
26142 26367
3737 5938
3526 11142
1959 19004
15808 18265
11080 17381
6868 26010
10393 25140
23605 24165
7488 21103
14371 22716
21511 22917
3141 21296
10337 26815
10189 12508
2247 8492
3067 25975
3789 17437
8075 27495
605 25265
14609 28259
24608 25443
3052 17507
11364 22890
20092 26364
12954 13173
9940 18436
22127 23738
1 11290
17239 25879
2636 10693
12614 13180
4873 8718
2501 18486
16940 20822
15352 24559
18985 25154
1302 17106
16504 21813
4414 9294
136 26611
10208 21919
24214 27651
16564 18594
4036 5154
17486 26421
5609 18626
7680 8924
17220 27569
20127 23655
514 22010
25080 26848
3995 18627
7108 25043
3582 24719
3848 27759
10966 21474
5403 19899
1727 5309
22778 25329
9239 25272
11842 26292
15832 23764
25082 25828
1162 19863
10894 17311
9016 27273
8622 11657
2132 14696
1900 9821
1645 18558
5031 23015
5441 9114
3101 11023
539 27096
22857 25699
13358 22192
23553 25759
25833 25981
1970 18627
15226 25849
1869 9399
508 6508
13367 17641
867 4524
6742 21423
10115 13423
14790 23267
4355 6419
9816 21252
8784 21855
2521 21111
8148 11181
1944 16184
10041 11868
7467 22004
19566 25987
624 22272
8324 18219
7840 13907
7710 23462
1592 18946
10479 25584
21024 24502
19282 24645
24861 26510
9272 22988
17832 26563
6984 26712
14121 21616
10524 15297
2686 8108
5620 8939
4758 19617
11872 27031
2402 21431
8939 27923
7 5961
289 17848
12020 20667
18106 18300
3183 3294
8667 26825
7783 22696
20632 23538
14471 17239
4758 25345
22344 22570
4326 22682
6854 26494
1386 15182
1211 9793
9621 10531
7364 21491
19409 25137
5612 10326
15209 22654
5861 17003
1683 18039
9717 17941
19662 21981
15899 24472
2096 22286
2112 10496
10777 11804
7352 24290
8220 16259
292 15820
1755 6517
21149 22696
5148 15224
25115 26232
7210 24779
2847 17111
2932 26755
14926 22860
14598 17351
4216 23258
24569 27352
4766 15990
3437 24136
8551 13351
13222 26148
4534 10357
9225 23991
6346 11076
11442 25239
8604 28109
17133 18368
7015 25410
22787 27238
5206 25277
2677 2682
18952 20747
1 34
5084 21577
7677 12257
6594 17747
9090 10758
14792 28234
2522 11056
8964 12711
300 334
3357 3609
6966 13604
2997 26427
15095 15657
1878 14471
758 25603
11322 15009
5505 6103
558 22623
3626 18724
24011 27745
14586 25748
9229 16674
2929 15163
11677 21255
14939 16858
9196 23590
3585 28114
12214 21828
13418 16367
3864 20657
7243 10507
7907 8833
441 25875
11047 25321
7570 10043
10161 15661
4562 18645
6771 11294
7571 16738
3149 24696
75 27740
4807 13019
8066 11722
5233 24253
15920 17341
2760 27559
13373 19892
7312 10844
8880 26702
23437 28158
5192 8653
6545 22402
1713 15312
3169 12790
310 18963
423 11746
308 15213
22322 26641
13314 21157
18434 22634
2686 21079
13343 18304
7758 28095
953 1272
24416 26077
19633 21733
11335 16955
8665 24708
5198 12236
4557 10015
406 11590
3239 20167
10292 16430
17636 18033
266 20791
7491 20177
6177 10512
14808 16188
8114 21205
26204 28269
14771 22892
1543 14911
13488 19616
23836 27796
5191 14846
4442 27951
6724 26115
9113 15387
1110 10091
406 17874
13844 14024
1349 15363
13579 24543
12652 21199
5473 10382
5337 15683
3948 16328
37 15866
18427 26676
1106 2708
8270 25035
10286 23397
7329 27908
3555 11612
9490 17170
4098 25586
8795 19080
43 19650
7783 26670
8043 18784
300 19183
6903 24872
406 19952
10493 15930
2587 5381
7176 11791
9252 24531
676 13222
6601 7743
1871 7478
12194 17513
3845 22324
9226 14541
2701 26516
9543 14228
7637 11170
3884 13389
3586 7533
6514 7252
7793 20853
2151 13978
21692 25559
4314 14437
5502 23762
8394 17377
11013 21233
7531 26275
481 9490
14553 27949
11045 27190
14557 16525
6116 7846
11043 23254
7358 16351
5065 17146
16289 17513
11273 23818
5913 25409
9535 13683
13307 20429
12399 12956
3980 12910
3799 9491
22087 24610
10920 25759
1223 13091
7791 9524
12046 21296
4233 27923
5583 27423
19271 27042
17399 21128
5540 19723
2295 7370
1689 28277
601 13215
800 11184
5041 7921
8741 18816
3944 7975
6531 24945
10587 18872
9524 19317
16922 20642
13999 19275
4063 21991
17254 28227
14240 15169
17141 27790
22687 26104
5288 7881
7942 12881
5978 17717
12718 26902
5430 23499
8357 14934
18876 26908
8789 19748
2132 18315
10522 15111
5085 13328
18366 22010
5397 6601
4633 22048
7368 27736
17481 18823
17006 25967
10986 18754
3788 7414
155 20757
18136 19657
7877 10254
8681 18348
5308 18021
10242 16014
11140 14398
4269 20953
3997 26405
20583 21673
5221 18033
10692 22581
13875 22960
14411 24219
498 2557
12573 20447
3736 6065
12418 21673
10218 26113
11322 24716
3611 23186
12506 18304
2885 23102
11473 24604
21605 24791
17763 26588
5115 8806
5292 13827
16178 23007
11784 14903
2503 21918
14677 21459
19839 28032
6765 22331
8155 17214
7166 14445
3446 9360
8925 26784
8405 24749
22937 24745
21409 21990
2094 6230
1672 9243
11113 26580
7355 20405
991 17040
13245 13313
2005 20998
14577 24127
5378 25602
2474 10727
21746 28044
20565 25449
4029 11925
10420 11851
9351 15762
14228 17938
1755 21635
10935 28013
18824 22895
10800 15271
10741 10839
393 22519
391 15684
7093 20597
8753 12649
15349 22992
84 25265
9059 16989
4693 24610
3359 6222
6260 14626
7320 17980
13711 20541
11973 12203
245 28211
10879 24836
13573 17108
18790 23162
3790 26879
788 14853
406 2882
5691 18496
14118 19061
7879 14048
2005 4414
8121 12035
3970 14658
10075 22352
15085 25059
14522 15927
373 19455
19249 25494
12134 13367
11087 12357
22584 25949
9779 16366
9252 12792
5336 27932
8592 18371
16194 18793
8134 17730
3714 12498
4693 16402
3643 4492
396 4519
10871 20190
3142 14908
360 20657
18260 20654
7365 9255
6489 15712
19225 23157
25780 27451
4216 11713
4560 17931
10225 13741
19482 20053
14249 17723
2111 7311
13982 26220
4355 14115
3733 3872
1986 27827
1394 4500
13673 17653
13208 22112
7036 19398
1416 11977
3872 22485
6175 8444
554 27676
14748 26743
18003 21991
1702 3143
5496 16851
6618 16567
2470 5587
1609 15201
1182 21815
6994 19623
13428 14778
2274 26074
11444 20355
16803 18127
7086 22464
13401 22699
5344 26110
14257 25127
170 10767
13288 26124
7635 10042
7318 21426
9918 23026
7387 25529
4168 20115
3700 23403
5366 14209
13227 23970
3947 26559
17927 24872
3068 23644
23480 26848
19130 24589
7031 15996
175 26161
705 21304
17173 18251
2847 22664
4175 25962
11652 26533
7502 26111
8298 11907
2467 3715
20627 28145
2371 18361
2728 23974
3643 26167
29 10740
2302 15420
481 19347
3970 22190
1777 5201
11212 16673
20487 26216
4468 11331
14203 19317
25919 26126
3651 4035
898 12346
10641 21296
9683 11657
13074 25918
1961 17828
22684 25054
8720 22326
838 25095
7561 16194
120 25501
1180 5857
11027 17112
4927 7182
6991 7066
1133 5767
1688 22593
2423 24217
17874 21473
23609 23896
1782 11814
13033 16431
3412 16883
20230 22426
18607 26879
11574 23930
9518 10242
13784 26275
7073 18891
6429 12817
8880 25387
3589 17530
21139 24005
753 15209
285 9610
4663 16695
11488 25199
14942 24562
5769 6546
14965 20336
3609 20786
15376 17823
4274 7323
8717 23721
10502 18724
5432 13999
8733 20417
569 17543
25446 28277
6415 24122
15673 23816
9605 28002
2702 12817
9868 16610
14180 18808
22232 25709
11289 16884
23311 24069
17899 25263
15141 21798
8583 23329
3257 17115
3612 6916
2124 15376
3970 9959
10389 17241
6707 17062
8096 27084
401 1159
7564 10523
24049 24823
4943 24797
10488 27753
19169 25550
10766 15251
1140 4262
3610 9415
7236 12954
1356 5618
2932 21934
13152 24457
5662 27891
10350 24109
4392 7129
2526 4282
7954 25857
16092 25715
5791 24419
8502 26199
877 6261
3428 10840
505 9465
8368 8712
24608 27314
8786 11800
1587 24616
19739 23557
2449 12262
872 25156
17825 27244
18218 27976
3080 6914
17507 20205
14627 24574
8932 27243
21026 26229
20601 24979
9004 13711
1 15292
4474 15090
11846 15141
4096 15818
7289 25402
11997 17902
9718 18669
11114 16328
6464 9717
135 25108
3228 17524
711 2413
4573 9098
2965 7412
2320 12307
11369 14407
15310 23653
947 24069
2782 23904
15832 18358
10799 15899
6293 9206
1140 4237
2104 24586
7099 28194
6257 16296
11193 24861
4170 21377
1771 11443
10117 10595
10787 12964
7390 20515
1921 18408
2460 7930
2858 13112
3756 18589
7354 16932
1754 8145
14167 26554
535 7031
2382 3609
926 5711
9214 11457
656 10440
9933 16867
1676 24773
14403 16130
1150 20479
7965 11720
3169 3424
8318 21963
13209 26774
8824 10747
4591 23392
4636 19264
2160 7348
6046 8702
11094 18276
2135 27588
11744 16985
15642 26931
7442 27514
10612 24028
6509 16928
1609 22040
2769 27965
7368 9643
10424 17792
8277 25578
7169 21229
8022 12616
12645 28217
1802 3933
4504 9086
19188 27300
19864 24643
9582 22646
7798 25904
4730 10648
17779 26559
828 24049
19973 22570
3598 11251
3204 27787
8363 20123
15829 22040
19354 19939
16656 18477
20309 23496
8218 18615
3154 3733
18280 26313
2240 22441
7247 27719
9115 12151
3586 5084
24929 28211
8981 9796
4072 17259
6417 13214
812 4233
3851 10240
2721 26240
19614 23560
7877 18553
2999 28267
12983 25467
19482 19728
5189 11576
10971 24503
21257 27758
11365 23619
10483 25564
1665 27490
1730 9361
4201 23653
7925 17105
3892 14104
6833 9012
21635 22310
22954 23860
23309 26283
7804 9215
14193 19369
1489 14832
17709 25079
3649 13142
3506 8781
716 27381
4 5203
5115 19566
2137 6005
650 22651
1622 22226
20806 27226
21761 24888
5864 26766
10844 25953
3728 28272
14577 24374
14014 18645
9139 25372
23275 28096
13990 18952
3992 18843
18593 24317
4287 17773
6236 19860
4872 23464
8390 28049
757 23614
3126 12535
14335 28226
16664 27117
7228 26780
23400 24600
21406 23015
12528 22151
5944 19271
8356 13673
18265 25453
8159 13852
5448 27627
15470 18265
1605 13351
3156 18870
3779 11079
4614 9174
10935 23521
67 22283
17140 18425
6868 23899
11979 24944
6177 27798
13831 24028
1321 27381
7595 18909
17530 18717
21497 21598
7571 25690
1879 5080
3425 21242
5570 17957
20373 27229
9636 15632
406 20281
24663 25508
10519 24884
8161 14965
11298 12942
13033 24326
11102 28104
6942 27462
11210 18828
15495 22616
526 23500
4331 19957
13363 16671
7263 18809
4870 21067
4715 18720
2611 24136
4269 24714
759 19496
9616 21291
799 20959
9536 18452
1623 13099
6784 8483
11609 27189
16557 19678
2035 4063
11164 22339
14145 25885
17509 23372
11781 12274
7471 27243
1349 13764
7982 9660
4493 18173
11580 18057
15045 16131
15208 23007
18471 26736
11924 23013
13088 27455
26002 26287
4405 20117
12321 25359
5350 24806
1589 12295
1920 6587
1609 22648
3196 17183
6176 23390
12495 14010
683 24610
19068 21101
14248 15292
1878 26946
9358 26690
24005 25894
1226 1919
4445 21024
86 1613
6404 12963
5254 19603
15531 19982
6722 20709
17239 27101
9905 24280
16961 27119
5070 17341
15561 25696
1770 9683
23955 25468
10116 11608
10230 26640
16631 22083
8192 9339
1025 17302
20836 25500
9820 19382
292 7290
19295 27725
10621 21620
14739 25446
18522 25392
30 4717
6539 24549
13528 27441
16979 18370
11692 15037
1052 3634
8510 21862
2535 12819
10076 11144
9060 20018
11325 14233
5525 16916
14242 14728
16788 24686
6408 18738
11692 19140
6355 22101
11880 27527
11251 21326
17718 26832
9271 19856
971 10642
175 25306
1533 8694
6546 21323
2354 19774
257 14801
11562 25336
11780 25468
8733 27664
4222 28112
16739 26325
2566 10787
10613 12388
16224 16452
3332 24599
3961 17779
1941 25856
939 3326
16528 17580
7903 21350
10446 11588
8931 21079
9465 21915
837 5195
3065 3709
12428 24148
15298 20550
16205 19788
1541 11100
8291 18994
9573 22857
10764 27497
7360 9762
5354 5651
561 12927
2437 27054
14155 22103
12311 15840
15470 20577
783 20547
6103 26807
5616 22227
24122 26197
8705 13962
3354 8806
19753 24279
9913 21673
3694 6620
18247 22154
8500 19021
16593 23353
7797 24005
4134 22992
9524 20701
10876 11080
20504 22436
4035 19475
1126 23114
2995 10538
12122 22982
7621 19329
9215 22234
2679 6864
14944 21029
5204 10280
6533 23298
4807 23062
2965 6350
23663 24062
7987 11080
10298 20747
2087 15414
6940 22026
18564 20667
15149 25225
15530 25956
2146 4076
3587 19139
48 9343
19601 27499
10531 24453
4914 12241
7361 11022
360 17372
18692 26999
2305 22639
1133 17779
21719 27759
8393 19153
13347 25064
15695 16276
5584 20233
2688 7923
4791 18557
3253 12601
5839 20167
15047 28055
8165 23749
20834 22207
7135 17782
2061 18249
14723 28119
3724 13611
3807 11322
641 14129
4581 25735
3727 24327
4577 27316
13834 21703
4321 25228
21580 27804
600 7962
1940 2667
10209 26361
3241 7314
8702 27050
16835 25301
18198 22553
4525 23589
25981 26807
17369 24167
12761 18034
8924 18938
10848 17002
1878 6489
5485 20296
17774 27042
14513 27987
1153 7674
3826 10431
21387 22322
4486 27048
11781 14155
11456 19162
4498 27362
19153 22534
683 12399
722 23963
5665 17311
4894 7625
6868 8456
619 10293
600 16700
10274 13253
14853 14958
15827 17696
14421 16969
88 14609
2530 13741
13015 25408
4 5252
1851 20291
21352 24069
656 23377
1551 20525
2210 24774
11682 27770
8775 13343
5989 19140
9959 10765
3580 22157
1610 16005
12475 22092
7505 20518
4537 18829
2246 26207
14541 19633
2212 9226
598 19699
6448 16718
10501 27830
2403 14597
3046 20238
20827 22667
8432 8962
6339 19113
1327 13387
8611 15883
13776 16974
8642 21713
7505 12392
3282 18678
15637 19842
3712 12221
416 11922
23310 27751
6903 8578
18567 21638
9563 18533
825 3634
3845 14295
22870 27586
8563 19648
18425 23600
1 875
13373 16401
21851 22607
9569 24884
8615 10160
1814 9078
8830 20611
2325 6215
10717 11104
7081 10225
8254 11817
7200 7847
1904 26752
13294 24669
5792 18300
955 26147
17080 18714
19686 25523
9832 11417
12084 18312
19188 22012
11193 12506
15553 20347
4720 6272
2604 27821
14555 25989
27664 28194
2447 11483
22300 24062
1661 18267
17603 24939
711 5677
6182 15485
25049 28063
19612 25160
8817 22802
1167 10824
10160 21552
4274 9782
11011 21165
23521 27795
1023 24589
16547 25494
17337 27327
7984 13362
6843 10670
18295 21834
922 22455
5984 25140
9842 23255
1349 4650
10965 19843
3237 3938
1822 25703
2132 25626
20862 24068
1795 10668
7410 8432
8957 12145
5768 13937
5201 13328
2582 8690
867 7983
7915 24655
10838 24122
17222 22421
3793 21143
13349 20384
21079 23175
11080 13743
1795 23437
56 16856
5628 26730
9803 17259
4701 20884
17146 23143
5208 20171
4058 28238
23963 24055
14995 16554
10283 26753
22133 25552
8705 14923
21369 25206
7948 22814
8966 23178
573 22215
689 24551
10952 18934
3781 22167
1624 25110
18176 22378
8690 25008
17726 21569
464 15280
17490 18637
10967 18594
5635 18789
9222 17562
17747 26507
3944 8717
3410 11580
13728 27988
522 18319
1092 26177
15884 19269
11286 19832
396 17250
17022 21719
8754 21045
8574 21081
13078 21745
7401 11590
1745 15399
6590 11237
4221 14695
12108 16549
6614 17416
10523 27282
7354 25454
20041 21225
12565 20953
3059 17530
15402 21304
1725 4452
8040 20974
17518 23973
12134 17695
6315 26418
9524 19857
3585 15651
7247 16734
1502 13040
1498 22818
1116 11257
22996 24659
14914 26529
23730 25523
7081 13961
5879 9685
2996 17963
12397 13625
10282 20758
7318 25708
8364 20918
1299 9939
539 27040
12667 12847
1432 15308
14006 26890
13262 20603
15286 24812
10935 19140
446 5977
3475 25986
17963 18540
19337 22508
10830 20480
597 1608
21501 24143
7152 20393
15985 19067
3420 8600
4720 22334
1239 23663
7799 9242
20849 27279
3638 10023
2342 12037
2986 3275
4012 20472
3779 10579
14753 23225
13282 21079
8893 25091
4632 27883
47 15049
5107 27506
15996 20545
20066 23510
6169 21888
577 10839
26359 27959
10961 14243
4418 6760
1567 27365
13888 22696
14655 17130
9292 11729
7544 8349
20251 26254
7836 16377
24395 24643
2894 3300
23 20108
16220 18760
10923 18281
7867 21409
853 2117
1863 3704
18175 26718
8026 11796
5996 23183
17526 24104
3851 24064
16960 21773
9147 22676
5984 24610
6253 17636
6333 27193
22550 23645
12809 16337
5989 21325
9211 10477
5395 22606
12489 23655
2686 5289
12086 26578
15251 26688
14607 24599
2718 25667
24807 27695
912 24495
9788 17757
2277 17203
5354 24313
4850 18925
2708 22947
18448 20856
7510 20408
15363 27761
13586 20618
1944 17131
11539 21481
7878 12379
16240 23696
7386 15906
847 1184
2835 18700
18318 22425
22471 24122
9895 23312
13458 17288
1104 11023
13447 13515
6239 19371
14569 26707
16679 27129
7407 27557
15637 20818
11430 20328
13830 20707
5414 28166
5989 28099
11927 20144
4123 25160
13288 25929
9378 24057
7929 21377
13675 21705
20398 27366
6931 25759
12754 27279
12279 17526
334 21407
2061 22331
20743 21849
8552 9528
4 24122
10998 18420
21687 23809
24095 26313
728 27271
9019 16515
13804 25823
19895 21459
8304 18820
12056 20953
1516 12358
1128 19080
60 23309
13614 18729
15791 20236
12492 26094
17836 18071
2353 6754
11740 16008
15523 26846
6942 26724
9896 15050
3816 20310
11335 20633
16190 22775
8437 15426
904 15645
3428 7135
850 21646
5691 8990
5989 16922
11540 20663
7135 26119
15052 27142
11997 19096
828 19576
11113 23377
1884 26851
3562 13523
12895 13931
7590 15402
2031 23351
5850 22890
9094 15519
13307 25443
7213 28163
17269 24371
23265 27495
5978 21859
9150 23318
946 1721
3206 16694
4819 19950
4123 7206
20106 22096
4420 7562
9801 10553
396 9106
13682 24101
6707 11150
6171 21433
23932 26413
2129 2878
1948 10222
6215 12708
3054 6975
12479 18178
5115 12538
11264 18894
3331 19817
10638 15321
17702 25227
6771 23348
214 13096
3329 28246
11589 15091
6931 23915
1391 23279
16108 19340
396 23365
20258 27087
1498 9583
9710 13383
15737 21873
16198 26815
4097 7458
17867 23015
11438 19760
21709 22301
5454 19794
16561 25042
4445 26931
2955 24290
15541 17967
10664 14603
4234 14571
1223 7205
11133 18972
910 24282
2976 10312
3265 4626
1066 2847
2266 16170
6305 8493
8547 22950
13688 18369
4226 24512
6221 16336
7360 12091
14106 20417
6832 13736
11193 14109
14171 17193
12399 23560
5003 11450
1711 16116
15416 15978
3301 23501
8150 11632
3177 5832
25157 27373
7923 12636
22466 23591
17004 17763
1302 15734
8588 24042
1116 26857
18211 23143
20582 24122
3420 21423
21491 24127
2396 27194
240 7632
19668 22989
26577 26615
10790 12984
8290 9524
505 16629
7085 12965
13984 14962
874 25595
1410 21000
509 27085
21151 27736
12444 24280
5522 7144
1858 17022
6868 9660
8602 15561
9294 21003
1024 16066
16961 17427
3903 7747
1657 13681
21768 24217
21450 28158
14228 22326
11311 19736
11279 17592
7580 14280
1851 2547
13564 18400
6842 11447
20958 23499
6483 7999
5254 22906
18180 22763
9084 10490
6801 13591
6878 12793
7956 15919
850 21228
10114 12056
1672 9290
2278 9552
20469 24182
1 17
22183 26476
4408 22186
16986 21798
16652 17535
20657 25220
5543 24623
12396 13211
3430 19442
1126 26407
4665 14082
1017 7149
9260 23610
4943 5989
21306 26599
12262 27790
566 26546
6573 7475
13504 27751
2104 10248
17153 20363
8921 11457
13461 16595
106 17355
1680 27125
8388 16887
16466 17013
4360 14964
11628 27625
3231 18987
11300 27733
3410 4580
401 16770
1933 2227
7196 18819
10487 27016
12248 20969
4310 10870
6934 13891
3741 27609
6328 7358
6495 13038
6255 13847
237 19701
2883 9874
10680 12760
1106 27932
1469 27976
22983 24498
10756 27795
15178 21474
6888 20799
13440 16998
5041 15293
23688 24676
6017 22845
2751 12512
20044 24952
3055 3730
11712 17448
1925 20147
8474 14793
4063 14696
3458 20137
27191 28044
865 25283
3338 9150
22446 24372
393 7725
1275 11640
11621 17684
6576 10701
15870 18015
5728 15964
1851 16367
4639 21384
10691 27867
11251 16964
3404 27201
24950 28166
17963 21831
5614 11654
18457 18703
14781 18021
3197 15470
4123 24671
2740 4477
6667 28179
15911 24267
13796 21018
3001 5125
1440 25525
11224 20978
5548 12858
1722 18792
13984 16311
16974 25270
2708 27926
16369 22135
16587 18176
420 24991
19909 26975
3287 10764
2880 8937
11880 20667
2356 3204
14361 25966
5866 18328
5519 14029
11562 27898
7228 24571
1184 5249
12881 20977
14163 18113
11809 12643
1730 4519
9524 10312
10573 22588
3859 9465
1099 3419
2961 27898
13567 26920
3806 17279
11975 18924
18270 22729
5717 16938
5288 16941
11967 15529
6076 21716
1417 26717
4052 19004
245 7861
4580 9215
2270 18751
6426 18206
881 24589
8930 14165
6490 22340
7508 15224
2958 5506
8291 25509
9494 25095
17832 24813
20340 21251
10525 18956
11859 19169
14428 24059
12192 15464
17630 23300
757 7271
20726 22135
4216 16899
20274 28150
16939 26836
6426 25468
13350 27742
236 27800
5072 12496
7944 26891
2341 24772
20564 20958
8287 13616
2296 5114
2375 22829
5768 23415
10974 17963
7783 26582
670 6767
10393 12556
824 10618
664 17259
3288 6183
11300 27770
13810 18418
2022 23384
15988 24706
6085 20581
88 25848
5350 24628
581 6126
7323 12056
1030 4065
2474 8807
9252 21021
9153 11839
13378 19414
7819 16152
8715 26437
22031 26197
8845 25475
2118 21070
11356 16245
9195 17869
6188 18259
18557 28272
3410 3411
11451 24443
6206 8148
3734 15920
8529 17832
7416 26601
20132 22416
17351 23289
17793 24492
9944 10741
6801 24068
7399 17983
23409 25361
7021 8679
5354 14672
577 25487
33 5327
5896 23317
8864 26880
5543 22566
8982 26963
5691 18155
17247 18662
9141 21815
6013 27514
23679 23932
14431 21126
10945 18575
8921 17568
10173 25415
3488 11216
976 26665
14555 19995
922 18628
3379 5128
6402 16987
7286 22321
406 4741
7852 9286
14558 22040
14076 24179
8075 13676
2096 10559
2707 17619
17541 21194
9851 14954
11571 20959
13809 27405
1236 27710
3643 11076
14997 27206
10717 14851
7367 25076
872 3648
12896 16328
8974 13772
8828 13568
7985 22925
3098 6166
22026 25823
10592 26681
967 7205
220 13036
12452 17592
7166 21423
277 13220
933 23647
1302 9369
2141 4538
9115 22121
724 13045
6222 25699
2679 2921
400 20136
11218 15727
1008 9720
1878 19813
16999 22080
5958 28235
9369 14513
20582 23265
23916 26675
3482 26571
560 17397
9090 17795
9806 13091
1936 26908
19276 19729
12411 19989
5021 14289
10270 10559
3518 13155
2311 25108
872 3661
14881 27709
6363 17872
11400 13106
16403 20488
13104 22820
5510 8478
1214 20909
10762 15493
21354 23983
7915 11099
8896 13203
12228 17304
4833 7406
14016 19487
5116 22215
17145 20527
4424 9429
193 23932
7244 16054
11580 12078
10298 13291
7779 19759
4111 21506
8586 9642
1311 21522
1756 15995
3090 6251
12069 13222
8893 15964
4738 18313
7512 27720
3605 23915
15314 21735
2518 14771
3848 23929
16845 22984
12396 16328
6874 15347
8943 19371
10767 27013
22889 25610
12956 24028
12444 17657
4177 7948
6263 12369
13595 24681
15158 19171
7747 11080
23080 23870
13300 24861
12706 13109
16840 23198
3970 21407
3063 13970
6370 24576
2177 17527
1645 21327
6974 17382
7888 8114
3589 7975
16026 27221
19666 20092
2711 27605
1606 18128
14309 22787
7975 26201
1143 28044
17404 20395
1268 13875
14418 20162
3808 22361
17067 19470
4363 7935
3690 5764
485 5989
865 6350
259 7481
1140 17755
3326 17075
7205 26313
2038 8140
6326 22058
9720 21430
15907 27433
10360 25945
7091 26710
6172 7996
23445 24839
3135 13626
2458 18176
21207 27494
600 14273
10234 17316
7965 11262
13793 14153
4650 7188
8405 13759
20931 28156
2491 23193
9992 14530
5598 11778
5438 9879
12851 28080
13591 18280
22947 28155
5710 6209
12542 25124
1911 10421
2412 12420
13515 16367
3871 16628
10900 15289
490 12997
1936 9078
10584 19313
8924 23653
12368 16686
1849 26608
9129 9704
12043 16049
4543 20687
3002 4221
21835 22766
9617 21102
4463 21949
13373 28211
22790 23258
393 9940
12043 17181
21070 23643
1699 5976
11343 15840
7698 11846
11571 21326
6336 7289
8555 10653
1178 14581
9777 18034
1351 9429
9853 20616
15087 18304
22061 25039
15443 18415
14763 25545
2015 22476
16979 17748
10970 16773
3378 18107
2617 23397
24029 28088
711 3253
21878 25586
17696 24976
847 1249
20275 21433
8781 15022
5405 9717
4649 27296
926 5082
12724 26643
12779 27698
2485 18422
8730 14150
3160 19326
21373 21633
15694 27702
10311 24023
2438 13373
24177 25602
319 14835
3522 18833
14873 15804
16942 22522
1138 22850
17214 19140
25830 25908
126 7584
11323 14970
16983 26547
7985 26775
22565 23392
1399 14767
17031 26163
6283 10701
9780 13186
1306 1695
154 19579
7439 18419
12067 22986
21079 24862
3923 12614
13528 22040
3279 5040
5984 21638
1740 18016
10061 11795
21041 24325
19150 21172
17769 18358
24148 25309
12674 23016
13873 27491
17800 20368
606 16467
10189 14609
26405 26846
12277 14996
3809 25254
15794 18955
9312 14588
13844 24723
5263 16582
6877 16955
22526 25973
4960 11748
13564 19140
12169 27078
505 8770
3669 15120
6345 16488
8293 15426
8588 10846
5084 21194
11641 12404
12965 27464
4287 13756
8730 10962
11311 19817
13527 25731
14633 25107
22399 24650
705 15291
5932 18760
19334 22636
1477 8509
5949 12941
10357 27203
23391 27676
11581 14290
4819 15268
10460 14044
1410 4123
4726 13175
24811 25882
1025 16121
8057 23075
19369 20688
2027 18269
11363 23520
10701 20723
985 24521
21405 22487
21958 23633
9671 24790
20813 21984
5150 20789
14136 21477
4580 25140
12596 27959
2874 19011
13016 26061
1669 3761
14124 19811
5383 13343
9416 10209
1223 21692
15829 25062
14658 15402
18755 27495
9859 13110
13820 19650
11041 18272
12601 13491
825 11450
20780 25109
3882 24140
7074 11080
9575 20676
10321 24362
7846 8872
439 8866
9089 13036
15670 23193
1744 21798
4878 24603
2627 7830
6601 23083
19169 21115
5249 16679
3080 14260
884 21695
13262 21016
10090 13831
9683 26057
13301 16560
12570 22363
3810 27080
9330 25999
5418 25603
9086 24434
198 22227
7498 13328
4209 5009
12864 15952
19004 21429
6536 17787
5368 11152
13168 22448
8677 16559
18304 19982
13407 22498
7479 21853
14771 20479
3307 21067
20956 24127
9490 19347
9438 23696
25638 27275
16470 20300
8669 21177
1311 8220
8797 24477
5435 25865
1714 27136
6801 9906
9901 16620
5510 13018
20323 22992
7348 15554
9278 13387
3162 24665
3206 7791
19857 20498
10061 26265
1672 9869
10954 26740
6629 14304
9801 9841
8182 22996
14210 14584
6134 18745
9649 27676
16668 25684
6656 14842
5617 18263
827 1147
12614 27527
16726 24114
24836 26863
115 17057
1589 23785
15967 20578
682 9051
3501 16413
12257 19086
5605 18558
7111 24910
12444 21638
10929 15548
14514 27032
16054 24568
3587 3856
16168 16863
896 19325
957 20041
9487 10927
12804 15642
6594 8770
15964 22785
13123 16210
18753 24577
17585 18643
9774 19482
7793 21438
11659 26294
232 9324
11688 19621
10024 27365
16401 19294
3940 26549
1036 22949
2022 2061
2301 3522
11559 13093
8799 14693
14090 27162
10939 17420
18177 20963
650 24799
14752 16373
3925 21010
22535 24490
20876 21353
5047 18574
17998 23307
1608 16660
18884 26324
6220 18145
22558 26752
11314 14437
10132 13810
6765 12558
7915 14145
4606 14304
13225 13580
7937 20950
11049 17126
302 16984
2463 11473
2673 21593
4085 22203
381 5082
4066 22721
8367 27140
18679 23932
2303 4361
4237 9795
4962 22423
11346 13317
8074 23691
86 24491
20639 20876
2104 9215
128 9395
18626 22415
2280 21010
7410 17630
4299 14586
9859 27731
6402 21616
5989 17530
2250 15867
14830 24298
11665 23997
19004 24145
23 7290
9077 17599
4758 22678
20743 26786
13024 15440
6069 13129
2808 11255
18999 20758
24256 27937
261 21898
17686 20749
4310 16588
9638 22548
1056 17423
9991 10529
3354 5691
18099 22901
13370 17097
4489 4721
5957 23997
13597 19934
4168 24539
21448 22054
11702 13422
9396 22577
11334 11564
3293 17496
5091 19494
17324 20341
6299 21002
2667 7852
193 21438
18474 24430
4282 22319
9518 17299
11104 26134
8291 25270
10838 15347
17832 27696
8686 25729
6350 10876
24182 24606
14648 27756
3683 11303
3687 13477
7190 15251
22319 25644
3437 16166
4830 12016
9632 25992
11987 27904
14219 21000
3254 22570
5054 27833
10915 15452
22844 23086
3014 6843
1900 27224
9563 18679
7210 11479
2381 16354
7079 14796
6573 17443
18520 19447
19776 20646
16963 25201
9730 10393
13112 28236
1008 18708
1178 11562
5795 24637
18594 26549
8069 19776
10839 17926
14168 21886
1435 15018
11094 15916
3732 13395
11457 25655
1438 8924
1225 22882
12275 23973
10393 14445
8151 25547
3407 6295
17767 24042
11409 27274
8384 18565
9895 21692
6645 26300
4581 19111
7033 10178
12729 18951
9319 24610
14306 21727
196 3296
9120 11977
9461 11323
5087 25823
7114 20424
13185 20061
17159 22949
21339 26359
13209 26785
6177 23679
3593 14437
9507 17654
3488 27795
11092 22610
8555 22012
2806 25823
7429 19001
13948 18669
7021 22784
21794 28254
14031 14239
943 4552
4248 17906
688 22787
20282 22857
4745 5438
20007 27259
14641 27817
23988 26213
17028 25678
14228 27129
11486 24427
14642 21323
15178 17957
3762 9574
4178 12250
9315 15920
3794 5413
11999 22325
6242 14443
15734 23282
19516 19874
1817 10733
4535 23655
17219 25805
8096 23335
5864 21635
8224 20008
3374 27373
14941 24419
2696 14967
5273 12182
20332 22889
9572 18589
6639 16036
2494 14038
1073 26555
6365 10652
18589 21371
19802 26409
6931 16963
2151 6990
6209 8811
7950 16172
10839 17173
6957 27118
3425 19863
17696 18458
14499 20612
8108 16968
7355 20527
4518 26404
1000 12403
899 9350
7311 21390
15334 22522
6267 23365
3806 27218
3287 21800
1015 26608
17941 27356
6379 26442
9542 17963
596 12689
11207 13349
3024 22182
16311 27274
2445 17098
11946 19977
5989 6126
13347 23141
7243 10619
2701 24967
14822 21950
7289 7487
17930 22507
9838 13945
8830 22799
1860 8954
564 23392
154 12711
9148 16987
4408 16036
6268 25059
22379 24830
3810 10690
19354 27831
9252 26266
13235 19315
4030 17013
20523 24055
3147 21809
2024 20007
22919 25750
5978 23082
11982 24819
9305 13663
11657 25321
4444 13877
15235 19180
11852 18359
2927 4708
3285 20009
2596 11311
7639 8586
12356 27060
21717 28082
6026 14594
7627 21053
8924 9417
5580 17222
2748 10042
16619 18286
2598 2894
19546 22794
4066 24611
6725 26038
15633 26820
18679 18692
18472 23046
14857 27020
1275 19697
9811 15691
9179 28278
3609 21688
18061 24062
10920 16350
7205 8182
10562 18433
1740 18465
10815 21891
5473 6788
2250 3819
2547 15749
6167 8487
580 8413
11011 23982
9858 24166
19569 20162
7443 16590
1519 27570
9291 23853
4235 16739
957 26160
11848 24997
3997 18010
14449 22651
485 23600
3331 24601
5389 11495
13134 13195
12516 21890
8990 15550
715 1846
1005 21811
18178 26740
867 7205
4849 21294
2447 23111
6793 13270
17714 20666
7053 17348
6335 22369
4642 26589
1657 23736
23214 23803
16047 20731
7443 22011
5485 14010
18371 18468
1015 2701
13091 20649
15847 20824
18217 25957
10209 22052
10569 26220
19853 27569
24061 25249
13557 21266
9065 25608
11434 22960
1353 16629
10405 11504
2890 18963
4408 14021
7922 16805
16136 22553
6706 9115
7412 10444
2092 12228
8500 14706
3788 10309
4606 4725
14835 24922
11989 20667
26053 26173
9012 21770
2232 24922
9932 22566
16276 18924
14767 20387
8366 22565
18001 25163
16026 25121
10889 23467
9030 22417
7807 17996
17098 25163
5734 10294
16582 23143
6026 23445
3912 8938
18321 21585
13419 14155
17018 26193
8614 22893
2383 12542
10821 25750
18281 27501
18416 26937
12970 22617
2206 25039
11712 18546
10990 25689
1717 25116
4442 19169
20158 27704
20316 25822
4329 20347
9214 14313
18434 25187
20042 28067
1 2514
16470 18160
24615 27613
664 11006
10962 28146
16542 20283
3476 5809
3820 13086
7014 24939
1902 19061
2803 18594
3585 19253
8151 16184
11692 16311
5978 17530
6497 26753
5989 7929
14513 25591
3447 18354
10608 18013
7169 19731
21344 27221
14711 15603
4130 21332
11352 14044
9027 9243
20023 22418
5850 18931
4381 26728
11450 16259
4971 7163
14001 17814
16749 22617
1294 14410
5486 11122
2153 13057
10937 27557
1786 15592
14162 24543
5153 19188
16323 19590
21611 22940
4433 15893
8279 9528
4246 25384
12992 27542
13399 24069
12881 26958
4642 26024
11034 17649
8160 22539
13405 22283
10209 20841
13807 21864
3273 26163
7265 10289
1881 16412
1392 9398
21079 23719
465 17020
718 22031
2379 7209
3262 7274
12225 28194
1197 26854
16373 18821
4216 21802
1971 15748
2325 10998
985 9368
9192 23016
10097 19135
161 21138
11859 23983
19857 20503
15375 17232
12037 25750
3640 6539
3819 26641
8169 10489
1884 21968
3997 6994
14998 15047
11115 25658
7290 14452
4611 13703
13270 17120
319 25185
9632 17512
3399 26877
4624 6235
5240 20083
20406 27726
6166 16210
9465 12927
7121 25163
11207 26745
12950 24323
20671 22431
5550 15376
14057 16998
7007 12109
10284 18521
21587 23888
14038 28166
12757 19056
4732 26949
14137 23733
670 5331
867 9601
13517 14823
21581 23159
2671 27611
10547 19315
1853 3240
1860 20904
7643 21201
5989 25414
9253 24005
4321 7375
8282 16429
3838 11949
1719 23602
21690 22135
7216 24069
2466 8046
26311 27821
21038 25855
14777 17975
18704 25472
17455 26808
2092 18959
9053 28181
19045 21209
8307 9864
25138 25414
9438 28159
3971 5642
9033 11166
12616 13099
11248 27017
9086 17214
10039 22503
11931 23099
867 21389
3154 7002
6753 24240
15670 19273
6402 24278
14474 22649
2096 10935
5723 14296
6613 9012
23761 26457
18862 24209
6370 16158
9923 10197
13806 25062
9334 10626
12237 17774
16261 25564
3979 18563
19424 28046
13431 26048
3708 4302
9237 9896
6349 20797
25167 26026
1469 14865
862 1199
10244 25381
6101 26172
20423 27908
3598 8746
13468 20990
12802 23034
11416 19068
10508 23698
806 11998
3080 9939
14513 23630
12332 21704
10187 11661
289 15047
319 21171
14604 26030
1950 16887
425 8116
22650 27128
5456 16223
14993 17916
4603 15120
3636 5472
819 6861
3121 21139
3919 7089
23822 24019
14469 24500
4586 18384
13876 25607
10950 18474
1242 18257
3159 5734
4121 21824
16981 24660
9226 9590
12291 21026
245 13699
4020 18464
4737 7429
3575 26371
1900 10981
10584 19331
4295 11491
12839 17870
1635 2387
16890 23265
3228 24336
10444 14032
20099 21523
22546 22553
4285 10003
4130 8659
18137 18252
3427 18798
12206 18777
9094 16593
16206 18520
4026 22959
9033 25836
4728 20409
14971 19371
16467 25301
1212 14500
9643 13887
2245 28031
7557 8632
3456 23395
7410 21372
823 6719
24290 25229
18050 22696
21946 24534
6154 16501
3882 9765
3733 20577
1410 8315
1259 7702
15661 18115
867 11382
5609 20558
14972 21438
20492 28044
1489 24915
18218 23384
3904 14178
7016 25245
10917 22983
8075 20536
902 6552
21328 26700
1391 4640
230 26985
3466 12024
10449 18823
8991 11784
396 15580
1382 27823
21026 22477
3401 18366
16269 22352
13524 22025
341 8781
8781 9465
2028 19111
1142 8155
3382 24029
16092 19220
2925 10068
6695 15659
10767 11084
8766 24586
15397 18604
8437 16865
733 1925
15293 18787
2719 5284
1382 16373
18679 24795
2647 3122
4445 6996
3267 4993
20162 21781
8781 20258
19276 23128
9260 10825
8515 16890
14361 22464
19537 20166
2375 26284
1622 17115
8425 16535
14891 22311
1621 18823
3882 17815
7314 12549
17178 18121
7390 7447
7751 10390
3258 5832
4963 20909
2638 8309
22437 27923
17530 27737
19247 20743
14970 23846
11711 22245
892 5933
17114 20922
3257 8726
3024 9951
5208 21647
3204 17988
1822 26858
5883 19601
16931 18057
12205 18369
3169 23914
11080 22824
17214 20424
4890 23062
13718 24294
7528 13911
4968 5201
21192 21545
21616 24278
583 25349
4967 15224
27790 28099
13406 25975
10124 24229
15618 26982
4216 13268
10318 21090
5864 12109
1168 26114
2015 2191
4671 9863
10676 20344
21154 21564
15996 28273
22977 24049
12049 17557
25856 26447
11696 27016
3098 8376
7442 16919
5859 17787
6881 16063
22492 26581
10792 20551
660 22366
6926 10734
5557 14106
1036 27447
16149 18302
3205 10431
14559 26733
5830 7560
689 3582
16527 18673
11171 12485
3163 24459
18682 27867
347 18442
16983 24321
11722 18311
9326 16748
3253 12383
9260 16890
2834 24172
9915 27152
5290 22384
15892 16867
7276 23093
9294 26075
8292 23286
6085 15384
4821 5377
2189 8158
4489 23377
6806 23128
2470 25683
16656 21499
5866 22517
14675 22165
3411 7719
2280 4892
710 27563
10440 19947
19145 22230
3728 5725
20605 27042
14782 19337
15063 23513
7211 20082
15575 27180
8806 15376
10937 13810
3741 7347
12573 22311
5287 7472
21304 21407
19132 27223
4381 14802
1770 23915
18860 20713
9460 25443
1543 9300
18698 19995
3762 8003
18696 24545
2303 9590
5832 17674
11692 13282
794 22638
3993 5371
21345 24457
19134 21470
13408 19876
22956 27512
9356 18663
4730 20137
874 17585
1067 8496
11796 26161
3985 9783
19217 23551
1714 3253
25666 26134
10406 19470
3022 4264
8251 10432
3900 5004
737 28181
7891 23045
23365 26088
1548 27841
23265 23722
16768 22998
7999 15032
14099 25306
6489 22446
2738 20486
2721 25759
6777 22219
9438 18993
4087 22409
6737 9165
11119 28147
919 10393
5204 15736
5886 14016
2981 14434
4918 22941
9927 22080
7222 19451
19010 22227
18027 18559
1814 23864
9716 15169
3522 13327
14703 21244
14113 18529
2894 16470
23278 25267
148 19683
13473 21776
5930 7147
4670 10162
11827 18630
6001 22285
3045 27405
3944 20836
14887 22698
9219 12361
4853 5568
7990 18187
18011 23345
1830 21003
23663 27927
14954 17177
5088 18481
5883 18019
2379 18758
8772 21135
409 8042
2358 3709
14830 23942
17593 18304
19442 22327
5658 21667
10493 21131
9843 15985
2828 16597
10303 24138
711 18403
13250 21906
1871 19004
11261 26717
3663 4868
810 9250
14917 19546
9980 21991
9825 26387
13245 17460
17056 19417
8825 20958
577 14424
13232 20162
1780 10389
10029 21086
6156 27787
4646 9581
234 20395
25957 26077
8112 18225
10190 23359
17586 22986
14215 17735
8330 23415
1259 18704
14335 18719
16238 23488
1859 3566
7830 17846
4607 15402
19927 20337
753 6876
2485 9918
5371 21887
1645 13221
10076 20069
21139 25855
9219 24974
981 25451
2831 17189
2954 6940
5970 8291
4528 24122
2677 14336
12931 16781
2409 13700
9838 22659
4207 19921
25063 26689
5039 9614
16582 19566
13405 28156
4512 5605
6763 15693
13946 21377
855 13683
10498 13807
1919 24122
10444 26823
1879 7768
8352 19305
9367 25254
14 13556
12462 14254
6110 9087
23571 27633
9857 18776
1475 11119
426 24477
19819 25713
19712 26312
3169 8970
2721 20421
5176 22040
211 12459
25794 26459
18718 20901
6365 8750
6882 13609
3733 10913
9842 21237
8105 21201
1966 9535
23273 26177
4646 15299
7835 20586
3121 7741
8841 14537
8985 26229
1713 25636
565 8807
11061 22416
6102 18411
2009 3755
4207 4581
20005 23891
6511 22591
1138 4823
13707 14393
14737 18963
9367 14971
19349 19812
11858 16036
7873 25372
25813 27726
19336 19424
12565 17115
3874 11368
11945 28014
22829 27795
418 19497
193 23083
5721 8872
3463 15286
6331 20365
8290 25996
17562 17803
7896 21846
14061 15561
11273 11880
4360 6673
2075 3530
11318 14886
10333 20862
12195 13515
8075 22936
9067 15108
4108 4853
9228 27444
6572 15288
8163 17630
23791 24075
25272 25410
1920 24637
4328 12679
10012 21794
19129 26005
9454 17953
1692 12564
20362 27867
7571 22337
12218 23983
2681 18369
1688 4999
17963 21726
12357 26876
17773 21139
3858 27690
2304 23400
264 13973
18524 24915
1126 26235
3666 15470
23271 23789
3010 20990
3580 5505
1860 16025
4826 14823
4557 16656
23077 23253
7469 18280
1970 7320
21083 26085
16915 26845
4758 17710
8162 18822
2025 17458
11443 19941
27368 28009
3146 20873
17944 27856
4102 26391
8972 16193
9795 18690
2022 19570
4009 26781
18155 24292
2247 4859
6783 15077
16739 21289
650 21159
1888 15791
1121 21909
24005 24521
12380 23134
13471 26113
3146 22608
6869 24339
23034 25847
7059 22814
8948 22010
13005 27211
13754 24042
5569 22203
14830 14965
8152 8430
4165 22379
2636 16259
4256 9356
22746 26258
19784 23176
10622 25174
4148 27429
14558 27970
16216 16805
1134 16752
11207 14753
6009 23422
546 21266
25607 27382
16210 18823
2045 23955
19068 26327
6321 8675
6656 12602
1272 1753
7005 14993
22210 27954
4070 20200
11495 14910
7961 14970
8254 22074
793 20233
22519 22857
8703 26320
12318 26417
2602 3599
1686 8717
8770 16320
13623 21269
11260 22481
313 18224
4375 7536
16656 26665
4468 7982
2378 19824
814 21952
500 23935
4072 13359
6517 16232
808 16623
21901 26824
1755 8309
2966 7214
4607 22015
18867 28056
2051 13622
23696 24019
1441 4192
9231 15325
2631 14586
867 23914
12565 23911
11134 16094
7610 27841
12634 15473
1103 17089
20789 25734
8796 17144
19336 26943
20503 21257
294 12399
14048 22968
7944 28275
9137 26261
10879 13960
8811 17496
4997 18434
16184 23082
9333 15268
11809 19548
16386 20622
24865 28059
7965 20462
4218 27693
75 22997
17759 23056
8225 8558
7139 11946
19714 22564
13978 23825
12383 18541
20480 22379
9702 27453
10711 17200
13343 20427
21283 26698
6204 7465
4095 4646
17750 17784
6239 8597
15658 22978
12561 23846
7768 14804
14237 17955
21974 22884
4918 19496
11993 18823
11479 12558
21545 23665
16467 17685
8870 11522
8363 12416
27579 27664
5978 20437
3761 21118
7587 22568
19073 22945
3264 13154
23459 26583
8413 9231
10961 18027
19935 27205
9998 27179
11494 22496
9717 25363
26349 27087
127 21029
213 6477
5228 16658
1727 10698
16228 17571
814 20924
14309 18974
10235 15913
223 8775
1740 23833
1497 16941
3317 5079
10510 18904
11431 14969
6710 8938
13362 16338
17456 18308
25163 26270
24947 27223
23066 24861
10645 27428
15369 21359
17120 20420
15236 23658
24971 27042
13373 27162
1795 9465
3342 15748
2387 13864
7623 17338
12493 17364
24904 27795
12973 17063
6248 8730
1878 24303
18661 21079
1415 14696
611 3846
10634 23256
16152 22581
6627 8032
7288 27655
25564 26799
16794 17799
12504 13757
22012 28272
2724 6879
689 24719
3997 7205
10865 24461
10368 26841
15496 18878
24378 24950
22699 25236
11725 23863
19513 25658
16949 18784
12184 17598
5065 14933
3154 12674
3166 15597
3728 19337
2187 14140
14825 22882
3389 22761
10278 22029
10039 17743
8806 18115
18775 27973
294 10747
20671 24061
1292 5528
11418 20716
8669 25421
5519 14170
6987 12543
19143 27912
19909 24947
1440 13534
4737 24374
10490 23993
10935 21057
7332 20782
689 6390
1343 17263
7135 17769
16855 23538
21826 24313
9940 9968
27555 27723
2093 3378
454 27042
8143 17056
10114 14390
1573 7635
23292 25711
7631 12115
1399 15190
6517 17146
10767 13542
6970 9226
396 3314
12686 26899
178 13831
3422 8151
3265 18920
5327 5815
890 28277
2222 13313
11963 17819
12753 20332
5207 14570
2677 9876
4563 9281
15030 21279
6240 24400
10713 14371
22894 24062
7123 21093
18679 19853
8806 24415
1744 15307
9155 13168
3374 19839
4139 25972
193 24136
14857 26683
3125 11182
16195 17892
11080 18354
22122 25476
8279 16027
3823 5173
5669 15133
4689 6177
7256 27696
10560 19061
7288 24955
19275 20123
76 17936
1209 27467
8837 13920
10057 17054
566 27867
14212 22747
8410 26038
7311 9479
10080 10449
2447 15432
898 12085
4097 9466
1254 21929
2256 22445
20621 23823
1141 27151
2891 10900
1075 20799
14438 25247
3950 11351
711 25547
1086 25306
9112 13787
15703 24228
11417 13199
4780 4858
6591 21696
19139 27467
1634 4686
19542 26716
459 11642
2539 20172
5219 27819
4967 23686
1060 6053
16328 24807
14033 25039
256 18423
1015 12444
11080 25283
4423 8541
14349 23251
5716 6439
6517 11030
7386 11637
5676 21657
1263 14092
21323 22476
259 5918
8249 18371
11248 14707
19001 20998
23738 27652
3392 19177
2527 22977
8708 23679
14451 22483
19584 20749
21135 26604
2067 4918
16940 21791
2667 9654
24148 27117
650 2927
3678 24309
13224 25059
2010 7079
9920 20434
16118 17395
17278 25369
464 21767
128 1142
7354 26261
12789 21671
9847 23083
1489 18084
10247 20545
1058 1469
17232 19772
10068 21797
9214 20061
3164 28147
9049 12193
7414 20477
1399 25397
10326 17716
25748 27885
12011 26752
18771 24238
6637 13773
13183 26098
21016 26922
8057 22112
1773 19364
905 16953
7626 19061
2324 8395
5104 12945
8344 19775
5796 25009
86 4383
5721 8958
2995 4789
8285 27932
14555 17115
14671 14710
15682 25894
12437 18267
2192 14317
8142 20640
26317 28278
906 14033
8384 18003
7624 17046
18620 25081
4101 6177
6004 14713
9666 27635
6103 7140
6894 21118
4166 26284
9523 14855
8016 9065
2392 6844
17637 19955
16542 21793
6261 27074
20289 22068
17626 21323
14308 17836
6589 24598
852 5354
15951 20200
7751 15520
5112 14555
20503 26753
14828 16734
9333 26010
10462 26193
1636 23295
10213 21051
4206 5147
6604 26758
6656 8356
13564 27715
5645 8223
3667 7984
8268 16803
403 9660
2533 26721
11616 18162
14679 21337
2905 18659
3947 26147
6146 25628
9234 16879
2645 3841
13199 26213
430 6268
961 4528
12783 20969
4561 21038
16187 18770
2408 13442
19906 22014
4061 20786
24138 28072
23617 25743
4205 9850
11359 21269
23892 24294
10711 22410
3256 23579
8521 19048
7584 21792
2547 17564
9065 23976
4252 9557
10294 27046
10024 12260
353 23600
3357 17762
63 17896
2198 7757
8680 25972
5979 23086
4946 19713
15418 18921
5614 22285
15666 25977
6351 27690
10279 22776
12291 20245
22334 27464
10279 17367
14633 20309
10908 26624
2015 11975
2802 17593
7205 11431
3447 23712
4408 6069
192 13163
24057 27396
6898 8269
10982 19601
9881 24255
8437 27314
1020 1726
647 21919
3738 25713
11484 27021
5177 25490
2431 28054
14303 19863
6767 10286
5832 20464
1948 9563
15808 22205
16941 23046
2521 13756
17986 21881
17027 21406
8242 23907
11337 20118
12424 19852
1832 21139
7987 25368
13261 22860
16981 17965
16979 21849
14853 25272
7523 26927
13745 14894
6439 17112
8348 12285
12655 18009
9524 20498
957 10956
14631 21118
18649 21907
20313 27042
10390 19467
899 1900
15628 22331
10963 14301
878 27771
1332 20369
353 27535
4248 16509
13847 16845
4833 19692
18427 19254
4581 4706
18679 27563
17094 25639
4325 24279
3708 26672
9249 18037
13704 17756
1349 8893
17400 23198
19068 22176
9018 24148
18619 24884
19061 20719
683 24558
7439 24855
5587 11080
12852 20876
10908 12467
7602 12888
12901 21166
15981 22989
13889 23699
22159 23455
11085 23219
11985 16184
11177 11832
314 13141
833 20615
6018 26868
16754 27758
8309 10385
3622 22144
11614 21685
4221 12447
2728 9998
2001 27990
2255 4134
16742 21919
12134 24095
22425 24779
8065 24631
15695 27986
9185 19787
4860 13353
11200 24752
1600 8310
16467 23894
1045 12340
1858 9055
5004 17907
3886 27312
9367 21724
1412 15600
1512 13776
12351 18808
731 8368
9866 22469
9226 20258
15713 18322
5160 15558
3186 6761
1349 10265
1113 25043
10837 21296
14969 23788
443 19775
5691 17880
1298 5692
7023 27899
1487 19123
6130 20437
3711 14343
24169 25658
4168 8291
18520 27867
8434 11716
4362 23703
13343 15085
20586 25165
14082 26010
17326 26640
21470 22415
89 15008
7379 21680
7324 11819
10447 16333
3892 12855
13681 18507
6507 15575
2031 2319
23219 27075
17665 26166
3086 20754
14991 15829
2559 13199
7963 8977
12123 13913
21742 24187
12120 21616
15766 25282
14551 20939
18610 19502
19140 24148
1581 18552
16806 21609
10937 27046
2892 6934
25433 27152
7542 22581
6579 8982
6072 11603
7312 18627
21407 26784
3275 27430
17955 22714
1440 16439
21546 23831
15561 21269
15067 15749
4594 19002
8120 14835
19704 21852
16444 19546
7423 7762
2832 7950
1843 10498
10833 14879
11603 25806
5620 14024
8660 27073
5229 8357
6738 11483
17040 23083
3215 26717
7867 26404
1167 11319
3152 16900
19552 24950
8824 14468
4753 10160
4367 27505
12532 15578
7052 23111
1171 11039
1638 6431
22594 22769
3411 6048
13802 20633
15497 23034
4627 6326
3641 20308
7747 27152
7734 13382
10822 20626
12383 16094
508 15790
3244 13564
2336 21797
957 1797
19576 27197
6868 11773
2686 25214
5466 9368
2092 7497
4979 19567
1717 14791
747 1089
1358 23978
2041 16540
1049 14344
11356 12107
11599 23225
2362 14957
3253 25555
2536 4379
5792 6793
8904 25828
3364 3913
5861 12428
15265 21569
11483 21692
19005 27442
1406 22286
5716 5722
18413 25805
19817 27314
11436 19397
2726 5771
24745 26754
11778 26218
24122 26468
9536 17201
590 27828
6932 13951
15554 23444
16134 25735
2655 11789
14560 22444
10743 27873
9823 25389
2180 18997
3342 7348
8830 18659
8708 16863
3970 10876
8623 19835
13863 16025
10337 16198
14407 15969
7927 25345
7916 22517
19348 20355
6965 24948
8057 9660
990 8159
92 2170
17578 18021
1888 14920
16536 25279
3389 24330
15056 24798
2093 18264
19031 23867
15661 18945
3108 19943
1309 3756
16884 24674
1628 27016
11106 11627
1609 7595
15119 23752
21628 27383
18210 28179
497 25232
19641 24616
9536 16059
13006 23197
4646 25735
5359 20537
14686 15547
6612 11258
392 14560
17763 23251
10945 20166
252 26750
8451 9816
872 13894
9544 27782
11050 22031
1281 17552
1052 11816
9530 24950
15271 24380
19611 22328
309 24288
11597 17437
23987 27868
4945 9198
3356 21079
4660 16333
5749 17782
10740 20250
2432 9274
17891 20431
5913 27913
10230 24062
17543 22283
13221 19714
10660 26998
727 22192
11124 27092
5206 24130
1773 22460
10535 16249
4886 11207
5655 22227
7915 10309
8473 11603
11866 17198
6051 27579
16919 26092
15753 19594
4076 5916
9215 24745
2305 27961
864 13758
13351 22229
17497 18214
4736 14519
7937 21168
8705 12252
1691 4439
1047 27909
15271 19180
19173 26932
2635 12956
15179 20509
3390 12565
6529 25513
11417 20217
5916 26457
15701 28054
17024 19343
485 6269
14344 15661
13309 23738
9829 17071
2665 20836
81 6182
18852 22325
92 4640
7881 14369
24904 25740
5971 11430
4198 21623
789 14572
867 26649
1438 25716
2648 22973
15260 26565
7637 25839
25638 26065
6198 9683
7478 18369
5706 8293
19445 22411
9922 20408
10828 23113
21204 23459
12569 27745
1434 20633
3846 25453
428 5986
10057 11059
10882 18074
6591 18400
9250 18730
3269 7950
14153 21719
11356 19001
337 7368
147 18464
11015 19502
11450 16887
26795 28181
3893 27541
20590 25975
3733 3900
10462 13255
5377 24238
23807 24616
16964 25626
25918 28053
4197 23469
21314 25658
12077 26505
23430 25495
4415 11258
17754 21074
10297 28238
11051 22092
5082 18565
199 12484
20222 26683
2250 8003
23115 27121
4192 11450
7804 23858
4563 6431
22040 27152
14764 16956
13134 14971
2665 9989
5393 17603
6131 28159
5277 21443
3714 7200
15861 16785
416 5274
609 2328
389 13603
1613 22996
3585 23874
12937 15914
2126 14901
7945 14042
10787 17303
13091 17057
2449 27790
3287 10205
9053 28109
8646 18416
15286 17505
1925 17582
4965 16884
8122 26244
5355 15443
3167 27190
2405 12450
2648 20130
23730 24669
15442 23522
8011 25195
8308 21563
2376 22507
13582 22956
3316 27619
9154 19340
15377 22925
10488 26976
13518 23455
3842 18369
7176 17161
19813 27660
2468 11697
14477 14907
8469 16368
3446 21075
7695 17812
8767 18259
17070 23392
6255 22296
5327 17787
14840 16526
5736 28259
11417 11707
1975 6552
11710 18211
5632 24374
8138 17303
15875 25903
1925 10709
9222 14817
1082 15464
1056 26303
3401 17574
2518 22035
23963 23993
6427 20664
10629 27926
4365 9589
23214 27131
2807 17963
13486 22306
3640 21068
9542 20355
13355 28044
21734 22529
7707 9211
490 12748
609 618
7190 16251
9617 22968
11189 11473
7916 15689
781 2665
188 24083
11348 21426
12274 23278
8478 8852
4256 23437
3863 6557
12506 19982
2986 9323
2807 26503
2349 9623
13142 17941
6062 24863
8889 14264
15293 23099
26245 28063
13078 19650
18696 25067
10737 27530
17011 28100
531 10615
4360 11331
24019 24384
1568 8646
5791 24251
6213 22344
2566 18989
9378 11014
7498 15543
18457 19504
18464 23566
3835 23282
11755 14705
9805 21990
143 15625
10799 16642
11987 14771
10747 14010
11535 13876
3507 25299
824 6578
8706 12811
16726 19496
14491 17260
12908 18683
2855 4849
16046 28055
22998 23988
15072 27936
14110 27442
18603 24363
16092 16613
6363 9061
3425 22502
7231 15366
22449 22845
11399 16539
5197 21462
14795 18251
9747 15727
2802 3422
12781 21385
3466 7322
835 15335
4072 7962
6241 18356
8963 21804
3014 21673
2980 22388
6633 26312
21032 22121
10883 18533
1343 19610
4429 14758
17465 25859
23 26061
495 7595
20643 27523
10090 20695
2585 22043
11089 21891
13018 16094
5893 25958
15286 18924
26945 28277
1508 11667
6017 21149
12845 21566
3727 6872
10089 19053
1778 25311
3186 25375
14479 16832
1622 10389
5978 6881
15037 27482
396 18069
5454 13704
32 14828
14851 16906
1740 27189
289 3356
7790 8933
5880 20896
2027 23454
9501 16767
13421 26432
15561 22937
2386 24062
14914 15121
18320 19771
2294 5230
9323 26554
7909 18344
16131 27436
4181 12804
11436 20822
19192 25064
2510 21079
3719 27101
11526 15124
5588 5721
3280 17264
2258 21904
16202 21403
2210 22984
3019 18986
3802 6784
5191 17077
68 16309
3238 23298
10778 22156
8679 9850
9577 14571
8818 11479
430 6957
4811 10385
11289 20003
10736 20615
12264 26503
24601 27279
10591 17678
11295 18302
9188 11823
12388 14029
4708 22203
17263 24104
11575 24109
1113 10125
6228 25772
16346 26580
1779 5455
3544 7725
2016 26916
7567 16686
8705 16559
11165 18605
6293 6987
731 15776
17990 27049
6390 17941
2024 14920
14603 20570
2957 7600
23467 24383
6506 21506
12943 18523
12646 25344
7894 19409
5978 12313
18283 24369
13704 19564
8781 13373
5594 13017
11180 12075
2339 6883
324 8818
422 6972
5187 16457
1795 2438
3940 11672
13642 25265
396 4579
7907 8750
15713 20558
140 18280
12287 23628
5208 17847
1105 1885
5232 15967
568 15729
3567 22887
1085 22404
8317 19086
23626 23722
10584 16480
11188 24122
4189 19285
17429 18096
15056 18046
22638 23271
17565 24521
808 23861
21399 24040
9730 13674
13512 18938
23300 23932
9438 27217
14719 17281
13508 21105
1878 4050
2071 22598
20988 22329
314 11181
26055 26376
11958 23620
2379 7814
16170 25576
14033 14331
7357 12091
11825 19398
12651 22156
7205 25699
4721 9621
17398 28214
4668 25693
15177 26336
7641 19468
16225 25452
424 21209
8801 20657
958 26931
23143 24415
12832 20577
13591 17393
4323 17787
12055 17258
5562 8491
12639 27854
20504 21257
12618 17383
5878 8254
83 4619
5219 22425
15679 26545
10951 24062
1419 6507
15428 17723
13697 17626
9897 25781
9949 9989
4236 22059
865 1773
26232 27352
763 4699
4610 17963
16058 17076
10075 10731
1182 2598
22834 24856
6330 23611
17613 24309
7297 10410
17 24836
7283 17228
899 1061
1308 5541
8059 15844
11316 14683
9237 25057
4603 12725
11286 20719
16424 23950
3666 15808
3423 24008
974 7236
4081 6222
23312 24820
14155 17613
4065 21328
1308 22563
802 9015
1251 20122
5195 21644
12128 23381
21330 21944
115 10559
9281 16964
9704 19721
8852 14024
673 1432
18280 22720
19552 20661
10222 16315
3872 15531
10146 25810
3872 12800
4184 8843
11336 18764
9010 17226
24298 26275
14912 21057
17636 26892
1397 16918
1604 22471
15712 25468
4634 23265
6838 7062
15749 17568
8435 23291
2803 20099
13373 16812
1449 20927
4076 9294
22518 25253
15344 27013
10803 14095
4720 19742
11113 11521
17429 19982
18041 27938
6972 22326
9869 23647
5686 21760
1477 8626
6026 18241
1761 21763
4560 27519
14938 21938
4954 21577
24903 25829
20310 25390
3002 22497
23726 28228
16277 27569
4546 26297
21761 25404
15894 16770
5300 6209
14740 25598
9037 19473
985 17322
7058 12854
6272 15393
339 23070
6831 14264
7314 26525
319 15606
3728 6707
5016 25137
1387 21093
11395 18618
1768 5468
1173 2336
5850 21026
6848 17847
1666 13623
13491 17887
16478 19647
17005 18606
619 13215
9019 21636
1184 19319
21577 25525
8795 20398
3469 15644
8100 12522
17783 24085
6848 22040
21375 25533
8779 14599
3477 7491
25505 26457
5734 18083
3640 9569
7152 18225
14557 27719
9884 12835
4828 15721
16180 20836
906 5883
8891 26168
7557 25097
2470 27788
13984 21473
21763 25550
7155 20141
19303 22342
9465 18280
2418 19670
1158 17946
4822 23914
5590 22897
21465 24142
3326 20579
6465 12804
17158 21074
1195 10183
1440 24263
11197 13772
8381 12172
1021 24936
23340 23822
9537 16800
7233 10256
2341 2496
15727 24280
6722 23604
11417 26504
6885 22463
9997 11444
11870 24576
416 27751
155 24326
1600 15373
13996 25056
7084 9306
25336 25885
7743 14937
2940 3759
5117 25759
15399 27831
23111 26071
3059 17397
13844 27879
5348 13736
26089 26893
9103 21511
24830 25778
13192 20146
15832 17792
3711 4287
3157 25453
4414 24062
11586 19469
3622 10321
185 4475
4749 20178
20366 22255
7048 19285
18541 22547
97 9038
2664 11627
15201 26312
8003 21924
8073 27016
11674 12684
20503 24104
2054 9050
18931 19008
14867 16335
8770 18727
523 6349
20558 22379
18625 22273
1771 13325
12549 19200
18893 23661
19878 22001
15920 18366
1613 24928
20449 23573
17923 24041
5042 5197
5569 19257
4727 24959
867 18626
3283 24946
3472 26161
10545 21883
7477 25724
20123 24294
8618 21125
13970 14798
8750 22667
546 6743
12559 18583
2646 6099
4199 25412
20292 20503
1448 4198
14228 22160
4250 13901
20868 24742
21881 25559
13512 15782
25839 26957
15373 24008
3572 10795
11443 26998
13756 25817
5903 25831
21241 25729
10560 16353
10934 24027
17146 25405
3169 17592
23803 27594
24290 26567
16194 26544
1181 9641
18445 20556
10587 16921
5384 9161
4495 5340
1757 11656
3097 21421
14592 18618
3944 21462
10228 21761
9511 24182
1138 16809
4626 21139
8817 20923
18262 19474
8356 26756
140 8855
16044 26698
12556 18533
1223 23433
4892 18807
20726 24934
19658 21250
10189 27306
865 2757
6549 27746
5824 16591
393 2555
11531 12082
8408 9589
8001 20927
20777 22108
13033 27217
10943 22946
107 25165
19314 26603
18001 25083
21353 27788
21798 25976
3778 13186
418 24916
1508 23955
7701 13819
19753 25626
910 7469
18371 18664
5973 8764
7429 25432
15368 21636
4623 7698
536 3078
2430 20479
6765 20459
2869 20417
14937 17999
2097 14087
2342 8599
3059 13232
1925 13062
9371 18214
8437 8451
7700 9535
867 24644
836 5691
25482 28028
8426 25742
16582 21925
1350 12417
19227 19817
9696 10888
4686 19550
11549 22581
6523 23052
16311 19764
14636 15141
3886 27251
1278 14954
10876 17381
9762 13533
4265 5384
18938 20871
6544 18053
174 11092
10942 27686
2121 18816
8498 21801
8373 11546
6154 17938
10749 19092
25214 25468
722 25658
688 24193
17193 23431
20201 23198
16362 18434
20222 27182
9090 20009
6426 17394
4933 15540
20481 23254
12832 16472
2657 6776
3858 14520
14971 20948
10114 21798
7031 12128
4573 7457
17075 24272
634 13081
6914 18497
1902 2767
6081 24450
8781 24415
21312 27886
5296 14618
4581 22305
6841 21891
1773 10958
25901 25957
4571 6957
6129 22183
12403 16587
15280 22748
16055 20667
4891 17926
1158 25713
220 17938
9738 15428
6182 9637
8761 18946
10432 17960
24132 27204
24965 25409
7358 17437
851 15985
15628 21569
9671 12918
5691 13494
21835 22255
2273 9438
7209 17669
1553 2031
1174 19670
16984 25460
345 22640
4967 18565
2410 2937
478 14657
3496 24831
17955 24104
17723 25410
3059 27453
15879 22703
14884 16574
2420 9461
1902 14778
1361 17097
22159 23595
7223 11261
14242 16823
12927 14954
5500 24640
15164 19408
13741 21402
19372 28115
2877 14407
20816 22382
8807 25157
16576 20878
13443 20395
4712 22799
7218 25043
10292 13142
6054 7075
2348 7467
17856 18144
2120 25918
8518 21408
18945 25034
2936 13152
11578 14738
396 20845
545 13190
21418 24179
12506 13182
11077 21449
14481 15022
5989 24127
9858 15768
5680 15814
15499 24074
17931 20058
16941 26068
11395 14481
1151 3506
9285 12383
4355 24671
20513 22040
7869 16906
14397 15251
220 3872
6517 8575
10275 14648
1141 23110
12532 14777
2466 19544
13385 15144
8067 11605
340 23838
11618 22393
5071 18580
4831 14627
1817 25536
10309 22541
5008 20053
7930 20765
18114 20227
12869 13625
14644 24005
15402 15542
24904 26322
4666 18334
814 9080
501 24656
18247 25386
7677 21341
2944 3609
22210 27517
16576 18259
584 18529
27179 27698
2035 11985
20144 21322
13060 27616
828 9915
8597 10431
3269 7747
2487 13045
3988 9913
12874 19893
8734 14810
26717 27872
18411 23326
16265 22655
8990 10982
19092 21246
12676 24279
11288 18372
10094 20787
1613 13841
5537 5688
10242 10269
340 8806
10411 26186
19028 25306
20491 26743
20892 26076
16910 25012
1106 18046
17328 24005
18843 20429
7210 8610
16026 26908
4050 22463
13058 19579
8196 22226
2816 6953
8754 10580
5033 15823
16358 18422
1317 11246
626 9016
5978 17926
17763 22160
7375 23193
5630 27594
22979 27029
6970 23736
17013 27522
4639 16184
1208 24897
909 3435
2314 10488
2132 7144
9561 24571
7108 21688
2381 17538
12785 22031
7915 11918
21955 26227
15027 25272
18850 24495
1153 24338
327 16963
1741 11907
5659 20210
9997 17398
6878 27514
11134 24904
722 19195
1293 26520
1736 7839
3121 12363
134 2710
8112 12811
1273 8917
1719 27532
16431 25519
861 21811
7971 26623
3036 14393
4178 12397
5089 7216
2075 12039
16036 21308
8318 14119
17476 18220
6408 22012
418 9468
6192 23932
3449 16459
13232 16922
16588 25306
15317 25096
2767 22322
2452 16900
6344 23229
4471 27777
9228 16267
18571 19667
25445 26896
2308 26770
2283 11030
2255 11545
1232 6309
2649 25302
20862 23521
4438 7243
12920 20707
12219 15815
3146 10233
5716 21369
11747 13585
20893 21850
14957 17353
24576 24629
19505 21619
13299 26016
17499 24934
21918 26905
1519 24726
7948 22023
7374 19375
20081 22058
98 2275
1998 18520
3036 15258
183 12890
6414 13544
17928 23361
2280 3532
2586 13397
8033 13872
6956 9355
20500 25357
6785 26481
9662 25899
4038 21199
2527 23892
11334 26762
2518 7652
2760 18133
6994 7246
10013 14317
3762 24865
17649 18824
18823 21925
7972 22651
14021 14998
5 9798
11784 13012
13920 28068
6370 10450
11804 25901
4148 9509
1770 5004
9974 13692
8364 24884
6036 25433
10616 24659
12577 22966
13850 27328
18891 25299
5224 14426
1958 20758
4152 8025
5018 7489
1699 5206
4275 7871
6609 8792
17787 24886
12428 14694
9294 17326
485 10405
20290 23271
3187 17637
22502 26085
4614 25906
4116 21483
406 16446
671 22499
24122 26340
999 3742
4581 6205
9033 14629
610 17552
2387 2767
5702 10179
1076 18369
1879 24469
5716 21886
283 7119
14810 20153
11692 15182
4080 19623
6495 26029
25505 25562
16420 23280
5110 18615
4345 9694
14380 22141
8669 17459
4548 23254
20627 22307
8775 23733
11035 18745
14970 17795
2522 5371
9558 11289
10326 27672
3273 24576
4221 22205
12729 26993
11465 22866
6020 11026
3872 16470
2908 26152
7226 22076
18630 27262
3874 15875
11295 25200
10279 23877
15835 23952
11229 11463
20046 24325
6544 21919
4699 22020
22035 24999
7095 9710
3448 5157
9628 23430
13400 16957
7311 20765
5989 21633
4637 9788
9751 16449
5080 13468
6317 8470
1223 5978
7543 10432
9808 16954
18784 25402
10157 22020
8690 21113
4587 24034
12125 17029
5714 18699
11236 16403
214 867
1321 27031
14474 17730
4395 21217
1978 3589
2962 22850
9696 23893
4776 24531
424 2274
6239 17263
1959 15611
17737 22686
7121 26483
12939 18131
14050 20348
5325 19169
20230 22787
7354 26978
7055 21821
15477 27821
17022 21929
1604 12495
13091 15027
26975 27254
9805 18629
9524 19115
26439 27168
9488 13789
15919 22091
11409 17423
7170 19966
2368 7456
9421 10859
20614 22031
5808 24914
2624 6780
18059 28186
6490 22497
1590 12961
10822 12111
11417 16321
11712 26206
3240 9874
1174 11028
9834 20017
3638 17671
5229 24681
22835 23524
2906 19991
1259 2381
6541 21850
13564 14912
2247 23829
1697 4672
3990 11634
14439 21413
12511 17474
11396 13437
15660 21807
2067 15748
3728 12927
588 24290
14534 16953
396 1814
611 22230
13590 24406
23377 24453
3622 17407
115 21203
23456 27890
3622 4596
4960 21056
4827 25329
3875 25559
13179 28232
20 1489
123 9701
2582 15369
4218 9683
5874 27013
1412 25432
10008 20441
15271 15741
2464 3741
13158 16818
19068 27785
3187 25138
16080 27013
3930 14200
15364 19717
3728 17214
8924 11286
2156 2815
1672 26122
3944 17165
9182 17376
4081 14464
8032 17444
11503 16184
8430 12836
1900 20743
4388 10982
3760 14862
1795 10285
8039 14196
21088 23909
9295 21975
14469 14671
4489 12120
5818 16736
4943 17175
9231 25244
8816 17423
9858 24068
2764 27664
7205 18950
4766 23560
18529 27136
19817 21423
19744 27872
2003 23025
14361 20630
230 1830
5505 14477
7390 21938
12496 28061
9635 20366
21727 22457
16181 17649
495 5717
12967 26674
3456 14158
697 10583
6250 7838
2071 21014
5010 15978
3365 7323
15562 26326
23295 25447
24444 27292
5681 18052
5397 11092
4636 15623
22469 26770
19105 23698
7478 20144
5989 23521
1203 25363
23076 23271
7246 14741
5797 25770
6226 9243
9600 9867
8611 10990
7429 22161
1886 21000
2295 17695
10487 11804
21950 24708
19061 25397
2013 8467
13517 18113
7466 12029
781 15905
13298 16480
7671 8491
8692 25021
2672 6556
23102 26741
7426 21353
4140 11593
12677 27263
4933 27004
8948 25034
14954 19871
1292 8349
12689 24072
1533 26544
6521 14421
17555 20899
14129 15804
11131 14886
15164 16979
7121 21969
11401 21197
10309 24461
24425 26061
10487 16986
18051 25247
13220 20031
16961 23279
11842 21761
24214 27566
13709 18462
5539 22229
3122 11649
15660 22843
6881 8638
650 19531
1723 11814
20832 25437
867 15467
10623 23309
4258 8236
108 19670
3146 6520
4821 12114
9569 9795
902 10454
15367 20737
292 11942
3229 10584
2376 5516
2351 17496
4687 16374
9535 14086
3900 14661
2037 12804
10302 12948
3140 6213
4672 18641
341 17823
16910 22504
17803 21296
421 13980
1597 20361
2980 14031
3257 8506
13343 24848
10874 25570
5756 21149
21291 22548
15271 17164
11614 22438
13178 18703
15829 27810
22227 24787
11500 18735
3002 17919
8285 9528
8833 12386
16865 20594
2759 3712
17692 20711
11606 27938
5345 21909
15615 24389
8954 13587
3587 13150
812 21460
15561 25155
1815 18945
774 6586
1801 15920
7247 11256
16584 25049
17920 24999
5540 8048
4216 11016
18860 28041
5228 16955
3550 17768
2748 2880
200 19935
115 11282
13991 22278
7514 14568
1148 14687
7644 21229
1335 5699
21647 26475
4101 23298
17422 27281
10172 26969
8930 21663
4649 19514
20380 22139
3598 18704
5767 26993
8247 25956
3793 25034
7698 16296
2985 23978
17428 23333
5329 5976
2247 7286
3251 18583
19348 24104
11661 21644
1054 17590
12052 21230
4729 19289
8781 13271
3452 25896
5832 27972
5466 27597
17757 22230
16088 16901
18720 19068
8393 23231
485 14672
19409 21058
11255 13847
20475 22550
19481 19789
11552 26590
1263 24789
18254 20053
406 24329
22379 23914
15397 19249
5155 16368
10114 11876
1878 4312
3472 11809
1936 18736
5978 15701
192 27275
7376 11599
13779 16664
10953 27451
20355 23983
1426 23803
4600 15162
5156 23652
9137 25590
22379 22696
13957 24164
8825 27247
25096 26458
1715 10661
473 16627
22984 28081
21730 26824
19971 25039
16276 19326
14899 16937
18924 21149
1920 25090
3272 18078
12346 21886
6972 9724
10480 22795
6587 16338
7624 14489
17259 26293
10760 22524
19909 27175
6434 11688
1398 15156
16390 21792
20363 28099
18781 23956
8816 13363
16786 25219
18442 24671
12433 20433
1772 4224
14104 23016
1430 8898
670 8036
13523 21654
7908 16014
2605 14635
4253 12468
2321 5052
7988 24040
90 10348
295 27381
1878 26649
20503 21886
21100 24916
24601 25368
4210 15729
14217 27817
1713 18920
9454 25248
9873 21388
16149 27795
3598 15705
6685 10745
7048 22763
4388 9017
20595 25433
11904 24703
12757 15107
14576 22183
2904 4378
12753 27368
18718 26638
7058 21704
12120 21063
115 24659
1887 11542
19977 27710
3041 28058
4085 14895
5401 23430
18309 27096
9226 25272
8075 25877
396 12640
6671 23118
2530 14369
21416 21491
7035 26963
8931 13108
6322 11814
7213 19262
9192 11138
14228 14342
20633 23892
2518 22954
406 24406
11216 15327
847 25065
2452 26358
18418 18867
2945 20948
7023 7260
13336 21671
907 20019
17920 18029
17526 24280
3337 4791
21207 24782
12901 22739
9959 19614
3437 6217
11603 27592
7779 10454
22750 23400
19343 25902
8363 19275
3790 12193
2708 27129
7684 23508
7938 8407
5458 18905
6759 25919
1568 16208
585 27312
1107 24757
15537 18565
7371 10495
7828 8611
3547 7185
999 15782
1019 8843
2518 15883
15494 22426
20274 26488
12598 19086
2961 13366
406 4519
5913 13101
16642 18548
10952 27798
1882 16629
5435 20880
14052 17563
11797 16717
3944 6009
27633 27696
15711 21207
341 22907
16588 20185
16429 24414
3461 10523
13905 27306
824 18362
10104 16330
14352 21345
5710 8680
8200 17154
15184 22575
11751 12452
8067 13949
2325 8396
15376 21149
205 25729
4070 11447
5716 26554
179 8479
5215 28249
20974 23806
9733 17480
705 26480
15951 19123
11080 26109
10441 22340
11504 22339
16022 28274
22454 26327
2643 4439
12341 21257
2172 15453
2760 24410
10598 10720
380 944
2339 19061
5023 14676
14520 27423
25623 26787
6589 16452
16079 20079
18909 19817
1770 24195
17852 20833
5702 26774
1415 1449
11820 22227
5864 9791
14244 20235
606 17875
3206 16318
13181 24681
5 2040
3197 3648
14803 15251
346 12569
11200 19055
14611 25157
16092 23122
11155 13631
8612 16328
12452 19601
5665 18044
16363 23180
18255 22832
18454 24543
4646 25153
14604 27352
8598 14016
1373 2994
22017 26173
3059 5585
2287 3606
8690 26601
12672 24691
1613 16400
11292 21950
3128 14475
4743 15657
12496 22761
5691 15009
6239 26784
9234 24954
20219 25882
5102 23377
18814 25414
11390 17022
5571 21577
6974 16406
7296 20368
1374 27703
20112 20841
2823 11295
25299 26559
14342 15972
2003 2149
904 14021
12860 17196
8398 24904
9388 21437
1721 21987
11722 12184
14402 22139
6618 26497
13590 13745
4965 27363
5386 5574
3887 27203
11867 21391
7923 18168
11997 25448
12468 14689
1306 20197
9410 19253
3558 24663
8941 9776
3465 15164
554 19225
5117 9408
13279 24717
7982 27141
2273 20005
5437 7004
16974 21213
13910 18336
9894 14477
12826 13900
24300 24935
8320 10951
8937 9990
8841 21798
2637 5816
396 3374
1687 26943
5953 25529
13910 20582
13270 18249
10422 25612
12924 17782
13491 27393
2003 25705
21846 23710
8814 25299
12228 13343
21380 22186
15983 23066
17636 22564
6870 17565
923 28203
1365 15392
8374 17176
21945 24280
3354 19199
11168 16022
867 12819
8464 10807
14033 18379
1178 22035
8597 18669
9711 17017
24122 27295
8511 10660
8939 20956
16369 25564
16939 17563
13271 13864
2030 23668
12291 26851
3624 13591
24094 27429
6163 25447
15897 17286
21955 27124
3121 27052
12708 20848
1129 17309
867 25573
2339 23330
849 8500
7285 9395
2041 4291
12921 22300
22422 24193
22387 25666
4618 14996
828 15258
6549 27775
5864 15467
8182 26322
16091 17073
16843 25472
9438 13130
681 5722
10911 15201
9136 15727
8157 21407
6495 22977
8262 19004
23463 25165
5261 17176
5219 16276
339 4532
10982 24971
8765 20724
7645 11677
2667 10841
3124 18909
5207 18037
272 13495
10537 20582
6290 23935
7829 22500
4076 24208
99 17963
4693 12642
343 21372
11444 18669
14778 26253
10054 27899
15572 25101
4154 19594
8075 13623
13757 21449
9858 17842
20392 25539
10357 11404
8478 24057
16957 18346
16549 18154
7584 27627
18998 23442
6309 23722
22553 26103
3802 4650
6835 16185
19126 20867
18160 26372
11009 15508
11808 13257
4300 22977
4962 10264
3985 18044
11148 16747
3689 24011
974 7538
11859 20355
12652 17951
2816 13309
1833 20376
5249 22255
112 7289
6091 8385
2646 3695
6994 11710
18369 19004
17214 17456
15008 22581
7555 23377
5734 11877
4551 23365
9314 28140
8402 23873
14471 20272
3019 23809
3126 12217
8340 27493
20377 28031
23777 25012
2103 15464
12302 27179
13078 19572
4761 7002
18436 25977
10701 15200
8200 11812
496 12253
7828 9110
3894 4144
10208 24219
16593 22425
11034 23510
23143 27981
1162 21003
10286 18185
14407 24337
8567 8569
340 22216
4782 9951
3726 10906
1105 27352
14923 17528
3993 24717
1976 8169
1921 17770
10175 21393
1182 25743
2150 4064
10420 14933
1349 2535
7113 16744
825 6746
5725 18708
16639 18053
12612 22791
1305 6408
4748 11026
15818 22506
5832 5940
9640 12002
8329 26043
14447 15870
15682 26151
2031 21836
14308 17322
11830 27883
14783 15037
3117 7798
2301 18128
10325 17491
24299 25087
3719 22404
3634 20661
17909 21881
9358 12811
11705 17963
3709 25515
11486 27221
18148 25287
2554 17718
21513 22810
12811 18225
16323 19877
7186 19709
9153 17574
16922 25414
4982 24042
14141 21024
9533 25740
17695 28263
20126 22150
16467 25481
4417 23024
4142 28211
16349 17856
7928 12101
5913 18641
10917 21868
15120 15610
17278 22075
3608 10444
17558 19099
18419 23066
17789 26202
4579 17823
2815 4672
3068 21628
3634 26936
2760 6612
8479 19122
22131 25410
8274 19016
9842 10449
13952 21172
3122 21380
808 14791
18775 22052
6309 13700
87 15786
14136 16609
1434 10093
13619 16083
13036 19398
27099 27496
18653 23934
6262 22045
5609 24616
11868 19742
25112 27522
113 4806
13806 27495
14644 24521
21072 26661
15986 16360
8958 19018
19610 22863
11743 23214
3921 23470
18541 19219
8568 9633
7584 25623
10874 28194
4903 10646
19181 23520
18304 21857
4448 15360
15175 21359
5609 9865
14076 15435
23705 26559
19853 26312
6294 25280
3805 8924
10874 12295
20162 24069
6699 25464
9488 14227
16333 25906
4328 11809
19140 21057
10332 26100
802 4525
14369 15377
8852 15920
1614 27494
656 16696
13135 13259
14342 24691
1507 14865
6276 15749
6381 11284
22807 23134
8188 23372
8718 25030
25102 25564
9526 12628
2505 4083
13402 23590
2666 10256
265 28044
18516 19326
13618 15621
460 25902
18020 25550
4583 17486
14233 27473
10283 21369
291 8737
5724 17996
15271 18999
5702 24419
17108 26025
899 20133
509 7002
1613 3845
1975 22382
2794 21991
3161 10861
14710 27300
11783 20935
13378 17438
6107 7152
9561 19604
11076 22389
15610 18808
9525 22469
7209 27109
21470 27508
1083 24890
17456 25453
8926 10326
2455 22766
867 14506
7741 24158
7320 19694
16803 25256
9614 27696
10326 21042
18874 18988
13386 15547
11774 20062
1550 16759
10764 19373
7224 23399
15913 20017
10496 14384
757 2161
10747 16957
3059 22323
1990 8221
689 3862
18631 26858
10920 17407
9188 25827
175 18047
3324 18904
7002 9884
1722 20096
17433 25143
13383 21479
4289 14555
3127 4523
4162 5827
20406 27050
17014 21488
20367 23792
21260 22659
16094 25343
9767 18406
8432 9428
17491 22012
592 2317
8251 14919
2031 8204
4350 16232
24387 28033
24431 26484
1321 11872
19567 20123
2458 7525
25933 27704
8151 23760
23764 24939
21987 23557
5177 21646
5710 24147
16477 24941
8784 23525
16581 28211
9582 16597
17647 18918
7419 20831
6848 8495
13511 18760
10263 25156
3141 7927
19562 23597
309 18914
10296 16609
7440 17836
998 14268
10197 21798
4717 5413
4806 5422
13504 15952
16639 16999
5250 25957
19789 23963
1543 24390
2050 2354
5680 8057
18027 24558
18377 26738
5204 12428
6223 9438
23733 27361
5949 26333
11309 16238
15147 16025
21215 22532
12956 16386
17630 27928
11128 24379
3530 12039
17527 19111
11572 23375
24731 28238
770 18438
14564 23984
1545 21126
22333 23216
24275 26113
421 19383
2721 2729
11539 16901
15074 16378
6931 15808
9150 21941
1770 23266
13931 26688
9937 19079
18386 20992
5742 13168
11244 16383
12075 18985
8970 18950
4333 15151
11076 18674
16888 17577
17686 23657
27373 27926
1870 21914
12230 20726
12427 24061
14758 15932
5740 9396
8784 9884
11699 17013
17742 28194
16619 17923
5213 25886
656 13142
19776 26256
13051 14731
19082 22799
1781 7506
17165 19573
5630 25110
4060 20224
4444 25516
21766 21800
6798 10517
8599 17549
15470 22205
14778 20390
25327 25617
11776 18019
21746 22825
26815 27643
3762 27232
12428 26322
12277 25568
5977 24288
681 14129
1092 1424
20162 22004
2447 15665
12346 19857
1604 19853
10061 20639
18250 22144
5643 24157
7649 22634
4263 4307
15962 24468
4591 16953
8394 15108
13192 16090
12194 27121
17166 27717
3472 10512
6615 8734
13754 20173
2750 14215
5334 14069
7635 12479
957 11698
9215 23254
16347 22925
10879 23996
24403 24444
1787 22289
12941 21291
14240 22546
20113 20826
10022 23276
10418 20409
3000 11342
16910 22954
6523 24884
16920 25563
20627 22581
19196 28076
664 17071
21886 27398
15368 20164
11240 16909
4978 25433
15109 22227
7325 9923
1993 17291
9149 18787
14971 26111
11299 15552
9327 21511
3147 3275
9226 13105
15650 22885
1101 2710
11859 21726
13704 20846
2301 9893
9113 24830
2945 23319
1185 13697
356 6099
18498 24280
20760 23593
20328 20475
4660 5767
257 3443
19712 27107
5442 27099
14816 16114
24098 24112
2861 11334
7126 25423
7144 18315
4118 25658
5418 22596
11076 21932
8480 13460
23708 24444
4547 16081
4551 23437
26765 28237
5725 20657
580 22892
15357 18746
6072 25443
18909 26331
1925 25243
16304 24064
9089 9670
15567 23933
21250 23442
15779 26053
7503 10654
9396 19128
6179 22322
15954 24095
8733 10927
13663 16936
1991 27770
220 14228
10921 20366
1030 27851
7935 10885
10185 13438
15446 23560
16020 21811
2785 17916
19857 27966
14010 19712
11456 24437
4328 10093
14559 22688
1459 2392
1328 1574
4945 27514
12145 20849
403 16867
21291 26438
8990 22379
10473 19961
4009 22283
1206 1966
259 7835
3373 21675
11562 27601
19174 19843
1770 26812
14287 25008
6898 16232
2751 9524
5657 20503
12433 24830
2443 10464
11816 16187
3089 6601
20109 23952
14999 21032
10935 27300
16286 20347
1706 10839
10027 24602
2874 7225
1830 2386
13484 15344
509 25987
4141 26457
4077 8411
18881 22987
12404 26540
3265 4287
8566 19291
4175 22479
24005 25043
786 7406
6374 11688
4811 16953
4387 14517
21603 27373
17239 27198
1475 14592
19085 26270
11484 11700
7443 15669
6891 21655
2303 3052
4178 5359
737 25982
10101 25088
3257 23060
689 4859
912 7213
8506 12204
2738 11810
4253 7009
18166 25711
5975 17226
20503 21638
1785 20802
14678 24801
9144 24856
344 28006
13686 24847
22010 23873
19613 25114
9956 11562
12219 16885
8596 27996
6378 7768
10450 28275
3126 6387
17585 21824
1958 3287
9627 19219
16684 20639
4593 27402
13206 27250
4551 24634
1803 10198
22010 22857
7861 7896
21113 27594
9823 19283
9337 24589
7977 9720
3403 12632
3752 16765
14420 22251
16615 18313
52 2929
1904 5332
1775 2259
8128 17329
3162 17492
12565 14559
7656 9233
9058 23619
1018 25089
4623 22588
314 16184
5780 21096
12236 24662
12185 23505
2539 27926
899 15950
15586 23090
8618 15011
10023 24096
3167 3796
3872 25991
10033 18778
1920 16452
1878 15389
10686 19073
10037 11059
8669 17975
6848 23332
3997 13970
14198 19641
987 22820
6776 24379
4786 5848
1106 10815
11774 23375
4051 24219
13709 14057
198 24654
12538 13091
5602 23189
7610 11692
17982 24828
1878 5126
13660 19080
598 4099
5731 12452
1741 3287
23312 28215
5815 26413
9502 23764
937 2197
15767 20097
4024 4448
5607 10961
7898 15086
7950 18369
2521 7471
3609 7797
14083 22154
7884 10548
19579 25343
13801 15698
19116 19429
10713 13557
3572 10637
15739 21641
1195 12379
18753 26714
7205 23721
4639 16439
10111 19864
8738 16503
9215 10393
3215 20095
396 10650
15729 17073
5442 23549
7400 18610
2984 16979
6280 7746
17787 23782
24199 27381
23295 25283
6165 27744
5708 9268
20745 25877
12001 18415
14591 16368
13316 22210
2067 16144
4349 22606
4280 17825
1879 14364
3029 22581
14344 22787
8661 23390
7741 7867
2270 4557
15419 21122
842 14743
12927 24148
3522 28218
1239 15119
2379 6369
2451 10649
14017 28275
261 11614
22491 26081
6298 16372
4701 17568
12136 19503
9152 15986
16473 19669
20266 21356
12737 16288
11630 22120
19383 22939
3499 5502
10189 25160
3727 20970
7037 16666
5741 26966
16907 19869
24167 27382
12742 23574
1410 26330
19190 26580
1606 15066
7397 11513
13192 16576
4889 28138
15575 27923
21000 28259
2168 23559
3646 27347
2643 22168
10935 16901
13574 16232
5174 18651
7982 26614
4096 12482
8717 20046
9850 16656
3126 25050
16117 22634
10839 14728
12004 14411
1616 16766
3307 22896
6680 10292
13864 21828
7600 22046
1680 8377
11632 22197
11193 14791
8143 25735
1902 4424
5609 7087
8424 27719
1335 8606
19447 22553
8421 15680
2311 14612
14566 27963
216 9710
6490 6626
3607 14264
19710 27185
956 1421
17564 18987
10127 14473
9788 18892
15905 20210
22787 27382
8519 25897
11263 12852
5378 5708
2188 14350
11326 24544
1 11558
9460 19409
11441 17203
19048 22866
24269 27576
11501 23679
23159 24663
5348 6832
5989 22254
808 10219
13692 15782
4770 24937
16591 21631
5166 25433
3905 9948
6559 23040
1772 6905
11985 25172
10240 24185
7944 24500
20366 21562
20316 23037
6633 15201
405 13828
19368 24466
9215 19991
8057 16855
11036 17048
6791 14609
3207 18732
19479 23520
1395 16840
1621 22415
11551 27821
14814 25329
8057 23997
2233 17424
13081 17512
10815 21333
3241 19768
11049 24794
14829 17202
1770 26880
17787 27484
6973 20170
14575 18761
8923 14794
13038 21407
6462 16116
7126 28103
12804 26006
4902 24320
3635 26871
18832 24603
1744 15920
11916 17027
214 18919
25800 27726
10961 11693
7222 23105
15729 21559
6860 14695
8964 24939
3411 23771
5978 7728
6599 18457
12646 22479
15236 26682
3127 14997
13086 22666
9279 11110
8427 22452
2517 7073
2556 12405
1216 11295
5089 9933
9328 24428
1020 1095
6972 26665
2022 25090
4440 12363
959 7849
13418 20797
8356 22222
7997 23422
7224 12459
3700 15680
8921 16961
2209 2344
13343 15531
5791 17993
14030 19546
812 11890
1112 5302
21837 27815
19064 25963
10023 21639
7461 27827
4646 18130
8560 16449
1018 22240
4956 18409
14843 21962
4326 25977
15783 15844
332 3958
10023 10533
175 23277
24539 27034
8599 16118
8924 11282
16091 22652
2050 27923
14998 20785
7442 12437
4081 10528
19347 25232
24438 26283
6327 18713
3762 6151
7820 10242
10490 20491
12037 13491
21857 22246
11444 23763
12994 22634
14783 26156
12792 27128
19288 24751
9404 22031
6657 24444
12656 20417
12508 16422
4043 8097
1085 9185
7350 27798
584 14389
9367 24294
15297 23306
1075 17555
16847 25781
12696 26670
2395 3532
1509 3056
5776 7224
10767 22548
10365 15377
16356 26947
14990 15061
5781 18409
9614 17787
8085 20736
10039 15476
22772 25240
14317 17527
14217 20832
1655 16865
2755 10771
5595 9563
5161 6531
23361 27955
10857 16090
1047 4132
7248 8802
5596 12981
5201 13180
14017 26591
4581 6421
6780 21412
3874 27085
2150 17177
12073 28207
16041 23472
12056 16175
16138 24653
867 17853
2351 26482
14758 17880
15184 16094
5165 23023
589 2880
15941 26463
13647 20689
5725 5932
12302 17598
19170 27068
3554 22259
6107 24160
6531 19065
8944 14701
17 19949
10691 13681
3927 13617
16386 24910
4044 15425
7524 18218
11295 12403
341 5756
2447 23178
17331 19560
16999 23216
4626 10298
11064 23365
6707 19836
717 20167
10648 20137
6773 21213
653 10234
9426 21309
13394 19813
18533 18909
19701 21771
10972 23020
19195 25270
13737 16785
4272 14820
1114 12729
23426 27870
23759 25401
7843 9542
2227 12931
15282 21978
14261 22566
2446 13789
9398 21898
18039 19909
2527 10334
1840 7290
9885 24023
3819 5943
13772 23140
2232 27854
705 22190
6239 14445
18786 23695
6556 27384
805 2288
10051 27780
5162 9470
8067 17629
5989 13564
11407 11763
2063 14513
1867 6587
9710 22730
4179 12114
16184 23422
19501 23121
15179 16727
919 6814
5047 5252
2308 25505
4051 25397
9086 9834
6005 25992
19409 19981
7577 11816
16772 27825
3892 17020
1072 10189
13432 18092
16362 26154
207 16480
13249 14136
4101 22206
7737 12794
1052 10407
12062 16793
22425 24131
356 25165
3059 13909
9137 23799
23952 24422
5089 7566
15060 15833
10995 14033
14499 23158
16131 25767
905 10749
8730 24389
1882 26613
15184 19019
2709 13055
369 24444
9421 10475
7702 17613
23593 24042
7581 27501
13282 14771
1672 9654
109 25773
11300 12272
3358 10483
5084 24500
22340 24200
3015 15642
3615 24131
15271 24131
5856 11006
32 9035
13150 19053
9229 15911
10642 26016
7743 10310
15355 28238
201 23115
6233 18026
8096 27821
17424 18714
1216 28080
12760 27896
2496 11017
7290 15748
9356 25956
8677 23400
7248 11416
7141 19253
17952 25344
18480 27257
1505 26508
6244 12002
1234 2895
18272 23942
16362 18619
14958 16298
15853 16151
8472 22508
5665 10894
9572 20109
7626 22387
8930 25262
8481 20069
2435 21353
11781 17613
17863 23521
16656 21276
2888 17148
3161 17818
11243 20312
14041 17981
7481 9720
14699 16812
25270 27034
24688 25144
13772 14959
9377 22449
5484 21505
3843 11368
17449 24103
5091 22192
9159 11821
13240 22254
12300 16048
8333 16456
18265 25960
12414 19821
10362 16511
7911 10298
3828 8025
19857 26235
17630 21564
3890 6605
5665 14809
8075 18755
14547 24416
5609 8441
4394 24793
4603 11034
10313 28131
3602 16665
3700 7405
6013 23630
2214 11521
18109 27643
20869 21929
14409 15892
17442 19780
10080 27447
5583 16351
538 26395
14629 20832
1568 5213
473 19038
17280 25894
2303 3810
1116 22987
15829 20737
19126 24029
10219 21994
6239 8081
21058 22087
12740 17169
1026 23974
11727 22254
2270 21450
4162 5758
2003 20805
10529 11327
2996 27903
10833 14933
7413 19477
14809 21353
22768 26148
5371 14691
11576 23243
13 21577
8523 24820
13024 13301
21618 25781
4527 7923
10090 19548
7839 23721
35 8781
13564 26184
23836 25332
21410 24216
14789 25738
611 16449
3101 19947
6431 14390
1513 15391
21296 28211
1620 12768
2503 16260
2457 19916
14575 23284
717 17986
2527 10675
16372 18696
8306 21190
21694 23267
25666 27129
1622 23361
581 17938
21715 28136
14383 18627
17091 25846
6470 16700
5989 20081
17760 20936
11296 12451
16979 25910
12340 20054
4729 7736
717 3239
1713 21139
1075 8565
15442 15446
15582 22260
4886 16351
12402 24208
11859 24028
22202 25012
11080 26409
7541 11231
1097 14767
5078 27418
9071 14889
6298 11552
13718 18192
15843 17222
7644 23892
9826 18241
12377 23111
6188 15540
24062 27835
10042 23848
1685 21941
1767 19827
1969 21831
12472 16982
1497 24241
14195 26306
9137 22060
4711 5196
15694 24984
9374 9882
18082 23978
11715 20558
21763 27527
23560 23748
14696 18874
24060 26817
19610 23657
4574 25399
19171 20719
1349 14423
145 15292
5042 19515
18886 27705
1361 2523
8959 12292
2176 24299
20100 21249
16429 24863
594 1748
10333 11992
6931 25174
779 17832
3366 8157
13811 16846
9524 20504
8835 16189
4280 25072
1526 13673
7881 15528
22787 25271
12726 18576
14385 26194
1878 23338
16639 16742
9214 27454
10830 18050
20370 21416
9566 11162
5957 8647
505 22925
7297 18985
20909 22543
23377 27273
17847 19086
7855 22199
4947 23560
2596 23657
2595 7115
6895 21390
361 7626
4809 23277
2282 27726
6069 10042
10323 24343
20363 24543
4954 24061
11140 25530
24061 24812
187 8242
11580 15744
4226 6367
18385 18464
10868 18354
8188 21640
7732 14471
4700 26585
21172 24914
6584 27541
20437 27248
2654 17355
17782 21736
5716 20503
2302 8627
4061 9252
1654 12823
11199 26087
2878 14033
10052 12567
15682 23398
5313 13662
14073 21901
11047 11723
19871 25740
13992 23052
2771 14033
607 23809
12092 24555
17399 18447
3069 15282
20007 27128
7961 13540
13328 17665
17640 23225
21688 25271
8876 9295
14771 25956
18166 24095
3256 11232
1858 27996
8730 14521
14644 15200
17709 21906
10127 16653
1067 15939
8719 18648
9132 15627
3869 16463
5697 13516
711 24062
3544 4468
19729 20413
22448 24000
12631 23633
4109 7536
23143 23437
7512 14445
6869 13494
14568 25864
1695 15837
5008 11149
7103 11967
1767 15027
7976 16937
3122 25099
18361 22810
2470 13216
14770 16276
867 24226
22616 26277
15434 19594
5950 27319
1879 6801
13349 14534
867 17997
7614 12236
3927 12458
280 13383
6750 9619
5042 8392
5007 5288
1466 12985
11634 18704
13073 15147
17416 20480
912 19686
10920 19219
6077 25332
592 12780
8821 12294
1487 7206
4629 4879
7017 24989
2212 21966
16331 24938
11540 14563
9082 14959
11315 19075
9487 18938
3011 5270
6931 19676
12525 27559
10050 14957
4505 9885
9159 20615
13707 26868
15343 26200
635 24374
5151 23063
5888 20337
3357 25817
1157 14281
12121 17846
13668 17319
4325 23608
1319 7472
1343 3262
6036 21622
7073 26559
1920 2022
6454 18001
10294 25754
543 25838
9478 17567
15742 21013
11876 15508
10322 24499
19020 23125
10425 27016
7291 9552
2882 17838
6238 15257
13152 26303
2128 13087
8899 21203
3828 24232
3463 10308
16893 22324
13148 17724
9621 18958
27104 27725
19564 20846
3488 24904
8043 10610
17146 25108
8695 14358
928 5584
2632 3526
4878 13101
6103 22640
22097 22511
6868 20675
3038 3256
7809 9512
262 16039
4217 7000
12811 27795
1331 1697
2110 27252
3944 22112
8215 14333
12209 22949
23690 25042
31 26861
8003 8465
8511 13278
18823 19639
3198 26299
2986 20707
16314 22425
5445 18522
19068 24896
9504 17207
12166 23945
1301 19201
12462 26497
396 7720
5984 22234
12274 15887
11292 21309
12927 23526
2667 9074
12576 12664
12130 13619
3941 7950
10490 20637
8441 22860
21677 27458
6657 23708
1449 13516
3446 25426
10274 27281
4190 22737
3137 26358
6807 18027
670 5827
7538 15225
7550 15161
25177 26879
1730 16878
18615 22848
16942 18890
11306 13480
13762 20222
7984 21377
5949 11024
18721 23361
8380 9182
7975 26559
6994 22415
4211 7831
6026 17713
6308 8586
8454 22511
143 21306
3244 11361
7975 8560
418 21100
396 19254
8629 23400
1141 18252
1106 11315
2180 10717
948 18669
8705 23130
11282 13080
15669 27700
14912 25500
12392 21724
14568 20800
10166 23914
4740 11201
12228 15951
11192 20384
1658 24267
693 24764
1374 3349
13963 26823
18300 21025
13701 19178
8198 15561
910 7275
7536 15125
1867 2232
10324 28232
561 3889
17166 21790
7785 28077
874 16586
2274 3169
8148 17093
1449 20298
1477 10955
6155 13483
5344 15508
9482 28023
24939 25825
15680 22060
6539 10959
3162 18070
7521 12474
8100 11237
8048 9190
19095 19963
5168 24674
10866 24204
2245 13681
10638 25329
7285 10926
3359 7283
86 2880
6072 15543
19849 20053
12404 27719
5989 23310
1275 26710
175 22040
13373 24069
16984 18095
9524 12346
18149 19869
13852 15066
2533 4123
7337 25035
904 21829
3623 17229
15942 20861
3899 22738
16157 25253
7980 18725
3643 5941
3329 14497
11383 12369
6015 7659
25703 26858
9012 16906
1652 17963
10132 10419
7980 24897
1051 22616
14663 24435
2189 8715
867 17911
10102 15815
2369 8746
3944 26559
8356 16936
6058 19952
3463 8384
10900 22425
16766 26748
10990 14340
11106 12547
8408 18243
24069 26073
14817 26781
849 15031
9903 17742
4828 6972
1541 13186
17803 17938
19857 21257
19294 25176
8528 19968
7602 11830
13462 27788
4307 26690
160 12023
2575 13273
2778 16102
7209 8981
12234 14778
26010 26061
16600 22897
1786 24577
12984 13011
4963 15284
6473 17189
1078 12854
12459 24965
9432 22553
711 2929
2195 15720
6757 17357
7403 9885
11960 21147
12899 28273
15147 21101
8634 13081
11590 20576
3287 20721
11383 13655
7031 21304
4811 10260
9521 20667
16176 17008
1870 6242
5827 28071
1091 5312
22052 27569
1358 8001
9901 13208
5270 23939
6857 24092
1748 26525
1385 21776
2667 15647
6322 13874
4029 9260
2701 8048
16 8113
10286 24057
16599 23705
14600 25290
596 18516
11148 18109
7391 26924
3957 11251
9990 23178
5913 18189
8145 9306
5978 26795
8704 16802
16428 26417
2170 5359
1196 26439
5510 13566
7804 8708
6809 11899
14971 15549
11754 13343
400 17902
2807 9553
1223 9356
10239 26008
2615 12868
3872 16204
490 22761
8396 20742
2880 18300
17263 17901
11439 24488
5749 11789
15561 20303
5150 13846
1164 3039
9809 26517
7390 20196
9770 27400
16152 19588
9416 21029
10345 24243
14473 18230
542 8694
12889 21249
575 22581
10279 24085
16584 27190
2681 10934
902 8028
25838 26874
2986 8774
11416 18860
10712 17291
804 21773
7930 17504
15301 18178
8972 15226
3530 19535
21984 22160
1794 9066
3680 13655
5244 22572
554 25945
7360 16941
12100 12164
2655 26758
3957 15985
7315 22103
25754 27853
1009 25655
12617 25443
19348 28264
3724 18568
10308 12568
759 16901
2499 25205
11281 25653
13447 24216
18368 25956
24904 26589
961 11454
15286 23608
10634 26009
3185 17283
5849 23560
7919 19109
11818 14766
6848 20876
4523 6921
21291 21700
8703 14418
7796 20661
9696 25154
1430 21291
7047 24395
6103 15642
18876 22461
1667 11187
17302 20162
13249 23722
2623 6197
15548 16053
7841 9441
3317 25329
4035 9073
258 4181
26135 28053
731 18452
7707 21409
3742 24372
6215 12957
4970 17609
23547 26525
15357 15372
15749 22255
2132 8717
15406 24593
8437 24823
3311 12560
3565 21105
18509 21985
5 23684
1769 5760
13180 18669
825 23525
11350 11657
20715 24565
4103 28156
23143 26665
8465 11406
7443 27789
22570 26201
4775 11676
6555 18823
4360 24543
22036 25748
16879 18872
15638 22506
14380 16029
6499 13042
289 4180
2293 11311
3663 10023
14946 21849
505 2518
825 23274
7265 23676
12740 20654
1299 3236
5485 12432
8468 11697
345 24148
681 22122
2227 23705
1181 27554
2339 6103
6935 10208
5344 21683
113 7956
3277 19368
2295 18591
3819 15867
3940 16377
7407 17482
18736 27221
396 14225
1178 9574
4808 16917
12182 20087
6946 27664
1508 16718
2245 18736
9781 22396
3931 22645
11421 13988
9590 22425
11396 13804
3780 14969
3575 19514
16367 21610
2474 15416
2480 27397
9117 24405
9002 20760
2556 10068
9461 20286
9782 19143
11626 26396
2207 19252
2658 24661
21335 21497
22162 23409
17922 21801
3509 8985
2869 9179
11383 23400
13018 21615
1075 15072
6172 20292
505 9086
17407 19140
4933 8462
5665 27553
17041 23516
9518 9553
5797 18690
13888 23710
3366 9553
16979 27844
5287 23972
3876 20167
11367 24864
2713 4807
1209 20369
18801 24935
15679 21696
10595 25559
19348 21372
4300 23932
7561 25562
401 3961
1434 14361
10323 19310
15790 25338
16922 24904
1645 22493
19033 23129
3878 22311
11902 24997
3210 19699
9253 13756
4270 10403
16888 23198
106 27251
10954 22193
1142 25977
11480 25299
16643 22409
7113 9657
2818 22421
7760 13527
22756 24552
4896 17494
20593 27726
9253 12792
1468 3900
1679 15371
561 22321
5765 25547
349 9779
916 3634
3165 6245
3759 10086
15352 19165
8875 10945
10767 14646
9782 23521
20494 25343
2617 3618
7315 19748
16631 16714
8076 11473
4586 17898
2364 22149
11746 14069
2093 3638
660 3872
4099 12615
3478 20605
9369 20103
9254 25915
7060 14941
8205 14640
4361 25032
5063 11952
9613 20938
5583 25008
15296 20059
11562 14407
2219 4281
11026 26408
4937 19105
1858 21199
843 1115
7820 24422
15661 26015
13794 27814
14133 27279
5984 23560
20441 21136
20491 28263
4878 18832
17998 19928
8143 27225
4210 15391
2001 18422
4646 19033
2440 16082
17456 26663
14543 25232
12839 17563
15603 22507
11258 24410
19817 21987
3592 23776
11559 17307
20010 23106
505 23606
1541 5989
11962 15849
14851 15529
11280 24586
7346 24861
20667 24280
1361 17319
10660 15107
1085 25032
193 4693
1925 25456
1970 8852
20956 25834
3206 26753
281 15754
396 8806
17693 17698
6077 7909
5659 12860
19061 25432
10447 14514
20053 22210
9851 12971
3267 15392
13515 18039
828 4857
1038 2925
5641 22110
23711 24635
18020 20639
3731 20710
8781 20724
1081 16976
7649 15942
3622 14541
21003 21380
5760 16013
6695 24799
9304 20340
7505 21269
19691 22575
4656 15616
5065 10833
21545 25699
16679 24274
9548 14730
22477 24232
12554 23902
9152 12188
11337 13239
581 21766
2667 21049
8434 20091
4233 7083
22369 26433
16588 23394
1508 3465
16806 19780
84 1469
7390 11447
953 16040
7827 24367
5629 16948
51 2093
6372 22180
9214 12401
353 14778
14556 17128
21438 22416
14317 22790
1223 23437
20558 27458
7888 8291
21798 25901
14481 23392
22271 22284
9321 19303
23 8818
14591 23842
15992 25838
4617 19400
11687 16301
10965 19174
22352 23342
7522 18993
13527 22015
22646 24147
4581 22464
5204 24904
12411 15577
23298 27197
16351 25167
3634 23521
11166 26476
7328 14588
9093 22581
14998 22226
2883 19242
17115 22226
17178 22433
11696 27129
19334 27555
6209 13347
2150 13644
12649 23400
5034 11484
3762 8264
3066 4802
13044 20064
1925 15044
2387 5943
9923 19781
19312 20804
1239 16194
846 9908
9314 14396
8801 10309
6261 17164
13697 18832
936 18461
11963 28217
7647 20016
10054 14364
21407 21831
17593 20550
19770 26295
77 21497
8992 11010
2684 18177
495 12472
12052 15815
18206 23755
10668 23816
8501 13113
17232 18104
3810 27074
11953 12228
2939 10262
23310 25991
5047 26178
4136 25754
12750 17682
4067 14352
12883 23034
23598 27751
16027 25089
5917 14233
3652 5105
3987 12341
8075 26945
9967 23267
17757 18176
4251 24068
429 3773
3388 25039
17695 18166
8986 25274
1840 19758
9038 23460
5234 18457
18823 20373
9503 12708
8210 27406
4288 21250
230 24208
18505 22783
7234 11148
12244 13699
6179 19443
14445 15220
7975 13202
735 9543
20953 26283
16024 18787
4476 22894
2111 18542
1505 13630
97 8210
9572 19819
753 26199
4168 14648
8284 24259
1502 17636
1767 24904
16095 27342
1174 6972
12674 27021
14699 19281
6154 20366
16313 21628
13777 24314
3366 11045
11444 15446
8496 16952
4581 7669
12959 13181
867 6096
6132 6182
3788 10146
15191 23366
7514 16949
2769 14224
3863 7744
14103 19280
3835 10293
18040 18613
14971 25735
11594 19899
21201 25039
2655 9316
3346 25713
1893 18599
3843 9569
26670 27296
13141 15098
1741 14744
5000 26604
1181 16248
19466 23177
13482 23288
250 9677
24908 27912
9465 10668
18564 22025
2270 10015
14771 25559
16097 23290
6973 9286
584 25608
8249 17749
10146 16905
10018 14633
23445 25808
6103 24888
8074 15843
11171 17782
5500 20757
20842 24851
11774 25024
17756 19638
2227 23118
9038 14909
12792 24005
8964 21766
4646 10133
10729 16083
17776 27467
1499 9631
342 25639
3071 16993
3580 10197
2748 6728
25306 25735
8886 21423
6262 14125
8284 15774
7904 10639
1783 23336
17823 22871
580 25999
12536 16300
17880 19669
4332 14635
15528 25377
1167 12383
2460 22885
5275 22834
20092 22112
2308 26673
11214 19132
19244 23352
7455 7875
4946 13681
514 17692
6914 18541
24921 28198
13015 13980
9395 14514
4178 15736
18219 26419
4063 19188
9398 23863
16426 22135
9489 23826
2139 12612
19064 25634
5658 25727
8096 24854
828 21638
12773 13695
800 23635
16564 19657
5079 23615
22310 24885
3269 7987
18641 25617
19736 24444
16312 17849
10830 17530
5084 8746
11928 25709
10015 25032
8770 9358
2508 6277
25581 25732
1402 10569
4693 23944
4246 8641
21523 21730
1301 16203
18252 19300
175 11210
6940 13343
18670 22872
8011 8563
7177 17548
14619 26788
23657 25173
17865 21612
12800 23140
22446 26244
4454 21673
8450 17980
11047 17942
3583 11452
3071 25420
6257 28099
7489 15701
4952 17847
3399 9564
5766 13555
3141 26737
22472 22756
4498 17146
9038 23220
13943 18462
4416 14777
23359 24866
292 14452
8920 24032
8399 22965
14016 27648
8766 18926
16333 21753
13668 16025
3884 17851
4015 16511
867 8105
840 19842
19846 22143
23728 28252
3399 18700
8451 18775
8649 12954
6917 27642
11569 14519
1008 21446
4142 22379
9255 16026
12091 21449
22449 23788
5042 7881
4745 26154
3593 27016
6198 9084
3289 6846
4352 25641
10050 17757
17373 21266
10430 14659
6694 18662
9869 22851
1106 3944
1934 24866
70 23659
10295 20791
428 25449
8931 17905
15024 26887
2491 12554
10085 12923
6031 11529
10018 16965
7844 25828
19641 22223
2612 26853
14154 26545
2905 27594
976 23437
4031 15825
6863 23210
9864 25956
406 14976
3169 14728
1767 20162
4271 21992
9147 22339
11092 13401
4315 10468
12810 15173
23151 23663
15731 20553
8924 9365
56 16351
7073 7975
6824 21633
7956 24069
24774 28081
7987 24373
9487 12954
10462 19577
6848 12852
753 12982
9542 10000
8948 17637
573 1685
1573 16036
10287 14957
20196 25557
3228 17723
11444 24823
5597 26897
10326 13986
27002 28146
23379 24069
9632 11450
2128 16561
8511 22575
11444 12614
9528 27336
3997 14798
4580 23708
18810 21534
2257 26194
12506 24909
21299 23062
9404 22464
13209 14629
5165 7231
5511 27294
11407 18704
9086 18507
640 23799
17303 20936
722 17338
10732 22416
7698 8746
18346 21269
660 3733
18985 22565
9418 14474
17963 23298
9408 23929
7705 24275
705 14658
8150 12413
13864 21446
5179 20018
1228 10370
9716 23608
3468 15097
21775 25433
18029 19542
2869 14911
10570 19917
16984 21296
22904 23189
3318 3928
457 19746
17752 27725
2447 15323
6264 21148
10974 20355
418 12079
9623 17495
11777 18230
25056 27970
17170 19347
15178 17782
9532 15711
15327 28239
8288 22274
4414 21380
3070 15723
9524 21369
3101 13495
1411 4574
12051 22321
4802 17577
1238 22319
4614 24363
5326 17966
2068 19143
9590 24148
14771 19445
341 2954
7380 8594
8601 19568
7698 8251
12361 18870
6215 18320
7413 13454
12942 27298
14418 23919
7351 22060
11443 25108
9473 23289
11083 22784
201 26682
12792 25607
19019 19941
15709 24055
11708 18952
25257 27171
2280 18218
12490 14847
12652 20028
17310 19616
3064 10654
2664 26869
12196 23455
4829 13354
9521 21612
10002 24438
12402 23767
18018 19736
2017 17735
3810 19579
626 5270
21431 21794
7146 19536
3166 11124
604 7832
749 1138
2900 14592
1 10314
11143 22202
196 14055
2759 6148
1878 13394
8016 9141
2348 27100
22112 27715
3856 8801
9835 10504
9873 26986
26711 27328
7965 13780
16012 27261
11479 18938
17120 20289
3154 12506
3455 24706
2414 24613
15694 25018
5042 7574
11218 25788
478 22885
5210 25564
2823 13706
867 22871
9406 16157
15163 28175
5382 19331
722 10471
10471 13121
10913 18304
364 9082
7205 16635
20119 22086
21831 28104
19775 24006
9909 17878
3900 6760
5989 25420
23574 26379
5878 14907
3674 11251
16001 22338
10648 10677
3160 12678
10215 18522
4072 9829
3059 27565
4626 21123
1508 23455
10346 14490
2596 25713
20643 27162
18332 19512
21550 26774
5402 16878
9020 23577
22253 26358
13171 27044
5330 15133
3185 18985
11450 24675
1771 2539
2986 20667
17145 17214
11645 24829
6875 21790
1529 1867
5538 25433
10638 24931
11692 13564
881 17219
12924 20747
7073 16509
8108 27766
13208 20352
3733 11368
9055 18626
23628 24127
4546 26877
20324 27316
4974 28055
3566 15749
2582 6705
8515 27084
20490 27545
11471 15317
14772 21000
2017 15350
7414 13193
8606 9761
21544 22441
5776 6065
6355 21714
4118 11657
3734 28194
9124 9165
3206 10674
866 8724
8669 11623
10099 27772
19286 27726
3564 17331
15562 19853
7935 11363
7139 27016
15184 22426
1410 14423
86 16071
24428 25262
5149 7333
1562 22198
2067 9821
17763 25114
1285 16324
18078 21177
9065 22820
3718 15556
3671 14289
20244 24850
22861 25904
10837 25701
18298 24611
689 11076
584 21774
10189 13810
4553 21484
3162 11315
3803 23520
5725 20754
14386 20475
8457 13173
2112 23201
3248 8959
8880 19327
6045 16456
7247 18905
10160 27195
18706 20713
4999 18267
15736 25626
7290 27013
15225 18787
3308 14271
18947 22205
7783 22423
9216 18947
16041 25019
547 8781
15283 26758
18266 21920
15286 19566
13985 16052
5641 14520
2865 15182
6507 9342
1574 9417
11897 24781
16534 24061
18520 22553
8528 9776
10515 14231
12974 26574
6729 9525
5 14974
12656 22607
5180 22349
8586 24330
7930 12086
14108 25598
1050 13075
6166 18219
3530 19213
6026 27926
3622 18211
4201 17020
8410 26717
15611 21903
14459 26646
6728 17524
1218 17866
851 15736
15911 16439
13625 23075
12161 16852
7004 23352
867 22716
14240 19762
1724 3129
10205 17336
10249 18567
1563 13910
3204 27093
2133 16388
15369 20387
9371 17356
21618 24485
1055 24053
7350 19409
5505 9305
179 23553
2104 7804
18598 26958
10330 17742
18930 27150
7015 7440
21842 27307
3013 17418
711 8753
1657 4933
2832 18679
23300 26413
9206 25032
11221 14431
5183 27129
183 25385
7600 15676
431 14568
20599 22617
6641 7881
7384 24575
9085 10966
14106 27844
17416 17429
15509 18698
12792 13111
14567 27424
1727 25977
3296 11260
2519 14191
6208 24680
5377 8177
18159 22595
30 19375
8596 17992
7896 21229
6255 28175
24494 24599
1510 21980
11830 27651
268 21909
12474 25265
17701 23662
7103 20409
8096 23254
4118 16654
8733 12798
10974 17263
4148 18136
1925 26496
4442 17263
2380 19689
14662 21126
544 5978
4718 24208
13282 20966
5042 21941
12513 18614
588 23365
629 17362
4245 24379
3500 7041
12696 19899
758 4089
6650 21564
978 19370
3265 13155
25174 25653
14033 14772
10114 10487
14534 19820
255 23390
12855 24131
8924 23905
11218 12614
770 24603
5653 10952
14035 19494
5802 28104
12434 26998
5925 17494
65 8312
7443 18056
14566 25233
3892 22857
9717 28122
17316 22488
14082 27451
20531 25276
18932 21577
7380 9794
5918 21387
4429 24069
19042 21493
15478 20053
24511 24973
2923 18319
18421 18608
19705 24444
15985 25949
2965 19565
5123 27508
4827 10461
8806 28211
8730 21621
6085 8492
8756 15987
12495 26312
5829 5983
1034 14389
6372 22819
6727 26089
7677 25315
1389 14648
2926 16504
3609 9933
16939 20565
3718 10798
13985 26087
7980 9260
3629 7581
12505 19418
4273 24195
8151 15282
6868 15493
345 23629
7867 12363
7401 23361
10323 20562
17087 27034
1870 3610
14545 26314
7589 8695
10090 21029
14989 15346
20491 26334
22871 26663
14032 19565
9093 24986
12552 23433
3974 20376
7788 16131
2646 10552
705 5166
2110 25713
3987 17812
713 7169
16641 26588
16660 21407
11080 23932
479 21693
19972 20162
3871 14464
23254 26687
2619 25067
2326 25384
8558 21407
15074 24688
3667 17592
3354 10462
10687 12297
10228 28015
10018 14705
1772 12369
7205 13564
17115 18911
8319 16236
9842 18823
6562 10160
955 5691
15884 26563
4646 23827
18178 24062
18225 24720
6007 22255
13282 17221
10154 26913
19536 21371
14241 18533
10051 11267
12846 15181
12385 21722
2842 13177
17017 28050
14761 25818
24217 26871
11244 21835
3622 13989
3982 9502
17802 18457
220 25219
4070 16480
10449 17446
282 5733
1574 10628
15267 18891
2296 17749
21321 26941
10273 18522
8363 19816
3119 13254
10826 19181
4954 5042
10440 24995
6734 25013
19897 25943
3850 20384
17319 18581
7346 17482
6533 18221
7695 16694
429 9532
10054 20173
13718 19567
7664 23619
207 417
3066 11094
4081 21682
8091 13721
977 18369
8022 23253
19254 22334
6064 26162
25053 27445
9141 23754
1672 22570
9295 12421
4627 11998
2657 4477
10382 12905
19641 20392
523 17060
713 15920
19246 27949
21881 27029
6349 10411
16923 20775
406 12645
11295 25986
23748 25081
14257 16584
10476 20770
7158 12507
3851 5562
19712 24582
5914 14104
370 5058
13055 16932
21113 27423
7648 13721
1878 2208
377 21491
20936 22373
12244 16112
19971 27170
16395 22998
12711 13089
5198 9847
11013 12303
13972 27643
3484 10740
26572 28007
2648 15565
2664 16626
8410 22376
16900 22764
21387 26641
5518 22151
6994 22716
1878 28049
20836 21891
13882 23111
22020 24127
3609 27811
14456 21227
10407 23593
1013 16718
9253 11788
18454 28121
19179 23875
17750 26790
25008 25167
23366 28238
12726 14840
5403 21331
7439 12737
9834 23143
16603 23706
4921 23312
15464 22729
10838 15227
7597 8708
19326 22814
15853 27105
12824 19768
2021 14017
8150 8753
5027 27275
5851 12943
306 22679
14335 21789
4072 16700
19068 19302
5923 6668
14295 19092
12556 19853
15162 25613
19542 21203
1045 4347
1126 15928
5423 25302
11073 18950
5262 5947
5579 9983
22120 26092
5943 25277
23553 23655
1856 5317
19192 27565
15610 24339
9867 13491
24171 24848
17874 24415
8730 24808
9551 24737
7073 9502
1819 3867
2061 15090
7025 22530
17782 23166
562 16427
23496 27373
3156 12413
3826 5150
3467 24068
2807 10393
7524 27976
1150 8634
8500 19633
838 5697
18327 18752
9727 12267
14728 23379
20586 20657
13021 13577
17173 24351
70 21473
21341 23932
14465 15123
17259 20077
18146 23879
1216 14564
15721 21766
16189 19043
21079 22829
19857 27758
10800 27013
6437 11952
15174 15348
17795 22106
7215 14005
4728 8082
4074 21165
3598 16094
16301 21920
16956 21320
8500 24056
16587 20409
13014 15861
13054 15166
20309 22834
16866 25507
15072 26940
9150 17348
8586 14836
9152 17098
3989 9942
293 26994
1651 19254
18643 20096
4265 21205
18867 27841
7861 17723
1036 18663
578 19262
3772 19547
4274 27085
359 568
3311 5344
10598 25165
1990 22780
25432 26420
4165 19826
11836 22870
5691 17057
10003 23674
660 5296
9214 15405
21111 24005
4807 22092
5722 11133
12312 27633
4675 25017
1031 27298
9923 21550
9946 21788
6355 12356
8963 10023
4703 25059
16901 21385
16504 20224
16755 17189
2274 6226
3872 22588
3233 15432
11336 20639
10090 19348
11644 17696
14590 20261
19941 22485
2470 14129
8488 9816
521 7178
4787 20890
4422 13111
22050 23546
2583 7519
9153 26901
21462 25760
8091 26908
20786 24521
20016 25349
2186 3730
1421 8526
3907 16121
6239 7413
8385 18317
17394 27830
11669 11987
4448 14771
18408 21077
11495 12956
16865 20639
1978 2197
12689 23193
17482 23955
2003 21591
15922 20432
18861 22496
9895 11692
19189 27404
21157 21659
12127 27918
13981 27221
3885 26706
13304 23619
12979 14076
253 12262
6462 26598
3307 21247
11954 12121
3273 10493
2320 11767
1848 3975
2586 6730
989 7770
4671 6931
4439 25881
277 2818
2267 19836
1 26930
15765 23029
12700 13733
8040 10579
9077 11479
3872 22925
2260 11457
7995 15874
580 25299
763 20550
16451 27511
2596 26390
12257 12915
6154 16905
6393 14802
13376 22724
1767 20370
11369 23015
7185 16953
16690 19343
4718 14843
6879 10578
9388 23879
16993 18259
15032 15535
7623 20490
8527 10483
15870 23143
11746 27355
986 10646
24353 27938
2165 4077
8841 10389
22976 26717
18037 21098
2604 23344
8036 8108
3900 17938
14991 20737
3638 26027
8144 25887
681 13383
7007 10420
5518 23324
7982 17779
17433 24949
6156 13412
7166 13180
515 23736
10845 22722
989 2304
1448 19225
9923 15950
4295 17749
5984 24280
1 26065
851 25590
9890 16154
21000 23945
3709 13889
2469 22611
9115 16281
6868 20238
1419 1702
17 11267
1690 16957
536 7033
7820 14445
9150 13564
25428 27726
21922 26212
6350 12356
19950 22649
10830 24904
3166 4197
22651 27814
21057 22925
23091 24127
23119 23935
8806 18651
865 12836
5599 9301
4018 14186
5443 16373
1178 27652
6673 14964
12696 20162
10639 15748
1661 14489
14513 19463
12927 17097
3727 20381
2314 17725
3885 9404
9769 19959
14290 16543
4129 18319
2798 21573
7538 13863
3881 9993
13786 23665
1790 7231
8710 12769
5791 22799
9993 12081
22452 27069
5702 19480
17993 23467
13034 22588
3885 6657
3819 20657
1470 5768
1008 12695
1023 12151
6728 25432
10805 16659
13282 25453
6728 13054
11243 20061
874 20784
3553 12070
8522 19428
17472 23929
19566 23628
349 13536
1659 9970
26340 27084
993 14428
18682 22556
20416 23007
11537 15783
1519 1878
7536 21883
18065 24771
13999 26530
19131 25865
4422 12889
7044 23375
9727 27289
19301 27096
341 23338
17275 20236
3489 8388
1056 9774
6994 17239
5728 25414
18934 20123
7791 12346
27867 28211
9138 16823
12397 25626
4507 28076
3287 22895
248 17696
18362 25094
9061 14985
8285 23318
648 17089
564 25027
1772 13168
20599 25117
7381 11254
4539 8083
2058 22230
10317 25921
13329 23821
7247 26024
3039 25977
9388 22219
16622 27385
3052 22546
10450 19575
11466 25448
6608 16662
2605 24068
21240 28148
17003 17814
4541 5949
1265 4358
9281 24360
7001 7631
3947 16905
14242 24929
867 4946
8781 16311
6799 16738
783 20612
5964 12573
10807 14905
7056 12145
19673 28055
18113 19116
8930 12892
9819 22642
1398 9806
1209 19868
7783 21770
17180 21641
9894 13652
1672 19121
1271 7640
8954 14955
1788 25845
2118 4356
12126 19646
14235 18911
4949 25608
3522 26921
1528 4340
18676 24836
8750 17801
5907 13810
4720 16734
14167 19371
3819 9956
7473 25229
4784 8920
15906 25626
13010 23356
19488 24865
14314 17782
3071 16413
24257 27929
13778 14997
21987 26503
1807 7017
6227 22178
12502 13017
8841 15141
19410 24104
12409 25598
1551 5937
6649 17919
635 20726
19333 26193
5949 11952
4807 5440
16433 17331
18811 24131
14180 21313
6182 26231
788 27841
7647 22824
13976 16222
17819 25901
4216 7633
4587 10612
13384 23143
20922 25766
8541 18522
991 6601
15615 22571
8511 24248
2780 11011
327 18084
7199 23015
5485 19712
4093 20950
4174 22475
7354 13055
534 27355
14340 18895
9574 14283
18136 27499
12919 26170
16511 19905
4646 9338
7387 8937
9013 9717
7362 19189
11663 16328
92 6587
2190 20002
12963 26476
7410 7885
16311 19787
16114 24444
1136 4302
4312 20115
5576 13091
18533 23277
4158 24882
5412 14209
6760 20151
2272 27788
7502 13134
16244 16995
8185 24029
1720 15162
12 18926
5183 26299
7094 8100
12434 14033
25927 26957
5505 21326
9723 18267
7349 11119
15493 24425
23930 27774
21153 26591
5502 25805
1590 16530
16941 23361
7758 22696
6220 7434
15463 18631
287 4119
2137 14970
15749 20394
70 27998
9356 23365
1475 6127
9962 23002
11844 21327
14707 16258
2170 14273
4282 8363
13993 18163
5084 25525
1718 9247
11300 21708
13291 27382
12303 15920
25042 25078
13214 24445
3162 14771
8682 26868
7616 18209
7300 19068
8471 10217
1936 13681
2389 3162
4581 6896
867 22901
12427 12639
362 17614
7950 17963
16901 24451
23467 23921
10652 24127
10879 14837
2874 7401
14711 19168
4693 26344
20587 20749
14617 24304
5237 23619
4068 16926
4781 22020
14088 24017
3410 11795
19789 23993
611 25651
20611 27883
10435 25433
3517 11988
15008 19105
3172 7835
15036 27497
25910 26644
13431 18192
16327 23430
3728 15068
3727 4228
23313 25219
107 5004
4031 23265
3296 17975
16582 24415
10825 24910
4606 13101
8818 15672
2667 10231
1213 23209
8946 13714
22666 23024
1389 10054
5445 17836
2340 4594
23585 25294
15344 22775
872 27418
23402 27833
175 26839
9548 13440
13342 14247
10080 26341
21798 25960
859 17203
5312 8717
1815 6243
1750 2460
14102 23675
4377 5143
11771 20289
1624 12921
6770 18902
13619 21473
11047 18068
8924 20712
7211 21032
7312 10596
4455 26968
22687 24575
10951 26052
7919 25165
15391 22091
14657 21815
4471 7993
19314 21154
7336 9064
8692 13225
11177 21440
5988 15346
17245 17733
15811 20664
17305 18615
22292 23467
7982 17060
16932 25454
11296 18015
11282 11801
3081 20168
10323 14033
2447 9923
17958 24240
20953 25901
11617 17017
1023 4012
6408 10737
5706 5826
14448 22856
6239 9215
2967 19275
650 25397
19706 20541
15736 15985
4142 18185
1394 11647
13664 15094
24671 24708
722 25270
2679 5282
17241 24315
1143 1425
20737 26945
3045 3761
1100 16583
5812 19378
1917 3171
1852 11281
11817 15575
4866 22184
12472 17590
11048 14662
12836 20948
17902 20171
11783 18520
21242 26740
4024 9869
3236 5712
9003 10956
15823 25793
6709 16552
6680 20632
3724 5040
5750 19035
10280 15852
424 15964
3539 15804
1951 15824
10125 24132
1795 22415
4798 27007
12446 24538
819 21668
3661 16527
10538 12633
12031 21717
8012 14677
16597 27034
9804 26353
3619 17527
10698 12195
4110 21653
14944 22168
3566 3663
19111 21963
21057 23799
5403 15947
9524 12085
851 9843
5626 23688
20332 26638
1342 4108
1878 22415
657 4125
15203 17675
8818 12558
15175 23521
2686 8324
7758 19140
1489 11214
245 14794
3023 22227
340 396
3890 3954
765 18267
1719 14631
1734 8528
9380 14260
1008 7977
3090 10420
9716 25847
19780 26991
9351 11550
20882 25433
10747 22278
13032 27218
11340 12434
8291 13952
5236 16512
21927 24839
11854 23225
17673 27924
22415 25468
972 13717
3827 28238
7693 8603
5581 27991
5374 18516
1140 2557
19794 19843
16246 21674
3764 25920
13864 25336
9488 23361
3465 24956
18891 23601
3354 5288
10511 19630
7881 15713
3746 4433
16760 25254
1870 4097
7360 12565
11571 24576
23538 24637
9901 24939
8977 21538
3229 18132
6669 16136
2085 25056
2986 18027
4875 8251
13721 15410
1900 14557
9206 14661
7166 23298
674 24055
10125 27693
2120 14077
4086 24953
21269 23084
1324 21297
6446 16368
6686 17664
16203 22294
9552 19894
10815 19396
7478 17244
51 424
2362 13754
18427 22242
1725 6370
21009 27700
12244 17219
3788 23994
3423 16878
2447 17018
10482 18758
21491 27259
6385 25009
3893 7390
14705 23108
3810 17214
991 8565
10208 16138
9287 19627
2467 12235
16850 26643
20484 26319
1688 8368
17198 23415
6940 20337
14771 26717
8739 19935
1026 27043
14563 24257
9105 21623
3638 7523
2989 28078
10318 23657
3307 5716
2961 25451
19308 26073
3274 10708
4110 14724
20535 28044
8795 8933
7937 8341
8920 11817
4141 5583
5611 20431
2735 10486
15017 21447
25204 28136
606 25966
12791 14681
15057 22616
12237 13945
6268 10619
5522 11953
9682 22870
12941 18835
15236 17555
9871 24576
4442 26706
11228 13429
6096 22758
4099 25406
4594 7414
828 6161
13778 26580
7567 16452
13076 17491
9805 25238
1351 4424
14325 24120
15169 24863
12839 17137
3624 15584
13456 22379
14783 27538
21228 22180
7246 8251
14957 22246
3661 4367
4218 27932
14449 24749
4680 10851
16310 26834
4689 19409
710 19516
5777 7757
1257 27087
4438 7483
11975 16261
12451 13542
13590 25220
19522 24965
11777 27807
7885 23944
2270 14748
7933 9939
11311 21154
6928 17649
21262 24069
18963 20602
22889 25272
25903 26927
10427 19197
10026 14227
10219 17941
13980 15216
14221 21154
4171 26632
5629 10146
334 7031
21505 27530
3582 24551
9704 27923
22895 25329
20087 24905
4556 25986
1092 20431
9438 26456
8198 13116
14112 21079
17776 20159
10921 19784
8841 27447
17167 22984
4180 7349
4421 23469
2440 21066
7916 24883
5614 6232
10442 11559
10012 19002
17441 25021
3419 18208
18772 21998
2869 16475
17232 20572
8726 19663
13832 18308
12775 19587
1176 5167
2565 23820
9416 23983
14325 18871
2035 5232
4943 5023
20608 25445
15211 24061
9583 15614
3592 10623
13415 15426
22770 24728
13 23372
10903 22769
11193 26489
6360 7655
12161 14082
7664 17446
19964 24280
2760 4415
9067 11804
22304 25504
9723 26063
2205 10166
24280 25550
7381 10588
3363 14971
23719 24158
10760 21097
4087 7084
21998 23233
9774 25204
5791 7239
25767 25776
21997 22256
3624 10054
7360 8841
10414 16272
4724 7743
5270 16809
19237 23106
15561 16079
1622 11804
8291 28092
3729 17764
8393 10971
23464 24504
8241 14310
15729 16369
10293 19041
1421 12244
3607 15393
5984 9748
21563 22593
15576 22417
2388 17141
23658 27838
4703 24263
14184 23619
9065 21319
2189 4457
828 26554
1516 8642
6026 17889
67 23922
12265 26862
11283 26514
12735 22106
1107 5434
22464 23771
1018 14491
3851 4282
6495 10880
11387 21962
17760 17788
4135 8975
18188 21976
10692 15646
15620 22205
18788 24290
15829 18755
9893 19788
1756 25823
5883 12546
16083 27042
18180 25197
12228 24784
17537 17963
6802 18451
2062 21495
18454 19856
22012 27247
14678 19794
11080 25140
18219 22787
22581 23975
4031 16890
13715 16113
14379 17980
166 1908
20279 26045
7005 21201
3431 8021
3454 12895
1050 4187
12969 13242
17789 26497
13744 22200
8128 25875
14309 17773
4646 13658
14109 20867
16560 20909
5160 19329
4600 7793
7543 21505
17637 19846
8781 24804
4861 17536
13844 15430
21237 28070
812 12670
7111 24601
17864 19880
4751 9873
7069 24643
10068 26498
2132 12010
10127 11543
5313 11611
3734 13343
3090 14436
18911 28055
9208 22663
16910 26625
8379 21831
6333 27168
7798 9399
605 25267
11100 15977
15432 17599
6886 13232
22308 28031
16316 22077
2834 21447
3422 4314
5131 17417
828 11133
1000 12765
14753 23938
7002 22440
15856 26258
10683 24737
6544 16639
22326 26031
155 18101
9465 20162
4080 19266
8268 11730
25058 28150
21034 22012
5149 27497
2470 5262
19552 23525
6843 25329
8891 16487
1695 15592
2240 13807
11876 20715
2254 15258
4120 18852
10023 19764
18070 23365
6536 23932
1755 28077
2888 18718
17193 26217
5112 11060
15089 18151
131 27321
14719 20130
9339 25887
941 4778
13802 17639
10085 26940
6086 12451
16046 18911
9059 16929
8852 22857
495 22416
1505 11222
2708 7289
1002 9614
6989 22780
8798 15837
6605 17941
7809 18454
3260 27076
4515 15429
3700 9285
21000 24068
17951 26623
10679 21353
4439 17102
6023 14389
6718 26922
13947 26483
21018 22880
9432 19369
6039 25772
6648 24325
5625 21542
1789 7839
12480 19877
8926 9537
10185 11971
4122 27489
10833 16144
9219 21300
3326 9514
20387 23997
5107 21481
3296 23653
21481 21919
5658 11973
9095 22216
9429 20390
1851 3436
14193 14240
2165 8411
7846 21885
10517 18355
7894 10303
5205 8636
14288 23077
3734 19729
3374 23496
3762 24129
4761 22012
18631 23134
6959 8730
13017 25460
5867 17773
321 15370
20915 24023
7315 14606
10399 18454
5087 16806
5190 12889
10971 14633
9321 25074
11696 12660
481 11009
6224 15616
3201 6589
322 11552
9140 9956
21409 22814
8753 24368
20579 25421
4695 9926
7645 12762
2830 22805
4500 24131
17538 27922
14053 19451
2838 16279
107 356
18310 21630
10508 10941
5166 23798
6065 23396
16470 19372
3734 13456
6355 26058
9067 12056
12145 17513
528 27090
19240 26116
11135 11698
21456 24823
684 12947
20661 26030
5943 9574
14839 23702
3780 11599
14233 24886
12479 26601
22666 26000
11763 25750
10063 16323
7320 26662
1446 20065
10309 14193
14093 20008
16953 24360
10027 22821
17456 26598
3969 11874
18611 22581
7354 25998
127 21746
2667 15540
13970 17823
991 7743
1830 12402
17457 23237
23006 25133
14566 19365
1247 8114
16138 19721
10998 22109
8039 15730
4742 20752
676 19619
8145 17422
4675 18308
3161 18937
13999 23431
7835 12230
1243 4561
18788 19601
7333 23178
331 14962
9043 24832
7382 28109
12646 14683
2064 14552
15676 17630
5412 20905
8990 17057
11357 20287
13214 16489
18061 25008
13456 19223
3769 17443
1601 23113
11542 24448
9225 27012
13668 27179
14105 27974
12414 23107
11484 27031
1281 26120
10935 14464
731 27731
1377 17944
17935 24042
1878 11382
8481 23803
9371 14973
15620 17407
12581 23141
17472 19979
6495 12236
16070 17984
15830 26935
14564 18344
4587 11798
7793 8846
19484 24094
16377 28245
1126 26517
24049 28044
4519 7484
1708 15660
12860 15455
1538 17507
16718 25403
13939 15791
7493 14454
7798 17356
8085 11295
14264 18911
18824 25232
5387 9127
18208 24279
2547 18521
25772 27424
2455 8520
12402 20140
11094 26476
19249 21555
19409 21726
2836 11981
8669 26955
9636 19160
12792 18920
5579 25130
2023 4638
10312 21533
11281 15600
1711 12214
19222 27676
1604 17639
12990 23430
9150 22814
3634 11816
15857 26134
15784 25139
4626 15682
21811 25160
4268 19368
3447 10434
2623 12479
3052 3589
18630 24227
9482 24537
17335 24623
1095 1925
10247 25283
19115 21822
7127 21080
16720 26094
5397 20799
10072 18536
8806 24069
3491 9978
19832 26062
12754 18382
1497 22558
5076 24411
9923 26322
3660 5505
8841 15228
4031 15052
11030 23929
4690 6196
4673 9948
2124 7202
11149 24563
1840 14670
17054 28110
1720 2104
4605 19442
5097 26429
12466 14672
9774 9904
5979 16656
18994 26232
6255 15610
9686 11473
19285 26979
11988 16367
657 13783
8292 14474
19900 27492
867 20758
19953 28044
5690 18649
3592 7015
9179 27990
635 1878
939 12067
4575 11742
3674 12302
18704 28128
5246 19785
6148 14106
1937 23574
5088 7982
2641 16194
6449 18541
7869 21053
644 18578
8896 9585
2411 25382
1432 21323
2823 16394
10225 20632
2597 23488
2719 21809
4424 26077
8188 14774
5238 23756
5824 12769
3194 5705
465 9251
5651 15834
11148 11819
10723 26752
24068 25106
16276 19780
8772 13220
1343 10303
19845 23605
8028 14158
10864 25914
8972 22750
4291 18873
635 11993
21000 26998
18820 19061
4683 17209
17730 25172
19871 23189
5100 19852
8208 15146
10152 15676
3940 19657
13165 16376
7984 22476
15588 16583
4685 27635
15175 17601
5204 10560
4808 14866
604 8283
6809 27029
3860 14769
24393 26379
7210 22425
2967 20689
2849 17785
5241 21006
14912 27715
8669 10730
14881 16457
23570 23976
15201 19086
12551 14710
19513 20331
4764 27384
15866 21231
933 24476
10896 14583
12423 21798
21257 21369
10075 20625
17329 22055
1694 3141
4837 7484
8465 11711
14571 16313
16482 22097
25998 28255
4236 14021
1500 26257
4548 5815
10242 12708
2245 24491
12 8766
5916 19005
987 27204
254 15762
13087 16243
11030 18265
21588 26907
11011 25963
13107 22159
7354 18618
20308 22363
3334 15203
3816 25992
11483 14104
17347 25349
3789 9254
2058 22550
11708 25027
682 23473
6972 12193
3124 24828
21475 28173
8423 10981
4990 26288
5327 26312
11009 14633
16422 22441
1200 1758
19446 26096
18131 21240
7228 16129
5743 16791
5485 26413
20170 25064
10950 15610
19856 24603
13492 17170
10053 10508
17253 18050
27844 28028
2270 14201
4287 15791
3329 22171
3790 10004
13579 22785
3765 17833
5196 18496
3867 10717
3338 18203
12830 16284
6868 23863
2244 16394
7142 12688
872 20055
2376 17113
9927 25459
14826 23893
944 6891
7713 12516
16255 21156
237 18143
14954 23574
13338 15410
3472 26784
12287 15286
3788 12930
4737 15985
19867 22103
9127 16809
9252 18015
9038 13449
86 22271
10454 26729
6847 8308
650 18689
2141 21062
18457 23477
16803 27465
2247 24719
17141 22517
13038 15542
7358 14091
8746 24979
22254 23188
8151 23422
2521 21688
14055 24503
9090 26407
12851 13595
2938 21590
11664 23964
7915 18531
14344 19876
710 11984
14033 20833
5359 7104
22967 23168
7668 24216
1257 1767
6355 22653
609 18057
22669 24053
1365 7830
9632 23369
11486 20258
1073 23155
8781 9377
13745 18993
2596 22177
415 22205
6135 8148
905 17128
5466 15200
8261 17443
13909 23074
1140 25397
443 17114
16941 24121
4237 22985
1635 3728
20292 22084
13091 13373
8650 8834
340 1741
14392 17222
19132 28100
5485 12495
3287 10970
11337 12166
9194 10876
3970 11045
1727 3305
97 10131
22193 27864
15360 22214
9118 24836
23715 27120
9136 26554
12783 21587
7814 11059
1851 24804
4701 12545
2660 18649
6979 14404
8229 25312
1445 21921
14033 19827
7111 8654
7442 17593
8905 20328
882 7042
12967 27005
5542 6639
17757 20647
12587 21011
6367 18760
8251 14633
8706 12868
9252 11945
9504 27959
20985 23399
10023 14249
7836 18920
11614 17922
676 12489
4771 21987
13328 19348
5267 25301
17756 22707
1440 22421
16126 21628
13358 24886
9835 14970
6895 8337
21056 26074
1006 18045
788 10126
18902 19017
257 15557
496 2710
12155 26322
16584 21407
20480 24804
9213 17408
3970 6759
6961 16608
854 3411
9857 20205
3383 9417
23140 23310
6461 14160
17834 26788
14069 22696
2040 2956
2001 9179
4328 15162
7733 22664
20559 22604
1740 18497
9582 24147
4185 21374
6797 7452
2223 24074
86 21733
917 4186
18920 21123
11520 25698
16024 22587
9920 15951
6965 12379
10342 17927
1294 23188
2160 8772
13038 23295
10415 11480
403 13309
22184 22448
6078 13279
12426 26896
7818 13485
9130 13745
22502 26640
2833 20749
3539 11092
3832 14057
48 22001
10023 12193
581 4237
15740 18921
5268 21771
3507 24830
11154 22258
9631 21139
787 24904
1574 10990
5832 5911
26111 27194
22040 26413
4723 23168
660 19685
5289 27409
13252 14895
3080 9004
7213 10837
7802 25414
273 515
12136 23128
16900 22716
16423 20339
630 3310
1 2039
15055 22723
8634 9095
6182 15853
4116 10255
6377 7097
13228 18818
1462 25651
2575 7454
1795 6994
3269 16277
401 13208
16598 17389
9536 17304
14355 24184
9539 26980
17259 24500
8246 27795
2832 27495
13101 23145
22460 26357
7987 8846
7889 24180
12679 20849
19512 21668
12443 19548
12864 13504
7002 28082
13203 27417
8411 27896
867 15040
1888 21111
3967 22711
117 22987
1858 14153
6100 18854
17788 20265
12892 25728
11375 12931
7106 12221
13436 22472
867 19265
13003 26139
7128 12356
9570 20591
8024 9155
27313 28277
2527 26727
19892 20258
7813 28216
1535 18891
23915 24563
12288 14904
16781 24557
3163 3816
19433 26344
15727 23890
11484 24199
1596 1666
10646 14081
13204 23369
6103 25247
12093 21380
19680 22992
7635 10871
11151 14736
9667 22987
15996 18491
1357 24781
7731 11792
12484 16949
4336 27752
16307 22992
7348 19775
596 19750
10038 18595
6713 21403
7873 9139
21467 26302
4724 4971
13756 16119
5595 23932
10115 25608
115 20558
8056 9895
6633 7595
22273 22313
9526 16726
22008 27428
2119 7460
5433 12316
4967 24952
1927 3415
6930 21176
1593 26053
12041 16791
20130 22035
530 16467
7810 20436
4291 5236
1458 3526
20837 25197
2050 25397
15493 21080
3947 13681
17304 19884
16622 16695
943 8779
1605 8475
6473 19933
3006 16421
3793 16748
12908 27042
13960 24836
23830 26184
1707 2349
19865 25309
11809 23548
16545 19857
19075 25033
204 8566
17905 27274
6656 18481
5659 18255
21856 24150
915 18512
16890 23722
3532 4802
4110 8251
21732 24005
3172 19337
4142 12639
5832 26485
27428 28275
14916 23193
9043 25032
4119 16219
14481 19753
23223 27087
7411 12025
11880 18498
4671 25174
9478 26194
10963 13257
16823 27172
1056 10726
5925 17047
2470 23708
1744 8200
5913 16001
15762 25145
20876 21564
8064 16086
10357 15007
8972 26838
6495 19028
16751 19333
4062 4566
5172 15182
14987 23104
10428 19988
3733 12674
2227 16451
7205 20500
13820 14487
443 811
1036 28130
10523 26455
14371 18787
3430 24155
15133 24823
8703 20758
12084 16785
13091 25229
9813 24928
18344 20974
9736 14940
10641 16772
9466 16547
5375 10318
9491 10017
12715 24354
8757 11161
15633 25956
2274 11993
4983 19648
10488 24420
5617 22705
5102 9020
22882 24251
11963 27841
12211 20162
22696 25793
11839 13661
21003 26457
13008 16035
17904 28144
5965 7826
10028 11149
17754 24904
5288 5756
4599 17458
961 8367
2958 12826
4603 7966
14799 22581
20031 21849
17318 27412
12321 22269
3788 20657
838 14744
15828 25629
17198 18095
9214 23489
5372 23560
19834 25106
18192 20123
26690 28014
16923 19479
9100 13652
1432 23035
6295 19882
9636 26830
4618 18908
13619 14242
3780 20884
2117 26500
2989 9445
2172 3413
108 24265
18085 24645
682 3237
8367 20639
3089 8565
1270 25330
2191 9716
3900 11164
13618 15694
9068 10888
9251 26184
18985 23872
9731 26453
14370 19539
9281 13598
13906 14464
5117 26880
10871 24062
15241 25084
12241 18434
11727 25991
3361 15614
1775 27867
3597 17513
7878 26394
13308 28083
12145 13806
443 3204
1398 8264
16901 24374
16989 25685
452 4720
23016 23721
2378 19674
4039 17318
10662 22141
10079 11654
15090 17928
19688 20282
9942 19035
7915 25809
8022 8377
13115 13609
17792 22993
19959 20707
424 4033
24979 25626
18136 21074
3 12034
10472 18383
22186 28159
5610 7861
13847 14033
18636 22240
21577 24326
4016 6072
8091 24224
5266 27646
13970 16901
1240 14025
4842 16337
11724 23397
5326 21939
15981 28180
7529 14041
1900 10535
12886 18823
2351 14905
5832 13641
81 28150
248 11252
13735 16609
22173 28203
6885 9991
20109 22416
7582 20401
16979 22621
7515 20075
6650 11210
3622 27296
4257 24573
10916 15407
15726 20045
5204 12573
22039 22309
14329 19845
4770 11559
4039 22546
4581 18749
12602 21512
15747 18232
2706 13460
12598 12726
1849 27096
7478 11080
2132 4623
21496 22585
0 14581
12942 16695
2433 4209
18336 26706
6940 12506
24457 25117
2588 17258
2967 19675
5 23620
4026 23902
1609 6495
2999 12398
8498 18465
11452 22130
490 16987
396 8246
97 8407
20564 23499
6124 7629
17254 20462
16849 21335
3169 24111
2908 11092
11551 14010
13411 23270
3537 6294
5861 18718
8066 9881
18259 20758
1817 7195
7149 26351
3762 7199
7312 26716
19494 23254
2324 11987
15561 20079
17166 25409
872 25130
3967 23399
2572 25849
15907 19847
5716 17812
4397 14844
9 9375
439 9456
6891 21151
14304 25327
2166 10691
2107 10185
360 1397
7945 8947
3420 13317
2093 7675
22581 25311
3231 6832
7047 18647
2888 7779
4180 21481
9948 21870
1272 14003
6894 22682
9999 27906
6120 18908
11809 13760
10368 20739
2892 28086
7956 17681
1978 7073
8441 8647
1611 24474
9639 21909
18723 24659
13212 22551
4675 13881
5194 20958
4866 16905
2813 18281
5727 22151
3154 8478
11260 19768
8003 11406
16959 18544
7927 23762
2894 12696
4548 14050
8 15515
2269 5913
5609 8990
11421 17098
3265 9807
10779 25302
4205 5711
22506 24338
4391 17076
27129 27751
4195 15251
8974 18619
17120 25610
3893 12210
5522 20611
10286 24904
2539 10682
2132 11261
2130 9786
9631 19185
4612 19933
5984 21987
9080 14790
1878 9123
5 18753
3127 5791
3265 9324
17737 26783
7348 24006
7205 14657
2139 22448
6255 27514
4587 26257
3848 25130
36 251
3038 19429
18465 23629
5335 8055
20616 24847
25006 25956
8819 9614
9358 17022
12614 19693
21341 22416
4516 13797
10132 18867
3698 16243
3687 10934
4435 21298
2894 27021
441 6510
3138 28043
15693 20347
2494 17329
3366 27624
7137 26546
12614 21747
899 22107
10101 23251
11100 25519
4603 25494
23254 27821
2514 19675
9851 14140
16334 21828
3257 20379
10242 10509
14096 26231
4642 7632
8246 21473
14969 26626
2874 6868
12506 13235
14474 14501
2129 18674
18302 18552
8999 20008
534 17984
12959 13033
3590 25997
1900 20379
1387 3491
8676 11698
18502 26668
18209 23225
10920 15244
11255 15335
3156 12649
1306 4866
811 24031
1162 4386
7623 14137
2336 10287
3002 24804
13455 20711
14555 22131
8717 21849
4742 10680
10619 15823
5990 20158
1111 22245
797 18712
13954 24211
10756 26520
2022 2530
9824 28150
5472 8875
14026 19152
12862 18669
1926 16945
12343 23189
3728 10937
10974 20144
8767 22785
19240 25839
11677 16367
5716 8156
15343 22156
9408 13282
16323 22842
583 2276
7987 8505
15508 23521
9843 15736
4795 16394
6196 19896
23286 27184
11696 25219
15603 22041
1794 5213
15682 20786
18318 21387
12545 26289
15817 17700
4424 14389
18999 24773
1417 26000
200 21786
6872 9482
18255 19612
3750 24509
11104 14359
19679 23182
4189 10726
6221 23365
3954 7624
4741 19264
8219 11484
2882 23274
2732 19033
7647 9905
18145 24109
9323 20627
15257 17232
11059 14519
2470 23557
17961 25494
2436 5295
2001 2485
3307 5722
121 19591
13261 27464
23803 24000
2497 15540
5454 19564
20179 21327
8292 15505
867 18823
4600 14050
2943 16439
2363 6725
7413 20749
14971 19417
2470 6657
7524 11623
8670 21673
3300 4595
14731 25494
2872 4790
609 20682
6006 13240
14101 19411
8016 22193
84 4802
15977 20875
11327 22296
5201 8442
2002 3463
1801 3279
17858 22946
598 27032
5794 8438
16720 24561
20965 22581
14548 16413
588 20491
5256 26204
2685 25655
5117 7195
17590 22416
22430 27293
9043 23162
1959 10747
3618 6809
16984 17182
6248 15562
18360 21671
22040 23277
7813 26499
7312 17298
7484 22845
4720 12260
3101 16428
12737 16870
14198 21623
18817 27017
5775 17239
5210 24846
19849 23455
446 14959
18626 25468
5943 10358
8085 24786
3111 12684
3302 17521
13114 27712
4410 7264
15604 19004
22415 23823
4581 24221
2823 23990
591 23007
9065 21333
16527 22489
7635 9294
2696 13310
12101 17031
356 27500
11059 13816
345 2919
341 27746
19604 25531
8884 23366
21725 21761
4649 7621
1878 15051
7051 15437
13234 21691
8054 23353
1935 15749
18633 21192
2902 9038
424 1039
15754 25286
8402 17010
7080 22424
20712 23263
1015 19536
16953 19194
10805 14315
1178 11565
985 27698
1877 27960
11975 15286
4933 21473
7698 20601
6229 7349
27974 27976
14971 20545
23308 24068
5950 17239
11812 25689
569 21513
5371 10859
3080 21944
17406 26061
13180 17014
4408 22511
9747 24104
3164 13279
2105 25616
12726 16970
406 15376
24450 24908
588 24384
20171 21058
2389 9850
909 26063
18452 22042
11975 26071
2541 6227
3989 11322
17728 24575
6074 24636
6646 21899
15335 21201
6501 20799
20166 27905
152 23038
17782 27979
1512 27044
11716 13834
4644 16766
1613 19289
1852 9590
1590 2379
7375 18400
20064 22241
17119 20166
7693 8816
15376 27746
9067 16136
4573 5102
18669 26895
4217 15224
23897 26593
2503 19575
6865 6893
7154 24968
1302 8695
1858 14258
9524 10674
9281 13106
5484 9236
4642 23619
4685 21000
40 341
5609 20758
11773 20579
818 7963
3257 17482
7205 22012
17826 28100
6698 17027
3050 13033
19264 20499
24830 27329
7772 26635
15301 25110
1578 20829
15251 19661
11953 15429
12228 24589
5895 22200
7884 10753
15997 26024
20701 21807
15429 26313
2680 16328
7543 25063
8388 17069
19201 22724
10421 24457
24069 24415
5540 10090
3247 17947
13742 24828
3947 24491
4671 11030
4237 4550
4000 11147
7202 14543
8500 18543
5047 12045
10618 20999
7096 21915
1277 10757
11789 17921
6094 13831
1041 16909
1396 17443
1927 21248
438 2925
4676 6349
7397 14713
498 4645
18953 19908
10495 23309
14676 16509
7634 10298
5473 24763
10056 18663
635 18823
5520 18026
19948 26003
2154 10471
6280 16439
12669 27721
797 15814
17436 19153
9222 25003
1278 18578
3592 20251
14825 19942
5021 9572
15072 23798
11634 14893
9813 11370
354 24076
7480 18057
6094 7412
10203 20027
17788 22403
10405 18315
16980 19027
12374 19940
7567 22805
15188 22897
11657 28077
7348 27119
5251 11059
15267 24084
7646 26976
896 23417
12775 17936
18223 23703
1547 4646
1408 8075
16623 26704
6589 6981
2393 19140
9178 14281
8318 14558
12137 14957
17657 17696
2469 14911
1767 13883
6507 16138
14907 17647
7512 26565
18850 27664
1878 10622
11216 26149
15474 20604
20827 22114
5227 16504
13815 18870
3789 14478
1508 6510
22624 28257
9368 9616
11111 20988
20296 27563
14728 18719
1629 11581
12011 23172
12149 16083
20144 26058
1937 4043
7029 12601
8408 16540
3205 20627
21163 24085
7911 16138
1889 11987
2667 18916
9252 21732
57 25505
6528 22783
17842 22387
19780 22425
25330 26597
851 4623
4341 16317
16258 25104
4787 25299
4385 7648
7505 20745
4265 17714
3336 13927
474 4476
2664 12727
12078 20948
152 9234
4999 19668
10348 22884
10214 11289
16199 19598
3841 27116
14153 23315
18871 19842
3326 14514
19061 25260
8785 17880
2537 19822
8230 21667
13686 27405
1361 12485
3137 7543
7147 23788
10815 25780
10050 21182
10825 13910
3539 27121
8223 18027
1371 3826
10434 24819
401 25634
17013 26776
14120 18690
4528 5091
1934 14077
9678 12068
3160 10447
13718 19739
1635 4210
2475 13870
10618 21622
14277 24061
3528 4933
2250 25539
1273 27559
25894 25908
7802 10792
18807 22528
2329 7984
23253 24238
4755 15845
1834 27200
1613 5398
9059 20195
5682 9759
4623 8883
4675 7210
12991 22664
7950 8430
10222 22278
26201 27172
4343 16348
15846 21687
151 6914
4173 12924
10207 17630
9528 23372
20115 20990
14886 25525
15239 16490
11444 21638
18021 18434
6552 10839
24983 27516
7205 13437
8402 10972
15713 22415
14461 24099
4745 21005
8352 13282
5725 14571
15874 21717
6668 14023
7328 9301
8540 22559
8949 9242
18895 23736
9569 17543
10881 11273
2719 12218
9393 19425
22787 28271
3258 6744
660 9325
2759 2837
12988 18370
3753 14704
15312 15847
4698 12952
7397 18591
14576 20310
3314 13040
9148 27567
15380 23411
11115 22283
220 26358
7590 22038
15682 21038
15723 20751
2742 26691
248 13195
13202 16905
961 4282
1378 9137
13992 18171
5055 21727
421 15734
7478 20209
1635 21430
11591 15609
14426 15452
5579 22954
20492 21438
581 25219
17115 22595
10102 20166
13515 13937
21219 25695
6226 15027
664 5344
16584 18491
4804 24068
2325 20302
19994 25729
4581 19155
25301 26706
12833 16353
18808 18824
19793 27221
14895 15551
14066 24855
14016 24415
13238 19091
10462 26582
1153 13866
15225 27285
25382 27994
22294 27100
10965 20846
4377 5229
881 24229
4580 7600
17500 24826
2373 25624
3484 16016
1211 23825
6505 11784
19335 20285
640 7236
6745 24216
21794 25435
3093 28049
5839 7443
19320 25128
14631 19813
976 3974
4282 21423
1706 25482
24069 25658
16800 27882
4904 20288
7079 12433
8925 9847
16307 20936
2008 3419
12785 15676
7354 20527
14288 21050
2470 24403
7139 7362
4581 6350
17437 21050
11621 14359
8754 16480
1970 2096
6776 22186
6882 11531
8291 14154
9744 14750
6363 19775
1438 22570
3256 19429
18141 19662
1343 23983
411 12689
12428 23499
8175 10767
7913 14122
13286 18083
21109 23036
16901 23365
24 1544
18579 24221
6177 10754
6876 10096
17842 19123
2272 13216
3803 15974
10179 10794
19955 22572
16547 20300
14145 16369
580 18379
13161 27914
899 15216
8775 24971
16150 21886
21390 23062
9523 20822
1033 22829
26975 28266
4044 25712
10372 19372
12893 16991
8806 20576
2401 18267
3002 6955
4806 9923
1465 15155
4495 8945
11045 16584
849 20480
745 15450
19856 21480
1587 4169
11879 23863
6257 14304
6718 8072
1645 5569
8515 23265
2968 15802
6426 7678
6443 20144
9933 26752
6869 18903
6097 8053
899 3125
17422 18107
6054 10303
11647 16478
621 991
14309 14920
23846 26391
23997 27817
19130 22403
21849 25299
271 3859
1944 15874
12779 13111
6974 22601
8767 17166
27374 27716
1814 18911
605 4802
867 6932
12324 26055
9115 21032
1527 21252
12632 27908
1925 4087
1368 11850
976 15749
7623 12111
8684 22194
1193 4562
4278 10513
306 26405
17404 18137
13230 18434
7928 9931
187 2050
840 3267
5565 19015
11920 13952
14275 16152
13418 24595
11416 18874
15665 25246
8094 13535
1558 21016
23417 27698
1034 14456
7868 13708
2296 12126
10393 19525
876 3209
8478 10688
513 7179
23264 23665
8959 12189
1745 17194
18797 20884
14598 25193
3080 23552
27859 28228
15561 16499
2353 15267
14946 21713
19165 28184
628 674
5602 14580
3770 27455
3860 9422
9556 22997
825 7390
3932 22977
17304 17560
11417 25579
17129 23929
8849 27514
25995 27093
711 9621
12642 24422
1848 10152
9466 20939
7407 17479
8086 21761
1645 5143
22120 26881
6911 15874
5327 6375
4616 19275
25247 27131
8719 9800
8145 10472
1795 23365
3024 3707
5433 13233
12309 17915
3257 24181
1133 17214
7328 14280
10461 16635
2619 17165
7881 16197
7931 23280
9826 10120
6423 22269
16447 25454
430 4087
220 3900
8742 12878
13118 23932
17880 19524
941 5852
9539 26314
1878 10839
7468 9090
17115 25960
8134 20816
1852 11975
6363 18618
11274 14380
17055 21695
3852 15099
5691 24127
9499 23707
10850 15762
2547 16073
17822 19508
16452 27488
1462 13985
2424 21038
15470 20053
22785 27271
18712 20552
2201 19205
569 2943
2635 11859
5978 25329
12288 21880
11947 13132
3518 5124
12693 23140
21798 23911
5802 10350
14478 27690
13711 19706
13038 23658
592 10212
14960 22998
4024 16006
4693 14167
22848 24303
4580 22040
65 11134
4059 10646
8100 11032
16940 22771
20509 21240
1048 20378
10972 11817
7400 25956
9863 19118
3242 17411
5116 12804
8106 14244
5371 17768
11727 19615
3324 19286
11712 25621
6156 10443
3041 11032
2782 8471
1052 17304
24360 27702
5288 19041
16632 21990
8368 14450
3882 21629
19972 24378
13185 25208
4849 13681
13638 25041
926 15907
3010 10054
25980 26452
2460 12828
21633 23600
20357 24614
554 27763
19953 25016
3907 5691
2869 9002
1628 7487
629 9410
1181 16649
10391 11878
14314 17957
20664 26095
6532 11603
834 14518
13316 20162
22991 27898
17398 23983
18505 20142
890 4029
3470 6857
620 6940
11630 25875
8716 27350
16180 17898
18230 28136
6749 22511
19098 20194
7611 12236
6586 24862
4009 11545
5905 11845
11110 15708
12151 24374
18369 25735
8730 18762
2129 26898
21044 21831
8528 24580
8492 10323
14359 21359
19190 19222
9524 24530
9959 15996
9804 12784
26430 26553
6860 18808
1574 16272
7441 21801
8043 25199
10877 12552
495 14243
4581 25756
7349 13033
7132 16609
9867 24921
15877 23515
6177 14445
2189 9671
7984 18425
7541 23221
24617 25166
21343 26753
8063 16129
544 15453
220 27300
20288 26546
3667 3953
396 10826
116 2212
24069 26156
12056 16136
6811 24809
1860 27530
10050 15164
4780 10207
3631 16336
1 25311
16394 24324
2708 8964
2087 20144
23897 27197
380 19584
2539 16521
8795 14771
7835 16334
2954 25091
7596 21228
17165 19686
24326 25986
173 14893
25351 27162
16402 21831
2568 24543
21407 22153
3750 24676
26350 27804
2695 7335
2163 15886
9927 24575
8972 14911
17111 27495
14796 24415
634 5718
8622 19670
12603 22900
9614 20372
10145 13476
5403 13173
5616 11288
12737 18419
6591 27912
9502 23705
313 19829
10090 24028
14830 24589
5694 10833
10833 12270
7924 9502
3892 10286
1915 17486
5864 26998
5897 16271
4141 13663
274 11573
17198 17319
670 17604
11887 25343
6767 10265
2339 5991
7136 15812
88 21359
14672 21633
14227 16274
989 23383
4936 15196
1062 7861
7031 19183
67 13240
1891 9922
11725 25732
13688 21724
4581 25306
6131 25108
9884 12124
5710 25064
8478 18419
19874 22436
3867 15894
5387 7935
4151 14776
5587 5607
353 4329
10654 19086
12318 16428
838 23719
7329 15847
5327 17902
11492 13287
8536 9516
990 25157
4275 11069
1106 5358
15018 20168
12110 23082
1713 22723
12401 27117
8441 8806
9746 18050
24057 24131
16126 22172
3440 5025
9701 19833
22436 26753
1434 25349
15776 24094
4171 23418
3565 21996
15660 15994
6083 17214
16700 24660
7568 16338
1839 19127
3997 5857
6657 10242
7111 10061
21873 27345
7804 19991
8528 27659
12649 22750
18667 27784
13685 14682
9925 27259
12965 19254
19195 25658
14209 23858
1056 18560
17700 22200
5965 24884
16289 24823
3141 10594
15888 21798
2730 7390
2003 13356
12388 28209
1852 15410
1772 4414
11111 18549
16441 27094
835 24170
10185 25132
8100 28058
6528 27900
20258 21149
2518 3892
9393 14489
6618 11646
11218 26683
15228 25287
12476 23963
6857 9717
2389 18565
8807 23585
15205 27640
12145 12444
1174 27913
8159 21798
14666 25397
6196 17641
8466 13383
3802 6007
2337 9708
7170 20264
19576 20627
884 3536
20996 21296
14546 18255
4718 26601
22205 28022
14228 15341
14411 16639
13373 16671
6706 13484
4639 26397
1249 2336
2394 17017
3753 7166
3139 15928
13437 25504
1543 10156
10652 17489
8249 18468
6539 13110
509 5996
11368 13235
183 5929
1181 18301
18604 23417
259 18318
14650 15695
13987 27104
4550 21692
9791 17753
15583 21777
4646 22527
22630 26575
9816 18567
10567 21091
6348 21987
8069 28172
2589 24519
18597 18885
2219 24125
7481 7835
1404 8390
13093 20661
11325 21438
4199 19261
730 15666
9572 14174
10023 15410
3228 25250
3136 4540
5691 14380
6678 26420
20818 23050
1629 8733
23 21079
679 9524
309 19948
9681 10234
4579 12645
16673 25972
16083 17576
16539 21688
10675 15400
1672 17524
643 26598
14433 25817
7840 20702
2537 16551
5640 5661
8926 21042
15547 21542
12262 19735
13786 23395
7768 13468
4894 18371
1306 6351
9089 21416
12460 18453
11637 27112
8417 9418
13953 25452
8963 10100
7202 18367
25443 26265
1440 27479
10626 24930
10813 22827
8481 26740
2518 5989
2880 18820
3121 9252
7327 25283
12551 26184
11042 20626
11508 18280
12986 27149
7329 23597
11252 18354
25144 27292
15652 21618
3478 25528
4256 15286
2778 18448
5524 13875
5485 18909
4110 11141
6214 19170
3900 22263
24622 28195
4489 28008
2655 12627
10277 16998
14275 18489
14309 28085
15690 27805
4949 13734
19758 26665
1676 27321
7635 16292
5493 13285
2325 21746
1933 7798
1544 20022
11614 26756
4086 25121
11093 26838
2170 7698
2635 4549
17760 19837
13055 17169
16299 28226
8646 13203
4611 11910
822 25301
18154 21309
175 27152
10370 15357
14971 18369
16806 23762
5887 6394
15221 15382
10971 19153
17335 22687
17730 26476
1721 10434
15543 26541
6552 20195
8669 16157
4993 11665
9560 26077
8210 16385
5913 8500
5142 19503
1197 1760
3997 10282
11260 11497
7950 12356
6951 7434
2780 8212
17017 24452
1166 2016
21111 25271
15008 28238
13293 21135
2882 24415
2437 6766
4265 12532
941 11282
14964 17141
5307 26284
2803 18903
2071 11258
4887 20555
2686 23553
13148 25887
4216 16319
3253 22953
21359 27579
10785 28036
3163 8405
11931 17241
5913 23585
1770 14477
12761 19601
8494 19331
17198 25032
8438 15511
14659 23965
11233 16319
5651 7231
16679 17803
16614 27574
12244 17559
14915 19100
4081 28031
20279 23640
24104 26753
2126 11221
1773 2412
1287 17761
3167 9959
15437 21061
12423 16229
10830 15271
14113 19335
20504 21369
7666 14729
999 10737
14433 14644
920 11992
7758 23101
5638 24191
973 18636
17842 26958
1575 19567
17780 25652
16055 23798
14244 27775
3762 8465
1554 26782
8007 8734
18883 19598
7981 24069
15763 25081
13741 15123
7456 16212
2608 25181
16314 25402
7111 21456
9231 17281
7061 21817
21552 25894
11351 27287
10581 26153
3186 21395
13425 16451
4267 24997
7950 20144
7778 24424
10419 21359
15548 23284
14103 21622
11365 13810
1251 1424
12204 16823
20856 23955
11059 23205
9416 18775
17675 24586
9421 25215
6633 26413
24145 25994
193 10739
1810 14481
7611 17232
2529 5572
1621 16656
16734 21126
8141 16504
5928 16605
18761 20250
2156 12262
9292 17446
416 16718
7420 20642
1272 7444
2046 21831
4309 22507
9614 27378
8112 15875
1050 6583
12424 14564
6006 8720
1928 27563
6479 23654
7331 13102
3967 11635
7809 18259
5574 23175
20836 28194
6728 13937
4023 25975
22617 24457
22096 24019
1050 16541
3636 16259
825 19203
7755 20233
4891 17795
22556 24209
6661 27632
771 16045
7114 7959
16044 25612
13024 14014
1745 11235
10471 10822
3420 20256
828 7820
4702 7995
9796 15048
9590 18999
8929 18698
16150 24038
19314 27720
4983 8011
912 25280
18911 24321
22575 26187
23606 25871
3724 16234
8150 18522
1075 22647
17999 25326
850 21944
3634 9536
10298 18962
20205 27106
6106 8707
16823 24018
6253 14592
4456 21766
19683 23453
175 10512
14781 18159
3266 7919
18438 25382
4051 24844
640 21057
5798 26907
15399 18527
15286 23365
14481 17760
1270 16744
6037 7999
154 23574
5449 13726
12056 27016
1858 6940
9690 11911
15432 22634
5481 25327
634 11541
2433 25343
18718 20046
13180 13328
1740 2362
7205 11629
6806 16771
5864 10260
7624 24069
9720 20657
3780 23912
17507 26546
3794 19839
16587 23555
179 7290
6770 14953
2592 25272
4037 26507
16527 23412
14976 15513
2630 17278
16355 19445
13299 16438
23157 24032
7820 21423
1707 3038
4695 6685
7152 8112
8414 27942
8410 26281
16364 17828
7046 10287
17022 24509
22581 27821
12642 25683
17292 20280
12377 23857
8192 21240
18472 18650
8737 22651
11281 20162
4519 24415
15460 27453
9859 12220
25963 26927
21633 21665
2128 10821
12078 18369
23006 26273
17604 23738
10446 11746
6555 25740
19095 22481
3289 10371
1884 7982
10480 18906
8924 17349
6511 11593
6461 28200
13999 20008
4853 26469
2168 13618
24415 27746
4081 22641
10980 23340
3000 18001
12948 27300
397 16238
473 16679
2453 26340
12927 25309
8075 27033
91 2833
12856 26178
111 5047
12363 19326
10846 11992
18660 24062
3634 12228
2737 22849
16682 22721
10641 11804
3147 23657
16646 19138
5540 27527
24147 25064
1776 7746
18133 20172
5890 13058
996 12255
22243 27558
18343 23281
8506 10436
5587 23298
19400 23329
1361 19425
835 14885
9080 11288
10524 20565
197 4373
8715 10284
9446 18567
14033 14402
14939 16335
6656 9226
13710 25074
18745 22387
173 12100
13367 18441
17097 25231
8024 10837
16012 21098
7089 8432
13478 14835
7952 17059
10845 26061
5438 24040
108 1534
5923 24049
2320 14854
2600 11182
5522 14912
17438 21734
8837 21949
16401 16671
7885 19348
10085 19545
2635 23983
14475 22877
13221 22564
1181 21161
808 16269
23 2602
6125 6487
14258 19913
867 27922
12346 21343
21438 22581
25099 27374
1604 4101
1869 24110
13681 16941
7375 15951
5403 16261
9011 26956
4498 27665
11009 11030
2489 10086
5373 21659
14683 17952
21598 23918
15600 27129
10425 14390
1035 2518
20899 21987
3714 26546
9167 27896
4767 24883
6350 8580
12218 26554
4226 18436
19409 26265
12250 20133
22031 24403
16034 19059
13186 22254
17668 23067
16094 24393
12737 17407
3819 17077
8233 11941
15574 16803
4870 5722
18859 24872
13078 19835
10393 26503
14260 22649
4373 27886
6754 19746
8049 9198
11233 16303
3585 13167
17056 25301
11937 14445
7580 17046
8665 22989
17592 18626
13668 18483
19731 20813
1893 16535
4571 8787
8391 17408
17647 18573
15996 25535
9018 11610
1306 10874
1015 2986
211 17141
5082 6972
7092 18673
7439 13564
2875 16957
9012 10837
7902 22666
1925 5121
20417 27382
11682 13597
6615 19445
10839 23056
14534 23573
8880 18521
1117 3714
13407 14012
3558 10127
3872 7205
2396 3825
14392 24348
16957 25189
7772 15796
2589 15352
3086 20657
15731 27687
21172 24539
7787 12037
273 5158
2320 10701
8698 15853
3910 27702
4612 22512
10189 11463
21036 27079
13220 15293
7885 15543
7579 13697
13282 17029
1621 7523
6277 14101
278 22968
10967 22143
16142 20156
588 3424
4214 14040
6710 16040
1572 13174
5832 10345
7984 17538
8891 21888
2905 3690
21438 24582
17054 27261
7810 13343
24288 26640
14744 15836
18163 20151
2491 15672
1275 18764
14240 17027
10871 18260
10368 12481
24121 25063
4556 9384
812 7083
9912 22156
16184 17131
13165 22902
8070 13987
13405 21806
5496 6911
494 10618
23060 26856
4442 9915
6299 20493
13152 13970
7 13649
6533 18320
11951 12069
8985 21366
5393 18784
7227 14023
15672 23762
3249 24398
1067 2135
10672 26131
8711 21578
10320 17851
24224 24413
7194 25505
18762 26599
3920 15657
12405 25977
7839 19753
731 5520
4614 22875
1060 6045
9523 24819
12805 22544
7218 8122
22149 25090
8775 27531
5500 18520
21335 25927
15091 20142
6158 16953
1899 7337
8290 18192
2322 4499
1767 26204
10541 11951
12561 23444
5235 21177
9479 21744
23380 26206
5989 10652
7247 15913
9784 22308
7915 17073
15144 23377
10920 11030
16109 19109
5827 19061
1688 23104
5764 21158
545 11641
16194 20634
23628 28211
21438 26123
4236 6994
3273 26016
15101 19087
3599 23677
7737 10873
468 25630
10205 21057
14873 27622
3512 13250
2052 16455
14519 18037
1158 5055
9127 15730
3970 19477
8223 9521
14832 20130
7417 16847
8499 26497
7945 27517
15493 26948
6415 18533
755 4412
18230 24454
10442 24181
1753 8935
19933 21681
4797 7900
17568 17615
1293 3289
5606 8799
9590 9850
4983 8953
9788 12762
11193 18361
7813 10711
1034 25295
21875 26692
3667 13165
25209 27666
1349 20951
8730 10526
6144 13381
17917 26598
20503 21369
2170 17259
7525 22162
16136 20953
8310 21359
18593 27912
6659 25978
14707 17712
1000 7561
6957 16683
11657 20637
6302 15678
5029 7976
11963 24507
9004 25586
11020 20605
2189 27185
1034 2748
15201 18533
3850 12959
3161 8822
22083 23468
3592 18176
7213 16668
9469 17509
13704 22707
11274 27462
23225 24326
12036 16205
2639 25692
16581 16582
8692 13204
6728 9356
4343 11768
20164 25188
11144 22894
23551 23806
8541 9170
2483 12963
3279 5725
7315 7913
136 15410
20019 23629
14037 21680
2647 9662
14211 18843
1556 10050
7900 15089
17954 18026
1068 10923
5196 27221
14001 16855
7485 8785
5815 18909
4087 7318
2915 11327
7589 27719
16337 21041
6294 8034
24255 25410
14010 19816
10355 27786
7695 26753
22761 28175
1885 4820
11880 20622
11368 22248
898 3206
6715 12516
4542 25641
24055 27382
12952 19505
2635 5540
14439 17341
3852 27797
3885 7166
2976 22679
2202 26989
8850 26074
11997 25146
21377 23665
3129 26789
3507 22422
11631 26286
17273 20336
9506 22449
3609 5708
3167 18491
3126 25673
9579 10959
881 12506
18143 27974
16051 24665
10705 11773
17819 21798
2642 18635
7500 8669
8807 11310
11165 14998
16206 26258
4989 26315
115 18471
9388 27472
10796 20017
3204 5451
18084 19731
7320 18551
669 26026
15791 25908
16418 17574
22769 26474
8959 21023
509 20313
10746 19710
4328 20008
2230 27657
10761 16276
16116 22151
1162 21546
13405 17793
6855 10319
6690 14016
5553 7209
7802 19192
10023 27625
10240 18669
18521 24474
2055 18464
5301 17823
7959 19714
650 22405
7386 28059
14807 17501
10971 17938
8048 16957
4822 22379
15533 16288
15957 17415
1228 25562
3598 7626
3019 23665
11052 18274
11157 13086
2764 11823
24591 27976
651 2507
5989 25278
11430 19016
7015 12729
1338 24290
11974 21537
21182 23038
2708 11193
3169 27528
18195 27102
8924 18310
9038 14143
7532 22505
11444 25713
115 14975
13246 14082
19303 19529
14568 26005
5420 14044
8265 27255
1212 11149
16923 25329
15823 20479
12959 24069
7064 25761
7933 20395
12947 16254
2277 25743
6857 24647
3997 7982
16212 18952
16838 21028
3753 23892
15052 16766
8711 23793
12755 20142
6408 21505
16157 20661
6892 15224
13301 23060
6636 9908
23492 27229
12705 20099
1397 14206
1092 24241
22180 27702
971 7942
12323 22835
9020 15899
8959 10098
3697 22755
804 12541
14 1030
8306 12723
14478 23371
6378 27660
11545 13827
14563 23749
14744 18560
3010 14648
6059 22464
3582 3862
3842 7350
544 12376
11305 21215
2209 21385
17847 19853
10272 11975
6229 23116
4029 8595
12309 26531
7568 11471
22118 26116
7534 18669
10346 22433
2912 17887
9552 20378
13328 22581
4378 14575
17951 19913
339 18411
1959 24323
13527 23855
1349 11462
8023 22416
2708 8575
7747 9367
10071 17129
4825 11009
8826 21299
8046 14393
10935 19095
3152 27996
22390 24509
2874 4563
604 19960
1396 23442
957 12954
2379 11569
8785 23914
11844 23034
2783 9038
11703 17999
3094 19791
11751 13784
11682 21952
5398 22859
9837 24928
8730 13001
12356 17963
7496 8278
11295 22340
12409 24358
428 18230
20558 21470
18521 20291
1699 7896
11501 19953
16904 17123
5215 10871
11059 24524
2128 25853
4091 14586
18704 22426
11023 22954
8926 26282
3940 21851
6514 9326
2373 5271
7110 8925
22446 26261
2268 6531
1959 12356
9156 26963
3818 20731
1635 20754
7599 10701
16026 16245
6814 19004
17259 20601
15600 19061
3463 22871
16210 17416
5626 28116
16960 18826
23430 23479
722 24539
16533 18267
5669 11095
2019 8959
4009 7348
11748 25159
3665 10350
14531 14728
17889 18704
2969 9613
2566 9696
396 13212
23180 25325
8839 16588
2527 27150
15335 16527
3666 17407
1282 14634
10346 14583
6244 20733
99 9553
8320 11229
9252 21139
11809 18775
11970 26536
5882 25850
3114 23523
9404 23265
6154 13844
3762 27669
7700 23719
4718 13926
12092 14689
19827 22716
8323 11541
13468 14648
4552 7407
13946 15672
1903 9362
1888 21393
4700 21117
12155 13152
23516 27573
2031 13371
24068 26673
5150 27314
1721 17953
9610 9826
346 24011
1340 12098
2029 9030
9687 25116
1775 23653
5461 26525
3944 22857
3728 12612
21443 23500
11430 16805
406 21675
9105 21017
15442 24601
25396 25405
6848 12956
5988 14261
16513 20859
3016 12262
12945 14384
23954 25434
4548 5327
4099 21910
19502 27042
7798 9179
17724 18138
4576 19033
23 22104
756 10952
1181 21069
68 17027
8370 26066
23060 25922
15201 24886
9569 14941
14296 20903
1412 3622
6707 7528
6871 27655
8574 25760
18228 27271
3059 23492
4 17462
11552 23665
6067 15843
3593 14911
10054 24469
2161 9084
16946 22644
15847 17836
4770 13407
2517 13024
4192 16623
771 19895
7033 25585
3853 14308
5691 14364
3975 27548
12922 23053
5290 19023
3807 24254
23899 28115
1860 2452
4802 7524
8579 16184
3019 9869
8935 19109
14549 21312
14666 23661
11252 25276
19940 22656
1125 2132
286 25933
5228 25301
14364 15639
3622 20837
6940 19982
14072 28044
2665 24671
9061 9545
19843 22707
3575 7349
1979 21886
1652 3271
7921 24806
15798 22321
4594 15428
20676 26986
2667 9293
1218 12770
23722 24504
1538 7152
13444 24704
5473 7866
7610 23399
8331 14255
9895 22925
3619 15426
3627 20270
3069 5158
7219 20339
11641 20017
13024 16333
1349 9544
1915 27113
7368 27116
14606 22223
4181 9756
1767 17175
193 1604
4648 17819
3376 16171
23321 26434
569 13186
10714 26559
12323 23809
19446 25676
3488 20904
1487 8588
1754 27125
2375 5307
15796 18315
17504 28203
9241 16832
313 18249
11993 13329
2308 25039
4087 14847
7828 25803
3698 26779
1694 2816
15610 22895
5403 24922
9146 23428
2024 5684
610 23805
4313 8364
999 22634
20490 25042
11080 11705
8233 27240
15676 24610
14609 23130
4510 26851
15996 21304
26896 27557
23146 26757
5219 8703
16893 25017
5150 9572
46 25638
4693 14857
16438 27823
1550 10354
15920 21633
11030 17407
2648 23683
8587 17971
11603 24933
3765 19503
19405 26105
13362 25610
12606 27221
7257 27224
1600 13468
16338 19055
8714 14148
18208 18945
8924 26758
24773 27117
7523 16311
2413 22140
14092 19408
4639 23422
650 20732
2303 3101
16895 18430
2206 14641
5942 7624
14556 20031
3272 24218
11465 16870
10729 21481
10408 14560
5874 19068
2113 17203
8737 15614
8884 22581
24586 27215
7162 18730
21832 27795
3337 23830
14947 26222
835 3661
17515 22731
3726 20427
1887 23617
7909 23836
2954 18738
16436 25453
10160 12451
8411 12231
2801 8330
10280 25634
16709 17357
10942 17962
19843 20846
8331 12324
16447 21195
19671 19857
7846 9086
3537 17350
7523 12287
7888 24814
19091 23074
3734 4201
1088 27586
492 6612
18128 27814
3891 23347
10273 20340
13602 23703
4731 12207
5716 6161
7011 26554
5724 22901
1182 18308
2616 23738
3307 16579
21612 26272
230 1624
6062 25953
4967 10428
18541 23915
20805 23201
14215 25409
7259 10692
17504 18724
9347 19748
10228 14700
16853 27387
3667 23978
8091 16764
1353 27539
24169 27669
17087 21172
21549 27576
8931 23085
14104 27221
2124 22784
15867 26728
5100 17980
334 18669
396 25571
4218 24491
7964 12954
6924 14193
2413 24192
2710 26462
11488 26226
1692 23094
9185 28158
8677 14437
13362 22404
60 22430
7358 12874
18700 25245
2132 9843
7407 8705
7581 12804
9553 19169
6883 13024
10225 15985
12433 18950
8182 22216
6624 21293
3975 17426
17908 19085
17397 26497
6517 13175
15967 16947
15367 27313
6972 19919
1786 8405
10549 14997
4708 6705
382 6426
808 17140
8696 23007
10166 14781
6672 12194
1137 21072
11582 24393
20253 24703
3585 9355
6669 12864
17122 18032
2302 6869
3734 18783
8511 26798
13088 20683
7840 25727
7889 25427
14881 19445
12504 23433
16194 23767
19150 25270
6879 12811
238 23768
11785 17059
23271 28146
9610 13027
292 5823
2027 26056
714 19578
13453 26494
14171 22004
14031 18180
2941 7328
17717 21003
2225 18942
4626 15791
3695 12551
10920 13282
11017 13081
21443 27288
18413 24784
3863 4888
9226 11428
5296 22768
3269 25735
12109 22487
9671 25250
14989 24918
544 13728
7360 25901
6350 28072
10388 19189
19398 25156
3746 19768
2986 8223
12733 16554
7011 20667
3729 25329
1913 8379
15598 20088
8923 25272
3463 27508
6236 13417
4143 21432
4688 17452
17760 20308
17115 26186
1073 23401
7933 28177
15409 28253
19664 22473
17091 23561
4400 8250
9998 24007
19601 25468
1136 5122
925 16748
1053 25220
14300 20083
3354 26931
12024 21342
7750 15643
3452 23194
8689 26416
9127 25269
10114 14559
5857 17239
14778 22382
10971 22210
4211 26119
3249 7043
16914 23762
4932 26372
11350 25270
21187 27133
15971 21859
25402 28147
2852 18726
7386 18791
861 19085
188 20131
334 21617
7166 19275
650 3776
598 28081
5759 16661
14364 27420
9349 14616
21097 27034
9137 12196
810 22663
3147 22457
3734 19503
1111 16641
4067 14481
7826 15327
1434 21904
584 8413
14987 20974
22119 24377
17723 17819
2651 19319
9523 10964
12425 20936
6097 12644
8889 20909
4700 25999
17967 19927
13195 14971
11085 24947
19750 24214
6773 19195
25270 26458
5032 15610
2611 11997
12855 22295
11766 19750
18877 25838
2496 4038
11048 21759
2807 3970
15077 16594
20366 27775
9264 19567
19359 24575
3053 5989
9330 22326
15455 26264
7051 15615
11668 28155
16802 21366
7397 16164
16783 21801
2383 18810
14916 20459
9699 22160
8736 9062
22323 27816
1208 3745
6555 14013
12804 24244
2423 26871
5239 10478
6594 18084
896 8498
6847 11515
124 3852
3858 12402
828 24104
9252 25891
4183 20579
12305 22460
19192 27079
1688 24557
14462 26795
7985 8860
5488 27313
3437 8100
2302 22560
1361 17018
1178 2250
9361 22296
23728 25259
8223 25788
3296 14771
15321 20618
15428 24842
6975 16148
913 3731
396 26034
6177 18192
341 7484
10814 15657
3789 18061
1178 24406
12264 24444
10881 18274
6426 27013
1979 3987
16685 18273
14351 20690
867 9865
4692 6182
1946 11045
18541 24454
14140 17798
16276 23111
17471 27775
13541 20822
1365 28060
10320 16451
6103 16852
11142 14342
10328 14555
12989 14079
14255 23197
1448 21603
1275 7111
12329 24522
8506 16702
4548 23932
7677 21438
2721 14635
5681 5861
16685 18115
9933 23815
12344 17431
8094 20695
9367 16331
12965 14666
18119 19987
18361 19549
14478 21113
4562 19784
3900 27078
4515 12959
1477 10568
5295 27606
9940 21766
9162 24970
11417 26822
2787 8772
6188 25250
4394 23156
478 19346
1748 16108
13396 22345
1406 24261
1305 14564
1753 18584
125 7809
20491 22104
18400 20092
4352 19457
8241 16131
2197 13301
3975 11798
21859 24361
172 11634
974 1361
3430 8659
4462 16587
22147 23345
8665 21797
19813 24469
18920 25830
18791 23665
11847 27398
8990 13091
13032 25108
4110 22020
25827 25848
12474 22384
3612 11784
2708 19019
9226 12287
8155 16298
7029 17887
3828 11473
12006 16059
26061 26808
12546 19601
11671 21849
6962 14903
25338 27610
3678 20835
16467 17392
8938 21592
6296 27722
3069 9027
18214 23026
5583 21293
21484 28140
3708 24855
16770 23441
2912 9588
4435 14933
18634 23744
17245 22851
7617 26186
4607 6377
14129 24422
308 15054
1672 26150
11922 25732
13235 13343
5626 26975
26677 26764
9835 12489
9122 17768
3440 17103
866 4575
1259 14897
5827 18247
19843 23458
9558 10214
1348 24630
16230 20633
9256 27132
49 26244
6760 13185
1267 19504
3442 21047
15619 25788
12536 15242
16901 17489
16254 27832
3625 9185
12394 12898
769 17803
13230 25284
13332 14642
7809 26415
19544 22168
7368 17715
6261 17507
17050 27949
18037 20838
620 6334
12246 15955
13468 21245
212 18660
7832 27578
439 3286
3084 22297
514 3019
2686 7461
6756 9614
5510 28156
1358 26131
2259 5795
1614 4837
8856 23960
5071 13274
11430 20308
11169 14961
23372 25608
7121 19157
5543 9932
9642 24330
13216 24422
1041 6403
8930 25976
14978 23375
7162 15712
245 6454
6081 25543
22241 25028
11562 25048
7827 26737
11953 21309
10114 12423
3609 23845
973 16026
4600 14558
923 27365
16108 23547
17991 21610
1979 20504
20403 26093
8546 11717
17426 25009
5712 5836
7471 18835
5843 10019
6657 7166
26148 28093
22548 23417
20514 27260
8526 22634
5794 15575
17676 22621
8087 24810
10607 15376
14777 27091
3286 18715
14240 23333
2022 16722
4887 10986
11799 17429
22191 23253
25445 25754
2874 14280
4639 15701
7772 10354
16683 21990
3428 22179
15645 22607
17164 23738
9699 19848
578 1565
2028 22771
22418 24944
8937 24861
13679 21973
7753 24248
9061 17096
22914 24776
19145 27844
20724 20758
22216 27746
1552 27954
8985 18594
9132 23816
7200 15693
16721 25330
1948 26312
13118 22420
8654 18145
4787 25267
23086 24061
6381 16276
693 15913
9788 13870
1112 4361
62 12869
5093 14369
7606 22216
5913 28099
9536 23525
6268 21665
7908 10207
22448 25678
20069 26159
6727 8338
882 10490
19829 22265
7541 12674
17604 25871
283 3229
12937 19596
17965 27087
5989 8940
920 23147
5081 25657
2618 23735
10107 10810
22157 22476
1331 8113
11969 25780
834 23965
393 9358
11614 22222
2227 10409
1435 20304
3040 9553
3263 8185
2460 22289
2922 15965
1182 21753
21954 25525
13597 16454
5372 20899
1376 9717
17562 20448
3411 26409
13208 21849
18781 25021
18886 25780
19531 27054
9569 20092
4509 23566
19598 25366
13121 24539
15736 21855
429 11928
3683 13824
14370 18454
10952 19448
2027 7911
7463 27966
7472 13134
21095 23785
11903 16912
2686 3296
1432 24928
1244 15754
4550 20243
12410 20544
14758 27458
4729 24387
18217 19832
18265 25107
4185 8106
9730 27527
4782 14876
12222 26389
14618 21566
15792 18903
2111 20264
24801 28208
15376 22913
16239 21353
2344 5775
8391 17557
11119 17429
4471 5499
4782 10189
13422 17961
18959 25956
6898 10660
15837 20238
7634 26404
22751 28236
11484 14487
7733 23722
2816 7943
10344 24439
5509 23430
4128 7721
6063 19695
6452 26684
1093 18845
13817 20816
6832 14771
9626 12158
11785 26758
1575 19275
782 16077
14642 24076
11913 15875
3398 27129
21146 21201
1936 5574
28 1431
13210 17370
6750 12511
393 3544
1852 3872
475 6625
10722 17782
10033 11181
2050 12097
842 27078
10444 18363
12284 17627
11268 13649
3741 27808
3733 25991
3655 23694
6269 14912
6163 19675
21211 23738
2927 11748
8564 23062
11295 14771
24686 26753
7386 14344
7690 9497
9198 25606
8473 22031
847 17757
9368 15200
9574 14407
12865 25062
7289 7937
3240 8869
3734 18421
7565 11522
19857 21479
262 9682
1176 19323
12487 24131
15610 27497
7948 25602
396 13494
13776 19775
1851 16976
2986 7011
12200 14660
1770 10821
5693 7571
20367 24024
7474 16131
12769 15847
5371 17416
4830 17178
10821 20054
6511 20677
1177 18507
23365 26341
3469 27520
8182 13619
9805 27811
5472 21742
9791 14534
1757 18553
1225 11562
3014 19337
11250 15997
10817 19309
3420 18248
10687 24049
4568 25151
19858 22399
12304 22403
14140 16285
27294 27332
13266 13656
19908 20463
7694 11692
7162 9250
18036 23892
20224 26367
151 19313
6426 15144
13383 22603
1878 23466
15428 25708
6552 27802
651 2150
2667 4244
14843 22511
6857 18936
2905 22167
5791 8251
1795 23143
12994 27248
12286 17664
23540 25157
1767 7216
13102 19100
5977 20510
2811 21330
19127 24957
18876 23060
5907 8806
5288 18950
11595 18045
9465 11975
9869 23764
4029 4031
5979 7137
24851 24915
21011 24196
17877 18386
21064 25732
18776 23994
21798 22985
17922 27814
12726 25062
1837 16928
2932 9109
742 11280
3592 8880
5978 26199
4352 26740
9082 20069
3700 5944
18178 19898
11580 22664
11240 25986
27298 27385
12868 16603
7792 23356
4501 17603
18729 21326
15533 27300
6770 17761
707 10874
11592 18959
6814 11697
11440 12426
19200 24131
635 13909
6749 8454
812 3037
8750 23614
4561 25425
9683 25658
4952 19712
11905 28035
25908 26151
3110 20167
10511 20913
4957 8982
17175 20407
7360 10114
21479 22436
21393 24005
14147 16766
16626 20789
10914 23143
552 11069
12889 25160
7606 12244
1174 11985
867 18206
97 13351
13954 24008
18662 22336
5609 13091
4456 17115
7340 8289
13749 23107
9816 17830
5968 7353
3000 11452
21109 28139
4849 24784
6032 18277
660 14907
4450 7237
2163 16995
8022 22448
15187 19098
4692 27800
23189 24687
2764 26802
605 19188
7522 24061
5832 14054
9767 25414
12355 14727
3114 5544
1412 23372
26357 27320
22152 24326
11868 26136
8977 17639
346 2969
11851 12651
1106 16180
406 1252
12323 15666
1702 17864
22203 28015
11417 19472
16015 27638
1036 13809
3779 3845
8101 19967
18240 22411
346 3689
19378 24592
1902 16016
14781 27263
6809 22786
17014 20008
2016 27495
2208 14288
22848 26016
7689 12617
24836 28256
2174 7942
16879 22294
11529 26057
9441 18521
14835 18001
10428 11545
10313 27530
25838 27349
16072 18697
9148 14464
8671 15973
6618 13225
17414 20801
4532 22946
12026 12546
926 7236
3002 23547
22186 24062
12053 14513
1031 8605
5739 17955
11444 24280
11170 14825
11406 24129
9339 19269
2530 18083
4447 13523
2334 9350
1810 17125
14766 25559
359 27508
2022 14807
711 9901
7836 21914
176 1998
2435 7166
16350 20431
5218 18142
1421 8560
14611 19788
18041 18575
16153 19445
3622 21955
13073 22634
5375 25443
10103 16170
18974 20747
9084 19728
5833 17029
10799 13137
2803 22965
12506 27173
10604 24736
15141 21861
16173 18962
13113 27520
14759 25786
23315 25123
1689 15829
2107 14857
5078 15335
4000 13926
13384 20067
16407 24577
4324 21246
15064 18319
635 13456
17837 23910
17560 22481
6301 27239
7834 11484
1672 12498
5470 6186
7106 17835
1883 20663
19460 21057
11113 27222
2189 19369
22893 25849
24172 27897
1508 24956
12097 13505
18408 24226
15985 24395
6293 6837
27032 28060
16905 23705
9215 23944
1311 7880
16989 21391
5063 11296
7136 16030
22035 27209
16157 17730
10917 12590
1785 21225
15633 27865
11365 24616
784 9203
25060 25181
2605 17652
9432 18520
6414 27265
6882 12082
19217 19552
3422 10691
2330 5426
7205 8818
16020 16603
13054 13807
1611 9850
5538 7505
8687 10437
17530 20162
4514 11888
3074 26048
7060 23822
406 22557
20667 21638
19484 25525
24297 24659
3287 26267
13358 15536
17763 24665
6665 9260
5978 17446
7374 18836
2122 18227
8303 23072
27359 27761
10988 24727
9413 27795
7947 13776
0 16976
4012 22273
3129 14469
8369 20189
17254 19716
10189 15130
14304 28099
1671 24836
1240 2437
2094 7952
21884 24412
4533 18667
4617 26681
4768 14060
12708 19817
5978 20195
5996 22020
6573 17547
7930 26329
2489 12965
16552 22044
14136 23722
10838 23446
3700 17610
5722 25652
9536 11992
20235 21925
4539 9483
8075 15409
9829 22049
2059 19080
7695 17542
5595 16955
1833 14193
5894 22896
6686 9831
19325 20417
3277 13614
4548 8846
5117 21134
23884 24480
9001 12111
17329 22531
1005 5659
4217 23155
1871 20545
6422 19191
2673 23332
9215 9416
1582 3057
4587 23560
20370 25102
16167 21919
1052 20196
8924 23413
10296 15053
1852 9821
8433 19449
7550 27514
5197 10863
18558 27607
584 640
5798 12778
8441 22080
15229 27359
12340 14358
10216 11030
15578 22276
8734 13712
8143 16331
2787 14648
5537 23846
10523 24497
2918 27862
15749 25432
2813 4218
8343 9449
7413 20355
16301 24869
8438 15575
7110 17696
309 16455
243 8100
17991 20448
1876 10350
7168 25414
17604 28189
17032 18919
10344 21024
7613 8361
18224 18251
13796 23607
2283 8368
984 20675
1762 5802
9179 27865
14092 22531
1787 8581
19972 20752
17297 25743
6770 21018
957 4380
19189 21053
9524 20292
19853 23932
3052 17568
448 26499
757 22667
17647 21491
7354 23937
13092 13339
1605 7129
17013 22987
10389 21641
17524 28163
17907 20053
3802 15768
20936 22904
22290 26957
10919 13128
15985 26061
3851 26866
17191 23272
7557 27702
12119 16197
5866 18641
6797 10767
4649 7297
12148 13624
11045 11720
2823 22912
2521 3729
8731 17242
5714 23675
7195 7626
9408 25759
17279 24653
18738 25414
6143 11035
11997 24831
425 7885
10897 28166
23265 27143
1392 18619
14817 20998
7588 26753
15847 24552
21102 27578
6668 19712
240 13190
15669 16590
3510 13337
24623 25241
12881 16276
3147 20222
9777 21914
18997 26672
4035 10061
749 5476
19206 27915
4274 10114
4509 23001
13596 20835
2269 4135
9215 15559
6808 14557
6078 14352
10244 14968
6490 28130
4448 16997
1555 19966
4101 24136
14603 15074
3409 27832
15036 16206
8569 18664
12696 26447
14129 27788
21955 25415
2325 23345
21690 22020
8157 9480
319 23454
3712 9005
2986 20857
108 3123
13647 24601
2087 11986
14588 25018
132 17104
16276 18690
16263 16342
15762 23611
22998 25872
6001 16909
21615 22183
410 8471
10907 13564
21409 24177
9614 19547
20182 25174
1737 15841
16263 19280
14830 23674
17863 23249
4509 26621
4646 21355
2484 10225
2701 21094
18191 23781
2646 26171
5558 17646
9896 26457
15676 17963
1031 11059
1816 24131
7179 9786
1782 8046
14854 24167
2037 7200
5895 18225
1925 14485
1690 27143
24457 26087
341 7079
3610 26814
6893 19564
1379 27634
8451 10911
25967 27046
3554 24921
12086 20765
2065 21989
561 2280
2322 5634
14206 17446
10808 22404
474 9254
24764 27224
5519 15423
4355 8687
4423 22731
1672 23721
5128 13557
15756 19702
8673 19303
390 4966
2247 24551
2953 27221
14002 22276
2454 4949
22607 26908
12959 13810
14643 21853
11352 22091
16375 20206
7725 9358
9416 26126
406 5031
9530 18154
12888 16109
2474 8269
20966 22554
4791 7375
683 26272
828 4442
8818 11877
5978 19313
933 11783
18529 25982
1226 3472
1622 9067
24345 25069
3793 24618
18059 21495
2830 4702
5466 12322
8485 14132
4853 9788
4942 20128
24884 26110
7698 20550
23415 27844
584 13024
5522 9078
10623 26451
20162 28211
3306 19333
4629 18136
1925 21976
2410 10262
16437 16534
18128 21109
9323 24280
6550 18324
10821 16751
14026 22184
19727 23104
3974 9250
3989 16080
11334 13650
20387 21149
5540 16386
3382 15453
15950 25835
3773 20100
5968 16513
2111 5277
898 9524
4447 22140
11554 27298
5485 18027
13131 13773
13708 17675
16014 21712
836 25357
24662 27082
10918 11237
26518 28263
15426 21456
15482 22775
637 21718
808 14998
12800 22588
10900 17509
2905 13663
13418 16873
1852 27129
21665 27044
12532 17975
5504 21209
18265 20611
4386 26577
9839 26089
15391 26453
609 9730
3344 4995
13246 14728
17756 19564
8057 25110
4218 17483
501 22274
1556 4993
5309 10913
2359 11047
15868 22379
11417 16902
11975 15376
2522 18396
3389 6380
1775 13235
9284 10247
26954 27573
9465 13373
20966 24802
1462 14982
3873 15442
7830 26077
13697 18016
6979 9419
21102 21730
7877 21149
4628 11385
7005 8113
17489 27819
22941 26053
17779 21766
14393 26868
4949 10106
2664 13383
13282 20053
129 23389
1220 6689
14464 15730
5787 23574
1761 18665
2651 21153
281 14055
5166 16584
5336 16905
17524 27867
3136 7879
1434 20016
14910 27714
8214 11688
7791 15928
16351 25588
18725 23818
12538 19181
17541 23619
12587 16835
4408 19893
15267 27932
5930 10942
16552 25612
8623 24473
1466 18481
13385 17196
872 25513
11594 17562
3370 15660
2035 10607
8168 24280
1275 10061
9425 25487
15543 23522
9006 12835
7497 17649
3647 22485
3651 27425
19167 20550
2759 24290
5510 11323
27013 27042
6509 18243
3364 21295
13794 19140
187 4051
15494 20230
11766 20402
1518 3510
10660 21744
4507 16888
3085 14167
1255 2037
4719 7111
2031 26543
2067 9527
17423 24384
681 27121
11918 12887
761 23619
2188 12966
4489 21237
4867 22317
2247 5751
3633 20674
6613 16906
11080 18894
12207 18578
7584 7707
22210 25453
1101 27032
7106 16373
8874 12679
8797 19460
15143 26924
4205 21692
10477 17472
2163 9728
5342 8624
12796 25287
4849 19266
10603 27977
2530 10971
15795 19686
11781 20242
18902 20605
2934 24343
21915 26147
4043 17954
13343 17742
5208 9563
3600 17471
3700 28232
5344 26154
3440 18076
7439 13905
2030 17963
1056 25182
16539 19006
9438 18006
21048 22947
14227 23883
1694 8526
16194 26713
25748 26186
1264 23036
9850 13392
247 17063
84 14092
6615 9552
811 16190
9592 22373
3695 8954
911 23722
5827 28100
6940 21929
14623 20235
24812 24948
20627 24397
3227 3294
13114 14500
7188 12818
11252 24828
21123 25855
1618 4123
2396 26593
8420 19809
5852 10900
4850 12331
1233 16954
2530 15377
1407 15660
1306 16639
7075 27421
309 14753
7624 12234
14478 26740
7818 19389
20568 25314
1266 3296
49 14636
5979 21753
23173 25708
8246 27087
7836 17762
2021 27087
21240 25820
21505 26358
1274 18735
3101 9205
18909 19086
17220 24122
3021 8552
3551 13222
15236 26238
10855 18146
3390 16941
18336 21226
11425 18458
8441 23058
23149 26643
5164 10961
6763 20726
972 27186
11716 25917
11169 14383
782 19664
4646 7987
3967 10495
2247 18612
23396 25120
1860 9751
4225 7814
6244 14604
13154 14363
369 26554
425 27253
1477 2708
7665 11960
1 3153
14957 15973
4287 18920
1994 5806
16956 27659
10407 23274
18522 27669
12114 13086
10390 18133
2373 4318
14853 15086
877 2233
11784 18774
3098 20308
3456 20976
19813 27013
4142 21450
10714 25468
3887 24829
20758 23955
949 23396
18921 24776
867 23338
15884 17832
3497 11059
7721 11405
5194 8676
8808 25556
7135 10893
5691 26167
22784 23480
13621 15242
26670 28163
10346 24961
13757 23150
7595 19862
15493 28229
6489 7738
558 16999
5691 11747
23720 23865
8367 21269
6378 14648
1023 12674
7757 22895
745 16181
11816 24944
13263 13872
10524 28189
9528 17586
20661 24195
6830 28128
4339 19181
14671 25444
14798 19760
19047 26456
4718 22167
2112 16055
6729 16820
2030 23265
18533 27569
2997 21614
11167 21474
16094 17097
406 27819
3778 9526
7493 12536
12780 19496
1854 5011
19343 24180
8781 13091
15391 15705
22469 26664
8724 24053
23574 26931
4507 27961
2324 11136
1776 18370
13488 16216
24723 24782
21342 23267
11175 17803
3665 23265
20413 22973
8482 22633
11696 26528
13545 19562
4365 4833
2129 15056
26515 27966
3882 17236
1710 12949
22333 26014
23096 24723
473 21849
2882 25108
2368 20579
1951 11026
10263 12492
19169 24510
2787 18702
17250 23032
4672 19811
11697 18369
15928 19857
25412 27514
17146 25849
5403 7018
16252 20701
24061 28095
20956 22422
18696 19760
25602 26333
25287 25405
13528 21438
9072 16793
7763 16781
15470 22871
2326 14479
14203 26753
2424 21673
4782 5486
13192 15284
8959 11782
10708 26248
3564 24965
19031 19298
8730 26609
11727 20931
3730 20792
889 3609
6668 19741
22273 22787
19443 22322
4442 7196
13875 19172
2129 22310
5979 16369
21110 22012
3604 7160
12257 26340
19427 27689
3734 7477
14242 28217
4359 23164
13909 24069
6985 25729
23214 26460
3674 12282
11141 15613
3087 14923
18679 19494
10920 20053
5351 28124
3675 26087
7698 15985
3291 22043
4507 25562
101 14010
9563 26503
13190 27719
5787 7002
2852 23639
8737 21589
14010 26413
6660 12847
3059 20162
4120 5720
8081 19348
7411 20615
909 14671
1162 13926
13892 26665
102 26145
4498 18959
9447 13157
9720 21446
7512 10952
625 3650
5831 14579
6573 10740
13563 19546
18037 24418
4062 27484
12228 23935
1275 22040
13438 24299
19468 20114
14411 16742
1589 26676
1920 3967
5453 10524
11666 18136
2087 11080
20442 21118
3235 19330
27544 27882
6868 25067
18941 26846
10526 28146
15443 25310
6841 11183
10248 27312
1284 4006
7810 12506
10971 26077
1848 26516
15972 27514
13810 23619
17465 24217
1197 27771
10284 17115
763 1512
1198 9281
13916 16389
6410 8921
8 10111
554 12554
4218 24062
1371 11218
7524 22454
21130 22949
9058 24616
3348 11573
4491 16418
1911 16910
5636 21266
9006 17528
17604 17916
4763 22149
4115 6032
345 9923
22675 23325
3406 24240
6076 28124
4552 27923
3656 19823
609 12078
9533 24156
1322 26131
11327 23026
1878 21649
24500 26992
1468 24343
793 19242
6492 11840
11636 12352
19871 24939
2564 27821
5756 17823
1023 21294
15410 18993
17838 22376
3542 22385
137 23809
16351 20831
15529 16205
203 2152
197 7550
5332 11610
15491 18474
2145 10522
14921 20920
3680 11383
15074 26543
438 9610
3084 5018
15540 19068
5436 19391
9358 23799
2758 6089
2217 5267
12848 18035
7283 14464
8948 9004
43 1321
3832 10570
247 3970
9797 25051
22165 23941
974 23415
19394 20193
1181 15277
17011 25704
22438 28061
7889 20224
11124 14938
8064 22976
6918 25529
14895 18384
10616 19990
16036 25812
13985 24195
2589 10464
10800 19243
15360 23244
626 24453
1640 20744
3395 22882
3484 26452
5181 9074
19811 22517
18591 27890
8318 22824
4857 22771
23305 24649
21480 25403
15682 21111
8836 22151
9895 21654
1915 5371
14017 23619
2709 14369
3401 19056
12080 12797
3598 21932
8588 8768
8840 27076
14464 25926
10114 15141
7284 15113
5831 14471
5717 25306
1356 10115
808 22078
8128 20500
11528 20661
4642 25904
6179 24392
26177 26896
7555 10531
5716 7588
3623 24102
8223 23113
4614 23470
21864 27221
7500 23869
5128 13804
3484 5602
7952 13687
2407 5572
14689 15857
213 16263
1851 28055
20031 22202
2532 20338
7943 15616
1159 4167
9080 10427
13941 16390
10115 15832
11499 24749
20759 26409
3337 23066
5074 12944
13193 28158
16000 16358
11133 18709
14288 19459
8357 23360
10916 13549
8299 25679
4037 27042
11627 18564
9772 22129
5864 7944
18128 23437
1074 22388
12965 14431
10788 19309
3522 4382
15194 16170
3882 7774
16016 17235
9370 10308
2061 22254
1666 18027
3422 23590
9574 25939
205 5094
16446 24147
13784 22112
14782 26698
4115 18437
17087 26057
9543 16905
1327 14563
19181 21832
10737 21505
3447 21605
8120 17966
14576 27514
8511 14879
293 4018
14371 16489
1359 11451
17921 22830
14631 20199
4188 22040
21063 25093
11477 15251
16861 21831
3269 24489
13180 18678
12475 18343
1155 5267
16396 19261
10800 11449
3484 13980
2707 21664
19819 26686
16781 17960
17596 18736
828 24280
2664 26686
660 3647
19865 23409
909 14695
7772 14092
2035 10489
23970 24820
16953 19424
7375 17507
14010 25735
600 4211
1610 15360
9350 24908
2491 9923
2454 23653
24136 25664
2563 24201
2505 14200
18115 23286
3803 14665
19674 27455
18662 18953
21199 23601
2730 17789
11997 14816
20310 24492
4218 8810
19551 23184
2097 24535
5283 13376
2427 21083
1852 20719
20131 26901
17797 21890
24613 27239
2894 24502
3139 27966
12437 12864
13444 27507
8039 8750
7060 23688
11997 27279
24540 24566
10562 10618
12072 25283
10408 12759
10137 19445
12560 14438
1230 10974
18906 21158
1228 14288
10728 19366
9553 19348
3734 11327
10624 20619
24261 24311
1575 13718
2147 3417
3391 21634
9963 17776
16520 24553
3286 10295
9250 12645
17353 19145
20757 23096
2344 15020
8391 24969
9077 24774
11809 21372
13195 27194
273 17457
8295 22393
9416 10393
3059 6489
18182 24589
3146 9673
18533 26413
8325 15758
5150 24104
23324 24600
13203 27659
3800 27795
1748 3002
12105 19425
381 24589
23168 25066
4849 18553
17486 23455
173 3674
2967 13802
14178 14606
15742 16048
789 22479
1381 25657
2097 8087
805 15572
20049 26533
2982 22884
3667 18115
12316 28194
6757 9247
6448 7986
21041 24939
3608 4581
5614 24640
12674 17067
3850 21077
3267 15435
8103 19546
5295 13483
8236 17903
9063 12133
11800 16613
7666 28044
10016 16490
9631 22787
13823 28257
19675 24435
1354 19004
18747 18921
867 20395
2908 24673
10170 13374
3006 8520
14942 19656
193 17232
4009 9720
7472 26111
18488 25552
8959 17876
2105 19877
728 5876
5139 5731
8470 11998
4928 21669
9006 15806
5344 18304
3848 22954
2648 11816
13785 22149
1223 26322
10802 13719
1776 18787
3341 13721
425 9553
4562 8990
21436 28185
1621 25781
5713 6931
13892 14760
4064 6152
16905 22441
18343 22092
805 4043
8482 9192
4720 22860
22173 24715
2065 12918
6541 12054
4260 25800
1118 12744
12369 24288
1339 19669
21776 25232
2096 27085
143 209
115 20335
2530 5728
1159 18436
12980 23273
9730 11444
2843 17337
3283 21270
19639 23143
5493 24575
1052 17473
5875 9268
6268 11295
11409 21684
7456 25199
18775 25443
18678 21058
15779 18070
15272 19817
11989 22457
5028 24622
13937 16367
8746 17543
9833 20141
1899 17760
8807 18302
18682 22693
13575 19154
3103 17019
12341 15236
18059 23801
13910 16550
1719 16668
1477 21835
9216 17150
15643 17019
14050 19853
13412 23082
22026 24509
11501 27788
1067 1504
8852 15392
17530 20424
12162 27321
16055 18665
18177 21235
15027 17597
8801 13864
3970 11720
2830 4650
12346 20701
5463 23781
22458 23426
9095 19566
8588 11816
14489 15923
17889 21266
24923 26507
11417 23724
4559 17946
19941 26998
22404 22747
12668 19127
1178 14407
24109 28279
4102 21402
22429 24722
5701 26094
2396 15829
546 25935
14685 15190
13438 22710
2375 18895
12790 22871
18694 22399
683 18665
1525 5502
8522 17054
4271 14350
790 23994
22464 27150
2248 18477
12030 18985
1687 21627
23269 25174
8816 20554
7446 8826
11874 15173
16100 20605
3745 22359
660 4742
4189 13970
8062 22607
9794 19303
3551 11467
9592 17760
9328 12653
5288 21473
18400 26116
3544 8251
16261 17423
6827 17102
5517 18055
1295 3625
8140 9275
7053 16184
14148 27481
1116 19413
10364 12944
16751 20195
3795 21750
9373 9489
14650 23710
11866 17757
7354 20138
108 20625
3825 25062
603 5089
9385 18852
2206 22489
10022 22904
22605 27702
6869 12422
15508 18304
7099 8669
18302 21178
6426 11787
10061 17112
4175 26201
1925 13836
10393 24104
9710 27134
23997 25771
23140 25977
14976 16581
8062 27536
22817 27217
22707 28280
18352 25504
6891 22537
1646 26339
15772 18435
6517 19019
7023 9162
17446 28215
140 26846
396 16582
6703 17232
401 17165
12433 23200
7698 18304
4081 7756
5007 20424
1301 22294
6687 24874
22033 26986
13958 25232
8773 17114
8322 22700
2487 25898
12377 26148
2895 15429
4549 19371
5532 13736
5275 12270
2929 20364
17304 21981
3580 18729
12291 17482
6633 8846
2623 18659
261 23197
14959 17145
1306 3733
11766 22548
999 26303
18603 27671
11933 13329
20909 23590
1959 5485
17338 27500
10015 20067
17509 19383
895 18520
8209 24419
12262 14494
9130 9325
18876 25559
187 20116
4080 7678
793 16428
9038 16385
17508 25829
3285 7202
2929 4721
6693 22418
16632 19323
5616 23267
7223 12525
425 10684
12334 12472
8972 28202
5895 16197
1038 4129
21006 24659
9837 25489
1163 23682
651 14747
6935 22242
12228 12506
11282 14372
8491 21621
4186 9479
15429 18280
11692 19482
2159 4424
1058 13642
6528 17760
24618 25232
22020 26176
9525 16527
481 20527
21257 26753
14728 18280
569 25187
18304 18361
7469 10956
9922 22990
8037 18280
3731 14888
7194 25012
16629 21988
7847 19047
11214 21225
6857 23354
14281 27868
855 13553
17733 26168
6894 20448
1036 5919
4323 14010
1000 2341
1680 21336
4316 18195
4031 8133
12811 20282
10287 15916
19042 26447
9277 20302
15370 24133
851 10845
1249 15515
271 26736
1840 11334
7751 27394
2172 25834
336 10990
12789 27267
10570 16392
1068 14591
22905 23157
9086 18950
19425 20647
6409 11233
4782 8706
8935 13954
11107 25513
2646 28272
14889 22631
8689 16094
2158 22329
3566 19121
11790 20676
23408 24490
6026 27373
143 16571
15251 16817
23932 24825
7926 23807
7698 12282
17902 24886
19396 21798
9724 18167
12089 13601
12737 17310
4627 22449
2907 25062
2336 25949
15064 16814
4688 22070
487 22892
3275 11495
9356 10056
14141 24187
2210 6372
10942 19133
1133 21566
16364 25383
1018 27905
715 4550
7416 18061
10552 10598
20317 21859
21000 24565
17779 24459
18314 18591
11722 19719
3152 15481
7229 10587
17259 20981
4291 11042
10214 21837
13329 23588
5153 7596
1613 14546
16759 28109
1275 24608
9662 26731
18169 24340
7945 24354
787 18133
418 26011
6415 10444
17023 25930
6830 14575
1212 22570
15173 15315
270 16184
18907 25432
1126 26753
13287 21315
19576 21963
1181 20703
6490 16108
16353 27715
9603 20744
9904 18541
3882 12035
10937 12857
1370 19675
1959 7950
1 24435
7018 23692
3298 14694
10747 14622
5150 17787
5380 10169
2386 5747
4959 23442
565 14029
14867 18820
7296 10883
8330 19145
6779 8396
11857 13539
363 14084
17106 18901
13036 19876
13185 13649
6573 13787
8909 21958
1361 1556
8451 20639
2515 12403
806 8875
481 18394
24862 26536
13055 27961
10407 16187
10606 22468
4409 6151
7111 19817
17945 24218
20871 25231
11169 25959
4775 25283
12397 15391
3892 21770
13212 20724
9367 14093
245 7523
25629 26209
23890 26554
16439 20179
229 8852
5 28065
16847 26481
16037 23679
10643 15428
5603 25912
1645 4025
17450 27386
2859 5255
9154 24068
3397 20409
2721 23251
11847 21067
8151 8850
6215 12853
11030 22210
10124 21279
16946 21125
24862 26031
4268 23761
7289 20950
2712 13954
9242 10639
16334 21387
9179 17443
17504 24715
602 12631
3945 22190
2596 20536
22650 26584
2764 8025
6996 18279
5578 9739
8791 18811
12800 22254
5371 26005
16603 23029
20314 24899
8810 9625
7367 21670
20195 23619
6455 17847
10945 18647
8533 25658
3653 20015
8096 12264
21280 22977
8430 10296
1884 14694
16850 23733
237 26661
14989 24360
4665 7824
8289 12987
10687 10941
4742 25432
3572 20637
3986 12530
18803 23251
2026 10000
6286 21438
9098 27761
26005 26643
2120 16743
1659 8817
11073 25711
3818 4270
2852 18580
8464 25121
4719 24444
560 17747
6182 26845
11753 19550
13498 15139
1727 23140
7015 26813
13683 27706
795 7209
17963 21304
24659 27841
11697 14136
7536 11286
3359 11521
12197 16855
10062 27418
12369 16040
14418 23857
3831 16304
1068 5660
7324 11657
8370 11093
10750 18595
3970 16584
12811 16603
16194 23214
6560 7406
10045 13119
13590 13864
9280 27282
2499 21480
4927 5618
5767 13832
10275 17194
18959 22779
19451 25402
9367 19417
2986 9769
5869 19262
776 25711
1400 18996
7710 17412
1350 2123
866 24053
18315 23601
1573 24062
1226 7498
10170 16253
7058 27988
8465 20586
424 16715
18281 20654
4594 15823
9554 22581
3872 26525
7153 15475
1772 8481
14182 26372
13868 19293
402 15996
3395 12196
3665 14457
12964 16216
5691 20054
1986 23619
1622 11363
6116 18316
9908 21489
9018 13282
2784 22892
17253 18400
3228 8715
1015 23890
9214 21017
19822 24841
22184 23997
15435 27844
13282 23553
2387 27582
7907 11192
5918 7977
12864 27751
424 8091
6092 26353
14912 21766
15610 23044
2628 8481
10888 24405
9160 10357
2015 22871
7417 7726
19706 20427
13892 22326
8478 9811
7732 16219
920 4789
13032 24062
2986 25081
5481 18641
27271 28166
6008 7614
19830 27698
12602 22466
22323 25755
2245 26439
3169 26322
5337 5832
5950 9214
1372 18791
8878 17264
3233 9923
7379 15530
2179 16587
18665 26495
3 5150
12769 16377
2746 27750
9963 20024
9699 23454
16888 17906
6446 11387
97 22908
3987 27966
18760 27576
8770 22441
7875 24795
9070 24477
8946 11759
7324 22683
5505 22640
17407 24148
1085 17120
9959 14257
10416 27418
8336 22308
23090 25202
1600 20226
6637 26207
439 11987
8971 21462
8438 27923
2520 6842
18777 20623
3287 25699
24053 26883
1587 17900
872 9285
3413 25043
3197 9835
16750 20671
8841 10114
8336 16428
16187 25163
21796 22321
20008 21823
2770 7987
14995 25198
7148 27056
86 18876
11866 21920
7950 27642
15462 24617
293 4986
2967 7089
15267 26717
1380 23173
12671 25622
10704 17657
8852 14104
18665 20857
15635 19710
10060 23810
8605 14519
5219 19629
248 7166
10388 11292
2363 19424
4711 27652
18000 26658
18761 20527
7373 12075
15612 16727
9563 24886
1239 22683
5004 7360
2494 19948
9305 21084
4009 8028
24422 24444
15605 15709
7950 11697
1730 19618
12769 19293
1475 14057
16114 26392
8392 11785
2841 10156
3059 23628
16013 24781
345 7998
922 16513
16209 22790
5893 15666
5725 16383
4828 4954
7292 16095
8523 17770
10230 16036
1140 25209
14217 15706
935 6249
7420 16187
2708 3401
16878 26880
5920 10382
10018 22263
9323 16289
9858 10846
17630 20876
5738 18894
9851 18046
4764 6556
3160 17692
2945 27649
9436 26640
23396 27719
2583 21139
877 20231
14645 25920
21117 23669
8299 12741
2667 27072
1825 24049
2186 8988
1568 14226
15115 16756
4019 25897
10114 15108
86 20377
11256 14662
4577 10214
4199 15610
6009 26735
11298 16695
19156 24061
5951 18193
1055 22669
6846 18216
2948 21690
1775 5930
1119 21508
2087 27661
5035 7491
388 4623
14782 20039
1059 9015
3577 23522
935 2766
9836 24491
1430 22548
4386 21962
1510 2087
2438 10347
4250 22729
3997 13227
6738 7152
12221 23087
1577 25129
2379 3686
2017 22834
7826 26476
18267 26063
11164 14795
4458 14465
6754 21995
464 22748
23995 25081
12737 17333
13894 22026
858 26711
906 25344
3314 21887
1871 10696
192 16374
19390 25193
99 1777
17007 27348
9523 26219
14794 15811
4828 18379
10088 18673
1878 26000
544 2242
13681 20162
1659 27914
6780 21717
27545 28006
2105 20935
1963 13989
10511 28038
4221 17684
14242 20758
14534 15819
8360 14631
5802 17352
6909 10230
12134 18560
20053 23696
7497 25287
13292 14246
9782 15508
9214 20114
4085 21582
11880 26686
12496 24278
6158 17547
638 17304
23906 26945
17115 19647
13291 15682
1538 17080
5587 6657
6664 14076
8690 11430
1948 19862
18057 25517
1349 12262
1575 4282
26181 27269
17823 22216
5554 21779
14991 27495
25057 26673
23644 25848
3936 15477
21566 21592
20633 25029
7744 24756
8039 27608
881 4102
5409 18908
3741 24765
6848 20627
9189 27162
731 7390
3856 11562
11549 15355
4216 21788
10027 23143
12926 14354
16629 24415
12346 27758
14257 14658
25155 26522
23272 25490
1137 1469
745 16923
17754 24324
1152 22827
9404 18700
6388 6540
13649 28080
9569 24637
1867 15815
21104 21989
15723 23703
3100 17438
6193 25163
787 3280
1978 15267
6458 8064
16642 18958
9483 15110
6900 11484
1013 9682
21105 25174
12244 14564
16429 25655
15687 26189
3203 15249
24150 26019
8800 10584
3491 10712
18232 20888
4469 28211
16201 19892
7804 10093
3452 4038
7860 21867
5869 21497
1994 18622
9304 24885
6161 21679
13810 24069
15480 20321
2954 16814
7602 26677
5262 5984
7731 22183
2379 17516
9626 13572
5014 8423
3463 4091
8816 19189
23574 23619
10389 11804
9593 28075
9774 23929
26232 26756
3987 19115
1379 23649
13711 24714
19675 24213
17773 22814
4456 25432
8343 26644
11150 15907
3707 18658
12274 19767
4574 19116
7689 8824
16083 21978
9268 18962
16351 26601
688 14602
9851 20950
12058 14790
8606 12034
10845 15985
25272 25294
14537 21610
13875 14550
1482 21209
2245 24042
545 23119
598 22288
5917 23933
18619 21228
11076 17159
20639 20891
7831 9427
9826 12183
2436 5089
8144 12939
9096 11409
8886 16289
4548 8317
3562 8423
8830 12874
24280 26784
13 12855
7283 25991
5626 21798
15292 25388
918 23327
15825 27642
9460 24136
2894 9569
5191 12994
15496 26695
4307 6843
15068 18591
20573 21270
3882 13381
12691 21845
10874 25397
8978 14050
18225 19439
475 21261
2302 12451
1050 5547
3147 20749
274 24586
7981 9650
11785 26856
21191 23617
10318 22122
2174 11918
5128 21213
3634 15868
3446 24406
107 13650
445 18051
3961 26039
4893 20045
17822 23526
2022 7698
6131 14270
3827 22831
6560 18133
14095 25974
2677 7213
7031 26827
3700 7906
609 5738
11746 18575
19953 20008
3624 13264
12355 19251
1672 24402
2039 22416
254 9351
2177 17040
16829 19372
22425 24374
2924 18963
17902 27810
569 24557
17801 21258
3853 10615
3923 10704
8963 14822
15672 21398
21857 28176
10570 11778
218 21137
12399 17630
12974 19958
6626 27513
10094 17320
8499 23472
15531 18304
14048 25534
9148 18359
12076 20308
812 14666
9518 17534
126 8167
12804 15073
11535 27783
10222 26340
2376 17201
2093 24461
12726 25077
8215 22833
2093 18993
910 26848
12835 19742
2596 19400
15599 25054
1103 23459
15364 24872
2892 21671
21931 22227
10826 24155
25712 26654
11618 25421
3608 13072
16922 26786
9683 12672
7283 27987
1240 27054
2474 11592
17214 22372
6680 16102
8443 17273
3877 17688
2967 12734
16026 16901
14904 17592
19502 24563
13363 20258
2740 15578
24451 24846
3571 26145
3374 22691
5065 25405
21828 27582
1777 23418
2427 19801
24281 24457
1349 10464
163 17412
14345 19565
14477 19068
5680 24752
2240 26160
2462 3548
1023 11368
5063 5949
21170 22019
4496 18496
811 18361
9859 23973
3700 13179
14127 17338
5406 27792
9136 22416
2333 10886
16751 27930
2522 22968
13515 17562
7626 18704
5505 10585
15392 18095
10852 17639
13522 19091
1818 15048
735 13805
369 13216
19275 19567
9590 23161
2031 24376
9990 26635
21491 21692
12228 19123
21438 22031
4206 14445
4836 26670
5082 14830
11256 22861
2414 14958
49 2024
16194 16253
4265 11028
8372 25962
188 8101
5014 16535
214 18411
22992 24254
3068 4818
7350 12852
3695 6408
626 27567
130 22729
7804 27631
3638 9250
16036 22184
46 10591
17526 21727
22901 26469
873 6911
215 21335
1222 13023
4274 28156
12709 13810
2368 25949
7360 16136
16757 19028
14402 18547
22181 22255
340 21893
406 7954
8271 18368
1394 22224
722 10822
9397 21240
1294 10309
135 8511
1991 26976
12769 21635
11134 25350
24158 25894
175 27821
21003 25057
7652 22999
3965 25584
7915 20894
3050 14959
12824 28156
6417 16033
3585 24273
1573 3789
14033 24693
313 2943
23803 25318
849 21768
8352 25453
16324 24095
1850 21399
6980 25151
4782 17898
1039 15950
8603 24738
3300 7627
16181 26072
6612 21014
7721 10928
15676 24138
11091 22226
120 24864
3141 3997
10479 13695
12412 19447
6239 7410
8204 21536
2729 12051
8517 19273
9252 22787
17606 22342
16184 17730
15955 25280
28100 28128
1075 21067
867 1389
13472 15547
7461 17146
11772 18366
7135 10688
12228 15531
3533 9008
3317 12242
2373 14181
6103 14907
22040 23932
406 3650
4119 7732
3851 19169
9560 14724
10669 18919
4849 17152
17444 21570
26405 27746
13252 16257
5786 10286
9843 10845
20054 21642
1573 6069
15063 19491
5289 14690
11311 24608
967 23361
4519 22425
23926 26562
3697 20312
408 14492
14231 27792
22954 25012
4469 22059
24241 26896
11729 26946
3528 10371
10407 23525
3674 24884
6848 23932
9847 16555
11281 21798
10913 27841
11157 23954
7999 19867
1412 8964
13894 25130
2436 27101
17003 18305
13274 14552
14857 20222
609 3885
3452 7084
23619 24576
2040 13607
6042 8277
7104 8134
7191 19717
7200 8428
1860 14895
17601 20459
11207 20384
5587 26503
1848 11798
7397 27702
3767 19459
11578 15130
17294 21689
4924 20998
14876 16180
11748 22888
135 9399
5869 9012
7495 9901
5716 26235
15869 23483
9651 13367
401 8402
2604 20857
9493 16803
6390 22670
5452 15660
24203 24287
2040 21277
1996 8385
2255 19140
5984 22221
7950 19004
5149 7172
750 12837
2690 8891
8676 19856
21637 24323
7568 7584
1911 18921
13239 27505
6426 21938
5882 16203
24723 24904
1945 21672
3287 25343
23318 26186
20612 23560
9632 22230
11747 28029
2015 3622
10972 22203
5748 27289
8156 9524
4749 25607
10839 14003
6854 7717
14901 22718
4758 19961
17320 21703
363 27870
4966 11312
19927 27085
2329 18266
5284 19857
1794 9776
3873 12614
20162 24830
23130 27857
1273 7328
1438 5195
7162 19787
4012 25590
2447 3257
4273 13888
5665 20587
15133 18027
13192 28121
3727 13964
1116 17013
13799 23932
16275 18752
3091 15857
58 9669
396 1252
14489 17757
10481 14136
8368 23269
1456 21976
15022 18663
9528 14771
1870 20723
26 11409
20899 26682
11148 27643
1613 3528
1370 26065
15753 15963
2712 27822
4061 9180
16979 17501
12053 27056
1258 16582
18853 23576
922 6550
9951 25584
17071 22049
4110 15670
8564 9799
6426 12016
14541 22857
14606 15330
6172 26753
1321 19835
2681 14096
6916 11784
25472 26994
17041 27573
17427 17848
13595 17591
10729 16671
3002 14970
7194 10477
1727 24451
1685 15823
26413 27821
5367 23153
13227 22476
3531 15056
13434 18547
8177 9528
923 20328
21695 26918
1349 7329
10587 15995
21616 24597
5879 6616
15401 21371
15383 19186
5346 10207
5315 23369
4031 14194
7036 11494
18294 19029
9092 22954
27821 27973
24062 26457
6891 15258
7471 27698
17681 23928
32 16734
7608 11486
27118 28175
8396 20749
9524 13957
16113 25798
8750 25961
4301 16805
1050 24355
1643 2596
3734 24127
7075 10868
1197 14166
19477 21029
2311 6972
341 406
7493 18232
3762 3856
5930 15869
15 1197
25269 27782
25137 25198
21918 27819
11336 17202
1223 17530
1015 9136
5863 22616
16562 19839
3727 7553
7773 26780
1864 23269
620 5162
16806 21915
7031 16584
3872 19482
7319 25828
12116 21000
6590 11055
5893 25523
2102 5890
2961 17924
1905 14016
17630 21407
5627 11963
9815 26683
9263 27087
16318 19857
22678 25593
12389 16299
8491 10155
13425 17211
7120 24396
7484 25197
15554 18361
26232 27640
5254 27252
4244 6973
1042 3091
3575 20672
5451 12314
2739 3651
10953 15037
3510 14276
909 10525
4077 23678
4924 14817
22425 25287
10967 27811
21671 22027
2112 8156
4830 6562
3773 4367
1878 13085
11192 19005
8437 21094
12129 23518
1867 12219
1782 12494
2067 13208
7984 27257
1318 17373
6094 16955
9428 18036
4613 15716
604 14161
13421 16679
8875 16844
14816 20171
11846 24500
10638 16923
10200 22285
5393 14905
8527 27799
6279 25025
3820 25102
16276 22180
10344 20719
3762 21173
7950 10798
17887 18529
5055 19576
8891 24311
275 14668
9887 19127
6177 16195
8811 26888
5091 17590
11541 20055
2301 19116
5497 14675
12363 27052
17314 25408
12729 14555
12836 19565
902 10018
5189 23392
727 9840
7835 18708
7478 27810
1025 5241
17020 26743
23657 26126
571 27513
8592 11813
1275 27314
5522 7975
676 8209
1045 14772
5056 8551
6914 27271
15439 27455
4117 16131
1739 2039
6957 27168
2213 6326
5339 14342
2604 23722
786 24539
425 4328
12399 24280
21754 26908
8368 16077
16439 21000
2290 17408
5135 6457
2583 14412
6983 15823
2606 9207
7773 26654
12468 25876
5829 13181
9710 13986
17816 25259
14035 27821
106 11080
4377 13789
24874 26133
8781 9226
10934 26231
10584 22544
10953 19273
7323 15141
737 5978
8261 25184
898 10674
9536 20862
2905 8481
17158 24211
3734 6806
13391 22841
13367 26095
4878 9205
3810 11134
15376 22271
8525 21623
4142 4165
15568 26718
2539 24413
4627 27499
19731 26661
7079 7484
5901 12757
64 20024
15991 22241
18704 25672
2895 11953
14190 23910
4581 9367
1561 7213
7029 13491
2518 15920
2108 19127
4791 18050
14358 21330
18377 27386
1565 21003
9724 25907
19347 27497
6232 20233
7723 16525
8441 11494
9142 15422
18154 25893
2539 19037
8633 21218
9294 12369
12617 21269
4581 14311
22564 24851
9123 17404
4658 26738
3670 26141
13272 27938
4102 14297
4245 19863
6746 11961
6239 10090
14227 24616
15072 20799
15303 19033
25740 26286
10981 20467
17145 27899
10428 15670
1860 24279
7880 25803
13807 18083
1785 24979
6848 25234
19849 25875
2474 14783
1986 18471
4868 19277
25876 25998
22382 24879
4283 13066
17473 20862
11098 24856
11323 16900
3566 22379
22020 22161
19463 20103
14635 24502
8471 8708
1389 27660
3299 8485
4524 7768
8251 17926
3147 27875
5786 24904
16314 27867
14731 19750
4960 26482
4218 12026
11825 25639
2186 11028
10219 21391
14588 16677
2240 16905
2732 10064
6288 27791
994 24371
12155 16587
2491 8733
2544 17228
9098 11920
2962 21328
10075 18573
3631 24593
3825 14971
2065 17615
5270 18982
5327 26413
10764 15610
3101 26122
6852 18955
7179 14389
2596 20849
1767 5010
3176 4412
24618 26848
5081 8925
9528 16596
6760 27353
11756 18649
13527 14254
23785 25397
811 23655
4878 12459
9081 21294
9161 17404
6239 21354
6042 10497
959 23587
2118 3236
2934 9391
18617 25625
11696 22160
7011 12444
4307 11034
9418 26476
11859 22416
6940 24184
19447 24790
8388 26489
11098 18561
7124 17902
4720 27016
12276 19890
4891 18800
12474 24693
16581 17446
15303 21304
1138 10531
11893 25175
12019 17516
2432 24371
19769 22347
5375 27194
10505 23619
5430 7555
17670 20702
6513 10085
6832 22466
7189 25052
12476 18321
21398 26986
15672 16901
16759 17224
11991 12270
9076 23159
2624 4329
15610 21673
8831 21242
4834 25903
4051 6544
2879 6220
6220 23334
1382 8825
1181 25940
11973 27800
8669 26419
9682 27300
22711 25090
2395 27938
15576 18181
2177 17696
11282 21315
14148 20278
6672 18533
396 15713
7 22775
13031 24376
6529 27485
20257 20539
2699 23284
15931 21790
4736 16857
8344 16781
5630 28196
3895 15729
2232 13282
6397 24800
7120 23829
21291 24158
9208 25410
15372 22469
7966 22981
5074 24127
18817 27611
4611 19682
6087 21230
9327 14062
9274 24738
1324 17171
2324 13039
1753 24971
18717 24236
8121 8411
17938 18520
14561 20361
9940 28100
12031 22481
4850 26017
19189 26061
155 5850
1009 18761
688 25589
12678 17966
1657 5434
9614 14010
19918 26107
5728 15377
312 4823
396 9361
8924 23197
20458 28086
18907 19701
8860 21742
19326 26764
10741 20286
14124 18641
14129 18354
10188 11225
2333 20669
1746 18445
788 6158
13564 22112
22086 23619
2650 19492
8170 22516
15294 20853
1695 8674
21266 23249
11254 15825
10444 15996
18673 19990
9655 15367
1142 14771
9251 18704
22449 23365
16569 17007
1593 8054
8479 23553
13802 22319
11379 18038
7885 17963
2413 21874
18398 27775
8962 12956
15793 16602
14074 20195
9367 10747
20205 22425
16218 18205
1909 3364
12910 14494
4575 24053
4072 21000
3049 14697
14636 20467
11124 23461
16015 24384
424 6131
3836 23640
8212 18211
19225 26935
17883 23822
19625 21097
1358 15528
609 3671
22630 28090
3882 7093
9709 17928
21269 26413
13632 21875
24305 24815
17393 26169
11816 26700
9300 17757
16333 26442
4019 16991
12496 18359
8300 24189
5082 7497
8182 14207
11030 18947
15637 25900
2894 6805
23333 24723
3689 26436
17782 27984
2072 5399
5004 20553
14607 18416
11015 15047
8488 12399
7394 9359
5691 21902
4755 16983
6156 7081
952 14544
4904 10462
11656 22422
13344 22319
6256 20913
12956 19525
899 24450
16214 20956
4236 18413
18395 25838
6081 15209
5010 15983
5726 11081
808 11571
4745 22544
16008 23603
22123 25773
12024 15251
3122 12985
7543 12487
5580 6965
2406 7484
4216 15028
4626 28014
9574 21387
2614 26901
17975 22008
9893 14611
5583 26153
11812 20640
9791 27514
1412 11281
11128 25318
3058 18491
4806 16794
11108 23175
19033 26722
401 28163
1462 10450
2004 4851
8372 20804
17920 19503
9053 13709
6755 10898
11592 12514
2748 17097
21080 22951
6517 28240
12640 27944
17923 25987
4219 7571
7 17761
12354 26493
17429 23912
84 24954
19068 24114
2188 15190
18853 25584
5820 25221
18684 28242
8241 12739
280 22025
21671 24858
12352 15085
21045 28190
13401 27308
8855 9590
2373 27098
11997 25400
1204 26074
3150 22216
3693 14136
12236 23037
18342 21918
8878 18133
6470 11954
14633 22476
8654 12034
2606 16206
24005 27382
1713 18974
10952 12066
8352 11251
2349 2785
9408 23269
16435 27296
21569 21580
11535 27128
4991 8043
5371 23377
21697 24997
220 18050
4205 15211
11252 13780
2110 11133
7898 16949
6085 23829
14584 19439
15372 15478
4425 15108
11384 11653
10647 20239
1825 20899
369 2986
17404 21898
5249 21991
16194 24062
7956 12168
7209 24821
11093 19750
2642 6103
10388 22186
22016 22750
7307 8317
11721 22868
16373 26118
11187 16865
5146 6757
20822 22771
3315 17169
4340 25478
9049 19751
3287 5082
16047 17295
11261 15416
8596 18344
9214 16262
3287 10160
2679 11761
9772 16003
20314 22890
704 7330
882 5448
5333 25168
4142 20860
11712 26228
15391 25626
6562 28074
6677 16092
4006 23973
6832 23955
5498 9038
3336 4076
21656 26657
6590 20870
681 2701
14423 18988
3944 7725
11077 14423
7973 17702
9205 14104
22168 22714
11747 20159
8051 22220
3410 25966
9058 24576
6991 16467
3246 25828
11138 26546
19361 27169
11192 22184
13802 26930
1374 12991
8075 20588
9638 28074
11481 18529
2587 13175
18755 27313
22216 27702
2186 27913
10242 14093
2944 17369
4434 21285
14731 26244
5010 5864
2714 18947
7495 19337
8253 21831
10397 18817
18265 23929
16331 25254
862 4941
13044 20963
1947 20286
13562 21462
11039 17692
10874 20197
5190 21249
1964 12158
14189 22020
18904 20584
7111 15426
15164 24218
7120 19644
7704 17633
992 16739
23628 27274
25716 26663
1182 17073
18021 28039
18522 21237
13337 27389
10207 26265
8806 10935
6182 27105
7249 24108
3003 21883
7019 7463
10924 12136
7348 19200
14384 17812
17779 22112
4737 15620
25831 27010
660 23310
19005 26417
24867 25815
1604 18018
21310 23607
16181 18824
7596 10154
13861 18629
12175 13628
3638 14179
1271 18842
6789 19132
727 22865
3872 16108
8764 18380
3204 8135
6916 22694
4187 24522
9018 24451
17728 23730
22416 23708
15346 22556
16851 26991
5007 22829
1007 8734
2717 3041
7707 13343
10495 24613
5784 25650
10601 17497
1001 18348
13077 23215
16006 25563
19512 22862
1719 9271
8041 23854
356 27844
11078 22833
14442 15332
13609 23463
20162 23143
3321 19966
13780 23675
3980 24572
4732 18782
15300 21598
14140 18651
14599 16205
9649 18384
5694 12514
1840 24774
13952 17586
4260 9816
3584 23434
876 27669
9560 16963
16499 27534
10368 12813
15107 16003
2288 10714
5485 23277
7185 24876
8970 27746
6972 15729
1830 25774
11596 11645
9168 16041
13227 25831
4029 25283
4192 19917
4207 10654
24611 24646
2391 3203
250 14255
3856 12214
6605 17653
19434 27442
25849 26792
7411 8085
1858 26818
4414 4476
23177 24253
1181 12795
16141 27118
1814 7320
18050 19140
12082 12335
10171 28056
12803 21637
13055 19775
22416 26280
7635 21962
4189 24900
8898 21700
448 15973
11533 13603
7857 25382
17398 19348
7413 19548
4651 13154
2671 25251
12689 14534
18359 26901
9264 13802
11078 18634
13228 19241
20613 20922
13059 19879
10346 25797
6072 8010
5904 7439
1622 21462
20198 26908
10990 26100
630 17502
7584 7982
13208 18736
21438 24886
1200 3070
10174 12528
10080 16333
9429 27052
10493 25738
1346 6001
11212 17760
17304 22481
3344 25683
23534 26131
6776 12874
727 23288
14327 23759
6408 9939
18591 27702
11545 17372
18681 27014
3917 24281
16667 25042
6966 26717
23620 28106
17762 25607
3960 16676
6246 12725
1267 26502
11408 20964
6416 15883
2937 20046
12263 24547
505 5434
6765 12924
1223 5989
9395 16948
6103 18883
2985 18160
4367 13847
3337 11166
7429 11356
8567 16002
4806 21159
13831 15074
1644 3211
6536 14445
14555 26813
12652 23362
1343 9521
17704 23375
1817 6009
15677 22987
2709 8145
10407 12709
11603 19592
15301 16351
17735 18160
10166 20299
7721 17542
8087 25218
400 22052
5943 11562
16330 20224
9226 23608
5989 10830
4940 20078
24886 26413
4013 28058
18582 27521
20724 25197
4217 11465
20266 26612
14605 18787
15817 21616
26713 28181
13235 26787
1529 2642
2342 10360
10056 13142
4535 12489
11653 11894
12075 26935
3698 10896
14156 23497
3052 9968
1559 14033
2045 4656
21866 23799
3247 7358
2001 15046
11952 14731
19567 22319
3086 16627
5989 6188
12839 14052
11776 26053
14464 25699
22892 25116
3328 22066
10805 12752
1609 10296
11059 26490
5614 5667
16301 17114
274 10352
1609 8886
12699 22267
17341 21866
4552 15957
16803 26616
5712 23296
12994 22539
5288 10900
16914 19118
8352 16963
2557 15443
9086 25879
14299 26153
481 25960
3131 10643
17930 19886
7775 24742
1438 5979
18945 19753
5403 7003
9141 16201
6453 17726
10454 14633
8887 22414
15225 21849
12725 17637
3218 6870
8318 13216
2130 21696
7555 26956
6811 18371
12068 18412
7927 8781
17120 18942
12451 13455
8220 11076
5316 10054
584 6883
8589 24874
7891 13342
4833 8279
195 23619
10281 12214
10264 24127
9843 25794
8570 16268
8770 12927
6541 14679
11983 20155
10484 11047
11799 16088
2489 23785
16983 22151
1502 11395
5371 22871
16922 24274
396 27980
12577 19334
19781 26745
2525 20715
3184 10160
915 10019
10348 15636
24838 25966
3643 9543
19545 25259
3103 10290
8761 25849
1672 22892
15711 18073
6135 19829
4807 7311
2115 23875
7585 17273
22359 22936
7458 23687
20437 22191
5872 19992
22104 25732
13756 14920
24005 27943
20167 24175
894 6253
6273 25498
18173 24989
8054 17997
18192 24294
18567 19169
10090 18669
25162 25647
6065 9696
3908 11250
11804 18334
8579 25163
11281 19171
8797 17487
10971 11009
23410 24061
7707 27490
4709 8075
11627 25713
376 15452
6094 19155
12997 22238
7786 21875
4149 9771
6144 10127
581 17214
18631 23719
1419 20995
86 937
3476 4034
1450 2438
7390 24426
5174 19259
1529 11432
1015 23952
12137 18538
9928 13690
6362 15381
18696 21333
20221 23292
24141 28150
6703 15257
14151 24935
12207 25564
13927 14280
3873 12956
6862 14517
7555 7907
12052 13110
24120 27168
7021 10284
3729 25636
1163 7290
11515 23743
17266 20966
600 4072
19136 23694
4329 5767
2771 21296
4024 27296
13556 25704
3708 8566
14588 24879
13811 16842
13093 20200
11518 17747
7497 24752
5141 25940
5263 14158
14948 15182
7998 14020
8846 24122
4141 9722
15660 19838
13057 21687
12860 13347
8846 12257
6669 14513
22046 24403
6239 20594
18897 20083
16081 27327
8670 19109
11247 15833
14208 17067
18633 26787
8265 10044
22230 22438
20038 27110
5363 9531
3734 9205
6925 12894
1113 9419
6037 19748
19783 26313
5509 28066
10033 22162
1030 21294
1144 14953
8670 18187
2905 5630
12826 25866
7017 22923
4097 18136
16226 16888
912 20314
19479 26989
12139 18351
4952 21341
4614 18603
14807 16509
19178 28159
1036 9663
5206 24406
10800 20714
2947 7347
1197 9431
967 18999
15997 18990
7052 13882
10075 25560
17713 19542
8841 16941
22470 22763
17067 18304
17980 21636
19861 25422
19242 25337
13513 23574
8318 25683
4422 18282
5659 7852
4795 19662
17635 19184
18381 26525
9895 18952
2170 19579
4149 23675
7910 21849
8533 26193
10844 15216
17782 18097
7702 20384
131 10789
11945 18920
5413 19308
13495 21770
9229 28056
4310 18470
3965 10863
3422 23692
12439 12746
3277 4080
25903 27795
2412 27340
11074 27923
5371 23730
8289 14936
5416 25130
23560 24610
711 24453
6013 24218
23275 27923
7772 16108
2750 9820
1770 18729
2067 13227
13663 23848
566 20288
12291 24980
9769 19576
10815 27123
12335 27126
1593 9616
6387 12417
1864 26700
19965 22617
9438 17089
11810 17237
7942 15708
14489 19425
3634 26094
659 23057
11295 26672
12313 15009
3741 15982
1795 20258
3300 18050
16582 25108
3843 24502
15680 16094
782 13374
1759 17718
21670 27962
3236 23296
14706 20714
7598 12793
1123 28203
6897 8450
1616 22025
7557 11461
18647 27816
17219 18001
6373 8011
18673 22469
337 9717
10815 23623
3446 18950
11183 18106
4395 6978
6001 24326
19377 28060
3944 22409
3346 14487
15391 22249
2308 4076
15939 22157
5048 23402
5485 6633
7932 20512
896 21416
7166 27788
5197 22642
1656 8174
17061 18347
6723 21668
208 2118
9096 14677
4769 27960
11011 23884
14441 27462
16290 25014
14437 25934
5978 11154
10419 11261
7348 23052
9983 20869
8247 25294
12242 20331
891 16301
14471 21410
22835 24783
1284 22387
20894 25109
2709 3900
12363 24177
16806 27123
5774 18436
2040 22473
14949 22618
7997 13391
1605 1763
11718 24082
26372 26662
7612 24603
11007 23818
5584 19939
20233 24170
25130 27759
13081 20563
9873 25343
5816 23073
3805 4144
16192 27579
8151 20162
26781 27618
10003 26580
14867 25339
2022 17593
1836 20621
23788 27170
5089 24914
896 10587
4993 11143
6113 12096
12836 19550
19728 27034
5728 27247
230 25167
240 4642
9991 24461
9423 16562
16953 22688
7858 20802
18199 22843
23361 24455
8290 20849
1784 6495
20745 26970
1720 19991
15933 20517
6022 24731
7707 12228
6754 19250
11709 18679
7385 23265
3102 23972
25642 27538
7614 22168
12255 25974
7708 25619
809 9395
22659 25504
9198 10292
15985 19704
4675 16838
25309 28211
3890 10464
9710 24523
15808 25174
769 14817
11916 15211
1558 26922
564 25765
14242 21473
11014 26137
14854 24322
14961 26324
9699 23193
7310 8877
12069 26829
12433 20329
7522 18626
11161 27988
7390 20084
9417 16272
6488 20282
2928 25992
10383 24994
1505 8444
7488 11854
1105 22042
13328 24562
21438 23277
14123 19085
13131 15128
13328 17844
850 10639
9252 17394
6072 25368
1228 4076
14119 23254
8081 18027
11830 12838
17201 22041
10859 28203
5292 5505
10837 11701
11048 21126
1435 23722
15676 16526
16173 24521
17639 22863
24122 24364
5728 6422
16413 28170
6972 24384
14293 27605
3294 27675
3758 10320
14997 16426
18775 27140
9380 25435
13380 17098
15676 21151
605 23472
7791 10433
20706 26083
9468 19497
14138 26831
10504 27640
17356 18214
8974 26092
5989 7725
2245 5989
9091 22129
855 5914
6402 8150
4646 26315
6936 16411
13196 21444
4035 19723
6107 22462
11603 27242
16933 18891
1117 11348
16957 18336
609 14136
9557 12568
787 14988
10740 18952
3114 13448
17980 28211
6522 17655
2677 16559
6316 16077
8104 11097
7139 13650
21704 23177
5511 12869
2664 24104
1944 22438
2946 9752
15326 18787
12982 20490
21919 24653
1417 22947
5587 21963
1944 24676
13831 20695
6224 25284
3919 13228
2521 22100
24663 25204
13391 22942
9413 11180
25454 25730
19484 25557
16405 24477
14228 23830
22785 25617
12011 12244
9704 17804
2018 2617
15705 15985
849 18543
4878 4936
1163 1738
15190 21242
2744 23897
10242 12020
3608 26687
3674 15736
16346 21996
10002 27015
46 18197
1601 20269
2996 26175
6576 16564
4037 20613
6404 17507
2682 4556
5867 10298
3573 14709
4581 22278
24451 27016
2344 4627
14570 27298
1713 2583
26657 26929
12831 21831
2427 7099
465 22183
4729 22928
18369 20144
1 16211
4007 14867
9611 25554
10341 15297
3279 10126
5128 24539
2503 6426
13114 19451
13509 23910
18 13222
11431 27795
1424 18093
2504 26103
9408 18947
5221 20852
6947 16724
9356 15419
3533 7893
1848 6385
7905 26791
22511 27660
21701 25599
13299 26795
1118 4684
2104 16499
10279 25083
21746 28264
10847 18629
1515 10462
1925 17268
2447 3501
19237 20010
3802 19617
17665 17705
25603 27782
1609 8824
2388 24965
7210 11195
3805 8951
23979 24307
20594 24026
8746 11789
1498 1863
11925 25301
9933 15317
14770 18798
14828 20598
16861 26722
3819 22322
12065 18480
13307 22364
12261 17146
1509 6196
3484 19704
11931 12586
17967 28013
17022 23315
5502 15196
19760 20717
21690 24968
1367 19177
442 7728
8220 8704
6445 17023
13093 13422
1211 19662
1952 17637
2998 6138
19188 26497
2227 21339
24731 24913
4645 21610
2191 9226
5978 23269
14576 18906
10656 25181
20630 22813
16778 24076
8751 21665
25374 26842
6633 17847
8754 9206
9874 18160
3886 23748
2611 17630
9574 24129
13472 20664
24152 26755
4037 6426
15355 19897
1950 3267
15162 15561
6780 22012
18586 22630
11169 11182
2954 28177
5398 17761
1987 9690
15895 22969
12012 13728
2146 26985
3419 3598
24062 26026
1436 24916
16142 21497
10723 11266
884 28019
11629 21692
5520 17307
2435 23952
5850 24326
2141 13147
3805 7799
2988 19526
9264 23671
7502 21438
5568 10545
6649 14835
3456 8704
5881 22227
3091 6489
4081 21925
10834 21701
813 4595
8520 17073
11443 14689
3125 27606
16301 21861
881 4247
3669 15852
24181 27579
3568 18138
19262 25578
16180 16724
19987 24336
5584 16909
1396 25273
1993 13083
12968 26308
11155 11712
1105 15776
3708 10629
12075 23754
6489 25555
3037 12965
6910 12888
6042 14066
25392 27376
2141 10392
6883 26412
10899 21673
1983 16154
5587 8318
7809 14706
8488 13414
18462 20442
4246 19315
10997 25292
11825 16941
6636 10338
1562 21881
21832 24415
5733 7150
7450 13354
6551 23152
4162 20715
5850 22910
5042 27766
8243 13810
12601 25982
24039 24475
18720 23875
12994 17077
10692 13061
13860 13910
7359 11427
26737 27867
11157 12228
17438 22529
27316 27603
8248 26838
5630 24062
6618 20195
576 23140
15129 17438
7348 22222
1108 11980
5489 7861
10953 16301
5353 23365
2619 7387
14971 18669
15153 24836
7595 23932
10833 22156
2291 26499
2815 4574
1767 14402
12988 21738
449 11020
11331 22666
18699 18996
8955 9503
12257 14072
1925 3181
1025 19569
439 16265
7429 26986
5680 17214
8841 23361
2030 7395
15447 26560
11610 15343
7502 27569
563 24548
20449 25617
15309 25091
22117 27560
10522 14604
14604 20833
4949 22871
3861 18729
18219 22273
18554 24025
4045 12231
5782 20797
14970 19611
11261 21939
2586 10208
19146 26554
19253 22771
19827 21110
10915 23719
12777 20944
20176 26950
1814 8016
13032 22779
3944 9296
4414 10042
9528 21849
3963 16194
5271 15296
11197 13642
10841 21036
8957 11021
23868 25850
7150 16439
1321 25813
686 7635
23016 27016
11496 26699
4964 24093
7007 14511
15825 16890
13626 15023
1575 23892
8341 28166
4648 17329
15330 27872
13968 14039
3908 6832
11140 15995
14670 20247
22256 23361
16328 25681
2102 3219
15376 26737
4803 22127
7301 22955
11783 12748
259 9843
22565 23149
11166 11240
5500 23514
1992 27922
9398 19829
745 1813
14053 21053
6842 24861
15669 22011
10808 15410
4778 12684
3383 21883
1996 17603
14158 19612
9121 20530
7241 9174
10435 27793
9253 25855
350 1925
9387 9492
2294 8140
18832 19898
11763 22743
7915 9519
23320 24248
1902 2708
9683 20491
4947 18450
1186 22976
20565 27659
11133 19576
828 20222
20848 26098
1181 25186
18497 26834
5622 26554
11131 24681
21229 26565
494 824
7265 18326
9717 23794
5883 20939
1439 17316
8361 9200
19068 24594
5691 16422
11863 15660
3169 11515
23459 25096
22201 22266
18083 28085
27825 27867
6492 14834
7002 15710
3979 17001
1859 4648
19909 25437
5010 21366
16 2349
344 19779
3050 3121
20123 23892
16029 25575
16954 18412
173 13992
2539 11991
1167 7341
579 6625
6077 22231
8985 17285
2216 9089
7624 24923
3810 24274
4248 14696
2648 8281
25291 26752
5579 20118
11011 20494
2521 3357
16263 21622
6239 19169
1731 28150
279 11026
13910 23265
2475 25175
18491 21407
22960 24308
10128 11250
12075 19451
4145 7517
13713 18430
15426 22084
8270 18873
21014 27454
21207 25714
7350 10374
3041 11584
12052 12740
1442 9875
1770 17515
1171 5989
6390 17310
21955 23415
12282 26061
12899 13762
9509 27429
14993 21737
4952 7950
10332 28162
3927 4969
1622 22688
2961 8770
24613 24970
8320 14187
1643 25550
7496 20616
10740 13787
16582 27621
19025 23973
25623 27220
751 1050
6588 19635
5832 9688
2336 21024
6040 11821
6348 8318
1871 23294
23961 24952
1769 9738
18033 26892
26737 27805
10813 17211
3265 9252
194 705
12971 17115
587 14480
11465 14922
10185 18038
21918 24721
13475 17465
799 848
14706 16433
14547 27858
11258 18833
854 26738
1435 14632
221 20087
1978 17779
25571 28041
4870 22896
396 20258
1650 16842
2293 16848
5722 13969
4914 16968
10015 12948
20383 21433
3306 15377
2154 27887
8253 12273
8398 15588
5999 19554
2185 15344
16046 16193
3712 19510
20483 21193
26297 26877
2120 28053
1795 16581
1993 3491
2418 2964
11944 17035
15610 25602
3762 4388
9993 20539
14276 25439
2874 9782
27444 27778
1602 12296
18132 24181
21731 26161
22833 28120
8906 13448
2324 5444
14957 27523
20749 21029
9108 11028
653 15016
10011 20814
14190 25295
13649 13924
13472 24061
20937 25306
14480 24118
5068 25451
1593 6531
14188 22474
7998 9924
2348 9234
1302 12340
5978 24904
187 16639
6990 13978
2220 5566
12851 26079
9143 21151
20108 25414
18658 19117
9038 18585
1884 16905
3166 9894
5286 27662
9332 18004
8167 17779
15297 24290
6408 14955
5430 20958
25428 27050
7815 9117
3396 12668
19188 19977
1942 7452
5989 24148
25109 26669
21431 24384
15376 25732
15996 25252
7986 14021
6789 21462
18462 22877
18816 19303
14178 19668
14082 25453
3624 24052
8172 24921
10307 19423
7228 27349
17727 23941
19367 23939
13 14832
13943 22877
17074 20069
6994 12606
1516 7877
886 23381
18280 19639
4484 5266
10298 17804
2206 20674
12028 17479
1538 4620
2368 17262
9001 10760
1138 2190
6517 17838
14563 20568
2667 19192
7420 23593
21610 26876
5716 9116
6412 8465
27247 28205
13480 18131
7635 22511
16435 26665
21491 26229
13140 19008
630 722
5913 27790
14335 20049
9959 28273
4749 21732
9662 22894
17174 23571
18796 23983
2647 22989
7468 15523
7728 16220
14668 25563
18616 24506
6535 22222
6759 13328
11128 22024
18682 18862
3356 5082
17422 26713
759 20553
20016 23892
12991 25966
6097 25572
2379 13661
6057 26753
3781 10693
17393 27660
6232 10200
11682 14838
717 19800
10581 17198
3733 17938
867 4168
518 16866
21380 27956
15971 17768
2324 26355
111 10952
18007 24801
19753 21748
5588 11079
20705 22068
11411 25960
25140 26503
8454 20069
1609 25735
3765 25229
19913 28215
4867 17901
12711 19326
5326 10639
21952 23267
972 23169
4623 15705
5481 23573
133 9842
8893 20021
4581 16584
8750 10652
812 27464
19203 24244
19273 20661
14743 19849
11192 18798
23931 24836
9229 18033
307 856
715 7205
7131 19712
5609 18847
3430 13721
24566 27508
17782 21452
3728 13828
4252 23327
16976 25781
166 3253
3440 25521
9305 17319
17902 18731
1699 14694
2677 4715
1700 20440
843 16955
3483 3592
17906 23193
7024 23605
10363 24742
13275 14776
4326 9487
976 5329
6931 10920
765 7365
598 3362
16588 23932
2787 24598
15229 21619
9693 22700
11535 21688
5759 12967
2724 25566
2447 3129
1210 18057
8620 26148
9623 19116
19325 24390
14203 20503
19222 23914
369 7166
1948 17013
6259 9282
27084 27569
9086 20205
11646 25685
9410 23152
2642 25439
1592 2572
24618 26613
10967 17280
2392 14421
346 20496
3203 16582
4549 18669
2162 20382
13377 16977
16957 28044
16016 21377
22871 24756
2690 4849
18793 23803
10424 13600
9563 27821
15868 15893
14010 17902
3558 9904
2005 23916
8356 23197
10587 17435
3289 26363
18817 26929
9253 18034
1371 20627
9610 10189
13412 21770
7361 25613
39 11436
888 5721
19031 20909
1239 8481
7075 13543
15074 19348
8491 23657
6415 8096
867 11214
8394 11948
3892 24131
4596 17364
10086 18427
9252 15083
849 1251
111 19653
14335 21046
14592 22642
1574 23413
11444 19964
16852 22866
3846 15370
10456 11858
1630 12374
3784 13234
12173 25759
16472 20500
11290 17974
8148 23082
12257 26413
7002 26299
12397 21682
21646 27571
24765 26865
6642 23579
2436 20744
2396 7677
635 14728
14979 22724
9053 10493
3741 7946
6832 16560
7578 12066
1347 22462
19763 20564
14728 17145
10822 12476
5301 24415
23152 27166
12538 15910
15470 25286
22787 28014
9214 10279
20525 22890
11335 27720
11444 11989
10189 18411
9826 13253
7893 13165
944 19584
10714 22064
11113 14464
3728 22338
5403 17456
14955 26116
11432 26391
10517 16527
3819 25277
8718 13267
16984 22827
3665 21945
1254 6623
4307 22981
11163 13565
16289 24104
5755 24676
2268 24945
7597 8391
3477 20125
5669 16402
17214 25699
7266 23566
17949 20705
10121 18976
17460 18148
4155 17381
1335 5981
17375 19390
19510 22021
22724 23227
3401 9923
4776 21268
8135 16769
25380 27981
2888 12870
9572 12297
7492 11851
9989 12720
7937 15056
6164 10326
8091 8801
90 24127
6385 11798
14390 16986
3790 21411
5 14732
10949 11100
867 25468
2329 18560
8318 23708
590 18059
1548 24412
18454 24120
1574 26167
813 25991
9794 19529
4180 22352
16449 19337
21029 23657
3072 12908
11696 14228
25746 26347
925 10885
11964 21950
483 15216
21010 21205
18136 25494
7490 14922
6940 24229
8160 9869
8195 8648
15510 27669
9010 16328
942 22616
4994 22636
11106 23033
19960 24782
5190 5542
11917 14489
8284 22134
10363 11026
2667 28184
16668 18319
1499 13899
18265 23269
18497 23142
8659 13442
16208 21447
609 9194
7576 17563
4253 21462
24969 27793
9795 23422
919 12444
600 17259
7002 27503
2058 26299
10093 10675
8454 21083
25445 25746
15037 18575
11705 19155
14564 17393
6702 15639
15228 17938
2821 9371
4878 21770
1851 7508
949 1462
8803 21523
10012 16764
16953 21527
17310 18419
8850 15049
4782 23644
21003 26740
17653 26902
1968 2313
15825 24504
12495 20171
10872 26547
2831 19278
3204 20596
9361 18187
4485 8875
15675 19712
1424 22915
3977 24199
16369 23994
5448 27578
5108 18416
15713 20480
5100 27263
1569 17657
3990 5474
22647 28027
2532 25468
9327 19952
15954 20527
277 26615
920 19123
948 7171
10767 13994
787 18955
12140 26660
786 3990
15529 18552
16942 25605
1499 21139
5009 14127
6103 22352
2780 9384
22231 25332
9556 10661
787 11248
10806 25960
13135 20953
4766 9730
5614 18568
4879 24872
19494 26298
609 5287
12978 24277
17080 25732
11990 23260
17543 24557
2413 22238
18787 27042
26703 28201
7420 14696
14579 18924
3113 13623
3532 19374
21291 25602
21598 25967
11686 15529
742 2298
17763 22696
1727 15271
25525 26099
14384 26753
3806 6363
4543 24610
1666 2727
1018 16998
6657 24422
9628 24605
17880 18984
3997 16953
25732 25976
8511 10244
20130 27375
6576 12968
2088 20675
4237 18449
1144 20556
7397 10388
1880 22701
12826 22542
6848 14306
22216 24069
6349 8441
22425 27129
417 1502
1226 13999
2810 15064
14013 25329
6807 7464
11931 20985
15020 17143
17097 22595
5383 15531
731 12709
7363 24611
13550 22448
580 19880
7286 15004
14424 15297
12686 23260
2295 15840
23085 28128
1297 10692
8113 11821
8915 13920
12083 17955
2044 23358
5401 5509
13794 23365
7820 8048
4535 16257
11363 13005
5393 27737
24390 27992
20480 20608
4397 8757
17013 24122
10570 16208
19062 23463
5691 16299
9951 16022
24549 26273
2401 12558
1251 16641
919 19816
5651 19665
6894 21598
7741 26613
9406 27835
8787 15893
3286 17978
2491 8818
1281 22388
21266 26187
14355 15712
17790 24391
8782 13733
782 2012
12264 12495
14910 20759
16744 21404
1 3290
17792 24121
4260 20630
1384 18297
13739 14578
3617 22420
4888 25099
14129 17138
526 19031
15184 19691
5917 12023
12594 12767
1767 18743
15648 26605
8478 26743
670 24594
4169 11147
17717 24062
21563 28098
2823 15064
23143 26582
7940 15106
850 20238
22469 22502
10116 25341
6633 26503
1683 8581
10284 14555
9167 14219
19548 25881
7999 17437
16532 20853
406 3859
3703 6097
24600 25853
23045 27977
27 6282
10121 16759
18051 19403
3863 16656
11948 17951
5984 23300
3354 5352
14655 16046
4806 17722
6023 7179
2276 9553
7881 20620
13134 27194
2635 9518
7721 15253
10211 18016
3531 8964
1948 18909
5064 13472
4282 10434
596 24072
13718 18934
7328 12999
18785 25350
14666 20765
20405 24589
18655 20293
3955 16744
9804 26468
1755 5527
2118 17561
5485 27821
16491 22604
422 6913
7695 9524
8138 18214
24249 24836
3883 17851
20831 27834
9500 25638
5840 10757
6673 17153
13784 17958
16812 20258
3826 12444
12982 14974
19647 20266
5387 11113
12369 27927
1181 7593
14631 27010
11963 22430
12426 26177
9563 26413
17963 25433
5657 20504
8282 24721
4822 28211
14082 14748
8785 8806
3071 12890
12137 22239
3881 23143
9058 24069
1417 2539
3414 11415
8974 27586
2070 13432
19847 20086
867 11727
7011 24104
4216 17737
7227 12598
7412 22307
13888 23286
4075 9528
16656 21562
5698 10618
6432 18100
899 25893
15672 17453
406 17489
15435 17319
9055 11812
6937 15573
21730 27754
10054 20313
23655 24557
8970 22415
8939 11012
8696 19518
2807 16930
19827 23338
5797 23340
2556 9864
11079 11988
17630 25550
13344 25276
4859 11786
6902 12879
5485 18533
6814 7950
92 10755
11409 22885
19579 24274
6972 9086
12647 13164
3892 14783
14033 23128
13182 27218
1737 11080
11179 18255
4680 24204
9265 16861
7915 8020
2386 17339
14407 24406
16900 25730
15505 23422
11781 13135
7171 21908
22421 27506
10839 21391
7835 20657
9428 22616
11326 21536
620 2569
9239 27567
6659 14560
10614 22686
10998 17696
24454 25204
18984 23466
14681 18669
23885 24165
961 20008
187 24653
20099 22203
14358 23935
19123 20813
327 3666
3902 18116
7216 26689
323 7015
8925 9416
6871 26505
11746 21725
573 9548
17056 25306
4837 13534
5779 23430
4468 16823
1814 19140
6432 16268
2978 24061
20314 26539
10487 18721
4024 15616
12963 23656
881 6940
13870 18882
7758 24374
12148 15480
11416 17225
735 3868
19736 23254
11917 18483
13507 20476
3892 19200
4241 20008
26311 27642
14104 19140
1978 2288
15401 20109
2324 8592
22954 25130
17114 18408
14541 24232
9264 9428
396 18115
9511 18321
19541 24855
970 12068
14955 26260
1424 15650
4247 14291
17928 20319
3502 13688
4769 10263
8875 21221
7033 22270
20640 26261
4802 5352
325 17034
8689 23365
6239 19548
5174 23355
2615 23733
3261 18605
13114 16456
1299 23296
16634 26364
13970 18010
14055 27899
16864 21991
355 16389
17407 21079
13015 21944
1500 15402
13623 17220
21636 27171
3073 8694
2031 22445
5274 19145
22518 22830
9701 22136
3816 10292
8437 20876
9747 20622
8143 14971
1850 9814
24485 24953
6097 12337
3139 3307
2518 9354
5989 14672
2764 25559
495 23932
3175 9864
9218 26604
7728 26391
10216 21878
4072 15664
12546 25865
498 12564
14103 24808
3819 24129
10935 18481
19075 23372
11641 15285
1249 20550
5437 5773
811 12069
13704 19843
10488 13410
6205 27194
17666 22413
12110 22390
4607 8157
18143 27976
13677 16878
1687 16367
592 26957
7139 18265
20235 22010
10529 10757
3019 11295
8730 8752
19498 23467
5711 26498
183 22895
5583 7416
7577 10443
15350 18400
4080 12428
16055 20857
7333 14086
9035 14662
5466 14716
13802 21229
13051 15346
10698 26150
7390 7828
11814 25822
4570 20973
3156 22761
5149 23178
19464 23389
1850 17114
2595 16928
14777 24040
12029 16322
1600 10054
12804 22215
21506 21944
8501 25420
19992 20367
22799 27350
9274 24177
11302 16034
16328 18124
8806 22216
19023 28061
3059 10397
3735 12069
6807 21821
4649 10726
813 15672
6931 18947
639 7545
20064 21235
3208 23895
3762 11562
15711 22409
3753 6495
8426 13445
9219 21623
2192 24163
5082 18441
8579 23422
24069 24644
7260 11781
2103 19961
933 2105
4603 23196
8810 20046
12651 24689
16591 25329
8848 18457
8707 16905
8463 11545
5504 27454
17249 26690
3953 13888
8914 15036
2276 10974
11519 18840
6074 12425
5020 20166
1259 7224
2928 22328
13116 20079
396 13984
4593 7763
4701 7523
2092 5082
5676 26990
5319 14430
20947 27854
5485 5815
1142 11988
11926 23083
5852 27942
2293 23892
5852 21173
2764 27123
7002 23825
6859 13943
1381 10697
15878 23868
13804 13851
4849 27172
18651 20162
2735 2765
7314 11078
15102 23721
7222 19538
3870 7581
4316 18811
18846 20953
21890 23209
2697 8411
18617 22428
693 14901
667 19367
7601 20120
3294 8220
21291 25839
681 828
5003 18465
3147 19584
6381 19783
18520 21316
1 24836
9476 9614
4253 7150
26591 28130
1419 16795
2810 23420
16478 20434
8924 12924
161 21470
764 4187
3269 25306
13186 13405
22298 27133
26319 26826
1887 24448
839 11989
1602 8856
15286 20860
6705 24576
16115 26522
5943 12829
15257 18104
23201 24092
13277 21026
7419 24062
396 21929
15117 15426
600 9829
5924 7136
19219 19482
10852 21904
12523 19646
3273 24956
5716 17955
4891 9220
5815 19817
12508 23619
9763 15852
2520 24195
8112 8825
17364 27503
21001 27170
14409 23459
6790 22555
18254 21928
10654 22192
10617 12139
1232 27569
5978 16107
8029 23264
21258 27185
13211 16328
8781 25985
18648 26745
22430 27802
1107 9047
9683 22094
24061 26665
689 5864
9241 14479
15837 26591
1142 11416
23453 27864
7075 26311
18521 28055
7450 24171
5727 10245
5004 7610
1556 14489
20408 24729
21192 21254
11964 22584
27052 27811
6135 6206
134 22991
2782 4689
5204 22634
2187 22892
9226 23816
3257 20427
1196 16937
5716 16150
4121 21490
1957 10326
7139 11692
11260 25439
1475 10027
10559 23730
1475 28147
9253 14308
1571 16794
7608 26665
2518 12492
5861 13515
1176 8544
919 8493
21953 25329
17263 18796
1694 19678
10767 20384
12562 23392
6394 9717
12922 24872
16328 17226
8824 17527
1405 18872
17961 24843
13920 14022
1607 3779
6363 25454
8263 27932
2213 24616
18284 24705
10640 14633
16394 24470
11636 24068
13091 25748
6242 10160
10620 21188
2628 26075
5355 22775
22230 22421
6408 24676
4421 13320
6789 21081
19315 26787
14954 17509
19454 28065
5522 16905
7162 26660
9368 14433
1321 11484
13853 15868
10937 14703
13548 26337
13092 23079
9660 9738
17902 23120
12433 26724
6641 10533
1073 20818
3535 7318
12804 26437
3467 7169
7355 9144
13053 16121
18740 19720
2406 23693
9746 17656
16478 21883
4724 14393
5042 23392
5089 9670
4961 10462
943 8939
1609 12556
8292 10002
1071 7577
7748 13697
1676 8482
658 25849
13779 26559
850 15837
4581 19715
10825 16890
9636 17662
16599 26317
3085 17542
12155 26053
3380 19246
6676 12402
11483 14766
413 5410
24571 25838
15862 26825
19639 20480
9334 26949
7268 10050
273 23884
8624 12971
874 8354
18679 19712
1185 3990
4827 27989
3892 5989
10308 13619
604 9844
7846 11064
15996 19818
5731 20959
288 10251
5178 26946
10081 12983
20613 26373
3565 6882
16194 18659
5597 8011
3695 6879
14215 15302
12214 19139
4657 11757
9237 13927
4295 4831
3666 26077
1188 3275
1309 7628
13585 15972
12689 16964
4463 8837
19721 27923
17046 26657
1744 22830
6671 21323
443 13757
8368 15839
22886 25986
39 22714
23842 26640
9654 13972
1327 27929
15534 20644
836 13787
19219 24820
8733 18938
8471 15476
2943 14606
17010 21545
11054 21901
16038 16439
6289 17505
11253 22771
4097 10842
15443 22182
15348 16002
7509 19857
12707 13353
4923 17310
9552 19376
14724 20601
17167 28141
568 11428
20257 28205
13350 18360
2846 24454
3784 12752
22239 22956
193 26143
20975 24379
22199 24640
9004 22676
9459 25013
4720 20119
10114 28156
3934 4448
20502 23365
4423 9170
23457 27872
4332 15508
257 4735
18021 21296
8057 12091
4909 24234
1277 27233
5085 14341
20849 27252
6384 6747
972 19628
7206 12763
10794 27586
2536 19189
25464 27459
929 7488
6794 14740
1365 13582
19808 26457
14871 26752
6857 26705
2727 23858
3979 15157
4806 23459
9043 23182
14694 15271
3622 7758
9040 22004
6523 10639
18892 19425
9294 24062
2605 3874
3310 25185
12452 27469
1964 6937
13564 15123
12282 15705
7655 10998
5989 9086
4774 10209
12399 21115
2635 4328
5087 21149
6718 23372
6889 26693
958 7944
10227 14212
998 23930
4712 10384
19857 22213
25382 26479
13545 25602
3652 17639
9378 18391
14796 22907
15004 23619
2349 25399
19086 26413
16693 21983
7687 21448
4439 25583
16480 24616
15695 27746
9884 21855
2889 13576
2317 5731
7342 16404
747 6238
3545 22469
20942 22607
619 15152
4967 24783
22162 26498
16170 22638
2572 19691
5367 15581
5371 22530
1137 22017
1116 12143
19004 20144
8424 11048
18302 22575
10286 10497
941 10837
11467 19575
20378 23797
5864 8511
7849 18608
6580 15017
11674 17791
19509 28238
809 27078
7357 10532
12479 20069
825 3163
3624 27660
5466 5691
1154 19601
4846 25522
16288 20276
10942 12768
11484 13078
7814 24524
12760 25417
23809 26919
9776 26986
7471 21291
1719 12602
5710 20787
14635 15508
11218 13317
14017 14424
3734 18425
31 16287
21703 23868
4680 10866
7987 15549
20287 23605
5890 22885
18920 19886
860 14053
5 872
1412 9851
3483 9842
10278 16598
8579 13564
12284 23767
4391 27110
10532 21491
3951 9682
7124 7136
2642 9961
9847 14613
1259 10713
6708 18024
2454 17584
9722 10871
2369 14098
18232 19672
56 24242
4089 8150
7621 24395
2665 11145
2135 27899
2225 6569
14895 23665
3790 4456
581 1579
10197 14477
1622 15141
8720 27508
396 9356
5089 13520
7903 17347
861 22646
19208 22998
9108 11003
6049 16877
509 6879
11080 18134
12982 19045
2607 14489
18369 24145
2974 23147
7855 12988
3045 18606
673 2245
8854 25221
24519 25059
8349 21028
16669 17718
12794 16959
4652 26774
634 3555
48 5448
10600 19340
1229 4725
15666 25958
19118 24569
1177 14586
531 5312
14726 16511
1435 6348
9552 22506
19096 22040
17194 24904
12214 24406
6883 9530
3121 4626
16671 16812
2557 9951
7124 27821
1904 26677
7209 24877
6540 23732
2482 23082
4640 5359
1909 2167
245 13472
12832 26476
21226 26846
130 24062
4829 21049
4751 27559
7717 24985
11674 12651
262 11323
8293 20206
2592 4954
19483 21232
8150 19089
538 6017
15001 15436
6629 28099
19623 20586
15376 22829
20417 24081
15149 18548
20323 22949
8937 16083
5197 9968
22390 23085
10645 11151
7836 11535
20503 20687
26368 27808
2045 13905
7902 18425
13654 16935
17795 23140
5084 10935
6268 12989
18318 20754
2445 13341
650 27925
11995 15514
15386 15747
5 11780
23892 25349
6286 23722
1290 7196
6426 14781
9159 9590
7322 22908
16036 26075
7907 21853
12709 16021
24281 28181
21923 25729
11314 17319
2087 12268
10618 17959
6535 7699
974 17198
4039 17507
4646 25433
12125 13282
1999 7797
16328 27695
14763 23624
11287 19331
13564 23830
18452 20661
8132 13899
7320 16597
7693 12796
22712 27279
6663 21668
1254 16887
1590 8605
14876 27383
3141 23070
3890 27899
24122 26866
8442 21765
4072 23609
5342 9864
26284 26416
10119 26593
7835 11369
13890 20857
150 9962
14530 19045
5461 7411
5669 11336
22040 26312
7824 16724
6195 15749
3272 7645
24290 27681
2368 12954
7384 17960
3746 18704
1263 15922
3510 9383
16193 26904
13109 20398
7878 22605
3059 24830
2120 23359
12693 27919
9521 16055
478 17152
4197 11028
8799 17466
1878 3090
6374 17623
6838 7031
17569 26939
5989 23628
15736 23598
1020 8903
14672 17742
4352 4519
14564 18795
2767 13432
5609 10954
9569 24157
2913 7609
3762 9115
12607 14938
6078 8973
1501 2396
3583 19071
16901 22885
16216 27620
4789 12762
9252 25425
514 8948
3856 21828
11226 13712
1134 16041
19712 22028
851 15705
14129 21987
14074 17842
6069 23767
13303 23823
14448 18679
1925 8021
13710 19303
3708 13443
3903 6495
17545 25966
6771 23096
8064 9676
5837 18752
8669 9427
4240 13005
382 4081
8462 15440
22013 25552
19801 24082
7431 15523
9547 11872
20539 25561
15723 25817
18770 27914
11251 25626
4626 13902
15235 17146
4742 14795
6707 18128
21113 26153
18619 24869
4444 21306
17080 23857
16173 26404
11030 27766
1193 23180
3901 6126
9638 19326
4440 5782
8471 10952
4470 28040
10487 23361
4550 23524
3705 7637
9746 22634
5528 27795
7373 12081
4623 19704
11596 21366
7496 10321
7205 18591
6935 18427
22832 24069
10594 27543
14439 21814
4300 8461
21680 25610
7708 16767
1240 9798
86 6821
6861 22189
3095 14346
8733 8985
1507 27706
8491 9428
4181 18251
23553 23929
14787 23963
9059 15956
15614 21778
25617 27853
8872 27499
14153 21864
2031 9348
4074 23970
10937 18921
23066 27300
6385 26197
2079 25409
3167 11262
2482 21592
411 15388
4338 18059
5857 24451
8740 15723
11048 13736
25636 27382
1920 6516
8290 24608
23971 27405
19424 24904
15666 21079
6957 18557
6598 25559
17528 25453
3167 8157
19576 19959
207 27905
1882 2268
10600 17993
14203 20498
9275 16235
3362 15977
12068 20224
796 5526
8348 14853
2719 21746
16170 27614
8151 11619
5984 26126
14215 21853
18280 21832
722 27034
5686 9012
4946 20553
10619 16428
884 20716
862 17977
1050 27636
21359 24445
292 3691
6529 10062
8750 22363
15758 24060
1936 8852
3972 10755
12411 20965
8721 21874
9560 11030
21123 25830
137 25533
1748 21620
13793 22223
3780 10653
15713 27458
8924 24042
18477 24655
12242 19750
2922 25567
14016 15789
495 24610
14980 27898
1920 22254
2458 26808
1713 20786
9948 23542
7350 16304
312 4110
5153 19326
16457 20580
1844 27121
4256 24069
4469 4844
7587 9683
16969 22516
1438 25564
20605 21491
179 18099
18133 28032
12828 22885
7199 12214
17146 19424
10652 22871
3098 9491
24444 26593
539 2870
12067 16749
20453 23347
13668 15164
21737 24543
11445 18416
4523 14957
9984 17782
8044 9646
7832 21523
715 27762
2132 13564
8462 10714
10495 23696
10356 15681
3898 14971
16975 27767
12368 17456
4367 20100
21633 25163
17329 23399
495 19853
2703 4581
17186 24433
12244 16772
10619 15344
650 27467
15731 20424
1284 4181
3882 17782
2277 16991
2320 8376
8469 15357
26559 27932
2579 19396
5004 26148
3069 23225
13507 19721
5017 11809
11665 18753
7206 13571
9371 28034
3745 23265
18874 21449
13832 14825
20046 25760
11444 21058
2967 7750
8990 17530
15464 28032
581 20046
14136 23259
4094 13199
9244 14820
20788 24690
1050 3812
17691 27642
5082 15722
369 17787
3947 9322
9415 13506
6533 12399
12637 25719
6085 28030
12036 26617
3192 3882
4373 27514
22295 27353
19266 26908
7296 15198
12829 13396
16525 17440
5588 11888
14093 23932
5337 16655
20834 26628
3167 14658
1361 21835
17013 26044
12835 21497
8182 13970
545 4927
15869 23919
12829 21430
7188 10263
16182 24398
6301 11356
8208 10729
6929 12968
7737 13598
5107 16806
1827 27988
1864 19508
3254 24659
12014 24112
22479 27671
4205 15015
471 19688
10019 16028
5466 10967
4769 14424
3728 27582
1349 14788
1915 3059
7038 24244
6503 26591
7307 16694
7275 11638
18169 18396
9551 10188
25795 26695
976 2157
8264 27232
19664 25999
2418 14033
7950 9181
6506 23408
14804 16192
1349 27886
12205 18669
23215 24750
13970 17367
16142 22612
1858 7180
6668 27821
13828 18708
1284 10421
2389 6738
1878 5961
1614 13208
15814 27502
24021 25035
9509 9853
7915 11090
9060 25364
5630 21113
593 4047
7529 27373
5403 17905
8807 18241
12410 27157
428 11810
9730 17408
3598 20387
10546 23742
670 11816
5270 24472
18959 28128
12204 20379
20665 23769
11953 18736
12541 25357
4775 17902
14335 14728
7290 28176
3234 24923
1851 25527
2542 18784
4402 20963
891 19666
1814 18906
16074 26296
2024 12451
11073 12155
9006 23825
9969 18507
2971 19686
9548 15903
12997 28061
23319 25735
9922 25335
16656 26015
19601 20092
15660 16235
5434 28269
7804 27450
7820 25443
9783 21746
12997 25647
1435 9405
11079 17274
8899 15560
10152 23892
20876 27788
1365 1779
9272 21515
7988 19864
605 799
13759 23921
13649 24915
14941 15592
309 7492
1944 9767
21730 24738
19548 23983
20544 23619
11905 24095
8872 26418
4328 27279
2701 22025
11115 20637
8108 23269
20031 21182
13354 18648
16424 22424
9356 13091
20292 27197
9417 17349
9783 22122
12109 12651
3997 14207
1 24911
12160 14964
3786 26744
1925 5696
11920 16922
11650 26737
10378 10923
21963 22865
12120 15343
16243 26154
12369 14767
1878 1947
9356 16102
7950 13482
495 20891
4065 26267
10082 18251
13106 19542
16437 26911
9791 11851
972 16837
5706 21614
16540 17558
10077 11522
14464 27719
14998 21412
19061 27129
14521 25333
20902 23369
23743 26095
20853 28086
251 18097
14437 14998
13676 25062
8586 25676
7341 19765
7137 21505
749 28061
19326 23459
23430 24805
6865 17756
5916 25057
15833 19436
7300 22973
4965 20324
8488 12945
8320 25110
3936 4581
8462 21333
1962 15592
14969 18675
495 1604
16791 27418
13808 17585
15376 20373
21377 27296
3499 28182
583 7987
4422 18644
26492 27030
6167 23890
2615 9358
6103 22985
1614 8970
7132 21407
850 19956
21650 24217
15950 24908
2951 15401
13875 21176
15561 24610
18520 27233
4563 22112
2039 14472
11746 21798
24228 24977
16797 24617
9479 10170
4676 17011
21000 22545
7768 20515
15105 25584
3167 21407
24022 28049
5375 16477
23566 24074
12229 19581
18778 22390
3927 23566
3666 14633
19623 25299
21250 27113
11332 15643
4403 10706
7952 11785
148 16194
8396 20406
4017 19843
11079 11283
7719 20759
1285 18557
2948 21275
11033 25677
12374 23327
3354 24069
1878 21359
8060 22228
1426 25709
13756 26307
9450 11652
16201 20554
11480 15891
1399 7702
6131 7361
3275 3539
17907 22328
6226 14360
5466 9582
10842 17158
8972 28123
966 7929
1611 18308
15282 20036
393 16180
4952 26340
2321 16222
86 20608
6873 24286
11051 17856
8320 12479
15302 19021
18466 24121
5497 25564
13050 19289
3545 22849
1499 4597
1498 8390
2024 8898
9484 11688
1831 27202
4256 9590
9536 10541
14867 17165
22043 23696
17201 19798
12479 26740
12074 21671
22787 28263
18106 22104
3186 7984
836 18761
8899 16001
5930 13343
18219 25402
7753 18788
15349 17081
21641 25084
16431 21915
2665 23963
19023 22667
15808 25759
14576 22182
4850 18810
1761 5802
381 27462
6150 7250
914 22431
21254 26728
4962 17735
13972 15015
319 18001
744 24341
1126 5716
4468 17509
8481 26153
5359 21000
6188 28099
20054 27136
7928 24157
8507 23149
1767 6227
25377 28138
339 18870
5262 8318
5559 12981
13032 14402
5926 23365
2262 16854
9250 15668
9471 24640
21908 22457
22295 23807
14586 21499
255 518
8500 22349
2118 21600
1393 2084
18560 27228
6163 18934
10704 16048
22606 24899
23963 25270
4068 23393
22340 24509
17615 24061
9710 17513
3197 6539
18011 21746
18358 21070
16173 17773
23410 26908
5430 7152
2556 14389
3628 14031
3942 9090
1624 16640
8680 12763
16855 16901
24158 26404
4580 12264
12067 16646
11157 18031
17289 18799
18224 25580
774 24442
18158 24393
259 11261
2966 25833
1116 8174
4321 15298
9184 12991
25494 28232
7785 24659
10508 21094
16850 24589
13941 26824
8372 11746
8096 24886
4414 16040
18679 23277
4038 12655
7956 17422
3828 11411
11696 18736
14155 15392
23706 25760
5659 25064
7523 24105
1134 9026
129 1497
5793 18533
18521 23928
14180 17773
16781 27865
24187 26531
396 5937
3872 22254
1237 16446
23876 26750
1871 23972
4118 19447
1152 4941
3051 9398
6727 23004
16991 23797
11940 23265
13984 22091
22734 25788
10484 23098
13185 13440
8384 16308
21473 22255
14633 22210
16658 24731
5177 11747
5033 23670
14793 24020
15782 17446
18412 26367
5262 10393
4189 15330
20795 23071
3381 24211
898 12512
3362 25420
202 1440
8096 24122
24393 27126
12428 18591
8011 8013
25699 26638
21194 22621
749 18522
809 14016
16687 22096
9720 25336
4766 12614
7913 26476
4408 26153
14071 14571
14080 21945
4649 16314
5924 25628
13713 27030
20092 26975
5341 26965
4646 16792
19965 21744
1181 9515
6517 15184
2555 3944
2236 17552
2604 18336
38 12436
7905 22974
9253 11535
18824 27497
5502 21864
13291 21291
14080 14129
19817 20849
10972 16850
6609 27669
5734 15670
8368 11667
9120 27212
1 18934
11937 27421
1112 11343
6848 17550
2743 18599
10654 14023
5007 27706
13215 20479
10389 27016
2172 21397
22269 26503
12954 24061
2195 14499
5971 8274
16253 17713
5002 9421
7847 15410
3609 25043
2454 2885
1899 24405
20282 21462
4548 16037
13984 27746
7763 17118
26176 28060
21811 28045
12688 12759
2326 18603
19616 21172
18281 19118
518 3065
4648 7323
17542 24280
16437 25863
20816 25174
21511 24216
24062 24208
808 10741
8990 27478
12643 19033
5449 11756
6129 14260
10519 19062
11147 17295
5758 7225
6569 7443
10326 23989
13706 20861
4896 5572
512 7423
8168 8565
7821 20666
7927 16878
11963 12097
9710 21783
4468 19322
49 7042
1053 14175
763 17543
1329 15015
8874 14896
9095 22907
1557 27622
11785 12037
2413 16510
4125 25174
1189 7507
10125 27611
18901 21312
10290 14391
5001 22384
9548 14404
25079 26547
2389 3863
1669 11113
7631 27010
7926 16314
820 14648
4541 6923
14683 23358
6682 23993
11049 12335
19891 25329
14129 20109
1978 26147
4021 27042
13646 26476
5252 27522
1727 27751
15832 21636
1852 23857
1538 24904
920 15951
3790 24453
7701 15610
6881 9333
23845 26464
3698 18539
4118 17502
19340 22702
19827 20313
8091 21473
12769 20824
6707 24490
6590 14312
2448 22227
1445 9811
3562 5409
4136 8172
15562 23932
7056 16865
6516 8845
14522 18438
21055 24381
2443 27293
9154 13329
9701 11955
19683 23518
9438 13919
13383 22025
8327 23194
2849 18526
10154 11836
15589 27471
6994 24929
835 27418
867 5059
4009 7104
18422 21396
1672 4175
22679 27581
4414 21113
1094 8073
1141 8498
1830 26740
7134 28086
9043 13428
9224 18921
11479 26061
19086 23792
957 14228
7597 13487
1979 16927
207 356
7289 23372
9917 25616
1384 28211
7585 10155
3202 3997
11354 15377
9356 21122
21668 22189
10935 15376
13544 27265
5687 10910
6779 8391
10286 21512
15096 27716
9999 12760
2677 4992
8596 14258
12424 14665
8799 19345
9750 25658
8959 16123
11290 25861
9379 25287
1445 5811
2866 5072
2024 4541
7443 21729
12121 17795
9439 10852
16914 24569
6809 16739
1568 16939
20748 26083
14464 16225
5132 21372
7961 26410
8640 21483
1050 8795
1056 12424
11311 23897
425 17861
8020 13233
3019 21545
21108 22417
3347 11796
5990 21151
22227 26759
2168 24984
885 1779
4391 18872
3490 15442
2882 3997
6229 10837
1335 23037
7136 11495
20715 27942
3472 8999
12959 24576
5963 14463
15840 20288
10246 16754
11859 24104
4221 23553
6728 15530
15014 28232
7075 15018
12649 27273
16490 17372
9230 24069
6059 25877
18904 24168
10321 18913
15881 18059
220 11696
19975 21297
2325 19453
406 7341
21000 25131
11281 18050
4295 19606
18348 27116
396 20860
12841 20849
10970 27852
7866 19197
13022 21623
12288 16038
10313 11390
745 27851
3689 9613
10952 12315
20583 22409
3167 4607
4507 18657
13985 26812
13507 16138
1780 5342
2093 18743
3780 16470
8456 25376
20235 20409
1819 20525
9404 25248
1999 8740
8108 18599
14983 18458
18629 25494
7927 15376
4980 8020
5874 21578
11463 12410
20332 26840
14843 22894
3634 7420
4114 26672
12790 16814
3121 15682
3151 4656
18718 25176
18302 25935
758 28061
18313 24069
14129 20633
8988 10602
723 5457
11631 21804
3819 11562
2279 28202
8344 21258
8818 12555
714 26328
18770 22351
7252 26320
14170 20027
9432 20041
19169 24104
17017 20414
10022 10740
1050 10383
8352 24047
3665 6717
8057 24862
3741 18067
3947 28105
364 11229
7461 25525
2727 23748
5028 25658
14657 15377
7903 7951
9267 18595
10842 23053
11411 21798
4633 9399
5989 26525
13542 23608
18354 20631
4799 19122
2221 15048
3400 7836
843 3238
1593 20751
20136 24444
9536 19552
12939 16162
4498 23830
12550 27684
1239 25110
19326 27811
1850 26150
3630 15256
24318 26635
2709 15517
24120 27892
5583 14520
15523 20480
12940 24849
7626 8784
303 17664
16727 19269
17952 26379
12155 26773
1028 20384
7947 27824
3634 6227
6848 8273
6962 17226
17729 25887
1859 22709
15676 23679
17893 20788
828 22025
14177 23143
7867 16632
14626 16938
15596 23267
4232 8950
6078 8351
22 2261
20083 22362
7669 26855
495 4693
7016 26297
4943 24659
1304 4188
7166 24422
11117 17803
26341 28059
5747 13839
8507 20119
22028 24122
7876 18921
1721 3932
3358 8730
8801 23015
16502 22474
21569 26725
4642 25039
19956 23637
15826 19712
14513 18901
5070 6105
256 12651
12032 27317
1959 2087
7741 12363
8551 28052
7750 26930
3636 7997
1565 5069
4747 7119
2488 3887
21844 24024
1239 13168
17592 18471
8830 26457
16117 17543
11738 13083
5832 20925
12875 23843
3059 7802
14242 18823
3910 7765
12521 18321
11857 25956
13972 25299
9103 25559
8295 20321
24122 26413
8653 13086
2556 5522
1194 8333
10253 12350
11335 12840
10093 16195
1762 15236
14517 17484
9222 24816
6196 27795
2605 7312
1878 14033
9214 10455
12193 28200
5682 14524
7984 24477
20817 21166
24465 27300
9825 19153
5515 14392
10756 17115
288 3654
8982 9156
812 26973
1481 12846
1851 8501
19464 20333
26320 27822
1999 21268
12444 26753
3551 19775
13096 21249
7890 22510
1235 3296
18128 22126
9488 20544
10986 17803
7923 22586
3126 23840
10468 22430
1689 1959
13191 17760
8667 8923
4193 13527
4190 19433
13668 21546
5613 10154
7213 21296
920 13093
17967 27090
23268 26943
18370 22024
1934 10190
16582 20162
4373 4945
17464 25282
16659 22771
19853 22040
21423 27314
12276 16547
7031 27159
15617 18986
5084 17541
24715 25538
1920 23075
4802 18218
12709 22418
11931 21798
406 7881
149 24828
6671 18471
2379 14771
2864 19223
4085 16996
16900 25710
11618 12210
4802 14928
10022 21214
1356 21636
14534 21220
5446 6513
1750 20250
6931 9560
977 16174
5346 21037
472 24774
154 558
237 1058
1270 2906
11444 20667
1817 18442
3881 17330
3711 24540
16157 16644
14771 27702
7115 12651
14606 19950
16694 26753
23713 27495
28 10100
1308 4366
4076 25057
3795 8474
1145 7368
17408 25283
5522 27883
19979 23929
24095 27486
17507 21864
16194 27767
12440 15236
9237 25505
3674 12397
4450 19455
8070 17169
1686 25083
22374 26744
767 9574
14635 27129
12112 14344
4328 16087
988 21894
4571 19945
7523 9226
2648 18929
1153 23700
4332 14106
16909 23451
6708 13597
16389 24332
9072 18236
611 10082
16707 18669
6028 25200
12667 26750
3768 5989
287 19995
4108 14470
4188 26123
985 3853
2245 8536
12007 16152
5722 12956
16855 22857
16679 21766
2341 22639
12472 16684
10767 19143
22364 24456
8802 9543
12801 19473
10309 25634
18214 28278
1487 26200
9130 26053
478 22290
16563 24242
2894 4967
115 10956
258 14364
4328 25155
18661 24233
8317 25868
8889 20817
12581 18933
1863 24368
6584 28166
4632 17530
12050 21000
8285 20104
17446 18185
18379 21682
9416 20667
2686 21977
18891 26559
10652 14024
14358 14557
2259 13343
10479 16665
15435 20031
11249 23430
10200 18720
9215 18678
17568 25564
14435 25725
1882 3265
2838 23525
13414 23033
9812 17067
605 16480
12185 18174
5485 16955
5031 7438
6087 23198
18550 23982
5711 25958
11975 22543
15793 22550
4394 22227
14962 16629
10102 18799
5665 20367
12369 20069
7937 12711
17665 25625
5566 8140
18266 18521
11573 24138
8281 18078
588 27221
9786 19644
4115 12123
1067 7579
20921 27779
1112 1620
4087 10981
688 28127
7153 21269
1905 13203
682 3938
11727 22149
272 8899
8750 19023
8740 25317
5584 12913
5971 22992
327 2012
26571 28236
24241 25445
10085 26170
7684 18430
5513 26902
1123 26329
10541 23409
264 20467
16619 22245
23372 23910
15872 16152
2252 9465
5719 22269
8480 11655
24905 27373
6814 25735
7990 21884
12341 25206
22240 27913
9214 21725
51 18772
1435 12049
6876 10660
972 15381
10655 11426
7524 18683
24172 24935
1018 8308
10496 14569
2883 4026
1261 15010
1153 19445
7535 9038
4364 7949
15164 17757
1508 26899
4101 17787
5239 14463
13777 20405
15196 23390
15795 25405
8543 11334
19863 19930
2624 12328
1955 16783
22003 26757
3337 12551
1171 9268
3609 19657
7136 7554
1071 24096
3734 20413
3488 23521
8596 28177
1776 15293
10365 20677
9379 20448
374 14801
21566 27374
5290 9538
160 20008
8057 19482
12901 15580
836 17656
13484 20923
12602 19233
3163 12002
20253 21480
23196 28014
106 3411
1449 15033
12369 23803
5775 6994
11094 14380
13272 13851
16901 25879
2641 16333
19270 21602
9190 26351
12055 23248
3810 9022
15234 23366
15141 16941
5413 8511
13362 23857
16249 23816
8481 28055
1477 9128
1958 14696
312 14380
6098 24047
1710 21353
16906 28077
4475 8230
6886 25135
1605 11987
5155 6446
42 8799
2006 2128
7835 25220
3758 17556
6668 26312
20339 27121
3850 6493
9465 15271
13236 22386
9716 11975
8045 20661
2611 27788
18300 26787
9806 12886
5978 28211
14633 16963
10185 16915
4213 25181
4402 18177
11417 20344
17823 26053
8157 14257
8777 9821
4522 7635
22186 26153
2460 6707
3609 18920
17637 27901
1020 28213
4944 25774
6052 23562
13021 21438
3361 16142
11808 16396
9972 27841
2880 19130
5681 27763
21644 21716
8003 14709
888 1697
620 22340
976 27508
3161 19538
8120 13297
9590 17530
5522 10146
135 6517
17492 24904
18251 20550
7721 19206
8995 10784
6020 22812
5815 7595
11783 16102
12221 20257
9441 26993
5414 15897
23658 25302
19306 26466
4367 27418
933 1672
2022 26986
365 5782
9834 25879
13007 20192
20899 23115
18981 22724
33 8096
15549 25654
16905 17273
12982 15209
598 24061
7272 28132
3886 15559
8522 11059
4328 23944
8766 11489
3544 9940
12246 12252
16770 24583
8495 19935
10189 22230
26110 27751
1015 21094
23312 23427
445 15088
7608 9569
2686 26957
11336 11809
22215 24632
3484 14762
5734 14418
3098 13047
6824 19340
4507 26153
23742 25059
13350 21671
1162 2657
16223 19780
7707 18583
18945 22548
26781 27955
22605 26303
6015 16919
16992 21668
15717 27455
20929 28195
10794 12169
8352 26061
24158 27228
10807 22783
6350 26784
12105 22621
3834 12102
10825 16835
8460 27288
5798 10917
714 28005
7297 9696
14718 24678
12144 13178
5659 13385
16047 19287
18718 24613
2646 22226
2984 4477
6214 16906
3059 25139
22702 26391
3929 26717
10969 23154
990 10538
2948 19948
3728 21633
8405 28080
18286 21294
6526 21794
11172 27963
413 17017
2754 9252
15743 20782
2336 15410
958 4009
21829 26027
4417 12114
17977 27342
27514 27987
3171 24997
10282 18663
140 9992
13408 13686
4827 27586
2396 23722
15218 25403
1124 5125
9810 27967
7962 9617
1645 2334
2986 17657
740 8112
20374 23430
2455 17351
5461 19749
7225 12397
5731 12228
1349 14392
14298 19644
20338 27536
749 26200
4302 11261
5996 10333
5584 6270
12426 25445
12341 16694
13191 26329
9260 17787
18577 23592
4607 16584
175 26290
16460 19480
21166 23348
2764 5387
833 1331
22205 25957
18558 24589
3052 11431
1035 14900
10844 16603
1975 20816
6871 12077
6388 7227
4257 10490
4259 15346
3481 24326
1479 23375
14463 28249
4266 8730
7984 8145
9535 17826
17438 26120
3169 8806
19885 25064
1541 25977
3890 16291
9465 19566
1032 18838
7193 15981
18027 26103
3206 18567
3993 9449
6553 17450
11023 22340
10773 14393
14763 28156
8267 28194
7350 11264
6042 11295
21615 25260
8846 18679
13556 25559
9201 15014
14706 18454
21606 23619
3313 27885
495 4634
8657 18787
9132 15702
6682 15059
17760 18144
825 9536
4742 17767
8376 12521
10935 26000
5620 24844
14809 16955
5832 16389
5529 21671
20851 23467
8261 24316
2186 10532
7411 17495
10497 27988
8785 23730
2295 4962
6928 24340
8500 21853
8467 24640
22635 22763
7323 15108
24419 26774
19858 21049
9324 25817
1299 17378
20523 22334
22216 27270
7453 20562
26461 28205
18573 26829
2 10082
21050 23456
14182 19289
341 20442
7397 20967
7368 11919
9475 22784
3762 24406
1526 8356
9185 17917
384 25277
8801 25426
7663 10890
16739 21596
15052 17946
3186 23978
20109 20639
10855 18699
4287 20786
14895 16016
14520 26740
2582 11823
10144 21703
2747 24019
11439 12410
193 17847
14023 17902
1609 25254
17194 20617
4581 11914
20081 23619
2750 27634
6158 22696
2094 8392
4309 12271
15814 16340
3564 12459
12392 18346
12033 17140
4552 27939
3674 8746
3820 13422
16276 25732
788 18050
22225 22446
4468 20138
8896 24540
676 10639
18094 25143
14886 17803
7478 25306
8011 19648
341 23455
5055 8488
7850 22328
588 28166
19611 23369
10388 20967
1978 18449
1178 12612
8459 12049
10009 25266
16581 17302
7595 17624
22017 27557
22787 25855
20258 27117
6298 24687
7203 13789
5943 23015
6309 20224
2518 22847
10846 12492
11907 25238
19935 26161
6601 21067
2617 21267
1417 6517
7418 11698
4951 17768
9469 23642
22923 25160
1865 3121
4236 25922
1582 22048
16467 27696
18991 20777
1833 25749
5047 10952
13111 14308
20167 22011
16993 24120
17733 25067
15111 24551
13336 20158
3399 4340
5189 24669
14456 25295
7043 25793
5041 22230
16955 22664
6505 14322
2299 7182
5175 5832
3882 15438
185 6182
13049 15676
7973 26596
18704 21166
3091 14690
12690 23111
7304 7972
5155 26640
6914 14964
22635 27890
2408 24427
3740 15493
15687 26273
10701 26549
15597 17310
13332 14650
2526 24294
13762 16574
1332 18026
1607 22775
8368 15037
9065 23372
13588 19216
19480 25107
5593 9614
580 8990
2748 21915
1648 9225
7075 10512
4729 14901
4535 23553
13018 16320
12794 16323
4136 13705
5850 10375
9034 24127
4715 11014
253 19018
14026 15082
1882 15840
652 16984
7373 9175
9418 18466
224 726
3265 13756
18107 21998
12689 13051
3385 14684
2682 15529
6861 21668
11688 13874
4520 18412
4580 14080
10467 23296
387 25459
22356 26008
2369 4623
1761 20355
21491 23534
14456 25566
16670 25338
5691 27458
7229 12480
1306 3162
6312 25629
8881 24311
7101 26330
1948 12604
2990 10871
1338 14629
12818 27350
3841 23195
18594 19249
4220 11938
12111 17338
9535 17634
17832 19637
21972 27931
16736 19661
1642 15452
2984 28060
4651 17930
3239 17986
1180 27851
3569 9051
15017 15089
1370 17205
21565 21732
15575 27130
8348 13193
6179 16334
16478 21857
21883 26758
2381 13253
8818 23762
569 18361
1985 19068
14778 21377
7647 10350
11818 15929
396 5756
11973 19540
1180 6994
1050 8518
92 5359
8685 14358
1140 13987
10242 27742
18583 25161
8504 12264
6005 7659
2748 24312
1075 20771
20876 24444
9631 17773
17735 18591
545 9047
2581 3420
14817 23534
9247 22067
15450 16547
9190 19536
1318 17198
19863 24208
7420 17473
384 3446
1826 20969
4339 19601
18041 24455
2521 9252
5511 11439
7950 15561
4282 20633
7564 11681
8011 9683
8796 11590
23441 26256
13680 17803
426 25555
8757 21483
1478 8159
1621 17507
20109 23708
9594 11788
17819 20953
7173 11911
13091 27087
1239 2657
5336 10462
5767 8801
9217 9907
6970 25986
2096 2162
9590 17640
16333 27221
17536 23915
16767 18649
7950 12205
595 20535
745 10638
21131 21662
11893 12179
21649 27042
7354 7632
4216 9953
10801 16162
10638 26690
21438 23932
3444 3581
2213 4573
9012 21006
13540 20470
1234 11908
515 2189
9563 24221
117 4222
2455 14612
5992 10428
4606 22785
251 17782
3239 15669
17630 21353
10298 27382
11023 16701
400 3269
11385 14996
24400 28185
10588 20020
235 24509
17936 18023
948 10393
16437 23433
9260 23265
4306 22902
7511 25039
26956 27087
3141 27867
2652 13831
2006 12834
6451 18263
12168 13465
4037 23414
1297 18414
3366 16289
212 7484
2829 21968
3437 5169
7559 9951
5284 12444
2803 28074
11423 23479
25830 27364
835 21201
12631 21857
267 13659
25381 28051
609 19004
9767 23619
7254 28214
1075 9847
10963 28121
14342 16679
8730 18498
7025 20552
2926 21813
787 2213
17890 22885
17310 18400
14815 19133
14342 22985
15429 27746
22242 23216
18850 27051
3185 17486
15418 21853
10390 11096
14445 17963
1117 27013
7432 25735
8483 25039
2345 20313
7950 14971
90 10275
11023 16001
6562 8370
9869 25937
26168 27805
1281 1958
20737 25683
17099 21835
19273 21513
9710 20516
15911 22957
3979 11809
18751 23964
313 23193
6924 22209
17734 22783
9078 14567
1386 20234
17020 18463
14672 16965
1352 9690
9973 25646
3019 13555
27288 27598
19086 20171
7051 12142
2046 15858
1162 23214
8818 9699
11241 27242
6584 21228
24268 25494
17902 24122
7005 15418
4907 24299
8494 11555
4249 19164
9113 27117
2895 24955
11803 21358
6848 6977
6134 13665
7057 25727
15686 24061
2679 20979
10953 23811
18911 20291
745 1030
12957 26126
14829 16230
5418 8753
5764 24746
15942 17479
20092 25847
12554 25945
4552 26973
7610 25367
25269 25452
17733 20183
7482 16999
1150 3546
8937 9704
728 17700
22012 25356
9806 25793
13514 18089
1273 13105
7985 22605
3904 6618
5021 5540
1893 11471
23379 25215
8959 14819
1432 2015
4216 23405
401 9495
14650 20037
2191 19031
6232 28209
499 6195
13076 14340
10209 19576
6166 19687
13620 27495
1482 2880
1878 13878
3609 10723
21324 25630
8855 14177
8589 16608
10741 17941
4539 6931
11459 16294
3024 14711
846 21489
7915 16619
7497 18959
2077 26688
8483 26943
18379 26998
1373 5305
14448 19086
11634 23459
17355 24246
2003 7071
6514 16425
1716 22770
1859 14697
7139 8718
12424 16772
5549 18823
2605 20108
11666 11944
5786 18185
10714 21725
1285 25945
3024 4782
21106 23465
7754 12953
15964 17887
3231 7423
8352 21950
3242 13421
10128 14633
11049 25340
7368 17661
7821 21577
11295 24855
17757 18370
1688 23655
7950 17718
3381 22981
12040 12096
16912 22607
7323 17819
17318 27500
18824 24618
4409 25950
5107 6267
1308 6811
17177 27872
12945 27758
6696 17017
2247 10522
7477 10652
23198 23515
2379 7277
20789 26126
2952 18277
2646 6879
1958 16299
4582 13971
5267 14971
11481 13261
12111 25658
7523 15286
2685 21857
7856 20440
7374 11674
13015 19287
7545 8222
12830 13864
13609 18529
1750 10859
2722 18474
877 902
6277 11185
16724 19335
9396 27339
3907 11396
4371 13578
423 10260
4514 21033
2447 26053
4778 8964
2882 26929
17739 26978
23005 24681
3592 7913
722 19068
19068 24589
16092 19260
9788 17587
12495 14035
4467 15173
11028 27913
11975 13984
1519 27042
15301 27835
12452 14997
683 25331
3380 20661
9259 15561
10849 23453
8418 25729
9407 24411
8035 19558
14932 20540
1900 8385
7205 15376
4218 16702
13447 16948
5943 8801
9708 19596
4209 25760
9084 9670
24978 26387
6584 23593
7550 27792
13598 20205
5448 22001
1551 7415
6533 10612
5247 12647
10774 19061
21637 24145
14378 16850
4369 22606
2247 12139
8271 24904
1769 19259
4391 12271
340 24069
799 11729
10007 27787
20579 23921
10629 20172
12997 25162
14564 26086
12556 27569
1058 10794
21712 22319
19319 23761
9847 20406
13566 15085
4607 6260
13036 20855
19234 27047
3863 26041
3545 7099
19277 24412
6911 22877
19598 20505
7898 16083
8349 14578
13853 26094
2721 21942
1657 16437
1925 2661
3333 3587
5707 18625
6246 23390
14258 17951
11327 20299
7084 10937
20219 25358
6172 9761
1770 18334
13059 18095
6865 9420
14368 23414
3296 14661
11416 12826
2236 4874
1049 11637
17098 24879
10019 12301
972 20350
1597 27178
867 18524
7176 24127
3805 25949
14504 21438
4498 14228
18837 27585
337 13935
15367 15829
3545 22755
1213 19766
13286 13428
8036 22205
7982 26173
3734 19276
458 4480
12228 13093
16798 24750
13418 20505
1056 18521
2438 14694
10451 13690
550 10921
4626 4749
1240 13221
16192 20859
867 20115
16972 19354
7944 8128
17630 21712
14723 22425
5458 15216
3859 13989
345 356
19819 20789
6348 23557
6555 17727
18136 18824
5223 16908
2583 4597
3023 15456
2786 10644
5162 5579
3692 12877
1163 16761
14027 15592
1754 10230
24607 27794
16180 22352
21702 22925
24715 28203
3728 17175
8588 10407
1381 13831
11987 20137
21188 25856
23 10070
4223 12901
6198 9187
1606 18919
7975 21938
3683 4449
12244 25732
17314 23672
2526 9264
8479 9483
1187 8455
2939 27560
7360 13425
13289 28039
822 17787
7236 23518
20446 28235
6230 16644
5768 7881
4997 20550
15837 20391
2746 24467
15346 18990
8268 13430
20222 21638
5551 24861
18650 27847
14393 17040
8437 26503
1574 4636
5372 19576
420 19068
7987 13840
14194 16766
17238 21801
19039 24908
16771 21993
16439 19950
21438 24677
4321 17568
1374 3064
1210 4724
140 20956
6363 9834
13422 25228
351 24885
23619 26131
6590 12481
4445 8001
14100 16961
10680 23647
16267 24690
13124 17997
17863 22111
4196 10015
10818 14895
23415 25415
18662 20463
15043 21984
24888 28074
4532 7557
2283 2686
1015 24610
3030 19906
5398 6560
2493 7400
10340 14555
18591 25601
19181 27087
6160 17519
8095 28061
8730 28044
6220 17181
15642 17747
20633 25349
12989 14358
18911 24804
15794 18730
14604 27579
991 3089
22035 23463
6957 25937
9260 21269
17203 23627
10538 12270
22702 26925
24439 24502
1806 13401
13472 20411
11657 23581
7419 13839
9575 17632
21416 22496
11034 27243
2389 16656
1370 13307
5440 12081
14624 25148
182 25152
11078 23315
4202 22287
5371 18985
20134 25214
6431 23272
5068 27751
3406 9543
10961 11627
7627 11020
1216 8024
12520 14727
1243 19657
817 15292
5042 9150
11819 28029
8653 14783
1900 16552
10399 19811
7140 24195
1524 20857
9356 9874
20581 21919
3325 3705
5543 7384
1060 12822
1672 22452
3734 5989
20904 26851
193 6177
2083 6097
1191 3114
7624 26507
12082 14355
4305 13688
1117 15834
5327 7793
8000 8404
9805 18962
3039 21324
2170 3598
1925 17057
1767 3638
8437 12708
2721 5751
6966 27626
14794 28149
14529 20163
17263 17963
6284 27298
16272 27114
5371 20250
9425 22897
898 15245
5915 25414
5521 26535
3741 11526
10935 12228
20328 27365
13649 15952
10961 14995
11601 21237
872 8753
16441 18670
1138 10799
12860 25160
25643 25780
21123 22787
8250 27968
6408 14156
10093 17892
12260 17353
5493 23457
1462 6609
3648 10441
16301 21569
1014 18324
3922 20651
10230 14871
23007 24579
3944 23494
8421 13154
20577 25454
3332 8646
6109 8959
19481 27500
4445 26131
9900 16955
4146 14342
3206 7463
7374 17264
19817 24444
1112 17487
3197 12769
418 1436
15611 23041
8738 18623
1914 17952
21851 23125
5738 8318
21222 27538
2759 14106
20251 24069
7478 17056
4789 7390
19261 21790
7478 18346
11029 18037
12089 19906
7952 14916
5197 24624
17787 18369
2949 9945
7981 13363
904 24061
8596 13081
23269 26958
5978 18408
17203 19445
8081 9215
6562 6960
3194 22882
825 11636
10828 16115
5821 16329
1171 24158
16210 22095
4018 22246
12737 27300
6182 23185
9698 24820
18230 24760
11727 28156
13708 15359
5696 13836
25834 27010
5617 7354
11594 19034
660 3598
6661 18133
13572 22992
2233 14989
10324 11729
19409 23903
8434 13834
2929 25603
1993 13764
21564 22734
2494 27157
11039 22010
23214 27487
10800 25468
1863 23520
10981 18386
20667 22386
12979 15164
2980 13271
3666 10971
8560 8751
15458 16084
17294 23121
2648 10600
7289 14677
5585 24756
10296 19086
1164 22894
11592 16268
1862 8340
2655 26948
2022 11479
14353 24765
20477 23816
9999 19811
2620 27537
15666 23372
420 11072
16901 20205
12145 14129
22425 27117
1370 26277
2798 24108
12730 25158
15015 20321
11254 21341
3565 5709
7732 25833
426 25560
1672 23935
5777 10638
1228 21293
15897 21511
10234 24709
20832 25414
1621 1851
11240 22199
14262 18656
7546 28161
3544 4132
12498 22012
11094 14260
1 20689
8711 25647
8552 26507
17193 20053
3372 4519
11551 13118
12708 27055
1394 20797
184 22404
2399 18435
3005 4646
14182 27702
5506 28239
220 7360
14516 23700
13871 25838
10425 16001
8731 25263
5371 25154
10771 26098
2811 2938
22334 24570
9754 15545
27664 27763
13687 22729
15293 19608
13686 20002
5598 12329
9206 17142
19813 27579
5445 21038
13785 22542
1459 5071
4523 11475
7172 12047
13513 16963
1254 11875
7213 9012
9492 19040
13370 18593
3039 9699
23115 23675
9065 13345
86 5666
2233 25432
1609 4581
11632 24947
27192 28204
8408 20331
13173 23060
10956 20162
6930 17390
15602 28018
8483 23619
7107 8314
2 14276
7536 19664
6848 24677
6265 7749
15147 24509
21792 28048
18891 23705
6519 17404
5997 11534
5659 14667
4640 10755
1182 12287
5991 10935
7350 10952
1920 19140
11857 23301
711 1138
1864 8108
1748 14635
2910 16876
4728 18919
12602 12851
16311 17505
3296 18839
17060 20243
4878 23145
19604 24571
1630 3790
18050 18120
11450 20166
14390 22688
10023 26027
1278 1361
1696 8296
9226 25564
5485 7980
13757 18874
7647 13462
3741 10417
25960 26068
7737 9947
8770 10767
9214 22674
9441 23842
5516 21864
3947 26917
13705 26884
3041 9833
14456 20346
6377 14487
13447 16376
21211 26288
16261 23437
3975 6891
11166 22834
13187 17863
2638 10385
10048 15155
8948 20211
17763 18883
11262 17218
4596 5590
3554 18378
2093 5160
15611 26252
2431 24040
7867 22814
14421 20944
17743 20008
8951 22091
703 24906
2236 20968
16794 26053
568 5256
9993 26329
2888 20715
11529 11968
11411 13564
7609 9366
3997 6147
18676 27061
867 28030
6972 8806
16748 20992
4477 26601
9710 11133
8437 8739
14445 27527
14666 18724
5816 7935
115 14534
6184 8543
22581 26569
1163 10472
9440 11546
26505 27536
13516 22120
10593 23797
15074 20355
6576 14941
5449 5748
1106 7997
1284 20550
20204 27920
17467 27898
515 2157
6501 25657
9059 13240
10975 25315
11059 18284
4604 8397
18366 22203
12512 14168
686 2623
17649 19109
11168 24427
4004 25804
10792 15015
12726 27314
1525 3499
20417 22607
8489 15714
14689 16232
6690 17481
5972 14564
18265 18947
4190 5147
9333 14976
10254 26766
2635 23298
14471 22082
942 10039
13695 17169
8080 22763
10432 14635
8167 22546
705 21407
20408 24467
10287 24900
6158 22688
15870 22032
1361 4993
15155 17486
11417 13043
3308 11080
23273 26896
327 10815
11671 25469
11113 11294
8781 20477
10089 17444
2667 21036
3816 9356
21941 25819
10598 26851
6972 9846
1101 10189
11192 26737
5943 13864
15565 22702
19394 26364
3726 10971
11688 21089
4592 8910
7719 22031
9408 9560
8502 14974
2182 20715
296 8184
13784 20719
3409 9522
2096 11134
9337 13221
9012 9271
920 17842
23598 27514
22996 27932
6879 13513
6765 11963
1833 26071
7035 8982
4178 23942
2285 8833
6705 24616
1622 22946
1056 6972
1875 20157
16071 22688
9422 21374
17258 23297
498 4806
18469 20406
4157 24502
1286 4682
8364 28166
2320 5086
22080 26973
3141 15910
14746 19576
12596 20714
21060 25116
11641 22705
5751 11076
62 867
15264 25751
18643 21824
15252 17433
2818 5041
2547 11877
11562 21387
618 20302
2425 18602
909 6453
17733 27942
6883 14044
18050 19848
6180 27221
514 18945
27675 28266
10399 18971
12405 12800
7063 26098
18187 24069
10917 16756
108 21460
1813 23665
2233 15687
24220 25095
6832 26923
86 11134
12664 23844
11042 12111
22253 26116
6487 8835
13051 23597
8565 22660
1023 12228
11107 16614
406 20258
3728 11562
1631 17472
20480 24069
21616 28061
14416 19627
17284 25249
7898 12927
1177 10325
11670 16317
237 711
12579 16856
1724 5222
13755 19247
7183 26709
19086 24795
25616 26373
18189 18601
21594 24836
686 25054
2233 11804
7930 18761
1630 19437
4216 5260
396 14266
5353 21077
3399 10990
759 15391
1153 22952
7411 8372
8926 27882
8454 14520
1925 16690
3638 25272
4152 14464
17513 18620
14677 18627
13202 16634
6986 11529
1432 25568
5580 17177
3265 9631
2452 7543
8797 13888
14046 19960
8924 11789
9272 10720
3399 11196
7031 7412
3361 8868
9004 19706
8376 24606
7836 25908
4717 18133
3968 5663
5436 10059
3904 8251
1801 12948
2852 6578
1755 8511
20991 23880
2279 25139
4267 13831
11651 24746
484 11692
2368 20053
9835 21228
2638 8966
24904 26204
7720 19952
4370 9166
11687 15221
17563 25886
10189 27514
2809 27121
2538 19546
898 8156
2329 4954
13881 20501
1727 23310
10121 20166
20036 23838
416 27129
2970 3193
21094 25081
13827 15670
8630 10876
18167 26695
12067 25586
2388 7907
6713 9847
5 25982
14483 24041
14001 26659
12519 19053
6127 21053
3700 27807
2245 14140
14705 22557
9843 15641
10549 25519
2373 17181
19001 23075
3238 23557
10036 19368
1173 10653
12560 18799
1285 9119
6549 26743
3765 28166
9258 12069
3944 15267
23769 25623
18250 18291
1878 6870
16184 24503
5062 16404
6854 11059
12348 24232
2767 20333
11627 20853
2648 23369
23919 26419
8754 10415
881 2259
13906 17284
111 7091
4732 26418
19972 23955
3511 10088
7439 8478
16474 23146
10767 15344
24640 25986
10461 22448
1858 23315
16201 22017
11753 12470
3823 8260
2030 19081
6209 14667
5177 23272
11484 25936
3660 25976
6620 8997
15300 21497
1 24213
8937 15904
16932 24772
3364 13084
3053 22634
6639 16791
14104 22857
11608 21809
9590 10935
4295 5561
13208 17165
3995 23182
5161 25295
18053 21919
15430 21440
10279 21452
2499 10723
11240 13945
1015 5716
4043 6830
12107 15952
15695 24415
4231 25623
3727 24333
15695 18010
865 18815
2638 23178
7846 16534
10009 17850
13564 22688
3927 10904
16368 26457
5294 23292
4675 9219
678 16131
7576 18463
10428 19372
23733 27652
11964 20047
7888 14604
621 8565
4784 16742
13851 16596
4300 15220
11180 23754
18314 18455
10923 23168
1974 15287
11007 14971
11080 20759
3730 11107
12219 16191
13347 20170
15478 18254
5989 18411
3638 14264
2518 26743
9953 22400
13832 26347
6422 14707
3542 18697
5087 7758
12910 19811
25272 26620
3742 9507
14661 24918
15705 19704
5618 22425
1980 7758
8855 23162
7076 26131
5522 25893
6440 7842
14686 23237
4061 24005
914 18436
867 16038
5033 25808
8788 26627
9253 20824
13428 14342
902 14438
25699 25976
6942 18202
828 20841
3681 9691
14546 26189
14792 17350
23781 25032
11143 17319
24214 26053
20070 22966
7490 27665
9574 13150
9607 23182
4623 25626
106 9404
13663 24062
13382 22323
1848 27548
11674 19375
4626 25607
3090 11851
14264 15739
4700 10126
3491 11738
22425 28211
20876 21904
1181 26671
12660 27016
12105 22024
10569 23272
8638 28166
9907 19021
5930 22902
11450 21146
1138 22140
9402 14408
3191 26457
5217 15066
1959 16955
1884 25810
25743 27193
3885 20302
24335 26169
17657 24104
7068 11171
22449 22476
673 10981
7323 23361
21996 26580
332 24557
528 15087
1043 15862
16365 25323
11119 16210
9915 12444
11589 23578
14937 15072
1349 3084
18717 23730
17737 27563
11521 18958
1299 3828
12537 22835
1343 6239
3788 8929
5494 19732
14445 20008
4723 10757
9239 11409
8274 20340
12092 12109
11047 11657
7201 11295
13187 26153
1088 3152
10900 22158
2646 22082
2432 9981
9239 17457
6106 6549
20378 23605
16679 25219
18280 19134
10894 21746
1034 22501
771 18449
6196 22961
7469 28120
16488 19018
4218 5770
5876 26896
9640 14772
11917 24101
8852 17613
20366 23392
10015 20162
8592 15251
9335 11552
7523 23143
155 16388
7412 21304
4152 18696
13054 22827
1496 11445
8891 18876
1579 19154
3065 16143
4504 23754
16986 20953
8155 22925
15031 23273
16170 21152
1074 24862
9228 20744
16590 22011
24403 24835
6972 10023
13970 23886
6659 19184
7635 12369
18070 22572
5217 13452
12244 27867
20162 24160
4009 18400
5804 22581
8637 17196
9404 24754
20342 26795
16953 21955
3320 25274
17601 21944
15094 19367
3364 16663
15997 16291
1135 21853
4986 14173
1767 5525
12836 18930
1 11329
7913 8841
4343 14728
8039 12120
23898 26538
11026 11262
2999 9663
11953 21766
5893 6972
3708 16144
4256 10015
20775 25329
7846 7959
5618 23573
4826 13583
9654 11268
11364 18931
22894 25110
8636 14327
577 22965
8151 26476
8384 16116
9219 23633
19819 20849
8437 15272
5832 24243
12128 24976
522 8216
925 20711
3229 5574
2447 3233
11818 25704
10279 12828
12565 16136
8092 22581
3727 18397
8057 14807
7950 27604
13705 24921
3695 24156
7910 16001
1795 17823
18751 25740
6763 6820
9607 20904
6257 18704
1125 3674
13810 17634
11614 19188
9994 10879
9129 15212
14555 19013
9971 17832
10330 16223
2151 17586
18131 18294
8055 13879
1904 5019
1056 5031
9954 15255
8767 19856
16704 22124
5130 17437
1360 8611
7935 27025
3734 24057
1693 12271
20329 26053
13688 22101
13697 24947
129 16434
4898 22894
8527 15766
1757 12887
7814 13247
2886 23695
2093 5403
178 25112
19006 21688
828 22734
3665 22040
17677 24617
6518 7835
1 23558
2232 27091
10280 13677
9963 23719
1229 17166
3238 14181
14158 15749
9234 27100
24864 25168
11614 19358
8566 10833
13438 25664
9800 17295
7663 20059
15094 27222
9215 17630
18257 26483
5284 27205
21671 25609
4106 9043
7074 16940
257 13878
11486 15713
4598 5628
9446 12346
24845 25105
11167 14314
12792 17762
6456 19976
13564 17407
7722 23871
20573 21026
16453 23218
2387 22322
7878 18757
13508 24131
3127 24628
13500 16240
8478 25068
13856 20621
2667 6299
5613 17536
867 14596
5123 23365
324 4067
4548 27821
23254 26312
18843 27322
5332 24419
8172 26148
5430 27058
14941 25286
10116 15426
2635 17963
128 25165
17963 21897
1047 10115
7358 27817
16607 24280
3598 15736
4442 6533
7320 26372
11742 24053
13789 26001
9465 10900
3204 19476
4737 9569
9794 26114
9714 18793
5008 18947
10234 21678
5757 22581
7610 18305
5712 24265
2764 13343
1197 23139
5738 17102
5780 19600
3856 23015
4853 11082
9268 16564
13718 20123
1210 25283
16619 17372
10184 17229
6351 21990
11147 22511
3169 8785
8459 21952
5310 24053
7982 9226
11218 19525
1117 9055
13338 16314
6045 28162
2172 20565
1782 28044
8035 27300
505 24205
10409 12955
7033 16703
2396 2604
3609 4626
16216 19616
16900 17397
6239 15543
2321 22514
8841 22925
1657 10210
8083 17813
1777 25137
8781 10620
2170 24643
6707 17108
18938 21883
8361 14609
5297 8925
1626 24299
3922 8967
25162 28175
16299 19434
7332 12024
3059 7314
4450 16545
20775 25494
26106 28240
1340 23816
10954 11701
14993 25409
6182 25727
3406 11760
19356 19947
14618 18529
10303 20633
10094 20278
14044 25371
1060 20583
8352 17407
10464 10839
4237 14228
19223 21646
8223 26495
6008 6703
10947 23459
7199 25336
13343 25593
9650 15281
424 7423
9314 27566
5510 15085
25309 26670
523 16823
17441 18781
8869 13978
473 10146
9707 15493
23701 24273
12649 22238
546 6026
6074 17760
6803 24829
12897 14033
5441 6122
21929 23907
22865 28207
9631 25855
13114 18625
4237 11696
3484 6760
1397 13515
8833 15322
27417 27573
4784 14769
1604 24122
9925 13602
22214 23738
2988 9746
2748 16006
7079 17166
21355 23892
16192 26902
5267 8143
11218 20627
11535 21139
6730 18606
9394 22603
3101 23746
3762 14407
16349 23119
3758 17801
2769 20482
1836 12124
18471 26083
22233 27090
6692 24904
6292 18272
3041 6217
13272 23963
10972 12261
14610 17741
11465 17173
17017 25801
20550 23656
2545 13857
24651 28102
5702 17003
11273 20406
4209 6914
12361 21898
4065 16589
13219 15791
3753 12754
14650 16806
8265 11987
603 1696
12959 23619
9837 13316
11092 22699
187 14411
11011 21889
6635 23381
8788 22236
10900 14240
295 16503
22667 24904
1113 13305
470 8300
22399 24077
6956 17123
15597 27300
9111 11098
425 25137
4760 28055
5906 14803
8607 20479
12565 15108
17938 24503
14481 17281
11491 19080
626 11392
19791 19894
14228 23066
3296 24645
17823 21149
16582 21104
406 16671
6298 9335
1843 4109
10837 11490
10281 14886
3943 14794
3872 27841
2376 22041
5062 22240
18414 21831
2904 13057
4942 7251
2754 23194
9553 15543
8090 17070
10924 27665
9326 20992
10086 26643
8223 17937
6972 17965
7757 12363
3735 12832
5651 8520
10652 24904
514 1171
9793 27057
15970 26209
14474 23422
21741 25438
13285 14291
10842 24211
10248 24745
1008 5918
14528 14850
12660 23372
3573 8002
15046 22286
2180 24936
477 27721
10950 13819
18015 22650
11857 21758
16223 26991
7050 10581
4268 17276
4741 14922
1993 21839
16083 19972
13425 25490
3588 5123
6203 7582
10428 22634
4766 24683
12342 25525
7534 10612
5456 21544
1015 10393
12542 26017
7188 16218
344 23643
8122 21584
4216 12159
12210 22042
6001 6010
8652 11409
8572 13721
15825 17015
3210 9105
16189 28148
1677 16829
14969 17241
21887 24687
17092 24112
14645 18385
6589 16852
8899 13495
19566 20258
7210 20001
12576 18823
9356 15684
4719 11798
11396 20672
11439 23609
15166 22276
6331 7350
4924 18573
15048 18231
4405 25280
2782 7597
8523 21835
8202 20336
3699 15488
5374 14813
3598 7273
15836 24576
10263 24244
18556 24013
17880 23608
5916 17028
13584 26913
5327 23254
12985 20916
16457 22360
1640 3953
19856 22933
9560 10493
8708 12523
1672 24367
9772 14835
19341 25306
1071 17543
4332 18619
763 1541
8334 25930
9357 24417
5461 22140
19580 22897
8770 27584
1644 14011
6221 26439
7797 11535
19019 24224
2213 7374
6745 16434
5161 27868
12259 16910
7368 9313
2131 11622
14611 17194
12229 16599
9250 10023
4630 9053
8332 9583
11937 19723
22421 25175
19374 23866
451 2191
8483 11571
6393 11948
5587 22464
7877 23180
14873 23995
5209 9510
2133 10688
9563 23277
1142 3901
2596 25629
10282 16276
18219 23922
4851 24848
4737 11846
1106 25732
9361 12792
14854 26320
12051 19767
4035 15442
6896 11080
2592 17239
11011 19064
10102 19441
8319 21037
390 21349
13285 15956
11216 27075
8850 10480
7835 22322
25351 26834
3087 23829
9320 20909
15635 21402
883 21114
8414 24589
8086 17473
4930 24485
1027 3947
10845 25451
7587 14169
20541 25046
13123 17416
2248 16656
1657 18950
1975 16677
11052 11573
10274 17869
8144 13480
5520 9059
10565 25533
3669 20832
1096 25480
867 20990
14384 21886
12900 25524
4094 27828
10714 25377
2150 9153
11244 20532
4285 6004
19271 22482
7249 9497
4807 15696
11166 20605
10913 11953
7196 19576
11193 14534
7971 9696
7031 8157
2936 15297
20162 22415
4725 13192
3009 5215
3873 12399
7741 26324
7477 15920
972 25841
3126 17544
4708 24589
22203 22493
2491 18938
1197 24729
9086 22379
14215 21173
3014 10177
12539 24553
18427 22334
9888 22793
1550 20046
12899 21822
3101 20480
8438 14666
2336 5989
3527 23719
17372 20225
8310 27756
25036 26619
7753 12564
14427 23605
1423 21438
3638 13472
638 12228
7820 20355
2350 24904
23882 23933
3679 7982
7159 18043
19140 26364
7413 7885
4626 16246
245 10826
16731 23816
2093 7015
17938 19247
24 23719
5004 22160
9654 27867
15179 25887
17585 20096
19372 24998
595 13328
19548 21372
604 10329
813 17253
17517 18051
8390 12632
2164 9717
6198 19195
7744 24392
18471 20906
353 17020
11481 14461
2466 25302
9951 18658
7830 15531
12089 26089
7169 23502
2690 4700
5826 22443
2346 19733
9518 19819
9430 22072
22847 24120
17609 21671
16791 22232
5397 9464
17115 24255
19335 25158
8070 14876
20728 20842
17030 18953
24069 24329
14611 15819
3265 10142
18755 28062
1349 7429
15268 21312
2200 26571
2343 22445
10622 14588
19712 23932
13772 14676
20778 22002
18367 18748
13468 26169
26120 27011
1239 24681
13373 26374
9698 17646
13181 21855
23219 25529
7807 24557
20172 23970
1027 21163
11763 28006
3423 15373
925 3019
5579 24676
292 10264
10953 11271
21263 26832
1499 2583
523 6954
14959 19140
10203 23783
11465 12324
6390 9682
11798 17426
3352 13557
12579 26731
874 18643
4518 8544
2152 9616
17173 25490
10676 22983
24979 25116
18361 19082
3666 9594
9997 19584
19566 22326
1008 11369
1014 28008
3446 12214
3980 21853
16806 19669
369 27788
25043 27600
3709 5679
26612 26990
10794 18276
14380 20162
896 18690
11141 20517
9250 21237
569 20127
2991 23275
2282 10998
2107 21667
1451 15790
17037 21080
18529 23061
3113 24104
7869 12724
17562 21077
10330 11913
16600 20544
12726 27633
15494 18273
12737 18760
6078 26643
24653 27923
21054 26055
6079 24645
5079 12941
772 8824
8278 22449
23984 26816
3128 3828
5960 22114
24886 27569
8436 8959
5689 18533
3475 10200
13422 24843
19115 26753
7956 16489
12614 19081
6418 21687
22235 24705
1920 25879
2170 9803
12388 19655
4366 25729
7566 13520
19484 22042
10837 16814
9851 11193
6244 21754
9152 10659
15619 24753
14386 25120
8638 12139
9222 16262
10018 22430
16588 18337
4791 16855
11960 27360
828 11880
6931 23269
54 14976
13973 17037
2727 10269
1422 19189
4352 7581
13509 25304
611 18656
10844 11552
1103 6876
3944 7839
4737 11281
11432 22593
14170 23783
15742 21791
10286 27687
18591 27296
1695 14513
21861 24040
6334 20869
8132 27612
14344 17281
8209 19710
4131 16686
6317 26659
1851 2546
12837 27675
6489 23165
1494 20182
15955 20855
14707 17114
19123 22042
2764 8570
3463 24856
16187 20797
10654 14010
5497 6462
14650 21846
2574 16467
18308 24061
2456 24728
9185 14901
9701 16777
1102 10326
755 25084
20715 21000
7944 25848
3253 15209
18764 19506
13338 24665
7469 19041
13515 14474
18218 22454
6215 7166
21577 24500
19500 23997
13878 14033
298 9864
6165 23914
3069 9239
7195 14824
5832 17282
16959 25334
2369 28115
3577 5199
2093 24968
22723 27451
1795 11811
9708 16737
5204 11295
2601 16733
8956 16340
4199 4758
20417 25366
10603 26408
9024 18202
8122 13422
1239 4476
8248 17280
20768 21671
660 15665
7296 17800
139 13738
258 6649
6493 9702
19791 24338
6923 21674
16328 20656
1184 25534
8722 11059
5487 15530
6523 14989
16910 27044
12088 16656
1697 8113
6116 24061
1884 23225
5984 17657
5587 24422
13474 20470
9420 19794
4414 6489
344 11009
3186 27058
280 7820
22278 24138
9670 24353
4528 18909
14541 23365
624 19061
203 12703
994 21207
3821 4107
261 1526
485 13292
11080 15996
10270 18824
11963 27802
7456 12954
7812 7929
6348 19739
17953 21092
7136 24769
2483 18120
21193 24326
2988 15839
4624 7935
13459 14475
2547 22817
7205 20162
17637 18015
20092 25444
7644 21727
2161 11879
19856 24120
11856 21946
22870 28157
19819 20876
2759 20417
11667 19977
1715 13328
26299 27324
10174 18739
13875 27656
7903 20633
2288 22892
14339 22889
8022 24238
18934 19996
7934 15285
5989 27078
14315 16659
22141 23410
12170 17551
12341 15245
19502 26429
2840 26565
351 16949
2624 7975
15225 25482
3910 6769
23857 25699
2040 21707
7256 10019
1429 26469
12979 17757
3432 13262
9182 10832
5988 11552
13220 24577
9377 13534
3121 16027
2993 7075
8410 26411
8151 8923
8414 26078
369 641
5004 9124
11066 14886
11580 16678
13220 19615
9757 18843
3685 6674
18787 22448
5978 24867
8655 18865
3909 25025
6239 17743
10646 26018
10008 26476
19216 22503
7394 17739
8132 14423
1309 23262
10358 14407
3952 16566
12066 24122
86 4849
6099 24419
15146 18956
5210 18553
2571 11192
4532 7290
12939 15612
8736 8981
13643 22903
11998 18496
7031 22190
16953 19982
14977 19445
3745 21987
17341 26094
7702 22946
7945 10134
11082 20066
12324 18572
3364 20371
16287 27333
1830 21415
9084 15517
867 13878
18333 18641
10216 14665
3944 14771
8122 13054
688 16007
2526 19275
16589 18019
22046 23298
6683 9396
3921 20163
614 8141
1884 5760
15660 23812
17963 24138
9019 11913
8080 24324
19089 20649
12769 14644
1505 11478
7468 16276
12437 27751
23267 27156
24246 26409
5667 17222
4934 22474
8400 18253
10391 23208
4395 22581
2362 17319
8133 15220
6865 20846
11534 27277
6239 9847
6248 8688
65 10830
24069 25274
23953 25791
2533 22947
8357 9488
229 7538
9730 11587
10945 12533
10828 25788
16510 28070
2039 11329
17493 23143
5545 10026
9739 25412
2667 27867
4806 12155
2520 20875
13309 19323
1605 26907
717 16590
2550 16262
2815 11232
12399 23345
11858 22300
6177 18018
6130 16846
6317 12094
5071 21498
20417 25059
7307 12346
10326 27882
1331 7411
3515 18457
7487 26598
18659 20975
9051 23473
11804 15108
3900 6170
4440 21025
5394 13770
20573 26173
1050 12329
24251 27751
11171 22814
20762 24686
10389 19865
17422 24069
5943 20586
27913 28035
16425 17035
7466 23133
6688 17017
5665 18011
1350 12180
5020 27905
3828 15523
7440 10811
4858 8471
9061 26285
6832 13282
12264 23757
3864 12214
4493 12164
5243 16113
5096 15520
23670 27158
18844 22581
7390 22042
4340 4984
4276 19407
5454 22707
23544 25638
10342 24872
5771 21671
5820 23797
1695 20577
17265 17734
17095 19716
1900 3169
573 17837
9584 24575
683 17049
688 12118
11193 18046
8689 20900
7982 26764
1686 27655
7744 15973
8536 18366
23916 27300
7577 14941
21741 23983
18963 19339
1540 16243
6282 8176
9858 23799
20258 24069
4081 27273
2303 14244
15547 26027
18627 25653
3666 10651
15660 26335
173 9258
10805 22040
9614 14205
8955 25011
3445 16457
3906 11625
9954 20956
9193 14712
3329 10827
3873 5021
13952 24539
437 18672
16857 27261
14677 17080
7822 21179
2162 27093
3156 5205
5437 25492
581 9426
8679 10826
6410 12571
4997 25366
14109 17610
20448 23761
10494 13597
4198 12361
6591 9682
327 21244
17757 21849
2874 7328
1974 7760
19804 27495
1951 7403
10195 24955
4360 13686
17504 22783
812 15659
17278 17628
10193 19947
3326 13776
9631 13155
1138 7325
12635 17013
4149 15446
9479 16442
2577 3648
8802 11465
2368 17549
3634 9684
16154 16520
6007 28055
16258 17245
6825 6832
8835 18131
23914 24782
4442 21094
10950 21455
4626 27382
10215 27557
1158 15236
10146 18891
9078 17562
14944 19371
8478 25273
9089 14402
19160 26988
1023 1970
17500 24973
7987 11575
14555 14841
5096 23540
15346 18436
9683 23993
14824 25866
22734 24104
3424 27621
23980 27745
20655 26865
20775 22981
1852 19171
13480 21516
194 3970
4209 6656
2701 20849
1579 17016
4411 14437
421 14557
2229 15660
8012 16671
2487 3814
1275 21963
11416 17272
4967 10830
22511 24689
4573 23970
1795 15286
22690 26262
19095 21754
2823 18029
3728 16728
17273 27841
2518 9061
799 16291
4093 11348
13926 18522
1929 11599
13228 18175
12262 24965
8134 12834
68 6500
19370 21438
720 8104
9821 18315
11495 16725
3192 17782
17696 22457
6791 23832
14827 25226
813 9527
3797 21215
23298 27205
2413 21654
17562 17838
3154 10391
9575 12773
86 3570
11817 15659
5778 14136
11049 15899
7171 12852
22607 25790
16928 19789
6269 12606
7185 17578
2828 9589
12703 21700
22104 25309
6261 22720
1091 16941
10442 14839
17070 28147
18354 24835
8996 23825
3554 16641
10008 27560
11366 19200
5117 15808
13241 20891
13101 14304
2496 19500
13535 27265
22187 25337
8973 22048
14668 17214
7772 25981
8944 23365
11948 25257
11878 27710
760 7643
1223 19134
14720 14867
21436 27006
6772 12654
7740 10201
23963 26334
9751 25875
7878 16850
6881 24904
139 14479
914 9963
5618 14541
7543 13798
448 19356
5321 26497
11679 11688
9600 22418
7147 21156
12724 14352
18255 26721
1541 22149
12708 13180
8526 24665
15360 24954
10807 22163
1417 11368
11755 19480
2438 9525
1878 4770
406 6055
8343 9104
8338 13831
10757 23168
1686 18001
21857 24061
588 23437
13214 15282
4552 11747
438 1966
23086 24225
5904 10924
16014 19736
3441 22853
12128 23152
19522 24288
6226 13472
8229 12108
711 22897
1474 4221
14633 24576
396 20081
16274 18475
2489 8441
9939 22901
1920 18481
14097 21205
7725 16373
717 3110
939 18260
5493 11113
19203 19484
2720 12024
15532 17696
1630 4205
5818 7866
1256 15334
5417 8750
6032 13913
9368 27698
13412 18114
359 13472
11491 22983
15443 18141
2646 9980
2244 18982
6071 15612
4148 24872
12084 13737
7403 8217
11580 25966
13373 21149
2392 18428
16525 21503
1092 4424
5488 12290
7429 25090
9683 23963
869 25971
11080 27449
1379 4214
24503 25247
5177 7490
3406 24691
10054 24068
6763 9067
23371 26457
15744 25427
1204 23143
13405 17660
11080 15291
3121 27382
10861 16432
4216 8583
4656 28026
2122 14538
2148 10093
745 26267
5953 23219
21375 22303
22390 25445
3006 14240
16701 17129
21115 24826
4307 18136
740 13200
2576 4602
10825 22737
51 7423
13041 28190
3619 8493
1900 17273
7019 19874
7523 17965
1197 13122
6695 19254
808 18465
2270 2518
2253 8515
1469 14999
10606 18136
21127 21484
3488 9251
9747 15401
1104 4253
4827 22651
3111 15184
9253 12689
867 14076
3196 15131
2324 17910
18601 18723
6940 24945
7441 24557
15190 22300
25091 26476
11397 26573
21077 24628
7577 17543
7206 10520
21873 24588
10502 11817
825 1487
21240 27554
3915 7213
13222 18615
3675 17760
11460 21414
3186 26666
731 17611
20562 24343
23265 27810
18428 19184
17710 25490
1169 17850
2093 6965
18053 22860
8730 17151
9905 19536
16823 17779
7021 16849
18384 19481
4987 12549
4597 14412
9465 25986
2250 25426
8454 24099
6372 12988
64 7396
10280 10672
5385 19271
4 24023
13271 24061
8705 17588
5160 7956
14816 18533
4639 9939
3969 21464
8567 16572
8025 10826
10693 11870
2624 3528
3188 22416
825 18452
21692 23822
11279 12581
19670 24082
2215 12006
12119 23213
5882 18117
2516 9894
7846 23608
9523 10971
16028 16467
1136 4373
1336 23210
14731 18034
1028 19432
16998 21939
8140 11394
3873 23763
2342 14530
10635 14024
9238 18000
8158 17905
14696 20661
11909 22581
17612 21166
3142 14563
23422 26476
10920 19482
10748 14974
11565 12226
5710 9989
6013 6577
1374 13910
9136 19576
19267 21266
18833 22598
2476 13688
17973 25095
2341 12765
12537 15140
1557 27121
5658 6182
106 3410
19089 21237
2966 6885
7538 24309
6698 14106
23902 27676
3401 11193
7690 12049
9869 25780
9234 25530
1054 6712
796 11987
9801 25277
15297 21798
16131 23493
4328 13999
13491 26171
3944 24783
14396 20081
4178 11251
17307 19325
12647 27129
625 16956
11965 12234
22985 25981
8893 27401
2462 23461
3244 12282
17098 24851
7368 17412
6296 10489
19817 27292
7879 9591
10351 21716
9922 25705
5344 13625
20879 24208
1068 8469
11348 14771
886 15421
12956 15446
4831 15251
5256 14825
7308 11174
8225 14687
9590 27795
1056 16224
19123 21757
8282 9293
3805 13341
10097 27802
20 11214
3147 18011
5235 7500
14604 26232
11718 26283
3531 21990
13175 19941
2341 3452
5301 10668
14339 16299
16600 19474
8246 28211
233 16781
11223 25448
13135 24507
2193 5287
676 27085
7069 23609
9285 27545
4719 15442
6497 12346
2066 24895
10837 21582
9905 15727
971 9234
92 8746
19020 26752
14920 21123
14467 17503
3587 25577
4302 16521
1705 12392
9547 13078
5495 8083
2233 21798
14895 16846
18861 20952
6218 25436
14194 27076
1748 2605
8479 17846
8314 9218
5987 10361
16770 18736
7794 24543
2635 9553
12257 19853
850 27640
9154 28008
6897 7783
12752 22771
213 11960
7484 14767
18554 23358
1082 28051
17108 24492
8212 24904
12149 15962
5321 7490
10839 10871
1360 3805
18406 26327
6972 25719
3893 22042
3287 3729
10196 23738
24997 26885
7003 21431
12291 18808
9211 18583
3828 18507
19442 23180
2400 19107
3804 20854
949 22092
5724 22020
22897 23342
21436 26648
18434 20813
9367 25735
893 17763
939 5978
2172 24029
719 14464
2539 13574
4218 6009
6198 10760
10170 13238
23480 26851
3243 10961
6190 23742
4437 11417
7312 18421
6333 14176
1711 26102
8973 27433
8220 17373
2005 4930
9003 24848
9937 25266
797 25121
10228 21462
4367 9525
1299 10111
3624 19813
8388 13553
7150 11674
3599 14970
7175 16463
10629 19467
18761 27180
635 24069
25848 27391
15201 17787
19068 22543
7392 12959
4734 21790
12800 23075
11439 16976
15335 20100
24958 26578
13776 15468
12051 25992
911 3411
12391 23829
4732 11283
8733 23193
1748 22020
6491 27792
12570 23275
5416 22446
896 15573
14309 15119
19933 21936
6209 24147
6990 14127
2635 20367
21535 24665
3848 16910
22521 22539
2441 19509
18832 28099
20707 23113
18928 23172
5913 22338
8345 11312
9206 14018
4980 25200
4291 21097
8158 27944
18694 19331
24836 27061
12842 27190
20287 23700
16955 28126
16063 27155
6349 25704
11552 17429
1249 11164
15570 17670
3704 25748
2412 20268
14712 16957
18113 25962
10061 25813
973 6004
1398 7744
7398 20081
16194 23663
5681 15921
670 18886
307 18818
8488 21925
9826 10517
15682 24231
10917 11372
3780 24634
514 21291
1573 10042
7987 25763
5016 8174
7816 9429
5777 12890
2369 26497
5057 16025
4564 11539
13444 23796
9709 23361
12565 15047
18310 22520
20849 21438
14666 15957
3892 14024
3287 18474
3933 24906
1050 26751
9524 12512
16404 23422
5734 16509
9239 22240
17545 18057
2780 23941
5510 5989
8982 22445
2927 15141
11111 24333
2708 15184
1192 6692
7635 25054
24282 25564
13212 23395
1852 3810
8589 15529
1659 21969
7144 22688
12449 15128
9576 19572
19322 19805
2806 14398
8323 20055
4571 14672
9465 10935
3390 15108
23143 25783
5189 7025
15784 18260
1758 12790
18417 18625
7468 9390
23519 25922
1469 18984
7824 20500
5729 11930
890 11925
1902 18050
23237 24029
7878 27712
14544 20189
13605 16967
17418 18792
25425 27259
1920 27617
5743 12041
9640 26469
9592 20575
6956 14070
21381 21436
1274 8434
2027 4365
7861 19267
8325 27804
13672 25453
9829 16700
4218 4319
2708 18046
8664 10488
365 2157
8657 23225
6552 20953
17297 22835
65 782
3823 7031
8680 24716
6015 26061
15547 25633
7205 7375
5984 9905
1978 22892
18189 27790
3133 27150
23034 25397
4194 20525
2888 24412
10824 20054
1900 18820
582 3881
3976 15179
3736 19524
7 21431
4693 10612
16112 16435
6506 27719
1767 19639
10790 17555
1259 18919
1108 17519
15968 22425
4482 19068
2350 21140
8761 25743
6060 8959
3944 12388
9281 10845
13557 20562
21623 24589
13910 26409
11830 26677
6962 9010
6182 14004
2252 15376
8056 25209
6313 18984
1139 12065
396 15286
22206 25254
10767 12016
6767 8190
18910 25727
5358 25699
13166 19008
13906 22761
1635 25220
10119 27279
8872 16487
1713 15229
16425 16748
6807 8081
12565 25901
1688 7348
19957 27190
8441 11844
8098 8781
18619 26003
7453 24405
22857 25343
5204 12686
7118 13297
11526 28079
14104 21203
1507 13683
237 27974
2870 5114
1171 20711
12612 23015
3858 21113
2984 11128
16624 19898
21159 23143
20479 22965
4428 7392
2302 5691
18867 23399
3649 26077
15668 16529
5239 9298
15983 21366
13937 20211
7463 16318
7783 24127
23178 26766
3390 11877
6049 8028
11645 27490
9347 14187
12271 16879
5262 8846
19430 19944
13220 21084
481 19362
7007 7168
652 17869
8779 8864
49 18015
13334 15762
3651 18622
7002 19240
4149 10393
5330 6657
4070 18745
11451 11514
19269 25887
7178 15561
21671 27679
12162 23600
7361 16853
4232 23726
1685 5042
4872 16904
10461 22627
1921 25626
1126 21369
10618 21147
7741 18824
25624 28062
14014 20288
8001 16543
13704 19638
25059 25653
20906 24618
8285 20840
6832 24407
1878 11462
19029 25887
3893 23593
14767 27927
19447 27867
22616 25734
25112 27111
2646 25059
3101 24773
16828 25978
13932 15804
2369 15391
2871 11059
15058 24263
2368 11789
22401 26098
4827 15701
11744 11771
731 26704
899 25857
10848 12068
2063 27514
4152 13459
1492 23529
7568 7623
9426 22096
11364 25737
1670 21353
15804 27121
14853 17122
2518 10286
4142 11948
13168 19424
6914 10729
14703 24241
17961 19249
8014 8422
4827 10323
17727 18211
7459 7789
9320 21166
15442 25368
19861 22625
5247 14038
8478 12551
15236 19081
190 22630
8081 23090
13612 24053
6806 14039
8498 23822
13282 26591
4218 20939
9408 14493
4942 20353
3512 23338
10770 12928
21505 23497
2590 17889
15301 27423
3354 17823
7061 12983
17350 22650
2755 26098
641 3885
17263 27208
12795 18131
5104 9265
8930 25904
436 22998
7283 23348
10308 27744
24195 26812
1027 14402
15312 17836
7232 17757
334 14254
11484 11872
19186 24412
9252 21111
3454 13901
13484 14999
23978 24439
515 17615
14433 20099
4606 4878
19515 27117
10407 11893
16625 26786
473 18736
4993 11424
10279 24904
1964 2058
4634 24164
5839 24175
14748 23978
8085 17495
21493 25414
12969 17900
5252 26178
1238 19448
21015 23202
15713 23133
24937 25091
15985 24006
7375 10205
3239 19800
2379 27298
2598 12722
16632 23809
19356 26193
840 5070
4685 8323
3381 18136
6177 27861
4758 8617
7478 20518
8148 26995
14942 27983
11895 13965
2483 10767
3154 11368
569 26989
11196 11237
7382 18522
406 6760
6808 11197
3789 4073
20685 26027
15377 24127
13211 18412
2938 15693
507 16557
15030 20232
3203 25930
19188 21685
1779 27844
2888 11356
1068 22502
22011 22298
1348 12322
2326 7202
7280 14539
7691 8380
8054 25636
9226 19820
13893 18277
23342 23919
418 16306
7538 26513
4226 4248
5107 9096
4245 10033
6830 22651
3126 14458
7531 11314
893 23494
9487 22768
16446 17456
4918 8086
18920 26151
1163 4098
13847 21201
17966 25580
2325 6734
19816 26512
13887 24397
2031 8982
7953 11965
3938 9051
9002 26735
5691 18136
1978 16905
14398 22060
11366 27500
15662 26367
787 19375
3127 5810
1200 15723
481 4974
7947 24081
6299 10066
16402 19409
16009 27638
11192 23762
12634 26534
6594 21194
2202 13405
11948 13030
11922 22965
11289 27815
8349 16838
495 26311
25327 25754
1613 14309
17251 23428
10892 13654
3712 19598
4507 24040
8795 18502
2396 20582
1732 26573
17644 17999
20703 21240
15736 25451
13167 24049
11444 23944
15301 24062
3147 9416
11336 19409
25 23717
6081 24771
2093 9154
17529 19914
7592 20072
5899 14124
11992 20862
4109 22473
10942 17770
4048 15229
14667 16604
16322 17004
12483 19076
21688 25855
29 18761
2275 17431
4920 14996
11368 11751
7333 27497
6560 10874
17182 27086
7310 13012
6914 14356
10959 24598
7481 21351
15155 27805
14649 26044
10982 26798
20020 23749
25214 25963
16417 20479
19300 23110
3059 6914
9514 17075
15108 27715
5403 11692
3059 6804
18137 19025
6879 19188
25367 25632
16217 20909
8884 17209
3204 17470
1571 14971
8925 11419
19061 19171
45 18082
1948 22471
3852 27664
21942 23369
11735 21045
8963 26735
6296 9228
22090 25833
596 24177
884 14921
13363 17951
9590 13606
5680 18115
5756 27746
3646 26572
17907 21915
14969 27902
1995 8730
4918 25732
9737 27229
7111 14995
1777 9719
10619 15811
9895 14748
23733 24589
948 11188
19287 24921
384 3762
5430 25327
13810 23822
6239 19835
2390 25086
8478 22787
7571 10386
13432 18369
11450 12762
16039 19783
11205 15981
2110 4277
21510 22914
24904 25329
5618 7025
1319 12145
10871 24242
10308 22666
974 16984
15952 17593
6260 6377
22882 24378
3445 23003
7855 11473
3414 10672
10415 11103
18506 25263
1512 17368
2623 19863
2730 26380
812 27923
24123 25929
26880 27837
4656 17443
1505 2899
16545 19206
25294 26620
11866 26644
24637 28156
13984 18823
19536 21456
1545 7589
3719 9008
1216 11950
10175 19490
8950 16468
8958 14549
11792 17535
3845 11283
7982 16679
12287 14694
18036 26048
8921 19549
3598 10935
8251 23881
20861 23825
11961 15146
6898 8410
14120 20053
3019 8847
11533 19738
1860 7839
7349 11727
19481 26334
3870 23997
2635 6072
5406 7550
24355 27129
5921 15549
18255 25860
4455 23143
899 18451
14399 18421
24608 27197
6317 18050
9387 10763
5466 24843
16888 28013
17586 24158
2797 11154
8340 28004
11950 25730
9854 26409
9052 26466
1021 3742
18280 24193
4076 25110
7750 25276
12827 20977
4284 14552
4295 5473
8155 18713
25483 27869
19244 26643
505 14677
4090 22625
6476 26853
19169 25788
7085 11327
620 11382
1432 10230
4329 27678
8910 9238
1989 9701
1144 4159
14731 23417
7648 15169
2967 22319
1058 1137
2512 4672
19192 24470
4565 17701
1068 22110
1842 27042
7444 8035
12800 18210
17833 22956
21671 27267
8756 26737
6377 8157
14691 18618
19139 23015
2413 19089
6513 14857
1114 19013
15990 24510
3039 23310
15511 26676
9398 27352
10178 22364
2313 27957
12069 19223
8491 14734
12729 15729
1140 1468
2233 2708
16963 20053
9590 21857
17097 17938
1315 14033
7021 18787
8059 18040
3634 14696
2624 5618
11207 16351
14096 18369
20754 21360
7154 9569
1425 8322
1593 2486
8841 17819
13272 25658
1116 24023
5691 17836
4507 14777
1526 19731
127 7413
2832 13780
18785 19264
1023 18959
1064 8220
6161 21886
14383 18884
10090 20367
2303 19140
1077 15927
4954 22012
4216 19209
8329 10990
9347 26384
2111 18784
2708 3947
20842 24131
5522 7185
7855 22666
3300 25893
4024 8457
14443 22954
8454 11387
19428 21346
1925 5973
1162 26740
4097 23510
17060 26147
7508 8398
872 14378
9067 20953
2518 12855
3239 16590
3472 23944
14335 26819
24999 26001
19068 24830
2326 7379
5057 25337
15731 18833
9398 17781
490 15365
15017 26291
4323 25868
10301 19046
24415 26053
2648 7847
3797 8533
12979 13682
867 9672
3341 25135
1543 19228
13104 17904
6535 11439
1925 25902
1107 1833
4282 21712
6319 8377
203 28074
13454 15395
17423 23442
5397 26940
12348 28039
5716 9524
3344 14361
3056 28181
4205 26665
16452 17442
13597 27200
7342 18521
1930 16034
327 9944
15429 21110
3617 13118
5289 23696
9108 22670
5454 19843
13609 27247
17750 28150
9941 23390
5354 13892
4422 17421
12715 25226
2061 5344
7583 15377
8730 15437
9923 12881
6011 22882
15648 27045
6794 25598
10886 26680
21126 25397
5150 22664
2698 20470
18931 20757
242 2721
995 9429
3624 4524
867 3457
16694 20503
15069 25747
1952 9638
6633 27821
8478 16288
7199 7835
3415 21248
2891 15077
3666 23553
15983 25260
11395 24457
4690 22399
514 27814
19728 27500
2162 2179
21313 27632
3671 28150
872 24393
12498 14672
7731 11755
705 15996
9959 27190
14999 26661
26335 26832
24122 27821
16404 22240
17076 22905
9653 16539
4701 15033
14129 25683
8536 16689
4552 24032
9973 11786
7746 22956
3987 27758
16463 25684
20909 24681
10047 16781
3270 21130
9232 10206
8705 19990
19898 23453
2239 9420
16322 20532
21823 27421
14591 18588
9327 9891
4824 9847
6497 9524
2526 18503
13595 13962
3954 22799
12615 17236
4833 8869
2619 19065
25128 26943
14636 26391
1292 25829
5414 25504
11513 17349
15291 21164
2336 10205
4111 9198
6135 14852
12711 24939
11976 17963
1511 13804
3472 27614
22061 22907
1621 22255
8826 17788
9416 26503
15976 22321
12023 17321
5609 7796
15162 23858
25560 27676
4175 4391
5949 20066
9835 10639
8891 9943
20812 23533
9225 21933
1550 5133
813 1056
16814 19827
15837 20170
13018 27123
15808 16963
15810 25838
9923 12428
13888 26258
6495 23932
146 3762
13240 22283
21226 21739
17136 23726
6039 18843
7815 16949
6883 14480
14996 20054
11403 24643
16470 17487
7883 27418
3059 15540
22404 23857
1126 21886
3708 10244
8624 10438
5735 25651
7400 10260
10419 11443
6454 17239
17259 25810
8145 15149
11594 22706
7582 7909
3239 24175
704 2105
21291 21409
25754 27681
8394 25589
8977 23855
11059 21848
16401 21687
6065 23872
21111 22787
2985 12025
20397 21990
1349 4453
5659 21002
14660 25988
8957 15355
299 17422
6301 10171
17098 21087
6190 10682
3484 23392
11276 17161
8575 25278
4942 12435
197 27164
3059 4919
13302 19652
18832 23830
13444 23709
18946 22779
12090 24956
1840 24918
8800 25329
2170 12282
5461 8940
16180 21462
18219 20918
367 13486
14053 18154
7065 20583
5708 25602
8447 16428
2077 15251
5708 9616
11416 27013
3406 23482
24122 27569
8814 24485
1368 7671
1213 2082
1181 16727
4405 5275
10242 20876
4006 7880
6633 24122
12762 17954
11035 21757
14479 23356
21084 23278
18034 20007
1397 4348
6753 20392
23062 27481
16457 27870
5082 22082
18090 23489
3121 26261
1843 2542
11627 13383
2130 11076
20841 21115
24411 25250
8410 14879
463 24042
18088 22290
24069 25802
3159 20061
17028 18798
20127 21801
560 12220
5503 13947
16233 17657
16603 22519
11444 23084
5347 26688
5932 10330
4802 27976
9337 9932
760 10120
12786 22630
4347 22012
2419 19004
16924 18630
21412 27404
1366 5053
13017 14863
4708 23893
10618 16263
12338 23722
3547 18287
1134 18015
6288 7172
20956 22546
7083 14666
10924 21028
3566 7969
1727 11368
11866 25875
1271 16764
2386 12479
1769 18286
2764 24451
790 17562
16421 19764
8953 19648
14040 27218
7732 9525
9962 13850
8408 10492
25328 27127
19991 27920
14817 25957
21815 25484
20127 21513
4514 23607
6300 23371
17478 18092
22020 22047
1748 22497
16205 16827
16006 22426
12440 26682
5486 25212
10837 11295
8391 8571
11422 24390
9038 22374
478 15650
4217 12714
8705 18931
5115 15224
2505 25883
12991 27703
5296 21891
1744 22984
8254 25875
6972 16261
7332 12126
86 8810
3994 5733
5691 14402
6554 19216
8609 26907
12861 13027
22118 22390
14610 18098
2708 23372
18628 20242
6705 9350
15031 27853
1992 24834
5630 7635
18966 24706
13759 21646
16799 18255
3383 6127
5641 18746
4142 9226
4689 8471
22043 26332
3358 24357
17194 24514
11970 19201
19372 26927
20783 21298
11551 17847
2410 12866
15467 21527
4440 27497
11916 27775
19358 26955
14975 22988
6107 10360
9062 24952
14430 15762
8872 15661
12472 27821
1816 2602
18080 19420
2769 3559
19817 24823
13810 14974
364 411
18816 19529
18050 21665
7760 19183
8956 27769
10639 17161
12596 20832
17961 27494
1782 2635
974 20031
867 19281
18262 23515
5250 17599
1197 6700
6448 12718
8016 15286
7560 15265
4597 14309
10646 25671
14947 20577
5008 15470
5574 6999
569 24172
4321 10456
186 26901
5071 10940
4029 4600
14489 17319
9320 18704
13491 14947
17341 26160
21853 25409
8134 23104
5743 21113
14515 20757
12621 17687
3825 11254
14207 21925
14190 18998
3863 19008
5387 26901
9326 26549
26073 26192
5876 25445
14728 25858
5930 26489
3279 17115
15751 17637
5290 21771
2170 15736
17112 25966
19440 28014
1015 2435
289 24326
12958 15691
8835 21240
4424 5941
8770 11805
7491 23387
1905 8785
7209 28244
8323 11903
7382 24225
5477 9190
3585 7903
1621 21815
1451 2759
3449 25636
3741 6207
13875 14278
18132 25454
15226 21789
10720 18790
24537 27835
1466 2179
22415 27458
9080 10488
2040 9696
9036 27780
3296 8368
11444 24028
14777 24951
17471 25014
15634 16591
8718 12846
548 26196
21701 27861
8350 17593
17753 24669
16939 20201
10600 22440
9042 22607
576 5023
5041 9305
9345 17832
23316 26081
20988 26815
7566 7783
9071 15361
2894 10583
1579 11193
22637 27127
3993 16749
10042 16036
602 16301
4551 28046
17030 22439
3247 4408
10157 22304
3437 9962
8363 18192
4172 7475
1005 25160
17574 20205
17166 19856
26737 27374
3275 9694
5734 24241
6188 6489
3804 10837
6126 18050
19637 24813
25760 27482
4476 26601
10061 16865
1049 21748
23257 26544
9421 12124
15316 26439
18103 23084
9590 23696
4363 5180
16582 17823
5217 18919
7108 8627
2333 11004
7319 25082
7360 23911
22048 22935
1233 4942
25903 27884
8445 23763
2169 8711
3233 24589
10242 13462
1361 23415
6512 10149
4159 11207
18573 20081
1023 25748
14672 18689
13949 21080
2635 11336
10764 20684
2087 20274
7551 21412
10335 11067
3098 16307
6665 21341
20635 28088
13222 19849
8825 16373
15004 22254
10508 26356
17072 19354
10042 22448
23655 24947
4626 21688
12228 20196
8536 18736
18756 21809
11416 12428
1247 7888
14652 20511
7855 14672
5001 23361
3914 19043
11250 13463
23775 23811
12829 21446
18782 22932
10082 17173
10026 24062
5852 25067
11891 16874
19536 21945
21668 27757
11688 14495
892 17261
10152 27548
6849 18315
4708 21327
8887 13922
5506 23197
19548 24028
18679 23766
1142 22884
7031 25005
11990 26704
6558 18369
2413 25547
12836 17688
12329 16860
4659 6573
9222 23590
1724 26526
7377 10895
3390 17819
11809 15019
11585 15378
5595 14050
24292 26968
9001 21847
12404 16349
3866 24078
15758 20803
19868 20159
10982 13440
1860 7543
6348 15093
2929 12120
9731 17727
10846 20551
12451 22954
3667 3670
20586 21446
16955 23932
13384 16656
1146 10026
10326 16800
3779 21236
13891 14681
8728 17983
21248 22901
396 5960
2255 12737
477 25929
12541 12958
3848 4930
4067 5861
7428 20480
478 22739
7275 20748
5691 13203
21875 28003
11594 14477
10652 22425
8135 23934
12536 18670
3241 28157
13042 24999
2933 22545
898 1188
18510 25948
2929 15624
16304 24122
14969 23176
5505 23467
12051 21942
5168 20566
21148 21535
10863 25584
13168 27835
8799 14000
5406 27886
6550 10033
33 21438
15357 17028
17422 25641
17889 27373
1858 22716
10623 17851
2311 6041
20387 22425
3598 16353
15549 20587
181 26435
1762 19081
8408 26458
11457 18090
1505 10237
831 21670
18679 18975
4693 16386
11271 14140
12410 16700
10682 20917
5293 22898
1316 21766
9617 14402
8872 18824
2744 18775
19760 22216
16097 27726
14024 14442
12498 19868
15845 16656
4233 26676
13780 26683
7386 25626
406 14770
881 11368
6057 7695
4824 8565
3539 12654
13335 18454
345 22507
1714 1908
1505 10049
1426 11255
13046 23454
18787 25413
9337 15913
1851 5767
21563 24885
17017 18390
6178 9687
3036 10773
11958 18529
11657 22665
8544 22309
2368 18455
8733 27579
4908 7613
1871 23239
10177 18002
1535 10652
7497 8775
11913 14024
8954 16250
365 4892
17956 25214
3381 15321
5210 18050
8437 18764
6286 19712
9668 21673
1005 26721
6555 23941
13111 27420
213 3155
8893 10101
5071 20678
1440 14606
5736 17911
13830 18665
7600 15561
8096 20296
17679 22460
11997 25368
1348 12737
22471 26503
8375 19086
18280 20162
303 17963
5832 13730
4611 5289
16044 23779
9647 19840
22819 25097
14524 17505
8969 21654
12059 16276
3280 28218
13517 13856
19021 21272
1349 13162
4442 25788
15727 17263
14344 17637
12957 18669
5716 27758
3234 25107
6289 27274
13186 17654
14364 18592
14510 23267
5013 18044
2598 15875
7030 9526
1944 28082
10745 13410
25169 26726
3023 21868
14513 27514
23926 24824
8697 10747
10242 15477
5977 14641
22838 23662
15031 26896
6627 15187
2614 9127
13345 25746
5832 18858
6531 21804
16914 27536
17580 25544
9429 23415
10617 10794
51 7956
26436 27745
2961 20046
9710 19743
25607 25636
5103 11850
6239 20071
4971 21697
4342 23405
825 24040
5433 21421
693 27074
8022 23194
2191 21955
4581 25433
3954 17094
16468 19343
14392 27401
799 7027
8772 27210
10727 15467
6672 22040
6296 18084
6629 27790
18059 24889
23267 26571
2967 26930
3874 15509
5348 20641
11296 11535
15770 22399
6147 18572
19420 20570
6155 18481
6105 26182
8356 12602
2740 7881
5505 21084
24952 25863
7898 14758
10603 23364
12246 14609
24032 25956
5167 22548
6355 9797
15504 23750
12210 21984
20081 27514
2000 8304
7194 8323
10397 10833
20666 22719
1475 19982
13362 27617
9717 25430
16627 20754
9038 11987
7202 11044
11226 15538
1324 8624
11877 23593
4906 17740
13514 18335
812 4784
11599 27795
9803 24395
6999 24325
16386 25081
14633 23455
1650 4904
10137 11900
6996 21424
5724 7176
5758 24520
850 1695
6260 18623
8098 8971
26629 27701
13970 16276
10935 13564
12632 18788
1380 2048
14826 23872
5710 6299
7073 20871
8991 15264
1425 18669
5445 10670
2288 22798
18436 23693
11766 17421
13025 24069
2035 14380
8561 22300
11795 14281
6069 11192
443 5153
3073 27741
3794 28032
1600 18583
12911 21968
22449 22784
8770 16276
20507 22392
5327 21341
1748 3674
20090 25975
25754 26177
3051 19968
6436 10882
2991 17818
16365 24628
12139 21610
7902 27744
7758 20258
1773 6095
11109 25950
14050 27563
7686 18362
12770 16052
2008 2854
4648 17593
25315 27696
5984 27205
5815 9563
3287 25829
4699 9733
3625 7956
6454 24830
935 13280
9233 21455
19539 20878
4087 7935
6896 14376
312 15225
9835 15123
20486 28007
2714 27766
14660 26074
14023 14035
2340 19002
2985 7566
4711 26585
15169 16963
10318 20000
3591 17763
11786 27151
4158 22653
4033 4990
7530 25611
11076 25174
3501 23799
18784 26305
6668 17847
7976 14748
12248 20853
10407 19273
544 27005
175 13481
6834 24145
8893 27684
1358 25532
7693 10381
428 1834
1223 1852
6852 13325
11033 27011
12177 18115
1603 2395
7552 19094
9405 27633
14160 20272
6930 22960
22323 22454
2232 16885
23183 23526
929 23646
7134 13383
21732 25607
18787 21310
6642 16946
8169 18708
14242 27117
6037 22950
14077 23359
18318 22422
357 17984
16022 17625
20566 27815
12724 15939
14677 17547
16054 26212
9668 16459
12694 15361
6415 26048
15179 15612
20319 22446
15720 20481
8349 23056
13289 18021
20884 23062
6577 25857
8474 24736
3845 16652
9574 9956
8781 24502
12349 28176
1349 26968
9316 24671
13845 22644
1934 26135
1254 4515
6158 11634
929 16726
13681 24461
722 9001
23635 25986
22469 24739
4442 11627
5725 9574
18679 21341
3700 23868
2245 9851
14491 22240
21964 22715
10560 11354
4661 27257
3446 7481
17076 23274
3167 15402
7752 28238
17530 19140
4146 11465
2104 5412
18669 19069
2339 19848
4379 19990
1858 14178
1600 3624
3947 20148
20480 24160
10213 11614
23949 27770
22277 28156
20666 24455
3871 23106
11989 18377
12854 19466
3482 26744
9999 24572
4003 6905
21079 25453
1609 21612
5107 22996
14479 14783
2708 11443
11786 19300
3679 8679
14539 25882
4442 12708
25855 27382
4677 18630
11361 16947
17798 20754
15687 21275
10515 27886
6994 9651
21282 24053
209 3684
5068 13924
5181 17700
7297 23893
20324 24674
9638 12705
7375 16901
27961 28076
21014 27559
2575 20192
3121 7900
23804 24904
11535 18768
14989 17742
115 21315
987 14392
10490 27938
6134 15558
729 20267
11571 12709
7622 11987
6578 14103
19546 26844
1389 3010
3373 18631
7551 19219
14817 22210
8392 15307
7798 14466
13619 22255
20603 25867
9465 27198
425 6215
25432 26819
2489 15511
6931 12533
215 15875
13926 25167
1114 10023
13601 16793
10185 11973
2622 7932
9532 27494
13899 25908
5898 16219
14481 20265
1271 15134
16888 21938
8364 13032
11416 28041
14647 16345
11336 12754
889 16862
14429 22956
2389 23811
797 16372
1748 23547
4747 10218
17228 21805
16083 16686
9663 13686
6122 13875
24450 24887
7990 19109
21761 25414
8950 10408
5048 16475
11119 14282
19789 27500
3326 24065
13847 27914
21056 27192
18921 19261
8396 13328
11495 27205
1058 26661
8923 9243
6495 6703
27277 27805
3741 14687
10773 15133
14588 25174
1013 6591
2690 24936
763 13186
8229 9115
6562 7123
14782 15862
2712 27499
22421 25164
14032 16331
9174 25553
27189 27451
13820 25813
8384 24783
125 19805
5540 14944
9397 10433
401 22476
4933 6007
243 9962
15693 23664
10899 25329
16901 25699
1962 26993
17495 18113
21671 24191
5846 10077
4039 17530
7136 26738
10743 14272
1753 6451
11128 24417
9572 15426
5145 14553
1014 9060
5599 12262
14894 25903
22607 27343
16660 17963
4178 22553
11392 24453
5979 13456
16194 23836
582 9183
288 20713
9363 19196
10238 16085
471 2764
12941 28094
6158 24611
15357 22511
3375 5669
23719 25703
14825 18400
18601 19599
16334 27582
13527 23332
14180 21784
8168 24104
696 1782
10256 16374
19962 22460
10073 24662
1882 18684
19362 24260
17349 26006
14124 22517
5911 21625
5547 10743
6588 9197
3700 16706
11552 28240
19673 26974
1308 21926
11580 12356
19326 22449
11575 23722
20378 26628
4734 13192
4019 22899
3279 26728
5913 7619
2984 26153
8558 26480
561 26689
20345 20664
4181 10082
3267 11248
1632 13847
4274 14763
11243 23469
2880 26840
9018 13366
20333 24846
745 24931
17391 17782
1652 24496
3283 15973
2549 7091
4046 28058
1020 8146
1138 13055
16679 17938
14994 16988
16251 24666
14916 18224
14604 28092
9090 10596
10362 21876
425 7894
4199 24693
3122 11192
3192 10893
7449 11442
11274 15020
4328 7455
810 14555
12294 28103
3765 19542
16973 17016
2518 25991
337 23531
2491 20205
152 12597
7551 21766
4018 23215
13203 17260
6081 7029
3362 22688
10503 10961
19033 24831
5030 14929
11586 26908
12278 27096
7290 24131
134 24904
2288 26559
4305 6182
11880 24280
26571 27096
26207 26396
20480 26665
5485 25550
5691 18471
23034 25988
1335 15257
13203 23338
19888 24450
2346 24904
1142 1727
3681 5912
7986 25475
8470 18132
13455 14171
15074 22567
9038 19635
3163 5004
17847 18679
293 13077
3318 24879
17636 26912
10885 27326
1434 23892
3947 25810
9324 10812
3446 12951
602 4103
11473 26066
3383 3805
9036 11267
3169 14758
8002 14709
5528 11286
23060 26324
13362 22546
8833 15592
1548 6301
6308 6402
14660 20225
8557 18221
10493 25019
15991 21235
5339 25219
3072 13914
9019 15875
10600 21177
1339 8227
10637 24265
2635 7410
1333 20579
22861 24428
20092 25987
799 1807
11725 26253
15764 18631
6876 26929
5989 27013
22283 27913
4090 24096
2348 4651
15402 18491
19242 23415
23585 23736
23198 27949
18659 24379
17814 26274
8990 15056
1694 21680
8263 18689
2565 23520
19035 27013
2664 10209
2773 8632
9203 14252
400 10654
16201 18603
8536 24939
4574 19429
5680 20387
10029 21207
1112 4967
129 1292
2325 20742
26028 26192
6198 25164
10881 25013
5437 27823
8605 11569
10498 16929
17504 22904
10427 12523
17543 26986
18097 26081
15068 22254
8902 19329
1817 5018
6449 12565
12573 27801
6351 24804
3420 19166
16264 23197
3882 20597
14891 19971
573 4254
2336 15670
6501 9847
25167 25588
17562 25260
10787 23275
660 3900
1479 7044
2227 13260
1590 11554
4256 11975
867 28172
11263 23295
20026 24191
9252 16704
2912 21719
4562 6926
11382 11462
6454 17259
9416 25029
7234 27643
6800 25091
2 808
18133 24410
6555 21723
19127 20810
1462 27352
14478 25701
16194 19956
12982 18529
10845 12282
679 5356
6967 27823
14987 27409
3878 14178
17503 24727
18185 25564
6707 21859
3876 8528
3300 8536
1085 15282
3092 22159
3445 22360
4642 24576
8733 22160
841 27669
8717 13208
5241 6620
12214 14407
8370 12689
4626 21555
14572 27611
18823 24069
798 3316
3598 11634
7975 27932
19766 21890
2844 10167
1755 14968
19892 24069
2598 23788
1034 9528
11100 13757
24690 26398
13381 27005
7358 19893
3080 13772
9590 24900
14865 26661
17530 23886
6702 14437
23098 25704
8533 13362
15425 15757
12581 23963
3389 8586
8388 13440
2061 19721
6062 11893
8730 22592
3859 12639
12900 25610
4221 12348
3680 23831
7410 9518
4112 19757
403 11047
21771 24265
9455 22370
1308 20193
16373 16665
2470 3753
4825 8151
1329 25833
14012 17374
14923 17967
3383 17349
3749 24332
14840 15201
9496 15791
15549 27159
12490 26876
20402 25636
9038 9097
3881 5371
15957 18724
3780 24935
13473 17422
3644 22947
3968 4509
14363 20586
25814 27689
23619 27306
3849 7387
7950 8873
21633 26150
4584 19415
21407 23983
2283 3019
3902 22871
10579 22479
16704 23196
806 4324
14771 26077
5217 12199
2272 7820
211 7005
11378 14844
2518 18425
3825 14873
11430 25215
18259 28262
7423 12005
16457 26861
13059 16984
8 21665
4623 9421
1014 8753
20391 27926
2848 13936
18262 18874
8998 17329
9744 25545
9657 11690
2222 16225
3033 9710
4592 11810
5510 16039
1075 4824
6019 12403
14411 23216
6295 14863
20158 25933
4861 8148
16736 17725
15642 21194
9952 22398
8586 12413
19140 25444
15251 21935
21470 25294
22507 25850
1771 20172
7003 9047
18287 18547
18939 19328
26429 27042
20009 25164
6763 11746
505 10594
20224 21813
1670 5669
7469 24069
19086 23277
11789 25253
5787 6879
25748 27221
3147 21164
22781 26505
5211 5534
14559 21798
8679 21296
19004 21647
2888 20234
10214 16884
12960 16296
9614 24527
1689 23265
11935 14869
3819 8465
11207 12369
14893 18374
6536 22278
10800 13955
13513 24063
9119 24095
2714 23269
18434 19273
4680 26944
19858 20470
10828 22734
4070 7390
4765 23664
677 8073
3296 16619
14777 20998
12231 27912
1181 6608
983 18113
8734 15065
9590 11622
1422 21428
19371 28044
3484 18784
6832 22965
545 16525
6589 9427
16781 19827
16414 25689
9631 21038
9915 27208
15692 25225
10070 19640
16232 19941
13926 24650
7225 24139
8122 21291
18772 23241
570 13647
14200 23651
334 705
8669 12649
13436 22756
1620 6942
5397 21067
4570 19611
2342 19257
6989 24510
13767 15370
6030 6220
20480 27814
1440 13905
12012 12164
3728 19139
22223 26303
13242 15874
18239 20078
8661 9307
1706 24096
10500 25254
7730 14612
4325 10041
2206 3633
18241 28039
14193 18553
6454 21079
8246 20258
11193 13139
2212 26400
609 11007
1391 13373
9710 15448
23136 23387
17695 27412
17432 24652
8349 18728
3356 14153
6016 9033
13158 14754
15920 22154
5414 26882
7741 21990
4633 6725
7703 23420
8565 26440
18411 20195
14228 14710
14486 21491
12121 22601
16071 16187
218 8358
20274 26017
4782 16180
2039 22630
11036 24703
8709 22259
3428 4037
2373 6220
2503 24469
4892 25083
5068 11294
4629 14814
867 3624
2413 16225
12321 17138
5989 13018
261 8356
5339 28211
7940 24851
22968 25484
3535 5564
4225 14519
18352 22304
1350 6930
558 2050
25529 27011
21671 22314
23645 26073
16545 19874
309 5731
2387 21446
5252 17013
19657 27761
10981 16851
5042 27117
2002 2748
17999 24258
19701 21225
13059 16025
7028 27776
13167 21573
23143 27795
3828 26846
6676 11128
582 1750
8446 19133
7188 10800
9252 21123
23188 26948
20005 26343
4876 24061
3210 4198
2469 4770
18848 19840
14601 25074
7519 23480
14059 15660
15854 20843
5479 21708
3591 14657
2885 16759
8254 9222
14153 24758
6931 28266
11201 26943
11431 14798
12218 19739
16756 25424
8959 23190
259 21446
10335 16808
22318 24864
1833 22292
805 24491
9625 21314
17530 23143
6081 14577
11535 14920
7138 25794
11162 25181
6489 27676
15860 24341
15550 20906
17787 21564
1619 8669
11017 20478
8734 16445
3080 27819
3053 15670
632 7152
9821 16338
14588 25562
5691 9058
2326 10476
8434 15878
12284 16194
11275 28083
8318 15609
10364 17782
1435 10013
5152 21486
22688 23361
6917 20808
406 21887
7182 20758
855 16787
782 23696
13373 25564
17408 20749
20003 24674
14898 19857
8397 25019
21327 24856
25518 26017
16194 20384
1986 6037
3195 20959
17925 24091
20876 22416
1457 22722
19273 23361
7707 8775
10630 20417
2348 21218
5774 26223
10652 21149
4316 27621
6209 9949
11192 25678
15173 26967
14043 17322
2438 11651
3563 25112
867 16749
1197 24178
1657 3446
3816 4373
22607 27221
4214 15390
3889 19200
1556 25482
1106 21780
1871 20144
8746 14165
18389 22983
22103 26946
17394 27420
5647 24586
4573 21213
11846 17259
5587 15305
21766 24392
1925 26689
10723 18824
16108 26525
18994 23651
18717 27883
4061 17762
14361 25683
20097 27928
6914 18437
1548 28056
3819 9550
9873 23162
8228 24069
11941 17372
12170 27654
5456 19832
4465 19070
2506 18369
20184 27314
2514 25511
11113 23467
7540 13353
1779 26615
2587 5096
9194 19028
580 24160
8063 25838
12055 12229
1830 23673
17090 23426
1171 3019
14104 17581
11809 24854
10944 20263
10876 16955
4010 24379
475 17480
17326 21083
7948 17933
23113 25788
10559 13032
1515 12308
1177 24432
260 1574
4169 21613
3695 7002
5732 27192
20841 25428
5948 22769
341 7159
1934 2120
10838 26527
17076 17285
14541 16901
13062 19343
3593 10662
9767 21929
1228 24379
5457 9734
12913 25986
3186 25073
6848 18678
11388 22265
2182 27504
18706 21254
7743 25005
19026 22113
1543 18598
17597 24105
10570 17327
14586 27588
4012 27173
3287 23509
22630 26691
10952 27809
7350 24136
462 19127
1008 3856
9535 24090
1159 8707
4974 20734
11430 23631
7735 23809
22147 27230
4749 15791
25829 27756
16262 25003
5651 12523
17782 26081
10428 14629
3296 9024
9525 20553
660 11698
4101 22471
4708 9932
16751 20103
22025 25932
18533 23932
1412 11193
15716 19445
5759 17069
13977 22688
20123 25276
5626 13515
18148 18779
15509 25967
3348 17963
4152 17798
1864 23696
396 10272
1795 16582
10047 23449
6577 25848
8776 19411
272 14039
6177 8856
7043 24398
669 15190
12693 20448
3552 23023
6782 26410
7707 11368
4828 21797
19289 19787
1426 10062
18547 24616
14809 23254
11450 21801
12048 24064
2058 2129
4358 6234
24840 25301
9702 11274
1795 11134
1145 18904
5202 12919
26200 28175
6868 14771
19484 21808
8322 21746
15565 16108
12736 17189
12502 14534
11059 18037
388 9703
10026 26740
4323 26413
5699 10448
9192 22178
3719 10874
19965 25117
3486 11987
13834 23868
327 12474
7478 25735
11267 27780
67 22149
13663 21962
4886 12274
16509 24502
9490 18394
16082 23995
12374 20047
8620 25432
8036 11030
8931 13193
20115 27660
9306 25308
7268 25219
681 19576
2510 14199
17310 23066
8237 26572
5906 26688
8833 14258
2348 22693
11729 11988
10606 18974
7879 25534
13559 13910
3406 23811
10223 16511
24 21525
4428 5153
22265 24741
18919 19461
2304 9082
6591 16870
10280 22446
13510 21281
485 17742
14685 22300
9454 13353
7079 9532
867 12576
18034 22923
7584 16390
15920 18425
18464 24188
4515 11571
1088 8189
5047 19380
18151 24172
1113 2803
20162 22379
1255 1358
4646 18669
17905 26598
1860 21110
3812 21408
24445 24659
4393 16170
8220 23863
5004 19075
8470 18497
2544 12555
11483 23822
467 8000
13597 22792
19522 20086
23514 24640
6085 16639
799 23175
14167 22714
12858 19355
13343 22130
1387 17100
19855 27724
494 17583
11295 22606
2210 5505
7036 10277
11009 12460
18418 28257
6091 26951
369 11580
8057 28231
9957 25368
19242 26644
11636 27032
6888 23083
5855 22651
293 4197
11693 20165
3092 25107
5446 26208
14930 23954
13702 26571
13597 16251
12090 14976
8737 17776
3544 8508
3244 26061
12620 15756
4556 22449
15451 22409
10061 12145
9538 16184
8491 10782
5691 6869
2470 27596
24573 28041
2263 18004
10407 17211
4693 12399
1925 11448
14546 18001
27160 27328
12549 19133
11637 18208
24415 27288
2324 7722
7104 23104
10533 23237
7141 12752
1 19211
481 14583
809 7896
281 22827
8376 27643
17598 23734
6668 19853
25299 27247
726 22265
187 22105
5319 15762
2430 23738
505 2370
6065 22723
14407 21828
5354 17893
8479 23929
10053 19105
15896 16750
1075 6501
1852 11483
22474 27037
10799 11650
13937 23013
12929 19548
6182 27800
2946 8167
19275 23033
13114 21484
1499 21111
14753 23997
26319 27381
21473 26372
20880 25865
5879 17344
9742 27599
13180 27596
13095 27865
12140 19527
287 13947
22882 24061
280 10687
20373 23628
1882 17509
19988 27004
11548 25729
1689 23300
7769 17237
2526 19819
8085 15064
11751 22973
3967 13362
1530 25962
3841 24811
872 26716
7713 18054
3188 5719
10937 12426
20658 24836
11158 28002
13741 21182
12266 25938
2227 8261
583 19004
4094 13922
3997 8806
11697 19904
13168 14753
15375 26565
59 18580
3864 23015
5361 24518
25848 27823
1767 9234
1900 13115
14942 25081
14633 17407
10294 26177
12412 18520
18115 27795
139 10476
12654 23995
4640 24395
6428 20540
977 1076
41 21886
12508 20081
1794 20201
7019 21479
10124 23867
21719 21929
2858 22966
4967 13832
1200 8108
1725 23194
16923 27693
1809 7081
6848 20171
129 3261
19150 22692
406 5371
23194 28186
14942 23575
4474 8305
8856 12566
917 19244
10078 16006
10701 25291
7987 9194
4180 20889
3186 10020
14153 16823
18229 23086
17828 20249
10052 20161
15837 17219
12428 16823
18489 19672
391 28058
18679 26413
10242 27279
10660 22779
2031 22590
5466 21291
18823 20162
10972 21159
6422 11415
18522 22238
1067 24611
18541 23068
4086 21310
4332 5344
7933 26476
11007 27143
17913 24326
19395 25693
4705 7482
19138 24297
2234 10279
34 3343
1686 12388
13566 26497
5984 20876
9395 21300
5734 20265
5728 21784
8416 20406
289 22871
13972 17640
327 18541
14033 24465
8479 25174
9211 25161
15305 19712
3266 9368
5107 25468
24112 26358
17599 25957
18219 22902
8887 10353
14997 27087
32 21483
6657 8318
1 23366
788 21692
10197 23467
1713 6437
8001 10344
7785 9012
22135 27168
3183 11786
1142 2505
2763 6178
5982 10645
1798 25051
8544 27221
15085 27974
20013 27780
17280 20751
19490 21393
3121 3609
12152 25225
1024 4940
14010 24825
8317 21341
714 15461
4960 24921
4914 8508
25403 27790
12261 13227
5371 10027
19735 27790
8789 11192
7373 7549
6864 9402
19147 27776
2252 22845
3878 18001
9699 22387
3233 4946
16901 25903
6842 25666
10326 21740
4098 24438
10185 27800
3892 23600
13524 17724
4301 11499
3592 27944
15957 27923
15341 23915
23707 27752
13741 17593
1795 9095
176 7982
5857 17568
12593 13168
9811 27652
10982 18787
19562 24134
6990 20472
4774 14759
830 26016
4717 26798
4323 18533
8578 18136
11348 16627
8059 13070
4309 22060
7458 16547
9904 21581
488 4636
15543 20367
5278 22558
360 21446
3011 14309
3883 27331
17170 25232
17422 17592
685 10838
11463 12309
6627 24893
21409 27651
18850 24131
8394 24059
3346 11627
8641 9898
19140 25699
8605 10057
6853 12797
8638 17842
7966 25329
8669 20179
1541 6128
10393 23679
2240 6290
7397 8034
1622 24752
13907 25727
3634 22418
10967 25291
1479 3866
10913 14228
577 18242
16333 23736
14589 16184
7471 22671
16311 26799
16943 22883
18630 27408
1225 11818
3564 27326
4042 24557
606 890
14477 23467
7746 7921
10672 12798
5543 8737
9339 15179
1848 14093
20339 24435
17782 24849
2494 14469
19042 20337
2088 9899
4439 7987
10577 24811
12440 24819
21294 27304
8188 24009
19070 25729
11094 16362
11675 24424
3384 8735
15505 16184
2667 9752
15689 17373
14429 22587
3506 6130
6641 28158
10566 26147
12832 26167
5445 19891
23631 25215
2313 3348
8875 17403
22549 23693
18400 23074
15452 23117
16141 27393
635 3059
11786 19025
8209 27997
3053 12282
13941 21792
10160 14443
6059 20396
19563 24395
18535 24986
10242 27788
10129 24055
22216 22425
22570 27584
9117 16949
14961 26670
14108 16366
7985 25956
9507 18976
6462 12291
2619 8388
9560 27443
10687 19576
9624 17484
1423 12495
9464 15072
12983 20776
19481 24055
8167 10498
10437 16827
16356 25755
8057 26740
12736 21936
2276 12135
2272 24264
1947 22659
12120 28061
8281 17941
18658 23086
731 17842
8905 10475
313 20092
12874 18409
8659 21332
17259 23056
12551 13267
2002 6728
10023 15211
8044 10558
21054 26958
17791 23807
2110 9572
21565 21688
865 27449
5845 18580
664 7225
1554 3480
1767 24313
1933 25956
9490 25232
20737 27084
12512 19874
5850 15525
7464 19981
5984 11444
16373 20836
1484 24066
1767 20258
10187 26846
8096 14023
8906 25440
23198 26992
21960 24195
2905 23803
10844 11922
11727 16509
13888 14193
9884 10475
5626 25437
18353 23983
11722 27287
9966 27308
3512 23305
3654 24726
14276 28092
949 8905
6749 20962
5080 9427
19664 20575
2735 11511
18331 20848
7375 25879
3474 22445
7231 12088
6886 10505
9863 18526
10523 20561
8434 21585
9644 18963
10047 14987
7016 26877
396 2682
20668 28142
1761 7597
18573 20578
3317 20066
13745 25220
3231 26908
10800 14215
3121 7948
21387 23015
2689 20647
3801 24949
10818 20390
21954 22593
24723 25540
10795 17459
1466 21954
2992 22071
24298 26303
9018 12244
1851 26993
11281 19482
4355 17574
14124 27906
24608 24823
22597 22769
7623 19195
4365 5222
18846 26283
10582 24566
8633 13941
10595 23927
2771 26518
569 10653
1843 17076
7325 23106
5102 9263
5485 21612
7318 15901
2485 23026
693 17259
19316 26435
4519 25197
2295 26670
17108 21312
7578 24122
786 7623
14052 22934
833 11475
2342 23719
5115 20258
8813 27111
5130 18163
8188 14406
17437 19867
2706 17017
19273 21261
14194 24504
8304 10048
1710 2635
7522 19383
6182 10934
3587 12526
3069 25272
10050 16746
3354 13937
17762 20933
15749 18813
3059 4789
569 763
2367 5832
23502 24068
4367 26052
18816 27629
4424 20390
106 11591
8049 25606
7091 14674
3708 11668
1270 27920
13193 22835
10312 11092
7033 17994
6609 16299
2663 23557
7072 11128
9747 17263
5289 21079
12341 27966
3240 8408
4230 15617
6403 23225
3296 8659
2740 9487
598 23574
8976 25145
1574 9226
14244 25214
10767 12576
11625 15338
11363 24514
4302 26717
2230 16303
823 5751
9169 23930
13038 16584
17363 24673
4178 4623
4388 20258
4778 15467
5516 25745
3986 9717
4091 26186
12614 12956
4802 15887
11729 20608
18629 21140
435 25978
16984 25309
7355 22026
13266 21431
10618 24546
22734 24280
2096 20233
17338 25658
3687 28197
15389 24856
21325 26811
9413 17739
3978 22295
9615 11870
5457 5936
10393 12956
12716 24334
6807 17937
4740 15281
9774 20053
425 7350
521 27312
16114 26409
6251 24689
13250 22298
3819 14407
1350 3126
2701 3738
7572 16588
14759 26361
9514 14987
6930 26769
10825 23722
13530 26670
10384 27352
24062 25054
8511 14511
2933 4826
4694 22292
1186 15551
20758 27746
945 3643
13422 19249
1755 10419
15564 16357
3277 10197
8872 16276
21506 27719
4343 8368
5006 20829
1741 6604
12577 24125
21248 21696
8251 13222
20682 27328
10701 12307
8345 27908
8872 12177
14766 14768
731 26573
17535 19217
4607 7760
11254 14194
130 16036
24570 24844
21971 26114
423 1101
3321 18431
1142 7158
4221 16340
19254 22080
10446 21216
2497 22799
9293 20758
2349 18169
12099 17149
9330 10282
11987 17614
2505 9842
17823 19566
17763 24708
15209 21990
20214 26907
9150 17599
10446 21195
11113 18217
15164 22202
10541 22481
13351 13702
4701 24980
25713 26869
967 16261
14684 15561
20469 27248
19189 25893
22498 24081
12552 12573
13888 25214
9438 11838
11336 11579
9569 25102
13821 24864
5657 25206
17931 26440
150 583
12581 20272
2642 5878
3890 26591
24131 27827
1422 11562
12568 13086
7544 18728
2758 21961
2586 24219
13790 22146
13036 18132
10119 16526
14351 20997
1779 16984
18038 28197
14728 16083
10665 22227
19177 25602
24444 26197
7135 20646
10473 18824
18662 19908
16957 25254
11545 11877
14728 20558
8158 15211
8959 19859
15722 18959
16422 19917
6958 9759
2247 22389
881 8775
13628 18146
16296 24293
1782 2254
22283 25666
1538 24384
22046 23708
84 13484
234 8310
11003 14040
1234 7450
17067 26978
3406 6710
2518 22729
9438 20662
7963 10038
14362 14428
9651 24095
11218 23890
6009 8349
1900 1996
13595 16276
1346 5850
8200 10280
13038 26710
10531 22850
18753 28270
17555 19100
13585 14378
16467 18597
3098 11212
10390 12684
25120 27113
4581 5171
5116 24658
12782 25920
15293 26629
9698 17067
5918 25277
5048 19095
8318 14393
3859 8246
5160 20347
3336 19924
14539 27268
3872 9281
1568 8941
3803 24457
2232 16191
18281 21898
6142 16599
25433 26651
8500 21162
7462 25068
5146 13170
12 23475
1686 22012
6457 12548
1795 20205
17138 24823
17114 25875
26552 26709
1359 16393
9022 19990
9730 18996
8846 23932
430 22292
2564 9260
4238 18046
8988 10532
8151 24863
7520 22769
25626 27112
7066 8238
13465 13476
828 10687
26090 26916
1795 24415
1787 22724
594 26525
11527 16990
7783 27702
11192 28231
16000 20361
13152 22104
3000 23365
6944 17209
3419 3990
22102 23654
11712 16808
5984 9416
3654 21048
16383 24408
22335 24244
1465 26168
1744 17735
11844 22203
4216 23329
16352 27768
3391 26796
851 22547
2518 17742
1158 26195
21442 27495
20692 22948
6342 14738
14420 15410
3152 21199
1787 12403
5978 8800
7002 13585
2547 15135
15220 15475
1689 22664
3792 14452
1593 26173
6658 24073
1618 9989
2386 14520
9589 19998
15766 16330
1777 19409
10923 20019
4421 14683
2157 25294
2937 9429
6841 21025
11326 26046
911 10138
6926 20685
11523 15756
2423 22306
14827 25584
9215 9259
17533 22658
8106 14534
3346 25433
9446 26753
9552 12106
8345 25660
8948 23073
21123 27382
11306 20742
7404 15840
4720 11817
1178 1816
1139 4026
22634 25949
24904 25903
11784 13733
4142 4519
9849 23422
8182 20258
4850 17621
4326 10759
6313 17499
1870 9252
7200 19223
10726 12424
7196 15245
21384 21893
5687 11034
3024 18415
12095 15458
7761 8411
1181 3252
1264 11141
8956 17733
4477 8208
13847 28032
19783 24157
11328 27502
6499 24746
19882 24929
771 27678
5008 9056
8715 21829
1921 9821
933 19539
24061 26375
7202 25699
3229 7119
5328 19039
16081 17337
495 15201
14106 22570
10752 15762
22596 26580
815 23023
1979 10312
568 27192
1590 10886
3061 8884
14809 27421
2303 24148
18280 21149
20046 27129
2357 6251
7987 11254
2160 19827
10646 22581
8737 12564
7674 27099
13466 22913
20705 27980
14193 20947
2759 8833
11637 14481
1349 5126
3961 23632
609 1766
8775 17067
1686 3878
754 22543
8772 13517
14541 27795
9582 26721
15857 22062
16258 26061
5170 6695
6378 26169
20816 24438
4273 19061
7308 25119
22179 26373
12634 26717
4256 23474
8330 15483
19469 21754
11977 16291
12866 23653
2132 12388
18930 25693
165 14024
16589 19900
20026 21671
20635 24061
7626 27617
9333 20038
5686 23420
9479 14481
7645 24554
7670 19662
4689 19169
17071 24412
9992 10821
9777 20990
10821 20820
5252 14221
6078 24717
1559 8018
3810 12282
17967 22020
11971 27800
5899 22517
4076 11743
12015 26534
1240 11401
12711 15056
18057 26004
8657 26412
9390 13463
13901 20289
5991 23193
1888 11535
6746 22973
5 8596
10888 18985
2826 12689
347 23379
10781 28027
11148 14068
12810 15653
15443 23576
7150 12468
14513 25390
19331 19352
9491 17856
664 15308
13668 17757
5568 10341
11100 18249
5459 23130
681 21488
12568 27744
9214 23279
21685 28266
17782 18942
3592 14555
1889 10860
1653 8280
16856 18061
9214 19372
23007 27231
11893 15592
4081 21398
2452 6780
12506 16696
20931 27751
3161 15793
10956 25272
2240 25732
7400 15505
7350 18934
17963 24586
16094 21544
4537 22319
16393 17399
13094 20545
11444 17901
3946 7643
23872 23893
2008 12342
22721 24611
12768 19133
24521 25425
4216 15504
24445 25612
1201 12452
10981 14969
9471 25986
16065 18994
16954 20729
17586 17804
10734 24112
10393 18678
8202 9881
14133 18815
13534 28170
4498 6745
1254 10173
3141 25711
5854 10680
17923 20894
6841 15069
10951 20069
3488 8057
24584 25254
8502 22654
14594 16149
336 14484
23318 24274
2521 21038
17003 25500
7213 16984
11798 26516
22326 27508
7950 9614
23431 24601
19033 25582
9617 10567
3598 24395
4026 5525
8776 20718
18122 25329
10227 22747
15729 17905
1091 17947
11922 17011
9496 25385
6448 26812
1056 20931
21682 26986
9999 18358
2350 18319
13978 27938
10391 23186
1878 4524
7627 20748
8923 20251
5832 7517
24866 26135
10687 23698
18985 24575
4802 21798
2518 24127
5205 9621
6065 8254
17149 23267
6255 16080
448 1016
3849 13977
14851 21211
4061 9631
21679 24108
19930 27374
10287 10971
705 21617
14911 20200
3958 10748
9129 20922
12399 24610
4017 10869
15282 20318
1672 27069
9645 18879
15551 19061
9408 26859
20880 25329
1475 24602
15055 24428
4204 26908
4646 8125
3592 25250
20409 23583
2177 18972
1972 14070
18190 20131
23711 27533
54 23183
6120 15523
5296 8947
21094 23952
2518 5620
3133 28021
14264 15547
19081 26392
6773 12011
25781 27117
10990 16429
4286 27883
4328 19548
9997 16386
23520 27735
987 9286
30 18133
6426 19827
14489 19135
17657 20503
6531 28263
24681 26689
424 918
2314 11813
11916 26974
3208 23169
157 8188
3790 4217
14889 18341
16032 20008
18305 19061
3747 11080
812 22413
21864 27867
3609 4061
2888 7328
13053 23754
5588 26514
17416 18823
5434 17739
18619 21275
25243 27668
3140 11154
3987 9116
12511 20438
6498 8193
15001 16011
11916 19871
2150 3709
2709 3452
1289 24044
20527 21944
7948 24872
5221 26660
7478 20545
16623 26775
15294 17633
9250 11626
15668 25564
8322 23299
1721 23431
21506 25432
2303 24773
4328 15133
4766 6118
3534 22756
15450 22981
8694 18430
9675 27105
3186 21377
17696 27050
19977 25088
15301 27594
12999 14339
5691 17846
5933 25692
15174 17782
12598 14951
4081 16603
7758 10205
1178 7893
11080 25306
2131 16276
23822 24681
1368 28230
4421 20744
13373 16201
6859 11553
3265 9253
396 13091
9490 27718
2454 4880
23430 28066
11295 22678
4248 15316
17390 19172
3531 24177
27579 27676
10672 18082
1462 9788
17177 23601
1091 14276
8012 8247
9569 16679
18334 26880
8481 22296
4781 27352
20469 22143
1613 3667
7891 23080
8471 8701
9356 14464
13175 26798
6182 24079
9093 19576
20162 23392
13598 21297
4218 5883
8368 11678
8872 15429
18827 24487
3303 12708
4181 20550
7205 12538
8070 15365
11920 18615
808 3406
1511 16922
1186 18105
22540 27331
12134 17735
25408 27173
9226 15286
21049 26518
6126 23061
8055 13615
2299 23143
18741 26859
12702 22581
4076 4767
5205 5270
18446 28080
5753 15893
3804 21266
15642 17145
14552 28228
16992 21861
4211 7570
10421 16478
17501 17543
8478 15184
16467 17553
13025 26507
10943 14402
18849 26100
9750 19779
15892 24548
13838 24362
9296 18797
867 6378
21449 27004
4188 26295
8787 27173
1308 14780
1412 19171
6182 22484
8437 9518
10326 10862
523 15084
5062 13440
11880 12194
12734 20689
19009 25379
19756 20848
20860 24374
1435 19959
3644 7223
4218 15364
2037 26006
3300 8931
1706 17394
7980 16835
1958 14104
8174 27522
11552 18791
16176 23413
11039 14344
7073 24720
12924 22768
5413 18547
15105 19336
15534 19247
1587 10189
6581 8217
11417 21625
4340 26278
288 4107
12340 14557
7438 17636
12361 18435
12119 16187
1505 10627
18717 24216
3648 22026
8069 20646
19308 21052
1223 13970
19746 27725
9986 23963
4541 21552
3828 17823
8761 25108
7929 14675
19767 24947
8924 9867
3691 23682
1643 23204
15700 16476
12945 26235
1925 7935
9404 13910
16428 22989
1199 4127
18753 25174
21941 27272
5709 27046
1107 1851
3778 27196
12573 12735
6239 13831
2883 8937
16847 24818
2709 9871
15470 17407
1864 7288
514 4325
17795 20053
8481 26985
2124 2619
2676 19872
19750 24521
16724 20958
2015 12704
8001 24952
13664 14175
4200 21790
18310 20928
5466 23785
26518 27017
1240 25980
4500 11754
6840 8955
14534 15976
597 11809
681 15804
5703 18132
12075 12807
21793 25828
5774 23942
582 5123
3539 20339
6970 15271
2880 22875
4849 20909
1496 10181
10069 12583
796 2693
18553 26908
5477 13383
12383 18704
7084 8145
7963 10646
973 4742
16175 22666
6237 27059
18334 27837
1672 3383
626 4976
6913 16234
17119 18882
7598 15419
7068 17027
23870 27977
3598 5263
5574 6294
381 11746
17715 18348
2118 6561
5691 11552
4026 11741
327 12352
2882 15920
10504 12834
7519 18374
5792 11175
2991 11576
27 18884
10680 18619
1197 24740
19552 26232
7136 24050
1399 23997
4075 17413
21751 24326
1658 21603
17391 22491
6280 17036
16054 18679
13755 15534
9185 9724
22889 25214
5377 10538
5256 11409
2362 9004
11877 25525
3565 11211
12356 17545
7525 25353
2833 27527
1478 11201
10673 26368
7289 24900
396 19041
5787 12357
23041 25217
5965 24968
6516 12303
12169 17401
7482 10086
15162 26754
3521 26804
7975 14228
13223 20953
12383 23733
21163 26268
6487 18131
19819 22457
360 18318
2469 3323
12040 12516
25236 26152
10440 15973
2168 24251
10015 16656
9553 11444
1227 16434
5498 12577
5878 17858
6215 23406
5838 20867
1878 13026
13534 28169
9607 27747
14270 15627
5476 26200
12708 22302
3263 17880
3712 22141
4274 12565
12840 24853
1171 14630
2531 5730
4368 23390
22769 25373
11963 24659
4853 15926
10756 23566
14612 15553
2708 9851
9841 18760
11701 12127
4498 23102
6448 9425
9116 21423
3071 8501
2986 19410
7477 10935
18346 23932
17127 28228
441 3341
6940 22954
18591 24659
4258 8682
3988 17438
5368 6649
2721 21577
18133 19375
4671 12065
19857 19874
1387 1993
9074 23383
6188 20665
6103 24266
9029 26479
10079 25753
11799 18618
609 18274
22610 27308
20685 22139
3163 9368
13418 25414
5305 28103
14555 18521
6879 8706
21771 23734
6711 18889
1724 14748
20656 23181
7756 27273
7885 15162
2708 22995
991 1075
21536 25483
5146 22099
18033 18690
1878 7857
10200 23844
14604 15815
5950 15708
17354 23348
14268 23930
14303 17074
17763 18421
2906 16744
1069 23972
14536 19504
7568 21789
1036 26622
3494 12324
12947 27832
3265 21111
4802 12565
15085 27938
17054 24705
19482 24454
9717 19124
10479 12221
16617 23372
7079 7982
15303 21980
7984 13186
16787 22942
691 28138
3114 7306
5014 9012
18603 25906
681 23170
108 27254
7203 25827
9215 17387
22471 27821
27352 27949
11546 15660
4422 25213
2275 16328
1477 18891
242 25699
11812 22605
4309 14398
10444 15943
10454 17329
11746 13232
9927 10475
5791 25586
12128 17244
21123 21732
25130 26497
10846 11636
3888 6914
22120 27579
14114 19320
7416 15301
5989 18437
15928 26753
168 17144
4123 19885
5358 17214
5611 7935
13373 27117
19496 23365
1496 24566
14175 17349
7529 16110
425 19548
805 5728
4626 25830
1914 5082
9859 15784
21387 23762
7815 23149
9524 28087
4888 16656
3273 18281
13682 27501
705 12205
4067 19244
544 17782
12779 21955
14233 23766
17521 23400
9058 17775
2818 7746
10506 17696
11562 20657
16905 22884
4725 20497
770 9917
926 6738
5882 19877
7113 21438
6155 24629
5846 8230
6177 26593
18491 23947
10160 13436
9412 18474
21759 25904
40 24415
9063 24069
867 10464
7489 17194
3378 22584
16094 21804
884 13328
6878 14513
10012 17864
923 22173
375 19032
3357 9253
5110 6913
1986 19319
24026 24053
3006 19764
4326 23624
3054 28170
21676 25559
12538 16878
1600 7768
229 24270
9905 19410
3265 17773
3875 19876
3810 8718
8075 22581
4439 11809
3318 13992
5984 13725
8954 22012
5805 11115
16799 22832
2096 25287
3080 22157
23273 24241
1507 22448
10309 18449
10701 24182
12805 23056
3121 21368
669 21962
14138 18014
8458 26402
908 25306
16806 27867
9615 24708
2893 15139
1134 4404
7413 23657
22514 27782
21053 24419
3901 5989
12040 23511
1940 12860
1379 3878
13282 22355
4459 5146
8774 12073
5786 26313
956 13970
18373 26024
599 7952
2648 22702
9441 17965
21790 27906
270 25651
8933 18502
11011 24773
9465 20758
829 22069
7026 15762
9294 27594
22896 25652
352 5284
6449 14082
10344 19717
15957 19189
638 3634
8462 10450
7312 17366
4833 19195
10845 15705
8793 21552
23658 24382
6205 7592
4454 15610
588 1814
1211 17482
7703 24855
18472 27847
813 1852
10451 23267
5250 21619
23143 23249
10889 22036
8351 22048
25712 25838
18372 22227
9404 13216
3247 24379
22834 22946
183 17438
9895 20321
7877 7915
87 17670
3265 25636
13046 19460
3341 24478
1105 19552
11080 13963
15676 21438
4829 7488
13787 14575
6239 17398
16969 20944
4101 23418
6301 24861
5 24370
3267 3915
8167 13739
1669 8360
5089 9874
8669 23723
621 9847
828 24823
25245 26297
16947 19062
5893 6946
13591 20115
14555 25410
7830 25710
7419 17208
13096 23110
12233 20348
6891 18969
17485 27918
8575 19941
12642 20891
20076 22867
3041 7094
426 25405
16526 23203
4941 9634
17033 22164
353 11047
9614 12240
3278 21831
1424 16641
107 8707
14135 26689
18920 25636
20027 20468
1925 9457
14820 25786
17426 23288
4204 5195
8158 25564
3565 18225
9959 21407
7375 17253
12611 15386
3866 15771
5943 25336
13036 16900
5511 14989
1141 12014
23121 23399
9216 11396
2731 3741
4021 14611
8405 28155
13542 28014
880 16582
11151 18039
10567 15084
9523 12654
21296 25345
656 7283
9268 10701
21474 26081
22349 26871
5447 11948
22290 27321
538 15168
4599 14524
3395 7900
4026 14507
3472 24163
12155 15934
11920 25468
3336 17028
3398 25658
12484 17044
3303 6159
2078 17209
10872 17851
15493 26067
812 1589
5289 7881
16504 24499
12291 21829
13015 21506
3596 16934
6498 19583
11067 25621
2539 18300
12257 13368
271 27108
3589 23175
1780 6410
293 12308
3065 13562
7700 23729
849 20431
17713 17920
3730 3773
1278 24482
568 17351
8285 18736
7030 26034
2642 21326
8886 14995
23300 26331
2088 4856
8022 13305
22026 22954
10444 18669
1322 16829
8054 12689
12672 27034
2580 18752
22558 24589
9788 12779
17599 27646
21154 27292
15951 17076
17133 20635
11727 24637
14777 22008
3241 23242
8733 12656
16114 19014
9553 11335
865 6355
10083 18581
5351 20197
8595 16766
369 12726
6516 16021
1689 27313
1106 4087
5959 22527
1852 25560
2212 8936
3438 21296
847 21663
12954 27864
14713 18732
3942 16490
12616 24238
1460 8836
10496 14203
2412 4459
8756 18876
3753 27788
15493 26338
23633 24032
5971 12343
17931 28150
1140 13596
1800 2671
4047 9422
14359 22968
6198 27034
20586 22322
22456 23108
9380 17286
5569 14996
2491 17763
26329 28203
4133 22463
4519 27986
11786 18252
10490 11047
7630 25433
1996 23937
4218 24752
3484 6127
8036 15705
1688 21563
16983 18308
21272 25403
9174 17233
3059 26074
15267 23705
6478 15073
6489 27271
4115 13893
21080 24565
1590 12731
812 25663
8163 12708
1023 8689
700 18963
12612 14407
5286 8669
8269 9838
6732 9734
929 4797
5904 13564
12941 13175
1568 9776
5403 27274
3353 25094
3970 5166
495 9215
6496 25978
11340 12402
16682 21326
3024 25364
9557 17048
4996 5043
3354 8770
12489 22819
1851 9441
16045 18958
4918 18216
967 1358
9782 14038
6961 8589
8467 19601
4123 12581
2029 12066
1318 11497
10381 28167
17529 25382
13253 17538
21213 28048
8434 11145
10767 21810
2880 3733
81 87
7561 23257
8715 19758
10517 25513
2144 28013
7286 12139
764 3894
2805 21831
4674 19442
10956 19289
2677 17072
8627 25043
5041 28196
2991 14513
9978 17100
22078 23619
1068 26640
5320 21671
7361 15829
790 26735
22112 22479
7158 21835
5057 17757
9438 22429
9590 27117
10251 27872
8785 19601
278 6078
4110 24591
1228 19500
19967 20310
3885 11080
7201 27708
17414 19916
5546 27161
12837 20770
448 3101
14194 25173
8318 11997
18387 23738
23863 27640
2441 11756
786 12424
13024 24095
12357 12541
2882 20258
7136 25142
4671 9165
400 14111
14088 24283
7699 26812
5327 17220
788 808
19123 23274
660 17805
15808 18947
6215 22592
9782 21205
14110 14948
17731 26887
4216 10654
9686 25405
349 25598
3788 13681
2272 12587
9144 21327
18390 24306
16953 19627
7020 7626
4328 24601
2191 23143
9553 10352
10531 24720
3179 7737
25175 26115
16640 25915
9250 25272
5915 16478
5274 22421
1230 27060
10076 18588
2246 7330
15660 20526
19460 24861
2424 14309
18065 26085
7258 19200
8426 22630
3141 28211
12256 17924
6003 14136
837 8751
13265 17189
20758 27655
10517 14564
5309 21028
12228 19982
7360 21798
15883 18745
9265 18414
99 10304
1253 11262
4162 24779
1923 2075
17903 27037
22430 26443
17757 21182
12546 18019
9038 12040
10023 22865
16772 19852
5956 7703
9432 11783
20519 21867
4666 26880
12124 20159
3163 14055
14411 25397
4263 12725
15520 25157
11411 27715
635 17057
10885 18366
1058 14865
17373 25710
7050 12874
13492 22453
13121 26838
16077 26336
26116 26358
16626 17696
1851 15637
3682 4581
2024 8248
2208 7758
341 14796
3599 13222
4010 14878
19033 25306
8814 20611
13545 27822
25443 26784
949 13279
256 11443
5289 25439
5943 24406
20558 23628
10054 21242
9281 11251
2379 6152
4107 13595
2004 20354
9165 26374
17093 23304
13917 27719
7644 24610
22334 22860
7667 24617
14183 20746
1105 10407
12999 25371
10956 11993
1223 17446
21849 23415
396 23492
5564 16337
2245 5328
12002 23074
1908 24513
14901 21126
8810 19655
22323 22650
10425 16986
21094 21638
13772 27352
15094 25754
9696 23396
9782 10114
799 27355
9737 19362
1508 24947
7003 9702
10855 16467
3488 28158
5596 11912
6848 24122
8048 11627
140 15741
12976 23214
3259 8175
4276 24148
4167 24904
27768 27823
1429 4853
14033 18366
5767 9590
533 20334
18784 25459
4216 21116
8356 11614
17686 21809
14719 23324
4121 20096
9127 16043
11550 14430
2667 22553
4290 7518
5799 21263
3377 11546
3853 17322
759 16888
18034 25425
6633 9563
4755 22151
6284 24463
12275 21060
7881 10463
8169 9528
1713 7471
12081 19244
5031 24095
9165 11870
11369 23550
16600 19226
4180 11240
3178 26734
16535 27888
7610 13193
9231 25451
7137 12010
5201 16386
9308 12371
7205 17906
23441 27700
24326 26969
3743 5821
10899 18824
4787 22288
9223 14443
10692 23626
7331 19100
25634 26927
4442 9572
13364 21887
19289 27412
12612 19139
8961 25598
12082 14961
877 11431
12581 24716
1462 22310
569 11375
669 24208
23608 24904
5458 22138
4971 17548
8274 18873
17838 27872
7162 22889
11168 15512
10087 25068
13328 15074
17071 17259
16276 16977
4617 10753
18963 24235
571 11228
9006 17911
6151 11292
10309 16428
22532 26217
3292 7626
15836 19593
4967 21815
15575 18724
824 25978
13362 24477
5565 20098
4182 17982
7692 23385
18359 27567
3420 6711
9226 26665
8160 12994
5731 11904
20667 26753
705 16584
2004 24169
6876 16958
2664 12679
16804 26753
3963 23836
4693 28214
8878 11674
3283 19229
7472 27194
13599 20940
11543 24663
3841 20219
10974 23983
4096 10188
518 11113
2179 3634
8614 25849
9408 21077
1078 23177
15376 18507
9293 14331
4159 14037
11648 16987
12183 24671
4316 6349
3169 7740
4168 23423
13796 21310
5547 13469
24928 28158
824 24927
18145 25080
10673 19752
7289 24939
20388 27161
4207 15018
20254 28224
5481 28131
1900 16905
7668 14589
12521 24182
1216 26137
15022 21053
9683 23422
18942 24061
20667 24104
8175 17284
1615 20144
8533 20502
6026 11310
2245 4849
6914 21416
448 14872
2423 15629
7881 12155
10287 24675
2288 8413
10061 15401
11674 14988
17485 18210
6301 24412
19373 20775
2243 15472
16276 24127
17067 27173
16953 18070
7141 9410
7656 24872
10877 23520
7354 22446
10490 19998
11397 26721
22043 22178
5839 21729
340 16400
15038 21663
15146 27257
4626 15229
10508 24823
4802 10091
4144 11499
10935 13266
11873 17060
15911 25059
7543 10033
478 1970
1404 13810
18591 24127
21074 24211
18473 22293
7830 15728
16090 18921
23762 26737
129 18524
11255 25039
19788 27857
16659 17527
18221 28087
26363 26461
7758 21159
1364 21984
12397 15705
3415 23251
8191 10156
7127 15493
7982 23914
14545 24095
1944 7002
9367 15220
6911 23388
17412 18164
4618 12892
7375 17530
3306 18557
10845 15939
8381 24706
341 27986
12319 24809
7302 11484
5217 8427
5198 11703
13243 20116
16910 22331
8972 12649
7007 13574
4379 12918
5832 6670
441 12235
11988 12229
14941 23340
10379 18678
1851 15749
9616 19230
15161 20922
18963 21427
1841 25181
6994 14976
10061 24608
11562 25422
12084 18667
12356 21185
7241 14996
6515 16627
7707 24843
15493 19829
23033 25081
4798 11579
2491 14665
7756 14961
13646 24526
18156 23430
12020 21423
1254 1470
2203 9193
12228 15916
9060 11632
11261 26051
3927 11038
4257 6546
10248 26754
13579 28076
10413 10699
8924 17789
8785 20245
6289 19566
1878 27579
3053 13073
8734 23343
7426 25080
3598 16964
234 19827
2966 21006
14380 22498
21798 25025
3168 23433
7626 24240
20875 25666
3161 23062
10123 18957
1027 4562
9924 23655
6753 12804
14943 18457
4521 20668
2058 20448
867 1040
2596 13967
2270 18014
4361 20553
5170 14500
19890 27028
10027 24656
17437 24904
16641 18093
13150 14304
1296 3927
6595 7820
10114 16175
19732 25472
4718 21113
10127 28136
9362 25058
11344 11953
6703 20572
18793 19459
1609 27821
5794 12260
5943 7835
24367 27867
1937 6879
9432 13977
5433 17535
1831 25059
7963 16241
22256 26946
11106 25550
1955 11424
10559 10767
18529 26909
10388 14831
5383 11121
8082 14994
8952 12612
12681 18995
7707 25161
396 5907
4258 14393
9710 19772
17222 19347
19025 25730
12836 26237
14090 26060
3141 16314
11816 24955
11261 22947
1142 16557
9479 25035
9795 23272
5100 8308
8338 25433
5984 22046
943 5351
11816 19137
6156 20856
3197 17593
20885 27004
8867 27833
3428 13998
6009 9901
17379 27974
11065 17176
18879 23094
9847 17040
11796 22030
3872 14728
891 6015
186 749
1015 24280
10957 26977
510 5079
6876 14933
17383 20109
12512 20701
2189 9250
5403 22379
7205 12800
12017 24055
15808 19042
429 16527
15404 27990
1349 10189
2918 19059
2255 10563
14554 23168
6484 23012
6495 24567
11553 26808
5483 19632
2063 8049
18713 27827
1884 7855
17196 23141
25944 26265
15497 27607
4274 14559
5826 11734
7277 23566
3321 11315
16758 28044
8342 9497
26104 26698
3625 14778
14189 22047
7420 8254
4946 20747
9341 9758
15530 24456
31 27099
15136 23816
911 1232
20355 27208
12415 26657
20758 24127
26458 27306
24905 26200
7380 13929
6550 8498
2729 28270
3585 9822
1788 18456
1879 20115
14783 22947
7414 9226
1033 22404
5339 9502
891 7442
7664 23910
15657 22561
23822 26176
12551 23830
15766 23913
14959 18547
7985 27042
734 15216
4962 21279
4562 21470
3750 25012
9462 14409
15233 19184
14492 16872
7523 15741
4314 24600
18947 25204
7464 21112
21446 23015
9093 19536
6868 7210
9535 17519
11284 20198
1239 1399
2671 18554
3466 4568
2210 6103
13751 26098
2527 15401
421 4373
16036 22729
7841 11710
11809 19992
6990 8177
5691 13065
17718 20290
13257 25409
1414 3639
10956 20664
5907 20054
17531 22523
1966 16314
1738 2368
11862 27407
4725 16769
5283 14555
262 2530
19059 26739
5719 17056
2942 16450
3673 17838
13168 15064
9399 11282
9126 9556
21879 27906
11552 24687
12346 20498
11970 27228
10054 18575
441 26363
18832 21737
6734 25388
1985 24842
3140 25317
17097 20583
12443 14809
14016 16794
4914 24528
1622 10943
3735 22485
8865 10856
1116 15544
18862 18959
2373 22804
16148 21315
14010 21564
16550 27309
19712 24677
1531 16878
4244 18373
1722 25595
15660 27066
3592 19995
18172 21118
4579 18359
2260 13845
24412 24613
5539 10055
7977 18086
17114 18591
15369 23525
88 18324
3528 26613
8786 24841
8371 26739
14326 24836
16276 21941
22531 22901
7167 23885
10265 14777
1428 21026
484 14473
814 15743
344 9285
13170 20224
974 1198
9585 12967
2348 4309
2518 25454
394 9481
6609 21789
7241 17233
24422 25443
18280 20558
3244 12437
6135 22265
3545 24082
11432 27428
20758 23143
10497 24899
10612 12218
4849 20797
15791 21139
18029 19503
9001 17338
10792 11993
9795 10457
4534 24684
22182 24490
84 9736
7550 21312
8406 24828
15843 22605
12210 16362
9621 11113
18050 26663
14055 14474
4181 25504
26340 26413
7919 17506
19945 20159
8895 10854
11148 11704
19275 25276
23331 26889
10042 17076
11450 26829
5831 14736
7736 21835
23929 25174
6382 7423
4072 13264
19733 27499
17524 18959
7944 12564
22770 26983
9683 15457
6533 10496
3606 19948
10823 15906
2744 15401
13402 23260
25543 28008
108 24649
12709 17560
15131 19079
18466 21459
4918 27746
4292 8837
515 6999
6965 12873
3126 4053
4091 17507
6946 22556
19373 25329
4289 16976
9330 24867
1271 2015
6674 24999
16228 22749
1587 7709
12282 13741
7353 14758
8781 12818
2324 16496
7971 14828
1454 22090
16452 18826
22518 22900
1162 22167
23285 24828
13029 27027
14710 18419
18591 21950
10876 25693
14082 20235
5657 27758
10874 24799
5904 12493
20857 26495
1308 4894
7252 17280
3902 17137
4949 20585
1449 11149
3511 23767
8402 16850
10967 17961
12651 24448
4599 9176
8160 23647
9746 14178
15027 26027
1209 4595
4320 24122
113 17952
1188 21593
21826 24384
4948 23773
10951 16814
9214 22406
4043 4826
6838 16170
15938 24108
6004 11791
9878 13443
17010 20871
8456 25272
18333 25323
22162 22888
17185 17415
17687 20065
896 4924
9496 12725
9589 26819
1188 12341
2438 6994
19714 25120
18772 23043
3152 8596
23779 26698
8192 9641
21955 24393
6881 22246
19023 20448
11193 13343
25666 25839
16131 23564
1609 7505
749 3156
4676 18682
2764 23060
11599 26518
1652 19033
9454 18577
14971 27995
1432 9907
13203 13250
8931 22012
1880 27638
15220 24897
6860 10767
21740 24180
14588 20816
5180 8793
1871 2087
2061 17341
11030 23269
5486 13609
5917 16954
6994 20288
2508 22754
7213 10954
23141 23963
15178 26081
5371 23912
9893 24874
9610 22515
10757 14554
5961 20640
10214 27316
1936 6269
10050 18581
294 17787
3970 18491
1545 4399
15225 18867
18938 25052
8603 12796
25016 25868
4201 22729
6879 25666
17733 19938
10956 19121
3435 14907
7398 27924
24551 26882
27067 27599
25786 26361
6051 23391
3287 5302
3436 24269
15188 25487
14920 21139
9367 17963
12570 17760
17150 18994
4287 22787
1741 24346
12979 24179
7604 28268
4180 24326
2973 13732
2650 26293
19438 22172
641 11080
161 10559
8160 18850
3904 5752
10146 26147
23963 27034
7590 23658
11368 16338
7205 24465
16032 18843
6808 27719
11484 19650
6859 21910
7166 25443
14520 18061
10629 23970
1934 23359
2859 11451
10166 12424
1343 5198
6674 19502
2010 4624
13892 16322
3481 11780
6947 21733
13077 14186
3025 20689
15665 19848
20409 27868
9953 21802
6674 11807
12576 21981
11059 16012
12495 18533
6280 16038
12090 12244
7360 11804
4778 22598
2324 4460
2672 22255
9962 11237
3779 25344
18617 20320
26620 27508
8452 15871
7388 17832
13347 19192
14672 21196
664 14724
10208 17370
3769 7108
7660 16980
7387 25067
1633 18457
327 20615
16289 18678
15916 16184
16676 23218
3935 19714
16979 16984
242 1349
12666 18963
8864 19913
22617 25117
5370 25221
11100 11152
10535 26971
15068 21077
9782 17819
1416 18379
8806 20558
9642 28008
2270 20067
18911 23525
10449 19313
5284 24104
23287 24811
6242 12882
514 24095
1955 4535
7881 28163
18577 26197
1830 18793
967 20424
7329 28127
9288 14555
10845 26183
1747 18520
14969 19861
1105 20813
2596 4035
17851 23251
11025 16152
23044 24630
15749 26913
630 20929
22787 22909
17135 19001
2209 6800
2304 2308
7442 12864
15642 17541
16315 25735
4662 23187
21652 27020
9631 18034
11005 11128
7023 12110
4717 19375
15620 20053
8858 12465
2467 15691
3406 19783
18046 19960
8898 27698
10093 21904
5007 21026
4445 16509
4236 26908
16156 17990
12763 14834
10159 11417
25825 25904
3890 19061
14464 22761
8182 15376
12491 16300
16917 20112
7297 24405
382 19566
2230 3275
7003 26546
14368 17965
15791 24005
7332 22966
1379 4265
4197 11950
4891 9800
9750 23799
5734 8463
12462 15090
10971 12099
3063 26133
18568 23376
11789 20811
137 6745
15717 20683
9896 26544
3810 7205
1889 18467
9082 11718
18822 25288
1871 13688
7277 18063
13291 15723
7957 26234
6954 7185
8841 17423
1140 17938
2702 25551
12399 15676
485 14024
515 28158
3489 8924
9033 10428
10416 24224
1507 2407
15505 24500
24733 25452
15756 22201
13093 18745
21279 22441
13111 13291
16900 23525
102 16665
494 15437
1085 1579
48 882
16044 24863
6857 14321
20765 26452
867 19827
5747 7419
18575 20956
13294 23392
1335 4646
19247 22295
8679 25402
4165 20001
17977 25945
14592 22312
12792 15682
22216 22907
962 8929
6329 22474
309 16141
12805 14791
3467 6737
1613 6155
1920 11100
12830 23098
10711 18646
9322 22255
16699 25975
11580 12991
4202 22567
5834 6097
10255 16594
9590 14104
23119 27719
11953 22539
24937 26105
13871 15757
12137 24061
3162 7387
3777 11608
3900 16679
1640 6702
10787 24690
3624 20395
12750 23182
20041 27329
2381 18300
20288 25987
2270 2767
525 20952
3682 12128
15497 19627
5578 24789
25525 26148
11971 15853
12040 18054
348 3955
10300 27374
22687 26917
1628 9590
12402 18061
6745 20836
11025 19105
23100 23214
18824 22981
16928 24539
17643 23346
6204 22416
5080 7768
531 8040
14547 17771
7047 8361
10479 26578
31 19445
14551 25329
12307 16356
2098 17860
18411 26273
22847 26786
1851 7428
1784 3753
5722 22038
19894 24737
8500 20393
1833 5373
2785 18641
5354 19382
11859 18669
2767 7835
1713 21123
8355 21275
10935 17530
5167 8898
3098 23392
6669 9687
3885 24422
7073 25214
8908 21094
1996 4642
3160 9638
14549 23352
17755 26539
2945 23265
19817 25146
828 9905
11916 26799
10346 20160
15855 20078
16311 23608
1543 3712
2744 8437
2018 17662
20046 25451
19817 22712
1983 12062
3932 21573
7976 8348
9008 19611
13253 24928
9683 25036
11777 16598
9210 20359
3162 22409
13055 25454
6913 9141
7073 17097
7481 8952
3551 25626
1457 26025
21436 25882
7432 25306
2110 3873
17526 20339
13168 26069
2711 15059
15011 15213
3728 7199
9214 16073
12940 17782
1139 28162
16201 23108
18625 27433
19566 24415
12057 28250
4859 24719
569 2646
5235 8669
3967 14105
5126 15995
10569 22897
7624 25414
9236 21491
7401 7827
8272 11080
106 3349
4391 26342
13233 17332
2247 26077
8151 26095
19159 22884
19143 26968
7836 9252
23300 27821
2785 14039
2651 24507
10230 21001
903 27990
14029 26596
12939 18138
723 23322
3835 7107
5516 20747
10536 16991
1925 12061
3062 27730
577 7207
14383 23567
11100 28156
12210 15620
4073 6749
3532 24675
23874 27599
14012 20417
6042 26785
8048 26706
8201 9302
5010 16953
3763 14233
3726 13186
1672 27867
10189 12462
6425 25849
3825 7505
8278 16255
4218 27499
4885 24774
5348 17746
7960 16914
2456 14162
17510 25838
3039 11785
18708 22989
1496 21452
3609 24552
7270 16152
5710 9949
1510 7173
1188 9816
16307 21887
1896 15233
8616 18205
11825 12055
7255 18190
15429 27269
2637 19744
4321 13721
3745 8515
8579 14997
16136 16986
17263 26554
1258 25209
5012 22157
16912 25291
1622 20332
9105 27032
22160 23193
1258 17246
11079 15036
1068 20312
16259 20195
1348 18516
17958 21028
6177 23892
14618 26758
23400 26657
19590 25749
13721 18717
5803 23079
12224 26017
23590 26659
545 25904
12369 24776
3388 12508
5744 22459
1138 2214
3098 17818
11518 22384
5198 20144
7229 23403
1180 2344
10116 17630
17112 23771
641 16477
16197 23318
13470 13478
6968 9080
5511 23829
5722 5894
5941 23455
14755 23188
8034 26115
8802 11696
4573 11161
8256 11540
2250 9574
10849 20245
9022 16515
16040 17717
2128 9042
10678 15032
20809 25647
14964 18864
22452 22972
19304 19952
568 13367
10943 22292
4293 14463
5702 14743
11226 13763
8924 14771
595 2003
9696 27035
7060 12959
15561 24161
16855 19753
17636 22642
12073 21727
14232 19748
7975 20743
12742 13422
2270 9549
5418 15343
5754 15555
4151 10384
11809 17019
5412 23638
2414 15216
4033 25578
21166 25154
326 4216
4972 14995
16955 25306
3877 12717
1133 17241
2311 5497
17057 19793
7263 23226
341 9583
10432 19331
63 8044
5112 26102
986 7130
4312 6378
12837 18647
1056 17442
14572 27671
18369 27878
237 17379
1249 4563
6888 11080
20067 20643
2087 15996
6221 7185
10082 25504
1171 21990
3957 8841
4346 23007
22619 24326
3885 14080
19639 26074
13561 18274
5398 11079
9795 14228
3635 5438
18921 23154
356 23318
15142 21697
10200 16312
5359 23655
2882 22048
11250 19806
24825 27810
7092 27536
17245 18811
22180 24360
9296 17804
2526 12852
3851 14525
19952 20288
11179 13016
15659 17914
7548 23239
3858 7635
2937 24325
16243 24998
17867 21406
8239 14150
6787 7160
17893 20024
334 13038
7236 15271
15637 22066
12217 12417
20930 25809
107 14104
8746 12397
17035 26690
1015 5984
1973 18012
11789 22518
20547 25433
5043 26691
3687 18910
1139 1483
45 25992
10080 26112
16403 27781
8690 24242
14745 24272
1180 16974
13106 23408
12121 21228
14672 18050
11975 24205
4580 5262
10553 16947
7218 11082
9310 14317
448 15560
18626 27013
10714 20887
6843 20826
5989 6914
396 18924
14136 14306
3374 21178
2200 9038
10618 17583
1783 10970
2522 8326
12783 26574
21616 24600
10405 20319
3173 5232
14687 17189
4489 23106
9792 13042
10585 18051
7531 24563
20878 25403
6158 13108
615 1724
23278 28060
7560 14173
10606 14634
8717 16819
15832 16501
9466 18136
9786 20875
15727 16754
5166 7031
15541 23015
15371 23307
213 6547
26284 26915
2584 22485
12534 14480
2830 8388
21987 27191
11953 27129
11484 24619
13028 19271
748 24436
6994 18645
229 5961
18605 24131
11368 19982
13332 15492
485 22425
6832 21079
10033 21642
9549 25484
18107 25410
12506 13677
1732 4192
24711 26747
3141 12244
24136 25443
11304 17534
23455 24148
7689 17527
4101 24138
10612 15442
9654 26261
12536 20888
3102 21637
1138 15899
3901 14390
5393 8385
427 26765
5587 27677
10216 21545
12679 16927
17355 27688
3946 14969
4242 24467
10179 22130
13471 22236
2157 19236
7521 18218
1765 24053
17757 19425
16018 17664
161 12196
7950 25735
10215 12404
25481 27407
14464 18403
5061 10490
300 3366
8020 10671
2592 11905
20162 20664
13330 25134
7985 12244
837 23902
9962 11055
4696 19250
17898 23644
7596 17851
18651 20904
18019 28127
11369 22322
16262 24774
11181 17131
2368 7290
14409 26709
20122 25445
8524 10941
1319 10318
19579 26261
2311 7984
5197 23392
2170 11251
1954 6495
16243 25044
487 1672
7447 12223
7590 27727
7419 14287
15155 15690
481 22784
8730 23789
13534 20959
5385 20182
8995 15251
18926 27049
2496 24379
1804 6862
7414 9837
15442 20849
7721 18693
15136 15213
4096 23885
15638 17203
229 16155
9725 25405
2587 4740
11969 15309
2392 7683
11809 20594
2927 22687
6675 19711
7567 27085
3384 15657
4827 4944
12598 16676
13888 26879
15875 25197
17044 20145
24298 25353
18505 21887
190 25638
15749 22538
4546 7016
22882 24806
15457 23993
1532 19482
5660 23369
12693 15672
4080 27938
7915 16369
1417 6790
4705 24799
14167 18320
10350 22881
12377 25732
24057 25853
3942 16094
10898 22873
993 19683
2206 2496
17359 20703
3448 28193
4807 7922
3589 9358
6772 10797
17460 27136
2986 18498
1628 20477
15765 21915
1360 10990
11831 22882
6972 18521
1254 24549
3667 22931
5296 9487
6603 13355
14865 17791
9264 19275
2500 4101
8846 17847
3712 16362
4165 18717
2396 23610
24659 27574
7281 11926
2535 15610
14519 17109
3738 22025
3320 4557
8801 21446
24358 28027
7114 22425
5023 16509
3892 15920
19856 25417
19735 24965
660 12907
6796 13978
1411 24127
17211 23066
18415 21859
10608 12981
828 17263
1575 25276
10683 20378
5347 17888
10350 11880
1533 18409
5225 9032
7732 15759
805 11292
9053 15650
17944 27190
3488 24374
7523 23437
782 16187
7804 20016
19601 22871
10050 13682
20657 21446
5722 16386
19262 22688
13683 25157
797 25699
2635 24028
1308 13865
2189 12427
2929 10799
4192 22224
10325 21499
10301 19216
296 19008
852 20883
3727 15714
7497 22392
15428 26437
7600 23298
1504 5300
21202 24165
4198 19699
3146 27846
15052 20737
2719 3539
9611 23267
7523 15410
23310 24065
5440 18784
9422 12655
3609 12792
4573 26798
23279 27119
411 16748
13991 25735
1142 14479
11295 14564
5989 18216
11166 25894
3472 5017
11311 19819
6380 8586
1609 25368
1132 15173
15683 22675
5968 10854
7601 27648
9905 26503
1429 15419
6424 22409
5297 23731
11505 17677
13887 20355
4275 7513
4113 6436
9903 18425
1242 7522
6017 7114
13116 17019
8775 16850
1713 24843
4269 13275
2802 10639
11349 11445
5895 10228
2971 26786
6117 20538
1651 4705
12040 21292
9120 14772
1246 11093
2543 2769
7030 16604
5989 19570
6355 26473
6488 16373
1195 2308
93 16756
16788 22416
14879 17146
8491 22700
18988 22382
3561 28118
8155 18906
8792 8875
1686 18386
13996 27970
8345 19281
22471 27055
3050 7900
11181 12259
17129 27611
7930 21214
6127 17416
2592 9185
6666 23152
8646 21320
334 15402
12920 24444
5288 5343
21010 23102
5984 9215
154 14954
8905 12076
13286 19140
2881 22809
9884 25251
9268 11082
5748 18649
19699 20160
7950 17787
13809 18384
11484 11538
7311 18784
3996 16663
4729 18626
6254 26631
16437 17288
11044 15428
1408 14111
850 20391
1714 5978
17823 18813
2447 20045
15622 16556
4522 20831
10008 27865
12589 21638
4612 11943
10889 24594
1178 2139
546 27373
341 25986
15332 22687
2452 18738
3154 26184
24373 27278
7100 25962
19273 22256
5206 25612
9575 21118
16951 23647
7390 18452
600 17071
21029 21278
11444 19548
9420 20846
939 23472
3634 3808
20724 21473
22814 27978
11504 27004
6727 24996
15271 20592
898 20292
7675 25271
4650 15617
3440 3585
6835 11667
2326 9174
13355 20742
20583 22485
14657 25991
4309 27294
1331 25710
23937 25825
17249 24211
13619 17449
13211 25751
8669 14183
8057 12369
126 13483
16916 26107
5756 25468
12356 21647
21291 24627
14664 17731
17469 19891
18019 25329
1023 15722
8049 16016
1358 11246
199 18658
5598 27743
5590 19580
1070 18233
8113 19429
15963 26523
1852 2303
1497 9871
10709 25902
19184 21498
5886 21187
7423 16214
6793 16770
17563 17870
3102 18369
4938 11311
17894 28142
3129 5782
22216 22551
1560 15617
7176 10935
396 10863
6905 17028
15766 25094
18918 24867
505 6221
9251 12526
18218 22453
8801 16284
5084 26110
588 21431
9804 10434
21443 27598
3231 17564
14245 22496
2748 17076
7458 20939
8924 18745
13535 15072
9553 17263
16353 24681
16589 18824
966 27274
17336 21207
9923 22634
2475 27181
2311 7896
5485 24967
10390 19375
1959 11080
3120 11300
10391 15687
6940 22340
1213 7814
21545 23926
17048 18286
3585 23527
4700 17313
14463 18704
1900 15216
301 24412
8106 8871
12096 15583
2061 7698
3489 8172
13422 23330
15426 21963
5387 24453
5702 7420
6129 16367
4123 9989
9799 23537
1978 19061
22021 23094
15867 19139
1015 6533
12309 22897
9716 24374
16677 23863
14694 28143
1499 9578
6633 19086
12399 26503
9043 12412
12460 21200
428 14130
2832 16371
20758 25299
3739 26253
14041 25219
2873 9051
7987 18020
13127 19734
17967 18919
16951 19720
9963 20159
5003 10600
4090 16105
13170 16504
7950 7987
23167 27569
1124 11954
8803 9214
20226 24693
13519 24076
9465 15376
7103 8032
8481 12479
1209 13114
1607 24248
18773 21831
16201 22001
3192 17236
7491 14348
6832 18166
14088 19835
25428 25813
9944 21233
22492 24285
6968 7625
6211 22515
11719 21436
4586 25962
13097 19792
867 10767
3634 8380
10527 16511
23661 24377
4035 11311
4532 27702
14383 25956
19290 26236
2067 10416
4806 14227
3203 9737
5699 13133
2518 4711
8435 19886
4789 11992
6860 20049
26180 28162
5815 18533
24572 25617
12363 18002
19096 23932
24197 25760
1019 11080
3041 11237
17283 26643
1451 25338
22387 25839
12708 19475
20081 26053
609 12721
11221 12979
12956 17263
14001 25304
12049 14306
14968 19037
11207 20831
4253 11674
7209 11389
13063 18461
16976 20394
15251 27234
2289 9423
3378 7956
5105 15385
9196 22814
21386 26885
3846 19748
3802 21473
6972 11409
7610 9846
17851 27646
12162 20366
18155 23379
5576 11014
497 17785
12169 17374
4623 18973
766 13201
802 26383
13373 15603
7713 8723
12244 23342
12029 13681
9147 27074
151 21769
17524 18541
6573 19538
359 17457
6668 14010
4224 15427
1068 18588
23437 27221
18688 19053
12402 12479
8160 18114
22112 25953
1459 16969
811 26807
1112 25610
7780 16957
11960 16263
21084 22421
1956 27229
918 4731
9504 18790
5055 6533
5284 8907
7111 9905
5328 25343
13550 25593
11789 22900
17115 23085
10042 20384
8085 9623
16369 24326
5266 21491
11592 22048
7861 22344
2364 7429
7987 23932
0 14145
454 9978
11521 26901
3882 8924
14540 16230
745 4065
16261 26598
1845 16453
11184 20615
7260 24240
7087 8790
9231 27898
19536 20109
18004 23714
825 23863
4021 23608
5007 5584
14555 26269
1234 19730
1684 5846
12576 20036
5275 13027
19030 26400
2485 21444
5257 26010
16296 20550
4507 17404
2067 10428
8970 17234
3727 10960
16953 27074
11694 22279
5155 8454
17593 20813
8455 24144
22379 24929
18409 22245
16246 17961
13215 15712
8811 14160
1509 19068
1 22581
20422 27350
12341 16386
3411 24515
1860 7002
19567 24294
6206 19829
6416 14839
8325 15211
11363 18108
10677 20137
7515 10151
21934 26755
15565 17792
15562 18679
22901 23553
9084 12672
132 12681
9851 13370
4419 7910
4621 16667
711 3700
134 19313
10698 10971
18541 22205
14257 18595
1756 7229
13168 16036
7526 13328
241 9105
3859 23608
8320 23214
175 7747
12855 17742
10425 16941
9371 20361
11055 26860
1975 26273
1606 15399
10323 13517
14178 23921
17399 18621
11463 19132
7469 7956
11539 21048
12754 22780
27651 27876
5117 5613
4671 15620
3238 19014
2351 17057
2654 23771
20232 21771
22699 26152
7753 12689
3997 19336
21673 25494
2031 27869
11164 19777
6238 6703
1555 21634
5522 17562
406 14758
12762 18078
4997 13091
6340 7443
11192 23767
6676 16040
3617 16766
1817 8108
2101 3948
26137 26831
3762 8001
15370 15441
3296 24593
705 17068
1364 4006
2314 16736
14952 23034
1232 12334
4649 23101
1538 3463
8746 26110
12945 24902
4550 8285
18533 18679
8810 11696
9098 14409
2372 5832
4519 20860
3882 6144
3872 17543
4705 13752
26846 27867
12593 12698
15292 28252
1086 14971
18318 20657
10428 13108
20724 22907
22794 23569
15216 19039
4523 17353
3507 27229
809 15003
2356 27520
7654 27459
16951 20522
4782 14571
17446 24069
20119 23693
3811 9710
15094 23939
10985 14340
11746 22627
15426 15442
12948 23500
4775 13021
16856 20831
10346 12884
6454 6625
8734 20149
11262 15402
797 6528
4509 5136
6616 25036
15011 27921
13527 24823
667 8285
7027 17992
7166 19819
9285 15022
5309 17543
12094 25451
7021 7555
2727 10961
4603 25329
12980 13918
910 11638
15480 22425
25555 28135
9715 13185
22202 24247
4038 5184
11337 15843
10874 13752
5338 11576
1228 9422
10630 25568
2329 20605
12696 27016
7205 16901
1218 5772
1797 2270
11659 24338
1400 17408
4981 24454
7847 24904
7552 11071
16914 27867
5464 15251
16835 23722
1878 25791
20797 26908
3729 28094
2106 24564
7473 15687
3592 19013
16177 18266
25919 27527
9127 19089
12178 22416
6127 14053
6465 10987
15727 21115
10286 16770
3745 27821
4141 9254
2363 24090
10905 25433
10080 13091
4365 6990
3428 23414
288 3708
9575 24056
14555 22625
8872 18115
6522 7703
6729 16428
4721 25226
11576 23392
1721 8437
2880 17509
5032 5962
2931 14140
6402 14464
14363 27087
9572 24104
4858 5105
14853 23472
6931 23553
8299 8977
7420 13165
11857 24391
4624 21189
1155 14971
5611 26542
443 4535
20067 26974
7110 12614
8507 9951
6123 19491
176 27606
3188 17787
6848 26340
15693 22948
7067 8829
7429 20998
16262 27993
3872 8802
11431 27867
16972 21163
6337 26030
15548 24344
4667 13907
8860 21491
4774 8096
9670 28195
14042 18478
1440 4639
867 13815
8955 13307
13195 21438
25004 27332
2415 3729
18320 18775
6865 22707
8568 13734
3793 12689
396 20479
2479 18455
2474 19941
23389 24906
8576 21175
20046 22271
24884 25525
7955 14370
5027 25638
8486 23901
341 4265
6867 20909
1382 12335
7185 20476
5711 5893
9860 15749
11107 20890
1840 23372
19768 27514
5373 16516
18690 27684
10006 17075
8364 23021
7647 10242
1773 7296
11182 24908
1516 8175
13535 13831
21881 25281
14851 18029
25491 27277
5996 14355
4573 18009
13414 14499
17561 18374
1440 2017
10637 17459
1659 16567
12657 18285
17214 17530
2096 7205
11261 15184
3329 4255
4789 24244
6250 14627
6222 10549
11655 17017
9465 20258
5678 16110
19086 27821
12483 14145
22381 27882
2888 19001
10483 23763
14635 25366
423 5549
5874 9961
857 21145
7350 13999
4872 18125
8340 9246
19269 27554
20634 23836
3970 23332
5196 6604
12479 24288
570 23671
3356 23910
12097 14431
2250 9956
15705 27158
5071 13782
3186 14234
4918 13721
6495 19576
22057 25514
17649 23510
16876 20789
3165 17615
3154 13235
10089 13451
12807 16536
14821 17832
18600 19491
5989 20758
2186 18050
16644 21883
5263 9226
10039 26603
3394 4075
17481 19896
3908 24099
15762 27395
9733 15130
10086 26676
24949 26863
19227 22855
14974 26798
11050 26265
17787 23932
3169 4822
14240 20901
5699 15561
9746 11327
4282 19275
11866 24591
1058 15363
7025 18686
1118 19471
10334 23431
10540 14837
21654 24472
7508 24384
15563 17374
2957 9563
949 20308
14517 22319
8467 16433
1275 21456
11576 22095
6261 15196
12822 16379
5449 17645
22322 23810
13358 19741
8396 13967
20314 21026
26604 26656
9495 25634
18225 28022
1851 16046
4857 16940
4650 10638
1200 1593
11276 24127
23698 26356
288 18706
5194 21118
14016 27989
4274 21798
3287 7497
1036 17200
21879 23372
1574 8924
20922 21182
7246 11006
6571 16073
9601 27068
12161 25981
16363 17597
13692 26094
27224 27699
7671 18640
8242 22390
7635 23803
3273 21651
7603 26542
16095 18988
18944 23083
7289 23600
15409 22420
11262 14257
10326 27064
5956 18720
9795 13564
3344 13167
4544 16470
2022 11281
485 23799
2120 13074
1936 8229
5186 20398
516 13663
16910 17472
3741 11602
4101 14995
13101 25617
6444 12944
2567 14738
6426 9214
9038 22229
10039 17019
2455 21835
1467 25494
797 16794
972 6362
1288 16036
4397 9035
11795 17545
15863 20439
3709 16866
11597 19005
13710 18816
14479 14651
13171 17593
14334 19286
6925 23395
1979 16694
5531 19566
2709 4185
1396 14598
8462 18717
9145 26114
25330 26953
21205 22008
2157 5123
3544 3944
13864 16284
14196 27514
9441 10284
16812 16820
5102 13649
12148 27666
16470 27326
10952 26265
3337 18419
13807 19140
10560 27129
11822 24053
18516 27052
19110 20390
3285 24169
4468 27193
2764 14037
12632 16286
175 13132
9234 22294
15711 27494
15920 27960
1138 12082
1917 23967
14479 24363
18643 21490
8565 18964
19723 26126
4597 23044
8148 25684
1775 14961
3220 18441
1391 5308
1959 20144
3974 19566
2907 22474
3389 27782
8086 8889
16736 24420
8872 27503
18541 19482
7979 21079
4596 26927
18160 27228
693 13405
616 7813
3015 6841
7845 14046
7118 16026
838 15709
16197 26193
11401 14025
2598 9590
18747 18981
9631 14309
5485 14840
16865 24608
21798 28156
7600 24444
22333 26676
16842 27702
208 21600
6076 18538
9074 23963
4005 22627
731 13264
13139 15894
2363 10778
9639 18082
5671 6426
15330 23408
10302 21730
20831 27423
5386 18014
2345 16141
18692 23732
16253 23214
24576 28061
867 14767
8005 17625
1371 9323
5386 27424
5198 16189
28 21771
3734 14024
9904 23159
11290 15567
1164 8172
9503 23812
9356 14713
6078 22048
12689 26764
5792 9498
25830 25855
1893 10749
8888 15133
626 5387
7360 10487
1814 24638
10974 16955
8817 27123
19199 21070
13765 22880
16616 22697
11916 12291
6824 16108
1294 2904
2547 10285
17594 19715
8935 17249
18411 19537
10532 11905
6442 13602
8835 16727
2130 26812
4827 16033
13776 17075
19952 27678
570 4516
7870 13307
28194 28246
3506 17094
6278 13739
8700 23513
8048 19576
1394 5782
4110 24098
26266 27579
15008 22416
4651 9234
6185 19253
5913 25962
3683 24942
14955 22012
22768 23518
13954 20654
9436 18743
7205 24127
1406 14396
6817 6894
2542 26147
4766 17526
19896 25967
18636 21989
3113 19584
667 14965
13454 13803
571 13429
16695 19755
5579 24509
2039 3226
16467 26450
5766 6562
1404 22651
9785 21746
15749 26396
929 13531
1085 8151
7743 15142
14317 14451
13574 16521
24003 25105
17692 22010
2005 14390
17695 24095
14767 24295
1105 25969
5905 11746
581 14355
6756 16162
7158 10476
13542 17421
18959 24589
21473 27819
6566 25987
20355 22416
16094 27837
22696 26463
1421 25309
17443 18287
9878 9903
11059 15724
16194 23257
21353 21945
6801 27756
25039 27514
19939 27934
8751 18823
21473 22939
24916 27734
4386 14436
25838 26654
15108 16136
18120 28024
22579 25114
4962 24127
20737 27495
13324 28200
6996 26704
1440 2954
3896 4938
12541 26381
6658 20355
14038 25646
3510 4987
7158 18603
5412 10590
1244 23979
12160 17857
1008 21387
4633 5694
6555 19865
14916 26262
5100 22941
2288 7073
967 1112
7804 15162
6860 27938
5978 16038
2737 7400
4904 13817
4515 23521
5660 16110
12209 18411
23296 24265
14539 23287
5579 11023
13789 18712
4312 9427
10296 14971
13208 27627
10484 14707
10488 19197
2363 15978
9526 27196
916 18250
406 24069
21981 23016
19123 22387
3821 11255
19692 24169
1147 25745
15184 25068
2645 18348
9631 18920
11534 27263
22251 24325
10039 13588
26848 28048
11484 19607
3927 16380
21770 23770
10584 18419
11306 27252
2787 15037
9683 16830
8470 16509
5989 20162
12152 22596
4087 26717
8787 26811
7881 23392
3793 27597
16341 22897
9080 12895
15661 26878
5042 5502
4253 6517
5832 17642
9014 17194
2667 5978
24248 27500
13947 18257
20963 25028
13363 13373
899 13980
11112 25923
23283 24921
3735 23052
10773 24823
13800 21171
5445 23390
22644 27087
13784 23811
9460 16865
18044 18875
1575 9264
22240 25121
7007 22575
7703 15697
14782 20159
9884 27257
3613 11224
25564 27799
9835 25710
11580 21987
22819 26273
1158 12073
4414 21201
14407 26728
21889 23573
1130 24759
6539 8692
19567 26493
18765 22983
2895 17598
18046 24371
5204 17491
865 7327
7013 17763
1339 21669
6251 8494
23619 24616
1505 18444
1622 10114
3723 3841
706 22494
12689 16193
8467 17250
17657 24280
21033 23607
1036 3933
867 25269
4006 22160
3910 16871
3235 4786
7878 27844
18950 21351
25306 26386
9699 23422
5017 23129
3406 14057
16296 22340
3059 17632
5472 19781
1800 24797
6800 24387
2447 22793
8284 27713
9252 28140
14436 22773
19837 20936
6072 8009
3457 8405
6842 21960
21929 23082
9018 17992
3329 11133
11580 11795
21587 24109
3585 8391
19223 26567
47 26283
23708 24422
19533 22897
1310 27265
10391 25626
6246 22392
5599 16677
7720 12156
23085 25956
1604 2986
1842 22021
13946 17032
4747 18267
4933 10446
18521 27464
7627 9685
3562 18982
1697 25488
10479 10844
10265 14423
485 21633
27676 27763
24904 24952
17097 24393
4896 23891
4532 24725
14215 17857
16957 19028
13437 14916
4767 23420
17016 26830
1899 11199
4063 22308
17235 20247
2301 17569
18564 21094
711 10391
1016 23579
17220 21548
3562 18908
9028 21283
18393 27445
13597 26688
9550 9653
396 16013
19154 26144
15236 20667
18945 25626
14912 23942
6689 8870
5528 8057
10369 11480
5030 8145
8003 19323
5485 16609
175 7950
22690 23330
8357 13847
14862 21762
19933 28208
9472 13988
7360 25960
11846 15620
1091 27722
6161 7509
20639 24373
2227 17801
6507 24762
17437 19893
12708 14445
2729 10154
2227 16599
6707 18781
9465 9590
3310 16193
9799 27795
2288 16905
5210 13396
12366 22299
6333 8382
17857 19243
17871 25105
17659 23107
20381 21556
3728 18323
21359 27756
6544 24219
4009 19240
4029 20737
12612 26728
11134 25287
4986 17485
25712 26874
8186 25006
19489 23179
17963 21269
8441 19806
5117 24934
4386 24379
19536 21094
16416 24232
8421 10465
7846 14697
18262 19273
12518 14566
6357 8001
15158 18305
12724 17728
9771 22113
3761 19442
12357 20579
2369 16493
5587 20891
8939 13507
21831 26910
626 8150
11809 23187
10517 25709
24132 26157
7373 25459
19494 24825
14033 21201
17779 20352
1787 21692
1379 13032
2862 7368
12031 15874
3093 8669
7843 23798
14598 14631
18336 24897
1188 8488
8294 8814
2361 28046
13093 22481
15391 15736
828 1015
13383 20849
16520 26089
13328 16241
8403 10654
4458 18455
188 10218
3206 19857
2087 12356
1181 23135
3140 15037
8816 19639
9590 16901
15090 20140
11254 16890
10114 16941
6246 8770
3878 12483
4061 25855
13864 24830
3449 4626
9683 26334
15836 22848
5368 17919
19378 27044
9235 26877
12778 26744
3825 5267
13044 15991
17531 20237
3257 10279
11630 20021
13135 28024
1758 24005
1429 9356
9314 27651
12253 26462
14393 19544
12860 19192
15690 16591
8041 21982
13155 25817
14043 18015
23696 26526
571 27334
19909 28116
22473 24681
812 23106
1978 4967
10312 24871
6315 9334
175 12257
7781 13622
17667 24638
14920 18920
3411 11795
9285 19008
5185 9933
12128 12298
3781 4886
9788 14604
624 25378
4424 13422
6190 14471
11117 14016
19294 21798
8295 14794
1477 6822
17331 24752
4519 15751
7529 9058
7312 19092
9180 10598
6972 18308
1980 8534
9869 12994
6262 24061
2053 7627
5994 26382
7791 25206
5600 11944
8856 18018
3779 9228
19445 26194
129 4418
6896 10548
7877 25468
16439 26397
6608 12444
7611 18036
4339 27087
18133 23249
9050 11724
18700 27197
11852 26978
9905 18775
479 1350
1037 1379
2322 17831
26143 27279
3410 15609
6735 19271
14465 24577
2344 22546
21075 25182
14911 27616
18784 22164
8784 24240
4819 24699
10800 24603
26177 27681
12423 27016
16245 19001
14728 20956
7512 17630
19280 26346
842 21804
16695 22006
3242 11071
14986 18752
1510 23294
16939 21320
10496 27398
3606 5850
4826 20714
21992 26664
15452 17168
1137 6290
12566 19033
259 13590
7323 12565
15840 20461
3990 20056
19033 22664
5317 24693
2244 22182
20258 20860
767 14720
1198 4169
9086 13681
9465 16311
10428 13125
13103 23773
4794 15766
1787 21515
15077 17415
9226 25903
21773 22393
7463 27758
22321 25525
22953 25555
2518 17169
23208 25981
2985 7469
9127 27273
4325 17692
19857 25652
6177 18045
1613 26514
2882 17162
15967 21798
4081 6196
5551 8304
16080 27990
13316 18648
2667 17446
7491 17616
8732 11216
56 25008
17911 17960
1529 28116
7375 15672
10990 24766
1761 24608
4965 10214
7804 17347
731 12275
7262 28116
1117 4498
21638 24104
8824 25306
12384 23062
1163 7116
175 23254
10132 12037
21296 27867
22068 27648
18425 27013
11880 23890
10995 14513
104 22399
1852 17507
2802 3788
7848 11657
4169 16686
2885 27797
6227 15654
1696 12164
6001 20033
20309 24503
8669 25725
15520 22449
5711 11294
1767 3354
20491 24539
14853 28182
18341 27510
488 9091
18660 26731
129 9557
18995 27329
24659 26134
20491 22390
1440 9220
6961 25205
22700 26565
12246 13443
7931 20914
15660 21507
4689 23946
23083 25698
15450 20775
20946 28217
20633 26727
6182 11971
6931 27766
15022 21633
17209 25092
2163 27952
11142 12805
3832 5632
1018 25432
17412 20219
9523 13872
3269 3903
8182 20205
11579 24444
1530 1607
137 25927
12260 22651
14632 23722
17530 20282
9524 12341
14085 23119
13600 23197
5445 21268
11340 15900
19242 23483
7670 12576
13311 20710
4192 24675
5600 21014
581 17165
4717 8511
15493 28223
19548 23254
2460 6946
629 1876
742 12810
20401 27949
7333 23118
2304 24082
8766 17963
18018 21438
2965 6355
3734 21970
1510 21637
12599 16847
865 12205
958 6981
473 1579
10805 22771
14599 17479
6437 24843
3063 6058
14971 20745
6576 7252
18715 20791
1105 11725
912 6042
12479 26026
14912 25960
18115 27503
12920 23952
14361 17892
911 6848
4379 18673
4050 28026
11207 11597
8437 24608
4954 25273
12183 28219
8898 11082
4041 26108
259 1635
18178 24288
4328 23679
9654 20436
369 14129
9011 16975
3548 28098
11191 21993
14167 19548
2436 27220
564 7025
10674 20503
3195 24267
14546 25272
11184 23579
3932 14174
2617 19669
5326 23799
16939 26674
15825 16766
5183 23574
5802 12945
15854 21399
649 3908
429 5190
18204 27819
557 8434
14247 23847
18297 18717
13377 16112
22427 25577
8794 14882
836 16922
24640 26969
11130 18310
8735 21813
1663 8680
2261 19347
13776 21377
15477 26413
15736 24395
2691 5882
7040 25306
358 16202
15877 23094
22520 25151
7323 12423
4406 21458
21707 27259
19409 22153
11058 18116
2748 13282
8388 15283
7386 19753
1158 15442
13373 20162
13091 20402
4543 17812
13753 18662
15190 21003
10436 22984
17848 19590
2270 25740
3410 18057
4831 21241
6818 14945
17872 23178
1349 13291
584 4845
12030 16602
12407 27459
40 10535
21813 25094
3807 19035
10740 13724
478 13459
4562 27458
2172 3700
441 5289
8268 25785
22441 24148
3575 4649
1736 12221
17252 22592
21470 28158
14953 25999
7410 24444
20417 24390
15376 27867
11700 13820
13909 26913
7512 11859
4031 15409
5623 15341
13836 17582
3789 26384
6426 24971
6315 8415
5983 10935
23606 26299
5691 8037
10305 24836
881 9113
7668 22857
6738 21840
9389 17717
9567 25329
4513 15996
4976 17060
10113 18627
245 5585
3420 14133
3760 27523
4334 16628
5016 26608
11 25459
21995 25109
11630 26958
13830 27183
9081 12725
4316 9050
8753 15564
23989 27544
609 7950
14971 17223
867 1791
13599 19886
3267 8657
1519 19941
17725 19661
9226 9465
11387 25505
680 14907
7381 14144
13327 19375
9614 18245
1772 16640
12410 14763
21934 24152
9803 14273
4049 4075
4136 26896
6042 16906
10926 26304
13222 15068
17310 24723
14294 18758
3578 11059
18824 23710
8421 27460
14345 15775
2870 9831
12331 24319
4991 9607
13374 20500
8879 16588
2157 25272
5296 27247
